answer_entropy,answer_stability,consensus,cumulative_output_tokens,future_answer_change,future_correctness_change,future_recovery,future_regression,invalid_extraction_rate,prefix,question_index,unique_answers,vote_margin
-0.0,1,1.0,275,0,0,0,0,0.0,1,0,1,1.0
-0.0,2,1.0,635,0,0,0,0,0.0,2,0,1,1.0
-0.0,3,1.0,992,0,0,0,0,0.0,3,0,1,1.0
-0.0,4,1.0,1281,0,0,0,0,0.0,4,0,1,1.0
-0.0,5,1.0,1568,0,0,0,0,0.0,5,0,1,1.0
-0.0,6,1.0,1893,0,0,0,0,0.0,6,0,1,1.0
-0.0,7,1.0,2164,0,0,0,0,0.0,7,0,1,1.0
-0.0,8,1.0,2410,0,0,0,0,0.0,8,0,1,1.0
-0.0,9,1.0,2736,0,0,0,0,0.0,9,0,1,1.0
-0.0,10,1.0,3035,0,0,0,0,0.0,10,0,1,1.0
-0.0,11,1.0,3311,0,0,0,0,0.0,11,0,1,1.0
-0.0,12,1.0,3565,0,0,0,0,0.0,12,0,1,1.0
-0.0,13,1.0,3918,0,0,0,0,0.0,13,0,1,1.0
-0.0,14,1.0,4260,0,0,0,0,0.0,14,0,1,1.0
-0.0,15,1.0,4636,0,0,0,0,0.0,15,0,1,1.0
-0.0,1,1.0,560,0,0,0,0,0.0,1,1,1,1.0
-0.0,2,1.0,1087,0,0,0,0,0.0,2,1,1,1.0
-0.0,3,1.0,1743,0,0,0,0,0.0,3,1,1,1.0
-0.0,4,1.0,2443,0,0,0,0,0.0,4,1,1,1.0
-0.0,5,1.0,3050,0,0,0,0,0.0,5,1,1,1.0
-0.0,6,1.0,3668,0,0,0,0,0.0,6,1,1,1.0
-0.0,7,1.0,4225,0,0,0,0,0.0,7,1,1,1.0
-0.0,8,1.0,4900,0,0,0,0,0.0,8,1,1,1.0
-0.0,9,1.0,5415,0,0,0,0,0.0,9,1,1,1.0
-0.0,10,1.0,6028,0,0,0,0,0.0,10,1,1,1.0
-0.0,11,1.0,6721,0,0,0,0,0.0,11,1,1,1.0
-0.0,12,1.0,7317,0,0,0,0,0.0,12,1,1,1.0
-0.0,13,1.0,7989,0,0,0,0,0.0,13,1,1,1.0
-0.0,14,1.0,8555,0,0,0,0,0.0,14,1,1,1.0
-0.0,15,1.0,9103,0,0,0,0,0.0,15,1,1,1.0
-0.0,1,1.0,520,0,0,0,0,0.0,1,2,1,1.0
-0.0,2,1.0,1038,0,0,0,0,0.0,2,2,1,1.0
-0.0,3,1.0,1543,0,0,0,0,0.0,3,2,1,1.0
-0.0,4,1.0,2026,0,0,0,0,0.0,4,2,1,1.0
-0.0,5,1.0,2514,0,0,0,0,0.0,5,2,1,1.0
-0.0,6,1.0,3006,0,0,0,0,0.0,6,2,1,1.0
-0.0,7,1.0,3498,0,0,0,0,0.0,7,2,1,1.0
-0.0,8,1.0,3968,0,0,0,0,0.0,8,2,1,1.0
-0.0,9,1.0,4498,0,0,0,0,0.0,9,2,1,1.0
-0.0,10,1.0,5013,0,0,0,0,0.0,10,2,1,1.0
-0.0,11,1.0,5501,0,0,0,0,0.0,11,2,1,1.0
-0.0,12,1.0,5974,0,0,0,0,0.0,12,2,1,1.0
-0.0,13,1.0,6452,0,0,0,0,0.0,13,2,1,1.0
-0.0,14,1.0,6945,0,0,0,0,0.0,14,2,1,1.0
-0.0,15,1.0,7434,0,0,0,0,0.0,15,2,1,1.0
-0.0,1,1.0,433,0,0,0,0,0.0,1,3,1,1.0
-0.0,2,1.0,919,0,0,0,0,0.0,2,3,1,1.0
-0.0,3,1.0,1379,0,0,0,0,0.0,3,3,1,1.0
-0.0,4,1.0,1845,0,0,0,0,0.0,4,3,1,1.0
-0.0,5,1.0,2304,0,0,0,0,0.0,5,3,1,1.0
-0.0,6,1.0,2777,0,0,0,0,0.0,6,3,1,1.0
-0.0,7,1.0,3230,0,0,0,0,0.0,7,3,1,1.0
-0.0,8,1.0,3767,0,0,0,0,0.0,8,3,1,1.0
-0.0,9,1.0,4230,0,0,0,0,0.0,9,3,1,1.0
-0.0,10,1.0,4794,0,0,0,0,0.0,10,3,1,1.0
-0.0,11,1.0,5346,0,0,0,0,0.0,11,3,1,1.0
-0.0,12,1.0,5859,0,0,0,0,0.0,12,3,1,1.0
-0.0,13,1.0,6336,0,0,0,0,0.0,13,3,1,1.0
-0.0,14,1.0,6734,0,0,0,0,0.0,14,3,1,1.0
-0.0,15,1.0,7230,0,0,0,0,0.0,15,3,1,1.0
-0.0,1,1.0,1024,0,0,0,0,0.0,1,4,1,1.0
-0.0,2,1.0,1513,0,0,0,0,0.0,2,4,1,1.0
-0.0,3,1.0,1970,0,0,0,0,0.0,3,4,1,1.0
-0.0,4,1.0,2466,0,0,0,0,0.0,4,4,1,1.0
-0.0,5,1.0,2956,0,0,0,0,0.0,5,4,1,1.0
-0.0,6,1.0,3611,0,0,0,0,0.0,6,4,1,1.0
-0.0,7,1.0,4253,0,0,0,0,0.0,7,4,1,1.0
-0.0,8,1.0,5053,0,0,0,0,0.0,8,4,1,1.0
-0.0,9,1.0,5649,0,0,0,0,0.0,9,4,1,1.0
-0.0,10,1.0,6673,0,0,0,0,0.0,10,4,1,1.0
-0.0,11,1.0,7182,0,0,0,0,0.0,11,4,1,1.0
-0.0,12,1.0,7703,0,0,0,0,0.0,12,4,1,1.0
-0.0,13,1.0,8133,0,0,0,0,0.0,13,4,1,1.0
-0.0,14,1.0,8600,0,0,0,0,0.0,14,4,1,1.0
-0.0,15,1.0,9193,0,0,0,0,0.0,15,4,1,1.0
-0.0,1,1.0,269,0,0,0,0,0.0,1,5,1,1.0
-0.0,2,1.0,539,0,0,0,0,0.0,2,5,1,1.0
-0.0,3,1.0,804,0,0,0,0,0.0,3,5,1,1.0
-0.0,4,1.0,1005,0,0,0,0,0.0,4,5,1,1.0
-0.0,5,1.0,1274,0,0,0,0,0.0,5,5,1,1.0
-0.0,6,1.0,1531,0,0,0,0,0.0,6,5,1,1.0
-0.0,7,1.0,1805,0,0,0,0,0.0,7,5,1,1.0
-0.0,8,1.0,2120,0,0,0,0,0.0,8,5,1,1.0
-0.0,9,1.0,2409,0,0,0,0,0.0,9,5,1,1.0
-0.0,10,1.0,2673,0,0,0,0,0.0,10,5,1,1.0
-0.0,11,1.0,2951,0,0,0,0,0.0,11,5,1,1.0
-0.0,12,1.0,3221,0,0,0,0,0.0,12,5,1,1.0
-0.0,13,1.0,3501,0,0,0,0,0.0,13,5,1,1.0
-0.0,14,1.0,3775,0,0,0,0,0.0,14,5,1,1.0
-0.0,15,1.0,4076,0,0,0,0,0.0,15,5,1,1.0
-0.0,1,1.0,386,0,0,0,0,0.0,1,6,1,1.0
-0.0,2,1.0,814,0,0,0,0,0.0,2,6,1,1.0
-0.0,3,1.0,1231,0,0,0,0,0.0,3,6,1,1.0
-0.0,4,1.0,1629,0,0,0,0,0.0,4,6,1,1.0
-0.0,5,1.0,1987,0,0,0,0,0.0,5,6,1,1.0
-0.0,6,1.0,3011,0,0,0,0,0.0,6,6,1,1.0
-0.0,7,1.0,3556,0,0,0,0,0.0,7,6,1,1.0
-0.0,8,1.0,3940,0,0,0,0,0.0,8,6,1,1.0
-0.0,9,1.0,4375,0,0,0,0,0.0,9,6,1,1.0
-0.0,10,1.0,4812,0,0,0,0,0.0,10,6,1,1.0
-0.0,11,1.0,5226,0,0,0,0,0.0,11,6,1,1.0
-0.0,12,1.0,5639,0,0,0,0,0.0,12,6,1,1.0
-0.0,13,1.0,6000,0,0,0,0,0.0,13,6,1,1.0
-0.0,14,1.0,6407,0,0,0,0,0.0,14,6,1,1.0
-0.0,15,1.0,6859,0,0,0,0,0.0,15,6,1,1.0
-0.0,1,1.0,756,1,1,1,0,0.0,1,7,1,1.0
0.6931471805599453,2,0.5,1780,1,1,1,0,0.0,2,7,2,0.0
1.0986122886681096,3,0.3333333333333333,2505,1,1,1,0,0.0,3,7,3,0.0
1.3862943611198906,4,0.25,3075,1,1,1,0,0.0,4,7,4,0.0
1.3321790402101223,1,0.4,3608,0,0,0,0,0.0,5,7,4,0.2
1.242453324894,2,0.5,4254,0,0,0,0,0.0,6,7,4,0.3333333333333333
1.4750763110546947,3,0.42857142857142855,4972,0,0,0,0,0.0,7,7,5,0.2857142857142857
1.3862943611198906,4,0.5,5562,0,0,0,0,0.0,8,7,5,0.375
1.303092403761719,5,0.5555555555555556,6064,0,0,0,0,0.0,9,7,5,0.4444444444444444
1.2275294114572126,6,0.6,6635,0,0,0,0,0.0,10,7,5,0.5
1.294545165844896,7,0.5454545454545454,7642,0,0,0,0,0.0,11,7,5,0.36363636363636365
1.2342678660790767,8,0.5833333333333334,8245,0,0,0,0,0.0,12,7,5,0.4166666666666667
1.4105135571148382,9,0.5384615384615384,9069,0,0,0,0,0.0,13,7,6,0.38461538461538464
1.351783994289646,10,0.5714285714285714,9770,0,0,0,0,0.0,14,7,6,0.42857142857142855
1.3792922544726758,11,0.5333333333333333,10553,0,0,0,0,0.0,15,7,6,0.3333333333333333
-0.0,1,1.0,391,0,0,0,0,0.0,1,8,1,1.0
-0.0,2,1.0,847,0,0,0,0,0.0,2,8,1,1.0
-0.0,3,1.0,1309,0,0,0,0,0.0,3,8,1,1.0
-0.0,4,1.0,1784,0,0,0,0,0.0,4,8,1,1.0
-0.0,5,1.0,2174,0,0,0,0,0.0,5,8,1,1.0
-0.0,6,1.0,2542,0,0,0,0,0.0,6,8,1,1.0
-0.0,7,1.0,2938,0,0,0,0,0.0,7,8,1,1.0
-0.0,8,1.0,3293,0,0,0,0,0.0,8,8,1,1.0
-0.0,9,1.0,3830,0,0,0,0,0.0,9,8,1,1.0
-0.0,10,1.0,4211,0,0,0,0,0.0,10,8,1,1.0
-0.0,11,1.0,4664,0,0,0,0,0.0,11,8,1,1.0
-0.0,12,1.0,5142,0,0,0,0,0.0,12,8,1,1.0
-0.0,13,1.0,5537,0,0,0,0,0.0,13,8,1,1.0
-0.0,14,1.0,5937,0,0,0,0,0.0,14,8,1,1.0
-0.0,15,1.0,6297,0,0,0,0,0.0,15,8,1,1.0
-0.0,1,1.0,1024,1,0,0,0,0.0,1,9,1,1.0
0.6931471805599453,2,0.5,2048,1,0,0,0,0.0,2,9,2,0.0
1.0986122886681096,3,0.3333333333333333,2727,1,0,0,0,0.0,3,9,3,0.0
1.0397207708399179,1,0.5,3751,0,0,0,0,0.0,4,9,3,0.25
1.0549201679861442,1,0.4,4490,1,1,0,1,0.0,5,9,3,0.0
1.0549201679861442,2,0.4,5514,1,1,0,1,0.16666666666666666,6,9,3,0.0
1.3296613488547582,3,0.3333333333333333,6538,1,1,0,1,0.14285714285714285,7,9,4,0.0
1.5498260458782016,4,0.2857142857142857,7562,1,1,0,1,0.125,8,9,5,0.0
1.559581156259877,5,0.25,8176,1,1,0,1,0.1111111111111111,9,9,5,0.0
1.5229550675313184,1,0.3333333333333333,8761,1,0,0,0,0.1,10,9,5,0.1111111111111111
1.4708084763221114,2,0.4,9428,1,0,0,0,0.09090909090909091,11,9,5,0.2
1.4708084763221114,3,0.4,10452,1,0,0,0,0.16666666666666666,12,9,5,0.2
1.4681399390162087,4,0.36363636363636365,11192,1,0,0,0,0.15384615384615385,13,9,5,0.09090909090909091
1.4735023850806486,5,0.3333333333333333,11752,1,0,0,0,0.14285714285714285,14,9,5,0.08333333333333333
1.4583192224643482,1,0.3076923076923077,12321,0,0,0,0,0.13333333333333333,15,9,5,0.0
-0.0,1,1.0,367,0,0,0,0,0.0,1,10,1,1.0
-0.0,2,1.0,755,0,0,0,0,0.0,2,10,1,1.0
-0.0,3,1.0,1146,0,0,0,0,0.0,3,10,1,1.0
-0.0,4,1.0,1502,0,0,0,0,0.0,4,10,1,1.0
-0.0,5,1.0,1844,0,0,0,0,0.0,5,10,1,1.0
-0.0,6,1.0,2311,0,0,0,0,0.0,6,10,1,1.0
-0.0,7,1.0,2630,0,0,0,0,0.0,7,10,1,1.0
-0.0,8,1.0,2966,0,0,0,0,0.0,8,10,1,1.0
-0.0,9,1.0,3350,0,0,0,0,0.0,9,10,1,1.0
-0.0,10,1.0,3717,0,0,0,0,0.0,10,10,1,1.0
-0.0,11,1.0,4089,0,0,0,0,0.0,11,10,1,1.0
-0.0,12,1.0,4506,0,0,0,0,0.0,12,10,1,1.0
-0.0,13,1.0,4859,0,0,0,0,0.0,13,10,1,1.0
-0.0,14,1.0,5252,0,0,0,0,0.0,14,10,1,1.0
-0.0,15,1.0,5624,0,0,0,0,0.0,15,10,1,1.0
,0,,1024,1,0,0,0,1.0,1,11,0,
-0.0,1,1.0,1873,0,0,0,0,0.5,2,11,1,1.0
0.6931471805599453,2,0.5,2775,0,0,0,0,0.3333333333333333,3,11,2,0.0
1.0986122886681096,3,0.3333333333333333,3663,0,0,0,0,0.25,4,11,3,0.0
1.3862943611198906,4,0.25,4462,0,0,0,0,0.2,5,11,4,0.0
1.6094379124341005,5,0.2,5249,0,0,0,0,0.16666666666666666,6,11,5,0.0
1.6094379124341005,6,0.2,6273,0,0,0,0,0.2857142857142857,7,11,5,0.0
1.791759469228055,7,0.16666666666666666,7177,0,0,0,0,0.25,8,11,6,0.0
1.791759469228055,8,0.16666666666666666,8201,0,0,0,0,0.3333333333333333,9,11,6,0.0
1.7478680974667573,9,0.2857142857142857,9206,0,0,0,0,0.3,10,11,6,0.14285714285714285
1.732867951399863,10,0.25,10122,0,0,0,0,0.2727272727272727,11,11,6,0.0
1.7351264569629226,11,0.2222222222222222,10978,0,0,0,0,0.25,12,11,6,0.0
1.7351264569629226,12,0.2222222222222222,12002,0,0,0,0,0.3076923076923077,13,11,6,0.0
1.7351264569629226,13,0.2222222222222222,13026,0,0,0,0,0.35714285714285715,14,11,6,0.0
1.8866967846580784,14,0.2,13836,0,0,0,0,0.3333333333333333,15,11,7,0.0
-0.0,1,1.0,561,0,0,0,0,0.0,1,12,1,1.0
-0.0,2,1.0,1010,0,0,0,0,0.0,2,12,1,1.0
0.6365141682948128,3,0.6666666666666666,1517,0,0,0,0,0.0,3,12,2,0.3333333333333333
0.5623351446188083,4,0.75,2139,0,0,0,0,0.0,4,12,2,0.5
0.5004024235381879,5,0.8,2746,0,0,0,0,0.0,5,12,2,0.6
0.45056120886630463,6,0.8333333333333334,3196,0,0,0,0,0.0,6,12,2,0.6666666666666666
0.410116318288409,7,0.8571428571428571,3945,0,0,0,0,0.0,7,12,2,0.7142857142857143
0.37677016125643675,8,0.875,4408,0,0,0,0,0.0,8,12,2,0.75
0.5297061990576545,9,0.7777777777777778,4910,0,0,0,0,0.0,9,12,2,0.5555555555555556
0.5004024235381879,10,0.8,5576,0,0,0,0,0.0,10,12,2,0.6
0.47413931305783735,11,0.8181818181818182,6114,0,0,0,0,0.0,11,12,2,0.6363636363636364
0.45056120886630463,12,0.8333333333333334,6943,0,0,0,0,0.0,12,12,2,0.6666666666666666
0.4293230219306162,13,0.8461538461538461,7967,0,0,0,0,0.0,13,12,2,0.6923076923076923
0.410116318288409,14,0.8571428571428571,8523,0,0,0,0,0.0,14,12,2,0.7142857142857143
0.39267446722755217,15,0.8666666666666667,9093,0,0,0,0,0.0,15,12,2,0.7333333333333333
-0.0,1,1.0,209,0,0,0,0,0.0,1,13,1,1.0
-0.0,2,1.0,479,0,0,0,0,0.0,2,13,1,1.0
-0.0,3,1.0,707,0,0,0,0,0.0,3,13,1,1.0
-0.0,4,1.0,932,0,0,0,0,0.0,4,13,1,1.0
-0.0,5,1.0,1154,0,0,0,0,0.0,5,13,1,1.0
-0.0,6,1.0,1392,0,0,0,0,0.0,6,13,1,1.0
-0.0,7,1.0,1627,0,0,0,0,0.0,7,13,1,1.0
-0.0,8,1.0,1852,0,0,0,0,0.0,8,13,1,1.0
-0.0,9,1.0,2109,0,0,0,0,0.0,9,13,1,1.0
-0.0,10,1.0,2346,0,0,0,0,0.0,10,13,1,1.0
-0.0,11,1.0,2610,0,0,0,0,0.0,11,13,1,1.0
-0.0,12,1.0,2859,0,0,0,0,0.0,12,13,1,1.0
-0.0,13,1.0,3105,0,0,0,0,0.0,13,13,1,1.0
-0.0,14,1.0,4129,0,0,0,0,0.0,14,13,1,1.0
-0.0,15,1.0,4383,0,0,0,0,0.0,15,13,1,1.0
-0.0,1,1.0,310,0,0,0,0,0.0,1,14,1,1.0
0.6931471805599453,2,0.5,709,0,0,0,0,0.0,2,14,2,0.0
0.6365141682948128,3,0.6666666666666666,968,0,0,0,0,0.0,3,14,2,0.3333333333333333
0.5623351446188083,4,0.75,1190,0,0,0,0,0.0,4,14,2,0.5
0.5004024235381879,5,0.8,1448,0,0,0,0,0.0,5,14,2,0.6
0.45056120886630463,6,0.8333333333333334,1680,0,0,0,0,0.0,6,14,2,0.6666666666666666
0.410116318288409,7,0.8571428571428571,1923,0,0,0,0,0.0,7,14,2,0.7142857142857143
0.5623351446188083,8,0.75,2356,0,0,0,0,0.0,8,14,2,0.5
0.5297061990576545,9,0.7777777777777778,2567,0,0,0,0,0.0,9,14,2,0.5555555555555556
0.5004024235381879,10,0.8,2794,0,0,0,0,0.0,10,14,2,0.6
0.47413931305783735,11,0.8181818181818182,3049,0,0,0,0,0.0,11,14,2,0.6363636363636364
0.45056120886630463,12,0.8333333333333334,3297,0,0,0,0,0.0,12,14,2,0.6666666666666666
0.4293230219306162,13,0.8461538461538461,3524,0,0,0,0,0.0,13,14,2,0.6923076923076923
0.410116318288409,14,0.8571428571428571,3768,0,0,0,0,0.0,14,14,2,0.7142857142857143
0.39267446722755217,15,0.8666666666666667,4017,0,0,0,0,0.0,15,14,2,0.7333333333333333
-0.0,1,1.0,672,0,0,0,0,0.0,1,15,1,1.0
-0.0,2,1.0,1326,0,0,0,0,0.0,2,15,1,1.0
-0.0,3,1.0,1869,0,0,0,0,0.0,3,15,1,1.0
-0.0,4,1.0,2350,0,0,0,0,0.0,4,15,1,1.0
-0.0,5,1.0,2931,0,0,0,0,0.0,5,15,1,1.0
-0.0,6,1.0,3572,0,0,0,0,0.0,6,15,1,1.0
-0.0,7,1.0,4175,0,0,0,0,0.0,7,15,1,1.0
-0.0,8,1.0,4833,0,0,0,0,0.0,8,15,1,1.0
-0.0,9,1.0,5439,0,0,0,0,0.0,9,15,1,1.0
-0.0,10,1.0,6165,0,0,0,0,0.0,10,15,1,1.0
-0.0,11,1.0,6742,0,0,0,0,0.0,11,15,1,1.0
-0.0,12,1.0,7467,0,0,0,0,0.0,12,15,1,1.0
-0.0,13,1.0,7981,0,0,0,0,0.0,13,15,1,1.0
0.25731864054383163,14,0.9285714285714286,8861,0,0,0,0,0.0,14,15,2,0.8571428571428571
0.24493002679463532,15,0.9333333333333333,9885,0,0,0,0,0.0,15,15,2,0.8666666666666667
-0.0,1,1.0,250,0,0,0,0,0.0,1,16,1,1.0
-0.0,2,1.0,546,0,0,0,0,0.0,2,16,1,1.0
-0.0,3,1.0,802,0,0,0,0,0.0,3,16,1,1.0
-0.0,4,1.0,1112,0,0,0,0,0.0,4,16,1,1.0
-0.0,5,1.0,1291,0,0,0,0,0.0,5,16,1,1.0
-0.0,6,1.0,1460,0,0,0,0,0.0,6,16,1,1.0
-0.0,7,1.0,1765,0,0,0,0,0.0,7,16,1,1.0
-0.0,8,1.0,2037,0,0,0,0,0.0,8,16,1,1.0
-0.0,9,1.0,2312,0,0,0,0,0.0,9,16,1,1.0
-0.0,10,1.0,2609,0,0,0,0,0.0,10,16,1,1.0
-0.0,11,1.0,2892,0,0,0,0,0.0,11,16,1,1.0
-0.0,12,1.0,3209,0,0,0,0,0.0,12,16,1,1.0
-0.0,13,1.0,3437,0,0,0,0,0.0,13,16,1,1.0
-0.0,14,1.0,3721,0,0,0,0,0.0,14,16,1,1.0
-0.0,15,1.0,3947,0,0,0,0,0.0,15,16,1,1.0
-0.0,1,1.0,628,0,0,0,0,0.0,1,17,1,1.0
0.6931471805599453,2,0.5,1259,0,0,0,0,0.0,2,17,2,0.0
0.6365141682948128,1,0.6666666666666666,1764,1,1,0,1,0.0,3,17,2,0.3333333333333333
0.5623351446188083,2,0.75,2530,1,1,0,1,0.0,4,17,2,0.5
0.6730116670092565,3,0.6,3028,1,1,0,1,0.0,5,17,2,0.2
0.6931471805599453,1,0.5,3633,0,0,0,0,0.0,6,17,2,0.0
1.0042424730540764,2,0.42857142857142855,4248,0,0,0,0,0.0,7,17,3,0.0
1.2554823251787535,3,0.375,4888,0,0,0,0,0.0,8,17,4,0.0
1.2148896539491203,1,0.4444444444444444,5623,1,1,0,1,0.0,9,17,4,0.1111111111111111
1.1935496040981333,1,0.4,6623,0,0,0,0,0.0,10,17,4,0.0
1.3896811919839047,2,0.36363636363636365,7339,0,0,0,0,0.0,11,17,5,0.0
1.5607104090414066,3,0.3333333333333333,8011,0,0,0,0,0.0,12,17,6,0.0
1.5193826646423012,1,0.38461538461538464,8493,1,1,0,1,0.0,13,17,6,0.07692307692307693
1.4894588207337582,1,0.35714285714285715,9517,0,0,0,0,0.0,14,17,6,0.0
1.5426719687381505,2,0.3333333333333333,10113,0,0,0,0,0.0,15,17,6,0.0
-0.0,1,1.0,471,1,1,0,1,0.0,1,18,1,1.0
-0.0,2,1.0,900,1,1,0,1,0.0,2,18,1,1.0
0.6365141682948128,3,0.6666666666666666,1340,1,1,0,1,0.0,3,18,2,0.3333333333333333
0.6931471805599453,4,0.5,1908,1,1,0,1,0.0,4,18,2,0.0
0.6730116670092565,5,0.6,2497,1,1,0,1,0.0,5,18,2,0.2
0.6931471805599453,6,0.5,3044,1,1,0,1,0.0,6,18,2,0.0
0.6829081047004717,1,0.5714285714285714,3402,0,0,0,0,0.0,7,18,2,0.14285714285714285
0.9743147528693494,2,0.5,3893,0,0,0,0,0.0,8,18,3,0.125
0.936888307539016,3,0.5555555555555556,4376,0,0,0,0,0.0,9,18,3,0.2222222222222222
1.0296530140645737,4,0.5,4937,0,0,0,0,0.0,10,18,3,0.2
0.9949236325717752,5,0.5454545454545454,5321,0,0,0,0,0.0,11,18,3,0.2727272727272727
1.0114042647073518,6,0.5,5903,0,0,0,0,0.0,12,18,3,0.16666666666666666
1.0123308391031736,7,0.46153846153846156,6326,0,0,0,0,0.0,13,18,3,0.07692307692307693
1.060944240790747,8,0.42857142857142855,6825,0,0,0,0,0.0,14,18,3,0.07142857142857142
1.0549201679861442,1,0.4,7351,1,1,0,1,0.0,15,18,3,0.0
-0.0,1,1.0,902,0,0,0,0,0.0,1,19,1,1.0
-0.0,2,1.0,1926,0,0,0,0,0.0,2,19,1,1.0
-0.0,3,1.0,2516,0,0,0,0,0.0,3,19,1,1.0
-0.0,4,1.0,2992,0,0,0,0,0.0,4,19,1,1.0
-0.0,5,1.0,3800,0,0,0,0,0.0,5,19,1,1.0
-0.0,6,1.0,4279,0,0,0,0,0.0,6,19,1,1.0
-0.0,7,1.0,4987,0,0,0,0,0.0,7,19,1,1.0
-0.0,8,1.0,5400,0,0,0,0,0.0,8,19,1,1.0
-0.0,9,1.0,5853,0,0,0,0,0.0,9,19,1,1.0
-0.0,10,1.0,6453,0,0,0,0,0.0,10,19,1,1.0
-0.0,11,1.0,6898,0,0,0,0,0.0,11,19,1,1.0
-0.0,12,1.0,7922,0,0,0,0,0.08333333333333333,12,19,1,1.0
-0.0,13,1.0,8477,0,0,0,0,0.07692307692307693,13,19,1,1.0
-0.0,14,1.0,8923,0,0,0,0,0.07142857142857142,14,19,1,1.0
-0.0,15,1.0,9888,0,0,0,0,0.06666666666666667,15,19,1,1.0
-0.0,1,1.0,168,0,0,0,0,0.0,1,20,1,1.0
-0.0,2,1.0,1192,0,0,0,0,0.0,2,20,1,1.0
-0.0,3,1.0,1366,0,0,0,0,0.0,3,20,1,1.0
-0.0,4,1.0,1574,0,0,0,0,0.0,4,20,1,1.0
-0.0,5,1.0,1764,0,0,0,0,0.0,5,20,1,1.0
-0.0,6,1.0,1929,0,0,0,0,0.0,6,20,1,1.0
-0.0,7,1.0,2107,0,0,0,0,0.0,7,20,1,1.0
-0.0,8,1.0,2277,0,0,0,0,0.0,8,20,1,1.0
-0.0,9,1.0,2468,0,0,0,0,0.0,9,20,1,1.0
-0.0,10,1.0,2648,0,0,0,0,0.0,10,20,1,1.0
-0.0,11,1.0,2828,0,0,0,0,0.0,11,20,1,1.0
-0.0,12,1.0,3013,0,0,0,0,0.0,12,20,1,1.0
-0.0,13,1.0,3205,0,0,0,0,0.0,13,20,1,1.0
-0.0,14,1.0,3378,0,0,0,0,0.0,14,20,1,1.0
-0.0,15,1.0,3554,0,0,0,0,0.0,15,20,1,1.0
-0.0,1,1.0,907,1,1,1,0,0.0,1,21,1,1.0
0.6931471805599453,2,0.5,1931,1,1,1,0,0.0,2,21,2,0.0
0.6931471805599453,3,0.5,2955,1,1,1,0,0.3333333333333333,3,21,2,0.0
1.0986122886681096,4,0.3333333333333333,3948,1,1,1,0,0.25,4,21,3,0.0
1.3862943611198906,5,0.25,4700,1,1,1,0,0.2,5,21,4,0.0
1.3321790402101223,1,0.4,5368,0,0,0,0,0.16666666666666666,6,21,4,0.2
1.5607104090414063,2,0.3333333333333333,5822,0,0,0,0,0.14285714285714285,7,21,5,0.16666666666666666
1.7478680974667573,3,0.2857142857142857,6690,0,0,0,0,0.125,8,21,6,0.14285714285714285
1.9061547465398494,4,0.25,7561,0,0,0,0,0.1111111111111111,9,21,7,0.125
2.0431918705451206,5,0.2222222222222222,8249,0,0,0,0,0.1,10,21,8,0.1111111111111111
2.1639556568820564,6,0.2,9200,0,0,0,0,0.09090909090909091,11,21,9,0.1
2.0982737395252498,7,0.2727272727272727,10048,0,0,0,0,0.08333333333333333,12,21,9,0.18181818181818182
2.210253577620973,8,0.25,10851,0,0,0,0,0.07692307692307693,13,21,10,0.16666666666666666
2.311423444691973,9,0.23076923076923078,11854,0,0,0,0,0.07142857142857142,14,21,11,0.15384615384615385
2.311423444691973,10,0.23076923076923078,12878,0,0,0,0,0.13333333333333333,15,21,11,0.15384615384615385
-0.0,1,1.0,590,0,0,0,0,0.0,1,22,1,1.0
-0.0,2,1.0,1239,0,0,0,0,0.0,2,22,1,1.0
-0.0,3,1.0,1887,0,0,0,0,0.0,3,22,1,1.0
-0.0,4,1.0,2676,0,0,0,0,0.0,4,22,1,1.0
-0.0,5,1.0,3303,0,0,0,0,0.0,5,22,1,1.0
0.45056120886630463,6,0.8333333333333334,4204,0,0,0,0,0.0,6,22,2,0.6666666666666666
0.410116318288409,7,0.8571428571428571,4952,0,0,0,0,0.0,7,22,2,0.7142857142857143
0.7356219397587946,8,0.75,5976,0,0,0,0,0.0,8,22,3,0.625
0.6837389058487535,9,0.7777777777777778,6742,0,0,0,0,0.0,9,22,3,0.6666666666666666
0.8018185525433373,10,0.7,7766,0,0,0,0,0.0,10,22,3,0.5
0.7595473914748635,11,0.7272727272727273,8413,0,0,0,0,0.0,11,22,3,0.5454545454545454
0.7214636866925115,12,0.75,9072,0,0,0,0,0.0,12,22,3,0.5833333333333334
0.6870920273799715,13,0.7692307692307693,9791,0,0,0,0,0.0,13,22,3,0.6153846153846154
0.6870920273799715,14,0.7692307692307693,10815,0,0,0,0,0.07142857142857142,14,22,3,0.6153846153846154
0.6559757323365467,15,0.7857142857142857,11560,0,0,0,0,0.06666666666666667,15,22,3,0.6428571428571429
-0.0,1,1.0,564,0,0,0,0,0.0,1,23,1,1.0
-0.0,2,1.0,1100,0,0,0,0,0.0,2,23,1,1.0
-0.0,3,1.0,1812,0,0,0,0,0.0,3,23,1,1.0
-0.0,4,1.0,2464,0,0,0,0,0.0,4,23,1,1.0
-0.0,5,1.0,2992,0,0,0,0,0.0,5,23,1,1.0
-0.0,6,1.0,3649,0,0,0,0,0.0,6,23,1,1.0
-0.0,7,1.0,4202,0,0,0,0,0.0,7,23,1,1.0
-0.0,8,1.0,4804,0,0,0,0,0.0,8,23,1,1.0
-0.0,9,1.0,5543,0,0,0,0,0.0,9,23,1,1.0
-0.0,10,1.0,6179,0,0,0,0,0.1,10,23,1,1.0
-0.0,11,1.0,6907,0,0,0,0,0.09090909090909091,11,23,1,1.0
-0.0,12,1.0,7531,0,0,0,0,0.08333333333333333,12,23,1,1.0
-0.0,13,1.0,8203,0,0,0,0,0.07692307692307693,13,23,1,1.0
-0.0,14,1.0,8830,0,0,0,0,0.07142857142857142,14,23,1,1.0
-0.0,15,1.0,9477,0,0,0,0,0.06666666666666667,15,23,1,1.0
-0.0,1,1.0,856,0,0,0,0,0.0,1,24,1,1.0
0.6931471805599453,2,0.5,1308,0,0,0,0,0.0,2,24,2,0.0
0.6365141682948128,3,0.6666666666666666,2104,0,0,0,0,0.0,3,24,2,0.3333333333333333
1.0397207708399179,4,0.5,2577,0,0,0,0,0.0,4,24,3,0.25
1.3321790402101223,5,0.4,3005,0,0,0,0,0.0,5,24,4,0.2
1.242453324894,6,0.5,3516,0,0,0,0,0.0,6,24,4,0.3333333333333333
1.4750763110546947,7,0.42857142857142855,3967,0,0,0,0,0.0,7,24,5,0.2857142857142857
1.4941751382893083,8,0.375,4431,0,0,0,0,0.0,8,24,5,0.125
1.4270610433807247,9,0.4444444444444444,4899,0,0,0,0,0.0,9,24,5,0.2222222222222222
1.4708084763221114,10,0.4,5295,0,0,0,0,0.0,10,24,5,0.2
1.4142790651247086,11,0.45454545454545453,5736,0,0,0,0,0.0,11,24,5,0.2727272727272727
1.3579778549873243,12,0.5,6575,0,0,0,0,0.0,12,24,5,0.3333333333333333
1.303875529336385,13,0.5384615384615384,7359,0,0,0,0,0.0,13,24,5,0.38461538461538464
1.3316643102930148,14,0.5,7845,0,0,0,0,0.0,14,24,5,0.2857142857142857
1.2868726303980162,15,0.5333333333333333,8441,0,0,0,0,0.0,15,24,5,0.3333333333333333
,0,,1024,1,0,0,0,1.0,1,25,0,
-0.0,1,1.0,2048,1,0,0,0,0.5,2,25,1,1.0
-0.0,2,1.0,3072,1,0,0,0,0.6666666666666666,3,25,1,1.0
0.6931471805599453,3,0.5,3675,1,0,0,0,0.5,4,25,2,0.0
0.6931471805599453,4,0.5,4699,1,0,0,0,0.6,5,25,2,0.0
0.6931471805599453,5,0.5,5687,1,0,0,0,0.6666666666666666,6,25,2,0.0
0.6365141682948128,1,0.6666666666666666,6373,0,0,0,0,0.5714285714285714,7,25,2,0.3333333333333333
1.0397207708399179,2,0.5,7392,0,0,0,0,0.5,8,25,3,0.25
1.0397207708399179,3,0.5,8416,0,0,0,0,0.5555555555555556,9,25,3,0.25
1.0397207708399179,4,0.5,9440,0,0,0,0,0.6,10,25,3,0.25
1.0397207708399179,5,0.5,10464,0,0,0,0,0.6363636363636364,11,25,3,0.25
1.3321790402101223,6,0.4,11165,0,0,0,0,0.5833333333333334,12,25,4,0.2
1.5607104090414063,7,0.3333333333333333,12037,0,0,0,0,0.5384615384615384,13,25,5,0.16666666666666666
1.7478680974667573,8,0.2857142857142857,12788,0,0,0,0,0.5,14,25,6,0.14285714285714285
1.9061547465398494,9,0.25,13607,0,0,0,0,0.4666666666666667,15,25,7,0.125
-0.0,1,1.0,808,0,0,0,0,0.0,1,26,1,1.0
0.6931471805599453,2,0.5,1456,0,0,0,0,0.0,2,26,2,0.0
0.6365141682948128,3,0.6666666666666666,2133,0,0,0,0,0.0,3,26,2,0.3333333333333333
0.6931471805599453,4,0.5,2863,0,0,0,0,0.0,4,26,2,0.0
1.0549201679861442,5,0.4,3764,0,0,0,0,0.0,5,26,3,0.0
1.0114042647073518,6,0.5,4153,0,0,0,0,0.0,6,26,3,0.16666666666666666
0.9556998911125343,7,0.5714285714285714,4744,0,0,0,0,0.0,7,26,3,0.2857142857142857
1.2130075659799042,8,0.5,5420,0,0,0,0,0.0,8,26,4,0.25
1.2148896539491203,9,0.4444444444444444,6035,0,0,0,0,0.0,9,26,4,0.1111111111111111
1.1935496040981333,10,0.4,6662,0,0,0,0,0.0,10,26,4,0.0
1.3896811919839047,11,0.36363636363636365,7469,0,0,0,0,0.0,11,26,5,0.0
1.4451858789480823,12,0.3333333333333333,8204,0,0,0,0,0.0,12,26,5,0.0
1.4127446368638479,13,0.38461538461538464,8592,0,0,0,0,0.0,13,26,5,0.07692307692307693
1.3904377949394804,14,0.35714285714285715,9616,0,0,0,0,0.0,14,26,5,0.0
1.3624474851916286,15,0.4,10640,0,0,0,0,0.0,15,26,5,0.06666666666666667
-0.0,1,1.0,338,0,0,0,0,0.0,1,27,1,1.0
-0.0,2,1.0,669,0,0,0,0,0.0,2,27,1,1.0
-0.0,3,1.0,1029,0,0,0,0,0.0,3,27,1,1.0
-0.0,4,1.0,1504,0,0,0,0,0.0,4,27,1,1.0
-0.0,5,1.0,1864,0,0,0,0,0.0,5,27,1,1.0
0.45056120886630463,6,0.8333333333333334,2302,0,0,0,0,0.0,6,27,2,0.6666666666666666
0.410116318288409,7,0.8571428571428571,2662,0,0,0,0,0.0,7,27,2,0.7142857142857143
0.37677016125643675,8,0.875,3020,0,0,0,0,0.0,8,27,2,0.75
0.34883209584303193,9,0.8888888888888888,3379,0,0,0,0,0.0,9,27,2,0.7777777777777778
0.3250829733914482,10,0.9,4403,0,0,0,0,0.0,10,27,2,0.8
0.30463609734923813,11,0.9090909090909091,4803,0,0,0,0,0.0,11,27,2,0.8181818181818182
0.2868359830561607,12,0.9166666666666666,5114,0,0,0,0,0.0,12,27,2,0.8333333333333334
0.2711893730418441,13,0.9230769230769231,5478,0,0,0,0,0.0,13,27,2,0.8461538461538461
0.25731864054383163,14,0.9285714285714286,5845,0,0,0,0,0.0,14,27,2,0.8571428571428571
0.24493002679463532,15,0.9333333333333333,6190,0,0,0,0,0.0,15,27,2,0.8666666666666667
-0.0,1,1.0,259,0,0,0,0,0.0,1,28,1,1.0
-0.0,2,1.0,570,0,0,0,0,0.0,2,28,1,1.0
-0.0,3,1.0,931,0,0,0,0,0.0,3,28,1,1.0
-0.0,4,1.0,1220,0,0,0,0,0.0,4,28,1,1.0
-0.0,5,1.0,1488,0,0,0,0,0.0,5,28,1,1.0
-0.0,6,1.0,1772,0,0,0,0,0.0,6,28,1,1.0
-0.0,7,1.0,2040,0,0,0,0,0.0,7,28,1,1.0
-0.0,8,1.0,2305,0,0,0,0,0.0,8,28,1,1.0
-0.0,9,1.0,2567,0,0,0,0,0.0,9,28,1,1.0
-0.0,10,1.0,2896,0,0,0,0,0.0,10,28,1,1.0
-0.0,11,1.0,3226,0,0,0,0,0.0,11,28,1,1.0
-0.0,12,1.0,3489,0,0,0,0,0.0,12,28,1,1.0
-0.0,13,1.0,3848,0,0,0,0,0.0,13,28,1,1.0
-0.0,14,1.0,4137,0,0,0,0,0.0,14,28,1,1.0
-0.0,15,1.0,4399,0,0,0,0,0.0,15,28,1,1.0
-0.0,1,1.0,379,0,0,0,0,0.0,1,29,1,1.0
-0.0,2,1.0,814,0,0,0,0,0.0,2,29,1,1.0
-0.0,3,1.0,1294,0,0,0,0,0.0,3,29,1,1.0
-0.0,4,1.0,1723,0,0,0,0,0.0,4,29,1,1.0
-0.0,5,1.0,2235,0,0,0,0,0.0,5,29,1,1.0
-0.0,6,1.0,2715,0,0,0,0,0.0,6,29,1,1.0
-0.0,7,1.0,3243,0,0,0,0,0.0,7,29,1,1.0
-0.0,8,1.0,3678,0,0,0,0,0.0,8,29,1,1.0
-0.0,9,1.0,4237,0,0,0,0,0.0,9,29,1,1.0
-0.0,10,1.0,4766,0,0,0,0,0.0,10,29,1,1.0
-0.0,11,1.0,5188,0,0,0,0,0.0,11,29,1,1.0
-0.0,12,1.0,5667,0,0,0,0,0.0,12,29,1,1.0
-0.0,13,1.0,6182,0,0,0,0,0.0,13,29,1,1.0
-0.0,14,1.0,6610,0,0,0,0,0.0,14,29,1,1.0
-0.0,15,1.0,6992,0,0,0,0,0.0,15,29,1,1.0
-0.0,1,1.0,329,0,0,0,0,0.0,1,30,1,1.0
-0.0,2,1.0,654,0,0,0,0,0.0,2,30,1,1.0
-0.0,3,1.0,976,0,0,0,0,0.0,3,30,1,1.0
-0.0,4,1.0,1444,0,0,0,0,0.0,4,30,1,1.0
-0.0,5,1.0,1755,0,0,0,0,0.0,5,30,1,1.0
-0.0,6,1.0,2089,0,0,0,0,0.0,6,30,1,1.0
-0.0,7,1.0,2414,0,0,0,0,0.0,7,30,1,1.0
-0.0,8,1.0,2795,0,0,0,0,0.0,8,30,1,1.0
-0.0,9,1.0,3210,0,0,0,0,0.0,9,30,1,1.0
-0.0,10,1.0,3523,0,0,0,0,0.0,10,30,1,1.0
-0.0,11,1.0,3978,0,0,0,0,0.0,11,30,1,1.0
-0.0,12,1.0,4243,0,0,0,0,0.0,12,30,1,1.0
-0.0,13,1.0,4497,0,0,0,0,0.0,13,30,1,1.0
-0.0,14,1.0,4810,0,0,0,0,0.0,14,30,1,1.0
-0.0,15,1.0,5133,0,0,0,0,0.0,15,30,1,1.0
-0.0,1,1.0,652,0,0,0,0,0.0,1,31,1,1.0
-0.0,2,1.0,1140,0,0,0,0,0.0,2,31,1,1.0
-0.0,3,1.0,1470,0,0,0,0,0.0,3,31,1,1.0
-0.0,4,1.0,2052,0,0,0,0,0.0,4,31,1,1.0
-0.0,5,1.0,2452,0,0,0,0,0.0,5,31,1,1.0
-0.0,6,1.0,2845,0,0,0,0,0.0,6,31,1,1.0
-0.0,7,1.0,3192,0,0,0,0,0.0,7,31,1,1.0
-0.0,8,1.0,3613,0,0,0,0,0.0,8,31,1,1.0
-0.0,9,1.0,4159,0,0,0,0,0.0,9,31,1,1.0
-0.0,10,1.0,4604,0,0,0,0,0.0,10,31,1,1.0
-0.0,11,1.0,4874,0,0,0,0,0.0,11,31,1,1.0
-0.0,12,1.0,5142,0,0,0,0,0.0,12,31,1,1.0
-0.0,13,1.0,5707,0,0,0,0,0.0,13,31,1,1.0
-0.0,14,1.0,6004,0,0,0,0,0.0,14,31,1,1.0
-0.0,15,1.0,6262,0,0,0,0,0.0,15,31,1,1.0
-0.0,1,1.0,332,0,0,0,0,0.0,1,32,1,1.0
-0.0,2,1.0,682,0,0,0,0,0.0,2,32,1,1.0
-0.0,3,1.0,1000,0,0,0,0,0.0,3,32,1,1.0
-0.0,4,1.0,1376,0,0,0,0,0.0,4,32,1,1.0
-0.0,5,1.0,1742,0,0,0,0,0.0,5,32,1,1.0
-0.0,6,1.0,2130,0,0,0,0,0.0,6,32,1,1.0
-0.0,7,1.0,2501,0,0,0,0,0.0,7,32,1,1.0
-0.0,8,1.0,2885,0,0,0,0,0.0,8,32,1,1.0
-0.0,9,1.0,3246,0,0,0,0,0.0,9,32,1,1.0
-0.0,10,1.0,3651,0,0,0,0,0.0,10,32,1,1.0
-0.0,11,1.0,4675,0,0,0,0,0.0,11,32,1,1.0
-0.0,12,1.0,5042,0,0,0,0,0.0,12,32,1,1.0
-0.0,13,1.0,5356,0,0,0,0,0.0,13,32,1,1.0
-0.0,14,1.0,5713,0,0,0,0,0.0,14,32,1,1.0
-0.0,15,1.0,6035,0,0,0,0,0.0,15,32,1,1.0
-0.0,1,1.0,913,1,0,0,0,0.0,1,33,1,1.0
0.6931471805599453,2,0.5,1937,1,0,0,0,0.0,2,33,2,0.0
1.0986122886681096,3,0.3333333333333333,2594,1,0,0,0,0.0,3,33,3,0.0
1.0397207708399179,1,0.5,3317,1,0,0,0,0.0,4,33,3,0.25
1.3321790402101223,2,0.4,3983,1,0,0,0,0.0,5,33,4,0.2
1.242453324894,3,0.5,4598,1,0,0,0,0.0,6,33,4,0.3333333333333333
1.4750763110546947,4,0.42857142857142855,5281,1,0,0,0,0.0,7,33,5,0.2857142857142857
1.6674619334292946,5,0.375,6077,1,0,0,0,0.0,8,33,6,0.25
1.6769877743224173,6,0.3333333333333333,6741,1,0,0,0,0.0,9,33,6,0.1111111111111111
1.6957425341696346,7,0.3,7522,1,0,0,0,0.0,10,33,6,0.1
1.8462202193216335,8,0.2727272727272727,8260,1,0,0,0,0.0,11,33,7,0.09090909090909091
1.9792045174343245,9,0.25,9060,1,0,0,0,0.0,12,33,8,0.08333333333333333
1.9512595041439562,10,0.23076923076923078,9791,1,0,0,0,0.0,13,33,8,0.0
1.90853528164356,1,0.2857142857142857,10484,0,0,0,0,0.0,14,33,8,0.07142857142857142
1.8989267893363286,2,0.26666666666666666,11190,0,0,0,0,0.0,15,33,8,0.06666666666666667
-0.0,1,1.0,718,0,0,0,0,0.0,1,34,1,1.0
-0.0,2,1.0,1742,0,0,0,0,0.0,2,34,1,1.0
0.6365141682948128,3,0.6666666666666666,2544,0,0,0,0,0.0,3,34,2,0.3333333333333333
0.5623351446188083,4,0.75,3402,0,0,0,0,0.0,4,34,2,0.5
0.5004024235381879,5,0.8,4349,0,0,0,0,0.0,5,34,2,0.6
0.45056120886630463,6,0.8333333333333334,5101,0,0,0,0,0.0,6,34,2,0.6666666666666666
0.410116318288409,7,0.8571428571428571,5864,0,0,0,0,0.0,7,34,2,0.7142857142857143
0.37677016125643675,8,0.875,6848,0,0,0,0,0.0,8,34,2,0.75
0.34883209584303193,9,0.8888888888888888,7624,0,0,0,0,0.0,9,34,2,0.7777777777777778
0.3250829733914482,10,0.9,8486,0,0,0,0,0.0,10,34,2,0.8
0.30463609734923813,11,0.9090909090909091,9077,0,0,0,0,0.0,11,34,2,0.8181818181818182
0.2868359830561607,12,0.9166666666666666,9691,0,0,0,0,0.0,12,34,2,0.8333333333333334
0.2711893730418441,13,0.9230769230769231,10375,0,0,0,0,0.0,13,34,2,0.8461538461538461
0.25731864054383163,14,0.9285714285714286,11109,0,0,0,0,0.0,14,34,2,0.8571428571428571
0.24493002679463532,15,0.9333333333333333,11860,0,0,0,0,0.0,15,34,2,0.8666666666666667
-0.0,1,1.0,391,0,0,0,0,0.0,1,35,1,1.0
-0.0,2,1.0,817,0,0,0,0,0.0,2,35,1,1.0
-0.0,3,1.0,1195,0,0,0,0,0.0,3,35,1,1.0
-0.0,4,1.0,1582,0,0,0,0,0.0,4,35,1,1.0
-0.0,5,1.0,1933,0,0,0,0,0.0,5,35,1,1.0
-0.0,6,1.0,2293,0,0,0,0,0.0,6,35,1,1.0
-0.0,7,1.0,2796,0,0,0,0,0.0,7,35,1,1.0
-0.0,8,1.0,3212,0,0,0,0,0.0,8,35,1,1.0
-0.0,9,1.0,3663,0,0,0,0,0.0,9,35,1,1.0
-0.0,10,1.0,4021,0,0,0,0,0.0,10,35,1,1.0
-0.0,11,1.0,4436,0,0,0,0,0.0,11,35,1,1.0
-0.0,12,1.0,4859,0,0,0,0,0.0,12,35,1,1.0
-0.0,13,1.0,5222,0,0,0,0,0.0,13,35,1,1.0
-0.0,14,1.0,5711,0,0,0,0,0.0,14,35,1,1.0
-0.0,15,1.0,6193,0,0,0,0,0.0,15,35,1,1.0
-0.0,1,1.0,724,1,1,1,0,0.0,1,36,1,1.0
0.6931471805599453,2,0.5,1496,1,1,1,0,0.0,2,36,2,0.0
0.6365141682948128,1,0.6666666666666666,2116,0,0,0,0,0.0,3,36,2,0.3333333333333333
0.5623351446188083,2,0.75,2866,0,0,0,0,0.0,4,36,2,0.5
0.6730116670092565,3,0.6,3821,0,0,0,0,0.0,5,36,2,0.2
0.6365141682948128,4,0.6666666666666666,4793,0,0,0,0,0.0,6,36,2,0.3333333333333333
0.5982695885852573,5,0.7142857142857143,5415,0,0,0,0,0.0,7,36,2,0.42857142857142855
0.5623351446188083,6,0.75,6094,0,0,0,0,0.0,8,36,2,0.5
0.5623351446188083,7,0.75,7118,0,0,0,0,0.1111111111111111,9,36,2,0.5
0.6365141682948128,8,0.6666666666666666,7456,0,0,0,0,0.1,10,36,2,0.3333333333333333
0.6365141682948128,9,0.6666666666666666,8480,0,0,0,0,0.18181818181818182,11,36,2,0.3333333333333333
0.6108643020548935,10,0.7,9460,0,0,0,0,0.16666666666666666,12,36,2,0.4
0.6108643020548935,11,0.7,10484,0,0,0,0,0.23076923076923078,13,36,2,0.4
0.5859526183035508,12,0.7272727272727273,11117,0,0,0,0,0.21428571428571427,14,36,2,0.45454545454545453
0.6365141682948128,13,0.6666666666666666,11493,0,0,0,0,0.2,15,36,2,0.3333333333333333
-0.0,1,1.0,192,0,0,0,0,0.0,1,37,1,1.0
-0.0,2,1.0,391,0,0,0,0,0.0,2,37,1,1.0
-0.0,3,1.0,617,0,0,0,0,0.0,3,37,1,1.0
-0.0,4,1.0,810,0,0,0,0,0.0,4,37,1,1.0
-0.0,5,1.0,1028,0,0,0,0,0.0,5,37,1,1.0
-0.0,6,1.0,1270,0,0,0,0,0.0,6,37,1,1.0
-0.0,7,1.0,1484,0,0,0,0,0.0,7,37,1,1.0
-0.0,8,1.0,1749,0,0,0,0,0.0,8,37,1,1.0
-0.0,9,1.0,1980,0,0,0,0,0.0,9,37,1,1.0
-0.0,10,1.0,2204,0,0,0,0,0.0,10,37,1,1.0
-0.0,11,1.0,2515,0,0,0,0,0.0,11,37,1,1.0
-0.0,12,1.0,2691,0,0,0,0,0.0,12,37,1,1.0
-0.0,13,1.0,2943,0,0,0,0,0.0,13,37,1,1.0
-0.0,14,1.0,3298,0,0,0,0,0.0,14,37,1,1.0
-0.0,15,1.0,3490,0,0,0,0,0.0,15,37,1,1.0
-0.0,1,1.0,227,0,0,0,0,0.0,1,38,1,1.0
-0.0,2,1.0,467,0,0,0,0,0.0,2,38,1,1.0
-0.0,3,1.0,727,0,0,0,0,0.0,3,38,1,1.0
-0.0,4,1.0,954,0,0,0,0,0.0,4,38,1,1.0
-0.0,5,1.0,1206,0,0,0,0,0.0,5,38,1,1.0
-0.0,6,1.0,1448,0,0,0,0,0.0,6,38,1,1.0
-0.0,7,1.0,1701,0,0,0,0,0.0,7,38,1,1.0
-0.0,8,1.0,1933,0,0,0,0,0.0,8,38,1,1.0
-0.0,9,1.0,2211,0,0,0,0,0.0,9,38,1,1.0
-0.0,10,1.0,2410,0,0,0,0,0.0,10,38,1,1.0
-0.0,11,1.0,2641,0,0,0,0,0.0,11,38,1,1.0
-0.0,12,1.0,2889,0,0,0,0,0.0,12,38,1,1.0
-0.0,13,1.0,3141,0,0,0,0,0.0,13,38,1,1.0
-0.0,14,1.0,3390,0,0,0,0,0.0,14,38,1,1.0
-0.0,15,1.0,3621,0,0,0,0,0.0,15,38,1,1.0
-0.0,1,1.0,544,0,0,0,0,0.0,1,39,1,1.0
-0.0,2,1.0,995,0,0,0,0,0.0,2,39,1,1.0
-0.0,3,1.0,1520,0,0,0,0,0.0,3,39,1,1.0
-0.0,4,1.0,2019,0,0,0,0,0.0,4,39,1,1.0
-0.0,5,1.0,2624,0,0,0,0,0.0,5,39,1,1.0
-0.0,6,1.0,3190,0,0,0,0,0.0,6,39,1,1.0
-0.0,7,1.0,3844,0,0,0,0,0.0,7,39,1,1.0
-0.0,8,1.0,4433,0,0,0,0,0.0,8,39,1,1.0
0.34883209584303193,9,0.8888888888888888,5106,0,0,0,0,0.0,9,39,2,0.7777777777777778
0.3250829733914482,10,0.9,5831,0,0,0,0,0.0,10,39,2,0.8
0.6001660731596457,11,0.8181818181818182,6377,0,0,0,0,0.0,11,39,3,0.7272727272727273
0.5660857389596289,12,0.8333333333333334,6864,0,0,0,0,0.0,12,39,3,0.75
0.5359610497090694,13,0.8461538461538461,7384,0,0,0,0,0.0,13,39,3,0.7692307692307693
0.509137344082687,14,0.8571428571428571,8058,0,0,0,0,0.0,14,39,3,0.7857142857142857
0.7201248812718097,15,0.8,8572,0,0,0,0,0.0,15,39,4,0.7333333333333333
-0.0,1,1.0,287,0,0,0,0,0.0,1,40,1,1.0
-0.0,2,1.0,507,0,0,0,0,0.0,2,40,1,1.0
-0.0,3,1.0,753,0,0,0,0,0.0,3,40,1,1.0
-0.0,4,1.0,972,0,0,0,0,0.0,4,40,1,1.0
-0.0,5,1.0,1195,0,0,0,0,0.0,5,40,1,1.0
-0.0,6,1.0,1435,0,0,0,0,0.0,6,40,1,1.0
-0.0,7,1.0,1722,0,0,0,0,0.0,7,40,1,1.0
-0.0,8,1.0,2011,0,0,0,0,0.0,8,40,1,1.0
-0.0,9,1.0,2230,0,0,0,0,0.0,9,40,1,1.0
-0.0,10,1.0,2469,0,0,0,0,0.0,10,40,1,1.0
-0.0,11,1.0,2679,0,0,0,0,0.0,11,40,1,1.0
-0.0,12,1.0,2917,0,0,0,0,0.0,12,40,1,1.0
-0.0,13,1.0,3175,0,0,0,0,0.0,13,40,1,1.0
-0.0,14,1.0,3485,0,0,0,0,0.0,14,40,1,1.0
-0.0,15,1.0,3746,0,0,0,0,0.0,15,40,1,1.0
-0.0,1,1.0,538,1,1,0,1,0.0,1,41,1,1.0
0.6931471805599453,2,0.5,1198,1,1,0,1,0.0,2,41,2,0.0
1.0986122886681096,3,0.3333333333333333,1705,1,1,0,1,0.0,3,41,3,0.0
1.0397207708399179,4,0.5,2115,1,1,0,1,0.0,4,41,3,0.25
1.3321790402101223,5,0.4,2680,1,1,0,1,0.0,5,41,4,0.2
1.242453324894,6,0.5,3309,1,1,0,1,0.0,6,41,4,0.3333333333333333
1.277034259466139,7,0.42857142857142855,3899,1,1,0,1,0.0,7,41,4,0.14285714285714285
1.2554823251787535,8,0.375,4429,1,1,0,1,0.0,8,41,4,0.0
1.310783678099714,9,0.3333333333333333,4945,1,1,0,1,0.0,9,41,4,0.0
1.2798542258336676,1,0.4,5523,0,0,0,0,0.0,10,41,4,0.1
1.2406842919533958,2,0.45454545454545453,6015,0,0,0,0,0.0,11,41,4,0.18181818181818182
1.198849312913621,3,0.5,6602,0,0,0,0,0.0,12,41,4,0.25
1.1569876443452742,4,0.5384615384615384,7189,0,0,0,0,0.0,13,41,4,0.3076923076923077
1.1163670752893367,5,0.5714285714285714,7770,0,0,0,0,0.0,14,41,4,0.35714285714285715
1.0775733728921972,6,0.6,8293,0,0,0,0,0.0,15,41,4,0.4
-0.0,1,1.0,400,0,0,0,0,0.0,1,42,1,1.0
-0.0,2,1.0,685,0,0,0,0,0.0,2,42,1,1.0
-0.0,3,1.0,962,0,0,0,0,0.0,3,42,1,1.0
-0.0,4,1.0,1382,0,0,0,0,0.0,4,42,1,1.0
-0.0,5,1.0,1652,0,0,0,0,0.0,5,42,1,1.0
-0.0,6,1.0,1931,0,0,0,0,0.0,6,42,1,1.0
-0.0,7,1.0,2218,0,0,0,0,0.0,7,42,1,1.0
-0.0,8,1.0,2469,0,0,0,0,0.0,8,42,1,1.0
-0.0,9,1.0,2746,0,0,0,0,0.0,9,42,1,1.0
-0.0,10,1.0,3031,0,0,0,0,0.0,10,42,1,1.0
-0.0,11,1.0,3344,0,0,0,0,0.0,11,42,1,1.0
-0.0,12,1.0,3659,0,0,0,0,0.0,12,42,1,1.0
-0.0,13,1.0,3919,0,0,0,0,0.0,13,42,1,1.0
-0.0,14,1.0,4206,0,0,0,0,0.0,14,42,1,1.0
-0.0,15,1.0,4514,0,0,0,0,0.0,15,42,1,1.0
-0.0,1,1.0,705,1,0,0,0,0.0,1,43,1,1.0
0.6931471805599453,2,0.5,1253,1,0,0,0,0.0,2,43,2,0.0
0.6365141682948128,1,0.6666666666666666,1885,0,0,0,0,0.0,3,43,2,0.3333333333333333
0.5623351446188083,2,0.75,2715,0,0,0,0,0.0,4,43,2,0.5
0.9502705392332347,3,0.6,3591,0,0,0,0,0.0,5,43,3,0.4
1.242453324894,4,0.5,4311,0,0,0,0,0.0,6,43,4,0.3333333333333333
1.1537419427010902,5,0.5714285714285714,4820,0,0,0,0,0.0,7,43,4,0.42857142857142855
1.3862943611198906,6,0.5,5451,0,0,0,0,0.0,8,43,5,0.375
1.303092403761719,7,0.5555555555555556,6120,0,0,0,0,0.0,9,43,5,0.4444444444444444
1.2275294114572126,8,0.6,6613,0,0,0,0,0.0,10,43,5,0.5
1.4205719259467042,9,0.5454545454545454,7262,0,0,0,0,0.0,11,43,6,0.45454545454545453
1.349792396172401,10,0.5833333333333334,7856,0,0,0,0,0.0,12,43,6,0.5
1.4105135571148382,11,0.5384615384615384,8600,0,0,0,0,0.0,13,43,6,0.38461538461538464
1.567081229293324,12,0.5,9458,0,0,0,0,0.0,14,43,7,0.35714285714285715
1.7075391741350712,13,0.4666666666666667,10482,0,0,0,0,0.0,15,43,8,0.3333333333333333
-0.0,1,1.0,564,0,0,0,0,0.0,1,44,1,1.0
-0.0,2,1.0,1006,0,0,0,0,0.0,2,44,1,1.0
-0.0,3,1.0,1507,0,0,0,0,0.0,3,44,1,1.0
-0.0,4,1.0,1898,0,0,0,0,0.0,4,44,1,1.0
-0.0,5,1.0,2365,0,0,0,0,0.0,5,44,1,1.0
-0.0,6,1.0,2748,0,0,0,0,0.0,6,44,1,1.0
-0.0,7,1.0,3133,0,0,0,0,0.0,7,44,1,1.0
-0.0,8,1.0,3601,0,0,0,0,0.0,8,44,1,1.0
-0.0,9,1.0,4138,0,0,0,0,0.0,9,44,1,1.0
-0.0,10,1.0,4735,0,0,0,0,0.0,10,44,1,1.0
-0.0,11,1.0,5332,0,0,0,0,0.0,11,44,1,1.0
-0.0,12,1.0,5802,0,0,0,0,0.0,12,44,1,1.0
-0.0,13,1.0,6270,0,0,0,0,0.0,13,44,1,1.0
-0.0,14,1.0,6803,0,0,0,0,0.0,14,44,1,1.0
-0.0,15,1.0,7317,0,0,0,0,0.0,15,44,1,1.0
-0.0,1,1.0,335,0,0,0,0,0.0,1,45,1,1.0
-0.0,2,1.0,703,0,0,0,0,0.0,2,45,1,1.0
-0.0,3,1.0,1001,0,0,0,0,0.0,3,45,1,1.0
-0.0,4,1.0,1286,0,0,0,0,0.0,4,45,1,1.0
-0.0,5,1.0,1575,0,0,0,0,0.0,5,45,1,1.0
-0.0,6,1.0,1921,0,0,0,0,0.0,6,45,1,1.0
-0.0,7,1.0,2277,0,0,0,0,0.0,7,45,1,1.0
-0.0,8,1.0,2690,0,0,0,0,0.0,8,45,1,1.0
-0.0,9,1.0,3288,0,0,0,0,0.0,9,45,1,1.0
-0.0,10,1.0,3670,0,0,0,0,0.0,10,45,1,1.0
-0.0,11,1.0,4100,0,0,0,0,0.0,11,45,1,1.0
-0.0,12,1.0,4401,0,0,0,0,0.0,12,45,1,1.0
-0.0,13,1.0,4754,0,0,0,0,0.0,13,45,1,1.0
-0.0,14,1.0,5044,0,0,0,0,0.0,14,45,1,1.0
-0.0,15,1.0,5449,0,0,0,0,0.0,15,45,1,1.0
-0.0,1,1.0,534,0,0,0,0,0.0,1,46,1,1.0
-0.0,2,1.0,1558,0,0,0,0,0.5,2,46,1,1.0
-0.0,3,1.0,2582,0,0,0,0,0.6666666666666666,3,46,1,1.0
-0.0,4,1.0,3606,0,0,0,0,0.75,4,46,1,1.0
0.6931471805599453,5,0.5,4630,0,0,0,0,0.6,5,46,2,0.0
0.6365141682948128,6,0.6666666666666666,5190,0,0,0,0,0.5,6,46,2,0.3333333333333333
0.5623351446188083,7,0.75,6156,0,0,0,0,0.42857142857142855,7,46,2,0.5
0.5004024235381879,8,0.8,6961,0,0,0,0,0.375,8,46,2,0.6
0.6365141682948128,9,0.6666666666666666,7884,0,0,0,0,0.3333333333333333,9,46,2,0.3333333333333333
0.5982695885852573,10,0.7142857142857143,8893,0,0,0,0,0.3,10,46,2,0.42857142857142855
0.6615632381579821,11,0.625,9695,0,0,0,0,0.2727272727272727,11,46,2,0.25
0.6869615765973234,12,0.5555555555555556,10355,0,0,0,0,0.25,12,46,2,0.1111111111111111
0.6730116670092565,13,0.6,11146,0,0,0,0,0.23076923076923078,13,46,2,0.2
0.6554817739013927,14,0.6363636363636364,12034,0,0,0,0,0.21428571428571427,14,46,2,0.2727272727272727
0.6365141682948128,15,0.6666666666666666,12744,0,0,0,0,0.2,15,46,2,0.3333333333333333
-0.0,1,1.0,434,0,0,0,0,0.0,1,47,1,1.0
-0.0,2,1.0,787,0,0,0,0,0.0,2,47,1,1.0
-0.0,3,1.0,1221,0,0,0,0,0.0,3,47,1,1.0
-0.0,4,1.0,1627,0,0,0,0,0.0,4,47,1,1.0
-0.0,5,1.0,2109,0,0,0,0,0.0,5,47,1,1.0
-0.0,6,1.0,2618,0,0,0,0,0.0,6,47,1,1.0
-0.0,7,1.0,3036,0,0,0,0,0.0,7,47,1,1.0
-0.0,8,1.0,3497,0,0,0,0,0.0,8,47,1,1.0
-0.0,9,1.0,3931,0,0,0,0,0.0,9,47,1,1.0
-0.0,10,1.0,4261,0,0,0,0,0.0,10,47,1,1.0
-0.0,11,1.0,4862,0,0,0,0,0.0,11,47,1,1.0
-0.0,12,1.0,5279,0,0,0,0,0.0,12,47,1,1.0
-0.0,13,1.0,5692,0,0,0,0,0.0,13,47,1,1.0
-0.0,14,1.0,6123,0,0,0,0,0.0,14,47,1,1.0
-0.0,15,1.0,6536,0,0,0,0,0.0,15,47,1,1.0
-0.0,1,1.0,208,0,0,0,0,0.0,1,48,1,1.0
-0.0,2,1.0,462,0,0,0,0,0.0,2,48,1,1.0
-0.0,3,1.0,725,0,0,0,0,0.0,3,48,1,1.0
-0.0,4,1.0,1749,0,0,0,0,0.0,4,48,1,1.0
-0.0,5,1.0,1994,0,0,0,0,0.0,5,48,1,1.0
-0.0,6,1.0,2231,0,0,0,0,0.0,6,48,1,1.0
-0.0,7,1.0,3255,0,0,0,0,0.0,7,48,1,1.0
-0.0,8,1.0,3534,0,0,0,0,0.0,8,48,1,1.0
-0.0,9,1.0,3771,0,0,0,0,0.0,9,48,1,1.0
0.3250829733914482,10,0.9,4050,0,0,0,0,0.0,10,48,2,0.8
0.30463609734923813,11,0.9090909090909091,4344,0,0,0,0,0.0,11,48,2,0.8181818181818182
0.2868359830561607,12,0.9166666666666666,4561,0,0,0,0,0.0,12,48,2,0.8333333333333334
0.2711893730418441,13,0.9230769230769231,4830,0,0,0,0,0.0,13,48,2,0.8461538461538461
0.25731864054383163,14,0.9285714285714286,5052,0,0,0,0,0.0,14,48,2,0.8571428571428571
0.24493002679463532,15,0.9333333333333333,5325,0,0,0,0,0.0,15,48,2,0.8666666666666667
-0.0,1,1.0,267,0,0,0,0,0.0,1,49,1,1.0
-0.0,2,1.0,526,0,0,0,0,0.0,2,49,1,1.0
-0.0,3,1.0,805,0,0,0,0,0.0,3,49,1,1.0
-0.0,4,1.0,1086,0,0,0,0,0.0,4,49,1,1.0
-0.0,5,1.0,1381,0,0,0,0,0.0,5,49,1,1.0
-0.0,6,1.0,1660,0,0,0,0,0.0,6,49,1,1.0
-0.0,7,1.0,2031,0,0,0,0,0.0,7,49,1,1.0
-0.0,8,1.0,2269,0,0,0,0,0.0,8,49,1,1.0
-0.0,9,1.0,2629,0,0,0,0,0.0,9,49,1,1.0
-0.0,10,1.0,2908,0,0,0,0,0.0,10,49,1,1.0
-0.0,11,1.0,3172,0,0,0,0,0.0,11,49,1,1.0
-0.0,12,1.0,3441,0,0,0,0,0.0,12,49,1,1.0
-0.0,13,1.0,3703,0,0,0,0,0.0,13,49,1,1.0
-0.0,14,1.0,3964,0,0,0,0,0.0,14,49,1,1.0
-0.0,15,1.0,4196,0,0,0,0,0.0,15,49,1,1.0
-0.0,1,1.0,731,1,1,1,0,0.0,1,50,1,1.0
0.6931471805599453,2,0.5,1324,1,1,1,0,0.0,2,50,2,0.0
1.0986122886681096,3,0.3333333333333333,1959,1,1,1,0,0.0,3,50,3,0.0
1.0397207708399179,1,0.5,2591,1,1,1,0,0.0,4,50,3,0.25
1.0549201679861442,2,0.4,3552,1,1,1,0,0.0,5,50,3,0.0
1.0114042647073518,1,0.5,4221,0,0,0,0,0.0,6,50,3,0.16666666666666666
0.9556998911125343,2,0.5714285714285714,5188,0,0,0,0,0.0,7,50,3,0.2857142857142857
0.9743147528693494,3,0.5,5898,0,0,0,0,0.0,8,50,3,0.125
0.936888307539016,4,0.5555555555555556,6425,0,0,0,0,0.0,9,50,3,0.2222222222222222
0.9433483923290392,5,0.5,7000,0,0,0,0,0.0,10,50,3,0.1
0.9164648855394713,6,0.5454545454545454,7994,0,0,0,0,0.0,11,50,3,0.18181818181818182
0.887694275799104,7,0.5833333333333334,8936,0,0,0,0,0.0,12,50,3,0.25
0.9839614460010255,8,0.5384615384615384,9689,0,0,0,0,0.0,13,50,3,0.23076923076923078
1.0346012329101812,9,0.5,10313,0,0,0,0,0.0,14,50,3,0.21428571428571427
1.009613758174038,10,0.5333333333333333,11321,0,0,0,0,0.0,15,50,3,0.26666666666666666
-0.0,1,1.0,691,0,0,0,0,0.0,1,51,1,1.0
-0.0,2,1.0,1357,0,0,0,0,0.0,2,51,1,1.0
-0.0,3,1.0,2320,0,0,0,0,0.3333333333333333,3,51,1,1.0
-0.0,4,1.0,3004,0,0,0,0,0.25,4,51,1,1.0
-0.0,5,1.0,3676,0,0,0,0,0.2,5,51,1,1.0
-0.0,6,1.0,4376,0,0,0,0,0.16666666666666666,6,51,1,1.0
-0.0,7,1.0,5400,0,0,0,0,0.2857142857142857,7,51,1,1.0
-0.0,8,1.0,6424,0,0,0,0,0.25,8,51,1,1.0
-0.0,9,1.0,7097,0,0,0,0,0.2222222222222222,9,51,1,1.0
-0.0,10,1.0,7912,0,0,0,0,0.2,10,51,1,1.0
-0.0,11,1.0,8592,0,0,0,0,0.18181818181818182,11,51,1,1.0
-0.0,12,1.0,9616,0,0,0,0,0.25,12,51,1,1.0
-0.0,13,1.0,10311,0,0,0,0,0.23076923076923078,13,51,1,1.0
-0.0,14,1.0,10973,0,0,0,0,0.21428571428571427,14,51,1,1.0
-0.0,15,1.0,11658,0,0,0,0,0.2,15,51,1,1.0
-0.0,1,1.0,297,0,0,0,0,0.0,1,52,1,1.0
-0.0,2,1.0,567,0,0,0,0,0.0,2,52,1,1.0
-0.0,3,1.0,877,0,0,0,0,0.0,3,52,1,1.0
-0.0,4,1.0,1201,0,0,0,0,0.0,4,52,1,1.0
-0.0,5,1.0,1398,0,0,0,0,0.0,5,52,1,1.0
-0.0,6,1.0,1695,0,0,0,0,0.0,6,52,1,1.0
-0.0,7,1.0,2104,0,0,0,0,0.0,7,52,1,1.0
-0.0,8,1.0,2348,0,0,0,0,0.0,8,52,1,1.0
-0.0,9,1.0,2683,0,0,0,0,0.0,9,52,1,1.0
-0.0,10,1.0,2941,0,0,0,0,0.0,10,52,1,1.0
-0.0,11,1.0,3336,0,0,0,0,0.0,11,52,1,1.0
-0.0,12,1.0,3618,0,0,0,0,0.0,12,52,1,1.0
-0.0,13,1.0,3965,0,0,0,0,0.0,13,52,1,1.0
-0.0,14,1.0,4282,0,0,0,0,0.0,14,52,1,1.0
-0.0,15,1.0,4646,0,0,0,0,0.0,15,52,1,1.0
-0.0,1,1.0,353,0,0,0,0,0.0,1,53,1,1.0
-0.0,2,1.0,757,0,0,0,0,0.0,2,53,1,1.0
-0.0,3,1.0,1083,0,0,0,0,0.0,3,53,1,1.0
-0.0,4,1.0,1340,0,0,0,0,0.0,4,53,1,1.0
-0.0,5,1.0,1616,0,0,0,0,0.0,5,53,1,1.0
-0.0,6,1.0,1978,0,0,0,0,0.0,6,53,1,1.0
-0.0,7,1.0,2234,0,0,0,0,0.0,7,53,1,1.0
-0.0,8,1.0,2530,0,0,0,0,0.0,8,53,1,1.0
-0.0,9,1.0,2899,0,0,0,0,0.0,9,53,1,1.0
-0.0,10,1.0,3199,0,0,0,0,0.0,10,53,1,1.0
-0.0,11,1.0,3469,0,0,0,0,0.0,11,53,1,1.0
-0.0,12,1.0,4493,0,0,0,0,0.0,12,53,1,1.0
-0.0,13,1.0,4901,0,0,0,0,0.0,13,53,1,1.0
-0.0,14,1.0,5190,0,0,0,0,0.0,14,53,1,1.0
-0.0,15,1.0,5528,0,0,0,0,0.0,15,53,1,1.0
-0.0,1,1.0,293,0,0,0,0,0.0,1,54,1,1.0
-0.0,2,1.0,578,0,0,0,0,0.0,2,54,1,1.0
-0.0,3,1.0,865,0,0,0,0,0.0,3,54,1,1.0
-0.0,4,1.0,1167,0,0,0,0,0.0,4,54,1,1.0
-0.0,5,1.0,1465,0,0,0,0,0.0,5,54,1,1.0
-0.0,6,1.0,1767,0,0,0,0,0.0,6,54,1,1.0
-0.0,7,1.0,2073,0,0,0,0,0.0,7,54,1,1.0
-0.0,8,1.0,2361,0,0,0,0,0.0,8,54,1,1.0
-0.0,9,1.0,2663,0,0,0,0,0.0,9,54,1,1.0
-0.0,10,1.0,2955,0,0,0,0,0.0,10,54,1,1.0
-0.0,11,1.0,3253,0,0,0,0,0.0,11,54,1,1.0
-0.0,12,1.0,3550,0,0,0,0,0.0,12,54,1,1.0
-0.0,13,1.0,3837,0,0,0,0,0.0,13,54,1,1.0
-0.0,14,1.0,4168,0,0,0,0,0.0,14,54,1,1.0
-0.0,15,1.0,4467,0,0,0,0,0.0,15,54,1,1.0
-0.0,1,1.0,417,0,0,0,0,0.0,1,55,1,1.0
-0.0,2,1.0,808,0,0,0,0,0.0,2,55,1,1.0
-0.0,3,1.0,1141,0,0,0,0,0.0,3,55,1,1.0
-0.0,4,1.0,1456,0,0,0,0,0.0,4,55,1,1.0
-0.0,5,1.0,1815,0,0,0,0,0.0,5,55,1,1.0
-0.0,6,1.0,2181,0,0,0,0,0.0,6,55,1,1.0
-0.0,7,1.0,2478,0,0,0,0,0.0,7,55,1,1.0
-0.0,8,1.0,2818,0,0,0,0,0.0,8,55,1,1.0
-0.0,9,1.0,3207,0,0,0,0,0.0,9,55,1,1.0
-0.0,10,1.0,3563,0,0,0,0,0.0,10,55,1,1.0
-0.0,11,1.0,3860,0,0,0,0,0.0,11,55,1,1.0
-0.0,12,1.0,4217,0,0,0,0,0.0,12,55,1,1.0
-0.0,13,1.0,4562,0,0,0,0,0.0,13,55,1,1.0
-0.0,14,1.0,4908,0,0,0,0,0.0,14,55,1,1.0
-0.0,15,1.0,5254,0,0,0,0,0.0,15,55,1,1.0
-0.0,1,1.0,199,0,0,0,0,0.0,1,56,1,1.0
-0.0,2,1.0,399,0,0,0,0,0.0,2,56,1,1.0
-0.0,3,1.0,597,0,0,0,0,0.0,3,56,1,1.0
-0.0,4,1.0,802,0,0,0,0,0.0,4,56,1,1.0
-0.0,5,1.0,991,0,0,0,0,0.0,5,56,1,1.0
-0.0,6,1.0,1191,0,0,0,0,0.0,6,56,1,1.0
-0.0,7,1.0,1391,0,0,0,0,0.0,7,56,1,1.0
-0.0,8,1.0,1580,0,0,0,0,0.0,8,56,1,1.0
-0.0,9,1.0,1774,0,0,0,0,0.0,9,56,1,1.0
-0.0,10,1.0,1969,0,0,0,0,0.0,10,56,1,1.0
-0.0,11,1.0,2163,0,0,0,0,0.0,11,56,1,1.0
-0.0,12,1.0,2363,0,0,0,0,0.0,12,56,1,1.0
-0.0,13,1.0,2563,0,0,0,0,0.0,13,56,1,1.0
-0.0,14,1.0,2733,0,0,0,0,0.0,14,56,1,1.0
-0.0,15,1.0,2895,0,0,0,0,0.0,15,56,1,1.0
-0.0,1,1.0,528,0,0,0,0,0.0,1,57,1,1.0
-0.0,2,1.0,1256,0,0,0,0,0.0,2,57,1,1.0
-0.0,3,1.0,1491,0,0,0,0,0.0,3,57,1,1.0
-0.0,4,1.0,1903,0,0,0,0,0.0,4,57,1,1.0
-0.0,5,1.0,2530,0,0,0,0,0.0,5,57,1,1.0
-0.0,6,1.0,3188,0,0,0,0,0.0,6,57,1,1.0
-0.0,7,1.0,3424,0,0,0,0,0.0,7,57,1,1.0
-0.0,8,1.0,3716,0,0,0,0,0.0,8,57,1,1.0
-0.0,9,1.0,4382,0,0,0,0,0.0,9,57,1,1.0
-0.0,10,1.0,4763,0,0,0,0,0.0,10,57,1,1.0
-0.0,11,1.0,5306,0,0,0,0,0.0,11,57,1,1.0
-0.0,12,1.0,5902,0,0,0,0,0.0,12,57,1,1.0
-0.0,13,1.0,6926,0,0,0,0,0.0,13,57,1,1.0
-0.0,14,1.0,7472,0,0,0,0,0.0,14,57,1,1.0
-0.0,15,1.0,8113,0,0,0,0,0.0,15,57,1,1.0
-0.0,1,1.0,344,0,0,0,0,0.0,1,58,1,1.0
-0.0,2,1.0,582,0,0,0,0,0.0,2,58,1,1.0
0.6365141682948128,3,0.6666666666666666,806,0,0,0,0,0.0,3,58,2,0.3333333333333333
0.5623351446188083,4,0.75,1033,0,0,0,0,0.0,4,58,2,0.5
0.5004024235381879,5,0.8,1242,0,0,0,0,0.0,5,58,2,0.6
0.6365141682948128,6,0.6666666666666666,1436,0,0,0,0,0.0,6,58,2,0.3333333333333333
0.5982695885852573,7,0.7142857142857143,1609,0,0,0,0,0.0,7,58,2,0.42857142857142855
0.9002560512685369,8,0.625,1940,0,0,0,0,0.0,8,58,3,0.375
0.8486855577264172,9,0.6666666666666666,2393,0,0,0,0,0.0,9,58,3,0.4444444444444444
0.8018185525433373,10,0.7,2592,0,0,0,0,0.0,10,58,3,0.5
0.7595473914748635,11,0.7272727272727273,2776,0,0,0,0,0.0,11,58,3,0.5454545454545454
0.7214636866925115,12,0.75,2987,0,0,0,0,0.0,12,58,3,0.5833333333333334
0.6870920273799715,13,0.7692307692307693,3301,0,0,0,0,0.0,13,58,3,0.6153846153846154
0.6559757323365467,14,0.7857142857142857,3697,0,0,0,0,0.0,14,58,3,0.6428571428571429
0.7298712099831165,15,0.7333333333333333,3921,0,0,0,0,0.0,15,58,3,0.5333333333333333
-0.0,1,1.0,413,0,0,0,0,0.0,1,59,1,1.0
-0.0,2,1.0,845,0,0,0,0,0.0,2,59,1,1.0
-0.0,3,1.0,1269,0,0,0,0,0.0,3,59,1,1.0
-0.0,4,1.0,1737,0,0,0,0,0.0,4,59,1,1.0
-0.0,5,1.0,2158,0,0,0,0,0.0,5,59,1,1.0
-0.0,6,1.0,2584,0,0,0,0,0.0,6,59,1,1.0
-0.0,7,1.0,3048,0,0,0,0,0.0,7,59,1,1.0
-0.0,8,1.0,3556,0,0,0,0,0.0,8,59,1,1.0
-0.0,9,1.0,4007,0,0,0,0,0.0,9,59,1,1.0
-0.0,10,1.0,4497,0,0,0,0,0.0,10,59,1,1.0
-0.0,11,1.0,4934,0,0,0,0,0.0,11,59,1,1.0
-0.0,12,1.0,5347,0,0,0,0,0.0,12,59,1,1.0
-0.0,13,1.0,5745,0,0,0,0,0.0,13,59,1,1.0
-0.0,14,1.0,6174,0,0,0,0,0.0,14,59,1,1.0
-0.0,15,1.0,6627,0,0,0,0,0.0,15,59,1,1.0
,0,,1024,1,0,0,0,1.0,1,60,0,
,0,,2048,1,0,0,0,1.0,2,60,0,
,0,,3072,1,0,0,0,1.0,3,60,0,
-0.0,1,1.0,4072,1,0,0,0,0.75,4,60,1,1.0
0.6931471805599453,2,0.5,5096,1,0,0,0,0.6,5,60,2,0.0
1.0986122886681096,3,0.3333333333333333,6029,1,0,0,0,0.5,6,60,3,0.0
1.3862943611198906,4,0.25,6959,1,0,0,0,0.42857142857142855,7,60,4,0.0
1.3321790402101223,1,0.4,7948,0,0,0,0,0.375,8,60,4,0.2
1.3321790402101223,2,0.4,8972,0,0,0,0,0.4444444444444444,9,60,4,0.2
1.5607104090414063,3,0.3333333333333333,9900,0,0,0,0,0.4,10,60,5,0.16666666666666666
1.5607104090414063,4,0.3333333333333333,10924,0,0,0,0,0.45454545454545453,11,60,5,0.16666666666666666
1.5607104090414063,5,0.3333333333333333,11948,0,0,0,0,0.5,12,60,5,0.16666666666666666
1.7478680974667573,6,0.2857142857142857,12935,0,0,0,0,0.46153846153846156,13,60,6,0.14285714285714285
1.7478680974667573,7,0.2857142857142857,13959,0,0,0,0,0.5,14,60,6,0.14285714285714285
1.7478680974667573,8,0.2857142857142857,14983,0,0,0,0,0.5333333333333333,15,60,6,0.14285714285714285
-0.0,1,1.0,386,0,0,0,0,0.0,1,61,1,1.0
-0.0,2,1.0,742,0,0,0,0,0.0,2,61,1,1.0
-0.0,3,1.0,1094,0,0,0,0,0.0,3,61,1,1.0
-0.0,4,1.0,1453,0,0,0,0,0.0,4,61,1,1.0
-0.0,5,1.0,1869,0,0,0,0,0.0,5,61,1,1.0
-0.0,6,1.0,2221,0,0,0,0,0.0,6,61,1,1.0
-0.0,7,1.0,2680,0,0,0,0,0.0,7,61,1,1.0
-0.0,8,1.0,2998,0,0,0,0,0.0,8,61,1,1.0
-0.0,9,1.0,3399,0,0,0,0,0.0,9,61,1,1.0
-0.0,10,1.0,3713,0,0,0,0,0.0,10,61,1,1.0
-0.0,11,1.0,4088,0,0,0,0,0.0,11,61,1,1.0
-0.0,12,1.0,4439,0,0,0,0,0.0,12,61,1,1.0
-0.0,13,1.0,4755,0,0,0,0,0.0,13,61,1,1.0
-0.0,14,1.0,5208,0,0,0,0,0.0,14,61,1,1.0
-0.0,15,1.0,5593,0,0,0,0,0.0,15,61,1,1.0
-0.0,1,1.0,695,1,0,0,0,0.0,1,62,1,1.0
0.6931471805599453,2,0.5,1517,1,0,0,0,0.0,2,62,2,0.0
1.0986122886681096,3,0.3333333333333333,2225,1,0,0,0,0.0,3,62,3,0.0
1.3862943611198906,4,0.25,3249,1,0,0,0,0.0,4,62,4,0.0
1.3321790402101223,1,0.4,3998,1,1,0,1,0.0,5,62,4,0.2
1.3296613488547582,1,0.3333333333333333,5022,1,0,0,0,0.0,6,62,4,0.0
1.277034259466139,1,0.42857142857142855,5758,1,1,0,1,0.0,7,62,4,0.14285714285714285
1.3208883431493221,2,0.375,6665,1,1,0,1,0.0,8,62,4,0.125
1.310783678099714,1,0.3333333333333333,7583,0,0,0,0,0.0,9,62,4,0.0
1.313834033192747,1,0.3,8323,1,0,0,0,0.0,10,62,4,0.0
1.2945451658448959,1,0.36363636363636365,9056,0,0,0,0,0.0,11,62,4,0.09090909090909091
1.2650013752730702,2,0.4166666666666667,9822,0,0,0,0,0.0,12,62,4,0.16666666666666666
1.2658567518727373,3,0.38461538461538464,10601,0,0,0,0,0.0,13,62,4,0.07692307692307693
1.4327570529970877,4,0.35714285714285715,11318,0,0,0,0,0.0,14,62,5,0.07142857142857142
1.415369135079188,5,0.3333333333333333,11889,0,0,0,0,0.0,15,62,5,0.0
-0.0,1,1.0,635,1,0,0,0,0.0,1,63,1,1.0
0.6931471805599453,2,0.5,1137,1,0,0,0,0.0,2,63,2,0.0
0.6365141682948128,1,0.6666666666666666,1650,0,0,0,0,0.0,3,63,2,0.3333333333333333
0.5623351446188083,2,0.75,2169,0,0,0,0,0.0,4,63,2,0.5
0.5004024235381879,3,0.8,2665,0,0,0,0,0.0,5,63,2,0.6
0.45056120886630463,4,0.8333333333333334,3178,0,0,0,0,0.0,6,63,2,0.6666666666666666
0.410116318288409,5,0.8571428571428571,3703,0,0,0,0,0.0,7,63,2,0.7142857142857143
0.7356219397587946,6,0.75,4466,0,0,0,0,0.0,8,63,3,0.625
0.6837389058487535,7,0.7777777777777778,5070,0,0,0,0,0.0,9,63,3,0.6666666666666666
0.639031859650177,8,0.8,5589,0,0,0,0,0.0,10,63,3,0.7
0.6001660731596457,9,0.8181818181818182,6077,0,0,0,0,0.0,11,63,3,0.7272727272727273
0.5660857389596289,10,0.8333333333333334,6613,0,0,0,0,0.0,12,63,3,0.75
0.5359610497090694,11,0.8461538461538461,7187,0,0,0,0,0.0,13,63,3,0.7692307692307693
0.509137344082687,12,0.8571428571428571,7725,0,0,0,0,0.0,14,63,3,0.7857142857142857
0.48509409130221154,13,0.8666666666666667,8363,0,0,0,0,0.0,15,63,3,0.8
,0,,1024,1,1,1,0,1.0,1,64,0,
-0.0,1,1.0,2048,1,1,1,0,0.5,2,64,1,1.0
0.6931471805599453,2,0.5,2589,1,1,1,0,0.3333333333333333,3,64,2,0.0
0.6931471805599453,3,0.5,3613,1,1,1,0,0.5,4,64,2,0.0
0.6931471805599453,4,0.5,4637,1,1,1,0,0.6,5,64,2,0.0
1.0986122886681096,5,0.3333333333333333,5062,1,1,1,0,0.5,6,64,3,0.0
1.0397207708399179,1,0.5,5522,0,0,0,0,0.42857142857142855,7,64,3,0.25
1.3321790402101223,2,0.4,6244,0,0,0,0,0.375,8,64,4,0.2
1.5607104090414063,3,0.3333333333333333,6880,0,0,0,0,0.3333333333333333,9,64,5,0.16666666666666666
1.5607104090414063,4,0.3333333333333333,7904,0,0,0,0,0.4,10,64,5,0.16666666666666666
1.5607104090414063,5,0.3333333333333333,8928,0,0,0,0,0.45454545454545453,11,64,5,0.16666666666666666
1.5607104090414063,6,0.3333333333333333,9952,0,0,0,0,0.5,12,64,5,0.16666666666666666
1.7478680974667573,7,0.2857142857142857,10832,0,0,0,0,0.46153846153846156,13,64,6,0.14285714285714285
1.6674619334292946,8,0.375,11825,0,0,0,0,0.42857142857142855,14,64,6,0.25
1.8310204811135162,9,0.3333333333333333,12318,0,0,0,0,0.4,15,64,7,0.2222222222222222
-0.0,1,1.0,232,0,0,0,0,0.0,1,65,1,1.0
-0.0,2,1.0,422,0,0,0,0,0.0,2,65,1,1.0
-0.0,3,1.0,611,0,0,0,0,0.0,3,65,1,1.0
-0.0,4,1.0,840,0,0,0,0,0.0,4,65,1,1.0
-0.0,5,1.0,1080,0,0,0,0,0.0,5,65,1,1.0
-0.0,6,1.0,1262,0,0,0,0,0.0,6,65,1,1.0
-0.0,7,1.0,1408,0,0,0,0,0.0,7,65,1,1.0
-0.0,8,1.0,1590,0,0,0,0,0.0,8,65,1,1.0
-0.0,9,1.0,1780,0,0,0,0,0.0,9,65,1,1.0
0.3250829733914482,10,0.9,1991,0,0,0,0,0.0,10,65,2,0.8
0.30463609734923813,11,0.9090909090909091,2160,0,0,0,0,0.0,11,65,2,0.8181818181818182
0.2868359830561607,12,0.9166666666666666,2402,0,0,0,0,0.0,12,65,2,0.8333333333333334
0.2711893730418441,13,0.9230769230769231,2609,0,0,0,0,0.0,13,65,2,0.8461538461538461
0.25731864054383163,14,0.9285714285714286,2794,0,0,0,0,0.0,14,65,2,0.8571428571428571
0.24493002679463532,15,0.9333333333333333,3051,0,0,0,0,0.0,15,65,2,0.8666666666666667
-0.0,1,1.0,369,0,0,0,0,0.0,1,66,1,1.0
-0.0,2,1.0,775,0,0,0,0,0.0,2,66,1,1.0
-0.0,3,1.0,1082,0,0,0,0,0.0,3,66,1,1.0
-0.0,4,1.0,1421,0,0,0,0,0.0,4,66,1,1.0
-0.0,5,1.0,1774,0,0,0,0,0.0,5,66,1,1.0
-0.0,6,1.0,2168,0,0,0,0,0.0,6,66,1,1.0
-0.0,7,1.0,2532,0,0,0,0,0.0,7,66,1,1.0
-0.0,8,1.0,2954,0,0,0,0,0.0,8,66,1,1.0
-0.0,9,1.0,3403,0,0,0,0,0.0,9,66,1,1.0
-0.0,10,1.0,3946,0,0,0,0,0.0,10,66,1,1.0
-0.0,11,1.0,4306,0,0,0,0,0.0,11,66,1,1.0
-0.0,12,1.0,4803,0,0,0,0,0.0,12,66,1,1.0
-0.0,13,1.0,5172,0,0,0,0,0.0,13,66,1,1.0
-0.0,14,1.0,5575,0,0,0,0,0.0,14,66,1,1.0
-0.0,15,1.0,6023,0,0,0,0,0.0,15,66,1,1.0
-0.0,1,1.0,309,0,0,0,0,0.0,1,67,1,1.0
0.6931471805599453,2,0.5,809,0,0,0,0,0.0,2,67,2,0.0
0.6365141682948128,3,0.6666666666666666,1181,0,0,0,0,0.0,3,67,2,0.3333333333333333
0.5623351446188083,4,0.75,1539,0,0,0,0,0.0,4,67,2,0.5
0.6730116670092565,5,0.6,1837,0,0,0,0,0.0,5,67,2,0.2
0.6365141682948128,6,0.6666666666666666,2189,0,0,0,0,0.0,6,67,2,0.3333333333333333
0.5982695885852573,7,0.7142857142857143,2512,0,0,0,0,0.0,7,67,2,0.42857142857142855
0.5623351446188083,8,0.75,2799,0,0,0,0,0.0,8,67,2,0.5
0.5297061990576545,9,0.7777777777777778,3104,0,0,0,0,0.0,9,67,2,0.5555555555555556
0.5004024235381879,10,0.8,3452,0,0,0,0,0.0,10,67,2,0.6
0.5859526183035508,11,0.7272727272727273,3878,0,0,0,0,0.0,11,67,2,0.45454545454545453
0.5623351446188083,12,0.75,4239,0,0,0,0,0.0,12,67,2,0.5
0.5402041423888608,13,0.7692307692307693,4582,0,0,0,0,0.0,13,67,2,0.5384615384615384
0.5195798391305154,14,0.7857142857142857,4928,0,0,0,0,0.0,14,67,2,0.5714285714285714
0.5004024235381879,15,0.8,5232,0,0,0,0,0.0,15,67,2,0.6
-0.0,1,1.0,692,0,0,0,0,0.0,1,68,1,1.0
-0.0,2,1.0,1591,0,0,0,0,0.0,2,68,1,1.0
-0.0,3,1.0,2615,0,0,0,0,0.3333333333333333,3,68,1,1.0
0.6365141682948128,4,0.6666666666666666,3219,0,0,0,0,0.25,4,68,2,0.3333333333333333
0.6365141682948128,5,0.6666666666666666,4243,0,0,0,0,0.4,5,68,2,0.3333333333333333
0.5623351446188083,6,0.75,4661,0,0,0,0,0.3333333333333333,6,68,2,0.5
0.5004024235381879,7,0.8,5163,0,0,0,0,0.2857142857142857,7,68,2,0.6
0.6365141682948128,8,0.6666666666666666,5604,0,0,0,0,0.25,8,68,2,0.3333333333333333
0.6365141682948128,9,0.6666666666666666,6628,0,0,0,0,0.3333333333333333,9,68,2,0.3333333333333333
0.9556998911125343,10,0.5714285714285714,7326,0,0,0,0,0.3,10,68,3,0.2857142857142857
0.9002560512685369,11,0.625,8350,0,0,0,0,0.2727272727272727,11,68,3,0.375
0.936888307539016,12,0.5555555555555556,8884,0,0,0,0,0.25,12,68,3,0.2222222222222222
1.1682824501765625,13,0.5,9824,0,0,0,0,0.23076923076923078,13,68,4,0.2
1.1209503926735833,14,0.5454545454545454,10544,0,0,0,0,0.21428571428571427,14,68,4,0.2727272727272727
1.0751393240053735,15,0.5833333333333334,11024,0,0,0,0,0.2,15,68,4,0.3333333333333333
-0.0,1,1.0,381,0,0,0,0,0.0,1,69,1,1.0
-0.0,2,1.0,781,0,0,0,0,0.0,2,69,1,1.0
-0.0,3,1.0,1210,0,0,0,0,0.0,3,69,1,1.0
-0.0,4,1.0,1736,0,0,0,0,0.0,4,69,1,1.0
-0.0,5,1.0,2171,0,0,0,0,0.0,5,69,1,1.0
-0.0,6,1.0,2554,0,0,0,0,0.0,6,69,1,1.0
-0.0,7,1.0,2970,0,0,0,0,0.0,7,69,1,1.0
-0.0,8,1.0,3419,0,0,0,0,0.0,8,69,1,1.0
-0.0,9,1.0,3852,0,0,0,0,0.0,9,69,1,1.0
-0.0,10,1.0,4290,0,0,0,0,0.0,10,69,1,1.0
-0.0,11,1.0,4738,0,0,0,0,0.0,11,69,1,1.0
-0.0,12,1.0,5154,0,0,0,0,0.0,12,69,1,1.0
-0.0,13,1.0,5550,0,0,0,0,0.0,13,69,1,1.0
-0.0,14,1.0,6007,0,0,0,0,0.0,14,69,1,1.0
-0.0,15,1.0,6431,0,0,0,0,0.0,15,69,1,1.0
-0.0,1,1.0,485,0,0,0,0,0.0,1,70,1,1.0
-0.0,2,1.0,874,0,0,0,0,0.0,2,70,1,1.0
-0.0,3,1.0,1404,0,0,0,0,0.0,3,70,1,1.0
-0.0,4,1.0,1890,0,0,0,0,0.0,4,70,1,1.0
-0.0,5,1.0,2465,0,0,0,0,0.0,5,70,1,1.0
-0.0,6,1.0,2985,0,0,0,0,0.0,6,70,1,1.0
-0.0,7,1.0,3522,0,0,0,0,0.0,7,70,1,1.0
-0.0,8,1.0,4151,0,0,0,0,0.0,8,70,1,1.0
-0.0,9,1.0,4607,0,0,0,0,0.0,9,70,1,1.0
-0.0,10,1.0,5092,0,0,0,0,0.0,10,70,1,1.0
-0.0,11,1.0,5630,0,0,0,0,0.0,11,70,1,1.0
-0.0,12,1.0,6066,0,0,0,0,0.0,12,70,1,1.0
-0.0,13,1.0,6621,0,0,0,0,0.0,13,70,1,1.0
-0.0,14,1.0,7131,0,0,0,0,0.0,14,70,1,1.0
-0.0,15,1.0,7495,0,0,0,0,0.0,15,70,1,1.0
-0.0,1,1.0,308,1,1,1,0,0.0,1,71,1,1.0
0.6931471805599453,2,0.5,596,1,1,1,0,0.0,2,71,2,0.0
1.0986122886681096,3,0.3333333333333333,1620,1,1,1,0,0.0,3,71,3,0.0
1.0397207708399179,1,0.5,1900,0,0,0,0,0.0,4,71,3,0.25
1.3321790402101223,2,0.4,2159,0,0,0,0,0.0,5,71,4,0.2
1.242453324894,3,0.5,2449,0,0,0,0,0.0,6,71,4,0.3333333333333333
1.1537419427010902,4,0.5714285714285714,2754,0,0,0,0,0.0,7,71,4,0.42857142857142855
1.2130075659799042,5,0.5,3122,0,0,0,0,0.0,8,71,4,0.25
1.1490596969706202,6,0.5555555555555556,3528,0,0,0,0,0.0,9,71,4,0.3333333333333333
1.3592367006650063,7,0.5,4015,0,0,0,0,0.0,10,71,5,0.3
1.3667110520552042,8,0.45454545454545453,4328,0,0,0,0,0.0,11,71,5,0.18181818181818182
1.3143738430069454,9,0.5,4617,0,0,0,0,0.0,12,71,5,0.25
1.2636256721237273,10,0.5384615384615384,5134,0,0,0,0,0.0,13,71,5,0.3076923076923077
1.4306853360872926,11,0.5,5480,0,0,0,0,0.0,14,71,6,0.2857142857142857
1.3792922544726758,12,0.5333333333333333,5809,0,0,0,0,0.0,15,71,6,0.3333333333333333
-0.0,1,1.0,424,0,0,0,0,0.0,1,72,1,1.0
-0.0,2,1.0,734,0,0,0,0,0.0,2,72,1,1.0
-0.0,3,1.0,1038,0,0,0,0,0.0,3,72,1,1.0
-0.0,4,1.0,1474,0,0,0,0,0.0,4,72,1,1.0
-0.0,5,1.0,1876,0,0,0,0,0.0,5,72,1,1.0
-0.0,6,1.0,2286,0,0,0,0,0.0,6,72,1,1.0
-0.0,7,1.0,2686,0,0,0,0,0.0,7,72,1,1.0
-0.0,8,1.0,3113,0,0,0,0,0.0,8,72,1,1.0
-0.0,9,1.0,3530,0,0,0,0,0.0,9,72,1,1.0
-0.0,10,1.0,3937,0,0,0,0,0.0,10,72,1,1.0
-0.0,11,1.0,4365,0,0,0,0,0.0,11,72,1,1.0
-0.0,12,1.0,4669,0,0,0,0,0.0,12,72,1,1.0
-0.0,13,1.0,4994,0,0,0,0,0.0,13,72,1,1.0
-0.0,14,1.0,5294,0,0,0,0,0.0,14,72,1,1.0
-0.0,15,1.0,5558,0,0,0,0,0.0,15,72,1,1.0
-0.0,1,1.0,271,0,0,0,0,0.0,1,73,1,1.0
-0.0,2,1.0,1295,0,0,0,0,0.0,2,73,1,1.0
-0.0,3,1.0,1682,0,0,0,0,0.0,3,73,1,1.0
-0.0,4,1.0,2023,0,0,0,0,0.0,4,73,1,1.0
-0.0,5,1.0,2343,0,0,0,0,0.0,5,73,1,1.0
-0.0,6,1.0,2648,0,0,0,0,0.0,6,73,1,1.0
-0.0,7,1.0,2899,0,0,0,0,0.0,7,73,1,1.0
-0.0,8,1.0,3180,0,0,0,0,0.0,8,73,1,1.0
-0.0,9,1.0,3533,0,0,0,0,0.0,9,73,1,1.0
-0.0,10,1.0,3893,0,0,0,0,0.0,10,73,1,1.0
-0.0,11,1.0,4189,0,0,0,0,0.0,11,73,1,1.0
-0.0,12,1.0,4493,0,0,0,0,0.0,12,73,1,1.0
-0.0,13,1.0,4870,0,0,0,0,0.0,13,73,1,1.0
-0.0,14,1.0,5123,0,0,0,0,0.0,14,73,1,1.0
-0.0,15,1.0,5415,0,0,0,0,0.0,15,73,1,1.0
-0.0,1,1.0,453,0,0,0,0,0.0,1,74,1,1.0
-0.0,2,1.0,894,0,0,0,0,0.0,2,74,1,1.0
-0.0,3,1.0,1260,0,0,0,0,0.0,3,74,1,1.0
-0.0,4,1.0,1632,0,0,0,0,0.0,4,74,1,1.0
-0.0,5,1.0,1997,0,0,0,0,0.0,5,74,1,1.0
-0.0,6,1.0,2442,0,0,0,0,0.0,6,74,1,1.0
-0.0,7,1.0,2916,0,0,0,0,0.0,7,74,1,1.0
-0.0,8,1.0,3364,0,0,0,0,0.0,8,74,1,1.0
-0.0,9,1.0,3824,0,0,0,0,0.0,9,74,1,1.0
-0.0,10,1.0,4240,0,0,0,0,0.0,10,74,1,1.0
-0.0,11,1.0,4620,0,0,0,0,0.0,11,74,1,1.0
-0.0,12,1.0,5092,0,0,0,0,0.0,12,74,1,1.0
-0.0,13,1.0,5470,0,0,0,0,0.0,13,74,1,1.0
-0.0,14,1.0,6017,0,0,0,0,0.0,14,74,1,1.0
-0.0,15,1.0,6461,0,0,0,0,0.0,15,74,1,1.0
-0.0,1,1.0,1024,0,0,0,0,0.0,1,75,1,1.0
-0.0,2,1.0,1368,0,0,0,0,0.0,2,75,1,1.0
-0.0,3,1.0,1744,0,0,0,0,0.0,3,75,1,1.0
-0.0,4,1.0,2213,0,0,0,0,0.0,4,75,1,1.0
-0.0,5,1.0,2595,0,0,0,0,0.0,5,75,1,1.0
-0.0,6,1.0,3103,0,0,0,0,0.0,6,75,1,1.0
-0.0,7,1.0,3607,0,0,0,0,0.0,7,75,1,1.0
-0.0,8,1.0,4034,0,0,0,0,0.0,8,75,1,1.0
-0.0,9,1.0,4435,0,0,0,0,0.0,9,75,1,1.0
-0.0,10,1.0,4881,0,0,0,0,0.0,10,75,1,1.0
-0.0,11,1.0,5353,0,0,0,0,0.0,11,75,1,1.0
-0.0,12,1.0,5750,0,0,0,0,0.0,12,75,1,1.0
-0.0,13,1.0,6774,0,0,0,0,0.0,13,75,1,1.0
-0.0,14,1.0,7212,0,0,0,0,0.0,14,75,1,1.0
-0.0,15,1.0,7704,0,0,0,0,0.0,15,75,1,1.0
-0.0,1,1.0,395,0,0,0,0,0.0,1,76,1,1.0
-0.0,2,1.0,651,0,0,0,0,0.0,2,76,1,1.0
-0.0,3,1.0,912,0,0,0,0,0.0,3,76,1,1.0
-0.0,4,1.0,1167,0,0,0,0,0.0,4,76,1,1.0
-0.0,5,1.0,1411,0,0,0,0,0.0,5,76,1,1.0
-0.0,6,1.0,1654,0,0,0,0,0.0,6,76,1,1.0
-0.0,7,1.0,1833,0,0,0,0,0.0,7,76,1,1.0
-0.0,8,1.0,2060,0,0,0,0,0.0,8,76,1,1.0
-0.0,9,1.0,2276,0,0,0,0,0.0,9,76,1,1.0
-0.0,10,1.0,2515,0,0,0,0,0.0,10,76,1,1.0
-0.0,11,1.0,2761,0,0,0,0,0.0,11,76,1,1.0
-0.0,12,1.0,2998,0,0,0,0,0.0,12,76,1,1.0
-0.0,13,1.0,3226,0,0,0,0,0.0,13,76,1,1.0
-0.0,14,1.0,3652,0,0,0,0,0.0,14,76,1,1.0
-0.0,15,1.0,3942,0,0,0,0,0.0,15,76,1,1.0
-0.0,1,1.0,193,0,0,0,0,0.0,1,77,1,1.0
-0.0,2,1.0,441,0,0,0,0,0.0,2,77,1,1.0
-0.0,3,1.0,647,0,0,0,0,0.0,3,77,1,1.0
-0.0,4,1.0,855,0,0,0,0,0.0,4,77,1,1.0
-0.0,5,1.0,1040,0,0,0,0,0.0,5,77,1,1.0
-0.0,6,1.0,1233,0,0,0,0,0.0,6,77,1,1.0
-0.0,7,1.0,1426,0,0,0,0,0.0,7,77,1,1.0
-0.0,8,1.0,1611,0,0,0,0,0.0,8,77,1,1.0
-0.0,9,1.0,1827,0,0,0,0,0.0,9,77,1,1.0
-0.0,10,1.0,2039,0,0,0,0,0.0,10,77,1,1.0
-0.0,11,1.0,2263,0,0,0,0,0.0,11,77,1,1.0
-0.0,12,1.0,2450,0,0,0,0,0.0,12,77,1,1.0
-0.0,13,1.0,2682,0,0,0,0,0.0,13,77,1,1.0
-0.0,14,1.0,2922,0,0,0,0,0.0,14,77,1,1.0
-0.0,15,1.0,3107,0,0,0,0,0.0,15,77,1,1.0
-0.0,1,1.0,644,0,0,0,0,0.0,1,78,1,1.0
-0.0,2,1.0,1370,0,0,0,0,0.0,2,78,1,1.0
-0.0,3,1.0,2223,0,0,0,0,0.0,3,78,1,1.0
-0.0,4,1.0,2934,0,0,0,0,0.0,4,78,1,1.0
0.5004024235381879,5,0.8,3542,0,0,0,0,0.0,5,78,2,0.6
0.45056120886630463,6,0.8333333333333334,4142,0,0,0,0,0.0,6,78,2,0.6666666666666666
0.410116318288409,7,0.8571428571428571,4753,0,0,0,0,0.0,7,78,2,0.7142857142857143
0.37677016125643675,8,0.875,5419,0,0,0,0,0.0,8,78,2,0.75
0.34883209584303193,9,0.8888888888888888,6091,0,0,0,0,0.0,9,78,2,0.7777777777777778
0.3250829733914482,10,0.9,6711,0,0,0,0,0.0,10,78,2,0.8
0.30463609734923813,11,0.9090909090909091,7359,0,0,0,0,0.0,11,78,2,0.8181818181818182
0.2868359830561607,12,0.9166666666666666,7919,0,0,0,0,0.0,12,78,2,0.8333333333333334
0.2711893730418441,13,0.9230769230769231,8606,0,0,0,0,0.0,13,78,2,0.8461538461538461
0.25731864054383163,14,0.9285714285714286,9445,0,0,0,0,0.0,14,78,2,0.8571428571428571
0.24493002679463532,15,0.9333333333333333,10039,0,0,0,0,0.0,15,78,2,0.8666666666666667
-0.0,1,1.0,207,0,0,0,0,0.0,1,79,1,1.0
-0.0,2,1.0,509,0,0,0,0,0.0,2,79,1,1.0
-0.0,3,1.0,752,0,0,0,0,0.0,3,79,1,1.0
-0.0,4,1.0,1041,0,0,0,0,0.0,4,79,1,1.0
-0.0,5,1.0,1361,0,0,0,0,0.0,5,79,1,1.0
-0.0,6,1.0,1576,0,0,0,0,0.0,6,79,1,1.0
-0.0,7,1.0,1852,0,0,0,0,0.0,7,79,1,1.0
-0.0,8,1.0,2072,0,0,0,0,0.0,8,79,1,1.0
-0.0,9,1.0,2425,0,0,0,0,0.0,9,79,1,1.0
-0.0,10,1.0,2664,0,0,0,0,0.0,10,79,1,1.0
-0.0,11,1.0,2917,0,0,0,0,0.0,11,79,1,1.0
-0.0,12,1.0,3184,0,0,0,0,0.0,12,79,1,1.0
-0.0,13,1.0,3437,0,0,0,0,0.0,13,79,1,1.0
-0.0,14,1.0,3719,0,0,0,0,0.0,14,79,1,1.0
-0.0,15,1.0,4023,0,0,0,0,0.0,15,79,1,1.0
-0.0,1,1.0,712,0,0,0,0,0.0,1,80,1,1.0
-0.0,2,1.0,1393,0,0,0,0,0.0,2,80,1,1.0
-0.0,3,1.0,2116,0,0,0,0,0.0,3,80,1,1.0
-0.0,4,1.0,2818,0,0,0,0,0.0,4,80,1,1.0
-0.0,5,1.0,3710,0,0,0,0,0.0,5,80,1,1.0
0.45056120886630463,6,0.8333333333333334,4367,0,0,0,0,0.0,6,80,2,0.6666666666666666
0.5982695885852573,7,0.7142857142857143,5013,0,0,0,0,0.0,7,80,2,0.42857142857142855
0.5623351446188083,8,0.75,5859,0,0,0,0,0.0,8,80,2,0.5
0.5297061990576545,9,0.7777777777777778,6642,0,0,0,0,0.0,9,80,2,0.5555555555555556
0.6108643020548935,10,0.7,7369,0,0,0,0,0.0,10,80,2,0.4
0.6554817739013927,11,0.6363636363636364,8031,0,0,0,0,0.0,11,80,2,0.2727272727272727
0.6365141682948128,12,0.6666666666666666,8834,0,0,0,0,0.0,12,80,2,0.3333333333333333
0.6172417697303416,13,0.6923076923076923,9622,0,0,0,0,0.0,13,80,2,0.38461538461538464
0.5982695885852573,14,0.7142857142857143,10560,0,0,0,0,0.0,14,80,2,0.42857142857142855
0.5799151714181009,15,0.7333333333333333,11253,0,0,0,0,0.0,15,80,2,0.4666666666666667
-0.0,1,1.0,287,0,0,0,0,0.0,1,81,1,1.0
-0.0,2,1.0,635,0,0,0,0,0.0,2,81,1,1.0
-0.0,3,1.0,981,0,0,0,0,0.0,3,81,1,1.0
-0.0,4,1.0,1415,0,0,0,0,0.0,4,81,1,1.0
-0.0,5,1.0,1828,0,0,0,0,0.0,5,81,1,1.0
-0.0,6,1.0,2229,0,0,0,0,0.0,6,81,1,1.0
-0.0,7,1.0,2609,0,0,0,0,0.0,7,81,1,1.0
-0.0,8,1.0,3633,0,0,0,0,0.0,8,81,1,1.0
-0.0,9,1.0,4150,0,0,0,0,0.0,9,81,1,1.0
-0.0,10,1.0,4467,0,0,0,0,0.0,10,81,1,1.0
-0.0,11,1.0,4858,0,0,0,0,0.0,11,81,1,1.0
-0.0,12,1.0,5283,0,0,0,0,0.0,12,81,1,1.0
-0.0,13,1.0,5594,0,0,0,0,0.0,13,81,1,1.0
-0.0,14,1.0,5922,0,0,0,0,0.0,14,81,1,1.0
-0.0,15,1.0,6273,0,0,0,0,0.0,15,81,1,1.0
-0.0,1,1.0,414,1,1,1,0,0.0,1,82,1,1.0
0.6931471805599453,2,0.5,859,1,1,1,0,0.0,2,82,2,0.0
0.6365141682948128,1,0.6666666666666666,1393,0,0,0,0,0.0,3,82,2,0.3333333333333333
0.6931471805599453,1,0.5,1814,1,1,1,0,0.0,4,82,2,0.0
1.0549201679861442,2,0.4,2273,1,1,1,0,0.0,5,82,3,0.0
1.0986122886681096,3,0.3333333333333333,2756,1,1,1,0,0.0,6,82,3,0.0
1.0789922078775833,1,0.42857142857142855,3364,0,0,0,0,0.0,7,82,3,0.14285714285714285
1.3208883431493221,2,0.375,3803,0,0,0,0,0.0,8,82,4,0.125
1.310783678099714,3,0.3333333333333333,4311,0,0,0,0,0.0,9,82,4,0.0
1.5047882836811908,4,0.3,4662,0,0,0,0,0.0,10,82,5,0.0
1.4681399390162087,5,0.36363636363636365,5237,0,0,0,0,0.0,11,82,5,0.09090909090909091
1.4241299173467734,6,0.4166666666666667,5795,0,0,0,0,0.0,12,82,5,0.16666666666666666
1.377819508039033,7,0.46153846153846156,6358,0,0,0,0,0.0,13,82,5,0.23076923076923078
1.3760552852604169,8,0.42857142857142855,6859,0,0,0,0,0.0,14,82,5,0.14285714285714285
1.4368286689630319,9,0.4,7302,0,0,0,0,0.0,15,82,5,0.13333333333333333
-0.0,1,1.0,496,0,0,0,0,0.0,1,83,1,1.0
-0.0,2,1.0,813,0,0,0,0,0.0,2,83,1,1.0
-0.0,3,1.0,1117,0,0,0,0,0.0,3,83,1,1.0
-0.0,4,1.0,1472,0,0,0,0,0.0,4,83,1,1.0
-0.0,5,1.0,1765,0,0,0,0,0.0,5,83,1,1.0
-0.0,6,1.0,2121,0,0,0,0,0.0,6,83,1,1.0
-0.0,7,1.0,2453,0,0,0,0,0.0,7,83,1,1.0
-0.0,8,1.0,2845,0,0,0,0,0.0,8,83,1,1.0
-0.0,9,1.0,3126,0,0,0,0,0.0,9,83,1,1.0
-0.0,10,1.0,3447,0,0,0,0,0.0,10,83,1,1.0
0.30463609734923813,11,0.9090909090909091,4203,0,0,0,0,0.0,11,83,2,0.8181818181818182
0.2868359830561607,12,0.9166666666666666,4572,0,0,0,0,0.0,12,83,2,0.8333333333333334
0.2711893730418441,13,0.9230769230769231,4984,0,0,0,0,0.0,13,83,2,0.8461538461538461
0.25731864054383163,14,0.9285714285714286,5547,0,0,0,0,0.0,14,83,2,0.8571428571428571
0.24493002679463532,15,0.9333333333333333,5837,0,0,0,0,0.0,15,83,2,0.8666666666666667
-0.0,1,1.0,804,0,0,0,0,0.0,1,84,1,1.0
-0.0,2,1.0,1590,0,0,0,0,0.0,2,84,1,1.0
-0.0,3,1.0,2498,0,0,0,0,0.0,3,84,1,1.0
-0.0,4,1.0,3318,0,0,0,0,0.0,4,84,1,1.0
-0.0,5,1.0,4011,0,0,0,0,0.0,5,84,1,1.0
-0.0,6,1.0,4814,0,0,0,0,0.0,6,84,1,1.0
-0.0,7,1.0,5506,0,0,0,0,0.0,7,84,1,1.0
-0.0,8,1.0,6395,0,0,0,0,0.0,8,84,1,1.0
-0.0,9,1.0,7254,0,0,0,0,0.0,9,84,1,1.0
-0.0,10,1.0,8278,0,0,0,0,0.0,10,84,1,1.0
-0.0,11,1.0,8975,0,0,0,0,0.0,11,84,1,1.0
-0.0,12,1.0,9727,0,0,0,0,0.0,12,84,1,1.0
-0.0,13,1.0,10511,0,0,0,0,0.0,13,84,1,1.0
-0.0,14,1.0,11381,0,0,0,0,0.0,14,84,1,1.0
-0.0,15,1.0,12165,0,0,0,0,0.0,15,84,1,1.0
-0.0,1,1.0,358,0,0,0,0,0.0,1,85,1,1.0
-0.0,2,1.0,717,0,0,0,0,0.0,2,85,1,1.0
-0.0,3,1.0,1018,0,0,0,0,0.0,3,85,1,1.0
-0.0,4,1.0,1332,0,0,0,0,0.0,4,85,1,1.0
-0.0,5,1.0,1671,0,0,0,0,0.0,5,85,1,1.0
-0.0,6,1.0,1984,0,0,0,0,0.0,6,85,1,1.0
-0.0,7,1.0,2374,0,0,0,0,0.0,7,85,1,1.0
-0.0,8,1.0,2683,0,0,0,0,0.0,8,85,1,1.0
-0.0,9,1.0,2989,0,0,0,0,0.0,9,85,1,1.0
-0.0,10,1.0,3311,0,0,0,0,0.0,10,85,1,1.0
-0.0,11,1.0,3677,0,0,0,0,0.0,11,85,1,1.0
-0.0,12,1.0,3985,0,0,0,0,0.0,12,85,1,1.0
-0.0,13,1.0,4384,0,0,0,0,0.0,13,85,1,1.0
-0.0,14,1.0,4711,0,0,0,0,0.0,14,85,1,1.0
-0.0,15,1.0,5084,0,0,0,0,0.0,15,85,1,1.0
-0.0,1,1.0,278,0,0,0,0,0.0,1,86,1,1.0
-0.0,2,1.0,534,0,0,0,0,0.0,2,86,1,1.0
-0.0,3,1.0,796,0,0,0,0,0.0,3,86,1,1.0
-0.0,4,1.0,1057,0,0,0,0,0.0,4,86,1,1.0
-0.0,5,1.0,1318,0,0,0,0,0.0,5,86,1,1.0
-0.0,6,1.0,1606,0,0,0,0,0.0,6,86,1,1.0
-0.0,7,1.0,1867,0,0,0,0,0.0,7,86,1,1.0
-0.0,8,1.0,2128,0,0,0,0,0.0,8,86,1,1.0
-0.0,9,1.0,2390,0,0,0,0,0.0,9,86,1,1.0
-0.0,10,1.0,2666,0,0,0,0,0.0,10,86,1,1.0
-0.0,11,1.0,2928,0,0,0,0,0.0,11,86,1,1.0
-0.0,12,1.0,3210,0,0,0,0,0.0,12,86,1,1.0
-0.0,13,1.0,3474,0,0,0,0,0.0,13,86,1,1.0
-0.0,14,1.0,3733,0,0,0,0,0.0,14,86,1,1.0
-0.0,15,1.0,3995,0,0,0,0,0.0,15,86,1,1.0
-0.0,1,1.0,658,0,0,0,0,0.0,1,87,1,1.0
-0.0,2,1.0,1313,0,0,0,0,0.0,2,87,1,1.0
-0.0,3,1.0,1924,0,0,0,0,0.0,3,87,1,1.0
-0.0,4,1.0,2486,0,0,0,0,0.0,4,87,1,1.0
-0.0,5,1.0,3117,0,0,0,0,0.0,5,87,1,1.0
-0.0,6,1.0,3754,0,0,0,0,0.0,6,87,1,1.0
-0.0,7,1.0,4405,0,0,0,0,0.0,7,87,1,1.0
-0.0,8,1.0,5081,0,0,0,0,0.0,8,87,1,1.0
-0.0,9,1.0,5729,0,0,0,0,0.0,9,87,1,1.0
-0.0,10,1.0,6416,0,0,0,0,0.0,10,87,1,1.0
-0.0,11,1.0,6994,0,0,0,0,0.0,11,87,1,1.0
-0.0,12,1.0,7680,0,0,0,0,0.0,12,87,1,1.0
-0.0,13,1.0,8363,0,0,0,0,0.0,13,87,1,1.0
-0.0,14,1.0,8901,0,0,0,0,0.0,14,87,1,1.0
-0.0,15,1.0,9434,0,0,0,0,0.0,15,87,1,1.0
-0.0,1,1.0,946,0,0,0,0,0.0,1,88,1,1.0
-0.0,2,1.0,1866,0,0,0,0,0.0,2,88,1,1.0
-0.0,3,1.0,2890,0,0,0,0,0.3333333333333333,3,88,1,1.0
-0.0,4,1.0,3576,0,0,0,0,0.25,4,88,1,1.0
0.5623351446188083,5,0.75,4457,0,0,0,0,0.2,5,88,2,0.5
0.5004024235381879,6,0.8,5208,0,0,0,0,0.16666666666666666,6,88,2,0.6
0.45056120886630463,7,0.8333333333333334,6182,0,0,0,0,0.14285714285714285,7,88,2,0.6666666666666666
0.410116318288409,8,0.8571428571428571,7167,0,0,0,0,0.125,8,88,2,0.7142857142857143
0.37677016125643675,9,0.875,8183,0,0,0,0,0.1111111111111111,9,88,2,0.75
0.5297061990576545,10,0.7777777777777778,8974,0,0,0,0,0.1,10,88,2,0.5555555555555556
0.8018185525433373,11,0.7,9944,0,0,0,0,0.09090909090909091,11,88,3,0.5
1.0335620542068176,12,0.6363636363636364,10785,0,0,0,0,0.08333333333333333,12,88,4,0.45454545454545453
0.9830877585747855,13,0.6666666666666666,11514,0,0,0,0,0.07692307692307693,13,88,4,0.5
0.9830877585747855,14,0.6666666666666666,12538,0,0,0,0,0.14285714285714285,14,88,4,0.5
0.937155853065701,15,0.6923076923076923,13546,0,0,0,0,0.13333333333333333,15,88,4,0.5384615384615384
-0.0,1,1.0,533,1,1,1,0,0.0,1,89,1,1.0
0.6931471805599453,2,0.5,1037,1,1,1,0,0.0,2,89,2,0.0
0.6365141682948128,1,0.6666666666666666,1957,0,0,0,0,0.0,3,89,2,0.3333333333333333
0.5623351446188083,2,0.75,2876,0,0,0,0,0.0,4,89,2,0.5
0.9502705392332347,3,0.6,3514,0,0,0,0,0.0,5,89,3,0.4
0.8675632284814612,4,0.6666666666666666,4432,0,0,0,0,0.0,6,89,3,0.5
0.796311640173813,5,0.7142857142857143,5342,0,0,0,0,0.0,7,89,3,0.5714285714285714
0.7356219397587946,6,0.75,6277,0,0,0,0,0.0,8,89,3,0.625
0.6837389058487535,7,0.7777777777777778,7192,0,0,0,0,0.0,9,89,3,0.6666666666666666
0.8018185525433373,8,0.7,7653,0,0,0,0,0.0,10,89,3,0.5
0.8599672810355049,9,0.6363636363636364,8193,0,0,0,0,0.0,11,89,3,0.36363636363636365
0.8239592165010823,10,0.6666666666666666,9033,0,0,0,0,0.0,12,89,3,0.4166666666666667
0.7902679680745903,11,0.6923076923076923,9972,0,0,0,0,0.0,13,89,3,0.46153846153846156
0.7589367727620596,12,0.7142857142857143,10906,0,0,0,0,0.0,14,89,3,0.5
0.7298712099831165,13,0.7333333333333333,11452,0,0,0,0,0.0,15,89,3,0.5333333333333333
-0.0,1,1.0,227,0,0,0,0,0.0,1,90,1,1.0
-0.0,2,1.0,531,0,0,0,0,0.0,2,90,1,1.0
-0.0,3,1.0,783,0,0,0,0,0.0,3,90,1,1.0
-0.0,4,1.0,1032,0,0,0,0,0.0,4,90,1,1.0
-0.0,5,1.0,1293,0,0,0,0,0.0,5,90,1,1.0
0.45056120886630463,6,0.8333333333333334,1515,0,0,0,0,0.0,6,90,2,0.6666666666666666
0.410116318288409,7,0.8571428571428571,1739,0,0,0,0,0.0,7,90,2,0.7142857142857143
0.37677016125643675,8,0.875,1967,0,0,0,0,0.0,8,90,2,0.75
0.34883209584303193,9,0.8888888888888888,2240,0,0,0,0,0.0,9,90,2,0.7777777777777778
0.3250829733914482,10,0.9,2487,0,0,0,0,0.0,10,90,2,0.8
0.30463609734923813,11,0.9090909090909091,2683,0,0,0,0,0.0,11,90,2,0.8181818181818182
0.2868359830561607,12,0.9166666666666666,2899,0,0,0,0,0.0,12,90,2,0.8333333333333334
0.4293230219306162,13,0.8461538461538461,3103,0,0,0,0,0.0,13,90,2,0.6923076923076923
0.410116318288409,14,0.8571428571428571,3538,0,0,0,0,0.0,14,90,2,0.7142857142857143
0.5004024235381879,15,0.8,3822,0,0,0,0,0.0,15,90,2,0.6
-0.0,1,1.0,339,0,0,0,0,0.0,1,91,1,1.0
-0.0,2,1.0,601,0,0,0,0,0.0,2,91,1,1.0
0.6365141682948128,3,0.6666666666666666,1079,0,0,0,0,0.0,3,91,2,0.3333333333333333
0.6931471805599453,4,0.5,1495,0,0,0,0,0.0,4,91,2,0.0
0.6730116670092565,5,0.6,1874,0,0,0,0,0.0,5,91,2,0.2
0.6365141682948128,6,0.6666666666666666,2281,0,0,0,0,0.0,6,91,2,0.3333333333333333
0.6829081047004717,7,0.5714285714285714,2652,0,0,0,0,0.0,7,91,2,0.14285714285714285
0.6615632381579821,8,0.625,3036,0,0,0,0,0.0,8,91,2,0.25
0.6869615765973234,9,0.5555555555555556,3455,0,0,0,0,0.0,9,91,2,0.1111111111111111
0.6931471805599453,10,0.5,3853,0,0,0,0,0.0,10,91,2,0.0
0.6890092384766586,11,0.5454545454545454,4277,0,0,0,0,0.0,11,91,2,0.09090909090909091
0.6791932659915256,12,0.5833333333333334,4589,0,0,0,0,0.0,12,91,2,0.16666666666666666
0.6901856760188042,13,0.5384615384615384,4988,0,0,0,0,0.0,13,91,2,0.07692307692307693
0.6931471805599453,14,0.5,5407,0,0,0,0,0.0,14,91,2,0.0
0.6909233093138181,15,0.5333333333333333,5783,0,0,0,0,0.0,15,91,2,0.06666666666666667
-0.0,1,1.0,542,0,0,0,0,0.0,1,92,1,1.0
-0.0,2,1.0,1338,0,0,0,0,0.0,2,92,1,1.0
-0.0,3,1.0,2005,0,0,0,0,0.0,3,92,1,1.0
0.5623351446188083,4,0.75,2590,0,0,0,0,0.0,4,92,2,0.5
0.5004024235381879,5,0.8,3351,0,0,0,0,0.0,5,92,2,0.6
0.6365141682948128,6,0.6666666666666666,3923,0,0,0,0,0.0,6,92,2,0.3333333333333333
0.6365141682948128,7,0.6666666666666666,4947,0,0,0,0,0.14285714285714285,7,92,2,0.3333333333333333
0.5982695885852573,8,0.7142857142857143,5568,0,0,0,0,0.125,8,92,2,0.42857142857142855
0.5623351446188083,9,0.75,6377,0,0,0,0,0.1111111111111111,9,92,2,0.5
0.5297061990576545,10,0.7777777777777778,7196,0,0,0,0,0.1,10,92,2,0.5555555555555556
0.8018185525433373,11,0.7,8220,0,0,0,0,0.09090909090909091,11,92,3,0.5
0.7595473914748635,12,0.7272727272727273,8784,0,0,0,0,0.08333333333333333,12,92,3,0.5454545454545454
0.7214636866925115,13,0.75,9654,0,0,0,0,0.07692307692307693,13,92,3,0.5833333333333334
0.6870920273799715,14,0.7692307692307693,10269,0,0,0,0,0.07142857142857142,14,92,3,0.6153846153846154
0.6559757323365467,15,0.7857142857142857,10835,0,0,0,0,0.06666666666666667,15,92,3,0.6428571428571429
-0.0,1,1.0,589,0,0,0,0,0.0,1,93,1,1.0
-0.0,2,1.0,1246,0,0,0,0,0.0,2,93,1,1.0
-0.0,3,1.0,1836,0,0,0,0,0.0,3,93,1,1.0
-0.0,4,1.0,2382,0,0,0,0,0.0,4,93,1,1.0
-0.0,5,1.0,3041,0,0,0,0,0.0,5,93,1,1.0
-0.0,6,1.0,3589,0,0,0,0,0.0,6,93,1,1.0
-0.0,7,1.0,4133,0,0,0,0,0.0,7,93,1,1.0
-0.0,8,1.0,4698,0,0,0,0,0.0,8,93,1,1.0
-0.0,9,1.0,5316,0,0,0,0,0.0,9,93,1,1.0
-0.0,10,1.0,5896,0,0,0,0,0.0,10,93,1,1.0
-0.0,11,1.0,6456,0,0,0,0,0.0,11,93,1,1.0
-0.0,12,1.0,7035,0,0,0,0,0.0,12,93,1,1.0
-0.0,13,1.0,7655,0,0,0,0,0.0,13,93,1,1.0
-0.0,14,1.0,8342,0,0,0,0,0.0,14,93,1,1.0
-0.0,15,1.0,9109,0,0,0,0,0.0,15,93,1,1.0
,0,,1024,1,0,0,0,1.0,1,94,0,
-0.0,1,1.0,1731,0,0,0,0,0.5,2,94,1,1.0
-0.0,2,1.0,2243,0,0,0,0,0.3333333333333333,3,94,1,1.0
0.6365141682948128,3,0.6666666666666666,2805,0,0,0,0,0.25,4,94,2,0.3333333333333333
0.5623351446188083,4,0.75,3813,0,0,0,0,0.2,5,94,2,0.5
0.6730116670092565,5,0.6,4371,0,0,0,0,0.16666666666666666,6,94,2,0.2
0.6730116670092565,6,0.6,5395,0,0,0,0,0.2857142857142857,7,94,2,0.2
0.6931471805599453,7,0.5,6046,0,0,0,0,0.25,8,94,2,0.0
0.6829081047004717,8,0.5714285714285714,6649,0,0,0,0,0.2222222222222222,9,94,2,0.14285714285714285
0.9743147528693494,9,0.5,7287,0,0,0,0,0.2,10,94,3,0.125
1.2148896539491203,10,0.4444444444444444,7939,0,0,0,0,0.18181818181818182,11,94,4,0.1111111111111111
1.2148896539491203,11,0.4444444444444444,8963,0,0,0,0,0.25,12,94,4,0.1111111111111111
1.4184836619456564,12,0.4,9517,0,0,0,0,0.23076923076923078,13,94,5,0.1
1.4184836619456564,13,0.4,10541,0,0,0,0,0.2857142857142857,14,94,5,0.1
1.4184836619456564,14,0.4,11565,0,0,0,0,0.3333333333333333,15,94,5,0.1
-0.0,1,1.0,743,0,0,0,0,0.0,1,95,1,1.0
-0.0,2,1.0,1372,0,0,0,0,0.0,2,95,1,1.0
-0.0,3,1.0,2247,0,0,0,0,0.0,3,95,1,1.0
-0.0,4,1.0,2991,0,0,0,0,0.0,4,95,1,1.0
-0.0,5,1.0,3692,0,0,0,0,0.0,5,95,1,1.0
-0.0,6,1.0,4434,0,0,0,0,0.0,6,95,1,1.0
-0.0,7,1.0,5309,0,0,0,0,0.0,7,95,1,1.0
-0.0,8,1.0,6034,0,0,0,0,0.0,8,95,1,1.0
-0.0,9,1.0,6772,0,0,0,0,0.0,9,95,1,1.0
-0.0,10,1.0,7477,0,0,0,0,0.0,10,95,1,1.0
-0.0,11,1.0,8193,0,0,0,0,0.0,11,95,1,1.0
-0.0,12,1.0,8931,0,0,0,0,0.0,12,95,1,1.0
-0.0,13,1.0,9568,0,0,0,0,0.0,13,95,1,1.0
-0.0,14,1.0,10324,0,0,0,0,0.0,14,95,1,1.0
-0.0,15,1.0,11174,0,0,0,0,0.0,15,95,1,1.0
-0.0,1,1.0,957,1,0,0,0,0.0,1,96,1,1.0
-0.0,2,1.0,1981,1,0,0,0,0.5,2,96,1,1.0
-0.0,3,1.0,3005,1,0,0,0,0.6666666666666666,3,96,1,1.0
-0.0,4,1.0,4029,1,0,0,0,0.75,4,96,1,1.0
-0.0,5,1.0,5053,1,0,0,0,0.8,5,96,1,1.0
0.6931471805599453,6,0.5,5889,1,0,0,0,0.6666666666666666,6,96,2,0.0
0.6931471805599453,7,0.5,6913,1,0,0,0,0.7142857142857143,7,96,2,0.0
0.6931471805599453,8,0.5,7937,1,0,0,0,0.75,8,96,2,0.0
0.6931471805599453,9,0.5,8961,1,0,0,0,0.7777777777777778,9,96,2,0.0
1.0986122886681096,10,0.3333333333333333,9819,1,0,0,0,0.7,10,96,3,0.0
1.0986122886681096,11,0.3333333333333333,10843,1,0,0,0,0.7272727272727273,11,96,3,0.0
1.0986122886681096,12,0.3333333333333333,11867,1,0,0,0,0.75,12,96,3,0.0
1.0397207708399179,1,0.5,12751,0,0,0,0,0.6923076923076923,13,96,3,0.25
1.0397207708399179,2,0.5,13775,0,0,0,0,0.7142857142857143,14,96,3,0.25
1.0397207708399179,3,0.5,14799,0,0,0,0,0.7333333333333333,15,96,3,0.25
-0.0,1,1.0,1024,0,0,0,0,0.0,1,97,1,1.0
-0.0,2,1.0,1325,0,0,0,0,0.0,2,97,1,1.0
-0.0,3,1.0,1576,0,0,0,0,0.0,3,97,1,1.0
-0.0,4,1.0,1864,0,0,0,0,0.0,4,97,1,1.0
-0.0,5,1.0,2190,0,0,0,0,0.0,5,97,1,1.0
-0.0,6,1.0,2446,0,0,0,0,0.0,6,97,1,1.0
-0.0,7,1.0,2698,0,0,0,0,0.0,7,97,1,1.0
-0.0,8,1.0,2979,0,0,0,0,0.0,8,97,1,1.0
-0.0,9,1.0,3264,0,0,0,0,0.0,9,97,1,1.0
-0.0,10,1.0,3511,0,0,0,0,0.0,10,97,1,1.0
-0.0,11,1.0,4023,0,0,0,0,0.0,11,97,1,1.0
-0.0,12,1.0,4286,0,0,0,0,0.0,12,97,1,1.0
-0.0,13,1.0,4574,0,0,0,0,0.0,13,97,1,1.0
-0.0,14,1.0,4837,0,0,0,0,0.0,14,97,1,1.0
-0.0,15,1.0,5095,0,0,0,0,0.0,15,97,1,1.0
-0.0,1,1.0,266,0,0,0,0,0.0,1,98,1,1.0
-0.0,2,1.0,497,0,0,0,0,0.0,2,98,1,1.0
-0.0,3,1.0,703,0,0,0,0,0.0,3,98,1,1.0
-0.0,4,1.0,949,0,0,0,0,0.0,4,98,1,1.0
-0.0,5,1.0,1198,0,0,0,0,0.0,5,98,1,1.0
-0.0,6,1.0,1446,0,0,0,0,0.0,6,98,1,1.0
-0.0,7,1.0,1665,0,0,0,0,0.0,7,98,1,1.0
-0.0,8,1.0,1919,0,0,0,0,0.0,8,98,1,1.0
-0.0,9,1.0,2170,0,0,0,0,0.0,9,98,1,1.0
-0.0,10,1.0,2390,0,0,0,0,0.0,10,98,1,1.0
-0.0,11,1.0,2641,0,0,0,0,0.0,11,98,1,1.0
-0.0,12,1.0,3665,0,0,0,0,0.0,12,98,1,1.0
-0.0,13,1.0,3898,0,0,0,0,0.0,13,98,1,1.0
-0.0,14,1.0,4922,0,0,0,0,0.0,14,98,1,1.0
-0.0,15,1.0,5122,0,0,0,0,0.0,15,98,1,1.0
,0,,1024,1,0,0,0,1.0,1,99,0,
-0.0,1,1.0,2036,0,0,0,0,0.5,2,99,1,1.0
-0.0,2,1.0,2823,0,0,0,0,0.3333333333333333,3,99,1,1.0
-0.0,3,1.0,3847,0,0,0,0,0.5,4,99,1,1.0
-0.0,4,1.0,4781,0,0,0,0,0.4,5,99,1,1.0
-0.0,5,1.0,5630,0,0,0,0,0.3333333333333333,6,99,1,1.0
-0.0,6,1.0,6654,0,0,0,0,0.42857142857142855,7,99,1,1.0
-0.0,7,1.0,7386,0,0,0,0,0.375,8,99,1,1.0
-0.0,8,1.0,8410,0,0,0,0,0.4444444444444444,9,99,1,1.0
-0.0,9,1.0,9195,0,0,0,0,0.4,10,99,1,1.0
-0.0,10,1.0,10219,0,0,0,0,0.45454545454545453,11,99,1,1.0
-0.0,11,1.0,11228,0,0,0,0,0.4166666666666667,12,99,1,1.0
-0.0,12,1.0,12187,0,0,0,0,0.38461538461538464,13,99,1,1.0
-0.0,13,1.0,13211,0,0,0,0,0.42857142857142855,14,99,1,1.0
-0.0,14,1.0,14134,0,0,0,0,0.4,15,99,1,1.0
-0.0,1,1.0,302,1,0,0,0,0.0,1,100,1,1.0
0.6931471805599453,2,0.5,1216,1,0,0,0,0.0,2,100,2,0.0
0.6931471805599453,3,0.5,2240,1,0,0,0,0.3333333333333333,3,100,2,0.0
1.0986122886681096,4,0.3333333333333333,2761,1,0,0,0,0.25,4,100,3,0.0
1.3862943611198906,5,0.25,3167,1,0,0,0,0.2,5,100,4,0.0
1.6094379124341005,6,0.2,3897,1,0,0,0,0.16666666666666666,6,100,5,0.0
1.6094379124341005,7,0.2,4921,1,0,0,0,0.2857142857142857,7,100,5,0.0
1.5607104090414063,1,0.3333333333333333,5615,0,0,0,0,0.25,8,100,5,0.16666666666666666
1.7478680974667573,2,0.2857142857142857,6193,0,0,0,0,0.2222222222222222,9,100,6,0.14285714285714285
1.9061547465398494,3,0.25,6809,0,0,0,0,0.2,10,100,7,0.125
2.0431918705451206,4,0.2222222222222222,7379,0,0,0,0,0.18181818181818182,11,100,8,0.1111111111111111
2.1639556568820564,5,0.2,7755,0,0,0,0,0.16666666666666666,12,100,9,0.1
2.0982737395252498,6,0.2727272727272727,8166,0,0,0,0,0.15384615384615385,13,100,9,0.18181818181818182
2.0947290475276485,7,0.25,8880,0,0,0,0,0.14285714285714285,14,100,9,0.08333333333333333
2.0578975319224093,8,0.23076923076923078,9505,0,0,0,0,0.13333333333333333,15,100,9,0.0
-0.0,1,1.0,873,0,0,0,0,0.0,1,101,1,1.0
-0.0,2,1.0,1897,0,0,0,0,0.5,2,101,1,1.0
-0.0,3,1.0,2921,0,0,0,0,0.6666666666666666,3,101,1,1.0
-0.0,4,1.0,3945,0,0,0,0,0.75,4,101,1,1.0
-0.0,5,1.0,4969,0,0,0,0,0.8,5,101,1,1.0
-0.0,6,1.0,5993,0,0,0,0,0.8333333333333334,6,101,1,1.0
0.6931471805599453,7,0.5,6941,0,0,0,0,0.7142857142857143,7,101,2,0.0
1.0986122886681096,8,0.3333333333333333,7891,0,0,0,0,0.625,8,101,3,0.0
1.0986122886681096,9,0.3333333333333333,8915,0,0,0,0,0.6666666666666666,9,101,3,0.0
1.0986122886681096,10,0.3333333333333333,9939,0,0,0,0,0.7,10,101,3,0.0
1.0986122886681096,11,0.3333333333333333,10963,0,0,0,0,0.7272727272727273,11,101,3,0.0
1.0986122886681096,12,0.3333333333333333,11987,0,0,0,0,0.75,12,101,3,0.0
1.0986122886681096,13,0.3333333333333333,13011,0,0,0,0,0.7692307692307693,13,101,3,0.0
1.0986122886681096,14,0.3333333333333333,14035,0,0,0,0,0.7857142857142857,14,101,3,0.0
1.0986122886681096,15,0.3333333333333333,15059,0,0,0,0,0.8,15,101,3,0.0
-0.0,1,1.0,288,0,0,0,0,0.0,1,102,1,1.0
-0.0,2,1.0,604,0,0,0,0,0.0,2,102,1,1.0
-0.0,3,1.0,953,0,0,0,0,0.0,3,102,1,1.0
-0.0,4,1.0,1289,0,0,0,0,0.0,4,102,1,1.0
-0.0,5,1.0,1607,0,0,0,0,0.0,5,102,1,1.0
-0.0,6,1.0,1923,0,0,0,0,0.0,6,102,1,1.0
-0.0,7,1.0,2256,0,0,0,0,0.0,7,102,1,1.0
-0.0,8,1.0,2570,0,0,0,0,0.0,8,102,1,1.0
-0.0,9,1.0,2884,0,0,0,0,0.0,9,102,1,1.0
-0.0,10,1.0,3214,0,0,0,0,0.0,10,102,1,1.0
-0.0,11,1.0,3517,0,0,0,0,0.0,11,102,1,1.0
-0.0,12,1.0,3848,0,0,0,0,0.0,12,102,1,1.0
-0.0,13,1.0,4174,0,0,0,0,0.0,13,102,1,1.0
-0.0,14,1.0,4497,0,0,0,0,0.0,14,102,1,1.0
-0.0,15,1.0,4827,0,0,0,0,0.0,15,102,1,1.0
,0,,1024,1,0,0,0,1.0,1,103,0,
-0.0,1,1.0,2000,1,0,0,0,0.5,2,103,1,1.0
-0.0,2,1.0,3024,1,0,0,0,0.6666666666666666,3,103,1,1.0
-0.0,3,1.0,3954,1,0,0,0,0.5,4,103,1,1.0
0.6365141682948128,4,0.6666666666666666,4734,1,0,0,0,0.4,5,103,2,0.3333333333333333
0.6365141682948128,5,0.6666666666666666,5758,1,0,0,0,0.5,6,103,2,0.3333333333333333
0.6365141682948128,6,0.6666666666666666,6782,1,0,0,0,0.5714285714285714,7,103,2,0.3333333333333333
0.6365141682948128,7,0.6666666666666666,7806,1,0,0,0,0.625,8,103,2,0.3333333333333333
0.6931471805599453,8,0.5,8812,1,0,0,0,0.5555555555555556,9,103,2,0.0
1.0549201679861442,9,0.4,9799,1,0,0,0,0.5,10,103,3,0.0
1.0549201679861442,10,0.4,10823,1,0,0,0,0.5454545454545454,11,103,3,0.0
1.3296613488547582,11,0.3333333333333333,11799,1,0,0,0,0.5,12,103,4,0.0
1.277034259466139,1,0.42857142857142855,12823,0,0,0,0,0.46153846153846156,13,103,4,0.14285714285714285
1.277034259466139,2,0.42857142857142855,13847,0,0,0,0,0.5,14,103,4,0.14285714285714285
1.277034259466139,3,0.42857142857142855,14871,0,0,0,0,0.5333333333333333,15,103,4,0.14285714285714285
-0.0,1,1.0,671,0,0,0,0,0.0,1,104,1,1.0
-0.0,2,1.0,1331,0,0,0,0,0.0,2,104,1,1.0
0.6365141682948128,3,0.6666666666666666,2023,0,0,0,0,0.0,3,104,2,0.3333333333333333
1.0397207708399179,4,0.5,2549,0,0,0,0,0.0,4,104,3,0.25
0.9502705392332347,5,0.6,3253,0,0,0,0,0.0,5,104,3,0.4
0.8675632284814612,6,0.6666666666666666,3777,0,0,0,0,0.0,6,104,3,0.5
0.796311640173813,7,0.7142857142857143,4431,0,0,0,0,0.0,7,104,3,0.5714285714285714
0.796311640173813,8,0.7142857142857143,5455,0,0,0,0,0.125,8,104,3,0.5714285714285714
1.073542846408523,9,0.625,6067,0,0,0,0,0.1111111111111111,9,104,4,0.5
1.303092403761719,10,0.5555555555555556,6948,0,0,0,0,0.1,10,104,5,0.4444444444444444
1.4978661367769954,11,0.5,7684,0,0,0,0,0.09090909090909091,11,104,6,0.4
1.4205719259467042,12,0.5454545454545454,8300,0,0,0,0,0.08333333333333333,12,104,6,0.45454545454545453
1.5890269151739729,13,0.5,8990,0,0,0,0,0.07692307692307693,13,104,7,0.4166666666666667
1.73798344858705,14,0.46153846153846156,9712,0,0,0,0,0.07142857142857142,14,104,8,0.38461538461538464
1.666102255087602,15,0.5,10736,0,0,0,0,0.06666666666666667,15,104,8,0.42857142857142855
-0.0,1,1.0,406,1,0,0,0,0.0,1,105,1,1.0
0.6931471805599453,2,0.5,747,1,0,0,0,0.0,2,105,2,0.0
1.0986122886681096,3,0.3333333333333333,1101,1,0,0,0,0.0,3,105,3,0.0
1.3862943611198906,4,0.25,1455,1,0,0,0,0.0,4,105,4,0.0
1.3321790402101223,1,0.4,1771,1,0,0,0,0.0,5,105,4,0.2
1.3296613488547582,1,0.3333333333333333,2070,0,0,0,0,0.0,6,105,4,0.0
1.5498260458782016,2,0.2857142857142857,2360,0,0,0,0,0.0,7,105,5,0.0
1.4941751382893083,3,0.375,2655,0,0,0,0,0.0,8,105,5,0.125
1.6769877743224173,4,0.3333333333333333,3070,0,0,0,0,0.0,9,105,6,0.1111111111111111
1.6434177197931799,5,0.3,3373,0,0,0,0,0.0,10,105,6,0.0
1.5941666991180168,6,0.36363636363636365,3676,0,0,0,0,0.0,11,105,6,0.09090909090909091
1.748155457247676,7,0.3333333333333333,3990,0,0,0,0,0.0,12,105,7,0.08333333333333333
1.69240886298655,8,0.38461538461538464,4311,0,0,0,0,0.0,13,105,7,0.15384615384615385
1.6357434952314973,9,0.42857142857142855,4674,0,0,0,0,0.0,14,105,7,0.21428571428571427
1.771623955677366,10,0.4,4993,0,0,0,0,0.0,15,105,8,0.2
-0.0,1,1.0,346,0,0,0,0,0.0,1,106,1,1.0
-0.0,2,1.0,633,0,0,0,0,0.0,2,106,1,1.0
-0.0,3,1.0,996,0,0,0,0,0.0,3,106,1,1.0
-0.0,4,1.0,1378,0,0,0,0,0.0,4,106,1,1.0
-0.0,5,1.0,1657,0,0,0,0,0.0,5,106,1,1.0
-0.0,6,1.0,1999,0,0,0,0,0.0,6,106,1,1.0
-0.0,7,1.0,2380,0,0,0,0,0.0,7,106,1,1.0
-0.0,8,1.0,2737,0,0,0,0,0.0,8,106,1,1.0
-0.0,9,1.0,3028,0,0,0,0,0.0,9,106,1,1.0
-0.0,10,1.0,3337,0,0,0,0,0.0,10,106,1,1.0
-0.0,11,1.0,3718,0,0,0,0,0.0,11,106,1,1.0
-0.0,12,1.0,4046,0,0,0,0,0.0,12,106,1,1.0
-0.0,13,1.0,4351,0,0,0,0,0.0,13,106,1,1.0
-0.0,14,1.0,4612,0,0,0,0,0.0,14,106,1,1.0
-0.0,15,1.0,4988,0,0,0,0,0.0,15,106,1,1.0
-0.0,1,1.0,502,0,0,0,0,0.0,1,107,1,1.0
0.6931471805599453,2,0.5,845,0,0,0,0,0.0,2,107,2,0.0
0.6365141682948128,3,0.6666666666666666,1302,0,0,0,0,0.0,3,107,2,0.3333333333333333
0.5623351446188083,4,0.75,1716,0,0,0,0,0.0,4,107,2,0.5
0.5004024235381879,5,0.8,2248,0,0,0,0,0.0,5,107,2,0.6
0.45056120886630463,6,0.8333333333333334,2660,0,0,0,0,0.0,6,107,2,0.6666666666666666
0.410116318288409,7,0.8571428571428571,3087,0,0,0,0,0.0,7,107,2,0.7142857142857143
0.37677016125643675,8,0.875,3480,0,0,0,0,0.0,8,107,2,0.75
0.34883209584303193,9,0.8888888888888888,3766,0,0,0,0,0.0,9,107,2,0.7777777777777778
0.3250829733914482,10,0.9,4170,0,0,0,0,0.0,10,107,2,0.8
0.30463609734923813,11,0.9090909090909091,4589,0,0,0,0,0.0,11,107,2,0.8181818181818182
0.2868359830561607,12,0.9166666666666666,5009,0,0,0,0,0.0,12,107,2,0.8333333333333334
0.2711893730418441,13,0.9230769230769231,5459,0,0,0,0,0.0,13,107,2,0.8461538461538461
0.25731864054383163,14,0.9285714285714286,5928,0,0,0,0,0.0,14,107,2,0.8571428571428571
0.24493002679463532,15,0.9333333333333333,6320,0,0,0,0,0.0,15,107,2,0.8666666666666667
-0.0,1,1.0,660,0,0,0,0,0.0,1,108,1,1.0
0.6931471805599453,2,0.5,1548,0,0,0,0,0.0,2,108,2,0.0
0.6365141682948128,3,0.6666666666666666,2235,0,0,0,0,0.0,3,108,2,0.3333333333333333
0.5623351446188083,4,0.75,2946,0,0,0,0,0.0,4,108,2,0.5
0.9502705392332347,5,0.6,3964,0,0,0,0,0.0,5,108,3,0.4
0.8675632284814612,6,0.6666666666666666,4624,0,0,0,0,0.0,6,108,3,0.5
0.796311640173813,7,0.7142857142857143,5158,0,0,0,0,0.0,7,108,3,0.5714285714285714
0.796311640173813,8,0.7142857142857143,6182,0,0,0,0,0.125,8,108,3,0.5714285714285714
0.9002560512685369,9,0.625,7053,0,0,0,0,0.1111111111111111,9,108,3,0.375
0.8486855577264172,10,0.6666666666666666,7796,0,0,0,0,0.1,10,108,3,0.4444444444444444
0.8018185525433373,11,0.7,8546,0,0,0,0,0.09090909090909091,11,108,3,0.5
0.7595473914748635,12,0.7272727272727273,9389,0,0,0,0,0.08333333333333333,12,108,3,0.5454545454545454
0.7595473914748635,13,0.7272727272727273,10413,0,0,0,0,0.15384615384615385,13,108,3,0.5454545454545454
0.7214636866925115,14,0.75,11147,0,0,0,0,0.14285714285714285,14,108,3,0.5833333333333334
0.7214636866925115,15,0.75,12171,0,0,0,0,0.2,15,108,3,0.5833333333333334
,0,,1024,1,0,0,0,1.0,1,109,0,
,0,,2048,1,0,0,0,1.0,2,109,0,
,0,,3072,1,0,0,0,1.0,3,109,0,
,0,,4096,1,0,0,0,1.0,4,109,0,
-0.0,1,1.0,4889,0,0,0,0,0.8,5,109,1,1.0
-0.0,2,1.0,5913,0,0,0,0,0.8333333333333334,6,109,1,1.0
0.6931471805599453,3,0.5,6686,0,0,0,0,0.7142857142857143,7,109,2,0.0
1.0986122886681096,4,0.3333333333333333,7298,0,0,0,0,0.625,8,109,3,0.0
1.3862943611198906,5,0.25,8217,0,0,0,0,0.5555555555555556,9,109,4,0.0
1.6094379124341005,6,0.2,9110,0,0,0,0,0.5,10,109,5,0.0
1.5607104090414063,7,0.3333333333333333,10111,0,0,0,0,0.45454545454545453,11,109,5,0.16666666666666666
1.5607104090414063,8,0.3333333333333333,11135,0,0,0,0,0.5,12,109,5,0.16666666666666666
1.5498260458782016,9,0.2857142857142857,11926,0,0,0,0,0.46153846153846156,13,109,5,0.0
1.5498260458782016,10,0.2857142857142857,12950,0,0,0,0,0.5,14,109,5,0.0
1.5498260458782016,11,0.2857142857142857,13974,0,0,0,0,0.5333333333333333,15,109,5,0.0
,0,,1024,1,0,0,0,1.0,1,110,0,
,0,,2048,1,0,0,0,1.0,2,110,0,
,0,,3072,1,0,0,0,1.0,3,110,0,
-0.0,1,1.0,3974,0,0,0,0,0.75,4,110,1,1.0
-0.0,2,1.0,4998,0,0,0,0,0.8,5,110,1,1.0
-0.0,3,1.0,6022,0,0,0,0,0.8333333333333334,6,110,1,1.0
-0.0,4,1.0,7046,0,0,0,0,0.7142857142857143,7,110,1,1.0
0.6365141682948128,5,0.6666666666666666,8070,0,0,0,0,0.625,8,110,2,0.3333333333333333
0.6365141682948128,6,0.6666666666666666,9094,0,0,0,0,0.6666666666666666,9,110,2,0.3333333333333333
0.6365141682948128,7,0.6666666666666666,10118,0,0,0,0,0.7,10,110,2,0.3333333333333333
0.6365141682948128,8,0.6666666666666666,11142,0,0,0,0,0.7272727272727273,11,110,2,0.3333333333333333
0.5623351446188083,9,0.75,12166,0,0,0,0,0.6666666666666666,12,110,2,0.5
0.5623351446188083,10,0.75,13190,0,0,0,0,0.6923076923076923,13,110,2,0.5
0.5623351446188083,11,0.75,14214,0,0,0,0,0.7142857142857143,14,110,2,0.5
0.5623351446188083,12,0.75,15238,0,0,0,0,0.7333333333333333,15,110,2,0.5
-0.0,1,1.0,605,0,0,0,0,0.0,1,111,1,1.0
-0.0,2,1.0,1039,0,0,0,0,0.0,2,111,1,1.0
-0.0,3,1.0,1655,0,0,0,0,0.0,3,111,1,1.0
-0.0,4,1.0,2034,0,0,0,0,0.0,4,111,1,1.0
-0.0,5,1.0,2620,0,0,0,0,0.0,5,111,1,1.0
-0.0,6,1.0,3240,0,0,0,0,0.0,6,111,1,1.0
-0.0,7,1.0,3893,0,0,0,0,0.0,7,111,1,1.0
-0.0,8,1.0,4917,0,0,0,0,0.0,8,111,1,1.0
-0.0,9,1.0,5475,0,0,0,0,0.1111111111111111,9,111,1,1.0
-0.0,10,1.0,6091,0,0,0,0,0.1,10,111,1,1.0
-0.0,11,1.0,6666,0,0,0,0,0.09090909090909091,11,111,1,1.0
-0.0,12,1.0,7153,0,0,0,0,0.08333333333333333,12,111,1,1.0
-0.0,13,1.0,7651,0,0,0,0,0.07692307692307693,13,111,1,1.0
-0.0,14,1.0,8086,0,0,0,0,0.07142857142857142,14,111,1,1.0
-0.0,15,1.0,8606,0,0,0,0,0.06666666666666667,15,111,1,1.0
-0.0,1,1.0,538,1,1,1,0,0.0,1,112,1,1.0
0.6931471805599453,2,0.5,1103,1,1,1,0,0.0,2,112,2,0.0
0.6365141682948128,1,0.6666666666666666,1583,0,0,0,0,0.0,3,112,2,0.3333333333333333
0.5623351446188083,2,0.75,2280,0,0,0,0,0.0,4,112,2,0.5
0.5004024235381879,3,0.8,2754,0,0,0,0,0.0,5,112,2,0.6
0.45056120886630463,4,0.8333333333333334,3266,0,0,0,0,0.0,6,112,2,0.6666666666666666
0.410116318288409,5,0.8571428571428571,3754,0,0,0,0,0.0,7,112,2,0.7142857142857143
0.37677016125643675,6,0.875,4288,0,0,0,0,0.0,8,112,2,0.75
0.34883209584303193,7,0.8888888888888888,4793,0,0,0,0,0.0,9,112,2,0.7777777777777778
0.3250829733914482,8,0.9,5356,0,0,0,0,0.0,10,112,2,0.8
0.30463609734923813,9,0.9090909090909091,5867,0,0,0,0,0.0,11,112,2,0.8181818181818182
0.2868359830561607,10,0.9166666666666666,6479,0,0,0,0,0.0,12,112,2,0.8333333333333334
0.2711893730418441,11,0.9230769230769231,6936,0,0,0,0,0.0,13,112,2,0.8461538461538461
0.25731864054383163,12,0.9285714285714286,7494,0,0,0,0,0.0,14,112,2,0.8571428571428571
0.39267446722755217,13,0.8666666666666667,8078,0,0,0,0,0.0,15,112,2,0.7333333333333333
-0.0,1,1.0,285,0,0,0,0,0.0,1,113,1,1.0
-0.0,2,1.0,534,0,0,0,0,0.0,2,113,1,1.0
-0.0,3,1.0,793,0,0,0,0,0.0,3,113,1,1.0
-0.0,4,1.0,1090,0,0,0,0,0.0,4,113,1,1.0
-0.0,5,1.0,1409,0,0,0,0,0.0,5,113,1,1.0
-0.0,6,1.0,2433,0,0,0,0,0.0,6,113,1,1.0
-0.0,7,1.0,2760,0,0,0,0,0.0,7,113,1,1.0
-0.0,8,1.0,3075,0,0,0,0,0.0,8,113,1,1.0
-0.0,9,1.0,3416,0,0,0,0,0.0,9,113,1,1.0
-0.0,10,1.0,3745,0,0,0,0,0.0,10,113,1,1.0
-0.0,11,1.0,4080,0,0,0,0,0.0,11,113,1,1.0
-0.0,12,1.0,4412,0,0,0,0,0.0,12,113,1,1.0
-0.0,13,1.0,4736,0,0,0,0,0.0,13,113,1,1.0
-0.0,14,1.0,5049,0,0,0,0,0.0,14,113,1,1.0
-0.0,15,1.0,5339,0,0,0,0,0.0,15,113,1,1.0
-0.0,1,1.0,677,0,0,0,0,0.0,1,114,1,1.0
-0.0,2,1.0,1333,0,0,0,0,0.0,2,114,1,1.0
-0.0,3,1.0,1991,0,0,0,0,0.0,3,114,1,1.0
-0.0,4,1.0,2671,0,0,0,0,0.0,4,114,1,1.0
-0.0,5,1.0,3344,0,0,0,0,0.0,5,114,1,1.0
-0.0,6,1.0,3981,0,0,0,0,0.0,6,114,1,1.0
-0.0,7,1.0,4630,0,0,0,0,0.0,7,114,1,1.0
-0.0,8,1.0,5303,0,0,0,0,0.0,8,114,1,1.0
-0.0,9,1.0,5933,0,0,0,0,0.0,9,114,1,1.0
-0.0,10,1.0,6595,0,0,0,0,0.0,10,114,1,1.0
-0.0,11,1.0,7245,0,0,0,0,0.0,11,114,1,1.0
-0.0,12,1.0,7938,0,0,0,0,0.0,12,114,1,1.0
-0.0,13,1.0,8496,0,0,0,0,0.0,13,114,1,1.0
-0.0,14,1.0,9127,0,0,0,0,0.0,14,114,1,1.0
-0.0,15,1.0,9800,0,0,0,0,0.0,15,114,1,1.0
-0.0,1,1.0,520,0,0,0,0,0.0,1,115,1,1.0
0.6931471805599453,2,0.5,1059,0,0,0,0,0.0,2,115,2,0.0
1.0986122886681096,3,0.3333333333333333,1720,0,0,0,0,0.0,3,115,3,0.0
1.3862943611198906,4,0.25,2171,0,0,0,0,0.0,4,115,4,0.0
1.6094379124341005,5,0.2,2680,0,0,0,0,0.0,5,115,5,0.0
1.791759469228055,6,0.16666666666666666,3027,0,0,0,0,0.0,6,115,6,0.0
1.9459101490553132,7,0.14285714285714285,3440,0,0,0,0,0.0,7,115,7,0.0
1.9061547465398494,8,0.25,3829,0,0,0,0,0.0,8,115,7,0.125
1.8891591637540215,9,0.2222222222222222,4296,0,0,0,0,0.0,9,115,7,0.0
1.8866967846580784,10,0.2,4838,0,0,0,0,0.0,10,115,7,0.0
1.8462202193216335,11,0.2727272727272727,5862,0,0,0,0,0.0,11,115,7,0.09090909090909091
1.8636799873410002,12,0.25,6311,0,0,0,0,0.0,12,115,7,0.08333333333333333
1.818483163012365,13,0.3076923076923077,6759,0,0,0,0,0.0,13,115,7,0.15384615384615385
1.9459101490553132,14,0.2857142857142857,7783,0,0,0,0,0.0,14,115,8,0.14285714285714285
1.9686932085049351,15,0.26666666666666666,8064,0,0,0,0,0.0,15,115,8,0.13333333333333333
-0.0,1,1.0,368,0,0,0,0,0.0,1,116,1,1.0
-0.0,2,1.0,715,0,0,0,0,0.0,2,116,1,1.0
-0.0,3,1.0,1041,0,0,0,0,0.0,3,116,1,1.0
-0.0,4,1.0,1378,0,0,0,0,0.0,4,116,1,1.0
-0.0,5,1.0,1682,0,0,0,0,0.0,5,116,1,1.0
-0.0,6,1.0,2060,0,0,0,0,0.0,6,116,1,1.0
-0.0,7,1.0,2394,0,0,0,0,0.0,7,116,1,1.0
-0.0,8,1.0,2739,0,0,0,0,0.0,8,116,1,1.0
-0.0,9,1.0,3047,0,0,0,0,0.0,9,116,1,1.0
-0.0,10,1.0,3355,0,0,0,0,0.0,10,116,1,1.0
-0.0,11,1.0,3601,0,0,0,0,0.0,11,116,1,1.0
-0.0,12,1.0,3915,0,0,0,0,0.0,12,116,1,1.0
-0.0,13,1.0,4324,0,0,0,0,0.0,13,116,1,1.0
-0.0,14,1.0,4676,0,0,0,0,0.0,14,116,1,1.0
-0.0,15,1.0,4983,0,0,0,0,0.0,15,116,1,1.0
-0.0,1,1.0,316,0,0,0,0,0.0,1,117,1,1.0
-0.0,2,1.0,668,0,0,0,0,0.0,2,117,1,1.0
-0.0,3,1.0,1056,0,0,0,0,0.0,3,117,1,1.0
-0.0,4,1.0,1408,0,0,0,0,0.0,4,117,1,1.0
-0.0,5,1.0,1768,0,0,0,0,0.0,5,117,1,1.0
-0.0,6,1.0,2111,0,0,0,0,0.0,6,117,1,1.0
-0.0,7,1.0,2466,0,0,0,0,0.0,7,117,1,1.0
-0.0,8,1.0,2792,0,0,0,0,0.0,8,117,1,1.0
-0.0,9,1.0,3138,0,0,0,0,0.0,9,117,1,1.0
-0.0,10,1.0,3496,0,0,0,0,0.0,10,117,1,1.0
-0.0,11,1.0,3832,0,0,0,0,0.0,11,117,1,1.0
-0.0,12,1.0,4173,0,0,0,0,0.0,12,117,1,1.0
-0.0,13,1.0,4508,0,0,0,0,0.0,13,117,1,1.0
-0.0,14,1.0,4808,0,0,0,0,0.0,14,117,1,1.0
-0.0,15,1.0,5147,0,0,0,0,0.0,15,117,1,1.0
,0,,1024,1,1,1,0,1.0,1,118,0,
-0.0,1,1.0,1720,0,0,0,0,0.5,2,118,1,1.0
-0.0,2,1.0,2496,0,0,0,0,0.3333333333333333,3,118,1,1.0
-0.0,3,1.0,3520,0,0,0,0,0.5,4,118,1,1.0
-0.0,4,1.0,4221,0,0,0,0,0.4,5,118,1,1.0
-0.0,5,1.0,4912,0,0,0,0,0.3333333333333333,6,118,1,1.0
-0.0,6,1.0,5734,0,0,0,0,0.2857142857142857,7,118,1,1.0
-0.0,7,1.0,6427,0,0,0,0,0.25,8,118,1,1.0
-0.0,8,1.0,7209,0,0,0,0,0.2222222222222222,9,118,1,1.0
-0.0,9,1.0,7897,0,0,0,0,0.2,10,118,1,1.0
-0.0,10,1.0,8704,0,0,0,0,0.18181818181818182,11,118,1,1.0
-0.0,11,1.0,9728,0,0,0,0,0.25,12,118,1,1.0
-0.0,12,1.0,10752,0,0,0,0,0.3076923076923077,13,118,1,1.0
-0.0,13,1.0,11776,0,0,0,0,0.35714285714285715,14,118,1,1.0
-0.0,14,1.0,12800,0,0,0,0,0.4,15,118,1,1.0
-0.0,1,1.0,527,0,0,0,0,0.0,1,119,1,1.0
0.6931471805599453,2,0.5,1158,0,0,0,0,0.0,2,119,2,0.0
1.0986122886681096,3,0.3333333333333333,2182,0,0,0,0,0.0,3,119,3,0.0
1.3862943611198906,4,0.25,2753,0,0,0,0,0.0,4,119,4,0.0
1.3321790402101223,1,0.4,3423,1,1,1,0,0.0,5,119,4,0.2
1.3296613488547582,1,0.3333333333333333,4264,0,0,0,0,0.0,6,119,4,0.0
1.277034259466139,2,0.42857142857142855,4783,0,0,0,0,0.0,7,119,4,0.14285714285714285
1.2130075659799042,3,0.5,5328,0,0,0,0,0.0,8,119,4,0.25
1.1490596969706202,4,0.5555555555555556,5712,0,0,0,0,0.0,9,119,4,0.3333333333333333
1.2206072645530175,5,0.5,6736,0,0,0,0,0.0,10,119,4,0.3
1.1685184057430877,6,0.5454545454545454,7447,0,0,0,0,0.0,11,119,4,0.36363636363636365
1.1187433359857524,7,0.5833333333333334,8235,0,0,0,0,0.0,12,119,4,0.4166666666666667
1.1569876443452742,8,0.5384615384615384,8841,0,0,0,0,0.0,13,119,4,0.3076923076923077
1.1952684170869836,9,0.5,9342,0,0,0,0,0.0,14,119,4,0.2857142857142857
1.1595697967390537,10,0.5333333333333333,10097,0,0,0,0,0.0,15,119,4,0.3333333333333333
-0.0,1,1.0,408,0,0,0,0,0.0,1,120,1,1.0
0.6931471805599453,2,0.5,874,0,0,0,0,0.0,2,120,2,0.0
0.6365141682948128,3,0.6666666666666666,1454,0,0,0,0,0.0,3,120,2,0.3333333333333333
0.5623351446188083,4,0.75,2086,0,0,0,0,0.0,4,120,2,0.5
0.5004024235381879,5,0.8,2536,0,0,0,0,0.0,5,120,2,0.6
0.45056120886630463,6,0.8333333333333334,3131,0,0,0,0,0.0,6,120,2,0.6666666666666666
0.5982695885852573,7,0.7142857142857143,3522,0,0,0,0,0.0,7,120,2,0.42857142857142855
0.5623351446188083,8,0.75,4070,0,0,0,0,0.0,8,120,2,0.5
0.6365141682948128,9,0.6666666666666666,4577,0,0,0,0,0.0,9,120,2,0.3333333333333333
0.6108643020548935,10,0.7,5148,0,0,0,0,0.0,10,120,2,0.4
0.5859526183035508,11,0.7272727272727273,5634,0,0,0,0,0.0,11,120,2,0.45454545454545453
0.6365141682948128,12,0.6666666666666666,6168,0,0,0,0,0.0,12,120,2,0.3333333333333333
0.666278442414676,13,0.6153846153846154,6611,0,0,0,0,0.0,13,120,2,0.23076923076923078
0.6517565611726531,14,0.6428571428571429,7308,0,0,0,0,0.0,14,120,2,0.2857142857142857
0.6730116670092565,15,0.6,7849,0,0,0,0,0.0,15,120,2,0.2
-0.0,1,1.0,348,0,0,0,0,0.0,1,121,1,1.0
-0.0,2,1.0,674,0,0,0,0,0.0,2,121,1,1.0
-0.0,3,1.0,1698,0,0,0,0,0.0,3,121,1,1.0
-0.0,4,1.0,2100,0,0,0,0,0.0,4,121,1,1.0
-0.0,5,1.0,2351,0,0,0,0,0.0,5,121,1,1.0
-0.0,6,1.0,2700,0,0,0,0,0.0,6,121,1,1.0
-0.0,7,1.0,2971,0,0,0,0,0.0,7,121,1,1.0
-0.0,8,1.0,3364,0,0,0,0,0.0,8,121,1,1.0
-0.0,9,1.0,3647,0,0,0,0,0.0,9,121,1,1.0
-0.0,10,1.0,4011,0,0,0,0,0.0,10,121,1,1.0
-0.0,11,1.0,4322,0,0,0,0,0.0,11,121,1,1.0
-0.0,12,1.0,4669,0,0,0,0,0.0,12,121,1,1.0
-0.0,13,1.0,5033,0,0,0,0,0.0,13,121,1,1.0
-0.0,14,1.0,5353,0,0,0,0,0.0,14,121,1,1.0
-0.0,15,1.0,5734,0,0,0,0,0.0,15,121,1,1.0
-0.0,1,1.0,333,0,0,0,0,0.0,1,122,1,1.0
-0.0,2,1.0,661,0,0,0,0,0.0,2,122,1,1.0
-0.0,3,1.0,943,0,0,0,0,0.0,3,122,1,1.0
-0.0,4,1.0,1305,0,0,0,0,0.0,4,122,1,1.0
-0.0,5,1.0,1670,0,0,0,0,0.0,5,122,1,1.0
-0.0,6,1.0,2007,0,0,0,0,0.0,6,122,1,1.0
-0.0,7,1.0,2355,0,0,0,0,0.0,7,122,1,1.0
-0.0,8,1.0,2667,0,0,0,0,0.0,8,122,1,1.0
-0.0,9,1.0,3025,0,0,0,0,0.0,9,122,1,1.0
-0.0,10,1.0,3380,0,0,0,0,0.0,10,122,1,1.0
-0.0,11,1.0,3724,0,0,0,0,0.0,11,122,1,1.0
-0.0,12,1.0,4020,0,0,0,0,0.0,12,122,1,1.0
-0.0,13,1.0,4379,0,0,0,0,0.0,13,122,1,1.0
-0.0,14,1.0,4706,0,0,0,0,0.0,14,122,1,1.0
-0.0,15,1.0,5070,0,0,0,0,0.0,15,122,1,1.0
,0,,1024,1,0,0,0,1.0,1,123,0,
-0.0,1,1.0,1986,1,1,0,1,0.5,2,123,1,1.0
0.6931471805599453,2,0.5,2963,1,1,0,1,0.3333333333333333,3,123,2,0.0
1.0986122886681096,3,0.3333333333333333,3987,1,1,0,1,0.25,4,123,3,0.0
1.3862943611198906,4,0.25,4889,1,1,0,1,0.2,5,123,4,0.0
1.6094379124341005,5,0.2,5729,1,1,0,1,0.16666666666666666,6,123,5,0.0
1.5607104090414063,1,0.3333333333333333,6482,0,0,0,0,0.14285714285714285,7,123,5,0.16666666666666666
1.5607104090414063,2,0.3333333333333333,7506,0,0,0,0,0.25,8,123,5,0.16666666666666666
1.5607104090414063,3,0.3333333333333333,8530,0,0,0,0,0.3333333333333333,9,123,5,0.16666666666666666
1.4750763110546947,4,0.42857142857142855,9376,0,0,0,0,0.3,10,123,5,0.2857142857142857
1.3862943611198906,5,0.5,10069,0,0,0,0,0.2727272727272727,11,123,5,0.375
1.3862943611198906,6,0.5,11093,0,0,0,0,0.3333333333333333,12,123,5,0.375
1.3862943611198906,7,0.5,12117,0,0,0,0,0.38461538461538464,13,123,5,0.375
1.303092403761719,8,0.5555555555555556,12922,0,0,0,0,0.35714285714285715,14,123,5,0.4444444444444444
1.303092403761719,9,0.5555555555555556,13946,0,0,0,0,0.4,15,123,5,0.4444444444444444
-0.0,1,1.0,732,0,0,0,0,0.0,1,124,1,1.0
-0.0,2,1.0,1509,0,0,0,0,0.0,2,124,1,1.0
-0.0,3,1.0,2228,0,0,0,0,0.0,3,124,1,1.0
-0.0,4,1.0,2884,0,0,0,0,0.0,4,124,1,1.0
-0.0,5,1.0,3628,0,0,0,0,0.0,5,124,1,1.0
-0.0,6,1.0,4260,0,0,0,0,0.0,6,124,1,1.0
-0.0,7,1.0,5002,0,0,0,0,0.0,7,124,1,1.0
-0.0,8,1.0,5709,0,0,0,0,0.0,8,124,1,1.0
-0.0,9,1.0,6468,0,0,0,0,0.0,9,124,1,1.0
-0.0,10,1.0,7206,0,0,0,0,0.0,10,124,1,1.0
-0.0,11,1.0,7938,0,0,0,0,0.0,11,124,1,1.0
-0.0,12,1.0,8646,0,0,0,0,0.0,12,124,1,1.0
-0.0,13,1.0,9363,0,0,0,0,0.0,13,124,1,1.0
-0.0,14,1.0,10016,0,0,0,0,0.0,14,124,1,1.0
-0.0,15,1.0,11040,0,0,0,0,0.0,15,124,1,1.0
-0.0,1,1.0,316,0,0,0,0,0.0,1,125,1,1.0
-0.0,2,1.0,605,0,0,0,0,0.0,2,125,1,1.0
-0.0,3,1.0,1024,0,0,0,0,0.0,3,125,1,1.0
-0.0,4,1.0,1441,0,0,0,0,0.0,4,125,1,1.0
-0.0,5,1.0,1746,0,0,0,0,0.0,5,125,1,1.0
-0.0,6,1.0,2062,0,0,0,0,0.0,6,125,1,1.0
-0.0,7,1.0,2451,0,0,0,0,0.0,7,125,1,1.0
-0.0,8,1.0,2904,0,0,0,0,0.0,8,125,1,1.0
-0.0,9,1.0,3303,0,0,0,0,0.0,9,125,1,1.0
-0.0,10,1.0,3762,0,0,0,0,0.0,10,125,1,1.0
-0.0,11,1.0,4015,0,0,0,0,0.0,11,125,1,1.0
-0.0,12,1.0,4409,0,0,0,0,0.0,12,125,1,1.0
-0.0,13,1.0,4795,0,0,0,0,0.0,13,125,1,1.0
-0.0,14,1.0,5819,0,0,0,0,0.0,14,125,1,1.0
-0.0,15,1.0,6081,0,0,0,0,0.0,15,125,1,1.0
-0.0,1,1.0,853,0,0,0,0,0.0,1,126,1,1.0
-0.0,2,1.0,1877,0,0,0,0,0.5,2,126,1,1.0
-0.0,3,1.0,2901,0,0,0,0,0.6666666666666666,3,126,1,1.0
-0.0,4,1.0,3925,0,0,0,0,0.75,4,126,1,1.0
-0.0,5,1.0,4644,0,0,0,0,0.6,5,126,1,1.0
0.6365141682948128,6,0.6666666666666666,5546,0,0,0,0,0.5,6,126,2,0.3333333333333333
0.6365141682948128,7,0.6666666666666666,6570,0,0,0,0,0.5714285714285714,7,126,2,0.3333333333333333
1.0397207708399179,8,0.5,7575,0,0,0,0,0.5,8,126,3,0.25
1.3321790402101223,9,0.4,8398,0,0,0,0,0.4444444444444444,9,126,4,0.2
1.3321790402101223,10,0.4,9422,0,0,0,0,0.5,10,126,4,0.2
1.3296613488547582,11,0.3333333333333333,10387,0,0,0,0,0.45454545454545453,11,126,4,0.0
1.3296613488547582,12,0.3333333333333333,11411,0,0,0,0,0.5,12,126,4,0.0
1.5498260458782016,13,0.2857142857142857,12351,0,0,0,0,0.46153846153846156,13,126,5,0.0
1.5498260458782016,14,0.2857142857142857,13375,0,0,0,0,0.5,14,126,5,0.0
1.559581156259877,15,0.25,14059,0,0,0,0,0.4666666666666667,15,126,5,0.0
-0.0,1,1.0,379,0,0,0,0,0.0,1,127,1,1.0
-0.0,2,1.0,726,0,0,0,0,0.0,2,127,1,1.0
-0.0,3,1.0,1071,0,0,0,0,0.0,3,127,1,1.0
-0.0,4,1.0,1464,0,0,0,0,0.0,4,127,1,1.0
-0.0,5,1.0,1821,0,0,0,0,0.0,5,127,1,1.0
-0.0,6,1.0,2177,0,0,0,0,0.0,6,127,1,1.0
-0.0,7,1.0,2529,0,0,0,0,0.0,7,127,1,1.0
-0.0,8,1.0,2944,0,0,0,0,0.0,8,127,1,1.0
-0.0,9,1.0,3313,0,0,0,0,0.0,9,127,1,1.0
-0.0,10,1.0,4337,0,0,0,0,0.0,10,127,1,1.0
-0.0,11,1.0,4633,0,0,0,0,0.0,11,127,1,1.0
-0.0,12,1.0,5035,0,0,0,0,0.0,12,127,1,1.0
-0.0,13,1.0,6059,0,0,0,0,0.0,13,127,1,1.0
-0.0,14,1.0,6407,0,0,0,0,0.0,14,127,1,1.0
-0.0,15,1.0,6873,0,0,0,0,0.0,15,127,1,1.0
-0.0,1,1.0,194,0,0,0,0,0.0,1,128,1,1.0
-0.0,2,1.0,381,0,0,0,0,0.0,2,128,1,1.0
-0.0,3,1.0,597,0,0,0,0,0.0,3,128,1,1.0
-0.0,4,1.0,810,0,0,0,0,0.0,4,128,1,1.0
-0.0,5,1.0,1023,0,0,0,0,0.0,5,128,1,1.0
-0.0,6,1.0,1237,0,0,0,0,0.0,6,128,1,1.0
-0.0,7,1.0,1426,0,0,0,0,0.0,7,128,1,1.0
-0.0,8,1.0,1655,0,0,0,0,0.0,8,128,1,1.0
-0.0,9,1.0,1915,0,0,0,0,0.0,9,128,1,1.0
-0.0,10,1.0,2939,0,0,0,0,0.0,10,128,1,1.0
-0.0,11,1.0,3141,0,0,0,0,0.0,11,128,1,1.0
-0.0,12,1.0,3340,0,0,0,0,0.0,12,128,1,1.0
-0.0,13,1.0,3566,0,0,0,0,0.0,13,128,1,1.0
-0.0,14,1.0,3789,0,0,0,0,0.0,14,128,1,1.0
-0.0,15,1.0,3976,0,0,0,0,0.0,15,128,1,1.0
-0.0,1,1.0,541,1,1,1,0,0.0,1,129,1,1.0
0.6931471805599453,2,0.5,1228,1,1,1,0,0.0,2,129,2,0.0
0.6365141682948128,1,0.6666666666666666,1902,0,0,0,0,0.0,3,129,2,0.3333333333333333
1.0397207708399179,2,0.5,2388,0,0,0,0,0.0,4,129,3,0.25
1.3321790402101223,3,0.4,3412,0,0,0,0,0.0,5,129,4,0.2
1.242453324894,4,0.5,4122,0,0,0,0,0.0,6,129,4,0.3333333333333333
1.277034259466139,5,0.42857142857142855,4928,0,0,0,0,0.0,7,129,4,0.14285714285714285
1.2130075659799042,6,0.5,5664,0,0,0,0,0.0,8,129,4,0.25
1.2148896539491203,7,0.4444444444444444,6263,0,0,0,0,0.0,9,129,4,0.1111111111111111
1.1935496040981333,1,0.4,6840,1,1,1,0,0.0,10,129,4,0.0
1.162225544921092,1,0.45454545454545453,7676,0,0,0,0,0.0,11,129,4,0.09090909090909091
1.236684869140504,2,0.4166666666666667,8330,0,0,0,0,0.0,12,129,4,0.08333333333333333
1.2047933096947843,3,0.46153846153846156,9023,0,0,0,0,0.0,13,129,4,0.15384615384615385
1.3760552852604169,4,0.42857142857142855,9820,0,0,0,0,0.0,14,129,5,0.14285714285714285
1.3624474851916286,5,0.4,10501,0,0,0,0,0.0,15,129,5,0.06666666666666667
-0.0,1,1.0,439,0,0,0,0,0.0,1,130,1,1.0
-0.0,2,1.0,828,0,0,0,0,0.0,2,130,1,1.0
-0.0,3,1.0,1267,0,0,0,0,0.0,3,130,1,1.0
-0.0,4,1.0,1699,0,0,0,0,0.0,4,130,1,1.0
-0.0,5,1.0,2149,0,0,0,0,0.0,5,130,1,1.0
-0.0,6,1.0,2579,0,0,0,0,0.0,6,130,1,1.0
-0.0,7,1.0,3019,0,0,0,0,0.0,7,130,1,1.0
-0.0,8,1.0,3448,0,0,0,0,0.0,8,130,1,1.0
-0.0,9,1.0,3830,0,0,0,0,0.0,9,130,1,1.0
-0.0,10,1.0,4279,0,0,0,0,0.0,10,130,1,1.0
-0.0,11,1.0,4729,0,0,0,0,0.0,11,130,1,1.0
-0.0,12,1.0,5186,0,0,0,0,0.0,12,130,1,1.0
-0.0,13,1.0,5630,0,0,0,0,0.0,13,130,1,1.0
-0.0,14,1.0,6043,0,0,0,0,0.0,14,130,1,1.0
-0.0,15,1.0,6433,0,0,0,0,0.0,15,130,1,1.0
-0.0,1,1.0,496,0,0,0,0,0.0,1,131,1,1.0
-0.0,2,1.0,1029,0,0,0,0,0.0,2,131,1,1.0
-0.0,3,1.0,1539,0,0,0,0,0.0,3,131,1,1.0
-0.0,4,1.0,2175,0,0,0,0,0.0,4,131,1,1.0
-0.0,5,1.0,2808,0,0,0,0,0.0,5,131,1,1.0
-0.0,6,1.0,3367,0,0,0,0,0.0,6,131,1,1.0
-0.0,7,1.0,3938,0,0,0,0,0.0,7,131,1,1.0
-0.0,8,1.0,4554,0,0,0,0,0.0,8,131,1,1.0
-0.0,9,1.0,5119,0,0,0,0,0.0,9,131,1,1.0
-0.0,10,1.0,5692,0,0,0,0,0.0,10,131,1,1.0
-0.0,11,1.0,6327,0,0,0,0,0.0,11,131,1,1.0
-0.0,12,1.0,6864,0,0,0,0,0.0,12,131,1,1.0
-0.0,13,1.0,7408,0,0,0,0,0.0,13,131,1,1.0
-0.0,14,1.0,7850,0,0,0,0,0.0,14,131,1,1.0
-0.0,15,1.0,8409,0,0,0,0,0.0,15,131,1,1.0
-0.0,1,1.0,253,0,0,0,0,0.0,1,132,1,1.0
-0.0,2,1.0,490,0,0,0,0,0.0,2,132,1,1.0
-0.0,3,1.0,714,0,0,0,0,0.0,3,132,1,1.0
-0.0,4,1.0,980,0,0,0,0,0.0,4,132,1,1.0
-0.0,5,1.0,1203,0,0,0,0,0.0,5,132,1,1.0
-0.0,6,1.0,2227,0,0,0,0,0.0,6,132,1,1.0
-0.0,7,1.0,2549,0,0,0,0,0.0,7,132,1,1.0
-0.0,8,1.0,2784,0,0,0,0,0.0,8,132,1,1.0
-0.0,9,1.0,2969,0,0,0,0,0.0,9,132,1,1.0
-0.0,10,1.0,3218,0,0,0,0,0.0,10,132,1,1.0
-0.0,11,1.0,3436,0,0,0,0,0.0,11,132,1,1.0
-0.0,12,1.0,3760,0,0,0,0,0.0,12,132,1,1.0
-0.0,13,1.0,3967,0,0,0,0,0.0,13,132,1,1.0
-0.0,14,1.0,4270,0,0,0,0,0.0,14,132,1,1.0
-0.0,15,1.0,5294,0,0,0,0,0.0,15,132,1,1.0
-0.0,1,1.0,421,0,0,0,0,0.0,1,133,1,1.0
-0.0,2,1.0,734,0,0,0,0,0.0,2,133,1,1.0
-0.0,3,1.0,1084,0,0,0,0,0.0,3,133,1,1.0
-0.0,4,1.0,1432,0,0,0,0,0.0,4,133,1,1.0
-0.0,5,1.0,1978,0,0,0,0,0.0,5,133,1,1.0
-0.0,6,1.0,2380,0,0,0,0,0.0,6,133,1,1.0
-0.0,7,1.0,2679,0,0,0,0,0.0,7,133,1,1.0
-0.0,8,1.0,2978,0,0,0,0,0.0,8,133,1,1.0
0.34883209584303193,9,0.8888888888888888,3845,0,0,0,0,0.0,9,133,2,0.7777777777777778
0.3250829733914482,10,0.9,4191,0,0,0,0,0.0,10,133,2,0.8
0.30463609734923813,11,0.9090909090909091,4480,0,0,0,0,0.0,11,133,2,0.8181818181818182
0.2868359830561607,12,0.9166666666666666,4784,0,0,0,0,0.0,12,133,2,0.8333333333333334
0.2711893730418441,13,0.9230769230769231,5265,0,0,0,0,0.0,13,133,2,0.8461538461538461
0.25731864054383163,14,0.9285714285714286,5610,0,0,0,0,0.0,14,133,2,0.8571428571428571
0.24493002679463532,15,0.9333333333333333,6105,0,0,0,0,0.0,15,133,2,0.8666666666666667
-0.0,1,1.0,608,0,0,0,0,0.0,1,134,1,1.0
-0.0,2,1.0,1231,0,0,0,0,0.0,2,134,1,1.0
-0.0,3,1.0,1829,0,0,0,0,0.0,3,134,1,1.0
-0.0,4,1.0,2502,0,0,0,0,0.0,4,134,1,1.0
-0.0,5,1.0,3251,0,0,0,0,0.0,5,134,1,1.0
-0.0,6,1.0,3846,0,0,0,0,0.0,6,134,1,1.0
-0.0,7,1.0,4662,0,0,0,0,0.0,7,134,1,1.0
-0.0,8,1.0,5252,0,0,0,0,0.0,8,134,1,1.0
-0.0,9,1.0,5784,0,0,0,0,0.0,9,134,1,1.0
-0.0,10,1.0,6342,0,0,0,0,0.0,10,134,1,1.0
-0.0,11,1.0,7077,0,0,0,0,0.0,11,134,1,1.0
-0.0,12,1.0,7735,0,0,0,0,0.0,12,134,1,1.0
-0.0,13,1.0,8326,0,0,0,0,0.0,13,134,1,1.0
-0.0,14,1.0,8947,0,0,0,0,0.0,14,134,1,1.0
-0.0,15,1.0,9519,0,0,0,0,0.0,15,134,1,1.0
-0.0,1,1.0,281,0,0,0,0,0.0,1,135,1,1.0
-0.0,2,1.0,728,0,0,0,0,0.0,2,135,1,1.0
-0.0,3,1.0,1159,0,0,0,0,0.0,3,135,1,1.0
-0.0,4,1.0,1645,0,0,0,0,0.0,4,135,1,1.0
-0.0,5,1.0,2079,0,0,0,0,0.0,5,135,1,1.0
-0.0,6,1.0,2559,0,0,0,0,0.0,6,135,1,1.0
-0.0,7,1.0,3020,0,0,0,0,0.0,7,135,1,1.0
-0.0,8,1.0,3395,0,0,0,0,0.0,8,135,1,1.0
-0.0,9,1.0,3904,0,0,0,0,0.0,9,135,1,1.0
-0.0,10,1.0,4400,0,0,0,0,0.0,10,135,1,1.0
-0.0,11,1.0,4839,0,0,0,0,0.0,11,135,1,1.0
-0.0,12,1.0,5308,0,0,0,0,0.0,12,135,1,1.0
-0.0,13,1.0,5631,0,0,0,0,0.0,13,135,1,1.0
-0.0,14,1.0,6158,0,0,0,0,0.0,14,135,1,1.0
-0.0,15,1.0,6572,0,0,0,0,0.0,15,135,1,1.0
,0,,1024,1,1,1,0,1.0,1,136,0,
,0,,2048,1,1,1,0,1.0,2,136,0,
,0,,3072,1,1,1,0,1.0,3,136,0,
,0,,4096,1,1,1,0,1.0,4,136,0,
,0,,5120,1,1,1,0,1.0,5,136,0,
-0.0,1,1.0,5851,0,0,0,0,0.8333333333333334,6,136,1,1.0
-0.0,2,1.0,6875,0,0,0,0,0.8571428571428571,7,136,1,1.0
-0.0,3,1.0,7899,0,0,0,0,0.75,8,136,1,1.0
-0.0,4,1.0,8724,0,0,0,0,0.6666666666666666,9,136,1,1.0
-0.0,5,1.0,9748,0,0,0,0,0.7,10,136,1,1.0
-0.0,6,1.0,10653,0,0,0,0,0.6363636363636364,11,136,1,1.0
-0.0,7,1.0,11512,0,0,0,0,0.5833333333333334,12,136,1,1.0
-0.0,8,1.0,12536,0,0,0,0,0.6153846153846154,13,136,1,1.0
0.45056120886630463,9,0.8333333333333334,13431,0,0,0,0,0.5714285714285714,14,136,2,0.6666666666666666
0.410116318288409,10,0.8571428571428571,14132,0,0,0,0,0.5333333333333333,15,136,2,0.7142857142857143
-0.0,1,1.0,523,0,0,0,0,0.0,1,137,1,1.0
-0.0,2,1.0,966,0,0,0,0,0.0,2,137,1,1.0
-0.0,3,1.0,1522,0,0,0,0,0.0,3,137,1,1.0
-0.0,4,1.0,1968,0,0,0,0,0.0,4,137,1,1.0
-0.0,5,1.0,2397,0,0,0,0,0.0,5,137,1,1.0
-0.0,6,1.0,2836,0,0,0,0,0.0,6,137,1,1.0
-0.0,7,1.0,3373,0,0,0,0,0.0,7,137,1,1.0
-0.0,8,1.0,3816,0,0,0,0,0.0,8,137,1,1.0
-0.0,9,1.0,4267,0,0,0,0,0.0,9,137,1,1.0
-0.0,10,1.0,4705,0,0,0,0,0.0,10,137,1,1.0
-0.0,11,1.0,5138,0,0,0,0,0.0,11,137,1,1.0
-0.0,12,1.0,5657,0,0,0,0,0.0,12,137,1,1.0
-0.0,13,1.0,6090,0,0,0,0,0.0,13,137,1,1.0
-0.0,14,1.0,6517,0,0,0,0,0.0,14,137,1,1.0
-0.0,15,1.0,7070,0,0,0,0,0.0,15,137,1,1.0
,0,,1024,1,0,0,0,1.0,1,138,0,
-0.0,1,1.0,2048,1,0,0,0,0.5,2,138,1,1.0
0.6931471805599453,2,0.5,2687,1,0,0,0,0.3333333333333333,3,138,2,0.0
0.6931471805599453,3,0.5,3711,1,0,0,0,0.5,4,138,2,0.0
1.0986122886681096,4,0.3333333333333333,4539,1,0,0,0,0.4,5,138,3,0.0
1.0986122886681096,5,0.3333333333333333,5563,1,0,0,0,0.5,6,138,3,0.0
1.0397207708399179,1,0.5,6170,1,0,0,0,0.42857142857142855,7,138,3,0.25
1.3321790402101223,2,0.4,6816,1,0,0,0,0.375,8,138,4,0.2
1.3321790402101223,3,0.4,7840,1,0,0,0,0.4444444444444444,9,138,4,0.2
1.3296613488547582,4,0.3333333333333333,8709,1,0,0,0,0.4,10,138,4,0.0
1.277034259466139,5,0.42857142857142855,9504,1,0,0,0,0.36363636363636365,11,138,4,0.14285714285714285
1.4941751382893083,6,0.375,10063,1,0,0,0,0.3333333333333333,12,138,5,0.125
1.4941751382893083,7,0.375,11087,1,0,0,0,0.38461538461538464,13,138,5,0.125
1.464816384890813,8,0.3333333333333333,11861,1,0,0,0,0.35714285714285715,14,138,5,0.0
1.4184836619456564,1,0.4,12840,0,0,0,0,0.3333333333333333,15,138,5,0.1
-0.0,1,1.0,829,0,0,0,0,0.0,1,139,1,1.0
-0.0,2,1.0,1729,0,0,0,0,0.0,2,139,1,1.0
-0.0,3,1.0,2195,0,0,0,0,0.0,3,139,1,1.0
-0.0,4,1.0,3111,0,0,0,0,0.0,4,139,1,1.0
-0.0,5,1.0,4135,0,0,0,0,0.2,5,139,1,1.0
-0.0,6,1.0,5025,0,0,0,0,0.16666666666666666,6,139,1,1.0
-0.0,7,1.0,6049,0,0,0,0,0.14285714285714285,7,139,1,1.0
-0.0,8,1.0,6477,0,0,0,0,0.125,8,139,1,1.0
-0.0,9,1.0,7501,0,0,0,0,0.2222222222222222,9,139,1,1.0
-0.0,10,1.0,8419,0,0,0,0,0.2,10,139,1,1.0
-0.0,11,1.0,8692,0,0,0,0,0.18181818181818182,11,139,1,1.0
-0.0,12,1.0,9298,0,0,0,0,0.16666666666666666,12,139,1,1.0
-0.0,13,1.0,9787,0,0,0,0,0.15384615384615385,13,139,1,1.0
-0.0,14,1.0,10679,0,0,0,0,0.14285714285714285,14,139,1,1.0
-0.0,15,1.0,11635,0,0,0,0,0.13333333333333333,15,139,1,1.0
-0.0,1,1.0,521,0,0,0,0,0.0,1,140,1,1.0
-0.0,2,1.0,1071,0,0,0,0,0.0,2,140,1,1.0
-0.0,3,1.0,1560,0,0,0,0,0.0,3,140,1,1.0
-0.0,4,1.0,2055,0,0,0,0,0.0,4,140,1,1.0
-0.0,5,1.0,2591,0,0,0,0,0.0,5,140,1,1.0
-0.0,6,1.0,3112,0,0,0,0,0.0,6,140,1,1.0
-0.0,7,1.0,3598,0,0,0,0,0.0,7,140,1,1.0
-0.0,8,1.0,4140,0,0,0,0,0.0,8,140,1,1.0
-0.0,9,1.0,4602,0,0,0,0,0.0,9,140,1,1.0
-0.0,10,1.0,5124,0,0,0,0,0.0,10,140,1,1.0
-0.0,11,1.0,5582,0,0,0,0,0.0,11,140,1,1.0
-0.0,12,1.0,6092,0,0,0,0,0.0,12,140,1,1.0
-0.0,13,1.0,6618,0,0,0,0,0.0,13,140,1,1.0
-0.0,14,1.0,7099,0,0,0,0,0.0,14,140,1,1.0
-0.0,15,1.0,7549,0,0,0,0,0.0,15,140,1,1.0
-0.0,1,1.0,292,0,0,0,0,0.0,1,141,1,1.0
-0.0,2,1.0,584,0,0,0,0,0.0,2,141,1,1.0
-0.0,3,1.0,875,0,0,0,0,0.0,3,141,1,1.0
-0.0,4,1.0,1228,0,0,0,0,0.0,4,141,1,1.0
-0.0,5,1.0,1529,0,0,0,0,0.0,5,141,1,1.0
-0.0,6,1.0,1681,0,0,0,0,0.0,6,141,1,1.0
-0.0,7,1.0,2028,0,0,0,0,0.0,7,141,1,1.0
-0.0,8,1.0,2292,0,0,0,0,0.0,8,141,1,1.0
-0.0,9,1.0,2662,0,0,0,0,0.0,9,141,1,1.0
-0.0,10,1.0,2865,0,0,0,0,0.0,10,141,1,1.0
-0.0,11,1.0,3122,0,0,0,0,0.0,11,141,1,1.0
-0.0,12,1.0,3466,0,0,0,0,0.0,12,141,1,1.0
-0.0,13,1.0,3627,0,0,0,0,0.0,13,141,1,1.0
-0.0,14,1.0,3985,0,0,0,0,0.0,14,141,1,1.0
-0.0,15,1.0,4367,0,0,0,0,0.0,15,141,1,1.0
-0.0,1,1.0,415,0,0,0,0,0.0,1,142,1,1.0
0.6931471805599453,2,0.5,943,0,0,0,0,0.0,2,142,2,0.0
0.6365141682948128,3,0.6666666666666666,1377,0,0,0,0,0.0,3,142,2,0.3333333333333333
0.5623351446188083,4,0.75,1792,0,0,0,0,0.0,4,142,2,0.5
0.6730116670092565,5,0.6,2200,0,0,0,0,0.0,5,142,2,0.2
0.6931471805599453,6,0.5,2634,0,0,0,0,0.0,6,142,2,0.0
0.6829081047004717,7,0.5714285714285714,3172,0,0,0,0,0.0,7,142,2,0.14285714285714285
0.6931471805599453,8,0.5,3605,0,0,0,0,0.0,8,142,2,0.0
0.6869615765973234,9,0.5555555555555556,4068,0,0,0,0,0.0,9,142,2,0.1111111111111111
0.6931471805599453,10,0.5,4466,0,0,0,0,0.0,10,142,2,0.0
0.6890092384766586,1,0.5454545454545454,4914,1,1,1,0,0.0,11,142,2,0.09090909090909091
0.6931471805599453,1,0.5,5306,0,0,0,0,0.0,12,142,2,0.0
0.6901856760188042,2,0.5384615384615384,5747,0,0,0,0,0.0,13,142,2,0.07692307692307693
0.6931471805599453,3,0.5,6254,0,0,0,0,0.0,14,142,2,0.0
0.6909233093138181,1,0.5333333333333333,6749,1,1,1,0,0.0,15,142,2,0.06666666666666667
-0.0,1,1.0,566,0,0,0,0,0.0,1,143,1,1.0
-0.0,2,1.0,1383,0,0,0,0,0.0,2,143,1,1.0
-0.0,3,1.0,2177,0,0,0,0,0.0,3,143,1,1.0
-0.0,4,1.0,2824,0,0,0,0,0.0,4,143,1,1.0
-0.0,5,1.0,3433,0,0,0,0,0.0,5,143,1,1.0
-0.0,6,1.0,4255,0,0,0,0,0.0,6,143,1,1.0
-0.0,7,1.0,5208,0,0,0,0,0.0,7,143,1,1.0
-0.0,8,1.0,5820,0,0,0,0,0.0,8,143,1,1.0
-0.0,9,1.0,6491,0,0,0,0,0.0,9,143,1,1.0
-0.0,10,1.0,7184,0,0,0,0,0.0,10,143,1,1.0
-0.0,11,1.0,7833,0,0,0,0,0.0,11,143,1,1.0
-0.0,12,1.0,8478,0,0,0,0,0.0,12,143,1,1.0
-0.0,13,1.0,9163,0,0,0,0,0.0,13,143,1,1.0
-0.0,14,1.0,9967,0,0,0,0,0.0,14,143,1,1.0
-0.0,15,1.0,10579,0,0,0,0,0.0,15,143,1,1.0
-0.0,1,1.0,252,0,0,0,0,0.0,1,144,1,1.0
-0.0,2,1.0,561,0,0,0,0,0.0,2,144,1,1.0
-0.0,3,1.0,813,0,0,0,0,0.0,3,144,1,1.0
-0.0,4,1.0,1067,0,0,0,0,0.0,4,144,1,1.0
-0.0,5,1.0,1319,0,0,0,0,0.0,5,144,1,1.0
-0.0,6,1.0,1547,0,0,0,0,0.0,6,144,1,1.0
-0.0,7,1.0,1802,0,0,0,0,0.0,7,144,1,1.0
-0.0,8,1.0,2073,0,0,0,0,0.0,8,144,1,1.0
-0.0,9,1.0,2327,0,0,0,0,0.0,9,144,1,1.0
-0.0,10,1.0,2672,0,0,0,0,0.0,10,144,1,1.0
-0.0,11,1.0,2927,0,0,0,0,0.0,11,144,1,1.0
-0.0,12,1.0,3202,0,0,0,0,0.0,12,144,1,1.0
-0.0,13,1.0,3434,0,0,0,0,0.0,13,144,1,1.0
-0.0,14,1.0,3688,0,0,0,0,0.0,14,144,1,1.0
-0.0,15,1.0,3922,0,0,0,0,0.0,15,144,1,1.0
-0.0,1,1.0,592,0,0,0,0,0.0,1,145,1,1.0
0.6931471805599453,2,0.5,1563,0,0,0,0,0.0,2,145,2,0.0
0.6365141682948128,3,0.6666666666666666,2170,0,0,0,0,0.0,3,145,2,0.3333333333333333
1.0397207708399179,4,0.5,2848,0,0,0,0,0.0,4,145,3,0.25
1.3321790402101223,5,0.4,3592,0,0,0,0,0.0,5,145,4,0.2
1.5607104090414063,6,0.3333333333333333,4307,0,0,0,0,0.0,6,145,5,0.16666666666666666
1.5498260458782016,7,0.2857142857142857,4998,0,0,0,0,0.0,7,145,5,0.0
1.559581156259877,8,0.25,5527,0,0,0,0,0.0,8,145,5,0.0
1.5229550675313184,9,0.3333333333333333,6147,0,0,0,0,0.0,9,145,5,0.1111111111111111
1.5047882836811908,10,0.3,6722,0,0,0,0,0.0,10,145,5,0.0
1.4681399390162087,11,0.36363636363636365,7424,0,0,0,0,0.0,11,145,5,0.09090909090909091
1.4451858789480823,12,0.3333333333333333,7999,0,0,0,0,0.0,12,145,5,0.0
1.4127446368638479,1,0.38461538461538464,8949,1,1,1,0,0.0,13,145,5,0.07692307692307693
1.4127446368638479,2,0.38461538461538464,9973,1,1,1,0,0.07142857142857142,14,145,5,0.07692307692307693
1.3904377949394804,1,0.35714285714285715,10620,0,0,0,0,0.06666666666666667,15,145,5,0.0
-0.0,1,1.0,360,0,0,0,0,0.0,1,146,1,1.0
-0.0,2,1.0,618,0,0,0,0,0.0,2,146,1,1.0
-0.0,3,1.0,939,0,0,0,0,0.0,3,146,1,1.0
-0.0,4,1.0,1288,0,0,0,0,0.0,4,146,1,1.0
-0.0,5,1.0,1600,0,0,0,0,0.0,5,146,1,1.0
-0.0,6,1.0,1943,0,0,0,0,0.0,6,146,1,1.0
-0.0,7,1.0,2258,0,0,0,0,0.0,7,146,1,1.0
-0.0,8,1.0,2587,0,0,0,0,0.0,8,146,1,1.0
-0.0,9,1.0,3611,0,0,0,0,0.0,9,146,1,1.0
-0.0,10,1.0,3979,0,0,0,0,0.0,10,146,1,1.0
-0.0,11,1.0,4335,0,0,0,0,0.0,11,146,1,1.0
-0.0,12,1.0,4574,0,0,0,0,0.0,12,146,1,1.0
-0.0,13,1.0,4894,0,0,0,0,0.0,13,146,1,1.0
-0.0,14,1.0,5198,0,0,0,0,0.0,14,146,1,1.0
-0.0,15,1.0,5455,0,0,0,0,0.0,15,146,1,1.0
-0.0,1,1.0,950,1,1,0,1,0.0,1,147,1,1.0
0.6931471805599453,2,0.5,1663,1,1,0,1,0.0,2,147,2,0.0
1.0986122886681096,3,0.3333333333333333,2400,1,1,0,1,0.0,3,147,3,0.0
1.0397207708399179,1,0.5,3289,0,0,0,0,0.0,4,147,3,0.25
1.3321790402101223,2,0.4,4182,0,0,0,0,0.0,5,147,4,0.2
1.3296613488547582,1,0.3333333333333333,5125,1,1,0,1,0.0,6,147,4,0.0
1.3296613488547582,2,0.3333333333333333,6149,1,1,0,1,0.14285714285714285,7,147,4,0.0
1.3296613488547582,3,0.3333333333333333,7173,1,1,0,1,0.25,8,147,4,0.0
1.277034259466139,1,0.42857142857142855,8087,0,0,0,0,0.2222222222222222,9,147,4,0.14285714285714285
1.3208883431493221,2,0.375,9061,0,0,0,0,0.2,10,147,4,0.125
1.3208883431493221,3,0.375,10085,0,0,0,0,0.2727272727272727,11,147,4,0.125
1.3208883431493221,4,0.375,11109,0,0,0,0,0.3333333333333333,12,147,4,0.125
1.2730283365896256,5,0.4444444444444444,11979,0,0,0,0,0.3076923076923077,13,147,4,0.2222222222222222
1.2730283365896256,6,0.4444444444444444,13003,0,0,0,0,0.35714285714285715,14,147,4,0.2222222222222222
1.2798542258336676,7,0.4,14023,0,0,0,0,0.3333333333333333,15,147,4,0.1
-0.0,1,1.0,273,0,0,0,0,0.0,1,148,1,1.0
-0.0,2,1.0,578,0,0,0,0,0.0,2,148,1,1.0
-0.0,3,1.0,850,0,0,0,0,0.0,3,148,1,1.0
-0.0,4,1.0,1156,0,0,0,0,0.0,4,148,1,1.0
-0.0,5,1.0,2180,0,0,0,0,0.0,5,148,1,1.0
-0.0,6,1.0,2447,0,0,0,0,0.0,6,148,1,1.0
-0.0,7,1.0,2776,0,0,0,0,0.0,7,148,1,1.0
-0.0,8,1.0,3059,0,0,0,0,0.0,8,148,1,1.0
-0.0,9,1.0,3328,0,0,0,0,0.0,9,148,1,1.0
-0.0,10,1.0,4352,0,0,0,0,0.0,10,148,1,1.0
-0.0,11,1.0,4616,0,0,0,0,0.0,11,148,1,1.0
-0.0,12,1.0,4882,0,0,0,0,0.0,12,148,1,1.0
-0.0,13,1.0,5151,0,0,0,0,0.0,13,148,1,1.0
-0.0,14,1.0,6175,0,0,0,0,0.0,14,148,1,1.0
-0.0,15,1.0,6478,0,0,0,0,0.0,15,148,1,1.0
-0.0,1,1.0,726,0,0,0,0,0.0,1,149,1,1.0
-0.0,2,1.0,1518,0,0,0,0,0.0,2,149,1,1.0
-0.0,3,1.0,2153,0,0,0,0,0.0,3,149,1,1.0
-0.0,4,1.0,2824,0,0,0,0,0.0,4,149,1,1.0
-0.0,5,1.0,3848,0,0,0,0,0.2,5,149,1,1.0
-0.0,6,1.0,4604,0,0,0,0,0.16666666666666666,6,149,1,1.0
-0.0,7,1.0,5264,0,0,0,0,0.14285714285714285,7,149,1,1.0
-0.0,8,1.0,5912,0,0,0,0,0.125,8,149,1,1.0
-0.0,9,1.0,6936,0,0,0,0,0.2222222222222222,9,149,1,1.0
-0.0,10,1.0,7696,0,0,0,0,0.2,10,149,1,1.0
-0.0,11,1.0,8720,0,0,0,0,0.2727272727272727,11,149,1,1.0
-0.0,12,1.0,9460,0,0,0,0,0.25,12,149,1,1.0
-0.0,13,1.0,10128,0,0,0,0,0.23076923076923078,13,149,1,1.0
-0.0,14,1.0,11152,0,0,0,0,0.21428571428571427,14,149,1,1.0
-0.0,15,1.0,11877,0,0,0,0,0.2,15,149,1,1.0
,0,,1024,1,0,0,0,1.0,1,150,0,
,0,,2048,1,0,0,0,1.0,2,150,0,
-0.0,1,1.0,3072,0,0,0,0,0.6666666666666666,3,150,1,1.0
-0.0,2,1.0,4096,0,0,0,0,0.75,4,150,1,1.0
-0.0,3,1.0,5120,0,0,0,0,0.8,5,150,1,1.0
-0.0,4,1.0,5970,0,0,0,0,0.6666666666666666,6,150,1,1.0
-0.0,5,1.0,6994,0,0,0,0,0.7142857142857143,7,150,1,1.0
-0.0,6,1.0,8018,0,0,0,0,0.75,8,150,1,1.0
0.6365141682948128,7,0.6666666666666666,8851,0,0,0,0,0.6666666666666666,9,150,2,0.3333333333333333
1.0397207708399179,8,0.5,9628,0,0,0,0,0.6,10,150,3,0.25
1.0397207708399179,9,0.5,10652,0,0,0,0,0.6363636363636364,11,150,3,0.25
0.9502705392332347,10,0.6,11439,0,0,0,0,0.5833333333333334,12,150,3,0.4
1.242453324894,11,0.5,12188,0,0,0,0,0.5384615384615384,13,150,4,0.3333333333333333
1.242453324894,12,0.5,13212,0,0,0,0,0.5714285714285714,14,150,4,0.3333333333333333
1.4750763110546947,13,0.42857142857142855,14199,0,0,0,0,0.5333333333333333,15,150,5,0.2857142857142857
-0.0,1,1.0,415,0,0,0,0,0.0,1,151,1,1.0
-0.0,2,1.0,991,0,0,0,0,0.0,2,151,1,1.0
-0.0,3,1.0,1379,0,0,0,0,0.0,3,151,1,1.0
-0.0,4,1.0,1876,0,0,0,0,0.0,4,151,1,1.0
0.5004024235381879,5,0.8,2604,0,0,0,0,0.0,5,151,2,0.6
0.45056120886630463,6,0.8333333333333334,3108,0,0,0,0,0.0,6,151,2,0.6666666666666666
0.410116318288409,7,0.8571428571428571,3821,0,0,0,0,0.0,7,151,2,0.7142857142857143
0.7356219397587946,8,0.75,4531,0,0,0,0,0.0,8,151,3,0.625
0.6837389058487535,9,0.7777777777777778,5132,0,0,0,0,0.0,9,151,3,0.6666666666666666
0.639031859650177,10,0.8,5723,0,0,0,0,0.0,10,151,3,0.7
0.6001660731596457,11,0.8181818181818182,6233,0,0,0,0,0.0,11,151,3,0.7272727272727273
0.5660857389596289,12,0.8333333333333334,6841,0,0,0,0,0.0,12,151,3,0.75
0.5359610497090694,13,0.8461538461538461,7421,0,0,0,0,0.0,13,151,3,0.7692307692307693
0.509137344082687,14,0.8571428571428571,8181,0,0,0,0,0.0,14,151,3,0.7857142857142857
0.7201248812718097,15,0.8,9020,0,0,0,0,0.0,15,151,4,0.7333333333333333
-0.0,1,1.0,648,1,1,0,1,0.0,1,152,1,1.0
0.6931471805599453,2,0.5,1316,1,1,0,1,0.0,2,152,2,0.0
1.0986122886681096,3,0.3333333333333333,1832,1,1,0,1,0.0,3,152,3,0.0
1.0397207708399179,1,0.5,2856,0,0,0,0,0.0,4,152,3,0.25
1.3321790402101223,2,0.4,3369,0,0,0,0,0.0,5,152,4,0.2
1.5607104090414063,3,0.3333333333333333,3886,0,0,0,0,0.0,6,152,5,0.16666666666666666
1.7478680974667573,4,0.2857142857142857,4910,0,0,0,0,0.0,7,152,6,0.14285714285714285
1.9061547465398494,5,0.25,5325,0,0,0,0,0.0,8,152,7,0.125
1.9061547465398494,6,0.25,6349,0,0,0,0,0.1111111111111111,9,152,7,0.125
1.8310204811135162,7,0.3333333333333333,7035,0,0,0,0,0.1,10,152,7,0.2222222222222222
1.8343719702816237,8,0.3,7797,0,0,0,0,0.09090909090909091,11,152,7,0.1
1.7986522062521288,1,0.2727272727272727,8376,1,1,0,1,0.08333333333333333,12,152,7,0.0
1.748155457247676,1,0.3333333333333333,9400,0,0,0,0,0.07692307692307693,13,152,7,0.08333333333333333
1.748155457247676,2,0.3333333333333333,10424,0,0,0,0,0.14285714285714285,14,152,7,0.08333333333333333
1.8848713335781606,3,0.3076923076923077,10961,0,0,0,0,0.13333333333333333,15,152,8,0.07692307692307693
-0.0,1,1.0,341,0,0,0,0,0.0,1,153,1,1.0
-0.0,2,1.0,949,0,0,0,0,0.0,2,153,1,1.0
-0.0,3,1.0,1291,0,0,0,0,0.0,3,153,1,1.0
-0.0,4,1.0,1686,0,0,0,0,0.0,4,153,1,1.0
-0.0,5,1.0,2030,0,0,0,0,0.0,5,153,1,1.0
-0.0,6,1.0,2525,0,0,0,0,0.0,6,153,1,1.0
-0.0,7,1.0,3011,0,0,0,0,0.0,7,153,1,1.0
-0.0,8,1.0,3389,0,0,0,0,0.0,8,153,1,1.0
-0.0,9,1.0,3869,0,0,0,0,0.0,9,153,1,1.0
-0.0,10,1.0,4298,0,0,0,0,0.0,10,153,1,1.0
-0.0,11,1.0,4955,0,0,0,0,0.0,11,153,1,1.0
-0.0,12,1.0,5339,0,0,0,0,0.0,12,153,1,1.0
-0.0,13,1.0,6020,0,0,0,0,0.0,13,153,1,1.0
-0.0,14,1.0,6390,0,0,0,0,0.0,14,153,1,1.0
-0.0,15,1.0,6925,0,0,0,0,0.0,15,153,1,1.0
-0.0,1,1.0,640,0,0,0,0,0.0,1,154,1,1.0
0.6931471805599453,2,0.5,1060,0,0,0,0,0.0,2,154,2,0.0
1.0986122886681096,3,0.3333333333333333,1590,0,0,0,0,0.0,3,154,3,0.0
1.3862943611198906,4,0.25,1975,0,0,0,0,0.0,4,154,4,0.0
1.6094379124341005,5,0.2,2999,0,0,0,0,0.0,5,154,5,0.0
1.5607104090414063,1,0.3333333333333333,3435,1,0,0,0,0.0,6,154,5,0.16666666666666666
1.7478680974667573,2,0.2857142857142857,4251,1,0,0,0,0.0,7,154,6,0.14285714285714285
1.732867951399863,1,0.25,4695,0,0,0,0,0.0,8,154,6,0.0
1.6769877743224173,2,0.3333333333333333,5109,0,0,0,0,0.0,9,154,6,0.1111111111111111
1.8343719702816237,3,0.3,5583,0,0,0,0,0.0,10,154,7,0.1
1.7677614722893296,4,0.36363636363636365,6025,0,0,0,0,0.0,11,154,7,0.18181818181818182
1.9072839993213793,5,0.3333333333333333,6491,0,0,0,0,0.0,12,154,8,0.16666666666666666
1.8392967479776605,6,0.38461538461538464,6933,0,0,0,0,0.0,13,154,8,0.23076923076923078
1.9652370493802305,7,0.35714285714285715,7957,0,0,0,0,0.0,14,154,9,0.21428571428571427
2.0791512728828505,8,0.3333333333333333,8370,0,0,0,0,0.0,15,154,10,0.2
-0.0,1,1.0,312,0,0,0,0,0.0,1,155,1,1.0
-0.0,2,1.0,828,0,0,0,0,0.0,2,155,1,1.0
-0.0,3,1.0,1169,0,0,0,0,0.0,3,155,1,1.0
-0.0,4,1.0,1570,0,0,0,0,0.0,4,155,1,1.0
-0.0,5,1.0,1900,0,0,0,0,0.0,5,155,1,1.0
-0.0,6,1.0,2411,0,0,0,0,0.0,6,155,1,1.0
-0.0,7,1.0,2697,0,0,0,0,0.0,7,155,1,1.0
-0.0,8,1.0,3003,0,0,0,0,0.0,8,155,1,1.0
-0.0,9,1.0,3369,0,0,0,0,0.0,9,155,1,1.0
-0.0,10,1.0,3808,0,0,0,0,0.0,10,155,1,1.0
-0.0,11,1.0,4154,0,0,0,0,0.0,11,155,1,1.0
-0.0,12,1.0,4527,0,0,0,0,0.0,12,155,1,1.0
-0.0,13,1.0,5003,0,0,0,0,0.0,13,155,1,1.0
-0.0,14,1.0,5446,0,0,0,0,0.0,14,155,1,1.0
-0.0,15,1.0,5941,0,0,0,0,0.0,15,155,1,1.0
-0.0,1,1.0,600,0,0,0,0,0.0,1,156,1,1.0
-0.0,2,1.0,1456,0,0,0,0,0.0,2,156,1,1.0
-0.0,3,1.0,2480,0,0,0,0,0.3333333333333333,3,156,1,1.0
0.6365141682948128,4,0.6666666666666666,3467,0,0,0,0,0.25,4,156,2,0.3333333333333333
0.6931471805599453,5,0.5,4319,0,0,0,0,0.2,5,156,2,0.0
1.0549201679861442,6,0.4,5210,0,0,0,0,0.16666666666666666,6,156,3,0.0
1.0114042647073518,7,0.5,5916,0,0,0,0,0.14285714285714285,7,156,3,0.16666666666666666
1.0114042647073518,8,0.5,6940,0,0,0,0,0.25,8,156,3,0.16666666666666666
1.0114042647073518,9,0.5,7964,0,0,0,0,0.3333333333333333,9,156,3,0.16666666666666666
0.9556998911125343,10,0.5714285714285714,8550,0,0,0,0,0.3,10,156,3,0.2857142857142857
0.9002560512685369,11,0.625,9390,0,0,0,0,0.2727272727272727,11,156,3,0.375
0.9002560512685369,12,0.625,10414,0,0,0,0,0.3333333333333333,12,156,3,0.375
0.8486855577264172,13,0.6666666666666666,11230,0,0,0,0,0.3076923076923077,13,156,3,0.4444444444444444
0.8018185525433373,14,0.7,12197,0,0,0,0,0.2857142857142857,14,156,3,0.5
0.7595473914748635,15,0.7272727272727273,13182,0,0,0,0,0.26666666666666666,15,156,3,0.5454545454545454
-0.0,1,1.0,298,0,0,0,0,0.0,1,157,1,1.0
-0.0,2,1.0,666,0,0,0,0,0.0,2,157,1,1.0
-0.0,3,1.0,1024,0,0,0,0,0.0,3,157,1,1.0
-0.0,4,1.0,1414,0,0,0,0,0.0,4,157,1,1.0
-0.0,5,1.0,1734,0,0,0,0,0.0,5,157,1,1.0
-0.0,6,1.0,2135,0,0,0,0,0.0,6,157,1,1.0
-0.0,7,1.0,2459,0,0,0,0,0.0,7,157,1,1.0
-0.0,8,1.0,2820,0,0,0,0,0.0,8,157,1,1.0
-0.0,9,1.0,3176,0,0,0,0,0.0,9,157,1,1.0
-0.0,10,1.0,3488,0,0,0,0,0.0,10,157,1,1.0
-0.0,11,1.0,3855,0,0,0,0,0.0,11,157,1,1.0
-0.0,12,1.0,4159,0,0,0,0,0.0,12,157,1,1.0
-0.0,13,1.0,4505,0,0,0,0,0.0,13,157,1,1.0
-0.0,14,1.0,4870,0,0,0,0,0.0,14,157,1,1.0
-0.0,15,1.0,5189,0,0,0,0,0.0,15,157,1,1.0
-0.0,1,1.0,688,0,0,0,0,0.0,1,158,1,1.0
-0.0,2,1.0,1434,0,0,0,0,0.0,2,158,1,1.0
-0.0,3,1.0,2133,0,0,0,0,0.0,3,158,1,1.0
-0.0,4,1.0,2712,0,0,0,0,0.0,4,158,1,1.0
-0.0,5,1.0,3457,0,0,0,0,0.0,5,158,1,1.0
-0.0,6,1.0,4117,0,0,0,0,0.0,6,158,1,1.0
-0.0,7,1.0,4825,0,0,0,0,0.0,7,158,1,1.0
-0.0,8,1.0,5566,0,0,0,0,0.0,8,158,1,1.0
-0.0,9,1.0,6086,0,0,0,0,0.0,9,158,1,1.0
-0.0,10,1.0,6745,0,0,0,0,0.0,10,158,1,1.0
-0.0,11,1.0,7332,0,0,0,0,0.0,11,158,1,1.0
-0.0,12,1.0,8052,0,0,0,0,0.0,12,158,1,1.0
-0.0,13,1.0,8745,0,0,0,0,0.0,13,158,1,1.0
-0.0,14,1.0,9243,0,0,0,0,0.0,14,158,1,1.0
-0.0,15,1.0,9977,0,0,0,0,0.0,15,158,1,1.0
-0.0,1,1.0,515,0,0,0,0,0.0,1,159,1,1.0
-0.0,2,1.0,885,0,0,0,0,0.0,2,159,1,1.0
-0.0,3,1.0,1282,0,0,0,0,0.0,3,159,1,1.0
-0.0,4,1.0,1781,0,0,0,0,0.0,4,159,1,1.0
-0.0,5,1.0,2281,0,0,0,0,0.0,5,159,1,1.0
-0.0,6,1.0,2722,0,0,0,0,0.0,6,159,1,1.0
-0.0,7,1.0,3105,0,0,0,0,0.0,7,159,1,1.0
-0.0,8,1.0,3494,0,0,0,0,0.0,8,159,1,1.0
-0.0,9,1.0,4096,0,0,0,0,0.0,9,159,1,1.0
-0.0,10,1.0,4589,0,0,0,0,0.0,10,159,1,1.0
-0.0,11,1.0,5613,0,0,0,0,0.0,11,159,1,1.0
-0.0,12,1.0,6035,0,0,0,0,0.0,12,159,1,1.0
-0.0,13,1.0,6476,0,0,0,0,0.0,13,159,1,1.0
-0.0,14,1.0,6932,0,0,0,0,0.0,14,159,1,1.0
-0.0,15,1.0,7467,0,0,0,0,0.0,15,159,1,1.0
-0.0,1,1.0,476,0,0,0,0,0.0,1,160,1,1.0
-0.0,2,1.0,844,0,0,0,0,0.0,2,160,1,1.0
-0.0,3,1.0,1204,0,0,0,0,0.0,3,160,1,1.0
-0.0,4,1.0,1568,0,0,0,0,0.0,4,160,1,1.0
-0.0,5,1.0,1995,0,0,0,0,0.0,5,160,1,1.0
-0.0,6,1.0,2578,0,0,0,0,0.0,6,160,1,1.0
-0.0,7,1.0,2972,0,0,0,0,0.0,7,160,1,1.0
-0.0,8,1.0,3418,0,0,0,0,0.0,8,160,1,1.0
-0.0,9,1.0,3844,0,0,0,0,0.0,9,160,1,1.0
-0.0,10,1.0,4200,0,0,0,0,0.0,10,160,1,1.0
-0.0,11,1.0,4514,0,0,0,0,0.0,11,160,1,1.0
-0.0,12,1.0,4961,0,0,0,0,0.0,12,160,1,1.0
-0.0,13,1.0,5409,0,0,0,0,0.0,13,160,1,1.0
-0.0,14,1.0,5871,0,0,0,0,0.0,14,160,1,1.0
-0.0,15,1.0,6441,0,0,0,0,0.0,15,160,1,1.0
-0.0,1,1.0,151,0,0,0,0,0.0,1,161,1,1.0
-0.0,2,1.0,1175,0,0,0,0,0.0,2,161,1,1.0
-0.0,3,1.0,1374,0,0,0,0,0.0,3,161,1,1.0
-0.0,4,1.0,1546,0,0,0,0,0.0,4,161,1,1.0
-0.0,5,1.0,1718,0,0,0,0,0.0,5,161,1,1.0
-0.0,6,1.0,1896,0,0,0,0,0.0,6,161,1,1.0
-0.0,7,1.0,2072,0,0,0,0,0.0,7,161,1,1.0
-0.0,8,1.0,2250,0,0,0,0,0.0,8,161,1,1.0
-0.0,9,1.0,2428,0,0,0,0,0.0,9,161,1,1.0
-0.0,10,1.0,3452,0,0,0,0,0.0,10,161,1,1.0
-0.0,11,1.0,3641,0,0,0,0,0.0,11,161,1,1.0
-0.0,12,1.0,3817,0,0,0,0,0.0,12,161,1,1.0
-0.0,13,1.0,3991,0,0,0,0,0.0,13,161,1,1.0
-0.0,14,1.0,4169,0,0,0,0,0.0,14,161,1,1.0
-0.0,15,1.0,4344,0,0,0,0,0.0,15,161,1,1.0
-0.0,1,1.0,855,0,0,0,0,0.0,1,162,1,1.0
-0.0,2,1.0,1635,0,0,0,0,0.0,2,162,1,1.0
-0.0,3,1.0,2416,0,0,0,0,0.0,3,162,1,1.0
-0.0,4,1.0,3005,0,0,0,0,0.0,4,162,1,1.0
0.5004024235381879,5,0.8,3631,0,0,0,0,0.0,5,162,2,0.6
0.45056120886630463,6,0.8333333333333334,4341,0,0,0,0,0.0,6,162,2,0.6666666666666666
0.410116318288409,7,0.8571428571428571,5278,0,0,0,0,0.0,7,162,2,0.7142857142857143
0.37677016125643675,8,0.875,6004,0,0,0,0,0.0,8,162,2,0.75
0.34883209584303193,9,0.8888888888888888,6695,0,0,0,0,0.0,9,162,2,0.7777777777777778
0.3250829733914482,10,0.9,7514,0,0,0,0,0.0,10,162,2,0.8
0.30463609734923813,11,0.9090909090909091,8106,0,0,0,0,0.0,11,162,2,0.8181818181818182
0.2868359830561607,12,0.9166666666666666,8881,0,0,0,0,0.0,12,162,2,0.8333333333333334
0.2711893730418441,13,0.9230769230769231,9582,0,0,0,0,0.0,13,162,2,0.8461538461538461
0.25731864054383163,14,0.9285714285714286,10321,0,0,0,0,0.0,14,162,2,0.8571428571428571
0.24493002679463532,15,0.9333333333333333,11109,0,0,0,0,0.0,15,162,2,0.8666666666666667
-0.0,1,1.0,639,0,0,0,0,0.0,1,163,1,1.0
-0.0,2,1.0,999,0,0,0,0,0.0,2,163,1,1.0
-0.0,3,1.0,1443,0,0,0,0,0.0,3,163,1,1.0
-0.0,4,1.0,1930,0,0,0,0,0.0,4,163,1,1.0
-0.0,5,1.0,2382,0,0,0,0,0.0,5,163,1,1.0
-0.0,6,1.0,2800,0,0,0,0,0.0,6,163,1,1.0
-0.0,7,1.0,3211,0,0,0,0,0.0,7,163,1,1.0
-0.0,8,1.0,3653,0,0,0,0,0.0,8,163,1,1.0
-0.0,9,1.0,4126,0,0,0,0,0.0,9,163,1,1.0
-0.0,10,1.0,4922,0,0,0,0,0.0,10,163,1,1.0
-0.0,11,1.0,5645,0,0,0,0,0.0,11,163,1,1.0
-0.0,12,1.0,6092,0,0,0,0,0.0,12,163,1,1.0
-0.0,13,1.0,6536,0,0,0,0,0.0,13,163,1,1.0
-0.0,14,1.0,7236,0,0,0,0,0.0,14,163,1,1.0
0.24493002679463532,15,0.9333333333333333,7757,0,0,0,0,0.0,15,163,2,0.8666666666666667
-0.0,1,1.0,718,0,0,0,0,0.0,1,164,1,1.0
-0.0,2,1.0,1238,0,0,0,0,0.0,2,164,1,1.0
0.6365141682948128,3,0.6666666666666666,2103,0,0,0,0,0.0,3,164,2,0.3333333333333333
0.6365141682948128,4,0.6666666666666666,3127,0,0,0,0,0.25,4,164,2,0.3333333333333333
0.6931471805599453,5,0.5,3914,0,0,0,0,0.2,5,164,2,0.0
0.6730116670092565,1,0.6,4701,1,1,0,1,0.16666666666666666,6,164,2,0.2
0.6931471805599453,1,0.5,5421,0,0,0,0,0.14285714285714285,7,164,2,0.0
0.6829081047004717,1,0.5714285714285714,6445,1,1,0,1,0.125,8,164,2,0.14285714285714285
0.9743147528693494,2,0.5,7437,1,1,0,1,0.1111111111111111,9,164,3,0.125
0.9649629230074277,1,0.4444444444444444,8045,0,0,0,0,0.1,10,164,3,0.0
0.9433483923290392,2,0.5,8792,0,0,0,0,0.09090909090909091,11,164,3,0.1
1.0361987848192837,3,0.45454545454545453,9619,0,0,0,0,0.08333333333333333,12,164,3,0.09090909090909091
1.236684869140504,4,0.4166666666666667,10434,0,0,0,0,0.07692307692307693,13,164,4,0.08333333333333333
1.2202821662722372,5,0.38461538461538464,11161,0,0,0,0,0.07142857142857142,14,164,4,0.0
1.254041901733449,6,0.35714285714285715,12159,0,0,0,0,0.06666666666666667,15,164,4,0.0
-0.0,1,1.0,299,0,0,0,0,0.0,1,165,1,1.0
-0.0,2,1.0,628,0,0,0,0,0.0,2,165,1,1.0
-0.0,3,1.0,950,0,0,0,0,0.0,3,165,1,1.0
-0.0,4,1.0,1245,0,0,0,0,0.0,4,165,1,1.0
0.5004024235381879,5,0.8,1526,0,0,0,0,0.0,5,165,2,0.6
0.45056120886630463,6,0.8333333333333334,1980,0,0,0,0,0.0,6,165,2,0.6666666666666666
0.410116318288409,7,0.8571428571428571,2370,0,0,0,0,0.0,7,165,2,0.7142857142857143
0.37677016125643675,8,0.875,2656,0,0,0,0,0.0,8,165,2,0.75
0.34883209584303193,9,0.8888888888888888,2955,0,0,0,0,0.0,9,165,2,0.7777777777777778
0.3250829733914482,10,0.9,3244,0,0,0,0,0.0,10,165,2,0.8
0.30463609734923813,11,0.9090909090909091,3522,0,0,0,0,0.0,11,165,2,0.8181818181818182
0.2868359830561607,12,0.9166666666666666,3832,0,0,0,0,0.0,12,165,2,0.8333333333333334
0.2711893730418441,13,0.9230769230769231,4125,0,0,0,0,0.0,13,165,2,0.8461538461538461
0.25731864054383163,14,0.9285714285714286,4401,0,0,0,0,0.0,14,165,2,0.8571428571428571
0.48509409130221154,15,0.8666666666666667,4800,0,0,0,0,0.0,15,165,3,0.8
-0.0,1,1.0,783,1,1,1,0,0.0,1,166,1,1.0
0.6931471805599453,2,0.5,1262,1,1,1,0,0.0,2,166,2,0.0
1.0986122886681096,3,0.3333333333333333,2286,1,1,1,0,0.0,3,166,3,0.0
1.3862943611198906,4,0.25,3174,1,1,1,0,0.0,4,166,4,0.0
1.6094379124341005,5,0.2,3539,1,1,1,0,0.0,5,166,5,0.0
1.5607104090414063,1,0.3333333333333333,4165,0,0,0,0,0.0,6,166,5,0.16666666666666666
1.4750763110546947,2,0.42857142857142855,4603,0,0,0,0,0.0,7,166,5,0.2857142857142857
1.3862943611198906,3,0.5,5150,0,0,0,0,0.0,8,166,5,0.375
1.303092403761719,4,0.5555555555555556,5563,0,0,0,0,0.0,9,166,5,0.4444444444444444
1.2275294114572126,5,0.6,6348,0,0,0,0,0.0,10,166,5,0.5
1.4205719259467042,6,0.5454545454545454,7024,0,0,0,0,0.0,11,166,6,0.45454545454545453
1.349792396172401,7,0.5833333333333334,7409,0,0,0,0,0.0,12,166,6,0.5
1.2852930241200993,8,0.6153846153846154,8061,0,0,0,0,0.0,13,166,6,0.5384615384615384
1.2265558156134033,9,0.6428571428571429,8746,0,0,0,0,0.0,14,166,6,0.5714285714285714
1.172993472439513,10,0.6666666666666666,9459,0,0,0,0,0.0,15,166,6,0.6
-0.0,1,1.0,216,0,0,0,0,0.0,1,167,1,1.0
-0.0,2,1.0,428,0,0,0,0,0.0,2,167,1,1.0
-0.0,3,1.0,639,0,0,0,0,0.0,3,167,1,1.0
-0.0,4,1.0,855,0,0,0,0,0.0,4,167,1,1.0
-0.0,5,1.0,1067,0,0,0,0,0.0,5,167,1,1.0
-0.0,6,1.0,1283,0,0,0,0,0.0,6,167,1,1.0
-0.0,7,1.0,1502,0,0,0,0,0.0,7,167,1,1.0
-0.0,8,1.0,1721,0,0,0,0,0.0,8,167,1,1.0
-0.0,9,1.0,1931,0,0,0,0,0.0,9,167,1,1.0
-0.0,10,1.0,2146,0,0,0,0,0.0,10,167,1,1.0
-0.0,11,1.0,2362,0,0,0,0,0.0,11,167,1,1.0
-0.0,12,1.0,2578,0,0,0,0,0.0,12,167,1,1.0
-0.0,13,1.0,2794,0,0,0,0,0.0,13,167,1,1.0
-0.0,14,1.0,3013,0,0,0,0,0.0,14,167,1,1.0
-0.0,15,1.0,3225,0,0,0,0,0.0,15,167,1,1.0
-0.0,1,1.0,806,0,0,0,0,0.0,1,168,1,1.0
-0.0,2,1.0,1830,0,0,0,0,0.5,2,168,1,1.0
-0.0,3,1.0,2274,0,0,0,0,0.3333333333333333,3,168,1,1.0
-0.0,4,1.0,2823,0,0,0,0,0.25,4,168,1,1.0
-0.0,5,1.0,3761,0,0,0,0,0.2,5,168,1,1.0
0.5004024235381879,6,0.8,4579,0,0,0,0,0.16666666666666666,6,168,2,0.6
0.45056120886630463,7,0.8333333333333334,5603,0,0,0,0,0.14285714285714285,7,168,2,0.6666666666666666
0.796311640173813,8,0.7142857142857143,6627,0,0,0,0,0.125,8,168,3,0.5714285714285714
1.073542846408523,9,0.625,7165,0,0,0,0,0.1111111111111111,9,168,4,0.5
1.303092403761719,10,0.5555555555555556,8189,0,0,0,0,0.1,10,168,5,0.4444444444444444
1.2275294114572126,11,0.6,8949,0,0,0,0,0.09090909090909091,11,168,5,0.5
1.4205719259467042,12,0.5454545454545454,9973,0,0,0,0,0.08333333333333333,12,168,6,0.45454545454545453
1.5890269151739729,13,0.5,10768,0,0,0,0,0.07692307692307693,13,168,7,0.4166666666666667
1.5171515848932913,14,0.5384615384615384,11213,0,0,0,0,0.07142857142857142,14,168,7,0.46153846153846156
1.4508050200839238,15,0.5714285714285714,11986,0,0,0,0,0.06666666666666667,15,168,7,0.5
-0.0,1,1.0,299,0,0,0,0,0.0,1,169,1,1.0
-0.0,2,1.0,589,0,0,0,0,0.0,2,169,1,1.0
-0.0,3,1.0,951,0,0,0,0,0.0,3,169,1,1.0
-0.0,4,1.0,1241,0,0,0,0,0.0,4,169,1,1.0
-0.0,5,1.0,1622,0,0,0,0,0.0,5,169,1,1.0
-0.0,6,1.0,1912,0,0,0,0,0.0,6,169,1,1.0
-0.0,7,1.0,2256,0,0,0,0,0.0,7,169,1,1.0
-0.0,8,1.0,2563,0,0,0,0,0.0,8,169,1,1.0
-0.0,9,1.0,2912,0,0,0,0,0.0,9,169,1,1.0
-0.0,10,1.0,3294,0,0,0,0,0.0,10,169,1,1.0
-0.0,11,1.0,3700,0,0,0,0,0.0,11,169,1,1.0
-0.0,12,1.0,4009,0,0,0,0,0.0,12,169,1,1.0
-0.0,13,1.0,4436,0,0,0,0,0.0,13,169,1,1.0
-0.0,14,1.0,4844,0,0,0,0,0.0,14,169,1,1.0
-0.0,15,1.0,5136,0,0,0,0,0.0,15,169,1,1.0
-0.0,1,1.0,629,0,0,0,0,0.0,1,170,1,1.0
-0.0,2,1.0,1653,0,0,0,0,0.5,2,170,1,1.0
-0.0,3,1.0,2677,0,0,0,0,0.6666666666666666,3,170,1,1.0
-0.0,4,1.0,3701,0,0,0,0,0.75,4,170,1,1.0
0.6931471805599453,5,0.5,4725,0,0,0,0,0.6,5,170,2,0.0
0.6931471805599453,6,0.5,5749,0,0,0,0,0.6666666666666666,6,170,2,0.0
0.6365141682948128,7,0.6666666666666666,6558,0,0,0,0,0.5714285714285714,7,170,2,0.3333333333333333
0.6365141682948128,8,0.6666666666666666,7582,0,0,0,0,0.625,8,170,2,0.3333333333333333
0.6365141682948128,9,0.6666666666666666,8606,0,0,0,0,0.6666666666666666,9,170,2,0.3333333333333333
0.6365141682948128,10,0.6666666666666666,9630,0,0,0,0,0.7,10,170,2,0.3333333333333333
0.6365141682948128,11,0.6666666666666666,10654,0,0,0,0,0.7272727272727273,11,170,2,0.3333333333333333
0.6931471805599453,12,0.5,11427,0,0,0,0,0.6666666666666666,12,170,2,0.0
0.6730116670092565,13,0.6,12184,0,0,0,0,0.6153846153846154,13,170,2,0.2
0.6730116670092565,14,0.6,13208,0,0,0,0,0.6428571428571429,14,170,2,0.2
1.0114042647073518,15,0.5,14051,0,0,0,0,0.6,15,170,3,0.16666666666666666
-0.0,1,1.0,388,0,0,0,0,0.0,1,171,1,1.0
-0.0,2,1.0,754,0,0,0,0,0.0,2,171,1,1.0
-0.0,3,1.0,1145,0,0,0,0,0.0,3,171,1,1.0
-0.0,4,1.0,1510,0,0,0,0,0.0,4,171,1,1.0
-0.0,5,1.0,1898,0,0,0,0,0.0,5,171,1,1.0
-0.0,6,1.0,2289,0,0,0,0,0.0,6,171,1,1.0
-0.0,7,1.0,2719,0,0,0,0,0.0,7,171,1,1.0
0.37677016125643675,8,0.875,3743,0,0,0,0,0.0,8,171,2,0.75
0.34883209584303193,9,0.8888888888888888,4134,0,0,0,0,0.0,9,171,2,0.7777777777777778
0.3250829733914482,10,0.9,4496,0,0,0,0,0.0,10,171,2,0.8
0.30463609734923813,11,0.9090909090909091,4897,0,0,0,0,0.0,11,171,2,0.8181818181818182
0.2868359830561607,12,0.9166666666666666,5298,0,0,0,0,0.0,12,171,2,0.8333333333333334
0.2711893730418441,13,0.9230769230769231,5686,0,0,0,0,0.0,13,171,2,0.8461538461538461
0.25731864054383163,14,0.9285714285714286,6030,0,0,0,0,0.0,14,171,2,0.8571428571428571
0.24493002679463532,15,0.9333333333333333,6392,0,0,0,0,0.0,15,171,2,0.8666666666666667
-0.0,1,1.0,596,0,0,0,0,0.0,1,172,1,1.0
-0.0,2,1.0,1052,0,0,0,0,0.0,2,172,1,1.0
-0.0,3,1.0,1530,0,0,0,0,0.0,3,172,1,1.0
-0.0,4,1.0,1920,0,0,0,0,0.0,4,172,1,1.0
-0.0,5,1.0,2401,0,0,0,0,0.0,5,172,1,1.0
-0.0,6,1.0,2874,0,0,0,0,0.0,6,172,1,1.0
-0.0,7,1.0,3898,0,0,0,0,0.0,7,172,1,1.0
-0.0,8,1.0,4375,0,0,0,0,0.0,8,172,1,1.0
-0.0,9,1.0,4849,0,0,0,0,0.0,9,172,1,1.0
-0.0,10,1.0,5274,0,0,0,0,0.0,10,172,1,1.0
-0.0,11,1.0,5692,0,0,0,0,0.0,11,172,1,1.0
-0.0,12,1.0,6125,0,0,0,0,0.0,12,172,1,1.0
-0.0,13,1.0,6547,0,0,0,0,0.0,13,172,1,1.0
-0.0,14,1.0,6970,0,0,0,0,0.0,14,172,1,1.0
-0.0,15,1.0,7391,0,0,0,0,0.0,15,172,1,1.0
-0.0,1,1.0,741,0,0,0,0,0.0,1,173,1,1.0
-0.0,2,1.0,1517,0,0,0,0,0.0,2,173,1,1.0
-0.0,3,1.0,2293,0,0,0,0,0.0,3,173,1,1.0
-0.0,4,1.0,3033,0,0,0,0,0.0,4,173,1,1.0
-0.0,5,1.0,3838,0,0,0,0,0.0,5,173,1,1.0
-0.0,6,1.0,4769,0,0,0,0,0.0,6,173,1,1.0
-0.0,7,1.0,5537,0,0,0,0,0.0,7,173,1,1.0
-0.0,8,1.0,6312,0,0,0,0,0.0,8,173,1,1.0
-0.0,9,1.0,7134,0,0,0,0,0.0,9,173,1,1.0
-0.0,10,1.0,7912,0,0,0,0,0.0,10,173,1,1.0
-0.0,11,1.0,8661,0,0,0,0,0.0,11,173,1,1.0
-0.0,12,1.0,9378,0,0,0,0,0.0,12,173,1,1.0
-0.0,13,1.0,10149,0,0,0,0,0.0,13,173,1,1.0
-0.0,14,1.0,10802,0,0,0,0,0.0,14,173,1,1.0
-0.0,15,1.0,11794,0,0,0,0,0.0,15,173,1,1.0
-0.0,1,1.0,455,0,0,0,0,0.0,1,174,1,1.0
-0.0,2,1.0,907,0,0,0,0,0.0,2,174,1,1.0
-0.0,3,1.0,1284,0,0,0,0,0.0,3,174,1,1.0
-0.0,4,1.0,1784,0,0,0,0,0.0,4,174,1,1.0
-0.0,5,1.0,2174,0,0,0,0,0.0,5,174,1,1.0
-0.0,6,1.0,2621,0,0,0,0,0.0,6,174,1,1.0
-0.0,7,1.0,3100,0,0,0,0,0.0,7,174,1,1.0
-0.0,8,1.0,3490,0,0,0,0,0.0,8,174,1,1.0
-0.0,9,1.0,3886,0,0,0,0,0.0,9,174,1,1.0
-0.0,10,1.0,4349,0,0,0,0,0.0,10,174,1,1.0
-0.0,11,1.0,4834,0,0,0,0,0.0,11,174,1,1.0
-0.0,12,1.0,5272,0,0,0,0,0.0,12,174,1,1.0
-0.0,13,1.0,5868,0,0,0,0,0.0,13,174,1,1.0
-0.0,14,1.0,6211,0,0,0,0,0.0,14,174,1,1.0
-0.0,15,1.0,6656,0,0,0,0,0.0,15,174,1,1.0
-0.0,1,1.0,786,0,0,0,0,0.0,1,175,1,1.0
-0.0,2,1.0,1672,0,0,0,0,0.0,2,175,1,1.0
-0.0,3,1.0,2391,0,0,0,0,0.0,3,175,1,1.0
-0.0,4,1.0,3100,0,0,0,0,0.0,4,175,1,1.0
-0.0,5,1.0,3918,0,0,0,0,0.0,5,175,1,1.0
-0.0,6,1.0,4942,0,0,0,0,0.16666666666666666,6,175,1,1.0
-0.0,7,1.0,5635,0,0,0,0,0.14285714285714285,7,175,1,1.0
-0.0,8,1.0,6313,0,0,0,0,0.125,8,175,1,1.0
-0.0,9,1.0,7148,0,0,0,0,0.1111111111111111,9,175,1,1.0
-0.0,10,1.0,8005,0,0,0,0,0.1,10,175,1,1.0
-0.0,11,1.0,8750,0,0,0,0,0.09090909090909091,11,175,1,1.0
-0.0,12,1.0,9550,0,0,0,0,0.08333333333333333,12,175,1,1.0
-0.0,13,1.0,10520,0,0,0,0,0.07692307692307693,13,175,1,1.0
-0.0,14,1.0,11544,0,0,0,0,0.07142857142857142,14,175,1,1.0
-0.0,15,1.0,12427,0,0,0,0,0.06666666666666667,15,175,1,1.0
-0.0,1,1.0,221,0,0,0,0,0.0,1,176,1,1.0
0.6931471805599453,2,0.5,773,0,0,0,0,0.0,2,176,2,0.0
0.6365141682948128,3,0.6666666666666666,1051,0,0,0,0,0.0,3,176,2,0.3333333333333333
0.5623351446188083,4,0.75,1385,0,0,0,0,0.0,4,176,2,0.5
0.5004024235381879,5,0.8,1585,0,0,0,0,0.0,5,176,2,0.6
0.45056120886630463,6,0.8333333333333334,1996,0,0,0,0,0.0,6,176,2,0.6666666666666666
0.410116318288409,7,0.8571428571428571,2434,0,0,0,0,0.0,7,176,2,0.7142857142857143
0.7356219397587946,8,0.75,2745,0,0,0,0,0.0,8,176,3,0.625
0.6837389058487535,9,0.7777777777777778,3033,0,0,0,0,0.0,9,176,3,0.6666666666666666
0.639031859650177,10,0.8,3301,0,0,0,0,0.0,10,176,3,0.7
0.8855741515766717,11,0.7272727272727273,4242,0,0,0,0,0.0,11,176,4,0.6363636363636364
0.8369882167858358,12,0.75,4884,0,0,0,0,0.0,12,176,4,0.6666666666666666
0.7937300551584248,13,0.7692307692307693,5236,0,0,0,0,0.0,13,176,4,0.6923076923076923
0.7549967581308246,14,0.7857142857142857,5772,0,0,0,0,0.0,14,176,4,0.7142857142857143
0.7201248812718097,15,0.8,6091,0,0,0,0,0.0,15,176,4,0.7333333333333333
-0.0,1,1.0,194,0,0,0,0,0.0,1,177,1,1.0
-0.0,2,1.0,410,0,0,0,0,0.0,2,177,1,1.0
-0.0,3,1.0,637,0,0,0,0,0.0,3,177,1,1.0
-0.0,4,1.0,1162,0,0,0,0,0.0,4,177,1,1.0
-0.0,5,1.0,1368,0,0,0,0,0.0,5,177,1,1.0
-0.0,6,1.0,1608,0,0,0,0,0.0,6,177,1,1.0
0.410116318288409,7,0.8571428571428571,1907,0,0,0,0,0.0,7,177,2,0.7142857142857143
0.37677016125643675,8,0.875,2489,0,0,0,0,0.0,8,177,2,0.75
0.6837389058487535,9,0.7777777777777778,3329,0,0,0,0,0.0,9,177,3,0.6666666666666666
0.8018185525433373,10,0.7,4353,0,0,0,0,0.0,10,177,3,0.5
0.7595473914748635,11,0.7272727272727273,4538,0,0,0,0,0.0,11,177,3,0.5454545454545454
0.7214636866925115,12,0.75,4742,0,0,0,0,0.0,12,177,3,0.5833333333333334
0.7902679680745903,13,0.6923076923076923,5172,0,0,0,0,0.0,13,177,3,0.46153846153846156
0.8304717124362917,14,0.6428571428571429,5495,0,0,0,0,0.0,14,177,3,0.35714285714285715
0.8033149761408755,15,0.6666666666666666,5732,0,0,0,0,0.0,15,177,3,0.4
-0.0,1,1.0,177,0,0,0,0,0.0,1,178,1,1.0
-0.0,2,1.0,383,0,0,0,0,0.0,2,178,1,1.0
-0.0,3,1.0,719,0,0,0,0,0.0,3,178,1,1.0
-0.0,4,1.0,923,0,0,0,0,0.0,4,178,1,1.0
-0.0,5,1.0,1175,0,0,0,0,0.0,5,178,1,1.0
-0.0,6,1.0,1375,0,0,0,0,0.0,6,178,1,1.0
-0.0,7,1.0,1720,0,0,0,0,0.0,7,178,1,1.0
-0.0,8,1.0,1921,0,0,0,0,0.0,8,178,1,1.0
-0.0,9,1.0,2182,0,0,0,0,0.0,9,178,1,1.0
-0.0,10,1.0,2745,0,0,0,0,0.0,10,178,1,1.0
-0.0,11,1.0,3001,0,0,0,0,0.0,11,178,1,1.0
-0.0,12,1.0,3210,0,0,0,0,0.0,12,178,1,1.0
-0.0,13,1.0,3381,0,0,0,0,0.0,13,178,1,1.0
-0.0,14,1.0,3741,0,0,0,0,0.0,14,178,1,1.0
-0.0,15,1.0,3971,0,0,0,0,0.0,15,178,1,1.0
-0.0,1,1.0,715,0,0,0,0,0.0,1,179,1,1.0
-0.0,2,1.0,1739,0,0,0,0,0.5,2,179,1,1.0
-0.0,3,1.0,2763,0,0,0,0,0.6666666666666666,3,179,1,1.0
-0.0,4,1.0,3500,0,0,0,0,0.5,4,179,1,1.0
0.6365141682948128,5,0.6666666666666666,4522,0,0,0,0,0.4,5,179,2,0.3333333333333333
0.5623351446188083,6,0.75,5326,0,0,0,0,0.3333333333333333,6,179,2,0.5
0.6730116670092565,7,0.6,6086,0,0,0,0,0.2857142857142857,7,179,2,0.2
0.6365141682948128,8,0.6666666666666666,6957,0,0,0,0,0.25,8,179,2,0.3333333333333333
0.5982695885852573,9,0.7142857142857143,7734,0,0,0,0,0.2222222222222222,9,179,2,0.42857142857142855
0.5623351446188083,10,0.75,8536,0,0,0,0,0.2,10,179,2,0.5
0.5297061990576545,11,0.7777777777777778,9216,0,0,0,0,0.18181818181818182,11,179,2,0.5555555555555556
0.5004024235381879,12,0.8,10118,0,0,0,0,0.16666666666666666,12,179,2,0.6
0.5004024235381879,13,0.8,11142,0,0,0,0,0.23076923076923078,13,179,2,0.6
0.47413931305783735,14,0.8181818181818182,11859,0,0,0,0,0.21428571428571427,14,179,2,0.6363636363636364
0.45056120886630463,15,0.8333333333333334,12605,0,0,0,0,0.2,15,179,2,0.6666666666666666
-0.0,1,1.0,392,0,0,0,0,0.0,1,180,1,1.0
0.6931471805599453,2,0.5,725,0,0,0,0,0.0,2,180,2,0.0
0.6365141682948128,3,0.6666666666666666,1065,0,0,0,0,0.0,3,180,2,0.3333333333333333
0.6931471805599453,4,0.5,1409,0,0,0,0,0.0,4,180,2,0.0
0.6730116670092565,1,0.6,1705,1,1,1,0,0.0,5,180,2,0.2
0.6365141682948128,2,0.6666666666666666,1991,1,1,1,0,0.0,6,180,2,0.3333333333333333
0.5982695885852573,3,0.7142857142857143,3015,1,1,1,0,0.0,7,180,2,0.42857142857142855
0.5623351446188083,4,0.75,3433,1,1,1,0,0.0,8,180,2,0.5
0.6365141682948128,5,0.6666666666666666,3722,1,1,1,0,0.0,9,180,2,0.3333333333333333
0.6730116670092565,6,0.6,4070,1,1,1,0,0.0,10,180,2,0.2
0.6890092384766586,7,0.5454545454545454,4356,1,1,1,0,0.0,11,180,2,0.09090909090909091
0.6931471805599453,1,0.5,4633,0,0,0,0,0.0,12,180,2,0.0
0.9110175397125628,2,0.46153846153846156,4954,0,0,0,0,0.0,13,180,3,0.0
0.8982053397041498,3,0.5,5292,0,0,0,0,0.0,14,180,3,0.07142857142857142
0.891867395317251,4,0.4666666666666667,5729,0,0,0,0,0.0,15,180,3,0.0
-0.0,1,1.0,238,0,0,0,0,0.0,1,181,1,1.0
-0.0,2,1.0,608,0,0,0,0,0.0,2,181,1,1.0
-0.0,3,1.0,935,0,0,0,0,0.0,3,181,1,1.0
-0.0,4,1.0,1299,0,0,0,0,0.0,4,181,1,1.0
-0.0,5,1.0,1576,0,0,0,0,0.0,5,181,1,1.0
-0.0,6,1.0,1933,0,0,0,0,0.0,6,181,1,1.0
-0.0,7,1.0,2346,0,0,0,0,0.0,7,181,1,1.0
-0.0,8,1.0,2791,0,0,0,0,0.0,8,181,1,1.0
-0.0,9,1.0,3053,0,0,0,0,0.0,9,181,1,1.0
-0.0,10,1.0,3505,0,0,0,0,0.0,10,181,1,1.0
-0.0,11,1.0,3909,0,0,0,0,0.0,11,181,1,1.0
-0.0,12,1.0,4244,0,0,0,0,0.0,12,181,1,1.0
-0.0,13,1.0,4590,0,0,0,0,0.0,13,181,1,1.0
-0.0,14,1.0,4960,0,0,0,0,0.0,14,181,1,1.0
-0.0,15,1.0,5308,0,0,0,0,0.0,15,181,1,1.0
-0.0,1,1.0,252,0,0,0,0,0.0,1,182,1,1.0
-0.0,2,1.0,502,0,0,0,0,0.0,2,182,1,1.0
-0.0,3,1.0,754,0,0,0,0,0.0,3,182,1,1.0
-0.0,4,1.0,1003,0,0,0,0,0.0,4,182,1,1.0
-0.0,5,1.0,1252,0,0,0,0,0.0,5,182,1,1.0
-0.0,6,1.0,1492,0,0,0,0,0.0,6,182,1,1.0
-0.0,7,1.0,1736,0,0,0,0,0.0,7,182,1,1.0
-0.0,8,1.0,1991,0,0,0,0,0.0,8,182,1,1.0
-0.0,9,1.0,2241,0,0,0,0,0.0,9,182,1,1.0
-0.0,10,1.0,2490,0,0,0,0,0.0,10,182,1,1.0
-0.0,11,1.0,2737,0,0,0,0,0.0,11,182,1,1.0
-0.0,12,1.0,2988,0,0,0,0,0.0,12,182,1,1.0
-0.0,13,1.0,3237,0,0,0,0,0.0,13,182,1,1.0
-0.0,14,1.0,3484,0,0,0,0,0.0,14,182,1,1.0
-0.0,15,1.0,3723,0,0,0,0,0.0,15,182,1,1.0
-0.0,1,1.0,626,0,0,0,0,0.0,1,183,1,1.0
-0.0,2,1.0,1283,0,0,0,0,0.0,2,183,1,1.0
-0.0,3,1.0,2099,0,0,0,0,0.0,3,183,1,1.0
-0.0,4,1.0,2810,0,0,0,0,0.0,4,183,1,1.0
-0.0,5,1.0,3534,0,0,0,0,0.0,5,183,1,1.0
-0.0,6,1.0,4214,0,0,0,0,0.0,6,183,1,1.0
-0.0,7,1.0,5001,0,0,0,0,0.0,7,183,1,1.0
-0.0,8,1.0,5724,0,0,0,0,0.0,8,183,1,1.0
-0.0,9,1.0,6425,0,0,0,0,0.0,9,183,1,1.0
-0.0,10,1.0,7207,0,0,0,0,0.0,10,183,1,1.0
-0.0,11,1.0,7820,0,0,0,0,0.0,11,183,1,1.0
-0.0,12,1.0,8581,0,0,0,0,0.0,12,183,1,1.0
-0.0,13,1.0,9163,0,0,0,0,0.0,13,183,1,1.0
-0.0,14,1.0,9772,0,0,0,0,0.0,14,183,1,1.0
-0.0,15,1.0,10613,0,0,0,0,0.0,15,183,1,1.0
-0.0,1,1.0,761,1,0,0,0,0.0,1,184,1,1.0
0.6931471805599453,2,0.5,1534,1,0,0,0,0.0,2,184,2,0.0
1.0986122886681096,3,0.3333333333333333,2146,1,0,0,0,0.0,3,184,3,0.0
1.0397207708399179,1,0.5,3059,0,0,0,0,0.0,4,184,3,0.25
1.0549201679861442,2,0.4,3710,0,0,0,0,0.0,5,184,3,0.0
1.0114042647073518,3,0.5,4545,0,0,0,0,0.0,6,184,3,0.16666666666666666
0.9556998911125343,4,0.5714285714285714,5435,0,0,0,0,0.0,7,184,3,0.2857142857142857
0.9743147528693494,5,0.5,6164,0,0,0,0,0.0,8,184,3,0.125
1.2148896539491203,6,0.4444444444444444,7188,0,0,0,0,0.0,9,184,4,0.1111111111111111
1.4184836619456564,7,0.4,8060,0,0,0,0,0.0,10,184,5,0.1
1.5941666991180168,8,0.36363636363636365,8906,0,0,0,0,0.0,11,184,6,0.09090909090909091
1.6326309271543518,9,0.3333333333333333,9490,0,0,0,0,0.0,12,184,6,0.08333333333333333
1.5857708352080966,10,0.38461538461538464,10267,0,0,0,0,0.0,13,184,6,0.15384615384615385
1.5367224694372192,11,0.42857142857142855,11034,0,0,0,0,0.0,14,184,6,0.21428571428571427
1.5519014979437442,12,0.4,11936,0,0,0,0,0.0,15,184,6,0.2
-0.0,1,1.0,244,0,0,0,0,0.0,1,185,1,1.0
-0.0,2,1.0,450,0,0,0,0,0.0,2,185,1,1.0
-0.0,3,1.0,663,0,0,0,0,0.0,3,185,1,1.0
-0.0,4,1.0,912,0,0,0,0,0.0,4,185,1,1.0
-0.0,5,1.0,1150,0,0,0,0,0.0,5,185,1,1.0
-0.0,6,1.0,1413,0,0,0,0,0.0,6,185,1,1.0
-0.0,7,1.0,1662,0,0,0,0,0.0,7,185,1,1.0
-0.0,8,1.0,1847,0,0,0,0,0.0,8,185,1,1.0
-0.0,9,1.0,2080,0,0,0,0,0.0,9,185,1,1.0
-0.0,10,1.0,2331,0,0,0,0,0.0,10,185,1,1.0
-0.0,11,1.0,2551,0,0,0,0,0.0,11,185,1,1.0
-0.0,12,1.0,2767,0,0,0,0,0.0,12,185,1,1.0
-0.0,13,1.0,3036,0,0,0,0,0.0,13,185,1,1.0
-0.0,14,1.0,3240,0,0,0,0,0.0,14,185,1,1.0
-0.0,15,1.0,3487,0,0,0,0,0.0,15,185,1,1.0
-0.0,1,1.0,1024,0,0,0,0,0.0,1,186,1,1.0
-0.0,2,1.0,2048,0,0,0,0,0.0,2,186,1,1.0
-0.0,3,1.0,2356,0,0,0,0,0.0,3,186,1,1.0
-0.0,4,1.0,2701,0,0,0,0,0.0,4,186,1,1.0
-0.0,5,1.0,3284,0,0,0,0,0.0,5,186,1,1.0
-0.0,6,1.0,3849,0,0,0,0,0.0,6,186,1,1.0
-0.0,7,1.0,4380,0,0,0,0,0.0,7,186,1,1.0
-0.0,8,1.0,5404,0,0,0,0,0.0,8,186,1,1.0
0.34883209584303193,9,0.8888888888888888,5808,0,0,0,0,0.0,9,186,2,0.7777777777777778
0.3250829733914482,10,0.9,6142,0,0,0,0,0.0,10,186,2,0.8
0.30463609734923813,11,0.9090909090909091,6590,0,0,0,0,0.0,11,186,2,0.8181818181818182
0.2868359830561607,12,0.9166666666666666,7152,0,0,0,0,0.0,12,186,2,0.8333333333333334
0.2711893730418441,13,0.9230769230769231,7508,0,0,0,0,0.0,13,186,2,0.8461538461538461
0.25731864054383163,14,0.9285714285714286,8106,0,0,0,0,0.0,14,186,2,0.8571428571428571
0.24493002679463532,15,0.9333333333333333,9130,0,0,0,0,0.0,15,186,2,0.8666666666666667
-0.0,1,1.0,437,0,0,0,0,0.0,1,187,1,1.0
-0.0,2,1.0,1461,0,0,0,0,0.0,2,187,1,1.0
-0.0,3,1.0,1907,0,0,0,0,0.0,3,187,1,1.0
-0.0,4,1.0,2258,0,0,0,0,0.0,4,187,1,1.0
-0.0,5,1.0,2715,0,0,0,0,0.0,5,187,1,1.0
-0.0,6,1.0,3138,0,0,0,0,0.0,6,187,1,1.0
-0.0,7,1.0,3494,0,0,0,0,0.0,7,187,1,1.0
-0.0,8,1.0,3862,0,0,0,0,0.0,8,187,1,1.0
-0.0,9,1.0,4327,0,0,0,0,0.0,9,187,1,1.0
-0.0,10,1.0,5351,0,0,0,0,0.0,10,187,1,1.0
-0.0,11,1.0,5707,0,0,0,0,0.0,11,187,1,1.0
-0.0,12,1.0,6061,0,0,0,0,0.0,12,187,1,1.0
-0.0,13,1.0,6415,0,0,0,0,0.0,13,187,1,1.0
-0.0,14,1.0,7439,0,0,0,0,0.0,14,187,1,1.0
-0.0,15,1.0,7874,0,0,0,0,0.0,15,187,1,1.0
-0.0,1,1.0,994,0,0,0,0,0.0,1,188,1,1.0
-0.0,2,1.0,1952,0,0,0,0,0.0,2,188,1,1.0
-0.0,3,1.0,2976,0,0,0,0,0.3333333333333333,3,188,1,1.0
-0.0,4,1.0,4000,0,0,0,0,0.5,4,188,1,1.0
-0.0,5,1.0,5024,0,0,0,0,0.6,5,188,1,1.0
-0.0,6,1.0,6048,0,0,0,0,0.6666666666666666,6,188,1,1.0
-0.0,7,1.0,7072,0,0,0,0,0.7142857142857143,7,188,1,1.0
-0.0,8,1.0,8096,0,0,0,0,0.75,8,188,1,1.0
-0.0,9,1.0,9120,0,0,0,0,0.7777777777777778,9,188,1,1.0
-0.0,10,1.0,10144,0,0,0,0,0.8,10,188,1,1.0
-0.0,11,1.0,10993,0,0,0,0,0.7272727272727273,11,188,1,1.0
-0.0,12,1.0,12017,0,0,0,0,0.75,12,188,1,1.0
-0.0,13,1.0,13041,0,0,0,0,0.7692307692307693,13,188,1,1.0
-0.0,14,1.0,14065,0,0,0,0,0.7857142857142857,14,188,1,1.0
-0.0,15,1.0,15089,0,0,0,0,0.8,15,188,1,1.0
-0.0,1,1.0,1024,1,1,1,0,0.0,1,189,1,1.0
0.6931471805599453,2,0.5,2048,1,1,1,0,0.0,2,189,2,0.0
0.6365141682948128,1,0.6666666666666666,3072,1,1,1,0,0.0,3,189,2,0.3333333333333333
0.6365141682948128,2,0.6666666666666666,4096,1,1,1,0,0.25,4,189,2,0.3333333333333333
1.0397207708399179,3,0.5,4975,1,1,1,0,0.2,5,189,3,0.25
1.3321790402101223,4,0.4,5999,1,1,1,0,0.16666666666666666,6,189,4,0.2
1.3321790402101223,5,0.4,7023,1,1,1,0,0.2857142857142857,7,189,4,0.2
1.3321790402101223,6,0.4,8047,1,1,1,0,0.375,8,189,4,0.2
1.5607104090414063,7,0.3333333333333333,8871,1,1,1,0,0.3333333333333333,9,189,5,0.16666666666666666
1.7478680974667573,8,0.2857142857142857,9895,1,1,1,0,0.3,10,189,6,0.14285714285714285
1.7478680974667573,9,0.2857142857142857,10919,1,1,1,0,0.36363636363636365,11,189,6,0.14285714285714285
1.7478680974667573,10,0.2857142857142857,11943,1,1,1,0,0.4166666666666667,12,189,6,0.14285714285714285
1.7478680974667573,11,0.2857142857142857,12967,1,1,1,0,0.46153846153846156,13,189,6,0.14285714285714285
1.732867951399863,12,0.25,13991,1,1,1,0,0.42857142857142855,14,189,6,0.0
1.7351264569629226,13,0.2222222222222222,15015,1,1,1,0,0.4,15,189,6,0.0
-0.0,1,1.0,453,1,1,0,1,0.0,1,190,1,1.0
0.6931471805599453,2,0.5,787,1,1,0,1,0.0,2,190,2,0.0
0.6365141682948128,3,0.6666666666666666,1239,1,1,0,1,0.0,3,190,2,0.3333333333333333
0.5623351446188083,4,0.75,1661,1,1,0,1,0.0,4,190,2,0.5
0.6730116670092565,5,0.6,1970,1,1,0,1,0.0,5,190,2,0.2
0.6931471805599453,6,0.5,2254,1,1,0,1,0.0,6,190,2,0.0
0.6829081047004717,7,0.5714285714285714,2657,1,1,0,1,0.0,7,190,2,0.14285714285714285
0.6931471805599453,8,0.5,3063,1,1,0,1,0.0,8,190,2,0.0
0.6869615765973234,1,0.5555555555555556,3357,0,0,0,0,0.0,9,190,2,0.1111111111111111
0.6730116670092565,2,0.6,3612,0,0,0,0,0.0,10,190,2,0.2
0.6890092384766586,3,0.5454545454545454,3935,0,0,0,0,0.0,11,190,2,0.09090909090909091
0.6931471805599453,1,0.5,4353,1,1,0,1,0.0,12,190,2,0.0
0.9110175397125628,2,0.46153846153846156,4851,1,1,0,1,0.0,13,190,3,0.0
0.8982053397041498,3,0.5,5308,1,1,0,1,0.0,14,190,3,0.07142857142857142
0.891867395317251,4,0.4666666666666667,5614,1,1,0,1,0.0,15,190,3,0.0
-0.0,1,1.0,285,0,0,0,0,0.0,1,191,1,1.0
-0.0,2,1.0,501,0,0,0,0,0.0,2,191,1,1.0
-0.0,3,1.0,813,0,0,0,0,0.0,3,191,1,1.0
-0.0,4,1.0,1080,0,0,0,0,0.0,4,191,1,1.0
-0.0,5,1.0,1341,0,0,0,0,0.0,5,191,1,1.0
-0.0,6,1.0,1627,0,0,0,0,0.0,6,191,1,1.0
-0.0,7,1.0,1923,0,0,0,0,0.0,7,191,1,1.0
-0.0,8,1.0,2201,0,0,0,0,0.0,8,191,1,1.0
-0.0,9,1.0,2484,0,0,0,0,0.0,9,191,1,1.0
-0.0,10,1.0,2755,0,0,0,0,0.0,10,191,1,1.0
-0.0,11,1.0,3026,0,0,0,0,0.0,11,191,1,1.0
-0.0,12,1.0,3304,0,0,0,0,0.0,12,191,1,1.0
-0.0,13,1.0,3540,0,0,0,0,0.0,13,191,1,1.0
-0.0,14,1.0,3822,0,0,0,0,0.0,14,191,1,1.0
-0.0,15,1.0,4041,0,0,0,0,0.0,15,191,1,1.0
-0.0,1,1.0,400,0,0,0,0,0.0,1,192,1,1.0
-0.0,2,1.0,839,0,0,0,0,0.0,2,192,1,1.0
-0.0,3,1.0,1254,0,0,0,0,0.0,3,192,1,1.0
-0.0,4,1.0,1757,0,0,0,0,0.0,4,192,1,1.0
-0.0,5,1.0,2199,0,0,0,0,0.0,5,192,1,1.0
-0.0,6,1.0,2615,0,0,0,0,0.0,6,192,1,1.0
-0.0,7,1.0,3000,0,0,0,0,0.0,7,192,1,1.0
-0.0,8,1.0,3388,0,0,0,0,0.0,8,192,1,1.0
-0.0,9,1.0,3767,0,0,0,0,0.0,9,192,1,1.0
-0.0,10,1.0,4186,0,0,0,0,0.0,10,192,1,1.0
-0.0,11,1.0,4612,0,0,0,0,0.0,11,192,1,1.0
-0.0,12,1.0,4977,0,0,0,0,0.0,12,192,1,1.0
-0.0,13,1.0,5468,0,0,0,0,0.0,13,192,1,1.0
-0.0,14,1.0,5930,0,0,0,0,0.0,14,192,1,1.0
-0.0,15,1.0,6954,0,0,0,0,0.0,15,192,1,1.0
-0.0,1,1.0,355,0,0,0,0,0.0,1,193,1,1.0
-0.0,2,1.0,719,0,0,0,0,0.0,2,193,1,1.0
-0.0,3,1.0,1006,0,0,0,0,0.0,3,193,1,1.0
-0.0,4,1.0,1436,0,0,0,0,0.0,4,193,1,1.0
-0.0,5,1.0,1725,0,0,0,0,0.0,5,193,1,1.0
-0.0,6,1.0,2017,0,0,0,0,0.0,6,193,1,1.0
-0.0,7,1.0,2341,0,0,0,0,0.0,7,193,1,1.0
-0.0,8,1.0,2652,0,0,0,0,0.0,8,193,1,1.0
-0.0,9,1.0,3064,0,0,0,0,0.0,9,193,1,1.0
-0.0,10,1.0,3582,0,0,0,0,0.0,10,193,1,1.0
-0.0,11,1.0,3937,0,0,0,0,0.0,11,193,1,1.0
-0.0,12,1.0,4259,0,0,0,0,0.0,12,193,1,1.0
-0.0,13,1.0,4653,0,0,0,0,0.0,13,193,1,1.0
-0.0,14,1.0,5046,0,0,0,0,0.0,14,193,1,1.0
-0.0,15,1.0,5320,0,0,0,0,0.0,15,193,1,1.0
-0.0,1,1.0,839,0,0,0,0,0.0,1,194,1,1.0
-0.0,2,1.0,1524,0,0,0,0,0.0,2,194,1,1.0
-0.0,3,1.0,2321,0,0,0,0,0.0,3,194,1,1.0
-0.0,4,1.0,3345,0,0,0,0,0.25,4,194,1,1.0
0.5623351446188083,5,0.75,4093,0,0,0,0,0.2,5,194,2,0.5
0.5004024235381879,6,0.8,4782,0,0,0,0,0.16666666666666666,6,194,2,0.6
0.45056120886630463,7,0.8333333333333334,5526,0,0,0,0,0.14285714285714285,7,194,2,0.6666666666666666
0.410116318288409,8,0.8571428571428571,6469,0,0,0,0,0.125,8,194,2,0.7142857142857143
0.37677016125643675,9,0.875,7493,0,0,0,0,0.1111111111111111,9,194,2,0.75
0.34883209584303193,10,0.8888888888888888,8258,0,0,0,0,0.1,10,194,2,0.7777777777777778
0.3250829733914482,11,0.9,8902,0,0,0,0,0.09090909090909091,11,194,2,0.8
0.30463609734923813,12,0.9090909090909091,9697,0,0,0,0,0.08333333333333333,12,194,2,0.8181818181818182
0.5660857389596289,13,0.8333333333333334,10458,0,0,0,0,0.07692307692307693,13,194,3,0.75
0.6870920273799715,14,0.7692307692307693,11214,0,0,0,0,0.07142857142857142,14,194,3,0.6153846153846154
0.796311640173813,15,0.7142857142857143,11934,0,0,0,0,0.06666666666666667,15,194,3,0.5714285714285714
-0.0,1,1.0,332,0,0,0,0,0.0,1,195,1,1.0
-0.0,2,1.0,695,0,0,0,0,0.0,2,195,1,1.0
-0.0,3,1.0,1062,0,0,0,0,0.0,3,195,1,1.0
-0.0,4,1.0,1335,0,0,0,0,0.0,4,195,1,1.0
-0.0,5,1.0,1666,0,0,0,0,0.0,5,195,1,1.0
-0.0,6,1.0,1961,0,0,0,0,0.0,6,195,1,1.0
-0.0,7,1.0,2260,0,0,0,0,0.0,7,195,1,1.0
-0.0,8,1.0,2577,0,0,0,0,0.0,8,195,1,1.0
-0.0,9,1.0,2881,0,0,0,0,0.0,9,195,1,1.0
-0.0,10,1.0,3202,0,0,0,0,0.0,10,195,1,1.0
-0.0,11,1.0,4226,0,0,0,0,0.0,11,195,1,1.0
-0.0,12,1.0,4578,0,0,0,0,0.0,12,195,1,1.0
-0.0,13,1.0,4990,0,0,0,0,0.0,13,195,1,1.0
-0.0,14,1.0,5287,0,0,0,0,0.0,14,195,1,1.0
-0.0,15,1.0,5597,0,0,0,0,0.0,15,195,1,1.0
-0.0,1,1.0,295,0,0,0,0,0.0,1,196,1,1.0
-0.0,2,1.0,681,0,0,0,0,0.0,2,196,1,1.0
-0.0,3,1.0,1018,0,0,0,0,0.0,3,196,1,1.0
-0.0,4,1.0,1345,0,0,0,0,0.0,4,196,1,1.0
-0.0,5,1.0,1598,0,0,0,0,0.0,5,196,1,1.0
-0.0,6,1.0,1964,0,0,0,0,0.0,6,196,1,1.0
-0.0,7,1.0,2226,0,0,0,0,0.0,7,196,1,1.0
-0.0,8,1.0,2493,0,0,0,0,0.0,8,196,1,1.0
-0.0,9,1.0,2899,0,0,0,0,0.0,9,196,1,1.0
-0.0,10,1.0,3162,0,0,0,0,0.0,10,196,1,1.0
-0.0,11,1.0,3402,0,0,0,0,0.0,11,196,1,1.0
-0.0,12,1.0,3620,0,0,0,0,0.0,12,196,1,1.0
-0.0,13,1.0,3870,0,0,0,0,0.0,13,196,1,1.0
-0.0,14,1.0,4162,0,0,0,0,0.0,14,196,1,1.0
-0.0,15,1.0,4385,0,0,0,0,0.0,15,196,1,1.0
-0.0,1,1.0,1024,0,0,0,0,0.0,1,197,1,1.0
0.6931471805599453,2,0.5,1641,0,0,0,0,0.0,2,197,2,0.0
0.6365141682948128,3,0.6666666666666666,2457,0,0,0,0,0.0,3,197,2,0.3333333333333333
0.5623351446188083,4,0.75,3093,0,0,0,0,0.0,4,197,2,0.5
0.5004024235381879,5,0.8,3900,0,0,0,0,0.0,5,197,2,0.6
0.45056120886630463,6,0.8333333333333334,4536,0,0,0,0,0.0,6,197,2,0.6666666666666666
0.410116318288409,7,0.8571428571428571,5232,0,0,0,0,0.0,7,197,2,0.7142857142857143
0.37677016125643675,8,0.875,6005,0,0,0,0,0.0,8,197,2,0.75
0.34883209584303193,9,0.8888888888888888,6517,0,0,0,0,0.0,9,197,2,0.7777777777777778
0.3250829733914482,10,0.9,7040,0,0,0,0,0.0,10,197,2,0.8
0.30463609734923813,11,0.9090909090909091,7596,0,0,0,0,0.0,11,197,2,0.8181818181818182
0.2868359830561607,12,0.9166666666666666,8620,0,0,0,0,0.0,12,197,2,0.8333333333333334
0.2711893730418441,13,0.9230769230769231,9229,0,0,0,0,0.0,13,197,2,0.8461538461538461
0.25731864054383163,14,0.9285714285714286,9758,0,0,0,0,0.0,14,197,2,0.8571428571428571
0.24493002679463532,15,0.9333333333333333,10619,0,0,0,0,0.0,15,197,2,0.8666666666666667
-0.0,1,1.0,378,0,0,0,0,0.0,1,198,1,1.0
-0.0,2,1.0,779,0,0,0,0,0.0,2,198,1,1.0
-0.0,3,1.0,1123,0,0,0,0,0.0,3,198,1,1.0
-0.0,4,1.0,1504,0,0,0,0,0.0,4,198,1,1.0
-0.0,5,1.0,1891,0,0,0,0,0.0,5,198,1,1.0
-0.0,6,1.0,2270,0,0,0,0,0.0,6,198,1,1.0
-0.0,7,1.0,2635,0,0,0,0,0.0,7,198,1,1.0
-0.0,8,1.0,3013,0,0,0,0,0.0,8,198,1,1.0
-0.0,9,1.0,3413,0,0,0,0,0.0,9,198,1,1.0
-0.0,10,1.0,3790,0,0,0,0,0.0,10,198,1,1.0
-0.0,11,1.0,4169,0,0,0,0,0.0,11,198,1,1.0
-0.0,12,1.0,4497,0,0,0,0,0.0,12,198,1,1.0
-0.0,13,1.0,4893,0,0,0,0,0.0,13,198,1,1.0
-0.0,14,1.0,5298,0,0,0,0,0.0,14,198,1,1.0
-0.0,15,1.0,5677,0,0,0,0,0.0,15,198,1,1.0
-0.0,1,1.0,319,0,0,0,0,0.0,1,199,1,1.0
-0.0,2,1.0,635,0,0,0,0,0.0,2,199,1,1.0
-0.0,3,1.0,972,0,0,0,0,0.0,3,199,1,1.0
-0.0,4,1.0,1264,0,0,0,0,0.0,4,199,1,1.0
-0.0,5,1.0,1514,0,0,0,0,0.0,5,199,1,1.0
-0.0,6,1.0,1828,0,0,0,0,0.0,6,199,1,1.0
-0.0,7,1.0,2181,0,0,0,0,0.0,7,199,1,1.0
-0.0,8,1.0,2543,0,0,0,0,0.0,8,199,1,1.0
-0.0,9,1.0,2914,0,0,0,0,0.0,9,199,1,1.0
-0.0,10,1.0,3245,0,0,0,0,0.0,10,199,1,1.0
-0.0,11,1.0,3574,0,0,0,0,0.0,11,199,1,1.0
-0.0,12,1.0,3843,0,0,0,0,0.0,12,199,1,1.0
-0.0,13,1.0,4159,0,0,0,0,0.0,13,199,1,1.0
-0.0,14,1.0,4540,0,0,0,0,0.0,14,199,1,1.0
-0.0,15,1.0,4851,0,0,0,0,0.0,15,199,1,1.0
-0.0,1,1.0,517,0,0,0,0,0.0,1,200,1,1.0
-0.0,2,1.0,999,0,0,0,0,0.0,2,200,1,1.0
-0.0,3,1.0,1274,0,0,0,0,0.0,3,200,1,1.0
-0.0,4,1.0,1651,0,0,0,0,0.0,4,200,1,1.0
-0.0,5,1.0,2012,0,0,0,0,0.0,5,200,1,1.0
-0.0,6,1.0,2319,0,0,0,0,0.0,6,200,1,1.0
-0.0,7,1.0,2780,0,0,0,0,0.0,7,200,1,1.0
-0.0,8,1.0,3131,0,0,0,0,0.0,8,200,1,1.0
-0.0,9,1.0,3452,0,0,0,0,0.0,9,200,1,1.0
-0.0,10,1.0,3842,0,0,0,0,0.0,10,200,1,1.0
-0.0,11,1.0,4330,0,0,0,0,0.0,11,200,1,1.0
-0.0,12,1.0,4862,0,0,0,0,0.0,12,200,1,1.0
-0.0,13,1.0,5193,0,0,0,0,0.0,13,200,1,1.0
-0.0,14,1.0,5478,0,0,0,0,0.0,14,200,1,1.0
-0.0,15,1.0,5965,0,0,0,0,0.0,15,200,1,1.0
-0.0,1,1.0,663,0,0,0,0,0.0,1,201,1,1.0
-0.0,2,1.0,1687,0,0,0,0,0.0,2,201,1,1.0
-0.0,3,1.0,2321,0,0,0,0,0.0,3,201,1,1.0
-0.0,4,1.0,2875,0,0,0,0,0.0,4,201,1,1.0
-0.0,5,1.0,3496,0,0,0,0,0.0,5,201,1,1.0
-0.0,6,1.0,4039,0,0,0,0,0.0,6,201,1,1.0
-0.0,7,1.0,4664,0,0,0,0,0.0,7,201,1,1.0
-0.0,8,1.0,5252,0,0,0,0,0.0,8,201,1,1.0
-0.0,9,1.0,6007,0,0,0,0,0.0,9,201,1,1.0
-0.0,10,1.0,6702,0,0,0,0,0.0,10,201,1,1.0
-0.0,11,1.0,7360,0,0,0,0,0.0,11,201,1,1.0
-0.0,12,1.0,7975,0,0,0,0,0.0,12,201,1,1.0
-0.0,13,1.0,8633,0,0,0,0,0.0,13,201,1,1.0
-0.0,14,1.0,9267,0,0,0,0,0.0,14,201,1,1.0
-0.0,15,1.0,9855,0,0,0,0,0.0,15,201,1,1.0
-0.0,1,1.0,491,0,0,0,0,0.0,1,202,1,1.0
-0.0,2,1.0,1033,0,0,0,0,0.0,2,202,1,1.0
-0.0,3,1.0,1551,0,0,0,0,0.0,3,202,1,1.0
-0.0,4,1.0,2014,0,0,0,0,0.0,4,202,1,1.0
-0.0,5,1.0,2467,0,0,0,0,0.0,5,202,1,1.0
-0.0,6,1.0,2897,0,0,0,0,0.0,6,202,1,1.0
-0.0,7,1.0,3321,0,0,0,0,0.0,7,202,1,1.0
-0.0,8,1.0,3728,0,0,0,0,0.0,8,202,1,1.0
-0.0,9,1.0,4211,0,0,0,0,0.0,9,202,1,1.0
-0.0,10,1.0,4670,0,0,0,0,0.0,10,202,1,1.0
-0.0,11,1.0,5072,0,0,0,0,0.0,11,202,1,1.0
-0.0,12,1.0,5468,0,0,0,0,0.0,12,202,1,1.0
-0.0,13,1.0,5954,0,0,0,0,0.0,13,202,1,1.0
-0.0,14,1.0,6458,0,0,0,0,0.0,14,202,1,1.0
-0.0,15,1.0,6850,0,0,0,0,0.0,15,202,1,1.0
-0.0,1,1.0,539,0,0,0,0,0.0,1,203,1,1.0
-0.0,2,1.0,1122,0,0,0,0,0.0,2,203,1,1.0
-0.0,3,1.0,1766,0,0,0,0,0.0,3,203,1,1.0
-0.0,4,1.0,2280,0,0,0,0,0.0,4,203,1,1.0
-0.0,5,1.0,2866,0,0,0,0,0.0,5,203,1,1.0
-0.0,6,1.0,3315,0,0,0,0,0.0,6,203,1,1.0
-0.0,7,1.0,3882,0,0,0,0,0.0,7,203,1,1.0
-0.0,8,1.0,4442,0,0,0,0,0.0,8,203,1,1.0
-0.0,9,1.0,5038,0,0,0,0,0.0,9,203,1,1.0
-0.0,10,1.0,5552,0,0,0,0,0.0,10,203,1,1.0
-0.0,11,1.0,6072,0,0,0,0,0.0,11,203,1,1.0
-0.0,12,1.0,6632,0,0,0,0,0.0,12,203,1,1.0
-0.0,13,1.0,7191,0,0,0,0,0.0,13,203,1,1.0
-0.0,14,1.0,7692,0,0,0,0,0.0,14,203,1,1.0
-0.0,15,1.0,8275,0,0,0,0,0.0,15,203,1,1.0
-0.0,1,1.0,1024,1,0,0,0,0.0,1,204,1,1.0
0.6931471805599453,2,0.5,1753,1,0,0,0,0.0,2,204,2,0.0
0.6365141682948128,3,0.6666666666666666,2777,1,0,0,0,0.0,3,204,2,0.3333333333333333
0.5623351446188083,4,0.75,3801,1,0,0,0,0.0,4,204,2,0.5
0.6730116670092565,5,0.6,4478,1,0,0,0,0.0,5,204,2,0.2
0.6365141682948128,6,0.6666666666666666,5193,1,0,0,0,0.0,6,204,2,0.3333333333333333
0.6829081047004717,7,0.5714285714285714,6217,1,0,0,0,0.0,7,204,2,0.14285714285714285
0.6615632381579821,8,0.625,6775,1,0,0,0,0.0,8,204,2,0.25
0.6869615765973234,9,0.5555555555555556,7464,1,0,0,0,0.0,9,204,2,0.1111111111111111
0.6931471805599453,10,0.5,8488,1,0,0,0,0.0,10,204,2,0.0
0.6890092384766586,1,0.5454545454545454,9126,0,0,0,0,0.0,11,204,2,0.09090909090909091
0.6791932659915256,2,0.5833333333333334,10150,0,0,0,0,0.0,12,204,2,0.16666666666666666
0.6901856760188042,3,0.5384615384615384,10786,0,0,0,0,0.0,13,204,2,0.07692307692307693
0.6829081047004717,4,0.5714285714285714,11581,0,0,0,0,0.0,14,204,2,0.14285714285714285
0.6730116670092565,5,0.6,12409,0,0,0,0,0.0,15,204,2,0.2
-0.0,1,1.0,903,0,0,0,0,0.0,1,205,1,1.0
-0.0,2,1.0,1901,0,0,0,0,0.0,2,205,1,1.0
-0.0,3,1.0,2900,0,0,0,0,0.0,3,205,1,1.0
-0.0,4,1.0,3774,0,0,0,0,0.0,4,205,1,1.0
-0.0,5,1.0,4795,0,0,0,0,0.0,5,205,1,1.0
-0.0,6,1.0,5727,0,0,0,0,0.0,6,205,1,1.0
-0.0,7,1.0,6682,0,0,0,0,0.0,7,205,1,1.0
-0.0,8,1.0,7600,0,0,0,0,0.0,8,205,1,1.0
-0.0,9,1.0,8604,0,0,0,0,0.0,9,205,1,1.0
-0.0,10,1.0,9594,0,0,0,0,0.0,10,205,1,1.0
-0.0,11,1.0,10541,0,0,0,0,0.0,11,205,1,1.0
-0.0,12,1.0,11476,0,0,0,0,0.0,12,205,1,1.0
-0.0,13,1.0,12425,0,0,0,0,0.0,13,205,1,1.0
-0.0,14,1.0,13279,0,0,0,0,0.0,14,205,1,1.0
-0.0,15,1.0,14299,0,0,0,0,0.0,15,205,1,1.0
-0.0,1,1.0,411,0,0,0,0,0.0,1,206,1,1.0
-0.0,2,1.0,835,0,0,0,0,0.0,2,206,1,1.0
-0.0,3,1.0,1299,0,0,0,0,0.0,3,206,1,1.0
-0.0,4,1.0,1730,0,0,0,0,0.0,4,206,1,1.0
-0.0,5,1.0,2167,0,0,0,0,0.0,5,206,1,1.0
-0.0,6,1.0,2608,0,0,0,0,0.0,6,206,1,1.0
-0.0,7,1.0,3033,0,0,0,0,0.0,7,206,1,1.0
-0.0,8,1.0,3458,0,0,0,0,0.0,8,206,1,1.0
-0.0,9,1.0,3880,0,0,0,0,0.0,9,206,1,1.0
-0.0,10,1.0,4312,0,0,0,0,0.0,10,206,1,1.0
-0.0,11,1.0,4743,0,0,0,0,0.0,11,206,1,1.0
-0.0,12,1.0,5269,0,0,0,0,0.0,12,206,1,1.0
-0.0,13,1.0,5705,0,0,0,0,0.0,13,206,1,1.0
-0.0,14,1.0,6254,0,0,0,0,0.0,14,206,1,1.0
-0.0,15,1.0,6677,0,0,0,0,0.0,15,206,1,1.0
-0.0,1,1.0,328,0,0,0,0,0.0,1,207,1,1.0
-0.0,2,1.0,662,0,0,0,0,0.0,2,207,1,1.0
-0.0,3,1.0,873,0,0,0,0,0.0,3,207,1,1.0
-0.0,4,1.0,1175,0,0,0,0,0.0,4,207,1,1.0
-0.0,5,1.0,2199,0,0,0,0,0.0,5,207,1,1.0
-0.0,6,1.0,2532,0,0,0,0,0.0,6,207,1,1.0
-0.0,7,1.0,2886,0,0,0,0,0.0,7,207,1,1.0
-0.0,8,1.0,3196,0,0,0,0,0.0,8,207,1,1.0
-0.0,9,1.0,3521,0,0,0,0,0.0,9,207,1,1.0
-0.0,10,1.0,3848,0,0,0,0,0.0,10,207,1,1.0
-0.0,11,1.0,4198,0,0,0,0,0.0,11,207,1,1.0
-0.0,12,1.0,4506,0,0,0,0,0.0,12,207,1,1.0
-0.0,13,1.0,4909,0,0,0,0,0.0,13,207,1,1.0
-0.0,14,1.0,5296,0,0,0,0,0.0,14,207,1,1.0
-0.0,15,1.0,5596,0,0,0,0,0.0,15,207,1,1.0
-0.0,1,1.0,390,0,0,0,0,0.0,1,208,1,1.0
-0.0,2,1.0,826,0,0,0,0,0.0,2,208,1,1.0
-0.0,3,1.0,1233,0,0,0,0,0.0,3,208,1,1.0
-0.0,4,1.0,1651,0,0,0,0,0.0,4,208,1,1.0
-0.0,5,1.0,2083,0,0,0,0,0.0,5,208,1,1.0
-0.0,6,1.0,2457,0,0,0,0,0.0,6,208,1,1.0
-0.0,7,1.0,2812,0,0,0,0,0.0,7,208,1,1.0
-0.0,8,1.0,3205,0,0,0,0,0.0,8,208,1,1.0
-0.0,9,1.0,3557,0,0,0,0,0.0,9,208,1,1.0
-0.0,10,1.0,3948,0,0,0,0,0.0,10,208,1,1.0
-0.0,11,1.0,4345,0,0,0,0,0.0,11,208,1,1.0
-0.0,12,1.0,4759,0,0,0,0,0.0,12,208,1,1.0
-0.0,13,1.0,5156,0,0,0,0,0.0,13,208,1,1.0
-0.0,14,1.0,5538,0,0,0,0,0.0,14,208,1,1.0
-0.0,15,1.0,5917,0,0,0,0,0.0,15,208,1,1.0
-0.0,1,1.0,436,0,0,0,0,0.0,1,209,1,1.0
-0.0,2,1.0,710,0,0,0,0,0.0,2,209,1,1.0
-0.0,3,1.0,1133,0,0,0,0,0.0,3,209,1,1.0
-0.0,4,1.0,1700,0,0,0,0,0.0,4,209,1,1.0
-0.0,5,1.0,2146,0,0,0,0,0.0,5,209,1,1.0
-0.0,6,1.0,2468,0,0,0,0,0.0,6,209,1,1.0
-0.0,7,1.0,3002,0,0,0,0,0.0,7,209,1,1.0
-0.0,8,1.0,3493,0,0,0,0,0.0,8,209,1,1.0
-0.0,9,1.0,4041,0,0,0,0,0.0,9,209,1,1.0
-0.0,10,1.0,4488,0,0,0,0,0.0,10,209,1,1.0
0.30463609734923813,11,0.9090909090909091,4948,0,0,0,0,0.0,11,209,2,0.8181818181818182
0.2868359830561607,12,0.9166666666666666,5373,0,0,0,0,0.0,12,209,2,0.8333333333333334
0.2711893730418441,13,0.9230769230769231,5810,0,0,0,0,0.0,13,209,2,0.8461538461538461
0.25731864054383163,14,0.9285714285714286,6233,0,0,0,0,0.0,14,209,2,0.8571428571428571
0.24493002679463532,15,0.9333333333333333,6688,0,0,0,0,0.0,15,209,2,0.8666666666666667
-0.0,1,1.0,550,0,0,0,0,0.0,1,210,1,1.0
0.6931471805599453,2,0.5,1152,0,0,0,0,0.0,2,210,2,0.0
1.0986122886681096,3,0.3333333333333333,1477,0,0,0,0,0.0,3,210,3,0.0
1.3862943611198906,4,0.25,1790,0,0,0,0,0.0,4,210,4,0.0
1.6094379124341005,5,0.2,2129,0,0,0,0,0.0,5,210,5,0.0
1.5607104090414063,1,0.3333333333333333,2548,1,1,1,0,0.0,6,210,5,0.16666666666666666
1.5498260458782016,1,0.2857142857142857,2977,0,0,0,0,0.0,7,210,5,0.0
1.4941751382893083,2,0.375,3542,0,0,0,0,0.0,8,210,5,0.125
1.6769877743224173,3,0.3333333333333333,4033,0,0,0,0,0.0,9,210,6,0.1111111111111111
1.6957425341696346,4,0.3,4475,0,0,0,0,0.0,10,210,6,0.1
1.6417347121875212,5,0.36363636363636365,4876,0,0,0,0,0.0,11,210,6,0.18181818181818182
1.6762349391347307,6,0.3333333333333333,5343,0,0,0,0,0.0,12,210,6,0.16666666666666666
1.626020692420754,7,0.38461538461538464,5800,0,0,0,0,0.0,13,210,6,0.23076923076923078
1.5740973368489728,8,0.42857142857142855,6363,0,0,0,0,0.0,14,210,6,0.2857142857142857
1.71408754118701,9,0.4,6773,0,0,0,0,0.0,15,210,7,0.26666666666666666
-0.0,1,1.0,279,0,0,0,0,0.0,1,211,1,1.0
-0.0,2,1.0,553,0,0,0,0,0.0,2,211,1,1.0
-0.0,3,1.0,787,0,0,0,0,0.0,3,211,1,1.0
-0.0,4,1.0,1107,0,0,0,0,0.0,4,211,1,1.0
-0.0,5,1.0,1406,0,0,0,0,0.0,5,211,1,1.0
-0.0,6,1.0,1707,0,0,0,0,0.0,6,211,1,1.0
-0.0,7,1.0,2016,0,0,0,0,0.0,7,211,1,1.0
-0.0,8,1.0,2293,0,0,0,0,0.0,8,211,1,1.0
-0.0,9,1.0,2577,0,0,0,0,0.0,9,211,1,1.0
-0.0,10,1.0,2888,0,0,0,0,0.0,10,211,1,1.0
-0.0,11,1.0,3104,0,0,0,0,0.0,11,211,1,1.0
-0.0,12,1.0,3384,0,0,0,0,0.0,12,211,1,1.0
-0.0,13,1.0,3689,0,0,0,0,0.0,13,211,1,1.0
-0.0,14,1.0,4054,0,0,0,0,0.0,14,211,1,1.0
-0.0,15,1.0,4320,0,0,0,0,0.0,15,211,1,1.0
-0.0,1,1.0,495,0,0,0,0,0.0,1,212,1,1.0
0.6931471805599453,2,0.5,1164,0,0,0,0,0.0,2,212,2,0.0
0.6365141682948128,3,0.6666666666666666,1705,0,0,0,0,0.0,3,212,2,0.3333333333333333
0.5623351446188083,4,0.75,2098,0,0,0,0,0.0,4,212,2,0.5
0.5004024235381879,5,0.8,2489,0,0,0,0,0.0,5,212,2,0.6
0.45056120886630463,6,0.8333333333333334,2998,0,0,0,0,0.0,6,212,2,0.6666666666666666
0.410116318288409,7,0.8571428571428571,3407,0,0,0,0,0.0,7,212,2,0.7142857142857143
0.37677016125643675,8,0.875,3823,0,0,0,0,0.0,8,212,2,0.75
0.5297061990576545,9,0.7777777777777778,4464,0,0,0,0,0.0,9,212,2,0.5555555555555556
0.5004024235381879,10,0.8,4746,0,0,0,0,0.0,10,212,2,0.6
0.47413931305783735,11,0.8181818181818182,5313,0,0,0,0,0.0,11,212,2,0.6363636363636364
0.47413931305783735,12,0.8181818181818182,6337,0,0,0,0,0.08333333333333333,12,212,2,0.6363636363636364
0.7214636866925115,13,0.75,7361,0,0,0,0,0.07692307692307693,13,212,3,0.5833333333333334
0.6870920273799715,14,0.7692307692307693,7881,0,0,0,0,0.07142857142857142,14,212,3,0.6153846153846154
0.7589367727620596,15,0.7142857142857143,8480,0,0,0,0,0.06666666666666667,15,212,3,0.5
-0.0,1,1.0,867,0,0,0,0,0.0,1,213,1,1.0
-0.0,2,1.0,1891,0,0,0,0,0.5,2,213,1,1.0
-0.0,3,1.0,2562,0,0,0,0,0.3333333333333333,3,213,1,1.0
-0.0,4,1.0,3499,0,0,0,0,0.25,4,213,1,1.0
-0.0,5,1.0,4260,0,0,0,0,0.2,5,213,1,1.0
-0.0,6,1.0,4940,0,0,0,0,0.16666666666666666,6,213,1,1.0
-0.0,7,1.0,5964,0,0,0,0,0.2857142857142857,7,213,1,1.0
-0.0,8,1.0,6614,0,0,0,0,0.25,8,213,1,1.0
-0.0,9,1.0,7392,0,0,0,0,0.2222222222222222,9,213,1,1.0
-0.0,10,1.0,7931,0,0,0,0,0.2,10,213,1,1.0
-0.0,11,1.0,8502,0,0,0,0,0.18181818181818182,11,213,1,1.0
-0.0,12,1.0,9011,0,0,0,0,0.16666666666666666,12,213,1,1.0
-0.0,13,1.0,9656,0,0,0,0,0.15384615384615385,13,213,1,1.0
-0.0,14,1.0,10316,0,0,0,0,0.14285714285714285,14,213,1,1.0
0.2711893730418441,15,0.9230769230769231,11245,0,0,0,0,0.13333333333333333,15,213,2,0.8461538461538461
-0.0,1,1.0,564,1,0,0,0,0.0,1,214,1,1.0
0.6931471805599453,2,0.5,1146,1,0,0,0,0.0,2,214,2,0.0
1.0986122886681096,3,0.3333333333333333,1667,1,0,0,0,0.0,3,214,3,0.0
1.0397207708399179,1,0.5,2264,0,0,0,0,0.0,4,214,3,0.25
1.0549201679861442,2,0.4,2801,0,0,0,0,0.0,5,214,3,0.0
1.0114042647073518,3,0.5,3309,0,0,0,0,0.0,6,214,3,0.16666666666666666
1.277034259466139,4,0.42857142857142855,3818,0,0,0,0,0.0,7,214,4,0.14285714285714285
1.4941751382893083,5,0.375,4369,0,0,0,0,0.0,8,214,5,0.125
1.4941751382893083,6,0.375,5393,0,0,0,0,0.1111111111111111,9,214,5,0.125
1.5229550675313184,7,0.3333333333333333,5932,0,0,0,0,0.1,10,214,5,0.1111111111111111
1.5047882836811908,1,0.3,6460,1,0,0,0,0.09090909090909091,11,214,5,0.0
1.5465986860485124,2,0.2727272727272727,7012,1,0,0,0,0.08333333333333333,12,214,5,0.0
1.5454229031935938,3,0.25,7836,1,0,0,0,0.07692307692307693,13,214,5,0.0
1.5247073930301436,1,0.3076923076923077,8400,0,0,0,0,0.07142857142857142,14,214,5,0.07692307692307693
1.5367224694372195,2,0.2857142857142857,8910,0,0,0,0,0.06666666666666667,15,214,5,0.07142857142857142
-0.0,1,1.0,343,0,0,0,0,0.0,1,215,1,1.0
-0.0,2,1.0,611,0,0,0,0,0.0,2,215,1,1.0
-0.0,3,1.0,1113,0,0,0,0,0.0,3,215,1,1.0
-0.0,4,1.0,1494,0,0,0,0,0.0,4,215,1,1.0
-0.0,5,1.0,1736,0,0,0,0,0.0,5,215,1,1.0
-0.0,6,1.0,2065,0,0,0,0,0.0,6,215,1,1.0
-0.0,7,1.0,2447,0,0,0,0,0.0,7,215,1,1.0
-0.0,8,1.0,2905,0,0,0,0,0.0,8,215,1,1.0
-0.0,9,1.0,3207,0,0,0,0,0.0,9,215,1,1.0
-0.0,10,1.0,3491,0,0,0,0,0.0,10,215,1,1.0
-0.0,11,1.0,3792,0,0,0,0,0.0,11,215,1,1.0
-0.0,12,1.0,4111,0,0,0,0,0.0,12,215,1,1.0
-0.0,13,1.0,4579,0,0,0,0,0.0,13,215,1,1.0
-0.0,14,1.0,4864,0,0,0,0,0.0,14,215,1,1.0
-0.0,15,1.0,5191,0,0,0,0,0.0,15,215,1,1.0
-0.0,1,1.0,465,0,0,0,0,0.0,1,216,1,1.0
-0.0,2,1.0,913,0,0,0,0,0.0,2,216,1,1.0
-0.0,3,1.0,1363,0,0,0,0,0.0,3,216,1,1.0
-0.0,4,1.0,1806,0,0,0,0,0.0,4,216,1,1.0
-0.0,5,1.0,2247,0,0,0,0,0.0,5,216,1,1.0
-0.0,6,1.0,2660,0,0,0,0,0.0,6,216,1,1.0
-0.0,7,1.0,3154,0,0,0,0,0.0,7,216,1,1.0
-0.0,8,1.0,3551,0,0,0,0,0.0,8,216,1,1.0
-0.0,9,1.0,4027,0,0,0,0,0.0,9,216,1,1.0
-0.0,10,1.0,4459,0,0,0,0,0.0,10,216,1,1.0
-0.0,11,1.0,4908,0,0,0,0,0.0,11,216,1,1.0
-0.0,12,1.0,5345,0,0,0,0,0.0,12,216,1,1.0
-0.0,13,1.0,5700,0,0,0,0,0.0,13,216,1,1.0
-0.0,14,1.0,6164,0,0,0,0,0.0,14,216,1,1.0
-0.0,15,1.0,6563,0,0,0,0,0.0,15,216,1,1.0
-0.0,1,1.0,456,0,0,0,0,0.0,1,217,1,1.0
-0.0,2,1.0,856,0,0,0,0,0.0,2,217,1,1.0
-0.0,3,1.0,1264,0,0,0,0,0.0,3,217,1,1.0
-0.0,4,1.0,1714,0,0,0,0,0.0,4,217,1,1.0
-0.0,5,1.0,2157,0,0,0,0,0.0,5,217,1,1.0
-0.0,6,1.0,2625,0,0,0,0,0.0,6,217,1,1.0
-0.0,7,1.0,3067,0,0,0,0,0.0,7,217,1,1.0
-0.0,8,1.0,3512,0,0,0,0,0.0,8,217,1,1.0
-0.0,9,1.0,3938,0,0,0,0,0.0,9,217,1,1.0
-0.0,10,1.0,4430,0,0,0,0,0.0,10,217,1,1.0
-0.0,11,1.0,4822,0,0,0,0,0.0,11,217,1,1.0
-0.0,12,1.0,5284,0,0,0,0,0.0,12,217,1,1.0
-0.0,13,1.0,5818,0,0,0,0,0.0,13,217,1,1.0
-0.0,14,1.0,6283,0,0,0,0,0.0,14,217,1,1.0
-0.0,15,1.0,6696,0,0,0,0,0.0,15,217,1,1.0
-0.0,1,1.0,336,0,0,0,0,0.0,1,218,1,1.0
-0.0,2,1.0,661,0,0,0,0,0.0,2,218,1,1.0
-0.0,3,1.0,1063,0,0,0,0,0.3333333333333333,3,218,1,1.0
-0.0,4,1.0,1365,0,0,0,0,0.25,4,218,1,1.0
-0.0,5,1.0,1688,0,0,0,0,0.2,5,218,1,1.0
-0.0,6,1.0,1986,0,0,0,0,0.16666666666666666,6,218,1,1.0
-0.0,7,1.0,2284,0,0,0,0,0.14285714285714285,7,218,1,1.0
-0.0,8,1.0,2520,0,0,0,0,0.125,8,218,1,1.0
-0.0,9,1.0,2856,0,0,0,0,0.1111111111111111,9,218,1,1.0
-0.0,10,1.0,3127,0,0,0,0,0.1,10,218,1,1.0
-0.0,11,1.0,3463,0,0,0,0,0.09090909090909091,11,218,1,1.0
-0.0,12,1.0,3747,0,0,0,0,0.08333333333333333,12,218,1,1.0
-0.0,13,1.0,4048,0,0,0,0,0.07692307692307693,13,218,1,1.0
-0.0,14,1.0,4342,0,0,0,0,0.07142857142857142,14,218,1,1.0
-0.0,15,1.0,4686,0,0,0,0,0.06666666666666667,15,218,1,1.0
-0.0,1,1.0,664,0,0,0,0,0.0,1,219,1,1.0
0.6931471805599453,2,0.5,1349,0,0,0,0,0.0,2,219,2,0.0
1.0986122886681096,3,0.3333333333333333,2017,0,0,0,0,0.0,3,219,3,0.0
1.3862943611198906,4,0.25,2796,0,0,0,0,0.0,4,219,4,0.0
1.6094379124341005,5,0.2,3268,0,0,0,0,0.0,5,219,5,0.0
1.791759469228055,6,0.16666666666666666,4002,0,0,0,0,0.0,6,219,6,0.0
1.9459101490553132,7,0.14285714285714285,4666,0,0,0,0,0.0,7,219,7,0.0
1.9061547465398494,8,0.25,5077,0,0,0,0,0.0,8,219,7,0.125
2.0431918705451206,9,0.2222222222222222,5635,0,0,0,0,0.0,9,219,8,0.1111111111111111
2.1639556568820564,10,0.2,6418,0,0,0,0,0.0,10,219,9,0.1
2.2718685126965625,11,0.18181818181818182,6795,0,0,0,0,0.0,11,219,10,0.09090909090909091
2.3693821196946763,12,0.16666666666666666,7137,0,0,0,0,0.0,12,219,11,0.08333333333333333
2.3516733019046305,13,0.15384615384615385,7852,0,0,0,0,0.0,13,219,11,0.0
2.341994252232425,14,0.14285714285714285,8543,0,0,0,0,0.0,14,219,11,0.0
2.3383717048035724,15,0.13333333333333333,8893,0,0,0,0,0.0,15,219,11,0.0
-0.0,1,1.0,380,0,0,0,0,0.0,1,220,1,1.0
-0.0,2,1.0,657,0,0,0,0,0.0,2,220,1,1.0
-0.0,3,1.0,1051,0,0,0,0,0.0,3,220,1,1.0
0.5623351446188083,4,0.75,1388,0,0,0,0,0.0,4,220,2,0.5
0.5004024235381879,5,0.8,1771,0,0,0,0,0.0,5,220,2,0.6
0.45056120886630463,6,0.8333333333333334,2101,0,0,0,0,0.0,6,220,2,0.6666666666666666
0.410116318288409,7,0.8571428571428571,2525,0,0,0,0,0.0,7,220,2,0.7142857142857143
0.37677016125643675,8,0.875,2870,0,0,0,0,0.0,8,220,2,0.75
0.34883209584303193,9,0.8888888888888888,3172,0,0,0,0,0.0,9,220,2,0.7777777777777778
0.5004024235381879,10,0.8,3497,0,0,0,0,0.0,10,220,2,0.6
0.5859526183035508,11,0.7272727272727273,3786,0,0,0,0,0.0,11,220,2,0.45454545454545453
0.5623351446188083,12,0.75,4810,0,0,0,0,0.0,12,220,2,0.5
0.5402041423888608,13,0.7692307692307693,5081,0,0,0,0,0.0,13,220,2,0.5384615384615384
0.5982695885852573,14,0.7142857142857143,6105,0,0,0,0,0.0,14,220,2,0.42857142857142855
0.5799151714181009,15,0.7333333333333333,6418,0,0,0,0,0.0,15,220,2,0.4666666666666667
-0.0,1,1.0,411,0,0,0,0,0.0,1,221,1,1.0
-0.0,2,1.0,925,0,0,0,0,0.0,2,221,1,1.0
-0.0,3,1.0,1440,0,0,0,0,0.0,3,221,1,1.0
-0.0,4,1.0,2017,0,0,0,0,0.0,4,221,1,1.0
-0.0,5,1.0,2503,0,0,0,0,0.0,5,221,1,1.0
-0.0,6,1.0,3026,0,0,0,0,0.0,6,221,1,1.0
-0.0,7,1.0,3567,0,0,0,0,0.0,7,221,1,1.0
-0.0,8,1.0,4039,0,0,0,0,0.0,8,221,1,1.0
-0.0,9,1.0,4635,0,0,0,0,0.0,9,221,1,1.0
-0.0,10,1.0,5163,0,0,0,0,0.0,10,221,1,1.0
-0.0,11,1.0,5823,0,0,0,0,0.0,11,221,1,1.0
-0.0,12,1.0,6344,0,0,0,0,0.0,12,221,1,1.0
-0.0,13,1.0,6825,0,0,0,0,0.0,13,221,1,1.0
-0.0,14,1.0,7313,0,0,0,0,0.0,14,221,1,1.0
-0.0,15,1.0,7716,0,0,0,0,0.0,15,221,1,1.0
-0.0,1,1.0,487,1,0,0,0,0.0,1,222,1,1.0
0.6931471805599453,2,0.5,960,1,0,0,0,0.0,2,222,2,0.0
0.6365141682948128,1,0.6666666666666666,1390,0,0,0,0,0.0,3,222,2,0.3333333333333333
0.5623351446188083,2,0.75,1799,0,0,0,0,0.0,4,222,2,0.5
0.5004024235381879,3,0.8,2255,0,0,0,0,0.0,5,222,2,0.6
0.45056120886630463,4,0.8333333333333334,2669,0,0,0,0,0.0,6,222,2,0.6666666666666666
0.796311640173813,5,0.7142857142857143,2999,0,0,0,0,0.0,7,222,3,0.5714285714285714
0.7356219397587946,6,0.75,3419,0,0,0,0,0.0,8,222,3,0.625
0.6837389058487535,7,0.7777777777777778,4011,0,0,0,0,0.0,9,222,3,0.6666666666666666
0.9404479886553263,8,0.7,5035,0,0,0,0,0.0,10,222,4,0.6
0.8855741515766717,9,0.7272727272727273,5514,0,0,0,0,0.0,11,222,4,0.6363636363636364
1.0986122886681098,10,0.6666666666666666,6115,0,0,0,0,0.0,12,222,5,0.5833333333333334
1.0437938808441543,11,0.6923076923076923,6580,0,0,0,0,0.0,13,222,5,0.6153846153846154
1.2265558156134033,12,0.6428571428571429,7182,0,0,0,0,0.0,14,222,6,0.5714285714285714
1.297295830625819,13,0.6,7685,0,0,0,0,0.0,15,222,6,0.4666666666666667
-0.0,1,1.0,317,0,0,0,0,0.0,1,223,1,1.0
-0.0,2,1.0,661,0,0,0,0,0.0,2,223,1,1.0
-0.0,3,1.0,1039,0,0,0,0,0.0,3,223,1,1.0
-0.0,4,1.0,1346,0,0,0,0,0.0,4,223,1,1.0
-0.0,5,1.0,1624,0,0,0,0,0.0,5,223,1,1.0
-0.0,6,1.0,1993,0,0,0,0,0.0,6,223,1,1.0
0.410116318288409,7,0.8571428571428571,2445,0,0,0,0,0.0,7,223,2,0.7142857142857143
0.37677016125643675,8,0.875,2878,0,0,0,0,0.0,8,223,2,0.75
0.34883209584303193,9,0.8888888888888888,3230,0,0,0,0,0.0,9,223,2,0.7777777777777778
0.3250829733914482,10,0.9,3587,0,0,0,0,0.0,10,223,2,0.8
0.30463609734923813,11,0.9090909090909091,3982,0,0,0,0,0.0,11,223,2,0.8181818181818182
0.2868359830561607,12,0.9166666666666666,4364,0,0,0,0,0.0,12,223,2,0.8333333333333334
0.2711893730418441,13,0.9230769230769231,4783,0,0,0,0,0.0,13,223,2,0.8461538461538461
0.25731864054383163,14,0.9285714285714286,5113,0,0,0,0,0.0,14,223,2,0.8571428571428571
0.48509409130221154,15,0.8666666666666667,5487,0,0,0,0,0.0,15,223,3,0.8
-0.0,1,1.0,807,0,0,0,0,0.0,1,224,1,1.0
-0.0,2,1.0,1831,0,0,0,0,0.5,2,224,1,1.0
-0.0,3,1.0,2716,0,0,0,0,0.3333333333333333,3,224,1,1.0
0.6365141682948128,4,0.6666666666666666,3341,0,0,0,0,0.25,4,224,2,0.3333333333333333
0.6365141682948128,5,0.6666666666666666,4365,0,0,0,0,0.4,5,224,2,0.3333333333333333
0.5623351446188083,6,0.75,5181,0,0,0,0,0.3333333333333333,6,224,2,0.5
0.9502705392332347,7,0.6,5679,0,0,0,0,0.2857142857142857,7,224,3,0.4
0.9502705392332347,8,0.6,6703,0,0,0,0,0.375,8,224,3,0.4
0.8675632284814612,9,0.6666666666666666,7466,0,0,0,0,0.3333333333333333,9,224,3,0.5
0.796311640173813,10,0.7142857142857143,8310,0,0,0,0,0.3,10,224,3,0.5714285714285714
0.796311640173813,11,0.7142857142857143,9334,0,0,0,0,0.36363636363636365,11,224,3,0.5714285714285714
0.7356219397587946,12,0.75,10067,0,0,0,0,0.3333333333333333,12,224,3,0.625
0.6837389058487535,13,0.7777777777777778,10737,0,0,0,0,0.3076923076923077,13,224,3,0.6666666666666666
0.9404479886553263,14,0.7,11376,0,0,0,0,0.2857142857142857,14,224,4,0.6
1.0335620542068176,15,0.6363636363636364,12132,0,0,0,0,0.26666666666666666,15,224,4,0.45454545454545453
-0.0,1,1.0,278,0,0,0,0,0.0,1,225,1,1.0
-0.0,2,1.0,540,0,0,0,0,0.0,2,225,1,1.0
-0.0,3,1.0,1034,0,0,0,0,0.0,3,225,1,1.0
-0.0,4,1.0,1359,0,0,0,0,0.0,4,225,1,1.0
-0.0,5,1.0,1618,0,0,0,0,0.0,5,225,1,1.0
-0.0,6,1.0,1877,0,0,0,0,0.0,6,225,1,1.0
-0.0,7,1.0,2143,0,0,0,0,0.0,7,225,1,1.0
-0.0,8,1.0,2585,0,0,0,0,0.0,8,225,1,1.0
-0.0,9,1.0,2853,0,0,0,0,0.0,9,225,1,1.0
-0.0,10,1.0,3127,0,0,0,0,0.0,10,225,1,1.0
-0.0,11,1.0,3386,0,0,0,0,0.0,11,225,1,1.0
-0.0,12,1.0,3937,0,0,0,0,0.0,12,225,1,1.0
-0.0,13,1.0,4252,0,0,0,0,0.0,13,225,1,1.0
-0.0,14,1.0,4562,0,0,0,0,0.0,14,225,1,1.0
-0.0,15,1.0,4869,0,0,0,0,0.0,15,225,1,1.0
-0.0,1,1.0,296,0,0,0,0,0.0,1,226,1,1.0
-0.0,2,1.0,582,0,0,0,0,0.0,2,226,1,1.0
-0.0,3,1.0,860,0,0,0,0,0.0,3,226,1,1.0
-0.0,4,1.0,1143,0,0,0,0,0.0,4,226,1,1.0
-0.0,5,1.0,1308,0,0,0,0,0.0,5,226,1,1.0
-0.0,6,1.0,1489,0,0,0,0,0.0,6,226,1,1.0
-0.0,7,1.0,1675,0,0,0,0,0.0,7,226,1,1.0
-0.0,8,1.0,1884,0,0,0,0,0.0,8,226,1,1.0
-0.0,9,1.0,2223,0,0,0,0,0.0,9,226,1,1.0
-0.0,10,1.0,2539,0,0,0,0,0.0,10,226,1,1.0
-0.0,11,1.0,2757,0,0,0,0,0.0,11,226,1,1.0
-0.0,12,1.0,3024,0,0,0,0,0.0,12,226,1,1.0
-0.0,13,1.0,3294,0,0,0,0,0.0,13,226,1,1.0
-0.0,14,1.0,3553,0,0,0,0,0.0,14,226,1,1.0
-0.0,15,1.0,3860,0,0,0,0,0.0,15,226,1,1.0
-0.0,1,1.0,286,0,0,0,0,0.0,1,227,1,1.0
-0.0,2,1.0,555,0,0,0,0,0.0,2,227,1,1.0
-0.0,3,1.0,810,0,0,0,0,0.0,3,227,1,1.0
-0.0,4,1.0,1078,0,0,0,0,0.0,4,227,1,1.0
-0.0,5,1.0,1310,0,0,0,0,0.0,5,227,1,1.0
-0.0,6,1.0,1517,0,0,0,0,0.0,6,227,1,1.0
-0.0,7,1.0,1782,0,0,0,0,0.0,7,227,1,1.0
-0.0,8,1.0,2043,0,0,0,0,0.0,8,227,1,1.0
-0.0,9,1.0,2259,0,0,0,0,0.0,9,227,1,1.0
-0.0,10,1.0,2479,0,0,0,0,0.0,10,227,1,1.0
-0.0,11,1.0,2731,0,0,0,0,0.0,11,227,1,1.0
-0.0,12,1.0,2977,0,0,0,0,0.0,12,227,1,1.0
-0.0,13,1.0,3239,0,0,0,0,0.0,13,227,1,1.0
-0.0,14,1.0,3501,0,0,0,0,0.0,14,227,1,1.0
-0.0,15,1.0,3786,0,0,0,0,0.0,15,227,1,1.0
-0.0,1,1.0,1024,1,1,1,0,0.0,1,228,1,1.0
0.6931471805599453,2,0.5,1977,1,1,1,0,0.0,2,228,2,0.0
0.6931471805599453,3,0.5,3001,1,1,1,0,0.3333333333333333,3,228,2,0.0
0.6365141682948128,1,0.6666666666666666,3948,0,0,0,0,0.25,4,228,2,0.3333333333333333
0.6365141682948128,2,0.6666666666666666,4972,0,0,0,0,0.4,5,228,2,0.3333333333333333
0.6365141682948128,3,0.6666666666666666,5996,0,0,0,0,0.5,6,228,2,0.3333333333333333
0.6365141682948128,4,0.6666666666666666,7020,0,0,0,0,0.5714285714285714,7,228,2,0.3333333333333333
1.0397207708399179,5,0.5,7787,0,0,0,0,0.5,8,228,3,0.25
1.0397207708399179,6,0.5,8811,0,0,0,0,0.5555555555555556,9,228,3,0.25
0.9502705392332347,7,0.6,9772,0,0,0,0,0.5,10,228,3,0.4
0.9502705392332347,8,0.6,10796,0,0,0,0,0.5454545454545454,11,228,3,0.4
0.9502705392332347,9,0.6,11820,0,0,0,0,0.5833333333333334,12,228,3,0.4
0.9502705392332347,10,0.6,12844,0,0,0,0,0.6153846153846154,13,228,3,0.4
0.8675632284814612,11,0.6666666666666666,13787,0,0,0,0,0.5714285714285714,14,228,3,0.5
0.8675632284814612,12,0.6666666666666666,14811,0,0,0,0,0.6,15,228,3,0.5
-0.0,1,1.0,237,0,0,0,0,0.0,1,229,1,1.0
-0.0,2,1.0,464,0,0,0,0,0.0,2,229,1,1.0
-0.0,3,1.0,715,0,0,0,0,0.0,3,229,1,1.0
-0.0,4,1.0,927,0,0,0,0,0.0,4,229,1,1.0
-0.0,5,1.0,1156,0,0,0,0,0.0,5,229,1,1.0
-0.0,6,1.0,1411,0,0,0,0,0.0,6,229,1,1.0
-0.0,7,1.0,1674,0,0,0,0,0.0,7,229,1,1.0
-0.0,8,1.0,1904,0,0,0,0,0.0,8,229,1,1.0
-0.0,9,1.0,2150,0,0,0,0,0.0,9,229,1,1.0
-0.0,10,1.0,2425,0,0,0,0,0.0,10,229,1,1.0
-0.0,11,1.0,2659,0,0,0,0,0.0,11,229,1,1.0
-0.0,12,1.0,2875,0,0,0,0,0.0,12,229,1,1.0
-0.0,13,1.0,3116,0,0,0,0,0.0,13,229,1,1.0
-0.0,14,1.0,3362,0,0,0,0,0.0,14,229,1,1.0
-0.0,15,1.0,3616,0,0,0,0,0.0,15,229,1,1.0
-0.0,1,1.0,773,0,0,0,0,0.0,1,230,1,1.0
-0.0,2,1.0,1797,0,0,0,0,0.0,2,230,1,1.0
-0.0,3,1.0,2684,0,0,0,0,0.0,3,230,1,1.0
-0.0,4,1.0,3533,0,0,0,0,0.0,4,230,1,1.0
-0.0,5,1.0,4240,0,0,0,0,0.0,5,230,1,1.0
-0.0,6,1.0,4764,0,0,0,0,0.0,6,230,1,1.0
-0.0,7,1.0,5435,0,0,0,0,0.0,7,230,1,1.0
-0.0,8,1.0,6224,0,0,0,0,0.0,8,230,1,1.0
-0.0,9,1.0,7223,0,0,0,0,0.0,9,230,1,1.0
-0.0,10,1.0,7680,0,0,0,0,0.0,10,230,1,1.0
-0.0,11,1.0,8198,0,0,0,0,0.0,11,230,1,1.0
-0.0,12,1.0,8850,0,0,0,0,0.0,12,230,1,1.0
-0.0,13,1.0,9780,0,0,0,0,0.0,13,230,1,1.0
-0.0,14,1.0,10539,0,0,0,0,0.0,14,230,1,1.0
-0.0,15,1.0,11467,0,0,0,0,0.0,15,230,1,1.0
-0.0,1,1.0,971,0,0,0,0,0.0,1,231,1,1.0
-0.0,2,1.0,1646,0,0,0,0,0.0,2,231,1,1.0
-0.0,3,1.0,2438,0,0,0,0,0.0,3,231,1,1.0
-0.0,4,1.0,3192,0,0,0,0,0.0,4,231,1,1.0
-0.0,5,1.0,3875,0,0,0,0,0.0,5,231,1,1.0
-0.0,6,1.0,4773,0,0,0,0,0.0,6,231,1,1.0
-0.0,7,1.0,5540,0,0,0,0,0.0,7,231,1,1.0
-0.0,8,1.0,6333,0,0,0,0,0.0,8,231,1,1.0
-0.0,9,1.0,7270,0,0,0,0,0.0,9,231,1,1.0
-0.0,10,1.0,8104,0,0,0,0,0.0,10,231,1,1.0
-0.0,11,1.0,8812,0,0,0,0,0.0,11,231,1,1.0
-0.0,12,1.0,9521,0,0,0,0,0.0,12,231,1,1.0
-0.0,13,1.0,10362,0,0,0,0,0.0,13,231,1,1.0
-0.0,14,1.0,11133,0,0,0,0,0.0,14,231,1,1.0
-0.0,15,1.0,11883,0,0,0,0,0.0,15,231,1,1.0
-0.0,1,1.0,1024,1,1,1,0,0.0,1,232,1,1.0
0.6931471805599453,2,0.5,2048,1,1,1,0,0.0,2,232,2,0.0
1.0986122886681096,3,0.3333333333333333,2931,1,1,1,0,0.0,3,232,3,0.0
1.0397207708399179,1,0.5,3428,0,0,0,0,0.0,4,232,3,0.25
0.9502705392332347,2,0.6,4320,0,0,0,0,0.0,5,232,3,0.4
0.8675632284814612,3,0.6666666666666666,5205,0,0,0,0,0.0,6,232,3,0.5
1.1537419427010902,4,0.5714285714285714,6211,0,0,0,0,0.0,7,232,4,0.42857142857142855
1.2130075659799042,5,0.5,7003,0,0,0,0,0.0,8,232,4,0.25
1.2730283365896256,6,0.4444444444444444,7672,0,0,0,0,0.0,9,232,4,0.2222222222222222
1.2206072645530175,7,0.5,8629,0,0,0,0,0.0,10,232,4,0.3
1.1685184057430877,8,0.5454545454545454,9276,0,0,0,0,0.0,11,232,4,0.36363636363636365
1.1187433359857524,9,0.5833333333333334,10003,0,0,0,0,0.0,12,232,4,0.4166666666666667
1.072016968563193,10,0.6153846153846154,10696,0,0,0,0,0.0,13,232,4,0.46153846153846156
1.0285137640248474,11,0.6428571428571429,11562,0,0,0,0,0.0,14,232,4,0.5
1.0775733728921972,12,0.6,12490,0,0,0,0,0.0,15,232,4,0.4
-0.0,1,1.0,463,0,0,0,0,0.0,1,233,1,1.0
-0.0,2,1.0,972,0,0,0,0,0.0,2,233,1,1.0
-0.0,3,1.0,1450,0,0,0,0,0.0,3,233,1,1.0
-0.0,4,1.0,1900,0,0,0,0,0.0,4,233,1,1.0
-0.0,5,1.0,2382,0,0,0,0,0.0,5,233,1,1.0
-0.0,6,1.0,2862,0,0,0,0,0.0,6,233,1,1.0
-0.0,7,1.0,3302,0,0,0,0,0.0,7,233,1,1.0
-0.0,8,1.0,3756,0,0,0,0,0.0,8,233,1,1.0
-0.0,9,1.0,4191,0,0,0,0,0.0,9,233,1,1.0
-0.0,10,1.0,4648,0,0,0,0,0.0,10,233,1,1.0
-0.0,11,1.0,5135,0,0,0,0,0.0,11,233,1,1.0
-0.0,12,1.0,5576,0,0,0,0,0.0,12,233,1,1.0
-0.0,13,1.0,6079,0,0,0,0,0.0,13,233,1,1.0
-0.0,14,1.0,6534,0,0,0,0,0.0,14,233,1,1.0
-0.0,15,1.0,7027,0,0,0,0,0.0,15,233,1,1.0
-0.0,1,1.0,337,1,1,1,0,0.0,1,234,1,1.0
-0.0,2,1.0,651,1,1,1,0,0.0,2,234,1,1.0
0.6365141682948128,3,0.6666666666666666,1169,1,1,1,0,0.0,3,234,2,0.3333333333333333
0.6931471805599453,4,0.5,1586,1,1,1,0,0.0,4,234,2,0.0
0.6730116670092565,1,0.6,2109,0,0,0,0,0.0,5,234,2,0.2
0.6365141682948128,2,0.6666666666666666,2637,0,0,0,0,0.0,6,234,2,0.3333333333333333
0.5982695885852573,3,0.7142857142857143,3135,0,0,0,0,0.0,7,234,2,0.42857142857142855
0.5623351446188083,4,0.75,3634,0,0,0,0,0.0,8,234,2,0.5
0.6365141682948128,5,0.6666666666666666,3927,0,0,0,0,0.0,9,234,2,0.3333333333333333
0.6108643020548935,6,0.7,4540,0,0,0,0,0.0,10,234,2,0.4
0.5859526183035508,7,0.7272727272727273,4925,0,0,0,0,0.0,11,234,2,0.45454545454545453
0.5623351446188083,8,0.75,5407,0,0,0,0,0.0,12,234,2,0.5
0.5402041423888608,9,0.7692307692307693,5926,0,0,0,0,0.0,13,234,2,0.5384615384615384
0.5195798391305154,10,0.7857142857142857,6475,0,0,0,0,0.0,14,234,2,0.5714285714285714
0.5004024235381879,11,0.8,6990,0,0,0,0,0.0,15,234,2,0.6
-0.0,1,1.0,632,0,0,0,0,0.0,1,235,1,1.0
-0.0,2,1.0,1208,0,0,0,0,0.0,2,235,1,1.0
-0.0,3,1.0,1753,0,0,0,0,0.0,3,235,1,1.0
-0.0,4,1.0,2374,0,0,0,0,0.0,4,235,1,1.0
-0.0,5,1.0,2987,0,0,0,0,0.0,5,235,1,1.0
-0.0,6,1.0,3528,0,0,0,0,0.0,6,235,1,1.0
-0.0,7,1.0,4234,0,0,0,0,0.0,7,235,1,1.0
-0.0,8,1.0,4850,0,0,0,0,0.0,8,235,1,1.0
-0.0,9,1.0,5442,0,0,0,0,0.0,9,235,1,1.0
-0.0,10,1.0,6056,0,0,0,0,0.0,10,235,1,1.0
-0.0,11,1.0,6644,0,0,0,0,0.0,11,235,1,1.0
-0.0,12,1.0,7247,0,0,0,0,0.0,12,235,1,1.0
-0.0,13,1.0,7805,0,0,0,0,0.0,13,235,1,1.0
-0.0,14,1.0,8380,0,0,0,0,0.0,14,235,1,1.0
-0.0,15,1.0,8950,0,0,0,0,0.0,15,235,1,1.0
-0.0,1,1.0,415,1,0,0,0,0.0,1,236,1,1.0
0.6931471805599453,2,0.5,949,1,0,0,0,0.0,2,236,2,0.0
0.6931471805599453,3,0.5,1973,1,0,0,0,0.3333333333333333,3,236,2,0.0
0.6931471805599453,4,0.5,2997,1,0,0,0,0.5,4,236,2,0.0
1.0986122886681096,5,0.3333333333333333,3680,1,0,0,0,0.4,5,236,3,0.0
1.3862943611198906,6,0.25,4631,1,0,0,0,0.3333333333333333,6,236,4,0.0
1.6094379124341005,7,0.2,5496,1,0,0,0,0.2857142857142857,7,236,5,0.0
1.6094379124341005,8,0.2,6520,1,0,0,0,0.375,8,236,5,0.0
1.5607104090414063,1,0.3333333333333333,7232,1,1,0,1,0.3333333333333333,9,236,5,0.16666666666666666
1.5498260458782016,1,0.2857142857142857,8218,0,0,0,0,0.3,10,236,5,0.0
1.5498260458782016,2,0.2857142857142857,9242,0,0,0,0,0.36363636363636365,11,236,5,0.0
1.732867951399863,3,0.25,9971,0,0,0,0,0.3333333333333333,12,236,6,0.0
1.7351264569629226,1,0.2222222222222222,10688,1,0,0,0,0.3076923076923077,13,236,6,0.0
1.6957425341696346,1,0.3,11712,1,1,0,1,0.2857142857142857,14,236,6,0.1
1.7201934592198251,2,0.2727272727272727,12327,1,1,0,1,0.26666666666666666,15,236,6,0.09090909090909091
-0.0,1,1.0,375,0,0,0,0,0.0,1,237,1,1.0
-0.0,2,1.0,1399,0,0,0,0,0.0,2,237,1,1.0
-0.0,3,1.0,2423,0,0,0,0,0.0,3,237,1,1.0
-0.0,4,1.0,2839,0,0,0,0,0.0,4,237,1,1.0
-0.0,5,1.0,3411,0,0,0,0,0.0,5,237,1,1.0
-0.0,6,1.0,3832,0,0,0,0,0.0,6,237,1,1.0
0.410116318288409,7,0.8571428571428571,4537,0,0,0,0,0.0,7,237,2,0.7142857142857143
0.37677016125643675,8,0.875,5080,0,0,0,0,0.0,8,237,2,0.75
0.34883209584303193,9,0.8888888888888888,5523,0,0,0,0,0.0,9,237,2,0.7777777777777778
0.3250829733914482,10,0.9,5963,0,0,0,0,0.0,10,237,2,0.8
0.30463609734923813,11,0.9090909090909091,6545,0,0,0,0,0.0,11,237,2,0.8181818181818182
0.2868359830561607,12,0.9166666666666666,6977,0,0,0,0,0.0,12,237,2,0.8333333333333334
0.2711893730418441,13,0.9230769230769231,7399,0,0,0,0,0.0,13,237,2,0.8461538461538461
0.25731864054383163,14,0.9285714285714286,8024,0,0,0,0,0.0,14,237,2,0.8571428571428571
0.24493002679463532,15,0.9333333333333333,9048,0,0,0,0,0.0,15,237,2,0.8666666666666667
-0.0,1,1.0,451,0,0,0,0,0.0,1,238,1,1.0
-0.0,2,1.0,909,0,0,0,0,0.0,2,238,1,1.0
-0.0,3,1.0,1360,0,0,0,0,0.0,3,238,1,1.0
-0.0,4,1.0,1740,0,0,0,0,0.0,4,238,1,1.0
-0.0,5,1.0,2208,0,0,0,0,0.0,5,238,1,1.0
-0.0,6,1.0,2682,0,0,0,0,0.0,6,238,1,1.0
-0.0,7,1.0,3187,0,0,0,0,0.0,7,238,1,1.0
-0.0,8,1.0,3852,0,0,0,0,0.0,8,238,1,1.0
-0.0,9,1.0,4274,0,0,0,0,0.0,9,238,1,1.0
-0.0,10,1.0,4819,0,0,0,0,0.0,10,238,1,1.0
-0.0,11,1.0,5178,0,0,0,0,0.0,11,238,1,1.0
-0.0,12,1.0,5657,0,0,0,0,0.0,12,238,1,1.0
-0.0,13,1.0,6344,0,0,0,0,0.0,13,238,1,1.0
-0.0,14,1.0,6755,0,0,0,0,0.0,14,238,1,1.0
-0.0,15,1.0,7227,0,0,0,0,0.0,15,238,1,1.0
,0,,1024,0,0,0,0,1.0,1,239,0,
,0,,2048,0,0,0,0,1.0,2,239,0,
,0,,3072,0,0,0,0,1.0,3,239,0,
,0,,4096,0,0,0,0,1.0,4,239,0,
,0,,5120,0,0,0,0,1.0,5,239,0,
,0,,6144,0,0,0,0,1.0,6,239,0,
,0,,7168,0,0,0,0,1.0,7,239,0,
,0,,8192,0,0,0,0,1.0,8,239,0,
,0,,9216,0,0,0,0,1.0,9,239,0,
,0,,10240,0,0,0,0,1.0,10,239,0,
,0,,11264,0,0,0,0,1.0,11,239,0,
,0,,12288,0,0,0,0,1.0,12,239,0,
,0,,13312,0,0,0,0,1.0,13,239,0,
,0,,14336,0,0,0,0,1.0,14,239,0,
,0,,15360,0,0,0,0,1.0,15,239,0,
-0.0,1,1.0,621,1,0,0,0,0.0,1,240,1,1.0
0.6931471805599453,2,0.5,1295,1,0,0,0,0.0,2,240,2,0.0
1.0986122886681096,3,0.3333333333333333,1734,1,0,0,0,0.0,3,240,3,0.0
1.3862943611198906,4,0.25,2035,1,0,0,0,0.0,4,240,4,0.0
1.6094379124341005,5,0.2,2516,1,0,0,0,0.0,5,240,5,0.0
1.5607104090414063,1,0.3333333333333333,2905,0,0,0,0,0.0,6,240,5,0.16666666666666666
1.4750763110546947,2,0.42857142857142855,3121,0,0,0,0,0.0,7,240,5,0.2857142857142857
1.3862943611198906,3,0.5,3537,0,0,0,0,0.0,8,240,5,0.375
1.303092403761719,4,0.5555555555555556,3873,0,0,0,0,0.0,9,240,5,0.4444444444444444
1.4978661367769954,5,0.5,4208,0,0,0,0,0.0,10,240,6,0.4
1.666332585328325,6,0.45454545454545453,4508,0,0,0,0,0.0,11,240,7,0.36363636363636365
1.5890269151739729,7,0.5,4867,0,0,0,0,0.0,12,240,7,0.4166666666666667
1.5171515848932913,8,0.5384615384615384,5458,0,0,0,0,0.0,13,240,7,0.46153846153846156
1.4508050200839238,9,0.5714285714285714,5878,0,0,0,0,0.0,14,240,7,0.5
1.5065950881316383,10,0.5333333333333333,6215,0,0,0,0,0.0,15,240,7,0.4
-0.0,1,1.0,809,0,0,0,0,0.0,1,241,1,1.0
-0.0,2,1.0,1603,0,0,0,0,0.0,2,241,1,1.0
-0.0,3,1.0,2453,0,0,0,0,0.0,3,241,1,1.0
-0.0,4,1.0,3404,0,0,0,0,0.0,4,241,1,1.0
-0.0,5,1.0,4278,0,0,0,0,0.0,5,241,1,1.0
-0.0,6,1.0,5079,0,0,0,0,0.0,6,241,1,1.0
-0.0,7,1.0,5966,0,0,0,0,0.0,7,241,1,1.0
-0.0,8,1.0,6765,0,0,0,0,0.0,8,241,1,1.0
-0.0,9,1.0,7398,0,0,0,0,0.0,9,241,1,1.0
-0.0,10,1.0,8154,0,0,0,0,0.0,10,241,1,1.0
-0.0,11,1.0,8958,0,0,0,0,0.0,11,241,1,1.0
-0.0,12,1.0,9746,0,0,0,0,0.0,12,241,1,1.0
-0.0,13,1.0,10548,0,0,0,0,0.0,13,241,1,1.0
-0.0,14,1.0,11354,0,0,0,0,0.0,14,241,1,1.0
-0.0,15,1.0,12129,0,0,0,0,0.0,15,241,1,1.0
-0.0,1,1.0,662,1,0,0,0,0.0,1,242,1,1.0
0.6931471805599453,2,0.5,1176,1,0,0,0,0.0,2,242,2,0.0
0.6365141682948128,1,0.6666666666666666,1645,0,0,0,0,0.0,3,242,2,0.3333333333333333
1.0397207708399179,2,0.5,2069,0,0,0,0,0.0,4,242,3,0.25
0.9502705392332347,3,0.6,2581,0,0,0,0,0.0,5,242,3,0.4
0.8675632284814612,4,0.6666666666666666,3020,0,0,0,0,0.0,6,242,3,0.5
1.1537419427010902,5,0.5714285714285714,3443,0,0,0,0,0.0,7,242,4,0.42857142857142855
1.073542846408523,6,0.625,3915,0,0,0,0,0.0,8,242,4,0.5
1.0027182645175161,7,0.6666666666666666,4343,0,0,0,0,0.0,9,242,4,0.5555555555555556
0.9404479886553263,8,0.7,5002,0,0,0,0,0.0,10,242,4,0.6
0.8855741515766717,9,0.7272727272727273,5579,0,0,0,0,0.0,11,242,4,0.6363636363636364
0.8369882167858358,10,0.75,6034,0,0,0,0,0.0,12,242,4,0.6666666666666666
0.7937300551584248,11,0.7692307692307693,6555,0,0,0,0,0.0,13,242,4,0.6923076923076923
0.7549967581308246,12,0.7857142857142857,7061,0,0,0,0,0.0,14,242,4,0.7142857142857143
0.7201248812718097,13,0.8,7595,0,0,0,0,0.0,15,242,4,0.7333333333333333
-0.0,1,1.0,306,0,0,0,0,0.0,1,243,1,1.0
-0.0,2,1.0,578,0,0,0,0,0.0,2,243,1,1.0
-0.0,3,1.0,860,0,0,0,0,0.0,3,243,1,1.0
-0.0,4,1.0,1134,0,0,0,0,0.0,4,243,1,1.0
-0.0,5,1.0,1430,0,0,0,0,0.0,5,243,1,1.0
-0.0,6,1.0,1780,0,0,0,0,0.0,6,243,1,1.0
-0.0,7,1.0,2076,0,0,0,0,0.0,7,243,1,1.0
-0.0,8,1.0,2363,0,0,0,0,0.0,8,243,1,1.0
-0.0,9,1.0,2636,0,0,0,0,0.0,9,243,1,1.0
-0.0,10,1.0,2893,0,0,0,0,0.0,10,243,1,1.0
-0.0,11,1.0,3171,0,0,0,0,0.0,11,243,1,1.0
-0.0,12,1.0,3413,0,0,0,0,0.0,12,243,1,1.0
-0.0,13,1.0,3697,0,0,0,0,0.0,13,243,1,1.0
-0.0,14,1.0,4042,0,0,0,0,0.0,14,243,1,1.0
-0.0,15,1.0,4339,0,0,0,0,0.0,15,243,1,1.0
-0.0,1,1.0,683,0,0,0,0,0.0,1,244,1,1.0
-0.0,2,1.0,1518,0,0,0,0,0.0,2,244,1,1.0
-0.0,3,1.0,2408,0,0,0,0,0.0,3,244,1,1.0
-0.0,4,1.0,3078,0,0,0,0,0.0,4,244,1,1.0
-0.0,5,1.0,4014,0,0,0,0,0.0,5,244,1,1.0
-0.0,6,1.0,4638,0,0,0,0,0.0,6,244,1,1.0
-0.0,7,1.0,5648,0,0,0,0,0.0,7,244,1,1.0
-0.0,8,1.0,6506,0,0,0,0,0.0,8,244,1,1.0
-0.0,9,1.0,7510,0,0,0,0,0.0,9,244,1,1.0
-0.0,10,1.0,8329,0,0,0,0,0.0,10,244,1,1.0
-0.0,11,1.0,9192,0,0,0,0,0.0,11,244,1,1.0
-0.0,12,1.0,10195,0,0,0,0,0.0,12,244,1,1.0
-0.0,13,1.0,10814,0,0,0,0,0.0,13,244,1,1.0
-0.0,14,1.0,11619,0,0,0,0,0.0,14,244,1,1.0
-0.0,15,1.0,12551,0,0,0,0,0.0,15,244,1,1.0
-0.0,1,1.0,1014,1,0,0,0,0.0,1,245,1,1.0
0.6931471805599453,2,0.5,2023,1,0,0,0,0.0,2,245,2,0.0
1.0986122886681096,3,0.3333333333333333,2925,1,0,0,0,0.0,3,245,3,0.0
1.3862943611198906,4,0.25,3949,1,0,0,0,0.0,4,245,4,0.0
1.6094379124341005,5,0.2,4973,1,0,0,0,0.0,5,245,5,0.0
1.791759469228055,6,0.16666666666666666,5830,1,0,0,0,0.0,6,245,6,0.0
1.9459101490553132,7,0.14285714285714285,6749,1,0,0,0,0.0,7,245,7,0.0
2.0794415416798357,8,0.125,7673,1,0,0,0,0.0,8,245,8,0.0
2.1972245773362196,9,0.1111111111111111,8447,1,0,0,0,0.0,9,245,9,0.0
2.1972245773362196,10,0.1111111111111111,9471,1,0,0,0,0.1,10,245,9,0.0
2.1639556568820564,1,0.2,10252,0,0,0,0,0.09090909090909091,11,245,9,0.1
2.1639556568820564,2,0.2,11276,0,0,0,0,0.16666666666666666,12,245,9,0.1
2.2718685126965625,3,0.18181818181818182,12137,0,0,0,0,0.15384615384615385,13,245,10,0.09090909090909091
2.3693821196946763,4,0.16666666666666666,13122,0,0,0,0,0.14285714285714285,14,245,11,0.08333333333333333
2.4583113296830836,5,0.15384615384615385,14146,0,0,0,0,0.13333333333333333,15,245,12,0.07692307692307693
-0.0,1,1.0,283,0,0,0,0,0.0,1,246,1,1.0
-0.0,2,1.0,578,0,0,0,0,0.0,2,246,1,1.0
0.6365141682948128,3,0.6666666666666666,763,0,0,0,0,0.0,3,246,2,0.3333333333333333
0.5623351446188083,4,0.75,1065,0,0,0,0,0.0,4,246,2,0.5
0.9502705392332347,5,0.6,1387,0,0,0,0,0.0,5,246,3,0.4
0.8675632284814612,6,0.6666666666666666,1572,0,0,0,0,0.0,6,246,3,0.5
0.796311640173813,7,0.7142857142857143,1877,0,0,0,0,0.0,7,246,3,0.5714285714285714
0.9002560512685369,8,0.625,2044,0,0,0,0,0.0,8,246,3,0.375
0.936888307539016,9,0.5555555555555556,2316,0,0,0,0,0.0,9,246,3,0.2222222222222222
1.0296530140645737,10,0.5,2544,0,0,0,0,0.0,10,246,3,0.2
1.0670895187820832,11,0.45454545454545453,2936,0,0,0,0,0.0,11,246,3,0.18181818181818182
1.2650013752730702,12,0.4166666666666667,3329,0,0,0,0,0.0,12,246,4,0.16666666666666666
1.2658567518727373,13,0.38461538461538464,3439,0,0,0,0,0.0,13,246,4,0.07692307692307693
1.4327570529970877,14,0.35714285714285715,3721,0,0,0,0,0.0,14,246,5,0.07142857142857142
1.415369135079188,15,0.3333333333333333,3881,0,0,0,0,0.0,15,246,5,0.0
-0.0,1,1.0,515,0,0,0,0,0.0,1,247,1,1.0
-0.0,2,1.0,1030,0,0,0,0,0.0,2,247,1,1.0
-0.0,3,1.0,1606,0,0,0,0,0.0,3,247,1,1.0
-0.0,4,1.0,2093,0,0,0,0,0.0,4,247,1,1.0
-0.0,5,1.0,2548,0,0,0,0,0.0,5,247,1,1.0
-0.0,6,1.0,3155,0,0,0,0,0.0,6,247,1,1.0
-0.0,7,1.0,3716,0,0,0,0,0.0,7,247,1,1.0
-0.0,8,1.0,4212,0,0,0,0,0.0,8,247,1,1.0
-0.0,9,1.0,4710,0,0,0,0,0.0,9,247,1,1.0
-0.0,10,1.0,5273,0,0,0,0,0.0,10,247,1,1.0
-0.0,11,1.0,5834,0,0,0,0,0.0,11,247,1,1.0
-0.0,12,1.0,6339,0,0,0,0,0.0,12,247,1,1.0
-0.0,13,1.0,6899,0,0,0,0,0.0,13,247,1,1.0
-0.0,14,1.0,7407,0,0,0,0,0.0,14,247,1,1.0
-0.0,15,1.0,7913,0,0,0,0,0.0,15,247,1,1.0
,0,,1024,0,0,0,0,1.0,1,248,0,
,0,,2048,0,0,0,0,1.0,2,248,0,
,0,,3072,0,0,0,0,1.0,3,248,0,
,0,,4096,0,0,0,0,1.0,4,248,0,
,0,,5120,0,0,0,0,1.0,5,248,0,
,0,,6144,0,0,0,0,1.0,6,248,0,
,0,,7168,0,0,0,0,1.0,7,248,0,
,0,,8192,0,0,0,0,1.0,8,248,0,
,0,,9216,0,0,0,0,1.0,9,248,0,
,0,,10240,0,0,0,0,1.0,10,248,0,
,0,,11264,0,0,0,0,1.0,11,248,0,
,0,,12288,0,0,0,0,1.0,12,248,0,
,0,,13312,0,0,0,0,1.0,13,248,0,
,0,,14336,0,0,0,0,1.0,14,248,0,
,0,,15360,0,0,0,0,1.0,15,248,0,
-0.0,1,1.0,1024,1,0,0,0,0.0,1,249,1,1.0
-0.0,2,1.0,2048,1,0,0,0,0.5,2,249,1,1.0
0.6931471805599453,3,0.5,2775,1,0,0,0,0.3333333333333333,3,249,2,0.0
0.6365141682948128,1,0.6666666666666666,3547,0,0,0,0,0.25,4,249,2,0.3333333333333333
1.0397207708399179,2,0.5,4066,0,0,0,0,0.2,5,249,3,0.25
1.0549201679861442,3,0.4,5011,0,0,0,0,0.16666666666666666,6,249,3,0.0
1.0114042647073518,4,0.5,5760,0,0,0,0,0.14285714285714285,7,249,3,0.16666666666666666
1.0114042647073518,5,0.5,6784,0,0,0,0,0.25,8,249,3,0.16666666666666666
0.9556998911125343,6,0.5714285714285714,7547,0,0,0,0,0.2222222222222222,9,249,3,0.2857142857142857
0.9743147528693494,7,0.5,8571,0,0,0,0,0.2,10,249,3,0.125
1.2148896539491203,8,0.4444444444444444,9587,0,0,0,0,0.18181818181818182,11,249,4,0.1111111111111111
1.1935496040981333,9,0.4,10416,0,0,0,0,0.16666666666666666,12,249,4,0.0
1.3896811919839047,10,0.36363636363636365,11295,0,0,0,0,0.15384615384615385,13,249,5,0.0
1.3896811919839047,11,0.36363636363636365,12319,0,0,0,0,0.21428571428571427,14,249,5,0.0
1.3522093992338282,12,0.4166666666666667,13107,0,0,0,0,0.2,15,249,5,0.08333333333333333
-0.0,1,1.0,619,0,0,0,0,0.0,1,250,1,1.0
-0.0,2,1.0,1237,0,0,0,0,0.0,2,250,1,1.0
-0.0,3,1.0,1863,0,0,0,0,0.0,3,250,1,1.0
-0.0,4,1.0,2559,0,0,0,0,0.0,4,250,1,1.0
-0.0,5,1.0,3210,0,0,0,0,0.0,5,250,1,1.0
-0.0,6,1.0,3835,0,0,0,0,0.0,6,250,1,1.0
-0.0,7,1.0,4394,0,0,0,0,0.0,7,250,1,1.0
-0.0,8,1.0,5012,0,0,0,0,0.0,8,250,1,1.0
-0.0,9,1.0,5606,0,0,0,0,0.0,9,250,1,1.0
-0.0,10,1.0,6137,0,0,0,0,0.0,10,250,1,1.0
-0.0,11,1.0,6824,0,0,0,0,0.0,11,250,1,1.0
-0.0,12,1.0,7499,0,0,0,0,0.0,12,250,1,1.0
-0.0,13,1.0,8033,0,0,0,0,0.0,13,250,1,1.0
-0.0,14,1.0,8684,0,0,0,0,0.0,14,250,1,1.0
-0.0,15,1.0,9248,0,0,0,0,0.0,15,250,1,1.0
-0.0,1,1.0,486,0,0,0,0,0.0,1,251,1,1.0
-0.0,2,1.0,1007,0,0,0,0,0.0,2,251,1,1.0
-0.0,3,1.0,2031,0,0,0,0,0.0,3,251,1,1.0
-0.0,4,1.0,2500,0,0,0,0,0.0,4,251,1,1.0
-0.0,5,1.0,3344,0,0,0,0,0.0,5,251,1,1.0
-0.0,6,1.0,3813,0,0,0,0,0.0,6,251,1,1.0
-0.0,7,1.0,4364,0,0,0,0,0.0,7,251,1,1.0
-0.0,8,1.0,5388,0,0,0,0,0.0,8,251,1,1.0
-0.0,9,1.0,5818,0,0,0,0,0.0,9,251,1,1.0
-0.0,10,1.0,6110,0,0,0,0,0.0,10,251,1,1.0
-0.0,11,1.0,6549,0,0,0,0,0.0,11,251,1,1.0
-0.0,12,1.0,7573,0,0,0,0,0.0,12,251,1,1.0
-0.0,13,1.0,7858,0,0,0,0,0.0,13,251,1,1.0
-0.0,14,1.0,8267,0,0,0,0,0.0,14,251,1,1.0
-0.0,15,1.0,8711,0,0,0,0,0.0,15,251,1,1.0
-0.0,1,1.0,692,0,0,0,0,0.0,1,252,1,1.0
-0.0,2,1.0,1166,0,0,0,0,0.0,2,252,1,1.0
-0.0,3,1.0,1656,0,0,0,0,0.0,3,252,1,1.0
-0.0,4,1.0,2214,0,0,0,0,0.0,4,252,1,1.0
-0.0,5,1.0,2937,0,0,0,0,0.0,5,252,1,1.0
-0.0,6,1.0,3538,0,0,0,0,0.0,6,252,1,1.0
-0.0,7,1.0,3982,0,0,0,0,0.0,7,252,1,1.0
-0.0,8,1.0,4496,0,0,0,0,0.0,8,252,1,1.0
-0.0,9,1.0,4940,0,0,0,0,0.0,9,252,1,1.0
-0.0,10,1.0,5662,0,0,0,0,0.0,10,252,1,1.0
-0.0,11,1.0,6038,0,0,0,0,0.0,11,252,1,1.0
-0.0,12,1.0,6455,0,0,0,0,0.0,12,252,1,1.0
-0.0,13,1.0,6943,0,0,0,0,0.0,13,252,1,1.0
-0.0,14,1.0,7569,0,0,0,0,0.0,14,252,1,1.0
-0.0,15,1.0,8061,0,0,0,0,0.0,15,252,1,1.0
-0.0,1,1.0,239,0,0,0,0,0.0,1,253,1,1.0
-0.0,2,1.0,494,0,0,0,0,0.0,2,253,1,1.0
-0.0,3,1.0,690,0,0,0,0,0.0,3,253,1,1.0
-0.0,4,1.0,906,0,0,0,0,0.0,4,253,1,1.0
-0.0,5,1.0,1104,0,0,0,0,0.0,5,253,1,1.0
-0.0,6,1.0,1354,0,0,0,0,0.0,6,253,1,1.0
-0.0,7,1.0,1600,0,0,0,0,0.0,7,253,1,1.0
-0.0,8,1.0,1840,0,0,0,0,0.0,8,253,1,1.0
-0.0,9,1.0,2056,0,0,0,0,0.0,9,253,1,1.0
-0.0,10,1.0,2273,0,0,0,0,0.0,10,253,1,1.0
-0.0,11,1.0,2518,0,0,0,0,0.0,11,253,1,1.0
-0.0,12,1.0,2717,0,0,0,0,0.0,12,253,1,1.0
-0.0,13,1.0,2952,0,0,0,0,0.0,13,253,1,1.0
-0.0,14,1.0,3156,0,0,0,0,0.0,14,253,1,1.0
-0.0,15,1.0,3374,0,0,0,0,0.0,15,253,1,1.0
-0.0,1,1.0,507,0,0,0,0,0.0,1,254,1,1.0
-0.0,2,1.0,893,0,0,0,0,0.0,2,254,1,1.0
-0.0,3,1.0,1275,0,0,0,0,0.0,3,254,1,1.0
-0.0,4,1.0,1702,0,0,0,0,0.0,4,254,1,1.0
-0.0,5,1.0,2091,0,0,0,0,0.0,5,254,1,1.0
-0.0,6,1.0,2483,0,0,0,0,0.0,6,254,1,1.0
-0.0,7,1.0,2864,0,0,0,0,0.0,7,254,1,1.0
-0.0,8,1.0,3297,0,0,0,0,0.0,8,254,1,1.0
-0.0,9,1.0,3730,0,0,0,0,0.0,9,254,1,1.0
-0.0,10,1.0,4106,0,0,0,0,0.0,10,254,1,1.0
-0.0,11,1.0,4479,0,0,0,0,0.0,11,254,1,1.0
-0.0,12,1.0,4842,0,0,0,0,0.0,12,254,1,1.0
-0.0,13,1.0,5285,0,0,0,0,0.0,13,254,1,1.0
-0.0,14,1.0,5647,0,0,0,0,0.0,14,254,1,1.0
-0.0,15,1.0,6066,0,0,0,0,0.0,15,254,1,1.0
-0.0,1,1.0,298,0,0,0,0,0.0,1,255,1,1.0
-0.0,2,1.0,711,0,0,0,0,0.0,2,255,1,1.0
-0.0,3,1.0,1024,0,0,0,0,0.0,3,255,1,1.0
-0.0,4,1.0,1400,0,0,0,0,0.0,4,255,1,1.0
-0.0,5,1.0,1701,0,0,0,0,0.0,5,255,1,1.0
-0.0,6,1.0,1955,0,0,0,0,0.0,6,255,1,1.0
-0.0,7,1.0,2397,0,0,0,0,0.0,7,255,1,1.0
-0.0,8,1.0,3087,0,0,0,0,0.0,8,255,1,1.0
-0.0,9,1.0,3416,0,0,0,0,0.0,9,255,1,1.0
-0.0,10,1.0,3820,0,0,0,0,0.0,10,255,1,1.0
-0.0,11,1.0,4196,0,0,0,0,0.0,11,255,1,1.0
-0.0,12,1.0,4569,0,0,0,0,0.0,12,255,1,1.0
-0.0,13,1.0,4877,0,0,0,0,0.0,13,255,1,1.0
-0.0,14,1.0,5269,0,0,0,0,0.0,14,255,1,1.0
-0.0,15,1.0,5626,0,0,0,0,0.0,15,255,1,1.0
-0.0,1,1.0,394,0,0,0,0,0.0,1,256,1,1.0
-0.0,2,1.0,826,0,0,0,0,0.0,2,256,1,1.0
-0.0,3,1.0,1172,0,0,0,0,0.0,3,256,1,1.0
-0.0,4,1.0,1600,0,0,0,0,0.0,4,256,1,1.0
-0.0,5,1.0,2029,0,0,0,0,0.0,5,256,1,1.0
-0.0,6,1.0,2420,0,0,0,0,0.0,6,256,1,1.0
-0.0,7,1.0,2798,0,0,0,0,0.0,7,256,1,1.0
-0.0,8,1.0,3202,0,0,0,0,0.0,8,256,1,1.0
-0.0,9,1.0,3597,0,0,0,0,0.0,9,256,1,1.0
-0.0,10,1.0,3996,0,0,0,0,0.0,10,256,1,1.0
-0.0,11,1.0,4403,0,0,0,0,0.0,11,256,1,1.0
-0.0,12,1.0,4761,0,0,0,0,0.0,12,256,1,1.0
-0.0,13,1.0,5086,0,0,0,0,0.0,13,256,1,1.0
-0.0,14,1.0,5485,0,0,0,0,0.0,14,256,1,1.0
-0.0,15,1.0,5838,0,0,0,0,0.0,15,256,1,1.0
-0.0,1,1.0,363,0,0,0,0,0.0,1,257,1,1.0
-0.0,2,1.0,680,0,0,0,0,0.0,2,257,1,1.0
-0.0,3,1.0,1059,0,0,0,0,0.0,3,257,1,1.0
-0.0,4,1.0,1407,0,0,0,0,0.0,4,257,1,1.0
-0.0,5,1.0,1738,0,0,0,0,0.0,5,257,1,1.0
-0.0,6,1.0,2079,0,0,0,0,0.0,6,257,1,1.0
-0.0,7,1.0,2379,0,0,0,0,0.0,7,257,1,1.0
-0.0,8,1.0,2768,0,0,0,0,0.0,8,257,1,1.0
-0.0,9,1.0,3214,0,0,0,0,0.0,9,257,1,1.0
-0.0,10,1.0,3638,0,0,0,0,0.0,10,257,1,1.0
-0.0,11,1.0,4036,0,0,0,0,0.0,11,257,1,1.0
-0.0,12,1.0,4446,0,0,0,0,0.0,12,257,1,1.0
-0.0,13,1.0,4733,0,0,0,0,0.0,13,257,1,1.0
-0.0,14,1.0,5077,0,0,0,0,0.0,14,257,1,1.0
-0.0,15,1.0,5423,0,0,0,0,0.0,15,257,1,1.0
-0.0,1,1.0,506,0,0,0,0,0.0,1,258,1,1.0
-0.0,2,1.0,894,0,0,0,0,0.0,2,258,1,1.0
-0.0,3,1.0,1376,0,0,0,0,0.0,3,258,1,1.0
-0.0,4,1.0,1867,0,0,0,0,0.0,4,258,1,1.0
-0.0,5,1.0,2453,0,0,0,0,0.0,5,258,1,1.0
-0.0,6,1.0,2949,0,0,0,0,0.0,6,258,1,1.0
-0.0,7,1.0,3519,0,0,0,0,0.0,7,258,1,1.0
-0.0,8,1.0,3980,0,0,0,0,0.0,8,258,1,1.0
-0.0,9,1.0,4476,0,0,0,0,0.0,9,258,1,1.0
-0.0,10,1.0,4966,0,0,0,0,0.0,10,258,1,1.0
-0.0,11,1.0,5469,0,0,0,0,0.0,11,258,1,1.0
-0.0,12,1.0,5870,0,0,0,0,0.0,12,258,1,1.0
-0.0,13,1.0,6408,0,0,0,0,0.0,13,258,1,1.0
-0.0,14,1.0,6931,0,0,0,0,0.0,14,258,1,1.0
-0.0,15,1.0,7422,0,0,0,0,0.0,15,258,1,1.0
-0.0,1,1.0,271,0,0,0,0,0.0,1,259,1,1.0
-0.0,2,1.0,548,0,0,0,0,0.0,2,259,1,1.0
-0.0,3,1.0,850,0,0,0,0,0.0,3,259,1,1.0
-0.0,4,1.0,1127,0,0,0,0,0.0,4,259,1,1.0
-0.0,5,1.0,1437,0,0,0,0,0.0,5,259,1,1.0
-0.0,6,1.0,1743,0,0,0,0,0.0,6,259,1,1.0
-0.0,7,1.0,2023,0,0,0,0,0.0,7,259,1,1.0
-0.0,8,1.0,2309,0,0,0,0,0.0,8,259,1,1.0
-0.0,9,1.0,2622,0,0,0,0,0.0,9,259,1,1.0
-0.0,10,1.0,2891,0,0,0,0,0.0,10,259,1,1.0
-0.0,11,1.0,3193,0,0,0,0,0.0,11,259,1,1.0
-0.0,12,1.0,3496,0,0,0,0,0.0,12,259,1,1.0
-0.0,13,1.0,3765,0,0,0,0,0.0,13,259,1,1.0
-0.0,14,1.0,4145,0,0,0,0,0.0,14,259,1,1.0
-0.0,15,1.0,4469,0,0,0,0,0.0,15,259,1,1.0
-0.0,1,1.0,586,0,0,0,0,0.0,1,260,1,1.0
-0.0,2,1.0,1160,0,0,0,0,0.0,2,260,1,1.0
-0.0,3,1.0,1820,0,0,0,0,0.0,3,260,1,1.0
-0.0,4,1.0,2444,0,0,0,0,0.0,4,260,1,1.0
-0.0,5,1.0,2996,0,0,0,0,0.0,5,260,1,1.0
-0.0,6,1.0,3547,0,0,0,0,0.0,6,260,1,1.0
-0.0,7,1.0,4158,0,0,0,0,0.0,7,260,1,1.0
-0.0,8,1.0,4784,0,0,0,0,0.0,8,260,1,1.0
-0.0,9,1.0,5473,0,0,0,0,0.0,9,260,1,1.0
-0.0,10,1.0,6023,0,0,0,0,0.0,10,260,1,1.0
-0.0,11,1.0,6616,0,0,0,0,0.0,11,260,1,1.0
-0.0,12,1.0,7200,0,0,0,0,0.0,12,260,1,1.0
-0.0,13,1.0,7845,0,0,0,0,0.0,13,260,1,1.0
-0.0,14,1.0,8393,0,0,0,0,0.0,14,260,1,1.0
-0.0,15,1.0,9029,0,0,0,0,0.0,15,260,1,1.0
-0.0,1,1.0,407,0,0,0,0,0.0,1,261,1,1.0
-0.0,2,1.0,774,0,0,0,0,0.0,2,261,1,1.0
-0.0,3,1.0,1094,0,0,0,0,0.0,3,261,1,1.0
-0.0,4,1.0,1489,0,0,0,0,0.0,4,261,1,1.0
-0.0,5,1.0,1783,0,0,0,0,0.0,5,261,1,1.0
-0.0,6,1.0,2095,0,0,0,0,0.0,6,261,1,1.0
-0.0,7,1.0,2481,0,0,0,0,0.0,7,261,1,1.0
-0.0,8,1.0,2781,0,0,0,0,0.0,8,261,1,1.0
-0.0,9,1.0,3125,0,0,0,0,0.0,9,261,1,1.0
-0.0,10,1.0,3517,0,0,0,0,0.0,10,261,1,1.0
-0.0,11,1.0,3881,0,0,0,0,0.0,11,261,1,1.0
-0.0,12,1.0,4225,0,0,0,0,0.0,12,261,1,1.0
-0.0,13,1.0,4667,0,0,0,0,0.0,13,261,1,1.0
-0.0,14,1.0,4971,0,0,0,0,0.0,14,261,1,1.0
-0.0,15,1.0,5346,0,0,0,0,0.0,15,261,1,1.0
-0.0,1,1.0,260,0,0,0,0,0.0,1,262,1,1.0
-0.0,2,1.0,469,0,0,0,0,0.0,2,262,1,1.0
-0.0,3,1.0,720,0,0,0,0,0.0,3,262,1,1.0
-0.0,4,1.0,915,0,0,0,0,0.0,4,262,1,1.0
-0.0,5,1.0,1158,0,0,0,0,0.0,5,262,1,1.0
-0.0,6,1.0,1407,0,0,0,0,0.0,6,262,1,1.0
-0.0,7,1.0,1648,0,0,0,0,0.0,7,262,1,1.0
-0.0,8,1.0,1898,0,0,0,0,0.0,8,262,1,1.0
-0.0,9,1.0,2154,0,0,0,0,0.0,9,262,1,1.0
-0.0,10,1.0,2393,0,0,0,0,0.0,10,262,1,1.0
-0.0,11,1.0,2647,0,0,0,0,0.0,11,262,1,1.0
-0.0,12,1.0,2901,0,0,0,0,0.0,12,262,1,1.0
-0.0,13,1.0,3145,0,0,0,0,0.0,13,262,1,1.0
-0.0,14,1.0,3399,0,0,0,0,0.0,14,262,1,1.0
-0.0,15,1.0,3644,0,0,0,0,0.0,15,262,1,1.0
-0.0,1,1.0,344,0,0,0,0,0.0,1,263,1,1.0
-0.0,2,1.0,709,0,0,0,0,0.0,2,263,1,1.0
-0.0,3,1.0,1080,0,0,0,0,0.0,3,263,1,1.0
-0.0,4,1.0,1529,0,0,0,0,0.0,4,263,1,1.0
-0.0,5,1.0,1891,0,0,0,0,0.0,5,263,1,1.0
-0.0,6,1.0,2266,0,0,0,0,0.0,6,263,1,1.0
-0.0,7,1.0,2639,0,0,0,0,0.0,7,263,1,1.0
-0.0,8,1.0,2994,0,0,0,0,0.0,8,263,1,1.0
-0.0,9,1.0,3355,0,0,0,0,0.0,9,263,1,1.0
-0.0,10,1.0,3708,0,0,0,0,0.0,10,263,1,1.0
-0.0,11,1.0,4074,0,0,0,0,0.0,11,263,1,1.0
-0.0,12,1.0,4497,0,0,0,0,0.0,12,263,1,1.0
-0.0,13,1.0,4862,0,0,0,0,0.0,13,263,1,1.0
-0.0,14,1.0,5227,0,0,0,0,0.0,14,263,1,1.0
-0.0,15,1.0,5702,0,0,0,0,0.0,15,263,1,1.0
-0.0,1,1.0,654,0,0,0,0,0.0,1,264,1,1.0
-0.0,2,1.0,1088,0,0,0,0,0.0,2,264,1,1.0
0.6365141682948128,3,0.6666666666666666,1701,0,0,0,0,0.0,3,264,2,0.3333333333333333
1.0397207708399179,4,0.5,2463,0,0,0,0,0.0,4,264,3,0.25
1.3321790402101223,5,0.4,2906,0,0,0,0,0.0,5,264,4,0.2
1.3321790402101223,6,0.4,3930,0,0,0,0,0.16666666666666666,6,264,4,0.2
1.242453324894,7,0.5,4567,0,0,0,0,0.14285714285714285,7,264,4,0.3333333333333333
1.4750763110546947,8,0.42857142857142855,5528,0,0,0,0,0.125,8,264,5,0.2857142857142857
1.6674619334292946,9,0.375,6552,0,0,0,0,0.1111111111111111,9,264,6,0.25
1.5810937501718236,10,0.4444444444444444,6926,0,0,0,0,0.1,10,264,6,0.3333333333333333
1.6094379124341003,11,0.4,7640,0,0,0,0,0.09090909090909091,11,264,6,0.2
1.5941666991180168,12,0.36363636363636365,8361,0,0,0,0,0.08333333333333333,12,264,6,0.09090909090909091
1.6326309271543518,13,0.3333333333333333,8881,0,0,0,0,0.07692307692307693,13,264,6,0.08333333333333333
1.7782333057997075,14,0.3076923076923077,9709,0,0,0,0,0.07142857142857142,14,264,7,0.07692307692307693
1.7721393884375285,15,0.2857142857142857,10140,0,0,0,0,0.06666666666666667,15,264,7,0.07142857142857142
-0.0,1,1.0,208,0,0,0,0,0.0,1,265,1,1.0
-0.0,2,1.0,435,0,0,0,0,0.0,2,265,1,1.0
-0.0,3,1.0,701,0,0,0,0,0.0,3,265,1,1.0
-0.0,4,1.0,947,0,0,0,0,0.0,4,265,1,1.0
-0.0,5,1.0,1214,0,0,0,0,0.0,5,265,1,1.0
-0.0,6,1.0,1545,0,0,0,0,0.0,6,265,1,1.0
-0.0,7,1.0,1869,0,0,0,0,0.0,7,265,1,1.0
-0.0,8,1.0,2192,0,0,0,0,0.0,8,265,1,1.0
-0.0,9,1.0,2458,0,0,0,0,0.0,9,265,1,1.0
-0.0,10,1.0,2766,0,0,0,0,0.0,10,265,1,1.0
-0.0,11,1.0,3072,0,0,0,0,0.0,11,265,1,1.0
-0.0,12,1.0,3290,0,0,0,0,0.0,12,265,1,1.0
-0.0,13,1.0,3508,0,0,0,0,0.0,13,265,1,1.0
-0.0,14,1.0,3840,0,0,0,0,0.0,14,265,1,1.0
-0.0,15,1.0,4177,0,0,0,0,0.0,15,265,1,1.0
-0.0,1,1.0,517,1,1,1,0,0.0,1,266,1,1.0
-0.0,2,1.0,921,1,1,1,0,0.0,2,266,1,1.0
0.6365141682948128,3,0.6666666666666666,1343,1,1,1,0,0.0,3,266,2,0.3333333333333333
0.6931471805599453,4,0.5,1804,1,1,1,0,0.0,4,266,2,0.0
0.6730116670092565,1,0.6,2328,0,0,0,0,0.0,5,266,2,0.2
0.6931471805599453,1,0.5,2761,1,1,1,0,0.0,6,266,2,0.0
0.6829081047004717,1,0.5714285714285714,3289,0,0,0,0,0.0,7,266,2,0.14285714285714285
0.6615632381579821,2,0.625,3724,0,0,0,0,0.0,8,266,2,0.25
0.6869615765973234,3,0.5555555555555556,4161,0,0,0,0,0.0,9,266,2,0.1111111111111111
0.6931471805599453,1,0.5,4711,1,1,1,0,0.0,10,266,2,0.0
0.6890092384766586,2,0.5454545454545454,5294,1,1,1,0,0.0,11,266,2,0.09090909090909091
0.6931471805599453,3,0.5,5701,1,1,1,0,0.0,12,266,2,0.0
0.6901856760188042,1,0.5384615384615384,6272,0,0,0,0,0.0,13,266,2,0.07692307692307693
0.6829081047004717,2,0.5714285714285714,6745,0,0,0,0,0.0,14,266,2,0.14285714285714285
0.6730116670092565,3,0.6,7196,0,0,0,0,0.0,15,266,2,0.2
-0.0,1,1.0,1024,1,1,1,0,0.0,1,267,1,1.0
0.6931471805599453,2,0.5,1556,1,1,1,0,0.0,2,267,2,0.0
1.0986122886681096,3,0.3333333333333333,2531,1,1,1,0,0.0,3,267,3,0.0
1.0397207708399179,4,0.5,2865,1,1,1,0,0.0,4,267,3,0.25
1.0549201679861442,5,0.4,3445,1,1,1,0,0.0,5,267,3,0.0
1.0114042647073518,1,0.5,4158,0,0,0,0,0.0,6,267,3,0.16666666666666666
0.9556998911125343,2,0.5714285714285714,4870,0,0,0,0,0.0,7,267,3,0.2857142857142857
0.9002560512685369,3,0.625,5276,0,0,0,0,0.0,8,267,3,0.375
0.8486855577264172,4,0.6666666666666666,5831,0,0,0,0,0.0,9,267,3,0.4444444444444444
0.8018185525433373,5,0.7,6509,0,0,0,0,0.0,10,267,3,0.5
0.7595473914748635,6,0.7272727272727273,7344,0,0,0,0,0.0,11,267,3,0.5454545454545454
0.7214636866925115,7,0.75,7897,0,0,0,0,0.0,12,267,3,0.5833333333333334
0.6870920273799715,8,0.7692307692307693,8426,0,0,0,0,0.0,13,267,3,0.6153846153846154
0.7589367727620596,9,0.7142857142857143,8860,0,0,0,0,0.0,14,267,3,0.5
0.7298712099831165,10,0.7333333333333333,9562,0,0,0,0,0.0,15,267,3,0.5333333333333333
-0.0,1,1.0,239,0,0,0,0,0.0,1,268,1,1.0
-0.0,2,1.0,558,0,0,0,0,0.0,2,268,1,1.0
-0.0,3,1.0,795,0,0,0,0,0.0,3,268,1,1.0
-0.0,4,1.0,1066,0,0,0,0,0.0,4,268,1,1.0
-0.0,5,1.0,1309,0,0,0,0,0.0,5,268,1,1.0
-0.0,6,1.0,1567,0,0,0,0,0.0,6,268,1,1.0
-0.0,7,1.0,1835,0,0,0,0,0.0,7,268,1,1.0
-0.0,8,1.0,2049,0,0,0,0,0.0,8,268,1,1.0
-0.0,9,1.0,2321,0,0,0,0,0.0,9,268,1,1.0
-0.0,10,1.0,2573,0,0,0,0,0.0,10,268,1,1.0
-0.0,11,1.0,2812,0,0,0,0,0.0,11,268,1,1.0
-0.0,12,1.0,3104,0,0,0,0,0.0,12,268,1,1.0
-0.0,13,1.0,3390,0,0,0,0,0.0,13,268,1,1.0
-0.0,14,1.0,3613,0,0,0,0,0.0,14,268,1,1.0
-0.0,15,1.0,3892,0,0,0,0,0.0,15,268,1,1.0
-0.0,1,1.0,361,0,0,0,0,0.0,1,269,1,1.0
-0.0,2,1.0,1385,0,0,0,0,0.0,2,269,1,1.0
-0.0,3,1.0,2409,0,0,0,0,0.0,3,269,1,1.0
-0.0,4,1.0,2729,0,0,0,0,0.0,4,269,1,1.0
-0.0,5,1.0,3096,0,0,0,0,0.0,5,269,1,1.0
-0.0,6,1.0,3431,0,0,0,0,0.0,6,269,1,1.0
-0.0,7,1.0,3778,0,0,0,0,0.0,7,269,1,1.0
-0.0,8,1.0,4181,0,0,0,0,0.0,8,269,1,1.0
-0.0,9,1.0,4489,0,0,0,0,0.0,9,269,1,1.0
-0.0,10,1.0,4892,0,0,0,0,0.0,10,269,1,1.0
-0.0,11,1.0,5250,0,0,0,0,0.0,11,269,1,1.0
-0.0,12,1.0,6274,0,0,0,0,0.0,12,269,1,1.0
-0.0,13,1.0,6590,0,0,0,0,0.0,13,269,1,1.0
-0.0,14,1.0,6992,0,0,0,0,0.0,14,269,1,1.0
-0.0,15,1.0,7405,0,0,0,0,0.0,15,269,1,1.0
-0.0,1,1.0,371,0,0,0,0,0.0,1,270,1,1.0
-0.0,2,1.0,728,0,0,0,0,0.0,2,270,1,1.0
-0.0,3,1.0,1024,0,0,0,0,0.0,3,270,1,1.0
-0.0,4,1.0,1391,0,0,0,0,0.0,4,270,1,1.0
-0.0,5,1.0,1709,0,0,0,0,0.0,5,270,1,1.0
-0.0,6,1.0,2027,0,0,0,0,0.0,6,270,1,1.0
-0.0,7,1.0,2355,0,0,0,0,0.0,7,270,1,1.0
-0.0,8,1.0,2758,0,0,0,0,0.0,8,270,1,1.0
-0.0,9,1.0,3156,0,0,0,0,0.0,9,270,1,1.0
-0.0,10,1.0,3540,0,0,0,0,0.0,10,270,1,1.0
-0.0,11,1.0,3902,0,0,0,0,0.0,11,270,1,1.0
-0.0,12,1.0,4313,0,0,0,0,0.0,12,270,1,1.0
-0.0,13,1.0,4612,0,0,0,0,0.0,13,270,1,1.0
-0.0,14,1.0,4931,0,0,0,0,0.0,14,270,1,1.0
-0.0,15,1.0,5345,0,0,0,0,0.0,15,270,1,1.0
-0.0,1,1.0,511,0,0,0,0,0.0,1,271,1,1.0
-0.0,2,1.0,1004,0,0,0,0,0.0,2,271,1,1.0
-0.0,3,1.0,1484,0,0,0,0,0.0,3,271,1,1.0
-0.0,4,1.0,2030,0,0,0,0,0.0,4,271,1,1.0
-0.0,5,1.0,2734,0,0,0,0,0.0,5,271,1,1.0
-0.0,6,1.0,3212,0,0,0,0,0.0,6,271,1,1.0
-0.0,7,1.0,3717,0,0,0,0,0.0,7,271,1,1.0
-0.0,8,1.0,4233,0,0,0,0,0.0,8,271,1,1.0
-0.0,9,1.0,4711,0,0,0,0,0.0,9,271,1,1.0
-0.0,10,1.0,5197,0,0,0,0,0.0,10,271,1,1.0
-0.0,11,1.0,5706,0,0,0,0,0.0,11,271,1,1.0
-0.0,12,1.0,6174,0,0,0,0,0.0,12,271,1,1.0
-0.0,13,1.0,6661,0,0,0,0,0.0,13,271,1,1.0
-0.0,14,1.0,7252,0,0,0,0,0.0,14,271,1,1.0
-0.0,15,1.0,7734,0,0,0,0,0.0,15,271,1,1.0
-0.0,1,1.0,650,0,0,0,0,0.0,1,272,1,1.0
-0.0,2,1.0,1584,0,0,0,0,0.0,2,272,1,1.0
-0.0,3,1.0,2265,0,0,0,0,0.0,3,272,1,1.0
0.5623351446188083,4,0.75,2956,0,0,0,0,0.0,4,272,2,0.5
0.6730116670092565,5,0.6,3684,0,0,0,0,0.0,5,272,2,0.2
0.6931471805599453,6,0.5,4273,0,0,0,0,0.0,6,272,2,0.0
1.0042424730540764,7,0.42857142857142855,5255,0,0,0,0,0.0,7,272,3,0.0
0.9743147528693494,1,0.5,5917,1,1,1,0,0.0,8,272,3,0.125
0.9649629230074277,1,0.4444444444444444,6598,0,0,0,0,0.0,9,272,3,0.0
0.9433483923290392,2,0.5,7337,0,0,0,0,0.0,10,272,3,0.1
0.9164648855394713,3,0.5454545454545454,8033,0,0,0,0,0.0,11,272,3,0.18181818181818182
0.887694275799104,4,0.5833333333333334,8670,0,0,0,0,0.0,12,272,3,0.25
0.8587409130062869,5,0.6153846153846154,9358,0,0,0,0,0.0,13,272,3,0.3076923076923077
0.8304717124362917,6,0.6428571428571429,10029,0,0,0,0,0.0,14,272,3,0.35714285714285715
0.8532361505557784,7,0.6,10625,0,0,0,0,0.0,15,272,3,0.26666666666666666
-0.0,1,1.0,347,0,0,0,0,0.0,1,273,1,1.0
-0.0,2,1.0,687,0,0,0,0,0.0,2,273,1,1.0
-0.0,3,1.0,1032,0,0,0,0,0.0,3,273,1,1.0
-0.0,4,1.0,1386,0,0,0,0,0.0,4,273,1,1.0
-0.0,5,1.0,1680,0,0,0,0,0.0,5,273,1,1.0
-0.0,6,1.0,2006,0,0,0,0,0.0,6,273,1,1.0
-0.0,7,1.0,2355,0,0,0,0,0.0,7,273,1,1.0
-0.0,8,1.0,2677,0,0,0,0,0.0,8,273,1,1.0
-0.0,9,1.0,3002,0,0,0,0,0.0,9,273,1,1.0
-0.0,10,1.0,3296,0,0,0,0,0.0,10,273,1,1.0
-0.0,11,1.0,3635,0,0,0,0,0.0,11,273,1,1.0
-0.0,12,1.0,3972,0,0,0,0,0.0,12,273,1,1.0
-0.0,13,1.0,4323,0,0,0,0,0.0,13,273,1,1.0
-0.0,14,1.0,4617,0,0,0,0,0.0,14,273,1,1.0
-0.0,15,1.0,4919,0,0,0,0,0.0,15,273,1,1.0
-0.0,1,1.0,350,1,0,0,0,0.0,1,274,1,1.0
0.6931471805599453,2,0.5,752,1,0,0,0,0.0,2,274,2,0.0
0.6365141682948128,3,0.6666666666666666,1052,1,0,0,0,0.0,3,274,2,0.3333333333333333
0.6931471805599453,4,0.5,1339,1,0,0,0,0.0,4,274,2,0.0
0.6730116670092565,5,0.6,1607,1,0,0,0,0.0,5,274,2,0.2
1.0114042647073518,6,0.5,2184,1,0,0,0,0.0,6,274,3,0.16666666666666666
1.0042424730540764,7,0.42857142857142855,2462,1,0,0,0,0.0,7,274,3,0.0
0.9743147528693494,1,0.5,2797,0,0,0,0,0.0,8,274,3,0.125
0.936888307539016,2,0.5555555555555556,3200,0,0,0,0,0.0,9,274,3,0.2222222222222222
1.1682824501765625,3,0.5,3623,0,0,0,0,0.0,10,274,4,0.2
1.1209503926735833,4,0.5454545454545454,3936,0,0,0,0,0.0,11,274,4,0.2727272727272727
1.3143738430069454,5,0.5,4377,0,0,0,0,0.0,12,274,5,0.25
1.3114313374732374,6,0.46153846153846156,4733,0,0,0,0,0.0,13,274,5,0.15384615384615385
1.475076311054695,7,0.42857142857142855,5072,0,0,0,0,0.0,14,274,6,0.14285714285714285
1.454867109266288,8,0.4,5319,0,0,0,0,0.0,15,274,6,0.06666666666666667
-0.0,1,1.0,246,0,0,0,0,0.0,1,275,1,1.0
-0.0,2,1.0,564,0,0,0,0,0.0,2,275,1,1.0
-0.0,3,1.0,833,0,0,0,0,0.0,3,275,1,1.0
-0.0,4,1.0,1105,0,0,0,0,0.0,4,275,1,1.0
-0.0,5,1.0,1390,0,0,0,0,0.0,5,275,1,1.0
-0.0,6,1.0,1697,0,0,0,0,0.0,6,275,1,1.0
-0.0,7,1.0,2001,0,0,0,0,0.0,7,275,1,1.0
-0.0,8,1.0,2307,0,0,0,0,0.0,8,275,1,1.0
-0.0,9,1.0,2614,0,0,0,0,0.0,9,275,1,1.0
-0.0,10,1.0,2914,0,0,0,0,0.0,10,275,1,1.0
-0.0,11,1.0,3198,0,0,0,0,0.0,11,275,1,1.0
-0.0,12,1.0,3467,0,0,0,0,0.0,12,275,1,1.0
-0.0,13,1.0,3774,0,0,0,0,0.0,13,275,1,1.0
-0.0,14,1.0,3993,0,0,0,0,0.0,14,275,1,1.0
-0.0,15,1.0,4266,0,0,0,0,0.0,15,275,1,1.0
-0.0,1,1.0,442,0,0,0,0,0.0,1,276,1,1.0
-0.0,2,1.0,853,0,0,0,0,0.0,2,276,1,1.0
0.6365141682948128,3,0.6666666666666666,1243,0,0,0,0,0.0,3,276,2,0.3333333333333333
0.5623351446188083,4,0.75,1635,0,0,0,0,0.0,4,276,2,0.5
0.6730116670092565,5,0.6,2659,0,0,0,0,0.0,5,276,2,0.2
0.6931471805599453,6,0.5,3262,0,0,0,0,0.0,6,276,2,0.0
0.6829081047004717,7,0.5714285714285714,3681,0,0,0,0,0.0,7,276,2,0.14285714285714285
0.6615632381579821,8,0.625,4411,0,0,0,0,0.0,8,276,2,0.25
0.6365141682948128,9,0.6666666666666666,4954,0,0,0,0,0.0,9,276,2,0.3333333333333333
0.6108643020548935,10,0.7,5302,0,0,0,0,0.0,10,276,2,0.4
0.5859526183035508,11,0.7272727272727273,5704,0,0,0,0,0.0,11,276,2,0.45454545454545453
0.5623351446188083,12,0.75,6200,0,0,0,0,0.0,12,276,2,0.5
0.5402041423888608,13,0.7692307692307693,6651,0,0,0,0,0.0,13,276,2,0.5384615384615384
0.5195798391305154,14,0.7857142857142857,7078,0,0,0,0,0.0,14,276,2,0.5714285714285714
0.5799151714181009,15,0.7333333333333333,7510,0,0,0,0,0.0,15,276,2,0.4666666666666667
-0.0,1,1.0,258,0,0,0,0,0.0,1,277,1,1.0
-0.0,2,1.0,561,0,0,0,0,0.0,2,277,1,1.0
-0.0,3,1.0,980,0,0,0,0,0.0,3,277,1,1.0
-0.0,4,1.0,1253,0,0,0,0,0.0,4,277,1,1.0
-0.0,5,1.0,1448,0,0,0,0,0.0,5,277,1,1.0
-0.0,6,1.0,1744,0,0,0,0,0.0,6,277,1,1.0
-0.0,7,1.0,1925,0,0,0,0,0.0,7,277,1,1.0
-0.0,8,1.0,2322,0,0,0,0,0.0,8,277,1,1.0
-0.0,9,1.0,2629,0,0,0,0,0.0,9,277,1,1.0
-0.0,10,1.0,2862,0,0,0,0,0.0,10,277,1,1.0
-0.0,11,1.0,3186,0,0,0,0,0.0,11,277,1,1.0
-0.0,12,1.0,3462,0,0,0,0,0.0,12,277,1,1.0
-0.0,13,1.0,3794,0,0,0,0,0.0,13,277,1,1.0
-0.0,14,1.0,4102,0,0,0,0,0.0,14,277,1,1.0
-0.0,15,1.0,4421,0,0,0,0,0.0,15,277,1,1.0
-0.0,1,1.0,445,0,0,0,0,0.0,1,278,1,1.0
-0.0,2,1.0,921,0,0,0,0,0.0,2,278,1,1.0
-0.0,3,1.0,1287,0,0,0,0,0.0,3,278,1,1.0
-0.0,4,1.0,1708,0,0,0,0,0.0,4,278,1,1.0
-0.0,5,1.0,2093,0,0,0,0,0.0,5,278,1,1.0
-0.0,6,1.0,2573,0,0,0,0,0.0,6,278,1,1.0
-0.0,7,1.0,2998,0,0,0,0,0.0,7,278,1,1.0
-0.0,8,1.0,3326,0,0,0,0,0.0,8,278,1,1.0
-0.0,9,1.0,3642,0,0,0,0,0.0,9,278,1,1.0
-0.0,10,1.0,4044,0,0,0,0,0.0,10,278,1,1.0
-0.0,11,1.0,4479,0,0,0,0,0.0,11,278,1,1.0
-0.0,12,1.0,4877,0,0,0,0,0.0,12,278,1,1.0
-0.0,13,1.0,5285,0,0,0,0,0.0,13,278,1,1.0
-0.0,14,1.0,5707,0,0,0,0,0.0,14,278,1,1.0
-0.0,15,1.0,6046,0,0,0,0,0.0,15,278,1,1.0
-0.0,1,1.0,499,1,1,1,0,0.0,1,279,1,1.0
-0.0,2,1.0,928,1,1,1,0,0.0,2,279,1,1.0
-0.0,3,1.0,1444,1,1,1,0,0.0,3,279,1,1.0
0.5623351446188083,4,0.75,1867,1,1,1,0,0.0,4,279,2,0.5
0.6730116670092565,5,0.6,2352,1,1,1,0,0.0,5,279,2,0.2
0.6931471805599453,6,0.5,2841,1,1,1,0,0.0,6,279,2,0.0
0.6829081047004717,1,0.5714285714285714,3379,0,0,0,0,0.0,7,279,2,0.14285714285714285
0.9743147528693494,2,0.5,3813,0,0,0,0,0.0,8,279,3,0.125
0.936888307539016,3,0.5555555555555556,4286,0,0,0,0,0.0,9,279,3,0.2222222222222222
0.8979457248567798,4,0.6,4719,0,0,0,0,0.0,10,279,3,0.3
0.8599672810355049,5,0.6363636363636364,5215,0,0,0,0,0.0,11,279,3,0.36363636363636365
0.8239592165010823,6,0.6666666666666666,5644,0,0,0,0,0.0,12,279,3,0.4166666666666667
0.7902679680745903,7,0.6923076923076923,6151,0,0,0,0,0.0,13,279,3,0.46153846153846156
0.8304717124362917,8,0.6428571428571429,6579,0,0,0,0,0.0,14,279,3,0.35714285714285715
0.8033149761408755,9,0.6666666666666666,7002,0,0,0,0,0.0,15,279,3,0.4
-0.0,1,1.0,497,0,0,0,0,0.0,1,280,1,1.0
-0.0,2,1.0,811,0,0,0,0,0.0,2,280,1,1.0
-0.0,3,1.0,1115,0,0,0,0,0.0,3,280,1,1.0
-0.0,4,1.0,1476,0,0,0,0,0.0,4,280,1,1.0
-0.0,5,1.0,1812,0,0,0,0,0.0,5,280,1,1.0
-0.0,6,1.0,2211,0,0,0,0,0.0,6,280,1,1.0
-0.0,7,1.0,2686,0,0,0,0,0.0,7,280,1,1.0
-0.0,8,1.0,2967,0,0,0,0,0.0,8,280,1,1.0
-0.0,9,1.0,3277,0,0,0,0,0.0,9,280,1,1.0
-0.0,10,1.0,3613,0,0,0,0,0.0,10,280,1,1.0
-0.0,11,1.0,3891,0,0,0,0,0.0,11,280,1,1.0
-0.0,12,1.0,4219,0,0,0,0,0.0,12,280,1,1.0
-0.0,13,1.0,4676,0,0,0,0,0.0,13,280,1,1.0
-0.0,14,1.0,5035,0,0,0,0,0.0,14,280,1,1.0
-0.0,15,1.0,5444,0,0,0,0,0.0,15,280,1,1.0
-0.0,1,1.0,430,1,1,1,0,0.0,1,281,1,1.0
0.6931471805599453,2,0.5,1454,1,1,1,0,0.0,2,281,2,0.0
0.6365141682948128,1,0.6666666666666666,2028,0,0,0,0,0.0,3,281,2,0.3333333333333333
1.0397207708399179,2,0.5,2430,0,0,0,0,0.0,4,281,3,0.25
1.0549201679861442,1,0.4,2834,1,1,1,0,0.0,5,281,3,0.0
1.0114042647073518,1,0.5,3237,0,0,0,0,0.0,6,281,3,0.16666666666666666
0.9556998911125343,2,0.5714285714285714,3745,0,0,0,0,0.0,7,281,3,0.2857142857142857
0.9743147528693494,3,0.5,4769,0,0,0,0,0.0,8,281,3,0.125
0.936888307539016,4,0.5555555555555556,5793,0,0,0,0,0.0,9,281,3,0.2222222222222222
0.8979457248567798,5,0.6,6450,0,0,0,0,0.0,10,281,3,0.3
0.8599672810355049,6,0.6363636363636364,6911,0,0,0,0,0.0,11,281,3,0.36363636363636365
0.9596147939120492,7,0.5833333333333334,7368,0,0,0,0,0.0,12,281,3,0.3333333333333333
0.9251290835720823,8,0.6153846153846154,7905,0,0,0,0,0.0,13,281,3,0.38461538461538464
0.9556998911125343,9,0.5714285714285714,8436,0,0,0,0,0.0,14,281,3,0.2857142857142857
0.9276173343271816,10,0.6,8884,0,0,0,0,0.0,15,281,3,0.3333333333333333
-0.0,1,1.0,247,0,0,0,0,0.0,1,282,1,1.0
-0.0,2,1.0,610,0,0,0,0,0.0,2,282,1,1.0
-0.0,3,1.0,966,0,0,0,0,0.0,3,282,1,1.0
-0.0,4,1.0,1345,0,0,0,0,0.0,4,282,1,1.0
0.5004024235381879,5,0.8,1719,0,0,0,0,0.0,5,282,2,0.6
0.6365141682948128,6,0.6666666666666666,2121,0,0,0,0,0.0,6,282,2,0.3333333333333333
0.5982695885852573,7,0.7142857142857143,2487,0,0,0,0,0.0,7,282,2,0.42857142857142855
0.6615632381579821,8,0.625,2763,0,0,0,0,0.0,8,282,2,0.25
0.6869615765973234,9,0.5555555555555556,3156,0,0,0,0,0.0,9,282,2,0.1111111111111111
0.6730116670092565,10,0.6,3516,0,0,0,0,0.0,10,282,2,0.2
0.6554817739013927,11,0.6363636363636364,3863,0,0,0,0,0.0,11,282,2,0.2727272727272727
0.6365141682948128,12,0.6666666666666666,4115,0,0,0,0,0.0,12,282,2,0.3333333333333333
0.6172417697303416,13,0.6923076923076923,4478,0,0,0,0,0.0,13,282,2,0.38461538461538464
0.5982695885852573,14,0.7142857142857143,4861,0,0,0,0,0.0,14,282,2,0.42857142857142855
0.5799151714181009,15,0.7333333333333333,5228,0,0,0,0,0.0,15,282,2,0.4666666666666667
-0.0,1,1.0,278,0,0,0,0,0.0,1,283,1,1.0
-0.0,2,1.0,1302,0,0,0,0,0.0,2,283,1,1.0
-0.0,3,1.0,1606,0,0,0,0,0.0,3,283,1,1.0
-0.0,4,1.0,1915,0,0,0,0,0.0,4,283,1,1.0
-0.0,5,1.0,2262,0,0,0,0,0.0,5,283,1,1.0
-0.0,6,1.0,3286,0,0,0,0,0.0,6,283,1,1.0
-0.0,7,1.0,3695,0,0,0,0,0.0,7,283,1,1.0
-0.0,8,1.0,4078,0,0,0,0,0.0,8,283,1,1.0
-0.0,9,1.0,4336,0,0,0,0,0.0,9,283,1,1.0
-0.0,10,1.0,4742,0,0,0,0,0.0,10,283,1,1.0
-0.0,11,1.0,5128,0,0,0,0,0.0,11,283,1,1.0
-0.0,12,1.0,5507,0,0,0,0,0.0,12,283,1,1.0
-0.0,13,1.0,5948,0,0,0,0,0.0,13,283,1,1.0
-0.0,14,1.0,6263,0,0,0,0,0.0,14,283,1,1.0
-0.0,15,1.0,6608,0,0,0,0,0.0,15,283,1,1.0
-0.0,1,1.0,710,1,1,0,1,0.0,1,284,1,1.0
-0.0,2,1.0,1425,1,1,0,1,0.0,2,284,1,1.0
-0.0,3,1.0,2162,1,1,0,1,0.0,3,284,1,1.0
0.5623351446188083,4,0.75,2552,1,1,0,1,0.0,4,284,2,0.5
0.6730116670092565,5,0.6,3081,1,1,0,1,0.0,5,284,2,0.2
0.6931471805599453,6,0.5,3404,1,1,0,1,0.0,6,284,2,0.0
0.6931471805599453,7,0.5,4428,1,1,0,1,0.14285714285714285,7,284,2,0.0
1.0042424730540764,8,0.42857142857142855,5224,1,1,0,1,0.125,8,284,3,0.0
0.9743147528693494,1,0.5,5556,0,0,0,0,0.1111111111111111,9,284,3,0.125
0.9649629230074277,1,0.4444444444444444,6440,1,1,0,1,0.1,10,284,3,0.0
1.1935496040981333,2,0.4,6822,1,1,0,1,0.09090909090909091,11,284,4,0.0
1.162225544921092,1,0.45454545454545453,7163,0,0,0,0,0.08333333333333333,12,284,4,0.09090909090909091
1.1269287948006759,2,0.5,7621,0,0,0,0,0.07692307692307693,13,284,4,0.16666666666666666
1.0905994737794789,3,0.5384615384615384,7901,0,0,0,0,0.07142857142857142,14,284,4,0.23076923076923078
1.2700181519104903,4,0.5,8767,0,0,0,0,0.06666666666666667,15,284,5,0.21428571428571427
,0,,1024,1,0,0,0,1.0,1,285,0,
,0,,2048,1,0,0,0,1.0,2,285,0,
-0.0,1,1.0,3008,0,0,0,0,0.6666666666666666,3,285,1,1.0
-0.0,2,1.0,4032,0,0,0,0,0.75,4,285,1,1.0
-0.0,3,1.0,5056,0,0,0,0,0.8,5,285,1,1.0
0.6931471805599453,4,0.5,6080,0,0,0,0,0.6666666666666666,6,285,2,0.0
0.6931471805599453,5,0.5,7104,0,0,0,0,0.7142857142857143,7,285,2,0.0
0.6931471805599453,6,0.5,8128,0,0,0,0,0.75,8,285,2,0.0
0.6931471805599453,7,0.5,9152,0,0,0,0,0.7777777777777778,9,285,2,0.0
0.6931471805599453,8,0.5,10176,0,0,0,0,0.8,10,285,2,0.0
0.6931471805599453,9,0.5,11200,0,0,0,0,0.8181818181818182,11,285,2,0.0
0.6931471805599453,10,0.5,12224,0,0,0,0,0.8333333333333334,12,285,2,0.0
0.6931471805599453,11,0.5,13248,0,0,0,0,0.8461538461538461,13,285,2,0.0
0.6931471805599453,12,0.5,14272,0,0,0,0,0.8571428571428571,14,285,2,0.0
0.6931471805599453,13,0.5,15296,0,0,0,0,0.8666666666666667,15,285,2,0.0
,0,,1024,1,0,0,0,1.0,1,286,0,
-0.0,1,1.0,1668,0,0,0,0,0.5,2,286,1,1.0
0.6931471805599453,2,0.5,2692,0,0,0,0,0.3333333333333333,3,286,2,0.0
0.6931471805599453,3,0.5,3716,0,0,0,0,0.5,4,286,2,0.0
1.0986122886681096,4,0.3333333333333333,4230,0,0,0,0,0.4,5,286,3,0.0
1.0986122886681096,5,0.3333333333333333,5254,0,0,0,0,0.5,6,286,3,0.0
1.3862943611198906,6,0.25,5930,0,0,0,0,0.42857142857142855,7,286,4,0.0
1.3862943611198906,7,0.25,6954,0,0,0,0,0.5,8,286,4,0.0
1.6094379124341005,8,0.2,7978,0,0,0,0,0.4444444444444444,9,286,5,0.0
1.6094379124341005,9,0.2,9002,0,0,0,0,0.5,10,286,5,0.0
1.5607104090414063,10,0.3333333333333333,10026,0,0,0,0,0.45454545454545453,11,286,5,0.16666666666666666
1.5607104090414063,11,0.3333333333333333,11050,0,0,0,0,0.5,12,286,5,0.16666666666666666
1.7478680974667573,12,0.2857142857142857,11819,0,0,0,0,0.46153846153846156,13,286,6,0.14285714285714285
1.732867951399863,13,0.25,12515,0,0,0,0,0.42857142857142855,14,286,6,0.0
1.8891591637540215,14,0.2222222222222222,13105,0,0,0,0,0.4,15,286,7,0.0
-0.0,1,1.0,636,0,0,0,0,0.0,1,287,1,1.0
-0.0,2,1.0,1225,0,0,0,0,0.0,2,287,1,1.0
-0.0,3,1.0,1777,0,0,0,0,0.0,3,287,1,1.0
-0.0,4,1.0,2350,0,0,0,0,0.0,4,287,1,1.0
-0.0,5,1.0,2949,0,0,0,0,0.0,5,287,1,1.0
-0.0,6,1.0,3582,0,0,0,0,0.0,6,287,1,1.0
-0.0,7,1.0,4211,0,0,0,0,0.0,7,287,1,1.0
-0.0,8,1.0,4665,0,0,0,0,0.0,8,287,1,1.0
-0.0,9,1.0,5298,0,0,0,0,0.0,9,287,1,1.0
-0.0,10,1.0,5769,0,0,0,0,0.0,10,287,1,1.0
-0.0,11,1.0,6363,0,0,0,0,0.0,11,287,1,1.0
-0.0,12,1.0,6813,0,0,0,0,0.0,12,287,1,1.0
-0.0,13,1.0,7338,0,0,0,0,0.0,13,287,1,1.0
-0.0,14,1.0,7903,0,0,0,0,0.0,14,287,1,1.0
-0.0,15,1.0,8452,0,0,0,0,0.0,15,287,1,1.0
-0.0,1,1.0,1024,0,0,0,0,0.0,1,288,1,1.0
-0.0,2,1.0,2048,0,0,0,0,0.5,2,288,1,1.0
-0.0,3,1.0,3072,0,0,0,0,0.6666666666666666,3,288,1,1.0
-0.0,4,1.0,4096,0,0,0,0,0.75,4,288,1,1.0
-0.0,5,1.0,5120,0,0,0,0,0.8,5,288,1,1.0
-0.0,6,1.0,6144,0,0,0,0,0.8333333333333334,6,288,1,1.0
-0.0,7,1.0,6809,0,0,0,0,0.7142857142857143,7,288,1,1.0
-0.0,8,1.0,7833,0,0,0,0,0.75,8,288,1,1.0
0.6365141682948128,9,0.6666666666666666,8552,0,0,0,0,0.6666666666666666,9,288,2,0.3333333333333333
0.6931471805599453,10,0.5,9401,0,0,0,0,0.6,10,288,2,0.0
1.0549201679861442,11,0.4,10311,0,0,0,0,0.5454545454545454,11,288,3,0.0
1.0549201679861442,12,0.4,11335,0,0,0,0,0.5833333333333334,12,288,3,0.0
1.3296613488547582,13,0.3333333333333333,12352,0,0,0,0,0.5384615384615384,13,288,4,0.0
1.3296613488547582,14,0.3333333333333333,13376,0,0,0,0,0.5714285714285714,14,288,4,0.0
1.5498260458782016,15,0.2857142857142857,14275,0,0,0,0,0.5333333333333333,15,288,5,0.0
-0.0,1,1.0,696,0,0,0,0,0.0,1,289,1,1.0
-0.0,2,1.0,1210,0,0,0,0,0.0,2,289,1,1.0
-0.0,3,1.0,1749,0,0,0,0,0.0,3,289,1,1.0
-0.0,4,1.0,2296,0,0,0,0,0.0,4,289,1,1.0
-0.0,5,1.0,3108,0,0,0,0,0.0,5,289,1,1.0
-0.0,6,1.0,3655,0,0,0,0,0.0,6,289,1,1.0
-0.0,7,1.0,4220,0,0,0,0,0.0,7,289,1,1.0
-0.0,8,1.0,4816,0,0,0,0,0.0,8,289,1,1.0
-0.0,9,1.0,5412,0,0,0,0,0.0,9,289,1,1.0
-0.0,10,1.0,6072,0,0,0,0,0.0,10,289,1,1.0
-0.0,11,1.0,6887,0,0,0,0,0.0,11,289,1,1.0
-0.0,12,1.0,7504,0,0,0,0,0.0,12,289,1,1.0
-0.0,13,1.0,8252,0,0,0,0,0.0,13,289,1,1.0
-0.0,14,1.0,8886,0,0,0,0,0.0,14,289,1,1.0
-0.0,15,1.0,9569,0,0,0,0,0.0,15,289,1,1.0
-0.0,1,1.0,951,0,0,0,0,0.0,1,290,1,1.0
0.6931471805599453,2,0.5,1975,0,0,0,0,0.0,2,290,2,0.0
0.6931471805599453,3,0.5,2999,0,0,0,0,0.3333333333333333,3,290,2,0.0
0.6931471805599453,4,0.5,4023,0,0,0,0,0.5,4,290,2,0.0
1.0986122886681096,5,0.3333333333333333,5031,0,0,0,0,0.4,5,290,3,0.0
1.0986122886681096,6,0.3333333333333333,6055,0,0,0,0,0.5,6,290,3,0.0
1.0986122886681096,7,0.3333333333333333,7079,0,0,0,0,0.5714285714285714,7,290,3,0.0
1.0397207708399179,8,0.5,8009,0,0,0,0,0.5,8,290,3,0.25
1.0397207708399179,9,0.5,9033,0,0,0,0,0.5555555555555556,9,290,3,0.25
0.9502705392332347,10,0.6,9970,0,0,0,0,0.5,10,290,3,0.4
0.8675632284814612,11,0.6666666666666666,10897,0,0,0,0,0.45454545454545453,11,290,3,0.5
0.8675632284814612,12,0.6666666666666666,11921,0,0,0,0,0.5,12,290,3,0.5
0.9556998911125343,13,0.5714285714285714,12945,0,0,0,0,0.46153846153846156,13,290,3,0.2857142857142857
0.9556998911125343,14,0.5714285714285714,13969,0,0,0,0,0.5,14,290,3,0.2857142857142857
0.9556998911125343,15,0.5714285714285714,14993,0,0,0,0,0.5333333333333333,15,290,3,0.2857142857142857
-0.0,1,1.0,624,0,0,0,0,0.0,1,291,1,1.0
0.6931471805599453,2,0.5,936,0,0,0,0,0.0,2,291,2,0.0
1.0986122886681096,3,0.3333333333333333,1763,0,0,0,0,0.0,3,291,3,0.0
1.0397207708399179,1,0.5,2053,1,1,1,0,0.0,4,291,3,0.25
1.0549201679861442,1,0.4,2432,0,0,0,0,0.0,5,291,3,0.0
1.0114042647073518,2,0.5,2797,0,0,0,0,0.0,6,291,3,0.16666666666666666
0.9556998911125343,3,0.5714285714285714,3238,0,0,0,0,0.0,7,291,3,0.2857142857142857
0.9002560512685369,4,0.625,3556,0,0,0,0,0.0,8,291,3,0.375
1.1490596969706202,5,0.5555555555555556,4425,0,0,0,0,0.0,9,291,4,0.3333333333333333
1.0888999753452238,6,0.6,5170,0,0,0,0,0.0,10,291,4,0.4
1.1209503926735833,7,0.5454545454545454,5600,0,0,0,0,0.0,11,291,4,0.2727272727272727
1.0751393240053735,8,0.5833333333333334,6042,0,0,0,0,0.0,12,291,4,0.3333333333333333
1.2636256721237273,9,0.5384615384615384,6442,0,0,0,0,0.0,13,291,5,0.3076923076923077
1.2153881010836147,10,0.5714285714285714,6846,0,0,0,0,0.0,14,291,5,0.35714285714285715
1.1699929969668565,11,0.6,7271,0,0,0,0,0.0,15,291,5,0.4
-0.0,1,1.0,783,0,0,0,0,0.0,1,292,1,1.0
-0.0,2,1.0,1807,0,0,0,0,0.5,2,292,1,1.0
-0.0,3,1.0,2831,0,0,0,0,0.6666666666666666,3,292,1,1.0
-0.0,4,1.0,3855,0,0,0,0,0.75,4,292,1,1.0
-0.0,5,1.0,4879,0,0,0,0,0.8,5,292,1,1.0
-0.0,6,1.0,5903,0,0,0,0,0.8333333333333334,6,292,1,1.0
-0.0,7,1.0,6927,0,0,0,0,0.8571428571428571,7,292,1,1.0
-0.0,8,1.0,7951,0,0,0,0,0.875,8,292,1,1.0
-0.0,9,1.0,8975,0,0,0,0,0.8888888888888888,9,292,1,1.0
-0.0,10,1.0,9999,0,0,0,0,0.9,10,292,1,1.0
0.6931471805599453,11,0.5,10957,0,0,0,0,0.8181818181818182,11,292,2,0.0
0.6931471805599453,12,0.5,11981,0,0,0,0,0.8333333333333334,12,292,2,0.0
0.6931471805599453,13,0.5,13005,0,0,0,0,0.8461538461538461,13,292,2,0.0
0.6931471805599453,14,0.5,14029,0,0,0,0,0.8571428571428571,14,292,2,0.0
0.6931471805599453,15,0.5,15053,0,0,0,0,0.8666666666666667,15,292,2,0.0
-0.0,1,1.0,477,0,0,0,0,0.0,1,293,1,1.0
-0.0,2,1.0,1122,0,0,0,0,0.0,2,293,1,1.0
-0.0,3,1.0,1688,0,0,0,0,0.0,3,293,1,1.0
-0.0,4,1.0,2233,0,0,0,0,0.0,4,293,1,1.0
-0.0,5,1.0,2665,0,0,0,0,0.0,5,293,1,1.0
-0.0,6,1.0,3150,0,0,0,0,0.0,6,293,1,1.0
-0.0,7,1.0,3709,0,0,0,0,0.0,7,293,1,1.0
-0.0,8,1.0,4186,0,0,0,0,0.0,8,293,1,1.0
-0.0,9,1.0,4654,0,0,0,0,0.0,9,293,1,1.0
-0.0,10,1.0,5202,0,0,0,0,0.0,10,293,1,1.0
-0.0,11,1.0,5752,0,0,0,0,0.0,11,293,1,1.0
-0.0,12,1.0,6315,0,0,0,0,0.0,12,293,1,1.0
-0.0,13,1.0,6967,0,0,0,0,0.0,13,293,1,1.0
-0.0,14,1.0,7500,0,0,0,0,0.0,14,293,1,1.0
-0.0,15,1.0,8071,0,0,0,0,0.0,15,293,1,1.0
-0.0,1,1.0,497,1,1,1,0,0.0,1,294,1,1.0
0.6931471805599453,2,0.5,1391,1,1,1,0,0.0,2,294,2,0.0
0.6365141682948128,1,0.6666666666666666,2415,0,0,0,0,0.0,3,294,2,0.3333333333333333
0.5623351446188083,2,0.75,3192,0,0,0,0,0.0,4,294,2,0.5
0.5004024235381879,3,0.8,3790,0,0,0,0,0.0,5,294,2,0.6
0.45056120886630463,4,0.8333333333333334,4372,0,0,0,0,0.0,6,294,2,0.6666666666666666
0.45056120886630463,5,0.8333333333333334,5396,0,0,0,0,0.14285714285714285,7,294,2,0.6666666666666666
0.410116318288409,6,0.8571428571428571,6326,0,0,0,0,0.125,8,294,2,0.7142857142857143
0.37677016125643675,7,0.875,7082,0,0,0,0,0.1111111111111111,9,294,2,0.75
0.34883209584303193,8,0.8888888888888888,7966,0,0,0,0,0.1,10,294,2,0.7777777777777778
0.3250829733914482,9,0.9,8749,0,0,0,0,0.09090909090909091,11,294,2,0.8
0.30463609734923813,10,0.9090909090909091,9619,0,0,0,0,0.08333333333333333,12,294,2,0.8181818181818182
0.5660857389596289,11,0.8333333333333334,10579,0,0,0,0,0.07692307692307693,13,294,3,0.75
0.5359610497090694,12,0.8461538461538461,11018,0,0,0,0,0.07142857142857142,14,294,3,0.7692307692307693
0.5359610497090694,13,0.8461538461538461,12042,0,0,0,0,0.13333333333333333,15,294,3,0.7692307692307693
-0.0,1,1.0,757,0,0,0,0,0.0,1,295,1,1.0
0.6931471805599453,2,0.5,1292,0,0,0,0,0.0,2,295,2,0.0
0.6365141682948128,3,0.6666666666666666,2129,0,0,0,0,0.0,3,295,2,0.3333333333333333
0.5623351446188083,4,0.75,2675,0,0,0,0,0.0,4,295,2,0.5
0.6730116670092565,5,0.6,3057,0,0,0,0,0.0,5,295,2,0.2
0.6365141682948128,6,0.6666666666666666,4081,0,0,0,0,0.0,6,295,2,0.3333333333333333
0.5982695885852573,7,0.7142857142857143,4550,0,0,0,0,0.0,7,295,2,0.42857142857142855
0.5623351446188083,8,0.75,5020,0,0,0,0,0.0,8,295,2,0.5
0.8486855577264172,9,0.6666666666666666,5754,0,0,0,0,0.0,9,295,3,0.4444444444444444
0.8979457248567798,10,0.6,6257,0,0,0,0,0.0,10,295,3,0.3
0.9164648855394713,11,0.5454545454545454,6678,0,0,0,0,0.0,11,295,3,0.18181818181818182
1.1269287948006759,12,0.5,7593,0,0,0,0,0.0,12,295,4,0.16666666666666666
1.1269287948006759,13,0.5,8617,0,0,0,0,0.07692307692307693,13,295,4,0.16666666666666666
1.1189688668816267,14,0.46153846153846156,9562,0,0,0,0,0.07142857142857142,14,295,4,0.07692307692307693
1.2963611597910563,15,0.42857142857142855,9978,0,0,0,0,0.06666666666666667,15,295,5,0.07142857142857142
-0.0,1,1.0,608,0,0,0,0,0.0,1,296,1,1.0
-0.0,2,1.0,1632,0,0,0,0,0.0,2,296,1,1.0
-0.0,3,1.0,2656,0,0,0,0,0.3333333333333333,3,296,1,1.0
-0.0,4,1.0,3680,0,0,0,0,0.25,4,296,1,1.0
-0.0,5,1.0,4461,0,0,0,0,0.2,5,296,1,1.0
-0.0,6,1.0,4890,0,0,0,0,0.16666666666666666,6,296,1,1.0
-0.0,7,1.0,5595,0,0,0,0,0.14285714285714285,7,296,1,1.0
0.410116318288409,8,0.8571428571428571,6518,0,0,0,0,0.125,8,296,2,0.7142857142857143
0.37677016125643675,9,0.875,7224,0,0,0,0,0.1111111111111111,9,296,2,0.75
0.37677016125643675,10,0.875,8248,0,0,0,0,0.2,10,296,2,0.75
0.37677016125643675,11,0.875,9272,0,0,0,0,0.2727272727272727,11,296,2,0.75
0.6837389058487535,12,0.7777777777777778,9678,0,0,0,0,0.25,12,296,3,0.6666666666666666
0.9404479886553263,13,0.7,10334,0,0,0,0,0.23076923076923078,13,296,4,0.6
0.8855741515766717,14,0.7272727272727273,11005,0,0,0,0,0.21428571428571427,14,296,4,0.6363636363636364
0.8855741515766717,15,0.7272727272727273,12029,0,0,0,0,0.26666666666666666,15,296,4,0.6363636363636364
-0.0,1,1.0,651,0,0,0,0,0.0,1,297,1,1.0
-0.0,2,1.0,1381,0,0,0,0,0.0,2,297,1,1.0
-0.0,3,1.0,1887,0,0,0,0,0.0,3,297,1,1.0
-0.0,4,1.0,2698,0,0,0,0,0.0,4,297,1,1.0
-0.0,5,1.0,3481,0,0,0,0,0.0,5,297,1,1.0
-0.0,6,1.0,4205,0,0,0,0,0.0,6,297,1,1.0
-0.0,7,1.0,4749,0,0,0,0,0.0,7,297,1,1.0
-0.0,8,1.0,5471,0,0,0,0,0.0,8,297,1,1.0
-0.0,9,1.0,6012,0,0,0,0,0.0,9,297,1,1.0
-0.0,10,1.0,6625,0,0,0,0,0.0,10,297,1,1.0
-0.0,11,1.0,7316,0,0,0,0,0.0,11,297,1,1.0
-0.0,12,1.0,8097,0,0,0,0,0.0,12,297,1,1.0
-0.0,13,1.0,8835,0,0,0,0,0.0,13,297,1,1.0
-0.0,14,1.0,9629,0,0,0,0,0.0,14,297,1,1.0
-0.0,15,1.0,10192,0,0,0,0,0.0,15,297,1,1.0
-0.0,1,1.0,918,1,1,1,0,0.0,1,298,1,1.0
-0.0,2,1.0,1942,1,1,1,0,0.5,2,298,1,1.0
0.6931471805599453,3,0.5,2964,1,1,1,0,0.3333333333333333,3,298,2,0.0
0.6365141682948128,1,0.6666666666666666,3861,0,0,0,0,0.25,4,298,2,0.3333333333333333
0.6365141682948128,2,0.6666666666666666,4885,0,0,0,0,0.4,5,298,2,0.3333333333333333
0.6931471805599453,1,0.5,5866,1,1,1,0,0.3333333333333333,6,298,2,0.0
0.6730116670092565,1,0.6,6729,0,0,0,0,0.2857142857142857,7,298,2,0.2
0.6365141682948128,2,0.6666666666666666,7583,0,0,0,0,0.25,8,298,2,0.3333333333333333
0.6365141682948128,3,0.6666666666666666,8607,0,0,0,0,0.3333333333333333,9,298,2,0.3333333333333333
0.5982695885852573,4,0.7142857142857143,9590,0,0,0,0,0.3,10,298,2,0.42857142857142855
0.5623351446188083,5,0.75,10502,0,0,0,0,0.2727272727272727,11,298,2,0.5
0.5297061990576545,6,0.7777777777777778,11523,0,0,0,0,0.25,12,298,2,0.5555555555555556
0.6108643020548935,7,0.7,12518,0,0,0,0,0.23076923076923078,13,298,2,0.4
0.5859526183035508,8,0.7272727272727273,13539,0,0,0,0,0.21428571428571427,14,298,2,0.45454545454545453
0.5623351446188083,9,0.75,14484,0,0,0,0,0.2,15,298,2,0.5
-0.0,1,1.0,343,0,0,0,0,0.0,1,299,1,1.0
-0.0,2,1.0,722,0,0,0,0,0.0,2,299,1,1.0
-0.0,3,1.0,1049,0,0,0,0,0.0,3,299,1,1.0
-0.0,4,1.0,1424,0,0,0,0,0.0,4,299,1,1.0
-0.0,5,1.0,1704,0,0,0,0,0.0,5,299,1,1.0
-0.0,6,1.0,2064,0,0,0,0,0.0,6,299,1,1.0
-0.0,7,1.0,2459,0,0,0,0,0.0,7,299,1,1.0
-0.0,8,1.0,2811,0,0,0,0,0.0,8,299,1,1.0
-0.0,9,1.0,3174,0,0,0,0,0.0,9,299,1,1.0
-0.0,10,1.0,3490,0,0,0,0,0.0,10,299,1,1.0
0.30463609734923813,11,0.9090909090909091,4080,0,0,0,0,0.0,11,299,2,0.8181818181818182
0.2868359830561607,12,0.9166666666666666,4413,0,0,0,0,0.0,12,299,2,0.8333333333333334
0.2711893730418441,13,0.9230769230769231,4803,0,0,0,0,0.0,13,299,2,0.8461538461538461
0.25731864054383163,14,0.9285714285714286,5191,0,0,0,0,0.0,14,299,2,0.8571428571428571
0.24493002679463532,15,0.9333333333333333,5582,0,0,0,0,0.0,15,299,2,0.8666666666666667
-0.0,1,1.0,268,0,0,0,0,0.0,1,300,1,1.0
-0.0,2,1.0,535,0,0,0,0,0.0,2,300,1,1.0
-0.0,3,1.0,822,0,0,0,0,0.0,3,300,1,1.0
-0.0,4,1.0,1106,0,0,0,0,0.0,4,300,1,1.0
-0.0,5,1.0,1365,0,0,0,0,0.0,5,300,1,1.0
-0.0,6,1.0,1636,0,0,0,0,0.0,6,300,1,1.0
-0.0,7,1.0,1851,0,0,0,0,0.0,7,300,1,1.0
-0.0,8,1.0,2066,0,0,0,0,0.0,8,300,1,1.0
-0.0,9,1.0,3090,0,0,0,0,0.0,9,300,1,1.0
-0.0,10,1.0,3327,0,0,0,0,0.0,10,300,1,1.0
-0.0,11,1.0,3583,0,0,0,0,0.0,11,300,1,1.0
-0.0,12,1.0,3829,0,0,0,0,0.0,12,300,1,1.0
-0.0,13,1.0,4093,0,0,0,0,0.0,13,300,1,1.0
-0.0,14,1.0,4334,0,0,0,0,0.0,14,300,1,1.0
-0.0,15,1.0,4567,0,0,0,0,0.0,15,300,1,1.0
-0.0,1,1.0,490,0,0,0,0,0.0,1,301,1,1.0
-0.0,2,1.0,940,0,0,0,0,0.0,2,301,1,1.0
-0.0,3,1.0,1440,0,0,0,0,0.0,3,301,1,1.0
-0.0,4,1.0,2111,0,0,0,0,0.0,4,301,1,1.0
-0.0,5,1.0,2540,0,0,0,0,0.0,5,301,1,1.0
0.45056120886630463,6,0.8333333333333334,2974,0,0,0,0,0.0,6,301,2,0.6666666666666666
0.410116318288409,7,0.8571428571428571,3424,0,0,0,0,0.0,7,301,2,0.7142857142857143
0.7356219397587946,8,0.75,3910,0,0,0,0,0.0,8,301,3,0.625
0.6837389058487535,9,0.7777777777777778,4331,0,0,0,0,0.0,9,301,3,0.6666666666666666
0.639031859650177,10,0.8,4714,0,0,0,0,0.0,10,301,3,0.7
0.8855741515766717,11,0.7272727272727273,5085,0,0,0,0,0.0,11,301,4,0.6363636363636364
1.0986122886681098,12,0.6666666666666666,5631,0,0,0,0,0.0,12,301,5,0.5833333333333334
1.0437938808441543,13,0.6923076923076923,6065,0,0,0,0,0.0,13,301,5,0.6153846153846154
1.2265558156134033,14,0.6428571428571429,6488,0,0,0,0,0.0,14,301,6,0.5714285714285714
1.3897154547004784,15,0.6,6986,0,0,0,0,0.0,15,301,7,0.5333333333333333
-0.0,1,1.0,575,1,1,1,0,0.0,1,302,1,1.0
0.6931471805599453,2,0.5,1139,1,1,1,0,0.0,2,302,2,0.0
1.0986122886681096,3,0.3333333333333333,1704,1,1,1,0,0.0,3,302,3,0.0
1.3862943611198906,4,0.25,2227,1,1,1,0,0.0,4,302,4,0.0
1.6094379124341005,5,0.2,2855,1,1,1,0,0.0,5,302,5,0.0
1.791759469228055,6,0.16666666666666666,3623,1,1,1,0,0.0,6,302,6,0.0
1.9459101490553132,7,0.14285714285714285,4539,1,1,1,0,0.0,7,302,7,0.0
2.0794415416798357,8,0.125,5396,1,1,1,0,0.0,8,302,8,0.0
2.0794415416798357,9,0.125,6420,1,1,1,0,0.1111111111111111,9,302,8,0.0
2.0431918705451206,1,0.2222222222222222,7048,1,1,1,0,0.1,10,302,8,0.1111111111111111
2.0431918705451206,2,0.2222222222222222,8072,1,1,1,0,0.18181818181818182,11,302,8,0.1111111111111111
2.0431918705451206,3,0.2222222222222222,9096,1,1,1,0,0.25,12,302,8,0.1111111111111111
2.0431918705451206,4,0.2222222222222222,10120,1,1,1,0,0.3076923076923077,13,302,8,0.1111111111111111
2.0253262207700677,1,0.2,11033,0,0,0,0,0.2857142857142857,14,302,8,0.0
2.0253262207700677,2,0.2,12057,0,0,0,0,0.3333333333333333,15,302,8,0.0
-0.0,1,1.0,995,0,0,0,0,0.0,1,303,1,1.0
-0.0,2,1.0,1963,0,0,0,0,0.0,2,303,1,1.0
-0.0,3,1.0,2777,0,0,0,0,0.0,3,303,1,1.0
-0.0,4,1.0,3801,0,0,0,0,0.25,4,303,1,1.0
-0.0,5,1.0,4528,0,0,0,0,0.2,5,303,1,1.0
-0.0,6,1.0,5552,0,0,0,0,0.3333333333333333,6,303,1,1.0
-0.0,7,1.0,6419,0,0,0,0,0.2857142857142857,7,303,1,1.0
-0.0,8,1.0,7328,0,0,0,0,0.25,8,303,1,1.0
-0.0,9,1.0,8121,0,0,0,0,0.2222222222222222,9,303,1,1.0
-0.0,10,1.0,9074,0,0,0,0,0.2,10,303,1,1.0
-0.0,11,1.0,9786,0,0,0,0,0.18181818181818182,11,303,1,1.0
-0.0,12,1.0,10810,0,0,0,0,0.25,12,303,1,1.0
-0.0,13,1.0,11404,0,0,0,0,0.23076923076923078,13,303,1,1.0
-0.0,14,1.0,12300,0,0,0,0,0.21428571428571427,14,303,1,1.0
-0.0,15,1.0,13324,0,0,0,0,0.26666666666666666,15,303,1,1.0
-0.0,1,1.0,954,0,0,0,0,0.0,1,304,1,1.0
-0.0,2,1.0,1731,0,0,0,0,0.0,2,304,1,1.0
-0.0,3,1.0,2755,0,0,0,0,0.3333333333333333,3,304,1,1.0
-0.0,4,1.0,3692,0,0,0,0,0.25,4,304,1,1.0
-0.0,5,1.0,4435,0,0,0,0,0.2,5,304,1,1.0
-0.0,6,1.0,5222,0,0,0,0,0.16666666666666666,6,304,1,1.0
-0.0,7,1.0,6122,0,0,0,0,0.14285714285714285,7,304,1,1.0
-0.0,8,1.0,6863,0,0,0,0,0.125,8,304,1,1.0
-0.0,9,1.0,7887,0,0,0,0,0.2222222222222222,9,304,1,1.0
-0.0,10,1.0,8646,0,0,0,0,0.2,10,304,1,1.0
-0.0,11,1.0,9637,0,0,0,0,0.18181818181818182,11,304,1,1.0
-0.0,12,1.0,10528,0,0,0,0,0.16666666666666666,12,304,1,1.0
-0.0,13,1.0,11288,0,0,0,0,0.15384615384615385,13,304,1,1.0
-0.0,14,1.0,12119,0,0,0,0,0.14285714285714285,14,304,1,1.0
-0.0,15,1.0,12879,0,0,0,0,0.13333333333333333,15,304,1,1.0
-0.0,1,1.0,1024,0,0,0,0,0.0,1,305,1,1.0
-0.0,2,1.0,1570,0,0,0,0,0.0,2,305,1,1.0
-0.0,3,1.0,2148,0,0,0,0,0.0,3,305,1,1.0
-0.0,4,1.0,2864,0,0,0,0,0.0,4,305,1,1.0
-0.0,5,1.0,3309,0,0,0,0,0.0,5,305,1,1.0
-0.0,6,1.0,3813,0,0,0,0,0.0,6,305,1,1.0
-0.0,7,1.0,4311,0,0,0,0,0.0,7,305,1,1.0
-0.0,8,1.0,4835,0,0,0,0,0.0,8,305,1,1.0
-0.0,9,1.0,5347,0,0,0,0,0.0,9,305,1,1.0
-0.0,10,1.0,6371,0,0,0,0,0.0,10,305,1,1.0
-0.0,11,1.0,6902,0,0,0,0,0.0,11,305,1,1.0
-0.0,12,1.0,7458,0,0,0,0,0.0,12,305,1,1.0
-0.0,13,1.0,8482,0,0,0,0,0.0,13,305,1,1.0
-0.0,14,1.0,8998,0,0,0,0,0.0,14,305,1,1.0
-0.0,15,1.0,10022,0,0,0,0,0.0,15,305,1,1.0
-0.0,1,1.0,512,1,0,0,0,0.0,1,306,1,1.0
0.6931471805599453,2,0.5,1234,1,0,0,0,0.0,2,306,2,0.0
0.6365141682948128,3,0.6666666666666666,2202,1,0,0,0,0.0,3,306,2,0.3333333333333333
1.0397207708399179,4,0.5,2908,1,0,0,0,0.0,4,306,3,0.25
1.3321790402101223,5,0.4,3606,1,0,0,0,0.0,5,306,4,0.2
1.3296613488547582,6,0.3333333333333333,4514,1,0,0,0,0.0,6,306,4,0.0
1.5498260458782016,7,0.2857142857142857,5368,1,0,0,0,0.0,7,306,5,0.0
1.559581156259877,8,0.25,6060,1,0,0,0,0.0,8,306,5,0.0
1.5229550675313184,1,0.3333333333333333,6896,0,0,0,0,0.0,9,306,5,0.1111111111111111
1.5571130980576458,2,0.3,7545,0,0,0,0,0.0,10,306,5,0.1
1.5571130980576458,3,0.3,8569,0,0,0,0,0.09090909090909091,11,306,5,0.1
1.515707952085713,4,0.36363636363636365,9354,0,0,0,0,0.08333333333333333,12,306,5,0.18181818181818182
1.5607104090414063,5,0.3333333333333333,10357,0,0,0,0,0.07692307692307693,13,306,5,0.16666666666666666
1.5607104090414063,6,0.3333333333333333,11381,0,0,0,0,0.14285714285714285,14,306,5,0.16666666666666666
1.711845135233912,7,0.3076923076923077,12353,0,0,0,0,0.13333333333333333,15,306,6,0.15384615384615385
-0.0,1,1.0,512,0,0,0,0,0.0,1,307,1,1.0
-0.0,2,1.0,1041,0,0,0,0,0.0,2,307,1,1.0
-0.0,3,1.0,1541,0,0,0,0,0.0,3,307,1,1.0
0.5623351446188083,4,0.75,2095,0,0,0,0,0.0,4,307,2,0.5
0.5004024235381879,5,0.8,2626,0,0,0,0,0.0,5,307,2,0.6
0.45056120886630463,6,0.8333333333333334,3162,0,0,0,0,0.0,6,307,2,0.6666666666666666
0.410116318288409,7,0.8571428571428571,3684,0,0,0,0,0.0,7,307,2,0.7142857142857143
0.37677016125643675,8,0.875,4271,0,0,0,0,0.0,8,307,2,0.75
0.34883209584303193,9,0.8888888888888888,4851,0,0,0,0,0.0,9,307,2,0.7777777777777778
0.3250829733914482,10,0.9,5314,0,0,0,0,0.0,10,307,2,0.8
0.30463609734923813,11,0.9090909090909091,5836,0,0,0,0,0.0,11,307,2,0.8181818181818182
0.2868359830561607,12,0.9166666666666666,6278,0,0,0,0,0.0,12,307,2,0.8333333333333334
0.2711893730418441,13,0.9230769230769231,6805,0,0,0,0,0.0,13,307,2,0.8461538461538461
0.25731864054383163,14,0.9285714285714286,7351,0,0,0,0,0.0,14,307,2,0.8571428571428571
0.24493002679463532,15,0.9333333333333333,8005,0,0,0,0,0.0,15,307,2,0.8666666666666667
-0.0,1,1.0,526,1,0,0,0,0.0,1,308,1,1.0
0.6931471805599453,2,0.5,1175,1,0,0,0,0.0,2,308,2,0.0
1.0986122886681096,3,0.3333333333333333,1789,1,0,0,0,0.0,3,308,3,0.0
1.3862943611198906,4,0.25,2409,1,0,0,0,0.0,4,308,4,0.0
1.3321790402101223,1,0.4,3265,1,0,0,0,0.0,5,308,4,0.2
1.5607104090414063,2,0.3333333333333333,3777,1,0,0,0,0.0,6,308,5,0.16666666666666666
1.7478680974667573,3,0.2857142857142857,4331,1,0,0,0,0.0,7,308,6,0.14285714285714285
1.732867951399863,4,0.25,4890,1,0,0,0,0.0,8,308,6,0.0
1.6769877743224173,1,0.3333333333333333,5683,0,0,0,0,0.0,9,308,6,0.1111111111111111
1.8343719702816237,2,0.3,6341,0,0,0,0,0.0,10,308,7,0.1
1.9722469794234416,3,0.2727272727272727,6886,0,0,0,0,0.0,11,308,8,0.09090909090909091
2.0947290475276485,4,0.25,7634,0,0,0,0,0.0,12,308,9,0.08333333333333333
2.20478541691352,5,0.23076923076923078,8209,0,0,0,0,0.0,13,308,10,0.07692307692307693
2.3046193848206715,6,0.21428571428571427,9057,0,0,0,0,0.0,14,308,11,0.07142857142857142
2.395908119293929,7,0.2,9778,0,0,0,0,0.0,15,308,12,0.06666666666666667
-0.0,1,1.0,506,1,0,0,0,0.0,1,309,1,1.0
0.6931471805599453,2,0.5,1133,1,0,0,0,0.0,2,309,2,0.0
1.0986122886681096,3,0.3333333333333333,1579,1,0,0,0,0.0,3,309,3,0.0
1.3862943611198906,4,0.25,1984,1,0,0,0,0.0,4,309,4,0.0
1.3321790402101223,1,0.4,2782,0,0,0,0,0.0,5,309,4,0.2
1.3296613488547582,2,0.3333333333333333,3242,0,0,0,0,0.0,6,309,4,0.0
1.277034259466139,1,0.42857142857142855,3746,1,1,0,1,0.0,7,309,4,0.14285714285714285
1.4941751382893083,2,0.375,4570,1,1,0,1,0.0,8,309,5,0.125
1.6769877743224173,3,0.3333333333333333,5121,1,1,0,1,0.0,9,309,6,0.1111111111111111
1.6094379124341003,4,0.4,5383,1,1,0,1,0.0,10,309,6,0.2
1.5941666991180168,5,0.36363636363636365,6149,1,1,0,1,0.0,11,309,6,0.09090909090909091
1.5607104090414066,1,0.3333333333333333,7173,0,0,0,0,0.0,12,309,6,0.0
1.6052071074554588,2,0.3076923076923077,7465,0,0,0,0,0.0,13,309,6,0.0
1.7478680974667575,3,0.2857142857142857,7858,0,0,0,0,0.0,14,309,7,0.0
1.709472776584213,4,0.3333333333333333,8581,0,0,0,0,0.0,15,309,7,0.06666666666666667
-0.0,1,1.0,358,0,0,0,0,0.0,1,310,1,1.0
-0.0,2,1.0,717,0,0,0,0,0.0,2,310,1,1.0
-0.0,3,1.0,1077,0,0,0,0,0.0,3,310,1,1.0
-0.0,4,1.0,1473,0,0,0,0,0.0,4,310,1,1.0
-0.0,5,1.0,1865,0,0,0,0,0.0,5,310,1,1.0
-0.0,6,1.0,2248,0,0,0,0,0.0,6,310,1,1.0
-0.0,7,1.0,2626,0,0,0,0,0.0,7,310,1,1.0
-0.0,8,1.0,2996,0,0,0,0,0.0,8,310,1,1.0
-0.0,9,1.0,3338,0,0,0,0,0.0,9,310,1,1.0
-0.0,10,1.0,3745,0,0,0,0,0.0,10,310,1,1.0
-0.0,11,1.0,4110,0,0,0,0,0.0,11,310,1,1.0
-0.0,12,1.0,4481,0,0,0,0,0.0,12,310,1,1.0
-0.0,13,1.0,4929,0,0,0,0,0.0,13,310,1,1.0
-0.0,14,1.0,5314,0,0,0,0,0.0,14,310,1,1.0
-0.0,15,1.0,5718,0,0,0,0,0.0,15,310,1,1.0
-0.0,1,1.0,863,0,0,0,0,0.0,1,311,1,1.0
-0.0,2,1.0,1504,0,0,0,0,0.0,2,311,1,1.0
-0.0,3,1.0,2338,0,0,0,0,0.0,3,311,1,1.0
-0.0,4,1.0,3092,0,0,0,0,0.0,4,311,1,1.0
-0.0,5,1.0,3745,0,0,0,0,0.0,5,311,1,1.0
-0.0,6,1.0,4325,0,0,0,0,0.0,6,311,1,1.0
-0.0,7,1.0,5016,0,0,0,0,0.0,7,311,1,1.0
-0.0,8,1.0,5576,0,0,0,0,0.0,8,311,1,1.0
-0.0,9,1.0,6304,0,0,0,0,0.0,9,311,1,1.0
0.3250829733914482,10,0.9,6794,0,0,0,0,0.0,10,311,2,0.8
0.30463609734923813,11,0.9090909090909091,7524,0,0,0,0,0.0,11,311,2,0.8181818181818182
0.5660857389596289,12,0.8333333333333334,8048,0,0,0,0,0.0,12,311,3,0.75
0.5359610497090694,13,0.8461538461538461,9072,0,0,0,0,0.0,13,311,3,0.7692307692307693
0.509137344082687,14,0.8571428571428571,9614,0,0,0,0,0.0,14,311,3,0.7857142857142857
0.48509409130221154,15,0.8666666666666667,10176,0,0,0,0,0.0,15,311,3,0.8
-0.0,1,1.0,369,0,0,0,0,0.0,1,312,1,1.0
-0.0,2,1.0,852,0,0,0,0,0.0,2,312,1,1.0
-0.0,3,1.0,1326,0,0,0,0,0.0,3,312,1,1.0
-0.0,4,1.0,1804,0,0,0,0,0.0,4,312,1,1.0
0.5004024235381879,5,0.8,2828,0,0,0,0,0.0,5,312,2,0.6
0.45056120886630463,6,0.8333333333333334,3852,0,0,0,0,0.0,6,312,2,0.6666666666666666
0.410116318288409,7,0.8571428571428571,4174,0,0,0,0,0.0,7,312,2,0.7142857142857143
0.37677016125643675,8,0.875,4548,0,0,0,0,0.0,8,312,2,0.75
0.34883209584303193,9,0.8888888888888888,5079,0,0,0,0,0.0,9,312,2,0.7777777777777778
0.3250829733914482,10,0.9,5502,0,0,0,0,0.0,10,312,2,0.8
0.30463609734923813,11,0.9090909090909091,5939,0,0,0,0,0.0,11,312,2,0.8181818181818182
0.2868359830561607,12,0.9166666666666666,6371,0,0,0,0,0.0,12,312,2,0.8333333333333334
0.2711893730418441,13,0.9230769230769231,6799,0,0,0,0,0.0,13,312,2,0.8461538461538461
0.25731864054383163,14,0.9285714285714286,7301,0,0,0,0,0.0,14,312,2,0.8571428571428571
0.24493002679463532,15,0.9333333333333333,7775,0,0,0,0,0.0,15,312,2,0.8666666666666667
-0.0,1,1.0,349,0,0,0,0,0.0,1,313,1,1.0
-0.0,2,1.0,753,0,0,0,0,0.0,2,313,1,1.0
-0.0,3,1.0,1182,0,0,0,0,0.0,3,313,1,1.0
-0.0,4,1.0,1664,0,0,0,0,0.0,4,313,1,1.0
-0.0,5,1.0,2688,0,0,0,0,0.0,5,313,1,1.0
-0.0,6,1.0,3100,0,0,0,0,0.0,6,313,1,1.0
-0.0,7,1.0,3512,0,0,0,0,0.0,7,313,1,1.0
-0.0,8,1.0,3867,0,0,0,0,0.0,8,313,1,1.0
-0.0,9,1.0,4258,0,0,0,0,0.0,9,313,1,1.0
-0.0,10,1.0,4638,0,0,0,0,0.0,10,313,1,1.0
-0.0,11,1.0,5003,0,0,0,0,0.0,11,313,1,1.0
-0.0,12,1.0,5420,0,0,0,0,0.0,12,313,1,1.0
-0.0,13,1.0,5812,0,0,0,0,0.0,13,313,1,1.0
0.25731864054383163,14,0.9285714285714286,6208,0,0,0,0,0.0,14,313,2,0.8571428571428571
0.24493002679463532,15,0.9333333333333333,6605,0,0,0,0,0.0,15,313,2,0.8666666666666667
-0.0,1,1.0,387,0,0,0,0,0.0,1,314,1,1.0
-0.0,2,1.0,769,0,0,0,0,0.0,2,314,1,1.0
-0.0,3,1.0,1116,0,0,0,0,0.0,3,314,1,1.0
-0.0,4,1.0,1494,0,0,0,0,0.0,4,314,1,1.0
-0.0,5,1.0,1863,0,0,0,0,0.0,5,314,1,1.0
-0.0,6,1.0,2213,0,0,0,0,0.0,6,314,1,1.0
-0.0,7,1.0,2548,0,0,0,0,0.0,7,314,1,1.0
-0.0,8,1.0,2998,0,0,0,0,0.0,8,314,1,1.0
-0.0,9,1.0,3336,0,0,0,0,0.0,9,314,1,1.0
-0.0,10,1.0,3676,0,0,0,0,0.0,10,314,1,1.0
-0.0,11,1.0,4083,0,0,0,0,0.0,11,314,1,1.0
-0.0,12,1.0,4447,0,0,0,0,0.0,12,314,1,1.0
-0.0,13,1.0,4706,0,0,0,0,0.0,13,314,1,1.0
-0.0,14,1.0,5159,0,0,0,0,0.0,14,314,1,1.0
-0.0,15,1.0,5595,0,0,0,0,0.0,15,314,1,1.0
-0.0,1,1.0,739,0,0,0,0,0.0,1,315,1,1.0
-0.0,2,1.0,1196,0,0,0,0,0.0,2,315,1,1.0
-0.0,3,1.0,1776,0,0,0,0,0.0,3,315,1,1.0
-0.0,4,1.0,2269,0,0,0,0,0.0,4,315,1,1.0
-0.0,5,1.0,2775,0,0,0,0,0.0,5,315,1,1.0
-0.0,6,1.0,3213,0,0,0,0,0.0,6,315,1,1.0
-0.0,7,1.0,3681,0,0,0,0,0.0,7,315,1,1.0
-0.0,8,1.0,4167,0,0,0,0,0.0,8,315,1,1.0
-0.0,9,1.0,4645,0,0,0,0,0.0,9,315,1,1.0
-0.0,10,1.0,5076,0,0,0,0,0.0,10,315,1,1.0
-0.0,11,1.0,5455,0,0,0,0,0.0,11,315,1,1.0
-0.0,12,1.0,6044,0,0,0,0,0.0,12,315,1,1.0
-0.0,13,1.0,6483,0,0,0,0,0.0,13,315,1,1.0
-0.0,14,1.0,6968,0,0,0,0,0.0,14,315,1,1.0
-0.0,15,1.0,7536,0,0,0,0,0.0,15,315,1,1.0
-0.0,1,1.0,850,0,0,0,0,0.0,1,316,1,1.0
-0.0,2,1.0,1277,0,0,0,0,0.0,2,316,1,1.0
-0.0,3,1.0,1711,0,0,0,0,0.0,3,316,1,1.0
-0.0,4,1.0,2137,0,0,0,0,0.0,4,316,1,1.0
-0.0,5,1.0,2762,0,0,0,0,0.0,5,316,1,1.0
-0.0,6,1.0,3193,0,0,0,0,0.0,6,316,1,1.0
-0.0,7,1.0,3598,0,0,0,0,0.0,7,316,1,1.0
-0.0,8,1.0,4320,0,0,0,0,0.0,8,316,1,1.0
-0.0,9,1.0,5118,0,0,0,0,0.0,9,316,1,1.0
-0.0,10,1.0,5781,0,0,0,0,0.0,10,316,1,1.0
-0.0,11,1.0,6186,0,0,0,0,0.0,11,316,1,1.0
-0.0,12,1.0,7065,0,0,0,0,0.0,12,316,1,1.0
-0.0,13,1.0,7724,0,0,0,0,0.0,13,316,1,1.0
-0.0,14,1.0,8355,0,0,0,0,0.0,14,316,1,1.0
-0.0,15,1.0,9379,0,0,0,0,0.0,15,316,1,1.0
-0.0,1,1.0,585,0,0,0,0,0.0,1,317,1,1.0
-0.0,2,1.0,1100,0,0,0,0,0.0,2,317,1,1.0
-0.0,3,1.0,1736,0,0,0,0,0.0,3,317,1,1.0
0.5623351446188083,4,0.75,2302,0,0,0,0,0.0,4,317,2,0.5
0.5004024235381879,5,0.8,2980,0,0,0,0,0.0,5,317,2,0.6
0.6365141682948128,6,0.6666666666666666,3660,0,0,0,0,0.0,6,317,2,0.3333333333333333
0.5982695885852573,7,0.7142857142857143,4347,0,0,0,0,0.0,7,317,2,0.42857142857142855
0.5623351446188083,8,0.75,4904,0,0,0,0,0.0,8,317,2,0.5
0.5297061990576545,9,0.7777777777777778,5928,0,0,0,0,0.0,9,317,2,0.5555555555555556
0.5297061990576545,10,0.7777777777777778,6952,0,0,0,0,0.1,10,317,2,0.5555555555555556
0.5004024235381879,11,0.8,7419,0,0,0,0,0.09090909090909091,11,317,2,0.6
0.47413931305783735,12,0.8181818181818182,7961,0,0,0,0,0.08333333333333333,12,317,2,0.6363636363636364
0.7214636866925115,13,0.75,8567,0,0,0,0,0.07692307692307693,13,317,3,0.5833333333333334
0.937155853065701,14,0.6923076923076923,9045,0,0,0,0,0.07142857142857142,14,317,4,0.5384615384615384
0.9911388966130941,15,0.6428571428571429,9611,0,0,0,0,0.06666666666666667,15,317,4,0.42857142857142855
-0.0,1,1.0,560,0,0,0,0,0.0,1,318,1,1.0
-0.0,2,1.0,957,0,0,0,0,0.0,2,318,1,1.0
-0.0,3,1.0,1464,0,0,0,0,0.0,3,318,1,1.0
-0.0,4,1.0,1854,0,0,0,0,0.0,4,318,1,1.0
-0.0,5,1.0,2878,0,0,0,0,0.0,5,318,1,1.0
-0.0,6,1.0,3902,0,0,0,0,0.0,6,318,1,1.0
-0.0,7,1.0,4473,0,0,0,0,0.0,7,318,1,1.0
-0.0,8,1.0,4968,0,0,0,0,0.0,8,318,1,1.0
-0.0,9,1.0,5396,0,0,0,0,0.0,9,318,1,1.0
-0.0,10,1.0,6420,0,0,0,0,0.0,10,318,1,1.0
-0.0,11,1.0,6938,0,0,0,0,0.0,11,318,1,1.0
-0.0,12,1.0,7567,0,0,0,0,0.0,12,318,1,1.0
-0.0,13,1.0,8591,0,0,0,0,0.0,13,318,1,1.0
-0.0,14,1.0,9020,0,0,0,0,0.0,14,318,1,1.0
-0.0,15,1.0,9599,0,0,0,0,0.0,15,318,1,1.0
-0.0,1,1.0,352,0,0,0,0,0.0,1,319,1,1.0
-0.0,2,1.0,661,0,0,0,0,0.0,2,319,1,1.0
-0.0,3,1.0,961,0,0,0,0,0.0,3,319,1,1.0
-0.0,4,1.0,1341,0,0,0,0,0.0,4,319,1,1.0
-0.0,5,1.0,1648,0,0,0,0,0.0,5,319,1,1.0
-0.0,6,1.0,1917,0,0,0,0,0.0,6,319,1,1.0
-0.0,7,1.0,2224,0,0,0,0,0.0,7,319,1,1.0
-0.0,8,1.0,2552,0,0,0,0,0.0,8,319,1,1.0
-0.0,9,1.0,2895,0,0,0,0,0.0,9,319,1,1.0
-0.0,10,1.0,3284,0,0,0,0,0.0,10,319,1,1.0
-0.0,11,1.0,3625,0,0,0,0,0.0,11,319,1,1.0
-0.0,12,1.0,3971,0,0,0,0,0.0,12,319,1,1.0
-0.0,13,1.0,4239,0,0,0,0,0.0,13,319,1,1.0
-0.0,14,1.0,4597,0,0,0,0,0.0,14,319,1,1.0
-0.0,15,1.0,4925,0,0,0,0,0.0,15,319,1,1.0
-0.0,1,1.0,574,0,0,0,0,0.0,1,320,1,1.0
-0.0,2,1.0,1141,0,0,0,0,0.0,2,320,1,1.0
0.6365141682948128,3,0.6666666666666666,1453,0,0,0,0,0.0,3,320,2,0.3333333333333333
0.5623351446188083,4,0.75,1962,0,0,0,0,0.0,4,320,2,0.5
0.5004024235381879,5,0.8,2486,0,0,0,0,0.0,5,320,2,0.6
0.45056120886630463,6,0.8333333333333334,2986,0,0,0,0,0.0,6,320,2,0.6666666666666666
0.410116318288409,7,0.8571428571428571,3542,0,0,0,0,0.0,7,320,2,0.7142857142857143
0.37677016125643675,8,0.875,4088,0,0,0,0,0.0,8,320,2,0.75
0.34883209584303193,9,0.8888888888888888,4609,0,0,0,0,0.0,9,320,2,0.7777777777777778
0.3250829733914482,10,0.9,5180,0,0,0,0,0.0,10,320,2,0.8
0.30463609734923813,11,0.9090909090909091,5717,0,0,0,0,0.0,11,320,2,0.8181818181818182
0.2868359830561607,12,0.9166666666666666,6334,0,0,0,0,0.0,12,320,2,0.8333333333333334
0.2711893730418441,13,0.9230769230769231,6828,0,0,0,0,0.0,13,320,2,0.8461538461538461
0.25731864054383163,14,0.9285714285714286,7542,0,0,0,0,0.0,14,320,2,0.8571428571428571
0.24493002679463532,15,0.9333333333333333,8104,0,0,0,0,0.0,15,320,2,0.8666666666666667
-0.0,1,1.0,330,0,0,0,0,0.0,1,321,1,1.0
-0.0,2,1.0,640,0,0,0,0,0.0,2,321,1,1.0
-0.0,3,1.0,964,0,0,0,0,0.0,3,321,1,1.0
-0.0,4,1.0,1389,0,0,0,0,0.0,4,321,1,1.0
-0.0,5,1.0,1706,0,0,0,0,0.0,5,321,1,1.0
-0.0,6,1.0,2000,0,0,0,0,0.0,6,321,1,1.0
-0.0,7,1.0,2298,0,0,0,0,0.0,7,321,1,1.0
-0.0,8,1.0,2573,0,0,0,0,0.0,8,321,1,1.0
-0.0,9,1.0,2948,0,0,0,0,0.0,9,321,1,1.0
-0.0,10,1.0,3285,0,0,0,0,0.0,10,321,1,1.0
-0.0,11,1.0,3534,0,0,0,0,0.0,11,321,1,1.0
-0.0,12,1.0,3816,0,0,0,0,0.0,12,321,1,1.0
-0.0,13,1.0,4066,0,0,0,0,0.0,13,321,1,1.0
-0.0,14,1.0,4423,0,0,0,0,0.0,14,321,1,1.0
-0.0,15,1.0,4742,0,0,0,0,0.0,15,321,1,1.0
-0.0,1,1.0,404,0,0,0,0,0.0,1,322,1,1.0
-0.0,2,1.0,719,0,0,0,0,0.0,2,322,1,1.0
-0.0,3,1.0,1052,0,0,0,0,0.0,3,322,1,1.0
-0.0,4,1.0,1418,0,0,0,0,0.0,4,322,1,1.0
-0.0,5,1.0,1759,0,0,0,0,0.0,5,322,1,1.0
-0.0,6,1.0,2119,0,0,0,0,0.0,6,322,1,1.0
-0.0,7,1.0,2435,0,0,0,0,0.0,7,322,1,1.0
-0.0,8,1.0,2740,0,0,0,0,0.0,8,322,1,1.0
-0.0,9,1.0,3100,0,0,0,0,0.0,9,322,1,1.0
-0.0,10,1.0,3495,0,0,0,0,0.0,10,322,1,1.0
-0.0,11,1.0,3831,0,0,0,0,0.0,11,322,1,1.0
-0.0,12,1.0,4137,0,0,0,0,0.0,12,322,1,1.0
-0.0,13,1.0,4499,0,0,0,0,0.0,13,322,1,1.0
-0.0,14,1.0,4854,0,0,0,0,0.0,14,322,1,1.0
-0.0,15,1.0,5231,0,0,0,0,0.0,15,322,1,1.0
-0.0,1,1.0,1024,0,0,0,0,0.0,1,323,1,1.0
-0.0,2,1.0,1399,0,0,0,0,0.0,2,323,1,1.0
-0.0,3,1.0,2064,0,0,0,0,0.0,3,323,1,1.0
-0.0,4,1.0,2579,0,0,0,0,0.0,4,323,1,1.0
-0.0,5,1.0,2999,0,0,0,0,0.0,5,323,1,1.0
-0.0,6,1.0,3497,0,0,0,0,0.0,6,323,1,1.0
-0.0,7,1.0,4037,0,0,0,0,0.0,7,323,1,1.0
-0.0,8,1.0,4698,0,0,0,0,0.0,8,323,1,1.0
0.34883209584303193,9,0.8888888888888888,5198,0,0,0,0,0.0,9,323,2,0.7777777777777778
0.5004024235381879,10,0.8,5752,0,0,0,0,0.0,10,323,2,0.6
0.47413931305783735,11,0.8181818181818182,6192,0,0,0,0,0.0,11,323,2,0.6363636363636364
0.45056120886630463,12,0.8333333333333334,6821,0,0,0,0,0.0,12,323,2,0.6666666666666666
0.4293230219306162,13,0.8461538461538461,7845,0,0,0,0,0.0,13,323,2,0.6923076923076923
0.410116318288409,14,0.8571428571428571,8869,0,0,0,0,0.0,14,323,2,0.7142857142857143
0.39267446722755217,15,0.8666666666666667,9305,0,0,0,0,0.0,15,323,2,0.7333333333333333
-0.0,1,1.0,823,1,1,1,0,0.0,1,324,1,1.0
0.6931471805599453,2,0.5,1847,1,1,1,0,0.0,2,324,2,0.0
1.0986122886681096,3,0.3333333333333333,2466,1,1,1,0,0.0,3,324,3,0.0
1.3862943611198906,4,0.25,3490,1,1,1,0,0.0,4,324,4,0.0
1.3321790402101223,1,0.4,4383,0,0,0,0,0.0,5,324,4,0.2
1.242453324894,2,0.5,5214,0,0,0,0,0.0,6,324,4,0.3333333333333333
1.1537419427010902,3,0.5714285714285714,6034,0,0,0,0,0.0,7,324,4,0.42857142857142855
1.3862943611198906,4,0.5,6760,0,0,0,0,0.0,8,324,5,0.375
1.303092403761719,5,0.5555555555555556,7558,0,0,0,0,0.0,9,324,5,0.4444444444444444
1.3592367006650063,6,0.5,8210,0,0,0,0,0.0,10,324,5,0.3
1.3592367006650063,7,0.5,9234,0,0,0,0,0.09090909090909091,11,324,5,0.3
1.4142790651247086,8,0.45454545454545453,9956,0,0,0,0,0.08333333333333333,12,324,5,0.2727272727272727
1.3579778549873243,9,0.5,10734,0,0,0,0,0.07692307692307693,13,324,5,0.3333333333333333
1.303875529336385,10,0.5384615384615384,11501,0,0,0,0,0.07142857142857142,14,324,5,0.38461538461538464
1.303875529336385,11,0.5384615384615384,12525,0,0,0,0,0.13333333333333333,15,324,5,0.38461538461538464
-0.0,1,1.0,461,0,0,0,0,0.0,1,325,1,1.0
-0.0,2,1.0,919,0,0,0,0,0.0,2,325,1,1.0
-0.0,3,1.0,1392,0,0,0,0,0.0,3,325,1,1.0
-0.0,4,1.0,1852,0,0,0,0,0.0,4,325,1,1.0
-0.0,5,1.0,2313,0,0,0,0,0.0,5,325,1,1.0
-0.0,6,1.0,2731,0,0,0,0,0.0,6,325,1,1.0
-0.0,7,1.0,3182,0,0,0,0,0.0,7,325,1,1.0
-0.0,8,1.0,3663,0,0,0,0,0.0,8,325,1,1.0
-0.0,9,1.0,4126,0,0,0,0,0.0,9,325,1,1.0
-0.0,10,1.0,4575,0,0,0,0,0.0,10,325,1,1.0
-0.0,11,1.0,5040,0,0,0,0,0.0,11,325,1,1.0
-0.0,12,1.0,5484,0,0,0,0,0.0,12,325,1,1.0
-0.0,13,1.0,5925,0,0,0,0,0.0,13,325,1,1.0
-0.0,14,1.0,6346,0,0,0,0,0.0,14,325,1,1.0
-0.0,15,1.0,6805,0,0,0,0,0.0,15,325,1,1.0
,0,,1024,1,1,1,0,1.0,1,326,0,
,0,,2048,1,1,1,0,1.0,2,326,0,
-0.0,1,1.0,2611,0,0,0,0,0.6666666666666666,3,326,1,1.0
-0.0,2,1.0,3635,0,0,0,0,0.75,4,326,1,1.0
-0.0,3,1.0,4659,0,0,0,0,0.8,5,326,1,1.0
-0.0,4,1.0,5683,0,0,0,0,0.8333333333333334,6,326,1,1.0
-0.0,5,1.0,6693,0,0,0,0,0.7142857142857143,7,326,1,1.0
-0.0,6,1.0,7717,0,0,0,0,0.625,8,326,1,1.0
0.5623351446188083,7,0.75,8732,0,0,0,0,0.5555555555555556,9,326,2,0.5
0.5623351446188083,8,0.75,9756,0,0,0,0,0.6,10,326,2,0.5
0.6730116670092565,9,0.6,10746,0,0,0,0,0.5454545454545454,11,326,2,0.2
0.6730116670092565,10,0.6,11770,0,0,0,0,0.5833333333333334,12,326,2,0.2
0.6730116670092565,11,0.6,12794,0,0,0,0,0.6153846153846154,13,326,2,0.2
0.6730116670092565,12,0.6,13818,0,0,0,0,0.6428571428571429,14,326,2,0.2
0.6730116670092565,13,0.6,14842,0,0,0,0,0.6666666666666666,15,326,2,0.2
-0.0,1,1.0,957,0,0,0,0,0.0,1,327,1,1.0
-0.0,2,1.0,1981,0,0,0,0,0.5,2,327,1,1.0
0.6931471805599453,3,0.5,3005,0,0,0,0,0.3333333333333333,3,327,2,0.0
1.0986122886681096,4,0.3333333333333333,4029,0,0,0,0,0.25,4,327,3,0.0
1.0986122886681096,5,0.3333333333333333,5053,0,0,0,0,0.4,5,327,3,0.0
1.0986122886681096,6,0.3333333333333333,6077,0,0,0,0,0.5,6,327,3,0.0
1.0986122886681096,7,0.3333333333333333,7101,0,0,0,0,0.5714285714285714,7,327,3,0.0
1.0986122886681096,8,0.3333333333333333,8125,0,0,0,0,0.625,8,327,3,0.0
1.0986122886681096,9,0.3333333333333333,9149,0,0,0,0,0.6666666666666666,9,327,3,0.0
1.0986122886681096,10,0.3333333333333333,10173,0,0,0,0,0.7,10,327,3,0.0
1.3862943611198906,11,0.25,10929,0,0,0,0,0.6363636363636364,11,327,4,0.0
1.3862943611198906,12,0.25,11953,0,0,0,0,0.6666666666666666,12,327,4,0.0
1.3862943611198906,13,0.25,12977,0,0,0,0,0.6923076923076923,13,327,4,0.0
1.3862943611198906,14,0.25,14001,0,0,0,0,0.7142857142857143,14,327,4,0.0
1.3862943611198906,15,0.25,15025,0,0,0,0,0.7333333333333333,15,327,4,0.0
-0.0,1,1.0,809,0,0,0,0,0.0,1,328,1,1.0
0.6931471805599453,2,0.5,1561,0,0,0,0,0.0,2,328,2,0.0
0.6365141682948128,3,0.6666666666666666,2382,0,0,0,0,0.0,3,328,2,0.3333333333333333
0.5623351446188083,4,0.75,3099,0,0,0,0,0.0,4,328,2,0.5
0.6730116670092565,5,0.6,3640,0,0,0,0,0.0,5,328,2,0.2
0.6931471805599453,6,0.5,4135,0,0,0,0,0.0,6,328,2,0.0
0.6829081047004717,7,0.5714285714285714,4904,0,0,0,0,0.0,7,328,2,0.14285714285714285
0.6615632381579821,8,0.625,5774,0,0,0,0,0.0,8,328,2,0.25
0.6365141682948128,9,0.6666666666666666,6576,0,0,0,0,0.0,9,328,2,0.3333333333333333
0.6108643020548935,10,0.7,7318,0,0,0,0,0.0,10,328,2,0.4
0.5859526183035508,11,0.7272727272727273,7989,0,0,0,0,0.0,11,328,2,0.45454545454545453
0.5859526183035508,12,0.7272727272727273,9013,0,0,0,0,0.08333333333333333,12,328,2,0.45454545454545453
0.5623351446188083,13,0.75,9644,0,0,0,0,0.07692307692307693,13,328,2,0.5
0.6172417697303416,14,0.6923076923076923,10090,0,0,0,0,0.07142857142857142,14,328,2,0.38461538461538464
0.5982695885852573,15,0.7142857142857143,10943,0,0,0,0,0.06666666666666667,15,328,2,0.42857142857142855
-0.0,1,1.0,211,0,0,0,0,0.0,1,329,1,1.0
-0.0,2,1.0,417,0,0,0,0,0.0,2,329,1,1.0
-0.0,3,1.0,630,0,0,0,0,0.0,3,329,1,1.0
-0.0,4,1.0,849,0,0,0,0,0.0,4,329,1,1.0
-0.0,5,1.0,1120,0,0,0,0,0.0,5,329,1,1.0
-0.0,6,1.0,1329,0,0,0,0,0.0,6,329,1,1.0
-0.0,7,1.0,1542,0,0,0,0,0.0,7,329,1,1.0
-0.0,8,1.0,1790,0,0,0,0,0.0,8,329,1,1.0
-0.0,9,1.0,1998,0,0,0,0,0.0,9,329,1,1.0
-0.0,10,1.0,2211,0,0,0,0,0.0,10,329,1,1.0
-0.0,11,1.0,2481,0,0,0,0,0.0,11,329,1,1.0
-0.0,12,1.0,2711,0,0,0,0,0.0,12,329,1,1.0
-0.0,13,1.0,2921,0,0,0,0,0.0,13,329,1,1.0
-0.0,14,1.0,3151,0,0,0,0,0.0,14,329,1,1.0
-0.0,15,1.0,3382,0,0,0,0,0.0,15,329,1,1.0
-0.0,1,1.0,861,0,0,0,0,0.0,1,330,1,1.0
-0.0,2,1.0,1246,0,0,0,0,0.0,2,330,1,1.0
-0.0,3,1.0,1732,0,0,0,0,0.0,3,330,1,1.0
-0.0,4,1.0,2226,0,0,0,0,0.0,4,330,1,1.0
-0.0,5,1.0,2840,0,0,0,0,0.0,5,330,1,1.0
-0.0,6,1.0,3171,0,0,0,0,0.0,6,330,1,1.0
-0.0,7,1.0,3588,0,0,0,0,0.0,7,330,1,1.0
-0.0,8,1.0,3968,0,0,0,0,0.0,8,330,1,1.0
-0.0,9,1.0,4614,0,0,0,0,0.0,9,330,1,1.0
-0.0,10,1.0,5018,0,0,0,0,0.0,10,330,1,1.0
-0.0,11,1.0,5595,0,0,0,0,0.0,11,330,1,1.0
-0.0,12,1.0,6093,0,0,0,0,0.0,12,330,1,1.0
-0.0,13,1.0,6525,0,0,0,0,0.0,13,330,1,1.0
-0.0,14,1.0,7110,0,0,0,0,0.0,14,330,1,1.0
-0.0,15,1.0,7536,0,0,0,0,0.0,15,330,1,1.0
-0.0,1,1.0,784,0,0,0,0,0.0,1,331,1,1.0
-0.0,2,1.0,1483,0,0,0,0,0.0,2,331,1,1.0
0.6365141682948128,3,0.6666666666666666,2216,0,0,0,0,0.0,3,331,2,0.3333333333333333
0.5623351446188083,4,0.75,2915,0,0,0,0,0.0,4,331,2,0.5
0.5004024235381879,5,0.8,3598,0,0,0,0,0.0,5,331,2,0.6
0.45056120886630463,6,0.8333333333333334,4302,0,0,0,0,0.0,6,331,2,0.6666666666666666
0.5982695885852573,7,0.7142857142857143,4994,0,0,0,0,0.0,7,331,2,0.42857142857142855
0.5623351446188083,8,0.75,5699,0,0,0,0,0.0,8,331,2,0.5
0.5297061990576545,9,0.7777777777777778,6298,0,0,0,0,0.0,9,331,2,0.5555555555555556
0.5004024235381879,10,0.8,6983,0,0,0,0,0.0,10,331,2,0.6
0.47413931305783735,11,0.8181818181818182,7710,0,0,0,0,0.0,11,331,2,0.6363636363636364
0.45056120886630463,12,0.8333333333333334,8458,0,0,0,0,0.0,12,331,2,0.6666666666666666
0.4293230219306162,13,0.8461538461538461,9195,0,0,0,0,0.0,13,331,2,0.6923076923076923
0.410116318288409,14,0.8571428571428571,9842,0,0,0,0,0.0,14,331,2,0.7142857142857143
0.5004024235381879,15,0.8,10547,0,0,0,0,0.0,15,331,2,0.6
-0.0,1,1.0,699,0,0,0,0,0.0,1,332,1,1.0
0.6931471805599453,2,0.5,1250,0,0,0,0,0.0,2,332,2,0.0
1.0986122886681096,3,0.3333333333333333,1861,0,0,0,0,0.0,3,332,3,0.0
1.0397207708399179,1,0.5,2508,1,1,1,0,0.0,4,332,3,0.25
0.9502705392332347,2,0.6,3178,1,1,1,0,0.0,5,332,3,0.4
1.0114042647073518,3,0.5,3721,1,1,1,0,0.0,6,332,3,0.16666666666666666
1.0042424730540764,1,0.42857142857142855,4592,0,0,0,0,0.0,7,332,3,0.0
0.9743147528693494,1,0.5,5060,1,1,1,0,0.0,8,332,3,0.125
0.9743147528693494,2,0.5,6084,1,1,1,0,0.1111111111111111,9,332,3,0.125
0.9649629230074277,1,0.4444444444444444,6596,0,0,0,0,0.1,10,332,3,0.0
0.9433483923290392,1,0.5,7095,1,1,1,0,0.09090909090909091,11,332,3,0.1
0.9347698978582794,1,0.45454545454545453,7840,0,0,0,0,0.08333333333333333,12,332,3,0.0
1.14370838942625,2,0.4166666666666667,8772,0,0,0,0,0.07692307692307693,13,332,4,0.0
1.1189688668816267,3,0.46153846153846156,9294,0,0,0,0,0.07142857142857142,14,332,4,0.07692307692307693
1.0913030006468518,4,0.5,9980,0,0,0,0,0.06666666666666667,15,332,4,0.14285714285714285
,0,,1024,1,1,1,0,1.0,1,333,0,
-0.0,1,1.0,1609,0,0,0,0,0.5,2,333,1,1.0
-0.0,2,1.0,2633,0,0,0,0,0.6666666666666666,3,333,1,1.0
-0.0,3,1.0,3570,0,0,0,0,0.5,4,333,1,1.0
-0.0,4,1.0,4404,0,0,0,0,0.4,5,333,1,1.0
-0.0,5,1.0,5303,0,0,0,0,0.3333333333333333,6,333,1,1.0
-0.0,6,1.0,6327,0,0,0,0,0.42857142857142855,7,333,1,1.0
-0.0,7,1.0,7068,0,0,0,0,0.375,8,333,1,1.0
-0.0,8,1.0,7753,0,0,0,0,0.3333333333333333,9,333,1,1.0
-0.0,9,1.0,8533,0,0,0,0,0.3,10,333,1,1.0
-0.0,10,1.0,9557,0,0,0,0,0.36363636363636365,11,333,1,1.0
-0.0,11,1.0,10292,0,0,0,0,0.3333333333333333,12,333,1,1.0
-0.0,12,1.0,11316,0,0,0,0,0.38461538461538464,13,333,1,1.0
-0.0,13,1.0,11792,0,0,0,0,0.35714285714285715,14,333,1,1.0
-0.0,14,1.0,12537,0,0,0,0,0.3333333333333333,15,333,1,1.0
-0.0,1,1.0,548,0,0,0,0,0.0,1,334,1,1.0
-0.0,2,1.0,1013,0,0,0,0,0.0,2,334,1,1.0
-0.0,3,1.0,1407,0,0,0,0,0.0,3,334,1,1.0
-0.0,4,1.0,1929,0,0,0,0,0.0,4,334,1,1.0
-0.0,5,1.0,2452,0,0,0,0,0.0,5,334,1,1.0
-0.0,6,1.0,2971,0,0,0,0,0.0,6,334,1,1.0
-0.0,7,1.0,3419,0,0,0,0,0.0,7,334,1,1.0
-0.0,8,1.0,4030,0,0,0,0,0.0,8,334,1,1.0
-0.0,9,1.0,4542,0,0,0,0,0.0,9,334,1,1.0
-0.0,10,1.0,5079,0,0,0,0,0.0,10,334,1,1.0
-0.0,11,1.0,5552,0,0,0,0,0.0,11,334,1,1.0
-0.0,12,1.0,6028,0,0,0,0,0.0,12,334,1,1.0
-0.0,13,1.0,6544,0,0,0,0,0.0,13,334,1,1.0
-0.0,14,1.0,7066,0,0,0,0,0.0,14,334,1,1.0
-0.0,15,1.0,7524,0,0,0,0,0.0,15,334,1,1.0
-0.0,1,1.0,849,0,0,0,0,0.0,1,335,1,1.0
-0.0,2,1.0,1564,0,0,0,0,0.0,2,335,1,1.0
-0.0,3,1.0,2276,0,0,0,0,0.0,3,335,1,1.0
-0.0,4,1.0,3012,0,0,0,0,0.0,4,335,1,1.0
-0.0,5,1.0,3734,0,0,0,0,0.0,5,335,1,1.0
-0.0,6,1.0,4469,0,0,0,0,0.0,6,335,1,1.0
-0.0,7,1.0,5217,0,0,0,0,0.0,7,335,1,1.0
-0.0,8,1.0,5935,0,0,0,0,0.0,8,335,1,1.0
-0.0,9,1.0,6669,0,0,0,0,0.0,9,335,1,1.0
-0.0,10,1.0,7372,0,0,0,0,0.0,10,335,1,1.0
-0.0,11,1.0,8075,0,0,0,0,0.0,11,335,1,1.0
-0.0,12,1.0,8793,0,0,0,0,0.0,12,335,1,1.0
-0.0,13,1.0,9514,0,0,0,0,0.0,13,335,1,1.0
-0.0,14,1.0,10207,0,0,0,0,0.0,14,335,1,1.0
-0.0,15,1.0,10930,0,0,0,0,0.0,15,335,1,1.0
-0.0,1,1.0,290,0,0,0,0,0.0,1,336,1,1.0
-0.0,2,1.0,523,0,0,0,0,0.0,2,336,1,1.0
-0.0,3,1.0,790,0,0,0,0,0.0,3,336,1,1.0
-0.0,4,1.0,1066,0,0,0,0,0.0,4,336,1,1.0
-0.0,5,1.0,1337,0,0,0,0,0.0,5,336,1,1.0
-0.0,6,1.0,1609,0,0,0,0,0.0,6,336,1,1.0
-0.0,7,1.0,1844,0,0,0,0,0.0,7,336,1,1.0
-0.0,8,1.0,2105,0,0,0,0,0.0,8,336,1,1.0
-0.0,9,1.0,2420,0,0,0,0,0.0,9,336,1,1.0
-0.0,10,1.0,2701,0,0,0,0,0.0,10,336,1,1.0
-0.0,11,1.0,2950,0,0,0,0,0.0,11,336,1,1.0
-0.0,12,1.0,3216,0,0,0,0,0.0,12,336,1,1.0
-0.0,13,1.0,3475,0,0,0,0,0.0,13,336,1,1.0
-0.0,14,1.0,3737,0,0,0,0,0.0,14,336,1,1.0
-0.0,15,1.0,3985,0,0,0,0,0.0,15,336,1,1.0
-0.0,1,1.0,298,0,0,0,0,0.0,1,337,1,1.0
-0.0,2,1.0,637,0,0,0,0,0.0,2,337,1,1.0
-0.0,3,1.0,1192,0,0,0,0,0.0,3,337,1,1.0
-0.0,4,1.0,1514,0,0,0,0,0.0,4,337,1,1.0
-0.0,5,1.0,1962,0,0,0,0,0.0,5,337,1,1.0
-0.0,6,1.0,2282,0,0,0,0,0.0,6,337,1,1.0
0.410116318288409,7,0.8571428571428571,3061,0,0,0,0,0.0,7,337,2,0.7142857142857143
0.37677016125643675,8,0.875,3464,0,0,0,0,0.0,8,337,2,0.75
0.34883209584303193,9,0.8888888888888888,3791,0,0,0,0,0.0,9,337,2,0.7777777777777778
0.3250829733914482,10,0.9,4132,0,0,0,0,0.0,10,337,2,0.8
0.30463609734923813,11,0.9090909090909091,4463,0,0,0,0,0.0,11,337,2,0.8181818181818182
0.2868359830561607,12,0.9166666666666666,4969,0,0,0,0,0.0,12,337,2,0.8333333333333334
0.2711893730418441,13,0.9230769230769231,5993,0,0,0,0,0.0,13,337,2,0.8461538461538461
0.25731864054383163,14,0.9285714285714286,6408,0,0,0,0,0.0,14,337,2,0.8571428571428571
0.24493002679463532,15,0.9333333333333333,6719,0,0,0,0,0.0,15,337,2,0.8666666666666667
-0.0,1,1.0,330,0,0,0,0,0.0,1,338,1,1.0
-0.0,2,1.0,690,0,0,0,0,0.0,2,338,1,1.0
-0.0,3,1.0,1042,0,0,0,0,0.0,3,338,1,1.0
-0.0,4,1.0,1394,0,0,0,0,0.0,4,338,1,1.0
-0.0,5,1.0,1712,0,0,0,0,0.0,5,338,1,1.0
-0.0,6,1.0,2059,0,0,0,0,0.0,6,338,1,1.0
-0.0,7,1.0,2406,0,0,0,0,0.0,7,338,1,1.0
-0.0,8,1.0,2741,0,0,0,0,0.0,8,338,1,1.0
-0.0,9,1.0,3075,0,0,0,0,0.0,9,338,1,1.0
-0.0,10,1.0,3393,0,0,0,0,0.0,10,338,1,1.0
-0.0,11,1.0,3768,0,0,0,0,0.0,11,338,1,1.0
-0.0,12,1.0,4022,0,0,0,0,0.0,12,338,1,1.0
-0.0,13,1.0,5046,0,0,0,0,0.0,13,338,1,1.0
-0.0,14,1.0,5357,0,0,0,0,0.0,14,338,1,1.0
-0.0,15,1.0,5664,0,0,0,0,0.0,15,338,1,1.0
-0.0,1,1.0,586,0,0,0,0,0.0,1,339,1,1.0
0.6931471805599453,2,0.5,1119,0,0,0,0,0.0,2,339,2,0.0
0.6365141682948128,3,0.6666666666666666,1592,0,0,0,0,0.0,3,339,2,0.3333333333333333
0.5623351446188083,4,0.75,2218,0,0,0,0,0.0,4,339,2,0.5
0.5004024235381879,5,0.8,2867,0,0,0,0,0.0,5,339,2,0.6
0.45056120886630463,6,0.8333333333333334,3444,0,0,0,0,0.0,6,339,2,0.6666666666666666
0.410116318288409,7,0.8571428571428571,4231,0,0,0,0,0.0,7,339,2,0.7142857142857143
0.37677016125643675,8,0.875,4778,0,0,0,0,0.0,8,339,2,0.75
0.34883209584303193,9,0.8888888888888888,5283,0,0,0,0,0.0,9,339,2,0.7777777777777778
0.3250829733914482,10,0.9,5886,0,0,0,0,0.0,10,339,2,0.8
0.30463609734923813,11,0.9090909090909091,6497,0,0,0,0,0.0,11,339,2,0.8181818181818182
0.2868359830561607,12,0.9166666666666666,7165,0,0,0,0,0.0,12,339,2,0.8333333333333334
0.5359610497090694,13,0.8461538461538461,7678,0,0,0,0,0.0,13,339,3,0.7692307692307693
0.509137344082687,14,0.8571428571428571,8386,0,0,0,0,0.0,14,339,3,0.7857142857142857
0.6277052571971504,15,0.8,8933,0,0,0,0,0.0,15,339,3,0.6666666666666666
,0,,1024,0,0,0,0,1.0,1,340,0,
,0,,2048,0,0,0,0,1.0,2,340,0,
,0,,3072,0,0,0,0,1.0,3,340,0,
,0,,4096,0,0,0,0,1.0,4,340,0,
,0,,5120,0,0,0,0,1.0,5,340,0,
,0,,6144,0,0,0,0,1.0,6,340,0,
,0,,7168,0,0,0,0,1.0,7,340,0,
,0,,8192,0,0,0,0,1.0,8,340,0,
,0,,9216,0,0,0,0,1.0,9,340,0,
,0,,10240,0,0,0,0,1.0,10,340,0,
,0,,11264,0,0,0,0,1.0,11,340,0,
,0,,12288,0,0,0,0,1.0,12,340,0,
,0,,13312,0,0,0,0,1.0,13,340,0,
,0,,14336,0,0,0,0,1.0,14,340,0,
,0,,15360,0,0,0,0,1.0,15,340,0,
-0.0,1,1.0,357,0,0,0,0,0.0,1,341,1,1.0
-0.0,2,1.0,710,0,0,0,0,0.0,2,341,1,1.0
-0.0,3,1.0,1147,0,0,0,0,0.0,3,341,1,1.0
-0.0,4,1.0,1505,0,0,0,0,0.0,4,341,1,1.0
-0.0,5,1.0,1951,0,0,0,0,0.0,5,341,1,1.0
-0.0,6,1.0,2336,0,0,0,0,0.0,6,341,1,1.0
-0.0,7,1.0,2793,0,0,0,0,0.0,7,341,1,1.0
-0.0,8,1.0,3152,0,0,0,0,0.0,8,341,1,1.0
-0.0,9,1.0,3461,0,0,0,0,0.0,9,341,1,1.0
-0.0,10,1.0,3854,0,0,0,0,0.0,10,341,1,1.0
-0.0,11,1.0,4382,0,0,0,0,0.0,11,341,1,1.0
0.2868359830561607,12,0.9166666666666666,5406,0,0,0,0,0.0,12,341,2,0.8333333333333334
0.2711893730418441,13,0.9230769230769231,5768,0,0,0,0,0.0,13,341,2,0.8461538461538461
0.25731864054383163,14,0.9285714285714286,6068,0,0,0,0,0.0,14,341,2,0.8571428571428571
0.24493002679463532,15,0.9333333333333333,6534,0,0,0,0,0.0,15,341,2,0.8666666666666667
-0.0,1,1.0,300,0,0,0,0,0.0,1,342,1,1.0
-0.0,2,1.0,651,0,0,0,0,0.0,2,342,1,1.0
-0.0,3,1.0,1091,0,0,0,0,0.0,3,342,1,1.0
-0.0,4,1.0,1389,0,0,0,0,0.0,4,342,1,1.0
-0.0,5,1.0,1721,0,0,0,0,0.0,5,342,1,1.0
-0.0,6,1.0,2367,0,0,0,0,0.0,6,342,1,1.0
-0.0,7,1.0,2672,0,0,0,0,0.0,7,342,1,1.0
-0.0,8,1.0,2987,0,0,0,0,0.0,8,342,1,1.0
-0.0,9,1.0,3393,0,0,0,0,0.0,9,342,1,1.0
-0.0,10,1.0,3720,0,0,0,0,0.0,10,342,1,1.0
-0.0,11,1.0,4196,0,0,0,0,0.0,11,342,1,1.0
-0.0,12,1.0,4469,0,0,0,0,0.0,12,342,1,1.0
-0.0,13,1.0,4795,0,0,0,0,0.0,13,342,1,1.0
-0.0,14,1.0,5100,0,0,0,0,0.0,14,342,1,1.0
-0.0,15,1.0,5382,0,0,0,0,0.0,15,342,1,1.0
-0.0,1,1.0,419,0,0,0,0,0.0,1,343,1,1.0
-0.0,2,1.0,775,0,0,0,0,0.0,2,343,1,1.0
-0.0,3,1.0,1128,0,0,0,0,0.0,3,343,1,1.0
-0.0,4,1.0,1506,0,0,0,0,0.0,4,343,1,1.0
-0.0,5,1.0,1880,0,0,0,0,0.0,5,343,1,1.0
-0.0,6,1.0,2301,0,0,0,0,0.0,6,343,1,1.0
-0.0,7,1.0,2648,0,0,0,0,0.0,7,343,1,1.0
-0.0,8,1.0,2980,0,0,0,0,0.0,8,343,1,1.0
-0.0,9,1.0,3394,0,0,0,0,0.0,9,343,1,1.0
-0.0,10,1.0,3743,0,0,0,0,0.0,10,343,1,1.0
-0.0,11,1.0,4102,0,0,0,0,0.0,11,343,1,1.0
-0.0,12,1.0,4469,0,0,0,0,0.0,12,343,1,1.0
-0.0,13,1.0,4835,0,0,0,0,0.0,13,343,1,1.0
-0.0,14,1.0,5192,0,0,0,0,0.0,14,343,1,1.0
-0.0,15,1.0,5547,0,0,0,0,0.0,15,343,1,1.0
-0.0,1,1.0,394,0,0,0,0,0.0,1,344,1,1.0
-0.0,2,1.0,818,0,0,0,0,0.0,2,344,1,1.0
-0.0,3,1.0,1217,0,0,0,0,0.0,3,344,1,1.0
-0.0,4,1.0,1641,0,0,0,0,0.0,4,344,1,1.0
-0.0,5,1.0,2098,0,0,0,0,0.0,5,344,1,1.0
-0.0,6,1.0,2503,0,0,0,0,0.0,6,344,1,1.0
-0.0,7,1.0,2916,0,0,0,0,0.0,7,344,1,1.0
-0.0,8,1.0,3338,0,0,0,0,0.0,8,344,1,1.0
-0.0,9,1.0,3580,0,0,0,0,0.0,9,344,1,1.0
-0.0,10,1.0,4014,0,0,0,0,0.0,10,344,1,1.0
-0.0,11,1.0,4426,0,0,0,0,0.0,11,344,1,1.0
-0.0,12,1.0,4837,0,0,0,0,0.0,12,344,1,1.0
-0.0,13,1.0,5290,0,0,0,0,0.0,13,344,1,1.0
-0.0,14,1.0,5729,0,0,0,0,0.0,14,344,1,1.0
-0.0,15,1.0,6120,0,0,0,0,0.0,15,344,1,1.0
-0.0,1,1.0,222,0,0,0,0,0.0,1,345,1,1.0
-0.0,2,1.0,543,0,0,0,0,0.0,2,345,1,1.0
-0.0,3,1.0,859,0,0,0,0,0.0,3,345,1,1.0
-0.0,4,1.0,1883,0,0,0,0,0.0,4,345,1,1.0
-0.0,5,1.0,2184,0,0,0,0,0.0,5,345,1,1.0
-0.0,6,1.0,2479,0,0,0,0,0.0,6,345,1,1.0
-0.0,7,1.0,2778,0,0,0,0,0.0,7,345,1,1.0
-0.0,8,1.0,3029,0,0,0,0,0.0,8,345,1,1.0
0.34883209584303193,9,0.8888888888888888,3367,0,0,0,0,0.0,9,345,2,0.7777777777777778
0.3250829733914482,10,0.9,3653,0,0,0,0,0.0,10,345,2,0.8
0.30463609734923813,11,0.9090909090909091,3985,0,0,0,0,0.0,11,345,2,0.8181818181818182
0.2868359830561607,12,0.9166666666666666,4384,0,0,0,0,0.0,12,345,2,0.8333333333333334
0.2711893730418441,13,0.9230769230769231,4608,0,0,0,0,0.0,13,345,2,0.8461538461538461
0.25731864054383163,14,0.9285714285714286,4831,0,0,0,0,0.0,14,345,2,0.8571428571428571
0.24493002679463532,15,0.9333333333333333,5855,0,0,0,0,0.0,15,345,2,0.8666666666666667
-0.0,1,1.0,445,0,0,0,0,0.0,1,346,1,1.0
-0.0,2,1.0,859,0,0,0,0,0.0,2,346,1,1.0
-0.0,3,1.0,1560,0,0,0,0,0.0,3,346,1,1.0
-0.0,4,1.0,2007,0,0,0,0,0.0,4,346,1,1.0
-0.0,5,1.0,2450,0,0,0,0,0.0,5,346,1,1.0
-0.0,6,1.0,2899,0,0,0,0,0.0,6,346,1,1.0
-0.0,7,1.0,3409,0,0,0,0,0.0,7,346,1,1.0
-0.0,8,1.0,3925,0,0,0,0,0.0,8,346,1,1.0
-0.0,9,1.0,4363,0,0,0,0,0.0,9,346,1,1.0
-0.0,10,1.0,4800,0,0,0,0,0.0,10,346,1,1.0
-0.0,11,1.0,5145,0,0,0,0,0.0,11,346,1,1.0
-0.0,12,1.0,5478,0,0,0,0,0.0,12,346,1,1.0
-0.0,13,1.0,5890,0,0,0,0,0.0,13,346,1,1.0
-0.0,14,1.0,6270,0,0,0,0,0.0,14,346,1,1.0
-0.0,15,1.0,6760,0,0,0,0,0.0,15,346,1,1.0
-0.0,1,1.0,371,0,0,0,0,0.0,1,347,1,1.0
-0.0,2,1.0,733,0,0,0,0,0.0,2,347,1,1.0
-0.0,3,1.0,1185,0,0,0,0,0.0,3,347,1,1.0
-0.0,4,1.0,1600,0,0,0,0,0.0,4,347,1,1.0
-0.0,5,1.0,1962,0,0,0,0,0.0,5,347,1,1.0
-0.0,6,1.0,2388,0,0,0,0,0.0,6,347,1,1.0
-0.0,7,1.0,2785,0,0,0,0,0.0,7,347,1,1.0
-0.0,8,1.0,3182,0,0,0,0,0.0,8,347,1,1.0
0.34883209584303193,9,0.8888888888888888,3577,0,0,0,0,0.0,9,347,2,0.7777777777777778
0.3250829733914482,10,0.9,3999,0,0,0,0,0.0,10,347,2,0.8
0.30463609734923813,11,0.9090909090909091,4446,0,0,0,0,0.0,11,347,2,0.8181818181818182
0.2868359830561607,12,0.9166666666666666,4865,0,0,0,0,0.0,12,347,2,0.8333333333333334
0.2711893730418441,13,0.9230769230769231,5503,0,0,0,0,0.0,13,347,2,0.8461538461538461
0.25731864054383163,14,0.9285714285714286,5891,0,0,0,0,0.0,14,347,2,0.8571428571428571
0.24493002679463532,15,0.9333333333333333,6349,0,0,0,0,0.0,15,347,2,0.8666666666666667
-0.0,1,1.0,480,0,0,0,0,0.0,1,348,1,1.0
-0.0,2,1.0,947,0,0,0,0,0.0,2,348,1,1.0
-0.0,3,1.0,1341,0,0,0,0,0.0,3,348,1,1.0
-0.0,4,1.0,1779,0,0,0,0,0.0,4,348,1,1.0
-0.0,5,1.0,2225,0,0,0,0,0.0,5,348,1,1.0
-0.0,6,1.0,2701,0,0,0,0,0.0,6,348,1,1.0
-0.0,7,1.0,3147,0,0,0,0,0.0,7,348,1,1.0
-0.0,8,1.0,3591,0,0,0,0,0.0,8,348,1,1.0
0.34883209584303193,9,0.8888888888888888,4049,0,0,0,0,0.0,9,348,2,0.7777777777777778
0.5004024235381879,10,0.8,4499,0,0,0,0,0.0,10,348,2,0.6
0.5859526183035508,11,0.7272727272727273,5002,0,0,0,0,0.0,11,348,2,0.45454545454545453
0.5623351446188083,12,0.75,5411,0,0,0,0,0.0,12,348,2,0.5
0.5402041423888608,13,0.7692307692307693,5924,0,0,0,0,0.0,13,348,2,0.5384615384615384
0.5982695885852573,14,0.7142857142857143,6430,0,0,0,0,0.0,14,348,2,0.42857142857142855
0.5799151714181009,15,0.7333333333333333,6842,0,0,0,0,0.0,15,348,2,0.4666666666666667
-0.0,1,1.0,242,0,0,0,0,0.0,1,349,1,1.0
-0.0,2,1.0,466,0,0,0,0,0.0,2,349,1,1.0
0.6365141682948128,3,0.6666666666666666,805,0,0,0,0,0.0,3,349,2,0.3333333333333333
1.0397207708399179,4,0.5,1143,0,0,0,0,0.0,4,349,3,0.25
0.9502705392332347,5,0.6,1503,0,0,0,0,0.0,5,349,3,0.4
0.8675632284814612,6,0.6666666666666666,1745,0,0,0,0,0.0,6,349,3,0.5
0.9556998911125343,7,0.5714285714285714,2096,0,0,0,0,0.0,7,349,3,0.2857142857142857
1.2130075659799042,8,0.5,2405,0,0,0,0,0.0,8,349,4,0.25
1.1490596969706202,9,0.5555555555555556,2635,0,0,0,0,0.0,9,349,4,0.3333333333333333
1.0888999753452238,10,0.6,2879,0,0,0,0,0.0,10,349,4,0.4
1.0335620542068176,11,0.6363636363636364,3224,0,0,0,0,0.0,11,349,4,0.45454545454545453
0.9830877585747855,12,0.6666666666666666,3603,0,0,0,0,0.0,12,349,4,0.5
1.0317671113505356,13,0.6153846153846154,3902,0,0,0,0,0.0,13,349,4,0.38461538461538464
0.9911388966130941,14,0.6428571428571429,4123,0,0,0,0,0.0,14,349,4,0.42857142857142855
1.1699929969668565,15,0.6,4441,0,0,0,0,0.0,15,349,5,0.4
-0.0,1,1.0,349,0,0,0,0,0.0,1,350,1,1.0
-0.0,2,1.0,632,0,0,0,0,0.0,2,350,1,1.0
-0.0,3,1.0,918,0,0,0,0,0.0,3,350,1,1.0
-0.0,4,1.0,1266,0,0,0,0,0.0,4,350,1,1.0
-0.0,5,1.0,1613,0,0,0,0,0.0,5,350,1,1.0
-0.0,6,1.0,2027,0,0,0,0,0.0,6,350,1,1.0
-0.0,7,1.0,2310,0,0,0,0,0.0,7,350,1,1.0
-0.0,8,1.0,2594,0,0,0,0,0.0,8,350,1,1.0
-0.0,9,1.0,2956,0,0,0,0,0.0,9,350,1,1.0
-0.0,10,1.0,3240,0,0,0,0,0.0,10,350,1,1.0
-0.0,11,1.0,3672,0,0,0,0,0.0,11,350,1,1.0
-0.0,12,1.0,3955,0,0,0,0,0.0,12,350,1,1.0
-0.0,13,1.0,4315,0,0,0,0,0.0,13,350,1,1.0
-0.0,14,1.0,4599,0,0,0,0,0.0,14,350,1,1.0
-0.0,15,1.0,5030,0,0,0,0,0.0,15,350,1,1.0
-0.0,1,1.0,562,0,0,0,0,0.0,1,351,1,1.0
-0.0,2,1.0,1257,0,0,0,0,0.0,2,351,1,1.0
-0.0,3,1.0,1941,0,0,0,0,0.0,3,351,1,1.0
-0.0,4,1.0,2602,0,0,0,0,0.0,4,351,1,1.0
-0.0,5,1.0,3365,0,0,0,0,0.0,5,351,1,1.0
-0.0,6,1.0,3926,0,0,0,0,0.0,6,351,1,1.0
-0.0,7,1.0,4675,0,0,0,0,0.0,7,351,1,1.0
-0.0,8,1.0,5144,0,0,0,0,0.0,8,351,1,1.0
-0.0,9,1.0,5618,0,0,0,0,0.0,9,351,1,1.0
-0.0,10,1.0,6128,0,0,0,0,0.0,10,351,1,1.0
-0.0,11,1.0,6690,0,0,0,0,0.0,11,351,1,1.0
0.2868359830561607,12,0.9166666666666666,7331,0,0,0,0,0.0,12,351,2,0.8333333333333334
0.2711893730418441,13,0.9230769230769231,7807,0,0,0,0,0.0,13,351,2,0.8461538461538461
0.410116318288409,14,0.8571428571428571,8385,0,0,0,0,0.0,14,351,2,0.7142857142857143
0.5004024235381879,15,0.8,9005,0,0,0,0,0.0,15,351,2,0.6
-0.0,1,1.0,975,1,0,0,0,0.0,1,352,1,1.0
-0.0,2,1.0,1999,1,0,0,0,0.5,2,352,1,1.0
-0.0,3,1.0,3023,1,0,0,0,0.6666666666666666,3,352,1,1.0
-0.0,4,1.0,4047,1,0,0,0,0.75,4,352,1,1.0
-0.0,5,1.0,5071,1,0,0,0,0.8,5,352,1,1.0
0.6931471805599453,6,0.5,6095,1,0,0,0,0.6666666666666666,6,352,2,0.0
1.0986122886681096,7,0.3333333333333333,7119,1,0,0,0,0.5714285714285714,7,352,3,0.0
1.0397207708399179,1,0.5,8143,0,0,0,0,0.5,8,352,3,0.25
1.0397207708399179,2,0.5,9167,0,0,0,0,0.5555555555555556,9,352,3,0.25
1.0397207708399179,3,0.5,10191,0,0,0,0,0.6,10,352,3,0.25
0.9502705392332347,4,0.6,11215,0,0,0,0,0.5454545454545454,11,352,3,0.4
0.9502705392332347,5,0.6,12239,0,0,0,0,0.5833333333333334,12,352,3,0.4
0.9502705392332347,6,0.6,13263,0,0,0,0,0.6153846153846154,13,352,3,0.4
0.8675632284814612,7,0.6666666666666666,14237,0,0,0,0,0.5714285714285714,14,352,3,0.5
1.1537419427010902,8,0.5714285714285714,15246,0,0,0,0,0.5333333333333333,15,352,4,0.42857142857142855
-0.0,1,1.0,376,0,0,0,0,0.0,1,353,1,1.0
-0.0,2,1.0,739,0,0,0,0,0.0,2,353,1,1.0
-0.0,3,1.0,1171,0,0,0,0,0.0,3,353,1,1.0
-0.0,4,1.0,2195,0,0,0,0,0.0,4,353,1,1.0
-0.0,5,1.0,2584,0,0,0,0,0.0,5,353,1,1.0
-0.0,6,1.0,2897,0,0,0,0,0.0,6,353,1,1.0
-0.0,7,1.0,3280,0,0,0,0,0.0,7,353,1,1.0
-0.0,8,1.0,3725,0,0,0,0,0.0,8,353,1,1.0
-0.0,9,1.0,4147,0,0,0,0,0.0,9,353,1,1.0
-0.0,10,1.0,4528,0,0,0,0,0.0,10,353,1,1.0
-0.0,11,1.0,4895,0,0,0,0,0.0,11,353,1,1.0
-0.0,12,1.0,5282,0,0,0,0,0.0,12,353,1,1.0
-0.0,13,1.0,5706,0,0,0,0,0.0,13,353,1,1.0
-0.0,14,1.0,6089,0,0,0,0,0.0,14,353,1,1.0
-0.0,15,1.0,6504,0,0,0,0,0.0,15,353,1,1.0
-0.0,1,1.0,414,0,0,0,0,0.0,1,354,1,1.0
-0.0,2,1.0,754,0,0,0,0,0.0,2,354,1,1.0
-0.0,3,1.0,1120,0,0,0,0,0.0,3,354,1,1.0
0.5623351446188083,4,0.75,2144,0,0,0,0,0.0,4,354,2,0.5
0.5004024235381879,5,0.8,2406,0,0,0,0,0.0,5,354,2,0.6
0.45056120886630463,6,0.8333333333333334,2823,0,0,0,0,0.0,6,354,2,0.6666666666666666
0.410116318288409,7,0.8571428571428571,3174,0,0,0,0,0.0,7,354,2,0.7142857142857143
0.37677016125643675,8,0.875,3667,0,0,0,0,0.0,8,354,2,0.75
0.34883209584303193,9,0.8888888888888888,4103,0,0,0,0,0.0,9,354,2,0.7777777777777778
0.3250829733914482,10,0.9,4445,0,0,0,0,0.0,10,354,2,0.8
0.30463609734923813,11,0.9090909090909091,4857,0,0,0,0,0.0,11,354,2,0.8181818181818182
0.2868359830561607,12,0.9166666666666666,5225,0,0,0,0,0.0,12,354,2,0.8333333333333334
0.2711893730418441,13,0.9230769230769231,5719,0,0,0,0,0.0,13,354,2,0.8461538461538461
0.25731864054383163,14,0.9285714285714286,6063,0,0,0,0,0.0,14,354,2,0.8571428571428571
0.24493002679463532,15,0.9333333333333333,6616,0,0,0,0,0.0,15,354,2,0.8666666666666667
-0.0,1,1.0,593,1,0,0,0,0.0,1,355,1,1.0
0.6931471805599453,2,0.5,1203,1,0,0,0,0.0,2,355,2,0.0
0.6365141682948128,3,0.6666666666666666,1666,1,0,0,0,0.0,3,355,2,0.3333333333333333
0.6931471805599453,4,0.5,2486,1,0,0,0,0.0,4,355,2,0.0
1.0549201679861442,5,0.4,3363,1,0,0,0,0.0,5,355,3,0.0
1.0549201679861442,6,0.4,4387,1,0,0,0,0.16666666666666666,6,355,3,0.0
1.3296613488547582,7,0.3333333333333333,5294,1,0,0,0,0.14285714285714285,7,355,4,0.0
1.5498260458782016,8,0.2857142857142857,5927,1,0,0,0,0.125,8,355,5,0.0
1.4941751382893083,1,0.375,6659,0,0,0,0,0.1111111111111111,9,355,5,0.125
1.4270610433807247,2,0.4444444444444444,7032,0,0,0,0,0.1,10,355,5,0.2222222222222222
1.4708084763221114,3,0.4,7574,0,0,0,0,0.09090909090909091,11,355,5,0.2
1.4142790651247086,4,0.45454545454545453,8227,0,0,0,0,0.08333333333333333,12,355,5,0.2727272727272727
1.4142790651247086,5,0.45454545454545453,9251,0,0,0,0,0.15384615384615385,13,355,5,0.2727272727272727
1.3579778549873243,6,0.5,9768,0,0,0,0,0.14285714285714285,14,355,5,0.3333333333333333
1.5247073930301436,7,0.46153846153846156,10563,0,0,0,0,0.13333333333333333,15,355,6,0.3076923076923077
-0.0,1,1.0,472,0,0,0,0,0.0,1,356,1,1.0
-0.0,2,1.0,1482,0,0,0,0,0.0,2,356,1,1.0
-0.0,3,1.0,2063,0,0,0,0,0.0,3,356,1,1.0
-0.0,4,1.0,2738,0,0,0,0,0.0,4,356,1,1.0
-0.0,5,1.0,3214,0,0,0,0,0.0,5,356,1,1.0
-0.0,6,1.0,3817,0,0,0,0,0.0,6,356,1,1.0
-0.0,7,1.0,4514,0,0,0,0,0.0,7,356,1,1.0
-0.0,8,1.0,4969,0,0,0,0,0.0,8,356,1,1.0
-0.0,9,1.0,5902,0,0,0,0,0.0,9,356,1,1.0
-0.0,10,1.0,6530,0,0,0,0,0.0,10,356,1,1.0
-0.0,11,1.0,7554,0,0,0,0,0.09090909090909091,11,356,1,1.0
-0.0,12,1.0,8105,0,0,0,0,0.08333333333333333,12,356,1,1.0
-0.0,13,1.0,8540,0,0,0,0,0.07692307692307693,13,356,1,1.0
-0.0,14,1.0,9041,0,0,0,0,0.07142857142857142,14,356,1,1.0
-0.0,15,1.0,9694,0,0,0,0,0.06666666666666667,15,356,1,1.0
-0.0,1,1.0,477,1,1,1,0,0.0,1,357,1,1.0
0.6931471805599453,2,0.5,1005,1,1,1,0,0.0,2,357,2,0.0
1.0986122886681096,3,0.3333333333333333,1537,1,1,1,0,0.0,3,357,3,0.0
1.0397207708399179,4,0.5,2075,1,1,1,0,0.0,4,357,3,0.25
1.3321790402101223,5,0.4,2275,1,1,1,0,0.0,5,357,4,0.2
1.5607104090414063,6,0.3333333333333333,2814,1,1,1,0,0.0,6,357,5,0.16666666666666666
1.5498260458782016,7,0.2857142857142857,3216,1,1,1,0,0.0,7,357,5,0.0
1.559581156259877,8,0.25,3762,1,1,1,0,0.0,8,357,5,0.0
1.5810937501718236,9,0.2222222222222222,4208,1,1,1,0,0.0,9,357,5,0.0
1.5571130980576458,10,0.3,4562,1,1,1,0,0.0,10,357,5,0.1
1.5465986860485124,11,0.2727272727272727,5097,1,1,1,0,0.0,11,357,5,0.0
1.704551445267297,12,0.25,5422,1,1,1,0,0.0,12,357,6,0.0
1.6715952780212544,1,0.3076923076923077,5934,0,0,0,0,0.0,13,357,6,0.07692307692307693
1.6307991045856434,2,0.35714285714285715,6354,0,0,0,0,0.0,14,357,6,0.14285714285714285
1.5867847075280475,3,0.4,6704,0,0,0,0,0.0,15,357,6,0.2
-0.0,1,1.0,337,0,0,0,0,0.0,1,358,1,1.0
0.6931471805599453,2,0.5,853,0,0,0,0,0.0,2,358,2,0.0
0.6365141682948128,3,0.6666666666666666,1213,0,0,0,0,0.0,3,358,2,0.3333333333333333
0.6931471805599453,4,0.5,1791,0,0,0,0,0.0,4,358,2,0.0
0.6730116670092565,1,0.6,2309,1,1,0,1,0.0,5,358,2,0.2
0.6931471805599453,1,0.5,2707,0,0,0,0,0.0,6,358,2,0.0
0.6829081047004717,2,0.5714285714285714,3318,0,0,0,0,0.0,7,358,2,0.14285714285714285
0.6615632381579821,3,0.625,3730,0,0,0,0,0.0,8,358,2,0.25
0.6365141682948128,4,0.6666666666666666,4118,0,0,0,0,0.0,9,358,2,0.3333333333333333
0.6730116670092565,5,0.6,4643,0,0,0,0,0.0,10,358,2,0.2
0.6554817739013927,6,0.6363636363636364,5004,0,0,0,0,0.0,11,358,2,0.2727272727272727
0.6791932659915256,7,0.5833333333333334,5511,0,0,0,0,0.0,12,358,2,0.16666666666666666
0.666278442414676,8,0.6153846153846154,5926,0,0,0,0,0.0,13,358,2,0.23076923076923078
0.6517565611726531,9,0.6428571428571429,6950,0,0,0,0,0.0,14,358,2,0.2857142857142857
0.6365141682948128,10,0.6666666666666666,7376,0,0,0,0,0.0,15,358,2,0.3333333333333333
-0.0,1,1.0,770,0,0,0,0,0.0,1,359,1,1.0
-0.0,2,1.0,1698,0,0,0,0,0.0,2,359,1,1.0
-0.0,3,1.0,2722,0,0,0,0,0.3333333333333333,3,359,1,1.0
0.6365141682948128,4,0.6666666666666666,3549,0,0,0,0,0.25,4,359,2,0.3333333333333333
0.5623351446188083,5,0.75,4284,0,0,0,0,0.2,5,359,2,0.5
0.5004024235381879,6,0.8,5151,0,0,0,0,0.16666666666666666,6,359,2,0.6
0.8675632284814612,7,0.6666666666666666,6175,0,0,0,0,0.14285714285714285,7,359,3,0.5
0.8675632284814612,8,0.6666666666666666,7199,0,0,0,0,0.25,8,359,3,0.5
0.8675632284814612,9,0.6666666666666666,8223,0,0,0,0,0.3333333333333333,9,359,3,0.5
0.796311640173813,10,0.7142857142857143,8978,0,0,0,0,0.3,10,359,3,0.5714285714285714
0.7356219397587946,11,0.75,9656,0,0,0,0,0.2727272727272727,11,359,3,0.625
1.0027182645175161,12,0.6666666666666666,10569,0,0,0,0,0.25,12,359,4,0.5555555555555556
0.9404479886553263,13,0.7,11455,0,0,0,0,0.23076923076923078,13,359,4,0.6
0.8855741515766717,14,0.7272727272727273,12269,0,0,0,0,0.21428571428571427,14,359,4,0.6363636363636364
0.8369882167858358,15,0.75,13014,0,0,0,0,0.2,15,359,4,0.6666666666666666
-0.0,1,1.0,502,0,0,0,0,0.0,1,360,1,1.0
-0.0,2,1.0,911,0,0,0,0,0.0,2,360,1,1.0
-0.0,3,1.0,1345,0,0,0,0,0.0,3,360,1,1.0
-0.0,4,1.0,1719,0,0,0,0,0.0,4,360,1,1.0
-0.0,5,1.0,2130,0,0,0,0,0.0,5,360,1,1.0
-0.0,6,1.0,2594,0,0,0,0,0.0,6,360,1,1.0
-0.0,7,1.0,3115,0,0,0,0,0.0,7,360,1,1.0
0.37677016125643675,8,0.875,3481,0,0,0,0,0.0,8,360,2,0.75
0.34883209584303193,9,0.8888888888888888,3924,0,0,0,0,0.0,9,360,2,0.7777777777777778
0.3250829733914482,10,0.9,4296,0,0,0,0,0.0,10,360,2,0.8
0.30463609734923813,11,0.9090909090909091,4728,0,0,0,0,0.0,11,360,2,0.8181818181818182
0.2868359830561607,12,0.9166666666666666,5146,0,0,0,0,0.0,12,360,2,0.8333333333333334
0.2711893730418441,13,0.9230769230769231,5509,0,0,0,0,0.0,13,360,2,0.8461538461538461
0.25731864054383163,14,0.9285714285714286,5929,0,0,0,0,0.0,14,360,2,0.8571428571428571
0.24493002679463532,15,0.9333333333333333,6348,0,0,0,0,0.0,15,360,2,0.8666666666666667
-0.0,1,1.0,685,0,0,0,0,0.0,1,361,1,1.0
-0.0,2,1.0,1352,0,0,0,0,0.0,2,361,1,1.0
-0.0,3,1.0,2059,0,0,0,0,0.0,3,361,1,1.0
-0.0,4,1.0,2841,0,0,0,0,0.0,4,361,1,1.0
-0.0,5,1.0,3440,0,0,0,0,0.0,5,361,1,1.0
-0.0,6,1.0,4074,0,0,0,0,0.0,6,361,1,1.0
-0.0,7,1.0,4771,0,0,0,0,0.0,7,361,1,1.0
-0.0,8,1.0,5418,0,0,0,0,0.0,8,361,1,1.0
0.34883209584303193,9,0.8888888888888888,5977,0,0,0,0,0.0,9,361,2,0.7777777777777778
0.34883209584303193,10,0.8888888888888888,7001,0,0,0,0,0.1,10,361,2,0.7777777777777778
0.3250829733914482,11,0.9,7659,0,0,0,0,0.09090909090909091,11,361,2,0.8
0.30463609734923813,12,0.9090909090909091,8337,0,0,0,0,0.08333333333333333,12,361,2,0.8181818181818182
0.2868359830561607,13,0.9166666666666666,8881,0,0,0,0,0.07692307692307693,13,361,2,0.8333333333333334
0.2868359830561607,14,0.9166666666666666,9905,0,0,0,0,0.14285714285714285,14,361,2,0.8333333333333334
0.2711893730418441,15,0.9230769230769231,10486,0,0,0,0,0.13333333333333333,15,361,2,0.8461538461538461
-0.0,1,1.0,185,0,0,0,0,0.0,1,362,1,1.0
-0.0,2,1.0,362,0,0,0,0,0.0,2,362,1,1.0
-0.0,3,1.0,540,0,0,0,0,0.0,3,362,1,1.0
-0.0,4,1.0,731,0,0,0,0,0.0,4,362,1,1.0
-0.0,5,1.0,934,0,0,0,0,0.0,5,362,1,1.0
-0.0,6,1.0,1107,0,0,0,0,0.0,6,362,1,1.0
-0.0,7,1.0,1351,0,0,0,0,0.0,7,362,1,1.0
-0.0,8,1.0,1533,0,0,0,0,0.0,8,362,1,1.0
-0.0,9,1.0,1723,0,0,0,0,0.0,9,362,1,1.0
-0.0,10,1.0,1912,0,0,0,0,0.0,10,362,1,1.0
-0.0,11,1.0,2154,0,0,0,0,0.0,11,362,1,1.0
-0.0,12,1.0,2337,0,0,0,0,0.0,12,362,1,1.0
-0.0,13,1.0,2524,0,0,0,0,0.0,13,362,1,1.0
-0.0,14,1.0,2699,0,0,0,0,0.0,14,362,1,1.0
-0.0,15,1.0,2903,0,0,0,0,0.0,15,362,1,1.0
-0.0,1,1.0,321,0,0,0,0,0.0,1,363,1,1.0
-0.0,2,1.0,616,0,0,0,0,0.0,2,363,1,1.0
-0.0,3,1.0,1097,0,0,0,0,0.0,3,363,1,1.0
-0.0,4,1.0,1382,0,0,0,0,0.0,4,363,1,1.0
-0.0,5,1.0,1684,0,0,0,0,0.0,5,363,1,1.0
-0.0,6,1.0,1885,0,0,0,0,0.0,6,363,1,1.0
-0.0,7,1.0,2128,0,0,0,0,0.0,7,363,1,1.0
-0.0,8,1.0,2371,0,0,0,0,0.0,8,363,1,1.0
-0.0,9,1.0,2825,0,0,0,0,0.0,9,363,1,1.0
-0.0,10,1.0,3016,0,0,0,0,0.0,10,363,1,1.0
-0.0,11,1.0,3273,0,0,0,0,0.0,11,363,1,1.0
-0.0,12,1.0,3483,0,0,0,0,0.0,12,363,1,1.0
-0.0,13,1.0,3746,0,0,0,0,0.0,13,363,1,1.0
-0.0,14,1.0,3942,0,0,0,0,0.0,14,363,1,1.0
0.24493002679463532,15,0.9333333333333333,4370,0,0,0,0,0.0,15,363,2,0.8666666666666667
-0.0,1,1.0,527,0,0,0,0,0.0,1,364,1,1.0
-0.0,2,1.0,1201,0,0,0,0,0.0,2,364,1,1.0
-0.0,3,1.0,1791,0,0,0,0,0.0,3,364,1,1.0
-0.0,4,1.0,2275,0,0,0,0,0.0,4,364,1,1.0
-0.0,5,1.0,2844,0,0,0,0,0.0,5,364,1,1.0
-0.0,6,1.0,3602,0,0,0,0,0.0,6,364,1,1.0
-0.0,7,1.0,4123,0,0,0,0,0.0,7,364,1,1.0
-0.0,8,1.0,4615,0,0,0,0,0.0,8,364,1,1.0
-0.0,9,1.0,5424,0,0,0,0,0.0,9,364,1,1.0
-0.0,10,1.0,5976,0,0,0,0,0.0,10,364,1,1.0
-0.0,11,1.0,6573,0,0,0,0,0.0,11,364,1,1.0
-0.0,12,1.0,7597,0,0,0,0,0.0,12,364,1,1.0
-0.0,13,1.0,8090,0,0,0,0,0.0,13,364,1,1.0
-0.0,14,1.0,8693,0,0,0,0,0.0,14,364,1,1.0
-0.0,15,1.0,9277,0,0,0,0,0.0,15,364,1,1.0
-0.0,1,1.0,623,0,0,0,0,0.0,1,365,1,1.0
-0.0,2,1.0,1289,0,0,0,0,0.0,2,365,1,1.0
-0.0,3,1.0,1854,0,0,0,0,0.0,3,365,1,1.0
0.5623351446188083,4,0.75,2638,0,0,0,0,0.0,4,365,2,0.5
0.6730116670092565,5,0.6,3582,0,0,0,0,0.0,5,365,2,0.2
0.6365141682948128,6,0.6666666666666666,4606,0,0,0,0,0.0,6,365,2,0.3333333333333333
0.5982695885852573,7,0.7142857142857143,5327,0,0,0,0,0.0,7,365,2,0.42857142857142855
0.5623351446188083,8,0.75,5996,0,0,0,0,0.0,8,365,2,0.5
0.5297061990576545,9,0.7777777777777778,6583,0,0,0,0,0.0,9,365,2,0.5555555555555556
0.8018185525433373,10,0.7,7438,0,0,0,0,0.0,10,365,3,0.5
1.0335620542068176,11,0.6363636363636364,8177,0,0,0,0,0.0,11,365,4,0.45454545454545453
0.9830877585747855,12,0.6666666666666666,9039,0,0,0,0,0.0,12,365,4,0.5
0.937155853065701,13,0.6923076923076923,10063,0,0,0,0,0.0,13,365,4,0.5384615384615384
0.8953326659680909,14,0.7142857142857143,10725,0,0,0,0,0.0,14,365,4,0.5714285714285714
0.857174043642079,15,0.7333333333333333,11393,0,0,0,0,0.0,15,365,4,0.6
-0.0,1,1.0,497,0,0,0,0,0.0,1,366,1,1.0
-0.0,2,1.0,1091,0,0,0,0,0.0,2,366,1,1.0
-0.0,3,1.0,1594,0,0,0,0,0.0,3,366,1,1.0
-0.0,4,1.0,2100,0,0,0,0,0.0,4,366,1,1.0
-0.0,5,1.0,2470,0,0,0,0,0.0,5,366,1,1.0
-0.0,6,1.0,2792,0,0,0,0,0.0,6,366,1,1.0
-0.0,7,1.0,3263,0,0,0,0,0.0,7,366,1,1.0
-0.0,8,1.0,3590,0,0,0,0,0.0,8,366,1,1.0
-0.0,9,1.0,3940,0,0,0,0,0.0,9,366,1,1.0
-0.0,10,1.0,4426,0,0,0,0,0.0,10,366,1,1.0
-0.0,11,1.0,4933,0,0,0,0,0.0,11,366,1,1.0
-0.0,12,1.0,5457,0,0,0,0,0.0,12,366,1,1.0
-0.0,13,1.0,5828,0,0,0,0,0.0,13,366,1,1.0
-0.0,14,1.0,6143,0,0,0,0,0.0,14,366,1,1.0
-0.0,15,1.0,6501,0,0,0,0,0.0,15,366,1,1.0
-0.0,1,1.0,291,0,0,0,0,0.0,1,367,1,1.0
-0.0,2,1.0,536,0,0,0,0,0.0,2,367,1,1.0
-0.0,3,1.0,779,0,0,0,0,0.0,3,367,1,1.0
-0.0,4,1.0,997,0,0,0,0,0.0,4,367,1,1.0
-0.0,5,1.0,1221,0,0,0,0,0.0,5,367,1,1.0
-0.0,6,1.0,1464,0,0,0,0,0.0,6,367,1,1.0
-0.0,7,1.0,1689,0,0,0,0,0.0,7,367,1,1.0
-0.0,8,1.0,1928,0,0,0,0,0.0,8,367,1,1.0
-0.0,9,1.0,2177,0,0,0,0,0.0,9,367,1,1.0
-0.0,10,1.0,2420,0,0,0,0,0.0,10,367,1,1.0
-0.0,11,1.0,2661,0,0,0,0,0.0,11,367,1,1.0
-0.0,12,1.0,2889,0,0,0,0,0.0,12,367,1,1.0
-0.0,13,1.0,3180,0,0,0,0,0.0,13,367,1,1.0
-0.0,14,1.0,3397,0,0,0,0,0.0,14,367,1,1.0
-0.0,15,1.0,3667,0,0,0,0,0.0,15,367,1,1.0
-0.0,1,1.0,251,0,0,0,0,0.0,1,368,1,1.0
-0.0,2,1.0,503,0,0,0,0,0.0,2,368,1,1.0
-0.0,3,1.0,817,0,0,0,0,0.0,3,368,1,1.0
-0.0,4,1.0,1078,0,0,0,0,0.0,4,368,1,1.0
-0.0,5,1.0,1372,0,0,0,0,0.0,5,368,1,1.0
-0.0,6,1.0,1610,0,0,0,0,0.0,6,368,1,1.0
-0.0,7,1.0,1848,0,0,0,0,0.0,7,368,1,1.0
-0.0,8,1.0,2120,0,0,0,0,0.0,8,368,1,1.0
-0.0,9,1.0,2381,0,0,0,0,0.0,9,368,1,1.0
-0.0,10,1.0,2657,0,0,0,0,0.0,10,368,1,1.0
-0.0,11,1.0,2993,0,0,0,0,0.0,11,368,1,1.0
-0.0,12,1.0,3250,0,0,0,0,0.0,12,368,1,1.0
-0.0,13,1.0,3523,0,0,0,0,0.0,13,368,1,1.0
-0.0,14,1.0,3783,0,0,0,0,0.0,14,368,1,1.0
-0.0,15,1.0,4032,0,0,0,0,0.0,15,368,1,1.0
-0.0,1,1.0,306,1,0,0,0,0.0,1,369,1,1.0
-0.0,2,1.0,620,1,0,0,0,0.0,2,369,1,1.0
0.6365141682948128,3,0.6666666666666666,939,1,0,0,0,0.0,3,369,2,0.3333333333333333
0.6931471805599453,4,0.5,1241,1,0,0,0,0.0,4,369,2,0.0
0.6730116670092565,1,0.6,1548,0,0,0,0,0.0,5,369,2,0.2
0.6365141682948128,2,0.6666666666666666,1833,0,0,0,0,0.0,6,369,2,0.3333333333333333
0.5982695885852573,3,0.7142857142857143,2177,0,0,0,0,0.0,7,369,2,0.42857142857142855
0.5623351446188083,4,0.75,2494,0,0,0,0,0.0,8,369,2,0.5
0.8486855577264172,5,0.6666666666666666,2796,0,0,0,0,0.0,9,369,3,0.4444444444444444
1.0888999753452238,6,0.6,3091,0,0,0,0,0.0,10,369,4,0.4
1.0335620542068176,7,0.6363636363636364,3413,0,0,0,0,0.0,11,369,4,0.45454545454545453
1.2342678660790767,8,0.5833333333333334,3761,0,0,0,0,0.0,12,369,5,0.4166666666666667
1.1786549963416462,9,0.6153846153846154,4079,0,0,0,0,0.0,13,369,5,0.46153846153846156
1.2153881010836147,10,0.5714285714285714,4388,0,0,0,0,0.0,14,369,5,0.35714285714285715
1.1699929969668565,11,0.6,4688,0,0,0,0,0.0,15,369,5,0.4
-0.0,1,1.0,432,0,0,0,0,0.0,1,370,1,1.0
-0.0,2,1.0,808,0,0,0,0,0.0,2,370,1,1.0
-0.0,3,1.0,1302,0,0,0,0,0.0,3,370,1,1.0
-0.0,4,1.0,1659,0,0,0,0,0.0,4,370,1,1.0
-0.0,5,1.0,2014,0,0,0,0,0.0,5,370,1,1.0
-0.0,6,1.0,2253,0,0,0,0,0.0,6,370,1,1.0
-0.0,7,1.0,2564,0,0,0,0,0.0,7,370,1,1.0
-0.0,8,1.0,2921,0,0,0,0,0.0,8,370,1,1.0
-0.0,9,1.0,3277,0,0,0,0,0.0,9,370,1,1.0
-0.0,10,1.0,3530,0,0,0,0,0.0,10,370,1,1.0
-0.0,11,1.0,3715,0,0,0,0,0.0,11,370,1,1.0
-0.0,12,1.0,4106,0,0,0,0,0.0,12,370,1,1.0
-0.0,13,1.0,4538,0,0,0,0,0.0,13,370,1,1.0
-0.0,14,1.0,4902,0,0,0,0,0.0,14,370,1,1.0
-0.0,15,1.0,5359,0,0,0,0,0.0,15,370,1,1.0
-0.0,1,1.0,911,1,1,1,0,0.0,1,371,1,1.0
0.6931471805599453,2,0.5,1746,1,1,1,0,0.0,2,371,2,0.0
0.6931471805599453,3,0.5,2770,1,1,1,0,0.3333333333333333,3,371,2,0.0
1.0986122886681096,4,0.3333333333333333,3368,1,1,1,0,0.25,4,371,3,0.0
1.0397207708399179,1,0.5,4170,0,0,0,0,0.2,5,371,3,0.25
1.3321790402101223,2,0.4,5060,0,0,0,0,0.16666666666666666,6,371,4,0.2
1.242453324894,3,0.5,5840,0,0,0,0,0.14285714285714285,7,371,4,0.3333333333333333
1.242453324894,4,0.5,6864,0,0,0,0,0.25,8,371,4,0.3333333333333333
1.277034259466139,5,0.42857142857142855,7735,0,0,0,0,0.2222222222222222,9,371,4,0.14285714285714285
1.2554823251787535,1,0.375,8493,1,1,1,0,0.2,10,371,4,0.0
1.464816384890813,2,0.3333333333333333,9495,1,1,1,0,0.18181818181818182,11,371,5,0.0
1.4184836619456564,1,0.4,10200,0,0,0,0,0.16666666666666666,12,371,5,0.1
1.3896811919839047,1,0.36363636363636365,10972,1,1,1,0,0.15384615384615385,13,371,5,0.0
1.3522093992338282,1,0.4166666666666667,11756,0,0,0,0,0.14285714285714285,14,371,5,0.08333333333333333
1.4127446368638479,2,0.38461538461538464,12780,0,0,0,0,0.13333333333333333,15,371,5,0.07692307692307693
-0.0,1,1.0,711,1,0,0,0,0.0,1,372,1,1.0
0.6931471805599453,2,0.5,1480,1,0,0,0,0.0,2,372,2,0.0
1.0986122886681096,3,0.3333333333333333,2471,1,0,0,0,0.0,3,372,3,0.0
1.3862943611198906,4,0.25,3384,1,0,0,0,0.0,4,372,4,0.0
1.3321790402101223,1,0.4,3939,0,0,0,0,0.0,5,372,4,0.2
1.5607104090414063,2,0.3333333333333333,4545,0,0,0,0,0.0,6,372,5,0.16666666666666666
1.7478680974667573,3,0.2857142857142857,5156,0,0,0,0,0.0,7,372,6,0.14285714285714285
1.732867951399863,4,0.25,5621,0,0,0,0,0.0,8,372,6,0.0
1.7351264569629226,1,0.2222222222222222,6202,1,0,0,0,0.0,9,372,6,0.0
1.6957425341696346,1,0.3,6630,1,0,0,0,0.0,10,372,6,0.1
1.7201934592198251,2,0.2727272727272727,7185,1,0,0,0,0.0,11,372,6,0.09090909090909091
1.704551445267297,1,0.25,7827,0,0,0,0,0.0,12,372,6,0.0
1.6715952780212544,2,0.3076923076923077,8349,0,0,0,0,0.0,13,372,6,0.07692307692307693
1.6731183626432506,3,0.2857142857142857,8801,0,0,0,0,0.0,14,372,6,0.07142857142857142
1.8065071652616693,4,0.26666666666666666,9096,0,0,0,0,0.0,15,372,7,0.06666666666666667
-0.0,1,1.0,359,0,0,0,0,0.0,1,373,1,1.0
-0.0,2,1.0,779,0,0,0,0,0.0,2,373,1,1.0
-0.0,3,1.0,1241,0,0,0,0,0.0,3,373,1,1.0
-0.0,4,1.0,1709,0,0,0,0,0.0,4,373,1,1.0
-0.0,5,1.0,2126,0,0,0,0,0.0,5,373,1,1.0
-0.0,6,1.0,2538,0,0,0,0,0.0,6,373,1,1.0
-0.0,7,1.0,3017,0,0,0,0,0.0,7,373,1,1.0
-0.0,8,1.0,3535,0,0,0,0,0.0,8,373,1,1.0
-0.0,9,1.0,3951,0,0,0,0,0.0,9,373,1,1.0
-0.0,10,1.0,4357,0,0,0,0,0.0,10,373,1,1.0
-0.0,11,1.0,4784,0,0,0,0,0.0,11,373,1,1.0
-0.0,12,1.0,5208,0,0,0,0,0.0,12,373,1,1.0
-0.0,13,1.0,5645,0,0,0,0,0.0,13,373,1,1.0
-0.0,14,1.0,6059,0,0,0,0,0.0,14,373,1,1.0
-0.0,15,1.0,6491,0,0,0,0,0.0,15,373,1,1.0
-0.0,1,1.0,280,0,0,0,0,0.0,1,374,1,1.0
-0.0,2,1.0,559,0,0,0,0,0.0,2,374,1,1.0
-0.0,3,1.0,810,0,0,0,0,0.0,3,374,1,1.0
-0.0,4,1.0,1063,0,0,0,0,0.0,4,374,1,1.0
-0.0,5,1.0,1319,0,0,0,0,0.0,5,374,1,1.0
-0.0,6,1.0,1608,0,0,0,0,0.0,6,374,1,1.0
-0.0,7,1.0,1889,0,0,0,0,0.0,7,374,1,1.0
-0.0,8,1.0,2142,0,0,0,0,0.0,8,374,1,1.0
-0.0,9,1.0,2412,0,0,0,0,0.0,9,374,1,1.0
-0.0,10,1.0,2702,0,0,0,0,0.0,10,374,1,1.0
-0.0,11,1.0,2951,0,0,0,0,0.0,11,374,1,1.0
-0.0,12,1.0,3213,0,0,0,0,0.0,12,374,1,1.0
-0.0,13,1.0,3499,0,0,0,0,0.0,13,374,1,1.0
-0.0,14,1.0,3839,0,0,0,0,0.0,14,374,1,1.0
-0.0,15,1.0,4113,0,0,0,0,0.0,15,374,1,1.0
-0.0,1,1.0,472,0,0,0,0,0.0,1,375,1,1.0
-0.0,2,1.0,970,0,0,0,0,0.0,2,375,1,1.0
-0.0,3,1.0,1518,0,0,0,0,0.0,3,375,1,1.0
-0.0,4,1.0,1952,0,0,0,0,0.0,4,375,1,1.0
-0.0,5,1.0,2397,0,0,0,0,0.0,5,375,1,1.0
-0.0,6,1.0,3102,0,0,0,0,0.0,6,375,1,1.0
-0.0,7,1.0,3714,0,0,0,0,0.0,7,375,1,1.0
-0.0,8,1.0,4164,0,0,0,0,0.0,8,375,1,1.0
0.34883209584303193,9,0.8888888888888888,4710,0,0,0,0,0.0,9,375,2,0.7777777777777778
0.3250829733914482,10,0.9,5183,0,0,0,0,0.0,10,375,2,0.8
0.30463609734923813,11,0.9090909090909091,5810,0,0,0,0,0.0,11,375,2,0.8181818181818182
0.2868359830561607,12,0.9166666666666666,6260,0,0,0,0,0.0,12,375,2,0.8333333333333334
0.2711893730418441,13,0.9230769230769231,6858,0,0,0,0,0.0,13,375,2,0.8461538461538461
0.25731864054383163,14,0.9285714285714286,7440,0,0,0,0,0.0,14,375,2,0.8571428571428571
0.24493002679463532,15,0.9333333333333333,8012,0,0,0,0,0.0,15,375,2,0.8666666666666667
,0,,1024,1,1,1,0,1.0,1,376,0,
-0.0,1,1.0,2008,0,0,0,0,0.5,2,376,1,1.0
-0.0,2,1.0,2645,0,0,0,0,0.3333333333333333,3,376,1,1.0
-0.0,3,1.0,3669,0,0,0,0,0.5,4,376,1,1.0
-0.0,4,1.0,4245,0,0,0,0,0.4,5,376,1,1.0
-0.0,5,1.0,5110,0,0,0,0,0.3333333333333333,6,376,1,1.0
-0.0,6,1.0,6126,0,0,0,0,0.2857142857142857,7,376,1,1.0
-0.0,7,1.0,6837,0,0,0,0,0.25,8,376,1,1.0
0.410116318288409,8,0.8571428571428571,7852,0,0,0,0,0.2222222222222222,9,376,2,0.7142857142857143
0.37677016125643675,9,0.875,8657,0,0,0,0,0.2,10,376,2,0.75
0.34883209584303193,10,0.8888888888888888,9583,0,0,0,0,0.18181818181818182,11,376,2,0.7777777777777778
0.3250829733914482,11,0.9,10373,0,0,0,0,0.16666666666666666,12,376,2,0.8
0.30463609734923813,12,0.9090909090909091,11376,0,0,0,0,0.15384615384615385,13,376,2,0.8181818181818182
0.2868359830561607,13,0.9166666666666666,12367,0,0,0,0,0.14285714285714285,14,376,2,0.8333333333333334
0.2711893730418441,14,0.9230769230769231,13073,0,0,0,0,0.13333333333333333,15,376,2,0.8461538461538461
-0.0,1,1.0,384,0,0,0,0,0.0,1,377,1,1.0
-0.0,2,1.0,905,0,0,0,0,0.0,2,377,1,1.0
-0.0,3,1.0,1258,0,0,0,0,0.0,3,377,1,1.0
-0.0,4,1.0,1859,0,0,0,0,0.0,4,377,1,1.0
-0.0,5,1.0,2260,0,0,0,0,0.0,5,377,1,1.0
-0.0,6,1.0,2819,0,0,0,0,0.0,6,377,1,1.0
-0.0,7,1.0,3230,0,0,0,0,0.0,7,377,1,1.0
-0.0,8,1.0,3664,0,0,0,0,0.0,8,377,1,1.0
-0.0,9,1.0,4112,0,0,0,0,0.0,9,377,1,1.0
0.3250829733914482,10,0.9,4406,0,0,0,0,0.0,10,377,2,0.8
0.30463609734923813,11,0.9090909090909091,4857,0,0,0,0,0.0,11,377,2,0.8181818181818182
0.45056120886630463,12,0.8333333333333334,5139,0,0,0,0,0.0,12,377,2,0.6666666666666666
0.4293230219306162,13,0.8461538461538461,5582,0,0,0,0,0.0,13,377,2,0.6923076923076923
0.410116318288409,14,0.8571428571428571,6157,0,0,0,0,0.0,14,377,2,0.7142857142857143
0.39267446722755217,15,0.8666666666666667,6679,0,0,0,0,0.0,15,377,2,0.7333333333333333
-0.0,1,1.0,606,0,0,0,0,0.0,1,378,1,1.0
0.6931471805599453,2,0.5,1186,0,0,0,0,0.0,2,378,2,0.0
0.6365141682948128,3,0.6666666666666666,1818,0,0,0,0,0.0,3,378,2,0.3333333333333333
0.5623351446188083,4,0.75,2424,0,0,0,0,0.0,4,378,2,0.5
0.5004024235381879,5,0.8,3096,0,0,0,0,0.0,5,378,2,0.6
0.5004024235381879,6,0.8,3573,0,0,0,0,0.16666666666666666,6,378,2,0.6
0.45056120886630463,7,0.8333333333333334,4193,0,0,0,0,0.14285714285714285,7,378,2,0.6666666666666666
0.410116318288409,8,0.8571428571428571,4791,0,0,0,0,0.125,8,378,2,0.7142857142857143
0.37677016125643675,9,0.875,5269,0,0,0,0,0.1111111111111111,9,378,2,0.75
0.34883209584303193,10,0.8888888888888888,5688,0,0,0,0,0.1,10,378,2,0.7777777777777778
0.5004024235381879,11,0.8,6712,0,0,0,0,0.09090909090909091,11,378,2,0.6
0.47413931305783735,12,0.8181818181818182,7351,0,0,0,0,0.08333333333333333,12,378,2,0.6363636363636364
0.45056120886630463,13,0.8333333333333334,7830,0,0,0,0,0.07692307692307693,13,378,2,0.6666666666666666
0.5402041423888608,14,0.7692307692307693,8379,0,0,0,0,0.07142857142857142,14,378,2,0.5384615384615384
0.5195798391305154,15,0.7857142857142857,8869,0,0,0,0,0.06666666666666667,15,378,2,0.5714285714285714
-0.0,1,1.0,699,0,0,0,0,0.0,1,379,1,1.0
-0.0,2,1.0,1443,0,0,0,0,0.0,2,379,1,1.0
-0.0,3,1.0,2292,0,0,0,0,0.0,3,379,1,1.0
-0.0,4,1.0,3094,0,0,0,0,0.0,4,379,1,1.0
-0.0,5,1.0,3779,0,0,0,0,0.0,5,379,1,1.0
0.45056120886630463,6,0.8333333333333334,4639,0,0,0,0,0.0,6,379,2,0.6666666666666666
0.45056120886630463,7,0.8333333333333334,5663,0,0,0,0,0.14285714285714285,7,379,2,0.6666666666666666
0.796311640173813,8,0.7142857142857143,6329,0,0,0,0,0.125,8,379,3,0.5714285714285714
0.7356219397587946,9,0.75,7000,0,0,0,0,0.1111111111111111,9,379,3,0.625
1.0027182645175161,10,0.6666666666666666,7741,0,0,0,0,0.1,10,379,4,0.5555555555555556
1.0888999753452238,11,0.6,8397,0,0,0,0,0.09090909090909091,11,379,4,0.4
1.1209503926735833,12,0.5454545454545454,9141,0,0,0,0,0.08333333333333333,12,379,4,0.2727272727272727
1.1269287948006759,13,0.5,9929,0,0,0,0,0.07692307692307693,13,379,4,0.16666666666666666
1.0905994737794789,14,0.5384615384615384,10953,0,0,0,0,0.07142857142857142,14,379,4,0.23076923076923078
1.0547209169068124,15,0.5714285714285714,11612,0,0,0,0,0.06666666666666667,15,379,4,0.2857142857142857
-0.0,1,1.0,692,1,1,1,0,0.0,1,380,1,1.0
-0.0,2,1.0,1277,1,1,1,0,0.0,2,380,1,1.0
0.6365141682948128,3,0.6666666666666666,2227,1,1,1,0,0.0,3,380,2,0.3333333333333333
0.6931471805599453,4,0.5,3201,1,1,1,0,0.0,4,380,2,0.0
1.0549201679861442,5,0.4,4011,1,1,1,0,0.0,5,380,3,0.0
1.3296613488547582,6,0.3333333333333333,4920,1,1,1,0,0.0,6,380,4,0.0
1.277034259466139,1,0.42857142857142855,5851,0,0,0,0,0.0,7,380,4,0.14285714285714285
1.2130075659799042,2,0.5,6321,0,0,0,0,0.0,8,380,4,0.25
1.2148896539491203,3,0.4444444444444444,7014,0,0,0,0,0.0,9,380,4,0.1111111111111111
1.1682824501765625,4,0.5,7432,0,0,0,0,0.0,10,380,4,0.2
1.1682824501765625,5,0.5,8456,0,0,0,0,0.09090909090909091,11,380,4,0.2
1.3667110520552042,6,0.45454545454545453,9467,0,0,0,0,0.08333333333333333,12,380,5,0.18181818181818182
1.3667110520552042,7,0.45454545454545453,10491,0,0,0,0,0.15384615384615385,13,380,5,0.18181818181818182
1.3143738430069454,8,0.5,10926,0,0,0,0,0.14285714285714285,14,380,5,0.25
1.484457535817486,9,0.46153846153846156,11599,0,0,0,0,0.13333333333333333,15,380,6,0.23076923076923078
-0.0,1,1.0,1024,0,0,0,0,0.0,1,381,1,1.0
0.6931471805599453,2,0.5,2048,0,0,0,0,0.0,2,381,2,0.0
0.6365141682948128,3,0.6666666666666666,2950,0,0,0,0,0.0,3,381,2,0.3333333333333333
1.0397207708399179,4,0.5,3974,0,0,0,0,0.0,4,381,3,0.25
1.0397207708399179,5,0.5,4998,0,0,0,0,0.2,5,381,3,0.25
0.9502705392332347,6,0.6,5699,0,0,0,0,0.16666666666666666,6,381,3,0.4
1.242453324894,7,0.5,6555,0,0,0,0,0.14285714285714285,7,381,4,0.3333333333333333
1.4750763110546947,8,0.42857142857142855,7408,0,0,0,0,0.125,8,381,5,0.2857142857142857
1.4941751382893083,9,0.375,8197,0,0,0,0,0.1111111111111111,9,381,5,0.125
1.6769877743224173,10,0.3333333333333333,9173,0,0,0,0,0.1,10,381,6,0.1111111111111111
1.6957425341696346,11,0.3,10113,0,0,0,0,0.09090909090909091,11,381,6,0.1
1.6417347121875212,12,0.36363636363636365,10917,0,0,0,0,0.08333333333333333,12,381,6,0.18181818181818182
1.791759469228055,13,0.3333333333333333,11803,0,0,0,0,0.07692307692307693,13,381,7,0.16666666666666666
1.818483163012365,14,0.3076923076923077,12827,0,0,0,0,0.07142857142857142,14,381,7,0.15384615384615385
1.818483163012365,15,0.3076923076923077,13851,0,0,0,0,0.13333333333333333,15,381,7,0.15384615384615385
-0.0,1,1.0,776,0,0,0,0,0.0,1,382,1,1.0
0.6931471805599453,2,0.5,1289,0,0,0,0,0.0,2,382,2,0.0
0.6365141682948128,3,0.6666666666666666,1823,0,0,0,0,0.0,3,382,2,0.3333333333333333
0.5623351446188083,4,0.75,2294,0,0,0,0,0.0,4,382,2,0.5
0.5004024235381879,5,0.8,2818,0,0,0,0,0.0,5,382,2,0.6
0.45056120886630463,6,0.8333333333333334,3364,0,0,0,0,0.0,6,382,2,0.6666666666666666
0.410116318288409,7,0.8571428571428571,4054,0,0,0,0,0.0,7,382,2,0.7142857142857143
0.37677016125643675,8,0.875,4602,0,0,0,0,0.0,8,382,2,0.75
0.34883209584303193,9,0.8888888888888888,5315,0,0,0,0,0.0,9,382,2,0.7777777777777778
0.3250829733914482,10,0.9,5953,0,0,0,0,0.0,10,382,2,0.8
0.30463609734923813,11,0.9090909090909091,6420,0,0,0,0,0.0,11,382,2,0.8181818181818182
0.2868359830561607,12,0.9166666666666666,7001,0,0,0,0,0.0,12,382,2,0.8333333333333334
0.2711893730418441,13,0.9230769230769231,7566,0,0,0,0,0.0,13,382,2,0.8461538461538461
0.25731864054383163,14,0.9285714285714286,8092,0,0,0,0,0.0,14,382,2,0.8571428571428571
0.24493002679463532,15,0.9333333333333333,8780,0,0,0,0,0.0,15,382,2,0.8666666666666667
-0.0,1,1.0,651,0,0,0,0,0.0,1,383,1,1.0
-0.0,2,1.0,1454,0,0,0,0,0.0,2,383,1,1.0
-0.0,3,1.0,2114,0,0,0,0,0.0,3,383,1,1.0
-0.0,4,1.0,2959,0,0,0,0,0.0,4,383,1,1.0
-0.0,5,1.0,3680,0,0,0,0,0.0,5,383,1,1.0
-0.0,6,1.0,4341,0,0,0,0,0.0,6,383,1,1.0
-0.0,7,1.0,5058,0,0,0,0,0.0,7,383,1,1.0
-0.0,8,1.0,5791,0,0,0,0,0.0,8,383,1,1.0
-0.0,9,1.0,6480,0,0,0,0,0.0,9,383,1,1.0
-0.0,10,1.0,7176,0,0,0,0,0.0,10,383,1,1.0
-0.0,11,1.0,7826,0,0,0,0,0.0,11,383,1,1.0
-0.0,12,1.0,8361,0,0,0,0,0.0,12,383,1,1.0
-0.0,13,1.0,9104,0,0,0,0,0.0,13,383,1,1.0
-0.0,14,1.0,9767,0,0,0,0,0.0,14,383,1,1.0
-0.0,15,1.0,10602,0,0,0,0,0.0,15,383,1,1.0
-0.0,1,1.0,176,0,0,0,0,0.0,1,384,1,1.0
-0.0,2,1.0,370,0,0,0,0,0.0,2,384,1,1.0
-0.0,3,1.0,543,0,0,0,0,0.0,3,384,1,1.0
-0.0,4,1.0,742,0,0,0,0,0.0,4,384,1,1.0
-0.0,5,1.0,924,0,0,0,0,0.0,5,384,1,1.0
-0.0,6,1.0,1105,0,0,0,0,0.0,6,384,1,1.0
-0.0,7,1.0,1279,0,0,0,0,0.0,7,384,1,1.0
-0.0,8,1.0,1496,0,0,0,0,0.0,8,384,1,1.0
-0.0,9,1.0,1654,0,0,0,0,0.0,9,384,1,1.0
-0.0,10,1.0,1809,0,0,0,0,0.0,10,384,1,1.0
-0.0,11,1.0,1972,0,0,0,0,0.0,11,384,1,1.0
-0.0,12,1.0,2141,0,0,0,0,0.0,12,384,1,1.0
-0.0,13,1.0,2301,0,0,0,0,0.0,13,384,1,1.0
-0.0,14,1.0,2477,0,0,0,0,0.0,14,384,1,1.0
-0.0,15,1.0,2639,0,0,0,0,0.0,15,384,1,1.0
-0.0,1,1.0,1024,1,1,1,0,0.0,1,385,1,1.0
-0.0,2,1.0,1559,1,1,1,0,0.0,2,385,1,1.0
0.6365141682948128,3,0.6666666666666666,1987,1,1,1,0,0.0,3,385,2,0.3333333333333333
1.0397207708399179,4,0.5,3011,1,1,1,0,0.0,4,385,3,0.25
0.9502705392332347,5,0.6,3352,1,1,1,0,0.0,5,385,3,0.4
1.0114042647073518,6,0.5,3732,1,1,1,0,0.0,6,385,3,0.16666666666666666
1.0042424730540764,7,0.42857142857142855,4150,1,1,1,0,0.0,7,385,3,0.0
0.9743147528693494,1,0.5,4607,0,0,0,0,0.0,8,385,3,0.125
0.936888307539016,2,0.5555555555555556,4992,0,0,0,0,0.0,9,385,3,0.2222222222222222
0.8979457248567798,3,0.6,5451,0,0,0,0,0.0,10,385,3,0.3
0.9164648855394713,4,0.5454545454545454,6475,0,0,0,0,0.0,11,385,3,0.18181818181818182
1.1269287948006759,5,0.5,6833,0,0,0,0,0.0,12,385,4,0.16666666666666666
1.0905994737794789,6,0.5384615384615384,7252,0,0,0,0,0.0,13,385,4,0.23076923076923078
1.0547209169068124,7,0.5714285714285714,8276,0,0,0,0,0.0,14,385,4,0.2857142857142857
1.020036958401841,8,0.6,8724,0,0,0,0,0.0,15,385,4,0.3333333333333333
-0.0,1,1.0,389,0,0,0,0,0.0,1,386,1,1.0
-0.0,2,1.0,734,0,0,0,0,0.0,2,386,1,1.0
-0.0,3,1.0,1026,0,0,0,0,0.0,3,386,1,1.0
-0.0,4,1.0,1442,0,0,0,0,0.0,4,386,1,1.0
-0.0,5,1.0,1817,0,0,0,0,0.0,5,386,1,1.0
-0.0,6,1.0,2150,0,0,0,0,0.0,6,386,1,1.0
-0.0,7,1.0,2422,0,0,0,0,0.0,7,386,1,1.0
-0.0,8,1.0,2802,0,0,0,0,0.0,8,386,1,1.0
-0.0,9,1.0,3091,0,0,0,0,0.0,9,386,1,1.0
-0.0,10,1.0,3413,0,0,0,0,0.0,10,386,1,1.0
-0.0,11,1.0,3727,0,0,0,0,0.0,11,386,1,1.0
-0.0,12,1.0,4110,0,0,0,0,0.0,12,386,1,1.0
-0.0,13,1.0,4457,0,0,0,0,0.0,13,386,1,1.0
-0.0,14,1.0,4827,0,0,0,0,0.0,14,386,1,1.0
-0.0,15,1.0,5304,0,0,0,0,0.0,15,386,1,1.0
-0.0,1,1.0,275,0,0,0,0,0.0,1,387,1,1.0
-0.0,2,1.0,672,0,0,0,0,0.0,2,387,1,1.0
-0.0,3,1.0,1045,0,0,0,0,0.0,3,387,1,1.0
-0.0,4,1.0,1321,0,0,0,0,0.0,4,387,1,1.0
-0.0,5,1.0,1605,0,0,0,0,0.0,5,387,1,1.0
-0.0,6,1.0,1957,0,0,0,0,0.0,6,387,1,1.0
-0.0,7,1.0,2363,0,0,0,0,0.0,7,387,1,1.0
-0.0,8,1.0,2608,0,0,0,0,0.0,8,387,1,1.0
-0.0,9,1.0,2878,0,0,0,0,0.0,9,387,1,1.0
-0.0,10,1.0,3127,0,0,0,0,0.0,10,387,1,1.0
-0.0,11,1.0,3451,0,0,0,0,0.0,11,387,1,1.0
-0.0,12,1.0,3853,0,0,0,0,0.0,12,387,1,1.0
-0.0,13,1.0,4100,0,0,0,0,0.0,13,387,1,1.0
-0.0,14,1.0,4506,0,0,0,0,0.0,14,387,1,1.0
-0.0,15,1.0,4783,0,0,0,0,0.0,15,387,1,1.0
-0.0,1,1.0,394,1,0,0,0,0.0,1,388,1,1.0
0.6931471805599453,2,0.5,857,1,0,0,0,0.0,2,388,2,0.0
0.6365141682948128,3,0.6666666666666666,1881,1,0,0,0,0.0,3,388,2,0.3333333333333333
0.6931471805599453,4,0.5,2905,1,0,0,0,0.0,4,388,2,0.0
0.6730116670092565,5,0.6,3298,1,0,0,0,0.0,5,388,2,0.2
0.6931471805599453,6,0.5,3723,1,0,0,0,0.0,6,388,2,0.0
0.6829081047004717,7,0.5714285714285714,4152,1,0,0,0,0.0,7,388,2,0.14285714285714285
0.6931471805599453,8,0.5,4623,1,0,0,0,0.0,8,388,2,0.0
0.6869615765973234,1,0.5555555555555556,5076,0,0,0,0,0.0,9,388,2,0.1111111111111111
0.6931471805599453,1,0.5,6100,1,0,0,0,0.0,10,388,2,0.0
0.6890092384766586,1,0.5454545454545454,6533,0,0,0,0,0.0,11,388,2,0.09090909090909091
0.6791932659915256,2,0.5833333333333334,6934,0,0,0,0,0.0,12,388,2,0.16666666666666666
0.666278442414676,3,0.6153846153846154,7376,0,0,0,0,0.0,13,388,2,0.23076923076923078
0.6517565611726531,4,0.6428571428571429,7724,0,0,0,0,0.0,14,388,2,0.2857142857142857
0.6365141682948128,5,0.6666666666666666,8136,0,0,0,0,0.0,15,388,2,0.3333333333333333
-0.0,1,1.0,555,1,1,1,0,0.0,1,389,1,1.0
0.6931471805599453,2,0.5,1017,1,1,1,0,0.0,2,389,2,0.0
0.6365141682948128,3,0.6666666666666666,1494,1,1,1,0,0.0,3,389,2,0.3333333333333333
1.0397207708399179,4,0.5,1809,1,1,1,0,0.0,4,389,3,0.25
1.0549201679861442,5,0.4,2207,1,1,1,0,0.0,5,389,3,0.0
1.0114042647073518,1,0.5,2767,0,0,0,0,0.0,6,389,3,0.16666666666666666
0.9556998911125343,2,0.5714285714285714,3301,0,0,0,0,0.0,7,389,3,0.2857142857142857
1.2130075659799042,3,0.5,3803,0,0,0,0,0.0,8,389,4,0.25
1.2730283365896256,4,0.4444444444444444,4233,0,0,0,0,0.0,9,389,4,0.2222222222222222
1.4708084763221114,5,0.4,4717,0,0,0,0,0.0,10,389,5,0.2
1.4142790651247086,6,0.45454545454545453,5367,0,0,0,0,0.0,11,389,5,0.2727272727272727
1.4241299173467734,7,0.4166666666666667,5859,0,0,0,0,0.0,12,389,5,0.16666666666666666
1.4127446368638479,8,0.38461538461538464,6371,0,0,0,0,0.0,13,389,5,0.07692307692307693
1.3760552852604169,9,0.42857142857142855,6919,0,0,0,0,0.0,14,389,5,0.14285714285714285
1.5292482930376912,10,0.4,7657,0,0,0,0,0.0,15,389,6,0.13333333333333333
-0.0,1,1.0,966,1,1,1,0,0.0,1,390,1,1.0
0.6931471805599453,2,0.5,1820,1,1,1,0,0.0,2,390,2,0.0
0.6365141682948128,1,0.6666666666666666,2507,0,0,0,0,0.0,3,390,2,0.3333333333333333
0.5623351446188083,2,0.75,3263,0,0,0,0,0.0,4,390,2,0.5
0.9502705392332347,3,0.6,4231,0,0,0,0,0.0,5,390,3,0.4
0.8675632284814612,4,0.6666666666666666,5194,0,0,0,0,0.0,6,390,3,0.5
0.796311640173813,5,0.7142857142857143,6088,0,0,0,0,0.0,7,390,3,0.5714285714285714
0.9002560512685369,6,0.625,7112,0,0,0,0,0.0,8,390,3,0.375
0.8486855577264172,7,0.6666666666666666,7970,0,0,0,0,0.0,9,390,3,0.4444444444444444
0.8018185525433373,8,0.7,8724,0,0,0,0,0.0,10,390,3,0.5
0.8599672810355049,9,0.6363636363636364,9642,0,0,0,0,0.0,11,390,3,0.36363636363636365
0.8239592165010823,10,0.6666666666666666,10292,0,0,0,0,0.0,12,390,3,0.4166666666666667
0.7902679680745903,11,0.6923076923076923,11127,0,0,0,0,0.0,13,390,3,0.46153846153846156
0.8304717124362917,12,0.6428571428571429,12081,0,0,0,0,0.0,14,390,3,0.35714285714285715
0.9276173343271816,13,0.6,13065,0,0,0,0,0.0,15,390,3,0.3333333333333333
-0.0,1,1.0,930,0,0,0,0,0.0,1,391,1,1.0
-0.0,2,1.0,1954,0,0,0,0,0.5,2,391,1,1.0
-0.0,3,1.0,2654,0,0,0,0,0.3333333333333333,3,391,1,1.0
-0.0,4,1.0,3536,0,0,0,0,0.25,4,391,1,1.0
-0.0,5,1.0,4496,0,0,0,0,0.2,5,391,1,1.0
-0.0,6,1.0,5520,0,0,0,0,0.3333333333333333,6,391,1,1.0
0.5004024235381879,7,0.8,6483,0,0,0,0,0.2857142857142857,7,391,2,0.6
0.45056120886630463,8,0.8333333333333334,7426,0,0,0,0,0.25,8,391,2,0.6666666666666666
0.410116318288409,9,0.8571428571428571,8271,0,0,0,0,0.2222222222222222,9,391,2,0.7142857142857143
0.37677016125643675,10,0.875,9271,0,0,0,0,0.2,10,391,2,0.75
0.34883209584303193,11,0.8888888888888888,10123,0,0,0,0,0.18181818181818182,11,391,2,0.7777777777777778
0.3250829733914482,12,0.9,10773,0,0,0,0,0.16666666666666666,12,391,2,0.8
0.3250829733914482,13,0.9,11797,0,0,0,0,0.23076923076923078,13,391,2,0.8
0.30463609734923813,14,0.9090909090909091,12756,0,0,0,0,0.21428571428571427,14,391,2,0.8181818181818182
0.2868359830561607,15,0.9166666666666666,13780,0,0,0,0,0.2,15,391,2,0.8333333333333334
-0.0,1,1.0,513,0,0,0,0,0.0,1,392,1,1.0
-0.0,2,1.0,1537,0,0,0,0,0.0,2,392,1,1.0
0.6365141682948128,3,0.6666666666666666,2295,0,0,0,0,0.0,3,392,2,0.3333333333333333
0.5623351446188083,4,0.75,2851,0,0,0,0,0.0,4,392,2,0.5
0.5004024235381879,5,0.8,3475,0,0,0,0,0.0,5,392,2,0.6
0.5004024235381879,6,0.8,4499,0,0,0,0,0.16666666666666666,6,392,2,0.6
0.8675632284814612,7,0.6666666666666666,5523,0,0,0,0,0.14285714285714285,7,392,3,0.5
0.8675632284814612,8,0.6666666666666666,6547,0,0,0,0,0.25,8,392,3,0.5
1.1537419427010902,9,0.5714285714285714,7352,0,0,0,0,0.2222222222222222,9,392,4,0.42857142857142855
1.2130075659799042,10,0.5,8376,0,0,0,0,0.2,10,392,4,0.25
1.2130075659799042,11,0.5,9400,0,0,0,0,0.2727272727272727,11,392,4,0.25
1.2730283365896256,12,0.4444444444444444,10261,0,0,0,0,0.25,12,392,4,0.2222222222222222
1.2730283365896256,13,0.4444444444444444,11285,0,0,0,0,0.3076923076923077,13,392,4,0.2222222222222222
1.3321790402101223,14,0.4,12305,0,0,0,0,0.2857142857142857,14,392,4,0.2
1.3321790402101223,15,0.4,13329,0,0,0,0,0.3333333333333333,15,392,4,0.2
-0.0,1,1.0,559,0,0,0,0,0.0,1,393,1,1.0
-0.0,2,1.0,961,0,0,0,0,0.0,2,393,1,1.0
-0.0,3,1.0,1409,0,0,0,0,0.0,3,393,1,1.0
-0.0,4,1.0,1912,0,0,0,0,0.0,4,393,1,1.0
-0.0,5,1.0,2399,0,0,0,0,0.0,5,393,1,1.0
-0.0,6,1.0,2785,0,0,0,0,0.0,6,393,1,1.0
-0.0,7,1.0,3093,0,0,0,0,0.0,7,393,1,1.0
-0.0,8,1.0,3559,0,0,0,0,0.0,8,393,1,1.0
-0.0,9,1.0,3991,0,0,0,0,0.0,9,393,1,1.0
-0.0,10,1.0,4524,0,0,0,0,0.0,10,393,1,1.0
-0.0,11,1.0,4944,0,0,0,0,0.0,11,393,1,1.0
-0.0,12,1.0,5417,0,0,0,0,0.0,12,393,1,1.0
-0.0,13,1.0,5842,0,0,0,0,0.0,13,393,1,1.0
-0.0,14,1.0,6359,0,0,0,0,0.0,14,393,1,1.0
-0.0,15,1.0,6929,0,0,0,0,0.0,15,393,1,1.0
-0.0,1,1.0,812,1,1,1,0,0.0,1,394,1,1.0
0.6931471805599453,2,0.5,1809,1,1,1,0,0.0,2,394,2,0.0
1.0986122886681096,3,0.3333333333333333,2504,1,1,1,0,0.0,3,394,3,0.0
1.0986122886681096,4,0.3333333333333333,3528,1,1,1,0,0.25,4,394,3,0.0
1.0986122886681096,5,0.3333333333333333,4552,1,1,1,0,0.4,5,394,3,0.0
1.0397207708399179,1,0.5,5318,0,0,0,0,0.3333333333333333,6,394,3,0.25
0.9502705392332347,2,0.6,6066,0,0,0,0,0.2857142857142857,7,394,3,0.4
0.9502705392332347,3,0.6,7090,0,0,0,0,0.375,8,394,3,0.4
0.9502705392332347,4,0.6,8114,0,0,0,0,0.4444444444444444,9,394,3,0.4
1.242453324894,5,0.5,9081,0,0,0,0,0.4,10,394,4,0.3333333333333333
1.1537419427010902,6,0.5714285714285714,9943,0,0,0,0,0.36363636363636365,11,394,4,0.42857142857142855
1.1537419427010902,7,0.5714285714285714,10967,0,0,0,0,0.4166666666666667,12,394,4,0.42857142857142855
1.1537419427010902,8,0.5714285714285714,11991,0,0,0,0,0.46153846153846156,13,394,4,0.42857142857142855
1.073542846408523,9,0.625,12735,0,0,0,0,0.42857142857142855,14,394,4,0.5
1.0027182645175161,10,0.6666666666666666,13520,0,0,0,0,0.4,15,394,4,0.5555555555555556
-0.0,1,1.0,306,0,0,0,0,0.0,1,395,1,1.0
-0.0,2,1.0,643,0,0,0,0,0.0,2,395,1,1.0
-0.0,3,1.0,893,0,0,0,0,0.0,3,395,1,1.0
-0.0,4,1.0,1201,0,0,0,0,0.0,4,395,1,1.0
-0.0,5,1.0,1521,0,0,0,0,0.0,5,395,1,1.0
-0.0,6,1.0,1870,0,0,0,0,0.0,6,395,1,1.0
-0.0,7,1.0,2175,0,0,0,0,0.0,7,395,1,1.0
-0.0,8,1.0,2506,0,0,0,0,0.0,8,395,1,1.0
-0.0,9,1.0,2897,0,0,0,0,0.0,9,395,1,1.0
-0.0,10,1.0,3234,0,0,0,0,0.0,10,395,1,1.0
-0.0,11,1.0,3603,0,0,0,0,0.0,11,395,1,1.0
-0.0,12,1.0,3952,0,0,0,0,0.0,12,395,1,1.0
-0.0,13,1.0,4331,0,0,0,0,0.0,13,395,1,1.0
-0.0,14,1.0,4735,0,0,0,0,0.0,14,395,1,1.0
-0.0,15,1.0,5120,0,0,0,0,0.0,15,395,1,1.0
-0.0,1,1.0,489,0,0,0,0,0.0,1,396,1,1.0
-0.0,2,1.0,1513,0,0,0,0,0.0,2,396,1,1.0
-0.0,3,1.0,2046,0,0,0,0,0.0,3,396,1,1.0
-0.0,4,1.0,3002,0,0,0,0,0.0,4,396,1,1.0
-0.0,5,1.0,3318,0,0,0,0,0.0,5,396,1,1.0
0.45056120886630463,6,0.8333333333333334,3722,0,0,0,0,0.0,6,396,2,0.6666666666666666
0.796311640173813,7,0.7142857142857143,4272,0,0,0,0,0.0,7,396,3,0.5714285714285714
0.7356219397587946,8,0.75,5296,0,0,0,0,0.0,8,396,3,0.625
0.6837389058487535,9,0.7777777777777778,5733,0,0,0,0,0.0,9,396,3,0.6666666666666666
0.639031859650177,10,0.8,6367,0,0,0,0,0.0,10,396,3,0.7
0.6001660731596457,11,0.8181818181818182,6941,0,0,0,0,0.0,11,396,3,0.7272727272727273
0.8369882167858358,12,0.75,7296,0,0,0,0,0.0,12,396,4,0.6666666666666666
0.7937300551584248,13,0.7692307692307693,7749,0,0,0,0,0.0,13,396,4,0.6923076923076923
0.7549967581308246,14,0.7857142857142857,8214,0,0,0,0,0.0,14,396,4,0.7142857142857143
0.9495936677167384,15,0.7333333333333333,8577,0,0,0,0,0.0,15,396,5,0.6666666666666666
-0.0,1,1.0,425,0,0,0,0,0.0,1,397,1,1.0
-0.0,2,1.0,878,0,0,0,0,0.0,2,397,1,1.0
-0.0,3,1.0,1293,0,0,0,0,0.0,3,397,1,1.0
-0.0,4,1.0,1582,0,0,0,0,0.0,4,397,1,1.0
-0.0,5,1.0,2023,0,0,0,0,0.0,5,397,1,1.0
-0.0,6,1.0,2412,0,0,0,0,0.0,6,397,1,1.0
-0.0,7,1.0,2659,0,0,0,0,0.0,7,397,1,1.0
-0.0,8,1.0,3027,0,0,0,0,0.0,8,397,1,1.0
-0.0,9,1.0,3459,0,0,0,0,0.0,9,397,1,1.0
-0.0,10,1.0,3859,0,0,0,0,0.0,10,397,1,1.0
-0.0,11,1.0,4215,0,0,0,0,0.0,11,397,1,1.0
-0.0,12,1.0,4540,0,0,0,0,0.0,12,397,1,1.0
-0.0,13,1.0,4902,0,0,0,0,0.0,13,397,1,1.0
-0.0,14,1.0,5294,0,0,0,0,0.0,14,397,1,1.0
-0.0,15,1.0,5733,0,0,0,0,0.0,15,397,1,1.0
-0.0,1,1.0,438,1,0,0,0,0.0,1,398,1,1.0
0.6931471805599453,2,0.5,1462,1,0,0,0,0.0,2,398,2,0.0
1.0986122886681096,3,0.3333333333333333,2106,1,0,0,0,0.0,3,398,3,0.0
1.3862943611198906,4,0.25,2718,1,0,0,0,0.0,4,398,4,0.0
1.3321790402101223,1,0.4,3742,0,0,0,0,0.0,5,398,4,0.2
1.5607104090414063,2,0.3333333333333333,4766,0,0,0,0,0.0,6,398,5,0.16666666666666666
1.7478680974667573,3,0.2857142857142857,5369,0,0,0,0,0.0,7,398,6,0.14285714285714285
1.6674619334292946,4,0.375,6393,0,0,0,0,0.0,8,398,6,0.25
1.5810937501718236,5,0.4444444444444444,7417,0,0,0,0,0.0,9,398,6,0.3333333333333333
1.7480673485460894,6,0.4,8441,0,0,0,0,0.0,10,398,7,0.3
1.8937882323911377,7,0.36363636363636365,9465,0,0,0,0,0.0,11,398,8,0.2727272727272727
1.9072839993213793,8,0.3333333333333333,10489,0,0,0,0,0.0,12,398,8,0.16666666666666666
2.031759218569271,9,0.3076923076923077,11513,0,0,0,0,0.0,13,398,9,0.15384615384615385
2.0449311748495913,10,0.2857142857142857,12206,0,0,0,0,0.0,14,398,9,0.14285714285714285
2.1535324566542537,11,0.26666666666666666,13230,0,0,0,0,0.0,15,398,10,0.13333333333333333
-0.0,1,1.0,321,0,0,0,0,0.0,1,399,1,1.0
-0.0,2,1.0,608,0,0,0,0,0.0,2,399,1,1.0
-0.0,3,1.0,836,0,0,0,0,0.0,3,399,1,1.0
-0.0,4,1.0,1168,0,0,0,0,0.0,4,399,1,1.0
-0.0,5,1.0,1505,0,0,0,0,0.0,5,399,1,1.0
-0.0,6,1.0,1790,0,0,0,0,0.0,6,399,1,1.0
-0.0,7,1.0,2084,0,0,0,0,0.0,7,399,1,1.0
-0.0,8,1.0,2422,0,0,0,0,0.0,8,399,1,1.0
-0.0,9,1.0,2680,0,0,0,0,0.0,9,399,1,1.0
-0.0,10,1.0,2940,0,0,0,0,0.0,10,399,1,1.0
-0.0,11,1.0,3203,0,0,0,0,0.0,11,399,1,1.0
-0.0,12,1.0,3528,0,0,0,0,0.0,12,399,1,1.0
-0.0,13,1.0,3787,0,0,0,0,0.0,13,399,1,1.0
-0.0,14,1.0,4094,0,0,0,0,0.0,14,399,1,1.0
-0.0,15,1.0,4326,0,0,0,0,0.0,15,399,1,1.0
-0.0,1,1.0,1024,0,0,0,0,0.0,1,400,1,1.0
0.6931471805599453,2,0.5,1916,0,0,0,0,0.0,2,400,2,0.0
0.6365141682948128,1,0.6666666666666666,2762,1,1,1,0,0.0,3,400,2,0.3333333333333333
1.0397207708399179,2,0.5,3244,1,1,1,0,0.0,4,400,3,0.25
1.0549201679861442,1,0.4,3626,0,0,0,0,0.0,5,400,3,0.0
1.0114042647073518,1,0.5,4650,1,1,1,0,0.0,6,400,3,0.16666666666666666
1.0042424730540764,1,0.42857142857142855,5151,0,0,0,0,0.0,7,400,3,0.0
0.9743147528693494,1,0.5,5534,1,1,1,0,0.0,8,400,3,0.125
0.9649629230074277,1,0.4444444444444444,6167,0,0,0,0,0.0,9,400,3,0.0
1.0549201679861442,2,0.4,6884,0,0,0,0,0.0,10,400,3,0.0
1.0361987848192837,3,0.45454545454545453,7480,0,0,0,0,0.0,11,400,3,0.09090909090909091
1.0114042647073518,4,0.5,7861,0,0,0,0,0.0,12,400,3,0.16666666666666666
0.9839614460010255,5,0.5384615384615384,8532,0,0,0,0,0.0,13,400,3,0.23076923076923078
0.9556998911125343,6,0.5714285714285714,8869,0,0,0,0,0.0,14,400,3,0.2857142857142857
1.1369165918330006,7,0.5333333333333333,9382,0,0,0,0,0.0,15,400,4,0.26666666666666666
,0,,1024,1,0,0,0,1.0,1,401,0,
,0,,2048,1,0,0,0,1.0,2,401,0,
,0,,3072,1,0,0,0,1.0,3,401,0,
,0,,4096,1,0,0,0,1.0,4,401,0,
,0,,5120,1,0,0,0,1.0,5,401,0,
-0.0,1,1.0,5713,0,0,0,0,0.8333333333333334,6,401,1,1.0
0.6931471805599453,2,0.5,6378,0,0,0,0,0.7142857142857143,7,401,2,0.0
0.6931471805599453,3,0.5,7402,0,0,0,0,0.75,8,401,2,0.0
0.6365141682948128,4,0.6666666666666666,8328,0,0,0,0,0.6666666666666666,9,401,2,0.3333333333333333
0.6365141682948128,5,0.6666666666666666,9352,0,0,0,0,0.7,10,401,2,0.3333333333333333
0.6365141682948128,6,0.6666666666666666,10376,0,0,0,0,0.7272727272727273,11,401,2,0.3333333333333333
0.6365141682948128,7,0.6666666666666666,11400,0,0,0,0,0.75,12,401,2,0.3333333333333333
0.5623351446188083,8,0.75,12376,0,0,0,0,0.6923076923076923,13,401,2,0.5
0.9502705392332347,9,0.6,13287,0,0,0,0,0.6428571428571429,14,401,3,0.4
0.9502705392332347,10,0.6,14311,0,0,0,0,0.6666666666666666,15,401,3,0.4
-0.0,1,1.0,448,0,0,0,0,0.0,1,402,1,1.0
-0.0,2,1.0,860,0,0,0,0,0.0,2,402,1,1.0
-0.0,3,1.0,1256,0,0,0,0,0.0,3,402,1,1.0
0.5623351446188083,4,0.75,1658,0,0,0,0,0.0,4,402,2,0.5
0.5004024235381879,5,0.8,2057,0,0,0,0,0.0,5,402,2,0.6
0.45056120886630463,6,0.8333333333333334,2453,0,0,0,0,0.0,6,402,2,0.6666666666666666
0.410116318288409,7,0.8571428571428571,2875,0,0,0,0,0.0,7,402,2,0.7142857142857143
0.37677016125643675,8,0.875,3216,0,0,0,0,0.0,8,402,2,0.75
0.34883209584303193,9,0.8888888888888888,3672,0,0,0,0,0.0,9,402,2,0.7777777777777778
0.3250829733914482,10,0.9,4351,0,0,0,0,0.0,10,402,2,0.8
0.30463609734923813,11,0.9090909090909091,5375,0,0,0,0,0.0,11,402,2,0.8181818181818182
0.2868359830561607,12,0.9166666666666666,5806,0,0,0,0,0.0,12,402,2,0.8333333333333334
0.2711893730418441,13,0.9230769230769231,6223,0,0,0,0,0.0,13,402,2,0.8461538461538461
0.25731864054383163,14,0.9285714285714286,6651,0,0,0,0,0.0,14,402,2,0.8571428571428571
0.24493002679463532,15,0.9333333333333333,7027,0,0,0,0,0.0,15,402,2,0.8666666666666667
-0.0,1,1.0,1024,0,0,0,0,0.0,1,403,1,1.0
-0.0,2,1.0,1638,0,0,0,0,0.0,2,403,1,1.0
-0.0,3,1.0,2211,0,0,0,0,0.0,3,403,1,1.0
0.5623351446188083,4,0.75,2731,0,0,0,0,0.0,4,403,2,0.5
0.6730116670092565,5,0.6,3235,0,0,0,0,0.0,5,403,2,0.2
0.6365141682948128,6,0.6666666666666666,3789,0,0,0,0,0.0,6,403,2,0.3333333333333333
0.5982695885852573,7,0.7142857142857143,4446,0,0,0,0,0.0,7,403,2,0.42857142857142855
0.5623351446188083,8,0.75,5133,0,0,0,0,0.0,8,403,2,0.5
0.5297061990576545,9,0.7777777777777778,5735,0,0,0,0,0.0,9,403,2,0.5555555555555556
0.5004024235381879,10,0.8,6317,0,0,0,0,0.0,10,403,2,0.6
0.47413931305783735,11,0.8181818181818182,6903,0,0,0,0,0.0,11,403,2,0.6363636363636364
0.45056120886630463,12,0.8333333333333334,7489,0,0,0,0,0.0,12,403,2,0.6666666666666666
0.4293230219306162,13,0.8461538461538461,8084,0,0,0,0,0.0,13,403,2,0.6923076923076923
0.5195798391305154,14,0.7857142857142857,8711,0,0,0,0,0.0,14,403,2,0.5714285714285714
0.5004024235381879,15,0.8,9250,0,0,0,0,0.0,15,403,2,0.6
-0.0,1,1.0,364,0,0,0,0,0.0,1,404,1,1.0
-0.0,2,1.0,651,0,0,0,0,0.0,2,404,1,1.0
-0.0,3,1.0,941,0,0,0,0,0.0,3,404,1,1.0
-0.0,4,1.0,1287,0,0,0,0,0.0,4,404,1,1.0
-0.0,5,1.0,1583,0,0,0,0,0.0,5,404,1,1.0
-0.0,6,1.0,1879,0,0,0,0,0.0,6,404,1,1.0
-0.0,7,1.0,2314,0,0,0,0,0.0,7,404,1,1.0
-0.0,8,1.0,2612,0,0,0,0,0.0,8,404,1,1.0
-0.0,9,1.0,2939,0,0,0,0,0.0,9,404,1,1.0
-0.0,10,1.0,3292,0,0,0,0,0.0,10,404,1,1.0
-0.0,11,1.0,3605,0,0,0,0,0.0,11,404,1,1.0
-0.0,12,1.0,3923,0,0,0,0,0.0,12,404,1,1.0
-0.0,13,1.0,4231,0,0,0,0,0.0,13,404,1,1.0
-0.0,14,1.0,4579,0,0,0,0,0.0,14,404,1,1.0
-0.0,15,1.0,4894,0,0,0,0,0.0,15,404,1,1.0
-0.0,1,1.0,372,0,0,0,0,0.0,1,405,1,1.0
-0.0,2,1.0,630,0,0,0,0,0.0,2,405,1,1.0
-0.0,3,1.0,826,0,0,0,0,0.0,3,405,1,1.0
-0.0,4,1.0,1257,0,0,0,0,0.0,4,405,1,1.0
-0.0,5,1.0,1753,0,0,0,0,0.0,5,405,1,1.0
-0.0,6,1.0,2138,0,0,0,0,0.0,6,405,1,1.0
-0.0,7,1.0,2331,0,0,0,0,0.0,7,405,1,1.0
-0.0,8,1.0,2761,0,0,0,0,0.0,8,405,1,1.0
-0.0,9,1.0,3187,0,0,0,0,0.0,9,405,1,1.0
-0.0,10,1.0,3456,0,0,0,0,0.0,10,405,1,1.0
-0.0,11,1.0,3832,0,0,0,0,0.0,11,405,1,1.0
-0.0,12,1.0,4025,0,0,0,0,0.0,12,405,1,1.0
-0.0,13,1.0,4445,0,0,0,0,0.0,13,405,1,1.0
-0.0,14,1.0,4924,0,0,0,0,0.0,14,405,1,1.0
-0.0,15,1.0,5334,0,0,0,0,0.0,15,405,1,1.0
-0.0,1,1.0,322,0,0,0,0,0.0,1,406,1,1.0
-0.0,2,1.0,473,0,0,0,0,0.0,2,406,1,1.0
-0.0,3,1.0,777,0,0,0,0,0.0,3,406,1,1.0
-0.0,4,1.0,1073,0,0,0,0,0.0,4,406,1,1.0
-0.0,5,1.0,1409,0,0,0,0,0.0,5,406,1,1.0
-0.0,6,1.0,1685,0,0,0,0,0.0,6,406,1,1.0
-0.0,7,1.0,1885,0,0,0,0,0.0,7,406,1,1.0
-0.0,8,1.0,2160,0,0,0,0,0.0,8,406,1,1.0
-0.0,9,1.0,2400,0,0,0,0,0.0,9,406,1,1.0
-0.0,10,1.0,2595,0,0,0,0,0.0,10,406,1,1.0
-0.0,11,1.0,2966,0,0,0,0,0.0,11,406,1,1.0
-0.0,12,1.0,3254,0,0,0,0,0.0,12,406,1,1.0
-0.0,13,1.0,3529,0,0,0,0,0.0,13,406,1,1.0
-0.0,14,1.0,3818,0,0,0,0,0.0,14,406,1,1.0
-0.0,15,1.0,4154,0,0,0,0,0.0,15,406,1,1.0
-0.0,1,1.0,304,0,0,0,0,0.0,1,407,1,1.0
-0.0,2,1.0,571,0,0,0,0,0.0,2,407,1,1.0
-0.0,3,1.0,886,0,0,0,0,0.0,3,407,1,1.0
-0.0,4,1.0,1171,0,0,0,0,0.0,4,407,1,1.0
-0.0,5,1.0,1424,0,0,0,0,0.0,5,407,1,1.0
-0.0,6,1.0,1698,0,0,0,0,0.0,6,407,1,1.0
-0.0,7,1.0,1947,0,0,0,0,0.0,7,407,1,1.0
-0.0,8,1.0,2195,0,0,0,0,0.0,8,407,1,1.0
-0.0,9,1.0,2429,0,0,0,0,0.0,9,407,1,1.0
-0.0,10,1.0,2739,0,0,0,0,0.0,10,407,1,1.0
-0.0,11,1.0,2980,0,0,0,0,0.0,11,407,1,1.0
-0.0,12,1.0,3266,0,0,0,0,0.0,12,407,1,1.0
-0.0,13,1.0,3556,0,0,0,0,0.0,13,407,1,1.0
-0.0,14,1.0,3807,0,0,0,0,0.0,14,407,1,1.0
-0.0,15,1.0,4084,0,0,0,0,0.0,15,407,1,1.0
,0,,1024,1,1,1,0,1.0,1,408,0,
,0,,2048,1,1,1,0,1.0,2,408,0,
,0,,3072,1,1,1,0,1.0,3,408,0,
,0,,4096,1,1,1,0,1.0,4,408,0,
,0,,5120,1,1,1,0,1.0,5,408,0,
,0,,6144,1,1,1,0,1.0,6,408,0,
,0,,7168,1,1,1,0,1.0,7,408,0,
,0,,8192,1,1,1,0,1.0,8,408,0,
,0,,9216,1,1,1,0,1.0,9,408,0,
-0.0,1,1.0,10155,0,0,0,0,0.9,10,408,1,1.0
0.6931471805599453,2,0.5,10876,0,0,0,0,0.8181818181818182,11,408,2,0.0
0.6931471805599453,3,0.5,11900,0,0,0,0,0.8333333333333334,12,408,2,0.0
0.6931471805599453,4,0.5,12924,0,0,0,0,0.8461538461538461,13,408,2,0.0
0.6931471805599453,5,0.5,13948,0,0,0,0,0.8571428571428571,14,408,2,0.0
0.6931471805599453,6,0.5,14972,0,0,0,0,0.8666666666666667,15,408,2,0.0
-0.0,1,1.0,693,0,0,0,0,0.0,1,409,1,1.0
-0.0,2,1.0,1384,0,0,0,0,0.0,2,409,1,1.0
-0.0,3,1.0,2024,0,0,0,0,0.0,3,409,1,1.0
-0.0,4,1.0,2990,0,0,0,0,0.0,4,409,1,1.0
-0.0,5,1.0,3717,0,0,0,0,0.0,5,409,1,1.0
-0.0,6,1.0,4713,0,0,0,0,0.0,6,409,1,1.0
-0.0,7,1.0,5283,0,0,0,0,0.0,7,409,1,1.0
-0.0,8,1.0,5858,0,0,0,0,0.0,8,409,1,1.0
-0.0,9,1.0,6587,0,0,0,0,0.0,9,409,1,1.0
-0.0,10,1.0,7426,0,0,0,0,0.0,10,409,1,1.0
-0.0,11,1.0,8156,0,0,0,0,0.0,11,409,1,1.0
-0.0,12,1.0,8730,0,0,0,0,0.0,12,409,1,1.0
-0.0,13,1.0,9623,0,0,0,0,0.0,13,409,1,1.0
-0.0,14,1.0,10328,0,0,0,0,0.0,14,409,1,1.0
-0.0,15,1.0,11240,0,0,0,0,0.0,15,409,1,1.0
-0.0,1,1.0,470,0,0,0,0,0.0,1,410,1,1.0
-0.0,2,1.0,849,0,0,0,0,0.0,2,410,1,1.0
-0.0,3,1.0,1251,0,0,0,0,0.0,3,410,1,1.0
-0.0,4,1.0,1710,0,0,0,0,0.0,4,410,1,1.0
-0.0,5,1.0,2136,0,0,0,0,0.0,5,410,1,1.0
-0.0,6,1.0,2477,0,0,0,0,0.0,6,410,1,1.0
-0.0,7,1.0,2805,0,0,0,0,0.0,7,410,1,1.0
-0.0,8,1.0,3135,0,0,0,0,0.0,8,410,1,1.0
-0.0,9,1.0,3566,0,0,0,0,0.0,9,410,1,1.0
-0.0,10,1.0,3855,0,0,0,0,0.0,10,410,1,1.0
-0.0,11,1.0,4302,0,0,0,0,0.0,11,410,1,1.0
-0.0,12,1.0,4770,0,0,0,0,0.0,12,410,1,1.0
-0.0,13,1.0,5163,0,0,0,0,0.0,13,410,1,1.0
-0.0,14,1.0,5494,0,0,0,0,0.0,14,410,1,1.0
-0.0,15,1.0,5930,0,0,0,0,0.0,15,410,1,1.0
-0.0,1,1.0,149,0,0,0,0,0.0,1,411,1,1.0
-0.0,2,1.0,285,0,0,0,0,0.0,2,411,1,1.0
-0.0,3,1.0,480,0,0,0,0,0.0,3,411,1,1.0
-0.0,4,1.0,651,0,0,0,0,0.0,4,411,1,1.0
-0.0,5,1.0,784,0,0,0,0,0.0,5,411,1,1.0
-0.0,6,1.0,931,0,0,0,0,0.0,6,411,1,1.0
-0.0,7,1.0,1141,0,0,0,0,0.0,7,411,1,1.0
-0.0,8,1.0,1349,0,0,0,0,0.0,8,411,1,1.0
-0.0,9,1.0,1568,0,0,0,0,0.0,9,411,1,1.0
-0.0,10,1.0,1711,0,0,0,0,0.0,10,411,1,1.0
-0.0,11,1.0,1858,0,0,0,0,0.0,11,411,1,1.0
-0.0,12,1.0,2055,0,0,0,0,0.0,12,411,1,1.0
-0.0,13,1.0,2200,0,0,0,0,0.0,13,411,1,1.0
-0.0,14,1.0,2385,0,0,0,0,0.0,14,411,1,1.0
-0.0,15,1.0,2605,0,0,0,0,0.0,15,411,1,1.0
,0,,1024,1,0,0,0,1.0,1,412,0,
,0,,2048,1,0,0,0,1.0,2,412,0,
,0,,3072,1,0,0,0,1.0,3,412,0,
-0.0,1,1.0,3923,1,1,0,1,0.75,4,412,1,1.0
0.6931471805599453,2,0.5,4944,1,1,0,1,0.6,5,412,2,0.0
0.6931471805599453,3,0.5,5968,1,1,0,1,0.6666666666666666,6,412,2,0.0
0.6931471805599453,4,0.5,6992,1,1,0,1,0.7142857142857143,7,412,2,0.0
0.6931471805599453,5,0.5,8016,1,1,0,1,0.75,8,412,2,0.0
0.6931471805599453,6,0.5,9040,1,1,0,1,0.7777777777777778,9,412,2,0.0
1.0986122886681096,7,0.3333333333333333,9792,1,1,0,1,0.7,10,412,3,0.0
1.0397207708399179,1,0.5,10473,1,0,0,0,0.6363636363636364,11,412,3,0.25
1.0397207708399179,2,0.5,11497,1,0,0,0,0.6666666666666666,12,412,3,0.25
1.0397207708399179,3,0.5,12521,1,0,0,0,0.6923076923076923,13,412,3,0.25
1.0397207708399179,4,0.5,13545,1,0,0,0,0.7142857142857143,14,412,3,0.25
1.3321790402101223,5,0.4,14397,1,0,0,0,0.6666666666666666,15,412,4,0.2
-0.0,1,1.0,310,0,0,0,0,0.0,1,413,1,1.0
-0.0,2,1.0,670,0,0,0,0,0.0,2,413,1,1.0
-0.0,3,1.0,1694,0,0,0,0,0.0,3,413,1,1.0
-0.0,4,1.0,2039,0,0,0,0,0.0,4,413,1,1.0
-0.0,5,1.0,2456,0,0,0,0,0.0,5,413,1,1.0
-0.0,6,1.0,2808,0,0,0,0,0.0,6,413,1,1.0
-0.0,7,1.0,3063,0,0,0,0,0.0,7,413,1,1.0
-0.0,8,1.0,3349,0,0,0,0,0.0,8,413,1,1.0
-0.0,9,1.0,3575,0,0,0,0,0.0,9,413,1,1.0
-0.0,10,1.0,3821,0,0,0,0,0.0,10,413,1,1.0
-0.0,11,1.0,4051,0,0,0,0,0.0,11,413,1,1.0
-0.0,12,1.0,4316,0,0,0,0,0.0,12,413,1,1.0
-0.0,13,1.0,4573,0,0,0,0,0.0,13,413,1,1.0
-0.0,14,1.0,4845,0,0,0,0,0.0,14,413,1,1.0
-0.0,15,1.0,5094,0,0,0,0,0.0,15,413,1,1.0
-0.0,1,1.0,449,0,0,0,0,0.0,1,414,1,1.0
-0.0,2,1.0,850,0,0,0,0,0.0,2,414,1,1.0
-0.0,3,1.0,1337,0,0,0,0,0.0,3,414,1,1.0
-0.0,4,1.0,1765,0,0,0,0,0.0,4,414,1,1.0
-0.0,5,1.0,2192,0,0,0,0,0.0,5,414,1,1.0
-0.0,6,1.0,2773,0,0,0,0,0.0,6,414,1,1.0
-0.0,7,1.0,3323,0,0,0,0,0.0,7,414,1,1.0
-0.0,8,1.0,3750,0,0,0,0,0.0,8,414,1,1.0
-0.0,9,1.0,4187,0,0,0,0,0.0,9,414,1,1.0
-0.0,10,1.0,4679,0,0,0,0,0.0,10,414,1,1.0
-0.0,11,1.0,5146,0,0,0,0,0.0,11,414,1,1.0
-0.0,12,1.0,5670,0,0,0,0,0.0,12,414,1,1.0
-0.0,13,1.0,6064,0,0,0,0,0.0,13,414,1,1.0
-0.0,14,1.0,6582,0,0,0,0,0.0,14,414,1,1.0
-0.0,15,1.0,7151,0,0,0,0,0.0,15,414,1,1.0
-0.0,1,1.0,753,0,0,0,0,0.0,1,415,1,1.0
-0.0,2,1.0,1402,0,0,0,0,0.0,2,415,1,1.0
-0.0,3,1.0,2134,0,0,0,0,0.0,3,415,1,1.0
-0.0,4,1.0,3103,0,0,0,0,0.0,4,415,1,1.0
-0.0,5,1.0,3780,0,0,0,0,0.0,5,415,1,1.0
-0.0,6,1.0,4756,0,0,0,0,0.0,6,415,1,1.0
0.410116318288409,7,0.8571428571428571,5630,0,0,0,0,0.0,7,415,2,0.7142857142857143
0.37677016125643675,8,0.875,6305,0,0,0,0,0.0,8,415,2,0.75
0.34883209584303193,9,0.8888888888888888,7180,0,0,0,0,0.0,9,415,2,0.7777777777777778
0.3250829733914482,10,0.9,7840,0,0,0,0,0.0,10,415,2,0.8
0.30463609734923813,11,0.9090909090909091,8580,0,0,0,0,0.0,11,415,2,0.8181818181818182
0.2868359830561607,12,0.9166666666666666,9296,0,0,0,0,0.0,12,415,2,0.8333333333333334
0.2711893730418441,13,0.9230769230769231,9983,0,0,0,0,0.0,13,415,2,0.8461538461538461
0.25731864054383163,14,0.9285714285714286,10938,0,0,0,0,0.0,14,415,2,0.8571428571428571
0.24493002679463532,15,0.9333333333333333,11656,0,0,0,0,0.0,15,415,2,0.8666666666666667
-0.0,1,1.0,494,0,0,0,0,0.0,1,416,1,1.0
-0.0,2,1.0,1075,0,0,0,0,0.0,2,416,1,1.0
-0.0,3,1.0,1772,0,0,0,0,0.0,3,416,1,1.0
-0.0,4,1.0,2550,0,0,0,0,0.0,4,416,1,1.0
-0.0,5,1.0,3054,0,0,0,0,0.0,5,416,1,1.0
0.45056120886630463,6,0.8333333333333334,3926,0,0,0,0,0.0,6,416,2,0.6666666666666666
0.45056120886630463,7,0.8333333333333334,4950,0,0,0,0,0.14285714285714285,7,416,2,0.6666666666666666
0.410116318288409,8,0.8571428571428571,5723,0,0,0,0,0.125,8,416,2,0.7142857142857143
0.7356219397587946,9,0.75,6448,0,0,0,0,0.1111111111111111,9,416,3,0.625
0.6837389058487535,10,0.7777777777777778,6965,0,0,0,0,0.1,10,416,3,0.6666666666666666
0.639031859650177,11,0.8,7439,0,0,0,0,0.09090909090909091,11,416,3,0.7
0.6001660731596457,12,0.8181818181818182,7970,0,0,0,0,0.08333333333333333,12,416,3,0.7272727272727273
0.5660857389596289,13,0.8333333333333334,8531,0,0,0,0,0.07692307692307693,13,416,3,0.75
0.5359610497090694,14,0.8461538461538461,9448,0,0,0,0,0.07142857142857142,14,416,3,0.7692307692307693
0.509137344082687,15,0.8571428571428571,9933,0,0,0,0,0.06666666666666667,15,416,3,0.7857142857142857
-0.0,1,1.0,217,0,0,0,0,0.0,1,417,1,1.0
-0.0,2,1.0,538,0,0,0,0,0.0,2,417,1,1.0
-0.0,3,1.0,731,0,0,0,0,0.0,3,417,1,1.0
-0.0,4,1.0,1057,0,0,0,0,0.0,4,417,1,1.0
-0.0,5,1.0,1265,0,0,0,0,0.0,5,417,1,1.0
-0.0,6,1.0,1525,0,0,0,0,0.0,6,417,1,1.0
-0.0,7,1.0,1844,0,0,0,0,0.0,7,417,1,1.0
-0.0,8,1.0,2053,0,0,0,0,0.0,8,417,1,1.0
-0.0,9,1.0,2407,0,0,0,0,0.0,9,417,1,1.0
-0.0,10,1.0,2731,0,0,0,0,0.0,10,417,1,1.0
-0.0,11,1.0,2931,0,0,0,0,0.0,11,417,1,1.0
-0.0,12,1.0,3172,0,0,0,0,0.0,12,417,1,1.0
-0.0,13,1.0,3499,0,0,0,0,0.0,13,417,1,1.0
-0.0,14,1.0,4204,0,0,0,0,0.0,14,417,1,1.0
-0.0,15,1.0,4530,0,0,0,0,0.0,15,417,1,1.0
-0.0,1,1.0,504,0,0,0,0,0.0,1,418,1,1.0
-0.0,2,1.0,1528,0,0,0,0,0.0,2,418,1,1.0
-0.0,3,1.0,1970,0,0,0,0,0.0,3,418,1,1.0
-0.0,4,1.0,2635,0,0,0,0,0.0,4,418,1,1.0
-0.0,5,1.0,3057,0,0,0,0,0.0,5,418,1,1.0
-0.0,6,1.0,3719,0,0,0,0,0.0,6,418,1,1.0
-0.0,7,1.0,4123,0,0,0,0,0.0,7,418,1,1.0
-0.0,8,1.0,5147,0,0,0,0,0.0,8,418,1,1.0
-0.0,9,1.0,5579,0,0,0,0,0.0,9,418,1,1.0
-0.0,10,1.0,6062,0,0,0,0,0.0,10,418,1,1.0
-0.0,11,1.0,6538,0,0,0,0,0.0,11,418,1,1.0
-0.0,12,1.0,7034,0,0,0,0,0.0,12,418,1,1.0
-0.0,13,1.0,7517,0,0,0,0,0.0,13,418,1,1.0
-0.0,14,1.0,7898,0,0,0,0,0.0,14,418,1,1.0
-0.0,15,1.0,8386,0,0,0,0,0.0,15,418,1,1.0
,0,,1024,1,0,0,0,1.0,1,419,0,
,0,,2048,1,0,0,0,1.0,2,419,0,
,0,,3072,1,0,0,0,1.0,3,419,0,
-0.0,1,1.0,3834,0,0,0,0,0.75,4,419,1,1.0
-0.0,2,1.0,4858,0,0,0,0,0.8,5,419,1,1.0
-0.0,3,1.0,5882,0,0,0,0,0.8333333333333334,6,419,1,1.0
-0.0,4,1.0,6906,0,0,0,0,0.8571428571428571,7,419,1,1.0
0.6931471805599453,5,0.5,7655,0,0,0,0,0.75,8,419,2,0.0
0.6931471805599453,6,0.5,8679,0,0,0,0,0.7777777777777778,9,419,2,0.0
1.0986122886681096,7,0.3333333333333333,9644,0,0,0,0,0.7,10,419,3,0.0
1.0986122886681096,8,0.3333333333333333,10668,0,0,0,0,0.7272727272727273,11,419,3,0.0
1.0986122886681096,9,0.3333333333333333,11692,0,0,0,0,0.75,12,419,3,0.0
1.0986122886681096,10,0.3333333333333333,12716,0,0,0,0,0.7692307692307693,13,419,3,0.0
1.0986122886681096,11,0.3333333333333333,13740,0,0,0,0,0.7857142857142857,14,419,3,0.0
1.0397207708399179,12,0.5,14593,0,0,0,0,0.7333333333333333,15,419,3,0.25
-0.0,1,1.0,547,0,0,0,0,0.0,1,420,1,1.0
-0.0,2,1.0,999,0,0,0,0,0.0,2,420,1,1.0
-0.0,3,1.0,1544,0,0,0,0,0.0,3,420,1,1.0
-0.0,4,1.0,2089,0,0,0,0,0.0,4,420,1,1.0
-0.0,5,1.0,2652,0,0,0,0,0.0,5,420,1,1.0
-0.0,6,1.0,3155,0,0,0,0,0.0,6,420,1,1.0
-0.0,7,1.0,3658,0,0,0,0,0.0,7,420,1,1.0
-0.0,8,1.0,4160,0,0,0,0,0.0,8,420,1,1.0
-0.0,9,1.0,4727,0,0,0,0,0.0,9,420,1,1.0
-0.0,10,1.0,5260,0,0,0,0,0.0,10,420,1,1.0
-0.0,11,1.0,5782,0,0,0,0,0.0,11,420,1,1.0
-0.0,12,1.0,6346,0,0,0,0,0.0,12,420,1,1.0
-0.0,13,1.0,6891,0,0,0,0,0.0,13,420,1,1.0
-0.0,14,1.0,7437,0,0,0,0,0.0,14,420,1,1.0
-0.0,15,1.0,7939,0,0,0,0,0.0,15,420,1,1.0
-0.0,1,1.0,790,0,0,0,0,0.0,1,421,1,1.0
-0.0,2,1.0,1814,0,0,0,0,0.5,2,421,1,1.0
-0.0,3,1.0,2741,0,0,0,0,0.3333333333333333,3,421,1,1.0
0.6365141682948128,4,0.6666666666666666,3687,0,0,0,0,0.25,4,421,2,0.3333333333333333
0.6365141682948128,5,0.6666666666666666,4711,0,0,0,0,0.4,5,421,2,0.3333333333333333
0.6365141682948128,6,0.6666666666666666,5735,0,0,0,0,0.5,6,421,2,0.3333333333333333
0.5623351446188083,7,0.75,6501,0,0,0,0,0.42857142857142855,7,421,2,0.5
0.9502705392332347,8,0.6,7525,0,0,0,0,0.375,8,421,3,0.4
0.8675632284814612,9,0.6666666666666666,8326,0,0,0,0,0.3333333333333333,9,421,3,0.5
1.1537419427010902,10,0.5714285714285714,9142,0,0,0,0,0.3,10,421,4,0.42857142857142855
1.073542846408523,11,0.625,9941,0,0,0,0,0.2727272727272727,11,421,4,0.5
1.073542846408523,12,0.625,10965,0,0,0,0,0.3333333333333333,12,421,4,0.5
1.1490596969706202,13,0.5555555555555556,11856,0,0,0,0,0.3076923076923077,13,421,4,0.3333333333333333
1.1490596969706202,14,0.5555555555555556,12880,0,0,0,0,0.35714285714285715,14,421,4,0.3333333333333333
1.0888999753452238,15,0.6,13623,0,0,0,0,0.3333333333333333,15,421,4,0.4
,0,,1024,1,0,0,0,1.0,1,422,0,
,0,,2048,1,0,0,0,1.0,2,422,0,
,0,,3072,1,0,0,0,1.0,3,422,0,
,0,,4096,1,0,0,0,1.0,4,422,0,
,0,,5120,1,0,0,0,1.0,5,422,0,
,0,,6144,1,0,0,0,1.0,6,422,0,
-0.0,1,1.0,7116,0,0,0,0,0.8571428571428571,7,422,1,1.0
-0.0,2,1.0,8140,0,0,0,0,0.875,8,422,1,1.0
-0.0,3,1.0,9164,0,0,0,0,0.8888888888888888,9,422,1,1.0
-0.0,4,1.0,10188,0,0,0,0,0.9,10,422,1,1.0
-0.0,5,1.0,11212,0,0,0,0,0.9090909090909091,11,422,1,1.0
-0.0,6,1.0,12236,0,0,0,0,0.9166666666666666,12,422,1,1.0
-0.0,7,1.0,13260,0,0,0,0,0.9230769230769231,13,422,1,1.0
-0.0,8,1.0,14284,0,0,0,0,0.9285714285714286,14,422,1,1.0
-0.0,9,1.0,15308,0,0,0,0,0.9333333333333333,15,422,1,1.0
-0.0,1,1.0,823,1,1,0,1,0.0,1,423,1,1.0
-0.0,2,1.0,1766,1,1,0,1,0.0,2,423,1,1.0
0.6365141682948128,3,0.6666666666666666,2559,1,1,0,1,0.0,3,423,2,0.3333333333333333
1.0397207708399179,4,0.5,3564,1,1,0,1,0.0,4,423,3,0.25
1.0549201679861442,5,0.4,4400,1,1,0,1,0.0,5,423,3,0.0
1.0114042647073518,1,0.5,5264,0,0,0,0,0.0,6,423,3,0.16666666666666666
0.9556998911125343,2,0.5714285714285714,6121,0,0,0,0,0.0,7,423,3,0.2857142857142857
0.9743147528693494,3,0.5,7017,0,0,0,0,0.0,8,423,3,0.125
0.9649629230074277,1,0.4444444444444444,7870,1,1,0,1,0.0,9,423,3,0.0
0.9433483923290392,1,0.5,8779,0,0,0,0,0.0,10,423,3,0.1
0.9164648855394713,2,0.5454545454545454,9590,0,0,0,0,0.0,11,423,3,0.18181818181818182
0.9184277849930976,3,0.5,10529,0,0,0,0,0.0,12,423,3,0.08333333333333333
0.8981370031878679,4,0.5384615384615384,11311,0,0,0,0,0.0,13,423,3,0.15384615384615385
0.8982053397041498,5,0.5,12166,0,0,0,0,0.0,14,423,3,0.07142857142857142
0.891867395317251,1,0.4666666666666667,12945,1,1,0,1,0.0,15,423,3,0.0
-0.0,1,1.0,412,0,0,0,0,0.0,1,424,1,1.0
-0.0,2,1.0,873,0,0,0,0,0.0,2,424,1,1.0
-0.0,3,1.0,1358,0,0,0,0,0.0,3,424,1,1.0
-0.0,4,1.0,1873,0,0,0,0,0.0,4,424,1,1.0
-0.0,5,1.0,2312,0,0,0,0,0.0,5,424,1,1.0
-0.0,6,1.0,2771,0,0,0,0,0.0,6,424,1,1.0
-0.0,7,1.0,3262,0,0,0,0,0.0,7,424,1,1.0
-0.0,8,1.0,3794,0,0,0,0,0.0,8,424,1,1.0
-0.0,9,1.0,4192,0,0,0,0,0.0,9,424,1,1.0
-0.0,10,1.0,4613,0,0,0,0,0.0,10,424,1,1.0
-0.0,11,1.0,5049,0,0,0,0,0.0,11,424,1,1.0
-0.0,12,1.0,5560,0,0,0,0,0.0,12,424,1,1.0
-0.0,13,1.0,6073,0,0,0,0,0.0,13,424,1,1.0
-0.0,14,1.0,6471,0,0,0,0,0.0,14,424,1,1.0
-0.0,15,1.0,6961,0,0,0,0,0.0,15,424,1,1.0
-0.0,1,1.0,411,1,1,1,0,0.0,1,425,1,1.0
0.6931471805599453,2,0.5,747,1,1,1,0,0.0,2,425,2,0.0
0.6931471805599453,3,0.5,1771,1,1,1,0,0.3333333333333333,3,425,2,0.0
1.0986122886681096,4,0.3333333333333333,2246,1,1,1,0,0.25,4,425,3,0.0
1.3862943611198906,5,0.25,3117,1,1,1,0,0.2,5,425,4,0.0
1.6094379124341005,6,0.2,3711,1,1,1,0,0.16666666666666666,6,425,5,0.0
1.791759469228055,7,0.16666666666666666,4172,1,1,1,0,0.14285714285714285,7,425,6,0.0
1.9459101490553132,8,0.14285714285714285,4870,1,1,1,0,0.125,8,425,7,0.0
2.0794415416798357,9,0.125,5334,1,1,1,0,0.1111111111111111,9,425,8,0.0
2.1972245773362196,10,0.1111111111111111,6038,1,1,1,0,0.1,10,425,9,0.0
2.1639556568820564,1,0.2,6517,0,0,0,0,0.09090909090909091,11,425,9,0.1
2.0982737395252498,2,0.2727272727272727,6952,0,0,0,0,0.08333333333333333,12,425,9,0.18181818181818182
2.210253577620973,3,0.25,7315,0,0,0,0,0.07692307692307693,13,425,10,0.16666666666666666
2.311423444691973,4,0.23076923076923078,8046,0,0,0,0,0.07142857142857142,14,425,11,0.15384615384615385
2.3046193848206715,5,0.21428571428571427,8433,0,0,0,0,0.06666666666666667,15,425,11,0.07142857142857142
-0.0,1,1.0,556,0,0,0,0,0.0,1,426,1,1.0
-0.0,2,1.0,1038,0,0,0,0,0.0,2,426,1,1.0
-0.0,3,1.0,1514,0,0,0,0,0.0,3,426,1,1.0
-0.0,4,1.0,2013,0,0,0,0,0.0,4,426,1,1.0
0.5004024235381879,5,0.8,2470,0,0,0,0,0.0,5,426,2,0.6
0.45056120886630463,6,0.8333333333333334,3047,0,0,0,0,0.0,6,426,2,0.6666666666666666
0.5982695885852573,7,0.7142857142857143,3471,0,0,0,0,0.0,7,426,2,0.42857142857142855
0.5623351446188083,8,0.75,3956,0,0,0,0,0.0,8,426,2,0.5
0.5297061990576545,9,0.7777777777777778,4505,0,0,0,0,0.0,9,426,2,0.5555555555555556
0.5004024235381879,10,0.8,4995,0,0,0,0,0.0,10,426,2,0.6
0.47413931305783735,11,0.8181818181818182,5509,0,0,0,0,0.0,11,426,2,0.6363636363636364
0.45056120886630463,12,0.8333333333333334,6088,0,0,0,0,0.0,12,426,2,0.6666666666666666
0.4293230219306162,13,0.8461538461538461,6556,0,0,0,0,0.0,13,426,2,0.6923076923076923
0.410116318288409,14,0.8571428571428571,7040,0,0,0,0,0.0,14,426,2,0.7142857142857143
0.39267446722755217,15,0.8666666666666667,7493,0,0,0,0,0.0,15,426,2,0.7333333333333333
-0.0,1,1.0,397,0,0,0,0,0.0,1,427,1,1.0
-0.0,2,1.0,814,0,0,0,0,0.0,2,427,1,1.0
-0.0,3,1.0,1160,0,0,0,0,0.0,3,427,1,1.0
-0.0,4,1.0,1490,0,0,0,0,0.0,4,427,1,1.0
-0.0,5,1.0,1836,0,0,0,0,0.0,5,427,1,1.0
-0.0,6,1.0,2261,0,0,0,0,0.0,6,427,1,1.0
-0.0,7,1.0,2588,0,0,0,0,0.0,7,427,1,1.0
-0.0,8,1.0,2970,0,0,0,0,0.0,8,427,1,1.0
-0.0,9,1.0,3236,0,0,0,0,0.0,9,427,1,1.0
-0.0,10,1.0,3512,0,0,0,0,0.0,10,427,1,1.0
-0.0,11,1.0,3896,0,0,0,0,0.0,11,427,1,1.0
-0.0,12,1.0,4285,0,0,0,0,0.0,12,427,1,1.0
-0.0,13,1.0,4735,0,0,0,0,0.0,13,427,1,1.0
-0.0,14,1.0,5200,0,0,0,0,0.0,14,427,1,1.0
-0.0,15,1.0,5618,0,0,0,0,0.0,15,427,1,1.0
-0.0,1,1.0,840,0,0,0,0,0.0,1,428,1,1.0
0.6931471805599453,2,0.5,1626,0,0,0,0,0.0,2,428,2,0.0
0.6365141682948128,3,0.6666666666666666,2439,0,0,0,0,0.0,3,428,2,0.3333333333333333
0.5623351446188083,4,0.75,3278,0,0,0,0,0.0,4,428,2,0.5
0.5004024235381879,5,0.8,4223,0,0,0,0,0.0,5,428,2,0.6
0.8675632284814612,6,0.6666666666666666,5202,0,0,0,0,0.0,6,428,3,0.5
0.796311640173813,7,0.7142857142857143,5967,0,0,0,0,0.0,7,428,3,0.5714285714285714
0.7356219397587946,8,0.75,6782,0,0,0,0,0.0,8,428,3,0.625
0.6837389058487535,9,0.7777777777777778,7539,0,0,0,0,0.0,9,428,3,0.6666666666666666
0.639031859650177,10,0.8,8421,0,0,0,0,0.0,10,428,3,0.7
0.6001660731596457,11,0.8181818181818182,9390,0,0,0,0,0.0,11,428,3,0.7272727272727273
0.5660857389596289,12,0.8333333333333334,10204,0,0,0,0,0.0,12,428,3,0.75
0.5359610497090694,13,0.8461538461538461,11139,0,0,0,0,0.0,13,428,3,0.7692307692307693
0.509137344082687,14,0.8571428571428571,11872,0,0,0,0,0.0,14,428,3,0.7857142857142857
0.48509409130221154,15,0.8666666666666667,12616,0,0,0,0,0.0,15,428,3,0.8
-0.0,1,1.0,609,0,0,0,0,0.0,1,429,1,1.0
-0.0,2,1.0,1144,0,0,0,0,0.0,2,429,1,1.0
0.6365141682948128,3,0.6666666666666666,1813,0,0,0,0,0.0,3,429,2,0.3333333333333333
0.5623351446188083,4,0.75,2405,0,0,0,0,0.0,4,429,2,0.5
0.5004024235381879,5,0.8,3035,0,0,0,0,0.0,5,429,2,0.6
0.45056120886630463,6,0.8333333333333334,3567,0,0,0,0,0.0,6,429,2,0.6666666666666666
0.410116318288409,7,0.8571428571428571,4135,0,0,0,0,0.0,7,429,2,0.7142857142857143
0.7356219397587946,8,0.75,4737,0,0,0,0,0.0,8,429,3,0.625
0.6837389058487535,9,0.7777777777777778,5235,0,0,0,0,0.0,9,429,3,0.6666666666666666
0.8018185525433373,10,0.7,5829,0,0,0,0,0.0,10,429,3,0.5
0.8599672810355049,11,0.6363636363636364,6547,0,0,0,0,0.0,11,429,3,0.36363636363636365
0.8239592165010823,12,0.6666666666666666,7086,0,0,0,0,0.0,12,429,3,0.4166666666666667
0.7902679680745903,13,0.6923076923076923,7620,0,0,0,0,0.0,13,429,3,0.46153846153846156
0.7589367727620596,14,0.7142857142857143,8148,0,0,0,0,0.0,14,429,3,0.5
0.7298712099831165,15,0.7333333333333333,8823,0,0,0,0,0.0,15,429,3,0.5333333333333333
-0.0,1,1.0,241,0,0,0,0,0.0,1,430,1,1.0
-0.0,2,1.0,482,0,0,0,0,0.0,2,430,1,1.0
-0.0,3,1.0,697,0,0,0,0,0.0,3,430,1,1.0
-0.0,4,1.0,925,0,0,0,0,0.0,4,430,1,1.0
-0.0,5,1.0,1158,0,0,0,0,0.0,5,430,1,1.0
-0.0,6,1.0,1380,0,0,0,0,0.0,6,430,1,1.0
-0.0,7,1.0,1665,0,0,0,0,0.0,7,430,1,1.0
-0.0,8,1.0,1883,0,0,0,0,0.0,8,430,1,1.0
-0.0,9,1.0,2061,0,0,0,0,0.0,9,430,1,1.0
-0.0,10,1.0,2289,0,0,0,0,0.0,10,430,1,1.0
-0.0,11,1.0,2497,0,0,0,0,0.0,11,430,1,1.0
-0.0,12,1.0,2707,0,0,0,0,0.0,12,430,1,1.0
-0.0,13,1.0,3025,0,0,0,0,0.0,13,430,1,1.0
-0.0,14,1.0,3251,0,0,0,0,0.0,14,430,1,1.0
-0.0,15,1.0,3608,0,0,0,0,0.0,15,430,1,1.0
-0.0,1,1.0,777,0,0,0,0,0.0,1,431,1,1.0
0.6931471805599453,2,0.5,1486,0,0,0,0,0.0,2,431,2,0.0
0.6365141682948128,3,0.6666666666666666,2250,0,0,0,0,0.0,3,431,2,0.3333333333333333
1.0397207708399179,4,0.5,2992,0,0,0,0,0.0,4,431,3,0.25
1.0549201679861442,5,0.4,3812,0,0,0,0,0.0,5,431,3,0.0
1.0114042647073518,6,0.5,4621,0,0,0,0,0.0,6,431,3,0.16666666666666666
0.9556998911125343,7,0.5714285714285714,5484,0,0,0,0,0.0,7,431,3,0.2857142857142857
0.9743147528693494,8,0.5,6353,0,0,0,0,0.0,8,431,3,0.125
0.9649629230074277,9,0.4444444444444444,7182,0,0,0,0,0.0,9,431,3,0.0
0.9433483923290392,1,0.5,7949,1,1,0,1,0.0,10,431,3,0.1
0.9347698978582794,1,0.45454545454545453,8856,0,0,0,0,0.0,11,431,3,0.0
0.9184277849930976,1,0.5,9695,1,1,0,1,0.0,12,431,3,0.08333333333333333
0.9110175397125628,1,0.46153846153846156,10394,0,0,0,0,0.0,13,431,3,0.0
0.8982053397041498,2,0.5,11221,0,0,0,0,0.0,14,431,3,0.07142857142857142
0.9908353864438492,3,0.4666666666666667,12027,0,0,0,0,0.0,15,431,3,0.06666666666666667
-0.0,1,1.0,1024,0,0,0,0,0.0,1,432,1,1.0
-0.0,2,1.0,2048,0,0,0,0,0.5,2,432,1,1.0
0.6931471805599453,3,0.5,3061,0,0,0,0,0.3333333333333333,3,432,2,0.0
0.6931471805599453,4,0.5,4085,0,0,0,0,0.5,4,432,2,0.0
0.6931471805599453,5,0.5,5109,0,0,0,0,0.6,5,432,2,0.0
0.6931471805599453,6,0.5,6133,0,0,0,0,0.6666666666666666,6,432,2,0.0
0.6931471805599453,7,0.5,7157,0,0,0,0,0.7142857142857143,7,432,2,0.0
0.6931471805599453,8,0.5,8181,0,0,0,0,0.75,8,432,2,0.0
0.6931471805599453,9,0.5,9205,0,0,0,0,0.7777777777777778,9,432,2,0.0
0.6931471805599453,10,0.5,10229,0,0,0,0,0.8,10,432,2,0.0
0.6931471805599453,11,0.5,11253,0,0,0,0,0.8181818181818182,11,432,2,0.0
0.6365141682948128,12,0.6666666666666666,12164,0,0,0,0,0.75,12,432,2,0.3333333333333333
0.6365141682948128,13,0.6666666666666666,13188,0,0,0,0,0.7692307692307693,13,432,2,0.3333333333333333
0.6365141682948128,14,0.6666666666666666,14212,0,0,0,0,0.7857142857142857,14,432,2,0.3333333333333333
0.6365141682948128,15,0.6666666666666666,15236,0,0,0,0,0.8,15,432,2,0.3333333333333333
-0.0,1,1.0,591,0,0,0,0,0.0,1,433,1,1.0
-0.0,2,1.0,1164,0,0,0,0,0.0,2,433,1,1.0
-0.0,3,1.0,1725,0,0,0,0,0.0,3,433,1,1.0
-0.0,4,1.0,2330,0,0,0,0,0.0,4,433,1,1.0
-0.0,5,1.0,2846,0,0,0,0,0.0,5,433,1,1.0
-0.0,6,1.0,3421,0,0,0,0,0.0,6,433,1,1.0
-0.0,7,1.0,3972,0,0,0,0,0.0,7,433,1,1.0
-0.0,8,1.0,4531,0,0,0,0,0.0,8,433,1,1.0
-0.0,9,1.0,5097,0,0,0,0,0.0,9,433,1,1.0
-0.0,10,1.0,5658,0,0,0,0,0.0,10,433,1,1.0
-0.0,11,1.0,6278,0,0,0,0,0.0,11,433,1,1.0
-0.0,12,1.0,6859,0,0,0,0,0.0,12,433,1,1.0
-0.0,13,1.0,7420,0,0,0,0,0.0,13,433,1,1.0
-0.0,14,1.0,8038,0,0,0,0,0.0,14,433,1,1.0
-0.0,15,1.0,8513,0,0,0,0,0.0,15,433,1,1.0
-0.0,1,1.0,573,0,0,0,0,0.0,1,434,1,1.0
-0.0,2,1.0,1168,0,0,0,0,0.0,2,434,1,1.0
-0.0,3,1.0,1730,0,0,0,0,0.0,3,434,1,1.0
-0.0,4,1.0,2233,0,0,0,0,0.0,4,434,1,1.0
-0.0,5,1.0,2841,0,0,0,0,0.0,5,434,1,1.0
-0.0,6,1.0,3428,0,0,0,0,0.0,6,434,1,1.0
-0.0,7,1.0,4033,0,0,0,0,0.0,7,434,1,1.0
-0.0,8,1.0,4454,0,0,0,0,0.0,8,434,1,1.0
0.34883209584303193,9,0.8888888888888888,5156,0,0,0,0,0.0,9,434,2,0.7777777777777778
0.3250829733914482,10,0.9,5662,0,0,0,0,0.0,10,434,2,0.8
0.30463609734923813,11,0.9090909090909091,6240,0,0,0,0,0.0,11,434,2,0.8181818181818182
0.45056120886630463,12,0.8333333333333334,6893,0,0,0,0,0.0,12,434,2,0.6666666666666666
0.4293230219306162,13,0.8461538461538461,7326,0,0,0,0,0.0,13,434,2,0.6923076923076923
0.6559757323365467,14,0.7857142857142857,8052,0,0,0,0,0.0,14,434,3,0.6428571428571429
0.6277052571971504,15,0.8,8474,0,0,0,0,0.0,15,434,3,0.6666666666666666
-0.0,1,1.0,462,0,0,0,0,0.0,1,435,1,1.0
-0.0,2,1.0,1116,0,0,0,0,0.0,2,435,1,1.0
-0.0,3,1.0,1794,0,0,0,0,0.0,3,435,1,1.0
-0.0,4,1.0,2442,0,0,0,0,0.0,4,435,1,1.0
-0.0,5,1.0,2940,0,0,0,0,0.0,5,435,1,1.0
-0.0,6,1.0,3607,0,0,0,0,0.0,6,435,1,1.0
-0.0,7,1.0,3956,0,0,0,0,0.0,7,435,1,1.0
-0.0,8,1.0,4510,0,0,0,0,0.0,8,435,1,1.0
-0.0,9,1.0,5005,0,0,0,0,0.0,9,435,1,1.0
0.3250829733914482,10,0.9,5438,0,0,0,0,0.0,10,435,2,0.8
0.30463609734923813,11,0.9090909090909091,6136,0,0,0,0,0.0,11,435,2,0.8181818181818182
0.2868359830561607,12,0.9166666666666666,6852,0,0,0,0,0.0,12,435,2,0.8333333333333334
0.2711893730418441,13,0.9230769230769231,7419,0,0,0,0,0.0,13,435,2,0.8461538461538461
0.410116318288409,14,0.8571428571428571,7834,0,0,0,0,0.0,14,435,2,0.7142857142857143
0.39267446722755217,15,0.8666666666666667,8422,0,0,0,0,0.0,15,435,2,0.7333333333333333
-0.0,1,1.0,998,0,0,0,0,0.0,1,436,1,1.0
-0.0,2,1.0,2022,0,0,0,0,0.5,2,436,1,1.0
-0.0,3,1.0,3046,0,0,0,0,0.6666666666666666,3,436,1,1.0
-0.0,4,1.0,3875,0,0,0,0,0.5,4,436,1,1.0
-0.0,5,1.0,4899,0,0,0,0,0.6,5,436,1,1.0
0.6365141682948128,6,0.6666666666666666,5854,0,0,0,0,0.5,6,436,2,0.3333333333333333
0.6365141682948128,7,0.6666666666666666,6878,0,0,0,0,0.5714285714285714,7,436,2,0.3333333333333333
0.6365141682948128,8,0.6666666666666666,7902,0,0,0,0,0.625,8,436,2,0.3333333333333333
0.6365141682948128,9,0.6666666666666666,8926,0,0,0,0,0.6666666666666666,9,436,2,0.3333333333333333
0.6365141682948128,10,0.6666666666666666,9950,0,0,0,0,0.7,10,436,2,0.3333333333333333
1.0397207708399179,11,0.5,10880,0,0,0,0,0.6363636363636364,11,436,3,0.25
1.0397207708399179,12,0.5,11904,0,0,0,0,0.6666666666666666,12,436,3,0.25
1.0397207708399179,13,0.5,12928,0,0,0,0,0.6923076923076923,13,436,3,0.25
0.9502705392332347,14,0.6,13848,0,0,0,0,0.6428571428571429,14,436,3,0.4
0.8675632284814612,15,0.6666666666666666,14796,0,0,0,0,0.6,15,436,3,0.5
-0.0,1,1.0,546,0,0,0,0,0.0,1,437,1,1.0
-0.0,2,1.0,842,0,0,0,0,0.0,2,437,1,1.0
-0.0,3,1.0,1242,0,0,0,0,0.0,3,437,1,1.0
-0.0,4,1.0,1727,0,0,0,0,0.0,4,437,1,1.0
-0.0,5,1.0,2096,0,0,0,0,0.0,5,437,1,1.0
-0.0,6,1.0,2495,0,0,0,0,0.0,6,437,1,1.0
-0.0,7,1.0,3121,0,0,0,0,0.0,7,437,1,1.0
-0.0,8,1.0,3565,0,0,0,0,0.0,8,437,1,1.0
-0.0,9,1.0,3942,0,0,0,0,0.0,9,437,1,1.0
-0.0,10,1.0,4345,0,0,0,0,0.0,10,437,1,1.0
-0.0,11,1.0,4852,0,0,0,0,0.0,11,437,1,1.0
-0.0,12,1.0,5876,0,0,0,0,0.08333333333333333,12,437,1,1.0
-0.0,13,1.0,6202,0,0,0,0,0.07692307692307693,13,437,1,1.0
0.2711893730418441,14,0.9230769230769231,6820,0,0,0,0,0.07142857142857142,14,437,2,0.8461538461538461
0.25731864054383163,15,0.9285714285714286,7291,0,0,0,0,0.06666666666666667,15,437,2,0.8571428571428571
-0.0,1,1.0,297,0,0,0,0,0.0,1,438,1,1.0
-0.0,2,1.0,555,0,0,0,0,0.0,2,438,1,1.0
-0.0,3,1.0,800,0,0,0,0,0.0,3,438,1,1.0
-0.0,4,1.0,1172,0,0,0,0,0.0,4,438,1,1.0
-0.0,5,1.0,1460,0,0,0,0,0.0,5,438,1,1.0
-0.0,6,1.0,1767,0,0,0,0,0.0,6,438,1,1.0
-0.0,7,1.0,2021,0,0,0,0,0.0,7,438,1,1.0
-0.0,8,1.0,2506,0,0,0,0,0.0,8,438,1,1.0
-0.0,9,1.0,2889,0,0,0,0,0.0,9,438,1,1.0
-0.0,10,1.0,3204,0,0,0,0,0.0,10,438,1,1.0
-0.0,11,1.0,3444,0,0,0,0,0.0,11,438,1,1.0
-0.0,12,1.0,3716,0,0,0,0,0.0,12,438,1,1.0
-0.0,13,1.0,3907,0,0,0,0,0.0,13,438,1,1.0
-0.0,14,1.0,4160,0,0,0,0,0.0,14,438,1,1.0
-0.0,15,1.0,4400,0,0,0,0,0.0,15,438,1,1.0
-0.0,1,1.0,685,0,0,0,0,0.0,1,439,1,1.0
-0.0,2,1.0,1553,0,0,0,0,0.0,2,439,1,1.0
-0.0,3,1.0,2055,0,0,0,0,0.0,3,439,1,1.0
-0.0,4,1.0,2726,0,0,0,0,0.0,4,439,1,1.0
-0.0,5,1.0,3750,0,0,0,0,0.2,5,439,1,1.0
-0.0,6,1.0,4556,0,0,0,0,0.16666666666666666,6,439,1,1.0
-0.0,7,1.0,5187,0,0,0,0,0.14285714285714285,7,439,1,1.0
-0.0,8,1.0,6211,0,0,0,0,0.125,8,439,1,1.0
-0.0,9,1.0,6848,0,0,0,0,0.1111111111111111,9,439,1,1.0
-0.0,10,1.0,7372,0,0,0,0,0.1,10,439,1,1.0
-0.0,11,1.0,7824,0,0,0,0,0.09090909090909091,11,439,1,1.0
-0.0,12,1.0,8441,0,0,0,0,0.08333333333333333,12,439,1,1.0
-0.0,13,1.0,8972,0,0,0,0,0.07692307692307693,13,439,1,1.0
-0.0,14,1.0,9996,0,0,0,0,0.07142857142857142,14,439,1,1.0
-0.0,15,1.0,10966,0,0,0,0,0.06666666666666667,15,439,1,1.0
-0.0,1,1.0,504,0,0,0,0,0.0,1,440,1,1.0
-0.0,2,1.0,873,0,0,0,0,0.0,2,440,1,1.0
-0.0,3,1.0,1358,0,0,0,0,0.0,3,440,1,1.0
-0.0,4,1.0,1746,0,0,0,0,0.0,4,440,1,1.0
-0.0,5,1.0,2122,0,0,0,0,0.0,5,440,1,1.0
-0.0,6,1.0,2508,0,0,0,0,0.0,6,440,1,1.0
-0.0,7,1.0,3532,0,0,0,0,0.0,7,440,1,1.0
-0.0,8,1.0,3915,0,0,0,0,0.0,8,440,1,1.0
-0.0,9,1.0,4402,0,0,0,0,0.0,9,440,1,1.0
-0.0,10,1.0,4767,0,0,0,0,0.0,10,440,1,1.0
-0.0,11,1.0,5189,0,0,0,0,0.0,11,440,1,1.0
-0.0,12,1.0,5551,0,0,0,0,0.0,12,440,1,1.0
-0.0,13,1.0,5937,0,0,0,0,0.0,13,440,1,1.0
-0.0,14,1.0,6325,0,0,0,0,0.0,14,440,1,1.0
-0.0,15,1.0,6714,0,0,0,0,0.0,15,440,1,1.0
-0.0,1,1.0,351,0,0,0,0,0.0,1,441,1,1.0
-0.0,2,1.0,713,0,0,0,0,0.0,2,441,1,1.0
-0.0,3,1.0,1048,0,0,0,0,0.0,3,441,1,1.0
-0.0,4,1.0,1416,0,0,0,0,0.0,4,441,1,1.0
-0.0,5,1.0,1729,0,0,0,0,0.0,5,441,1,1.0
-0.0,6,1.0,2121,0,0,0,0,0.0,6,441,1,1.0
-0.0,7,1.0,2478,0,0,0,0,0.0,7,441,1,1.0
-0.0,8,1.0,2903,0,0,0,0,0.0,8,441,1,1.0
-0.0,9,1.0,3286,0,0,0,0,0.0,9,441,1,1.0
-0.0,10,1.0,3642,0,0,0,0,0.0,10,441,1,1.0
-0.0,11,1.0,3948,0,0,0,0,0.0,11,441,1,1.0
-0.0,12,1.0,4269,0,0,0,0,0.0,12,441,1,1.0
-0.0,13,1.0,4738,0,0,0,0,0.0,13,441,1,1.0
-0.0,14,1.0,5095,0,0,0,0,0.0,14,441,1,1.0
-0.0,15,1.0,5485,0,0,0,0,0.0,15,441,1,1.0
-0.0,1,1.0,258,0,0,0,0,0.0,1,442,1,1.0
-0.0,2,1.0,527,0,0,0,0,0.0,2,442,1,1.0
-0.0,3,1.0,827,0,0,0,0,0.0,3,442,1,1.0
-0.0,4,1.0,1077,0,0,0,0,0.0,4,442,1,1.0
-0.0,5,1.0,1306,0,0,0,0,0.0,5,442,1,1.0
-0.0,6,1.0,1557,0,0,0,0,0.0,6,442,1,1.0
-0.0,7,1.0,1821,0,0,0,0,0.0,7,442,1,1.0
-0.0,8,1.0,2085,0,0,0,0,0.0,8,442,1,1.0
-0.0,9,1.0,2322,0,0,0,0,0.0,9,442,1,1.0
-0.0,10,1.0,2583,0,0,0,0,0.0,10,442,1,1.0
-0.0,11,1.0,2911,0,0,0,0,0.0,11,442,1,1.0
-0.0,12,1.0,3177,0,0,0,0,0.0,12,442,1,1.0
-0.0,13,1.0,3428,0,0,0,0,0.0,13,442,1,1.0
-0.0,14,1.0,3689,0,0,0,0,0.0,14,442,1,1.0
-0.0,15,1.0,3932,0,0,0,0,0.0,15,442,1,1.0
-0.0,1,1.0,324,0,0,0,0,0.0,1,443,1,1.0
-0.0,2,1.0,735,0,0,0,0,0.0,2,443,1,1.0
-0.0,3,1.0,1022,0,0,0,0,0.0,3,443,1,1.0
-0.0,4,1.0,1290,0,0,0,0,0.0,4,443,1,1.0
-0.0,5,1.0,1539,0,0,0,0,0.0,5,443,1,1.0
-0.0,6,1.0,1963,0,0,0,0,0.0,6,443,1,1.0
-0.0,7,1.0,2410,0,0,0,0,0.0,7,443,1,1.0
-0.0,8,1.0,2750,0,0,0,0,0.0,8,443,1,1.0
-0.0,9,1.0,3011,0,0,0,0,0.0,9,443,1,1.0
-0.0,10,1.0,3433,0,0,0,0,0.0,10,443,1,1.0
-0.0,11,1.0,3759,0,0,0,0,0.0,11,443,1,1.0
-0.0,12,1.0,4085,0,0,0,0,0.0,12,443,1,1.0
-0.0,13,1.0,4398,0,0,0,0,0.0,13,443,1,1.0
-0.0,14,1.0,4679,0,0,0,0,0.0,14,443,1,1.0
-0.0,15,1.0,5052,0,0,0,0,0.0,15,443,1,1.0
,0,,1024,1,0,0,0,1.0,1,444,0,
-0.0,1,1.0,2048,0,0,0,0,0.5,2,444,1,1.0
-0.0,2,1.0,3072,0,0,0,0,0.6666666666666666,3,444,1,1.0
-0.0,3,1.0,3615,0,0,0,0,0.5,4,444,1,1.0
0.6365141682948128,4,0.6666666666666666,4418,0,0,0,0,0.4,5,444,2,0.3333333333333333
0.6365141682948128,5,0.6666666666666666,5442,0,0,0,0,0.5,6,444,2,0.3333333333333333
0.5623351446188083,6,0.75,5865,0,0,0,0,0.42857142857142855,7,444,2,0.5
0.9502705392332347,7,0.6,6549,0,0,0,0,0.375,8,444,3,0.4
0.8675632284814612,8,0.6666666666666666,7080,0,0,0,0,0.3333333333333333,9,444,3,0.5
0.8675632284814612,9,0.6666666666666666,8104,0,0,0,0,0.4,10,444,3,0.5
1.1537419427010902,10,0.5714285714285714,8586,0,0,0,0,0.36363636363636365,11,444,4,0.42857142857142855
1.073542846408523,11,0.625,9336,0,0,0,0,0.3333333333333333,12,444,4,0.5
1.073542846408523,12,0.625,10360,0,0,0,0,0.38461538461538464,13,444,4,0.5
1.0027182645175161,13,0.6666666666666666,10832,0,0,0,0,0.35714285714285715,14,444,4,0.5555555555555556
0.9404479886553263,14,0.7,11273,0,0,0,0,0.3333333333333333,15,444,4,0.6
-0.0,1,1.0,911,0,0,0,0,0.0,1,445,1,1.0
0.6931471805599453,2,0.5,1575,0,0,0,0,0.0,2,445,2,0.0
1.0986122886681096,3,0.3333333333333333,2252,0,0,0,0,0.0,3,445,3,0.0
1.0397207708399179,1,0.5,3042,1,0,0,0,0.0,4,445,3,0.25
1.0397207708399179,2,0.5,4066,1,0,0,0,0.2,5,445,3,0.25
1.0397207708399179,3,0.5,5090,1,0,0,0,0.3333333333333333,6,445,3,0.25
1.0397207708399179,4,0.5,6114,1,0,0,0,0.42857142857142855,7,445,3,0.25
1.0397207708399179,5,0.5,7138,1,0,0,0,0.5,8,445,3,0.25
1.0397207708399179,6,0.5,8162,1,0,0,0,0.5555555555555556,9,445,3,0.25
1.0549201679861442,1,0.4,8899,0,0,0,0,0.5,10,445,3,0.0
1.0549201679861442,2,0.4,9923,0,0,0,0,0.5454545454545454,11,445,3,0.0
1.0114042647073518,1,0.5,10652,1,0,0,0,0.5,12,445,3,0.16666666666666666
1.0114042647073518,2,0.5,11676,1,0,0,0,0.5384615384615384,13,445,3,0.16666666666666666
1.0114042647073518,3,0.5,12700,1,0,0,0,0.5714285714285714,14,445,3,0.16666666666666666
1.0042424730540764,1,0.42857142857142855,13463,0,0,0,0,0.5333333333333333,15,445,3,0.0
-0.0,1,1.0,646,0,0,0,0,0.0,1,446,1,1.0
-0.0,2,1.0,1558,0,0,0,0,0.0,2,446,1,1.0
-0.0,3,1.0,2246,0,0,0,0,0.0,3,446,1,1.0
-0.0,4,1.0,2890,0,0,0,0,0.0,4,446,1,1.0
-0.0,5,1.0,3534,0,0,0,0,0.0,5,446,1,1.0
-0.0,6,1.0,4175,0,0,0,0,0.0,6,446,1,1.0
-0.0,7,1.0,4824,0,0,0,0,0.0,7,446,1,1.0
-0.0,8,1.0,5445,0,0,0,0,0.0,8,446,1,1.0
-0.0,9,1.0,6194,0,0,0,0,0.0,9,446,1,1.0
-0.0,10,1.0,6786,0,0,0,0,0.0,10,446,1,1.0
-0.0,11,1.0,7429,0,0,0,0,0.0,11,446,1,1.0
-0.0,12,1.0,8058,0,0,0,0,0.0,12,446,1,1.0
-0.0,13,1.0,8675,0,0,0,0,0.0,13,446,1,1.0
-0.0,14,1.0,9315,0,0,0,0,0.0,14,446,1,1.0
-0.0,15,1.0,9863,0,0,0,0,0.0,15,446,1,1.0
-0.0,1,1.0,356,0,0,0,0,0.0,1,447,1,1.0
0.6931471805599453,2,0.5,774,0,0,0,0,0.0,2,447,2,0.0
0.6365141682948128,3,0.6666666666666666,1049,0,0,0,0,0.0,3,447,2,0.3333333333333333
0.5623351446188083,4,0.75,1373,0,0,0,0,0.0,4,447,2,0.5
0.5004024235381879,5,0.8,1799,0,0,0,0,0.0,5,447,2,0.6
0.45056120886630463,6,0.8333333333333334,2115,0,0,0,0,0.0,6,447,2,0.6666666666666666
0.5982695885852573,7,0.7142857142857143,3139,0,0,0,0,0.0,7,447,2,0.42857142857142855
0.5623351446188083,8,0.75,3674,0,0,0,0,0.0,8,447,2,0.5
0.5297061990576545,9,0.7777777777777778,4006,0,0,0,0,0.0,9,447,2,0.5555555555555556
0.5004024235381879,10,0.8,4423,0,0,0,0,0.0,10,447,2,0.6
0.47413931305783735,11,0.8181818181818182,4805,0,0,0,0,0.0,11,447,2,0.6363636363636364
0.45056120886630463,12,0.8333333333333334,5126,0,0,0,0,0.0,12,447,2,0.6666666666666666
0.4293230219306162,13,0.8461538461538461,5518,0,0,0,0,0.0,13,447,2,0.6923076923076923
0.5195798391305154,14,0.7857142857142857,5975,0,0,0,0,0.0,14,447,2,0.5714285714285714
0.5004024235381879,15,0.8,6313,0,0,0,0,0.0,15,447,2,0.6
-0.0,1,1.0,596,0,0,0,0,0.0,1,448,1,1.0
-0.0,2,1.0,1221,0,0,0,0,0.0,2,448,1,1.0
-0.0,3,1.0,1837,0,0,0,0,0.0,3,448,1,1.0
-0.0,4,1.0,2408,0,0,0,0,0.0,4,448,1,1.0
-0.0,5,1.0,2966,0,0,0,0,0.0,5,448,1,1.0
-0.0,6,1.0,3649,0,0,0,0,0.0,6,448,1,1.0
-0.0,7,1.0,4257,0,0,0,0,0.0,7,448,1,1.0
-0.0,8,1.0,4844,0,0,0,0,0.0,8,448,1,1.0
0.34883209584303193,9,0.8888888888888888,5420,0,0,0,0,0.0,9,448,2,0.7777777777777778
0.3250829733914482,10,0.9,5952,0,0,0,0,0.0,10,448,2,0.8
0.30463609734923813,11,0.9090909090909091,6593,0,0,0,0,0.0,11,448,2,0.8181818181818182
0.2868359830561607,12,0.9166666666666666,7331,0,0,0,0,0.0,12,448,2,0.8333333333333334
0.2711893730418441,13,0.9230769230769231,7940,0,0,0,0,0.0,13,448,2,0.8461538461538461
0.509137344082687,14,0.8571428571428571,8678,0,0,0,0,0.0,14,448,3,0.7857142857142857
0.48509409130221154,15,0.8666666666666667,9215,0,0,0,0,0.0,15,448,3,0.8
-0.0,1,1.0,241,0,0,0,0,0.0,1,449,1,1.0
-0.0,2,1.0,1265,0,0,0,0,0.0,2,449,1,1.0
-0.0,3,1.0,1546,0,0,0,0,0.0,3,449,1,1.0
-0.0,4,1.0,1836,0,0,0,0,0.0,4,449,1,1.0
-0.0,5,1.0,2102,0,0,0,0,0.0,5,449,1,1.0
-0.0,6,1.0,2383,0,0,0,0,0.0,6,449,1,1.0
-0.0,7,1.0,2631,0,0,0,0,0.0,7,449,1,1.0
-0.0,8,1.0,2889,0,0,0,0,0.0,8,449,1,1.0
-0.0,9,1.0,3170,0,0,0,0,0.0,9,449,1,1.0
-0.0,10,1.0,3509,0,0,0,0,0.0,10,449,1,1.0
-0.0,11,1.0,3765,0,0,0,0,0.0,11,449,1,1.0
-0.0,12,1.0,4071,0,0,0,0,0.0,12,449,1,1.0
-0.0,13,1.0,4394,0,0,0,0,0.0,13,449,1,1.0
-0.0,14,1.0,4662,0,0,0,0,0.0,14,449,1,1.0
-0.0,15,1.0,4910,0,0,0,0,0.0,15,449,1,1.0
-0.0,1,1.0,523,0,0,0,0,0.0,1,450,1,1.0
-0.0,2,1.0,1120,0,0,0,0,0.0,2,450,1,1.0
-0.0,3,1.0,1743,0,0,0,0,0.0,3,450,1,1.0
-0.0,4,1.0,2354,0,0,0,0,0.0,4,450,1,1.0
0.5004024235381879,5,0.8,2987,0,0,0,0,0.0,5,450,2,0.6
0.45056120886630463,6,0.8333333333333334,3830,0,0,0,0,0.0,6,450,2,0.6666666666666666
0.410116318288409,7,0.8571428571428571,4504,0,0,0,0,0.0,7,450,2,0.7142857142857143
0.37677016125643675,8,0.875,5166,0,0,0,0,0.0,8,450,2,0.75
0.34883209584303193,9,0.8888888888888888,5803,0,0,0,0,0.0,9,450,2,0.7777777777777778
0.3250829733914482,10,0.9,6476,0,0,0,0,0.0,10,450,2,0.8
0.30463609734923813,11,0.9090909090909091,7083,0,0,0,0,0.0,11,450,2,0.8181818181818182
0.2868359830561607,12,0.9166666666666666,7643,0,0,0,0,0.0,12,450,2,0.8333333333333334
0.2711893730418441,13,0.9230769230769231,8667,0,0,0,0,0.0,13,450,2,0.8461538461538461
0.509137344082687,14,0.8571428571428571,9484,0,0,0,0,0.0,14,450,3,0.7857142857142857
0.48509409130221154,15,0.8666666666666667,10037,0,0,0,0,0.0,15,450,3,0.8
-0.0,1,1.0,454,0,0,0,0,0.0,1,451,1,1.0
-0.0,2,1.0,934,0,0,0,0,0.0,2,451,1,1.0
-0.0,3,1.0,1405,0,0,0,0,0.0,3,451,1,1.0
-0.0,4,1.0,1916,0,0,0,0,0.0,4,451,1,1.0
-0.0,5,1.0,2419,0,0,0,0,0.0,5,451,1,1.0
-0.0,6,1.0,2922,0,0,0,0,0.0,6,451,1,1.0
-0.0,7,1.0,3353,0,0,0,0,0.0,7,451,1,1.0
-0.0,8,1.0,3838,0,0,0,0,0.0,8,451,1,1.0
-0.0,9,1.0,4410,0,0,0,0,0.0,9,451,1,1.0
-0.0,10,1.0,4893,0,0,0,0,0.0,10,451,1,1.0
-0.0,11,1.0,5369,0,0,0,0,0.0,11,451,1,1.0
-0.0,12,1.0,5889,0,0,0,0,0.0,12,451,1,1.0
-0.0,13,1.0,6311,0,0,0,0,0.0,13,451,1,1.0
-0.0,14,1.0,6820,0,0,0,0,0.0,14,451,1,1.0
-0.0,15,1.0,7287,0,0,0,0,0.0,15,451,1,1.0
-0.0,1,1.0,434,0,0,0,0,0.0,1,452,1,1.0
-0.0,2,1.0,867,0,0,0,0,0.0,2,452,1,1.0
-0.0,3,1.0,1302,0,0,0,0,0.0,3,452,1,1.0
-0.0,4,1.0,1700,0,0,0,0,0.0,4,452,1,1.0
-0.0,5,1.0,2125,0,0,0,0,0.0,5,452,1,1.0
-0.0,6,1.0,2525,0,0,0,0,0.0,6,452,1,1.0
-0.0,7,1.0,3012,0,0,0,0,0.0,7,452,1,1.0
-0.0,8,1.0,3431,0,0,0,0,0.0,8,452,1,1.0
-0.0,9,1.0,3892,0,0,0,0,0.0,9,452,1,1.0
-0.0,10,1.0,4296,0,0,0,0,0.0,10,452,1,1.0
-0.0,11,1.0,4714,0,0,0,0,0.0,11,452,1,1.0
-0.0,12,1.0,5135,0,0,0,0,0.0,12,452,1,1.0
-0.0,13,1.0,5553,0,0,0,0,0.0,13,452,1,1.0
-0.0,14,1.0,5975,0,0,0,0,0.0,14,452,1,1.0
-0.0,15,1.0,6395,0,0,0,0,0.0,15,452,1,1.0
-0.0,1,1.0,472,0,0,0,0,0.0,1,453,1,1.0
-0.0,2,1.0,963,0,0,0,0,0.0,2,453,1,1.0
-0.0,3,1.0,1457,0,0,0,0,0.0,3,453,1,1.0
-0.0,4,1.0,1909,0,0,0,0,0.0,4,453,1,1.0
-0.0,5,1.0,2222,0,0,0,0,0.0,5,453,1,1.0
-0.0,6,1.0,2632,0,0,0,0,0.0,6,453,1,1.0
-0.0,7,1.0,3135,0,0,0,0,0.0,7,453,1,1.0
-0.0,8,1.0,3615,0,0,0,0,0.0,8,453,1,1.0
-0.0,9,1.0,4138,0,0,0,0,0.0,9,453,1,1.0
-0.0,10,1.0,4465,0,0,0,0,0.0,10,453,1,1.0
-0.0,11,1.0,4875,0,0,0,0,0.0,11,453,1,1.0
-0.0,12,1.0,5278,0,0,0,0,0.0,12,453,1,1.0
-0.0,13,1.0,5592,0,0,0,0,0.0,13,453,1,1.0
-0.0,14,1.0,5999,0,0,0,0,0.0,14,453,1,1.0
-0.0,15,1.0,6315,0,0,0,0,0.0,15,453,1,1.0
,0,,1024,0,0,0,0,1.0,1,454,0,
,0,,2048,0,0,0,0,1.0,2,454,0,
,0,,3072,0,0,0,0,1.0,3,454,0,
,0,,4096,0,0,0,0,1.0,4,454,0,
,0,,5120,0,0,0,0,1.0,5,454,0,
,0,,6144,0,0,0,0,1.0,6,454,0,
,0,,7168,0,0,0,0,1.0,7,454,0,
,0,,8192,0,0,0,0,1.0,8,454,0,
,0,,9216,0,0,0,0,1.0,9,454,0,
,0,,10240,0,0,0,0,1.0,10,454,0,
,0,,11264,0,0,0,0,1.0,11,454,0,
,0,,12288,0,0,0,0,1.0,12,454,0,
,0,,13312,0,0,0,0,1.0,13,454,0,
,0,,14336,0,0,0,0,1.0,14,454,0,
,0,,15360,0,0,0,0,1.0,15,454,0,
-0.0,1,1.0,361,0,0,0,0,0.0,1,455,1,1.0
-0.0,2,1.0,680,0,0,0,0,0.0,2,455,1,1.0
-0.0,3,1.0,998,0,0,0,0,0.0,3,455,1,1.0
-0.0,4,1.0,1363,0,0,0,0,0.0,4,455,1,1.0
-0.0,5,1.0,1702,0,0,0,0,0.0,5,455,1,1.0
-0.0,6,1.0,2031,0,0,0,0,0.0,6,455,1,1.0
-0.0,7,1.0,2282,0,0,0,0,0.0,7,455,1,1.0
-0.0,8,1.0,2646,0,0,0,0,0.0,8,455,1,1.0
-0.0,9,1.0,3000,0,0,0,0,0.0,9,455,1,1.0
-0.0,10,1.0,3346,0,0,0,0,0.0,10,455,1,1.0
-0.0,11,1.0,3664,0,0,0,0,0.0,11,455,1,1.0
-0.0,12,1.0,4029,0,0,0,0,0.0,12,455,1,1.0
-0.0,13,1.0,4409,0,0,0,0,0.0,13,455,1,1.0
-0.0,14,1.0,4802,0,0,0,0,0.0,14,455,1,1.0
-0.0,15,1.0,5130,0,0,0,0,0.0,15,455,1,1.0
-0.0,1,1.0,972,0,0,0,0,0.0,1,456,1,1.0
-0.0,2,1.0,1996,0,0,0,0,0.0,2,456,1,1.0
-0.0,3,1.0,3020,0,0,0,0,0.3333333333333333,3,456,1,1.0
-0.0,4,1.0,4038,0,0,0,0,0.25,4,456,1,1.0
-0.0,5,1.0,4984,0,0,0,0,0.2,5,456,1,1.0
-0.0,6,1.0,5954,0,0,0,0,0.16666666666666666,6,456,1,1.0
-0.0,7,1.0,6911,0,0,0,0,0.14285714285714285,7,456,1,1.0
-0.0,8,1.0,7935,0,0,0,0,0.25,8,456,1,1.0
-0.0,9,1.0,8845,0,0,0,0,0.2222222222222222,9,456,1,1.0
-0.0,10,1.0,9847,0,0,0,0,0.2,10,456,1,1.0
-0.0,11,1.0,10787,0,0,0,0,0.18181818181818182,11,456,1,1.0
-0.0,12,1.0,11714,0,0,0,0,0.16666666666666666,12,456,1,1.0
-0.0,13,1.0,12717,0,0,0,0,0.15384615384615385,13,456,1,1.0
-0.0,14,1.0,13640,0,0,0,0,0.14285714285714285,14,456,1,1.0
-0.0,15,1.0,14569,0,0,0,0,0.13333333333333333,15,456,1,1.0
-0.0,1,1.0,185,0,0,0,0,0.0,1,457,1,1.0
-0.0,2,1.0,352,0,0,0,0,0.0,2,457,1,1.0
-0.0,3,1.0,524,0,0,0,0,0.0,3,457,1,1.0
-0.0,4,1.0,651,0,0,0,0,0.0,4,457,1,1.0
-0.0,5,1.0,784,0,0,0,0,0.0,5,457,1,1.0
-0.0,6,1.0,979,0,0,0,0,0.0,6,457,1,1.0
-0.0,7,1.0,1157,0,0,0,0,0.0,7,457,1,1.0
-0.0,8,1.0,1288,0,0,0,0,0.0,8,457,1,1.0
-0.0,9,1.0,1484,0,0,0,0,0.0,9,457,1,1.0
-0.0,10,1.0,1657,0,0,0,0,0.0,10,457,1,1.0
-0.0,11,1.0,1824,0,0,0,0,0.0,11,457,1,1.0
-0.0,12,1.0,1969,0,0,0,0,0.0,12,457,1,1.0
-0.0,13,1.0,2266,0,0,0,0,0.0,13,457,1,1.0
-0.0,14,1.0,2415,0,0,0,0,0.0,14,457,1,1.0
-0.0,15,1.0,2557,0,0,0,0,0.0,15,457,1,1.0
-0.0,1,1.0,1024,0,0,0,0,0.0,1,458,1,1.0
-0.0,2,1.0,2048,0,0,0,0,0.5,2,458,1,1.0
-0.0,3,1.0,2578,0,0,0,0,0.3333333333333333,3,458,1,1.0
-0.0,4,1.0,3115,0,0,0,0,0.25,4,458,1,1.0
-0.0,5,1.0,4139,0,0,0,0,0.4,5,458,1,1.0
-0.0,6,1.0,5072,0,0,0,0,0.3333333333333333,6,458,1,1.0
-0.0,7,1.0,5617,0,0,0,0,0.2857142857142857,7,458,1,1.0
-0.0,8,1.0,6641,0,0,0,0,0.375,8,458,1,1.0
-0.0,9,1.0,7177,0,0,0,0,0.3333333333333333,9,458,1,1.0
-0.0,10,1.0,8201,0,0,0,0,0.3,10,458,1,1.0
-0.0,11,1.0,8686,0,0,0,0,0.2727272727272727,11,458,1,1.0
0.34883209584303193,12,0.8888888888888888,9594,0,0,0,0,0.25,12,458,2,0.7777777777777778
0.3250829733914482,13,0.9,9994,0,0,0,0,0.23076923076923078,13,458,2,0.8
0.6001660731596457,14,0.8181818181818182,10423,0,0,0,0,0.21428571428571427,14,458,3,0.7272727272727273
0.6001660731596457,15,0.8181818181818182,11447,0,0,0,0,0.26666666666666666,15,458,3,0.7272727272727273
-0.0,1,1.0,785,0,0,0,0,0.0,1,459,1,1.0
-0.0,2,1.0,1601,0,0,0,0,0.0,2,459,1,1.0
-0.0,3,1.0,2625,0,0,0,0,0.3333333333333333,3,459,1,1.0
-0.0,4,1.0,3344,0,0,0,0,0.25,4,459,1,1.0
0.5623351446188083,5,0.75,4085,0,0,0,0,0.2,5,459,2,0.5
0.5004024235381879,6,0.8,4862,0,0,0,0,0.16666666666666666,6,459,2,0.6
0.45056120886630463,7,0.8333333333333334,5543,0,0,0,0,0.14285714285714285,7,459,2,0.6666666666666666
0.410116318288409,8,0.8571428571428571,6453,0,0,0,0,0.125,8,459,2,0.7142857142857143
0.37677016125643675,9,0.875,7163,0,0,0,0,0.1111111111111111,9,459,2,0.75
0.34883209584303193,10,0.8888888888888888,7885,0,0,0,0,0.1,10,459,2,0.7777777777777778
0.3250829733914482,11,0.9,8590,0,0,0,0,0.09090909090909091,11,459,2,0.8
0.30463609734923813,12,0.9090909090909091,9351,0,0,0,0,0.08333333333333333,12,459,2,0.8181818181818182
0.2868359830561607,13,0.9166666666666666,10133,0,0,0,0,0.07692307692307693,13,459,2,0.8333333333333334
0.2711893730418441,14,0.9230769230769231,11009,0,0,0,0,0.07142857142857142,14,459,2,0.8461538461538461
0.25731864054383163,15,0.9285714285714286,11876,0,0,0,0,0.06666666666666667,15,459,2,0.8571428571428571
-0.0,1,1.0,447,1,1,0,1,0.0,1,460,1,1.0
0.6931471805599453,2,0.5,802,1,1,0,1,0.0,2,460,2,0.0
0.6365141682948128,3,0.6666666666666666,1392,1,1,0,1,0.0,3,460,2,0.3333333333333333
0.5623351446188083,4,0.75,1925,1,1,0,1,0.0,4,460,2,0.5
0.6730116670092565,5,0.6,2386,1,1,0,1,0.0,5,460,2,0.2
0.6365141682948128,6,0.6666666666666666,2840,1,1,0,1,0.0,6,460,2,0.3333333333333333
0.9556998911125343,7,0.5714285714285714,3307,1,1,0,1,0.0,7,460,3,0.2857142857142857
0.9743147528693494,8,0.5,3717,1,1,0,1,0.0,8,460,3,0.125
0.9649629230074277,9,0.4444444444444444,4219,1,1,0,1,0.0,9,460,3,0.0
0.9433483923290392,1,0.5,4572,0,0,0,0,0.0,10,460,3,0.1
0.9347698978582794,1,0.45454545454545453,4982,1,1,0,1,0.0,11,460,3,0.0
0.9184277849930976,1,0.5,5375,0,0,0,0,0.0,12,460,3,0.08333333333333333
1.1189688668816267,2,0.46153846153846156,5987,0,0,0,0,0.0,13,460,4,0.07692307692307693
1.2963611597910563,3,0.42857142857142855,6456,0,0,0,0,0.0,14,460,5,0.07142857142857142
1.3624474851916286,4,0.4,6899,0,0,0,0,0.0,15,460,5,0.06666666666666667
-0.0,1,1.0,649,0,0,0,0,0.0,1,461,1,1.0
-0.0,2,1.0,1137,0,0,0,0,0.0,2,461,1,1.0
-0.0,3,1.0,1694,0,0,0,0,0.0,3,461,1,1.0
-0.0,4,1.0,2255,0,0,0,0,0.0,4,461,1,1.0
-0.0,5,1.0,2760,0,0,0,0,0.0,5,461,1,1.0
-0.0,6,1.0,3328,0,0,0,0,0.0,6,461,1,1.0
-0.0,7,1.0,4029,0,0,0,0,0.0,7,461,1,1.0
-0.0,8,1.0,4558,0,0,0,0,0.0,8,461,1,1.0
-0.0,9,1.0,5110,0,0,0,0,0.0,9,461,1,1.0
-0.0,10,1.0,5622,0,0,0,0,0.0,10,461,1,1.0
-0.0,11,1.0,6181,0,0,0,0,0.0,11,461,1,1.0
-0.0,12,1.0,6695,0,0,0,0,0.0,12,461,1,1.0
-0.0,13,1.0,7223,0,0,0,0,0.0,13,461,1,1.0
-0.0,14,1.0,7755,0,0,0,0,0.0,14,461,1,1.0
-0.0,15,1.0,8363,0,0,0,0,0.0,15,461,1,1.0
-0.0,1,1.0,398,0,0,0,0,0.0,1,462,1,1.0
-0.0,2,1.0,766,0,0,0,0,0.0,2,462,1,1.0
-0.0,3,1.0,1151,0,0,0,0,0.0,3,462,1,1.0
-0.0,4,1.0,1612,0,0,0,0,0.0,4,462,1,1.0
-0.0,5,1.0,2055,0,0,0,0,0.0,5,462,1,1.0
0.45056120886630463,6,0.8333333333333334,2418,0,0,0,0,0.0,6,462,2,0.6666666666666666
0.796311640173813,7,0.7142857142857143,2794,0,0,0,0,0.0,7,462,3,0.5714285714285714
1.073542846408523,8,0.625,3190,0,0,0,0,0.0,8,462,4,0.5
1.0027182645175161,9,0.6666666666666666,3670,0,0,0,0,0.0,9,462,4,0.5555555555555556
1.0027182645175161,10,0.6666666666666666,4694,0,0,0,0,0.1,10,462,4,0.5555555555555556
0.9404479886553263,11,0.7,5142,0,0,0,0,0.09090909090909091,11,462,4,0.6
0.8855741515766717,12,0.7272727272727273,5540,0,0,0,0,0.08333333333333333,12,462,4,0.6363636363636364
0.8369882167858358,13,0.75,6095,0,0,0,0,0.07692307692307693,13,462,4,0.6666666666666666
0.8369882167858358,14,0.75,7119,0,0,0,0,0.14285714285714285,14,462,4,0.6666666666666666
1.0437938808441543,15,0.6923076923076923,7742,0,0,0,0,0.13333333333333333,15,462,5,0.6153846153846154
-0.0,1,1.0,344,0,0,0,0,0.0,1,463,1,1.0
-0.0,2,1.0,637,0,0,0,0,0.0,2,463,1,1.0
-0.0,3,1.0,1000,0,0,0,0,0.0,3,463,1,1.0
-0.0,4,1.0,1286,0,0,0,0,0.0,4,463,1,1.0
-0.0,5,1.0,1585,0,0,0,0,0.0,5,463,1,1.0
-0.0,6,1.0,1887,0,0,0,0,0.0,6,463,1,1.0
-0.0,7,1.0,2216,0,0,0,0,0.0,7,463,1,1.0
-0.0,8,1.0,2510,0,0,0,0,0.0,8,463,1,1.0
-0.0,9,1.0,2787,0,0,0,0,0.0,9,463,1,1.0
-0.0,10,1.0,3138,0,0,0,0,0.0,10,463,1,1.0
-0.0,11,1.0,3470,0,0,0,0,0.0,11,463,1,1.0
-0.0,12,1.0,3814,0,0,0,0,0.0,12,463,1,1.0
-0.0,13,1.0,4150,0,0,0,0,0.0,13,463,1,1.0
-0.0,14,1.0,4395,0,0,0,0,0.0,14,463,1,1.0
-0.0,15,1.0,4728,0,0,0,0,0.0,15,463,1,1.0
-0.0,1,1.0,847,0,0,0,0,0.0,1,464,1,1.0
-0.0,2,1.0,1645,0,0,0,0,0.0,2,464,1,1.0
-0.0,3,1.0,2512,0,0,0,0,0.0,3,464,1,1.0
-0.0,4,1.0,3374,0,0,0,0,0.0,4,464,1,1.0
-0.0,5,1.0,4027,0,0,0,0,0.0,5,464,1,1.0
-0.0,6,1.0,4916,0,0,0,0,0.0,6,464,1,1.0
-0.0,7,1.0,5694,0,0,0,0,0.0,7,464,1,1.0
-0.0,8,1.0,6375,0,0,0,0,0.0,8,464,1,1.0
-0.0,9,1.0,7138,0,0,0,0,0.0,9,464,1,1.0
-0.0,10,1.0,7978,0,0,0,0,0.0,10,464,1,1.0
-0.0,11,1.0,8825,0,0,0,0,0.0,11,464,1,1.0
-0.0,12,1.0,9652,0,0,0,0,0.0,12,464,1,1.0
-0.0,13,1.0,10586,0,0,0,0,0.0,13,464,1,1.0
-0.0,14,1.0,11419,0,0,0,0,0.0,14,464,1,1.0
-0.0,15,1.0,12113,0,0,0,0,0.0,15,464,1,1.0
-0.0,1,1.0,261,0,0,0,0,0.0,1,465,1,1.0
-0.0,2,1.0,529,0,0,0,0,0.0,2,465,1,1.0
-0.0,3,1.0,1553,0,0,0,0,0.0,3,465,1,1.0
-0.0,4,1.0,1838,0,0,0,0,0.0,4,465,1,1.0
-0.0,5,1.0,2862,0,0,0,0,0.0,5,465,1,1.0
-0.0,6,1.0,3131,0,0,0,0,0.0,6,465,1,1.0
-0.0,7,1.0,4155,0,0,0,0,0.0,7,465,1,1.0
-0.0,8,1.0,4430,0,0,0,0,0.0,8,465,1,1.0
-0.0,9,1.0,4700,0,0,0,0,0.0,9,465,1,1.0
-0.0,10,1.0,5041,0,0,0,0,0.0,10,465,1,1.0
-0.0,11,1.0,5434,0,0,0,0,0.0,11,465,1,1.0
-0.0,12,1.0,5695,0,0,0,0,0.0,12,465,1,1.0
-0.0,13,1.0,6095,0,0,0,0,0.0,13,465,1,1.0
-0.0,14,1.0,6351,0,0,0,0,0.0,14,465,1,1.0
0.24493002679463532,15,0.9333333333333333,7375,0,0,0,0,0.0,15,465,2,0.8666666666666667
-0.0,1,1.0,815,1,0,0,0,0.0,1,466,1,1.0
0.6931471805599453,2,0.5,1718,1,0,0,0,0.0,2,466,2,0.0
0.6365141682948128,3,0.6666666666666666,2596,1,0,0,0,0.0,3,466,2,0.3333333333333333
1.0397207708399179,4,0.5,3392,1,0,0,0,0.0,4,466,3,0.25
1.3321790402101223,5,0.4,4229,1,0,0,0,0.0,5,466,4,0.2
1.5607104090414063,6,0.3333333333333333,5069,1,0,0,0,0.0,6,466,5,0.16666666666666666
1.5498260458782016,7,0.2857142857142857,5853,1,0,0,0,0.0,7,466,5,0.0
1.4941751382893083,1,0.375,6579,0,0,0,0,0.0,8,466,5,0.125
1.464816384890813,1,0.3333333333333333,7603,1,0,0,0,0.0,9,466,5,0.0
1.4184836619456564,1,0.4,8429,0,0,0,0,0.0,10,466,5,0.1
1.5941666991180168,2,0.36363636363636365,9232,0,0,0,0,0.0,11,466,6,0.09090909090909091
1.748155457247676,3,0.3333333333333333,9787,0,0,0,0,0.0,12,466,7,0.08333333333333333
1.8848713335781606,4,0.3076923076923077,10537,0,0,0,0,0.0,13,466,8,0.07692307692307693
1.90853528164356,5,0.2857142857142857,11204,0,0,0,0,0.0,14,466,8,0.07142857142857142
2.026229622995291,6,0.26666666666666666,11879,0,0,0,0,0.0,15,466,9,0.06666666666666667
-0.0,1,1.0,268,0,0,0,0,0.0,1,467,1,1.0
-0.0,2,1.0,683,0,0,0,0,0.0,2,467,1,1.0
-0.0,3,1.0,997,0,0,0,0,0.0,3,467,1,1.0
-0.0,4,1.0,1294,0,0,0,0,0.0,4,467,1,1.0
-0.0,5,1.0,1526,0,0,0,0,0.0,5,467,1,1.0
-0.0,6,1.0,1751,0,0,0,0,0.0,6,467,1,1.0
-0.0,7,1.0,1983,0,0,0,0,0.0,7,467,1,1.0
-0.0,8,1.0,2366,0,0,0,0,0.0,8,467,1,1.0
-0.0,9,1.0,2614,0,0,0,0,0.0,9,467,1,1.0
-0.0,10,1.0,2826,0,0,0,0,0.0,10,467,1,1.0
-0.0,11,1.0,3106,0,0,0,0,0.0,11,467,1,1.0
-0.0,12,1.0,3341,0,0,0,0,0.0,12,467,1,1.0
-0.0,13,1.0,3630,0,0,0,0,0.0,13,467,1,1.0
-0.0,14,1.0,3931,0,0,0,0,0.0,14,467,1,1.0
0.24493002679463532,15,0.9333333333333333,4291,0,0,0,0,0.0,15,467,2,0.8666666666666667
-0.0,1,1.0,256,0,0,0,0,0.0,1,468,1,1.0
-0.0,2,1.0,497,0,0,0,0,0.0,2,468,1,1.0
-0.0,3,1.0,751,0,0,0,0,0.0,3,468,1,1.0
-0.0,4,1.0,970,0,0,0,0,0.0,4,468,1,1.0
-0.0,5,1.0,1236,0,0,0,0,0.0,5,468,1,1.0
-0.0,6,1.0,1541,0,0,0,0,0.0,6,468,1,1.0
-0.0,7,1.0,1765,0,0,0,0,0.0,7,468,1,1.0
-0.0,8,1.0,2008,0,0,0,0,0.0,8,468,1,1.0
-0.0,9,1.0,2277,0,0,0,0,0.0,9,468,1,1.0
-0.0,10,1.0,2549,0,0,0,0,0.0,10,468,1,1.0
-0.0,11,1.0,2738,0,0,0,0,0.0,11,468,1,1.0
-0.0,12,1.0,2995,0,0,0,0,0.0,12,468,1,1.0
-0.0,13,1.0,3248,0,0,0,0,0.0,13,468,1,1.0
-0.0,14,1.0,3471,0,0,0,0,0.0,14,468,1,1.0
-0.0,15,1.0,3737,0,0,0,0,0.0,15,468,1,1.0
-0.0,1,1.0,221,0,0,0,0,0.0,1,469,1,1.0
-0.0,2,1.0,470,0,0,0,0,0.0,2,469,1,1.0
-0.0,3,1.0,686,0,0,0,0,0.0,3,469,1,1.0
-0.0,4,1.0,891,0,0,0,0,0.0,4,469,1,1.0
-0.0,5,1.0,1094,0,0,0,0,0.0,5,469,1,1.0
-0.0,6,1.0,1370,0,0,0,0,0.0,6,469,1,1.0
-0.0,7,1.0,1668,0,0,0,0,0.0,7,469,1,1.0
-0.0,8,1.0,1891,0,0,0,0,0.0,8,469,1,1.0
-0.0,9,1.0,2127,0,0,0,0,0.0,9,469,1,1.0
-0.0,10,1.0,2468,0,0,0,0,0.0,10,469,1,1.0
-0.0,11,1.0,2703,0,0,0,0,0.0,11,469,1,1.0
-0.0,12,1.0,2926,0,0,0,0,0.0,12,469,1,1.0
-0.0,13,1.0,3130,0,0,0,0,0.0,13,469,1,1.0
-0.0,14,1.0,3460,0,0,0,0,0.0,14,469,1,1.0
-0.0,15,1.0,3712,0,0,0,0,0.0,15,469,1,1.0
,0,,1024,1,1,1,0,1.0,1,470,0,
,0,,2048,1,1,1,0,1.0,2,470,0,
,0,,3072,1,1,1,0,1.0,3,470,0,
-0.0,1,1.0,3966,1,1,1,0,0.75,4,470,1,1.0
0.6931471805599453,2,0.5,4956,1,1,1,0,0.6,5,470,2,0.0
0.6931471805599453,3,0.5,5980,1,1,1,0,0.6666666666666666,6,470,2,0.0
0.6931471805599453,4,0.5,7004,1,1,1,0,0.7142857142857143,7,470,2,0.0
0.6931471805599453,5,0.5,8028,1,1,1,0,0.75,8,470,2,0.0
0.6931471805599453,6,0.5,9052,1,1,1,0,0.7777777777777778,9,470,2,0.0
0.6931471805599453,7,0.5,10076,1,1,1,0,0.8,10,470,2,0.0
1.0986122886681096,8,0.3333333333333333,11100,1,1,1,0,0.7272727272727273,11,470,3,0.0
1.0986122886681096,9,0.3333333333333333,12124,1,1,1,0,0.75,12,470,3,0.0
1.0397207708399179,1,0.5,13123,0,0,0,0,0.6923076923076923,13,470,3,0.25
1.0397207708399179,2,0.5,14147,0,0,0,0,0.7142857142857143,14,470,3,0.25
1.0397207708399179,3,0.5,15171,0,0,0,0,0.7333333333333333,15,470,3,0.25
-0.0,1,1.0,327,0,0,0,0,0.0,1,471,1,1.0
-0.0,2,1.0,654,0,0,0,0,0.0,2,471,1,1.0
-0.0,3,1.0,970,0,0,0,0,0.0,3,471,1,1.0
-0.0,4,1.0,1267,0,0,0,0,0.0,4,471,1,1.0
-0.0,5,1.0,1562,0,0,0,0,0.0,5,471,1,1.0
-0.0,6,1.0,1811,0,0,0,0,0.0,6,471,1,1.0
-0.0,7,1.0,2033,0,0,0,0,0.0,7,471,1,1.0
-0.0,8,1.0,2256,0,0,0,0,0.0,8,471,1,1.0
-0.0,9,1.0,2549,0,0,0,0,0.0,9,471,1,1.0
-0.0,10,1.0,2787,0,0,0,0,0.0,10,471,1,1.0
-0.0,11,1.0,3078,0,0,0,0,0.0,11,471,1,1.0
-0.0,12,1.0,3316,0,0,0,0,0.0,12,471,1,1.0
-0.0,13,1.0,3642,0,0,0,0,0.0,13,471,1,1.0
-0.0,14,1.0,3908,0,0,0,0,0.0,14,471,1,1.0
-0.0,15,1.0,4197,0,0,0,0,0.0,15,471,1,1.0
-0.0,1,1.0,443,0,0,0,0,0.0,1,472,1,1.0
-0.0,2,1.0,878,0,0,0,0,0.0,2,472,1,1.0
-0.0,3,1.0,1304,0,0,0,0,0.0,3,472,1,1.0
-0.0,4,1.0,1736,0,0,0,0,0.0,4,472,1,1.0
-0.0,5,1.0,2108,0,0,0,0,0.0,5,472,1,1.0
-0.0,6,1.0,2531,0,0,0,0,0.0,6,472,1,1.0
-0.0,7,1.0,2862,0,0,0,0,0.0,7,472,1,1.0
-0.0,8,1.0,3294,0,0,0,0,0.0,8,472,1,1.0
-0.0,9,1.0,3707,0,0,0,0,0.0,9,472,1,1.0
-0.0,10,1.0,4114,0,0,0,0,0.0,10,472,1,1.0
-0.0,11,1.0,4555,0,0,0,0,0.0,11,472,1,1.0
-0.0,12,1.0,4968,0,0,0,0,0.0,12,472,1,1.0
-0.0,13,1.0,5459,0,0,0,0,0.0,13,472,1,1.0
-0.0,14,1.0,5825,0,0,0,0,0.0,14,472,1,1.0
-0.0,15,1.0,6175,0,0,0,0,0.0,15,472,1,1.0
-0.0,1,1.0,1024,1,1,1,0,0.0,1,473,1,1.0
0.6931471805599453,2,0.5,1722,1,1,1,0,0.0,2,473,2,0.0
0.6365141682948128,3,0.6666666666666666,2746,1,1,1,0,0.0,3,473,2,0.3333333333333333
0.5623351446188083,4,0.75,3545,1,1,1,0,0.0,4,473,2,0.5
0.5004024235381879,5,0.8,4417,1,1,1,0,0.0,5,473,2,0.6
0.5004024235381879,6,0.8,5441,1,1,1,0,0.16666666666666666,6,473,2,0.6
0.6365141682948128,7,0.6666666666666666,6415,1,1,1,0,0.14285714285714285,7,473,2,0.3333333333333333
0.6829081047004717,8,0.5714285714285714,7235,1,1,1,0,0.125,8,473,2,0.14285714285714285
0.6931471805599453,9,0.5,8167,1,1,1,0,0.1111111111111111,9,473,2,0.0
0.6869615765973234,1,0.5555555555555556,8857,0,0,0,0,0.1,10,473,2,0.1111111111111111
0.9433483923290392,2,0.5,9640,0,0,0,0,0.09090909090909091,11,473,3,0.1
0.9433483923290392,3,0.5,10664,0,0,0,0,0.16666666666666666,12,473,3,0.1
0.9347698978582794,1,0.45454545454545453,11375,1,1,1,0,0.15384615384615385,13,473,3,0.0
0.9184277849930976,2,0.5,12063,1,1,1,0,0.14285714285714285,14,473,3,0.08333333333333333
0.9110175397125628,3,0.46153846153846156,12924,1,1,1,0,0.13333333333333333,15,473,3,0.0
-0.0,1,1.0,774,0,0,0,0,0.0,1,474,1,1.0
-0.0,2,1.0,1268,0,0,0,0,0.0,2,474,1,1.0
-0.0,3,1.0,1608,0,0,0,0,0.0,3,474,1,1.0
-0.0,4,1.0,2147,0,0,0,0,0.0,4,474,1,1.0
-0.0,5,1.0,2817,0,0,0,0,0.0,5,474,1,1.0
-0.0,6,1.0,3556,0,0,0,0,0.0,6,474,1,1.0
-0.0,7,1.0,4212,0,0,0,0,0.0,7,474,1,1.0
-0.0,8,1.0,5055,0,0,0,0,0.0,8,474,1,1.0
-0.0,9,1.0,5682,0,0,0,0,0.0,9,474,1,1.0
-0.0,10,1.0,6241,0,0,0,0,0.0,10,474,1,1.0
-0.0,11,1.0,6725,0,0,0,0,0.0,11,474,1,1.0
-0.0,12,1.0,7522,0,0,0,0,0.0,12,474,1,1.0
-0.0,13,1.0,8271,0,0,0,0,0.0,13,474,1,1.0
-0.0,14,1.0,9108,0,0,0,0,0.0,14,474,1,1.0
-0.0,15,1.0,9743,0,0,0,0,0.0,15,474,1,1.0
,0,,1024,1,0,0,0,1.0,1,475,0,
,0,,2048,1,0,0,0,1.0,2,475,0,
,0,,3072,1,0,0,0,1.0,3,475,0,
,0,,4096,1,0,0,0,1.0,4,475,0,
,0,,5120,1,0,0,0,1.0,5,475,0,
,0,,6144,1,0,0,0,1.0,6,475,0,
,0,,7168,1,0,0,0,1.0,7,475,0,
,0,,8192,1,0,0,0,1.0,8,475,0,
-0.0,1,1.0,9159,0,0,0,0,0.8888888888888888,9,475,1,1.0
-0.0,2,1.0,10183,0,0,0,0,0.9,10,475,1,1.0
-0.0,3,1.0,11207,0,0,0,0,0.9090909090909091,11,475,1,1.0
0.6931471805599453,4,0.5,12080,0,0,0,0,0.8333333333333334,12,475,2,0.0
0.6931471805599453,5,0.5,13104,0,0,0,0,0.8461538461538461,13,475,2,0.0
0.6931471805599453,6,0.5,14128,0,0,0,0,0.8571428571428571,14,475,2,0.0
0.6931471805599453,7,0.5,15152,0,0,0,0,0.8666666666666667,15,475,2,0.0
-0.0,1,1.0,335,0,0,0,0,0.0,1,476,1,1.0
-0.0,2,1.0,697,0,0,0,0,0.0,2,476,1,1.0
-0.0,3,1.0,1045,0,0,0,0,0.0,3,476,1,1.0
-0.0,4,1.0,1398,0,0,0,0,0.0,4,476,1,1.0
-0.0,5,1.0,1760,0,0,0,0,0.0,5,476,1,1.0
-0.0,6,1.0,2081,0,0,0,0,0.0,6,476,1,1.0
-0.0,7,1.0,2407,0,0,0,0,0.0,7,476,1,1.0
-0.0,8,1.0,2783,0,0,0,0,0.0,8,476,1,1.0
-0.0,9,1.0,3130,0,0,0,0,0.0,9,476,1,1.0
-0.0,10,1.0,3531,0,0,0,0,0.0,10,476,1,1.0
-0.0,11,1.0,3860,0,0,0,0,0.0,11,476,1,1.0
-0.0,12,1.0,4211,0,0,0,0,0.0,12,476,1,1.0
-0.0,13,1.0,4556,0,0,0,0,0.0,13,476,1,1.0
-0.0,14,1.0,4920,0,0,0,0,0.0,14,476,1,1.0
-0.0,15,1.0,5244,0,0,0,0,0.0,15,476,1,1.0
-0.0,1,1.0,912,0,0,0,0,0.0,1,477,1,1.0
0.6931471805599453,2,0.5,1936,0,0,0,0,0.0,2,477,2,0.0
1.0986122886681096,3,0.3333333333333333,2461,0,0,0,0,0.0,3,477,3,0.0
1.0397207708399179,4,0.5,3109,0,0,0,0,0.0,4,477,3,0.25
1.3321790402101223,5,0.4,3781,0,0,0,0,0.0,5,477,4,0.2
1.242453324894,6,0.5,4668,0,0,0,0,0.0,6,477,4,0.3333333333333333
1.1537419427010902,7,0.5714285714285714,5093,0,0,0,0,0.0,7,477,4,0.42857142857142855
1.3862943611198906,8,0.5,5679,0,0,0,0,0.0,8,477,5,0.375
1.303092403761719,9,0.5555555555555556,6281,0,0,0,0,0.0,9,477,5,0.4444444444444444
1.2275294114572126,10,0.6,6700,0,0,0,0,0.0,10,477,5,0.5
1.4205719259467042,11,0.5454545454545454,7334,0,0,0,0,0.0,11,477,6,0.45454545454545453
1.349792396172401,12,0.5833333333333334,8213,0,0,0,0,0.0,12,477,6,0.5
1.4105135571148382,13,0.5384615384615384,9237,0,0,0,0,0.0,13,477,6,0.38461538461538464
1.351783994289646,14,0.5714285714285714,10239,0,0,0,0,0.0,14,477,6,0.42857142857142855
1.4141754640569788,15,0.5333333333333333,10818,0,0,0,0,0.0,15,477,6,0.4
-0.0,1,1.0,959,0,0,0,0,0.0,1,478,1,1.0
-0.0,2,1.0,1481,0,0,0,0,0.0,2,478,1,1.0
-0.0,3,1.0,2066,0,0,0,0,0.0,3,478,1,1.0
-0.0,4,1.0,2949,0,0,0,0,0.0,4,478,1,1.0
-0.0,5,1.0,3338,0,0,0,0,0.0,5,478,1,1.0
-0.0,6,1.0,3792,0,0,0,0,0.0,6,478,1,1.0
-0.0,7,1.0,4230,0,0,0,0,0.0,7,478,1,1.0
-0.0,8,1.0,4576,0,0,0,0,0.0,8,478,1,1.0
-0.0,9,1.0,5157,0,0,0,0,0.0,9,478,1,1.0
-0.0,10,1.0,5714,0,0,0,0,0.0,10,478,1,1.0
0.30463609734923813,11,0.9090909090909091,6473,0,0,0,0,0.0,11,478,2,0.8181818181818182
0.2868359830561607,12,0.9166666666666666,7213,0,0,0,0,0.0,12,478,2,0.8333333333333334
0.2711893730418441,13,0.9230769230769231,7928,0,0,0,0,0.0,13,478,2,0.8461538461538461
0.25731864054383163,14,0.9285714285714286,8583,0,0,0,0,0.0,14,478,2,0.8571428571428571
0.24493002679463532,15,0.9333333333333333,9228,0,0,0,0,0.0,15,478,2,0.8666666666666667
-0.0,1,1.0,329,0,0,0,0,0.0,1,479,1,1.0
-0.0,2,1.0,833,0,0,0,0,0.0,2,479,1,1.0
-0.0,3,1.0,1217,0,0,0,0,0.0,3,479,1,1.0
-0.0,4,1.0,1540,0,0,0,0,0.0,4,479,1,1.0
-0.0,5,1.0,1827,0,0,0,0,0.0,5,479,1,1.0
-0.0,6,1.0,2125,0,0,0,0,0.0,6,479,1,1.0
-0.0,7,1.0,3149,0,0,0,0,0.0,7,479,1,1.0
-0.0,8,1.0,3454,0,0,0,0,0.0,8,479,1,1.0
-0.0,9,1.0,3853,0,0,0,0,0.0,9,479,1,1.0
-0.0,10,1.0,4332,0,0,0,0,0.0,10,479,1,1.0
-0.0,11,1.0,4609,0,0,0,0,0.0,11,479,1,1.0
-0.0,12,1.0,5057,0,0,0,0,0.0,12,479,1,1.0
-0.0,13,1.0,5325,0,0,0,0,0.0,13,479,1,1.0
-0.0,14,1.0,5566,0,0,0,0,0.0,14,479,1,1.0
-0.0,15,1.0,5916,0,0,0,0,0.0,15,479,1,1.0
-0.0,1,1.0,420,0,0,0,0,0.0,1,480,1,1.0
-0.0,2,1.0,1235,0,0,0,0,0.0,2,480,1,1.0
-0.0,3,1.0,1660,0,0,0,0,0.0,3,480,1,1.0
-0.0,4,1.0,2087,0,0,0,0,0.0,4,480,1,1.0
-0.0,5,1.0,2617,0,0,0,0,0.0,5,480,1,1.0
-0.0,6,1.0,3040,0,0,0,0,0.0,6,480,1,1.0
-0.0,7,1.0,3453,0,0,0,0,0.0,7,480,1,1.0
-0.0,8,1.0,4014,0,0,0,0,0.0,8,480,1,1.0
-0.0,9,1.0,4535,0,0,0,0,0.0,9,480,1,1.0
-0.0,10,1.0,5038,0,0,0,0,0.0,10,480,1,1.0
-0.0,11,1.0,5558,0,0,0,0,0.0,11,480,1,1.0
-0.0,12,1.0,6139,0,0,0,0,0.0,12,480,1,1.0
-0.0,13,1.0,6612,0,0,0,0,0.0,13,480,1,1.0
-0.0,14,1.0,7134,0,0,0,0,0.0,14,480,1,1.0
-0.0,15,1.0,7542,0,0,0,0,0.0,15,480,1,1.0
-0.0,1,1.0,816,1,0,0,0,0.0,1,481,1,1.0
0.6931471805599453,2,0.5,1706,1,0,0,0,0.0,2,481,2,0.0
0.6931471805599453,3,0.5,2730,1,0,0,0,0.3333333333333333,3,481,2,0.0
1.0986122886681096,4,0.3333333333333333,3460,1,0,0,0,0.25,4,481,3,0.0
1.0397207708399179,1,0.5,4412,0,0,0,0,0.2,5,481,3,0.25
1.0397207708399179,2,0.5,5436,0,0,0,0,0.3333333333333333,6,481,3,0.25
0.9502705392332347,3,0.6,6197,0,0,0,0,0.2857142857142857,7,481,3,0.4
0.9502705392332347,4,0.6,7221,0,0,0,0,0.375,8,481,3,0.4
0.9502705392332347,5,0.6,8245,0,0,0,0,0.4444444444444444,9,481,3,0.4
1.242453324894,6,0.5,8907,0,0,0,0,0.4,10,481,4,0.3333333333333333
1.242453324894,7,0.5,9931,0,0,0,0,0.45454545454545453,11,481,4,0.3333333333333333
1.4750763110546947,8,0.42857142857142855,10481,0,0,0,0,0.4166666666666667,12,481,5,0.2857142857142857
1.6674619334292946,9,0.375,11293,0,0,0,0,0.38461538461538464,13,481,6,0.25
1.5810937501718236,10,0.4444444444444444,12128,0,0,0,0,0.35714285714285715,14,481,6,0.3333333333333333
1.7480673485460894,11,0.4,13002,0,0,0,0,0.3333333333333333,15,481,7,0.3
-0.0,1,1.0,958,1,1,1,0,0.0,1,482,1,1.0
0.6931471805599453,2,0.5,1549,1,1,1,0,0.0,2,482,2,0.0
1.0986122886681096,3,0.3333333333333333,2084,1,1,1,0,0.0,3,482,3,0.0
1.0397207708399179,1,0.5,2652,1,1,1,0,0.0,4,482,3,0.25
0.9502705392332347,2,0.6,3180,1,1,1,0,0.0,5,482,3,0.4
1.0114042647073518,3,0.5,3739,1,1,1,0,0.0,6,482,3,0.16666666666666666
1.277034259466139,4,0.42857142857142855,4198,1,1,1,0,0.0,7,482,4,0.14285714285714285
1.2130075659799042,5,0.5,4720,1,1,1,0,0.0,8,482,4,0.25
1.2148896539491203,6,0.4444444444444444,5270,1,1,1,0,0.0,9,482,4,0.1111111111111111
1.2148896539491203,7,0.4444444444444444,6294,1,1,1,0,0.1,10,482,4,0.1111111111111111
1.1935496040981333,1,0.4,6887,0,0,0,0,0.09090909090909091,11,482,4,0.0
1.162225544921092,2,0.45454545454545453,7418,0,0,0,0,0.08333333333333333,12,482,4,0.09090909090909091
1.3522093992338282,3,0.4166666666666667,7888,0,0,0,0,0.07692307692307693,13,482,5,0.08333333333333333
1.3114313374732374,4,0.46153846153846156,8648,0,0,0,0,0.07142857142857142,14,482,5,0.15384615384615385
1.3760552852604169,5,0.42857142857142855,9672,0,0,0,0,0.06666666666666667,15,482,5,0.14285714285714285
,0,,1024,1,1,1,0,1.0,1,483,0,
,0,,2048,1,1,1,0,1.0,2,483,0,
,0,,3072,1,1,1,0,1.0,3,483,0,
,0,,4096,1,1,1,0,1.0,4,483,0,
,0,,5120,1,1,1,0,1.0,5,483,0,
,0,,6144,1,1,1,0,1.0,6,483,0,
,0,,7168,1,1,1,0,1.0,7,483,0,
,0,,8192,1,1,1,0,1.0,8,483,0,
,0,,9216,1,1,1,0,1.0,9,483,0,
,0,,10240,1,1,1,0,1.0,10,483,0,
,0,,11264,1,1,1,0,1.0,11,483,0,
,0,,12288,1,1,1,0,1.0,12,483,0,
,0,,13312,1,1,1,0,1.0,13,483,0,
-0.0,1,1.0,14275,0,0,0,0,0.9285714285714286,14,483,1,1.0
-0.0,2,1.0,15299,0,0,0,0,0.9333333333333333,15,483,1,1.0
-0.0,1,1.0,839,0,0,0,0,0.0,1,484,1,1.0
-0.0,2,1.0,1762,0,0,0,0,0.0,2,484,1,1.0
-0.0,3,1.0,2616,0,0,0,0,0.0,3,484,1,1.0
-0.0,4,1.0,3640,0,0,0,0,0.0,4,484,1,1.0
-0.0,5,1.0,4664,0,0,0,0,0.2,5,484,1,1.0
-0.0,6,1.0,5349,0,0,0,0,0.16666666666666666,6,484,1,1.0
-0.0,7,1.0,6373,0,0,0,0,0.14285714285714285,7,484,1,1.0
-0.0,8,1.0,7074,0,0,0,0,0.125,8,484,1,1.0
-0.0,9,1.0,7983,0,0,0,0,0.1111111111111111,9,484,1,1.0
-0.0,10,1.0,8853,0,0,0,0,0.1,10,484,1,1.0
-0.0,11,1.0,9678,0,0,0,0,0.09090909090909091,11,484,1,1.0
-0.0,12,1.0,10692,0,0,0,0,0.08333333333333333,12,484,1,1.0
-0.0,13,1.0,11687,0,0,0,0,0.07692307692307693,13,484,1,1.0
-0.0,14,1.0,12711,0,0,0,0,0.14285714285714285,14,484,1,1.0
-0.0,15,1.0,13554,0,0,0,0,0.13333333333333333,15,484,1,1.0
,0,,1024,1,1,1,0,1.0,1,485,0,
-0.0,1,1.0,1936,1,1,1,0,0.5,2,485,1,1.0
-0.0,2,1.0,2869,1,1,1,0,0.3333333333333333,3,485,1,1.0
0.6365141682948128,3,0.6666666666666666,3826,1,1,1,0,0.25,4,485,2,0.3333333333333333
0.6365141682948128,4,0.6666666666666666,4850,1,1,1,0,0.4,5,485,2,0.3333333333333333
0.6365141682948128,5,0.6666666666666666,5874,1,1,1,0,0.5,6,485,2,0.3333333333333333
0.6931471805599453,6,0.5,6314,1,1,1,0,0.42857142857142855,7,485,2,0.0
0.6730116670092565,1,0.6,6811,0,0,0,0,0.375,8,485,2,0.2
0.6730116670092565,2,0.6,7835,0,0,0,0,0.4444444444444444,9,485,2,0.2
0.6730116670092565,3,0.6,8859,0,0,0,0,0.5,10,485,2,0.2
0.6730116670092565,4,0.6,9883,0,0,0,0,0.5454545454545454,11,485,2,0.2
0.6730116670092565,5,0.6,10907,0,0,0,0,0.5833333333333334,12,485,2,0.2
0.6730116670092565,6,0.6,11931,0,0,0,0,0.6153846153846154,13,485,2,0.2
0.6730116670092565,7,0.6,12955,0,0,0,0,0.6428571428571429,14,485,2,0.2
0.6730116670092565,8,0.6,13979,0,0,0,0,0.6666666666666666,15,485,2,0.2
-0.0,1,1.0,221,0,0,0,0,0.0,1,486,1,1.0
0.6931471805599453,2,0.5,559,0,0,0,0,0.0,2,486,2,0.0
0.6365141682948128,3,0.6666666666666666,761,0,0,0,0,0.0,3,486,2,0.3333333333333333
0.5623351446188083,4,0.75,959,0,0,0,0,0.0,4,486,2,0.5
0.5004024235381879,5,0.8,1141,0,0,0,0,0.0,5,486,2,0.6
0.45056120886630463,6,0.8333333333333334,1411,0,0,0,0,0.0,6,486,2,0.6666666666666666
0.410116318288409,7,0.8571428571428571,1669,0,0,0,0,0.0,7,486,2,0.7142857142857143
0.37677016125643675,8,0.875,1943,0,0,0,0,0.0,8,486,2,0.75
0.34883209584303193,9,0.8888888888888888,2167,0,0,0,0,0.0,9,486,2,0.7777777777777778
0.3250829733914482,10,0.9,2415,0,0,0,0,0.0,10,486,2,0.8
0.30463609734923813,11,0.9090909090909091,2644,0,0,0,0,0.0,11,486,2,0.8181818181818182
0.2868359830561607,12,0.9166666666666666,2818,0,0,0,0,0.0,12,486,2,0.8333333333333334
0.2711893730418441,13,0.9230769230769231,3027,0,0,0,0,0.0,13,486,2,0.8461538461538461
0.25731864054383163,14,0.9285714285714286,3235,0,0,0,0,0.0,14,486,2,0.8571428571428571
0.24493002679463532,15,0.9333333333333333,3488,0,0,0,0,0.0,15,486,2,0.8666666666666667
-0.0,1,1.0,325,0,0,0,0,0.0,1,487,1,1.0
-0.0,2,1.0,646,0,0,0,0,0.0,2,487,1,1.0
-0.0,3,1.0,1025,0,0,0,0,0.0,3,487,1,1.0
-0.0,4,1.0,1343,0,0,0,0,0.0,4,487,1,1.0
-0.0,5,1.0,1757,0,0,0,0,0.0,5,487,1,1.0
-0.0,6,1.0,2082,0,0,0,0,0.0,6,487,1,1.0
-0.0,7,1.0,2412,0,0,0,0,0.0,7,487,1,1.0
-0.0,8,1.0,2843,0,0,0,0,0.0,8,487,1,1.0
-0.0,9,1.0,3177,0,0,0,0,0.0,9,487,1,1.0
-0.0,10,1.0,3503,0,0,0,0,0.0,10,487,1,1.0
-0.0,11,1.0,3811,0,0,0,0,0.0,11,487,1,1.0
-0.0,12,1.0,4151,0,0,0,0,0.0,12,487,1,1.0
-0.0,13,1.0,4546,0,0,0,0,0.0,13,487,1,1.0
-0.0,14,1.0,4879,0,0,0,0,0.0,14,487,1,1.0
-0.0,15,1.0,5167,0,0,0,0,0.0,15,487,1,1.0
-0.0,1,1.0,239,0,0,0,0,0.0,1,488,1,1.0
-0.0,2,1.0,473,0,0,0,0,0.0,2,488,1,1.0
-0.0,3,1.0,720,0,0,0,0,0.0,3,488,1,1.0
-0.0,4,1.0,955,0,0,0,0,0.0,4,488,1,1.0
-0.0,5,1.0,1193,0,0,0,0,0.0,5,488,1,1.0
-0.0,6,1.0,1449,0,0,0,0,0.0,6,488,1,1.0
-0.0,7,1.0,1677,0,0,0,0,0.0,7,488,1,1.0
-0.0,8,1.0,1910,0,0,0,0,0.0,8,488,1,1.0
-0.0,9,1.0,2099,0,0,0,0,0.0,9,488,1,1.0
-0.0,10,1.0,2329,0,0,0,0,0.0,10,488,1,1.0
-0.0,11,1.0,2529,0,0,0,0,0.0,11,488,1,1.0
-0.0,12,1.0,2772,0,0,0,0,0.0,12,488,1,1.0
-0.0,13,1.0,2967,0,0,0,0,0.0,13,488,1,1.0
-0.0,14,1.0,3194,0,0,0,0,0.0,14,488,1,1.0
-0.0,15,1.0,3395,0,0,0,0,0.0,15,488,1,1.0
-0.0,1,1.0,555,0,0,0,0,0.0,1,489,1,1.0
-0.0,2,1.0,972,0,0,0,0,0.0,2,489,1,1.0
-0.0,3,1.0,1471,0,0,0,0,0.0,3,489,1,1.0
-0.0,4,1.0,1918,0,0,0,0,0.0,4,489,1,1.0
-0.0,5,1.0,2493,0,0,0,0,0.0,5,489,1,1.0
-0.0,6,1.0,3027,0,0,0,0,0.0,6,489,1,1.0
-0.0,7,1.0,3804,0,0,0,0,0.0,7,489,1,1.0
-0.0,8,1.0,4278,0,0,0,0,0.0,8,489,1,1.0
-0.0,9,1.0,4762,0,0,0,0,0.0,9,489,1,1.0
0.3250829733914482,10,0.9,5297,0,0,0,0,0.0,10,489,2,0.8
0.30463609734923813,11,0.9090909090909091,5898,0,0,0,0,0.0,11,489,2,0.8181818181818182
0.2868359830561607,12,0.9166666666666666,6418,0,0,0,0,0.0,12,489,2,0.8333333333333334
0.2711893730418441,13,0.9230769230769231,6960,0,0,0,0,0.0,13,489,2,0.8461538461538461
0.25731864054383163,14,0.9285714285714286,7352,0,0,0,0,0.0,14,489,2,0.8571428571428571
0.25731864054383163,15,0.9285714285714286,8376,0,0,0,0,0.06666666666666667,15,489,2,0.8571428571428571
-0.0,1,1.0,657,0,0,0,0,0.0,1,490,1,1.0
0.6931471805599453,2,0.5,1365,0,0,0,0,0.0,2,490,2,0.0
0.6365141682948128,3,0.6666666666666666,1938,0,0,0,0,0.0,3,490,2,0.3333333333333333
1.0397207708399179,4,0.5,2691,0,0,0,0,0.0,4,490,3,0.25
1.3321790402101223,5,0.4,3355,0,0,0,0,0.0,5,490,4,0.2
1.5607104090414063,6,0.3333333333333333,3977,0,0,0,0,0.0,6,490,5,0.16666666666666666
1.5607104090414063,7,0.3333333333333333,5001,0,0,0,0,0.14285714285714285,7,490,5,0.16666666666666666
1.4750763110546947,8,0.42857142857142855,5605,0,0,0,0,0.125,8,490,5,0.2857142857142857
1.4750763110546947,9,0.42857142857142855,6629,0,0,0,0,0.2222222222222222,9,490,5,0.2857142857142857
1.6674619334292946,10,0.375,7455,0,0,0,0,0.2,10,490,6,0.25
1.8310204811135162,11,0.3333333333333333,8190,0,0,0,0,0.18181818181818182,11,490,7,0.2222222222222222
1.7480673485460894,12,0.4,9070,0,0,0,0,0.16666666666666666,12,490,7,0.3
1.8937882323911377,13,0.36363636363636365,9871,0,0,0,0,0.15384615384615385,13,490,8,0.2727272727272727
2.0228085294147036,14,0.3333333333333333,10895,0,0,0,0,0.14285714285714285,14,490,9,0.25
2.1383972463477243,15,0.3076923076923077,11653,0,0,0,0,0.13333333333333333,15,490,10,0.23076923076923078
-0.0,1,1.0,315,0,0,0,0,0.0,1,491,1,1.0
0.6931471805599453,2,0.5,575,0,0,0,0,0.0,2,491,2,0.0
0.6365141682948128,3,0.6666666666666666,852,0,0,0,0,0.0,3,491,2,0.3333333333333333
1.0397207708399179,4,0.5,1225,0,0,0,0,0.0,4,491,3,0.25
1.0549201679861442,5,0.4,1508,0,0,0,0,0.0,5,491,3,0.0
1.3296613488547582,6,0.3333333333333333,1855,0,0,0,0,0.0,6,491,4,0.0
1.277034259466139,1,0.42857142857142855,2113,1,0,0,0,0.0,7,491,4,0.14285714285714285
1.4941751382893083,2,0.375,2373,1,0,0,0,0.0,8,491,5,0.125
1.5229550675313184,3,0.3333333333333333,2646,1,0,0,0,0.0,9,491,5,0.1111111111111111
1.6957425341696346,4,0.3,3124,1,0,0,0,0.0,10,491,6,0.1
1.8462202193216335,5,0.2727272727272727,3412,1,0,0,0,0.0,11,491,7,0.09090909090909091
1.8200759753606213,1,0.25,3793,0,0,0,0,0.0,12,491,7,0.0
1.9512595041439562,2,0.23076923076923078,4122,0,0,0,0,0.0,13,491,8,0.0
1.9328065726143309,3,0.21428571428571427,4407,0,0,0,0,0.0,14,491,8,0.0
2.0488828279013442,4,0.2,4760,0,0,0,0,0.0,15,491,9,0.0
-0.0,1,1.0,625,0,0,0,0,0.0,1,492,1,1.0
-0.0,2,1.0,1085,0,0,0,0,0.0,2,492,1,1.0
-0.0,3,1.0,1974,0,0,0,0,0.0,3,492,1,1.0
-0.0,4,1.0,2361,0,0,0,0,0.0,4,492,1,1.0
-0.0,5,1.0,2810,0,0,0,0,0.0,5,492,1,1.0
-0.0,6,1.0,3393,0,0,0,0,0.0,6,492,1,1.0
-0.0,7,1.0,4088,0,0,0,0,0.0,7,492,1,1.0
-0.0,8,1.0,4560,0,0,0,0,0.0,8,492,1,1.0
-0.0,9,1.0,4964,0,0,0,0,0.0,9,492,1,1.0
-0.0,10,1.0,5794,0,0,0,0,0.0,10,492,1,1.0
-0.0,11,1.0,6417,0,0,0,0,0.0,11,492,1,1.0
-0.0,12,1.0,7059,0,0,0,0,0.0,12,492,1,1.0
-0.0,13,1.0,7753,0,0,0,0,0.0,13,492,1,1.0
-0.0,14,1.0,8425,0,0,0,0,0.0,14,492,1,1.0
-0.0,15,1.0,8940,0,0,0,0,0.0,15,492,1,1.0
-0.0,1,1.0,680,0,0,0,0,0.0,1,493,1,1.0
-0.0,2,1.0,1207,0,0,0,0,0.0,2,493,1,1.0
0.6365141682948128,3,0.6666666666666666,1945,0,0,0,0,0.0,3,493,2,0.3333333333333333
0.5623351446188083,4,0.75,2722,0,0,0,0,0.0,4,493,2,0.5
0.5004024235381879,5,0.8,3378,0,0,0,0,0.0,5,493,2,0.6
0.45056120886630463,6,0.8333333333333334,4149,0,0,0,0,0.0,6,493,2,0.6666666666666666
0.410116318288409,7,0.8571428571428571,4903,0,0,0,0,0.0,7,493,2,0.7142857142857143
0.37677016125643675,8,0.875,5468,0,0,0,0,0.0,8,493,2,0.75
0.34883209584303193,9,0.8888888888888888,6092,0,0,0,0,0.0,9,493,2,0.7777777777777778
0.3250829733914482,10,0.9,6774,0,0,0,0,0.0,10,493,2,0.8
0.30463609734923813,11,0.9090909090909091,7495,0,0,0,0,0.0,11,493,2,0.8181818181818182
0.2868359830561607,12,0.9166666666666666,8174,0,0,0,0,0.0,12,493,2,0.8333333333333334
0.2711893730418441,13,0.9230769230769231,8685,0,0,0,0,0.0,13,493,2,0.8461538461538461
0.410116318288409,14,0.8571428571428571,9118,0,0,0,0,0.0,14,493,2,0.7142857142857143
0.39267446722755217,15,0.8666666666666667,9743,0,0,0,0,0.0,15,493,2,0.7333333333333333
,0,,1024,1,0,0,0,1.0,1,494,0,
-0.0,1,1.0,1780,1,1,0,1,0.5,2,494,1,1.0
-0.0,2,1.0,2524,1,1,0,1,0.3333333333333333,3,494,1,1.0
0.6365141682948128,3,0.6666666666666666,3234,1,1,0,1,0.25,4,494,2,0.3333333333333333
1.0397207708399179,4,0.5,3977,1,1,0,1,0.2,5,494,3,0.25
1.3321790402101223,5,0.4,4527,1,1,0,1,0.16666666666666666,6,494,4,0.2
1.5607104090414063,6,0.3333333333333333,5331,1,1,0,1,0.14285714285714285,7,494,5,0.16666666666666666
1.5498260458782016,7,0.2857142857142857,5954,1,1,0,1,0.125,8,494,5,0.0
1.5498260458782016,8,0.2857142857142857,6978,1,1,0,1,0.2222222222222222,9,494,5,0.0
1.5498260458782016,9,0.2857142857142857,8002,1,1,0,1,0.3,10,494,5,0.0
1.4941751382893083,1,0.375,8604,0,0,0,0,0.2727272727272727,11,494,5,0.125
1.4941751382893083,2,0.375,9628,0,0,0,0,0.3333333333333333,12,494,5,0.125
1.5229550675313184,3,0.3333333333333333,10444,0,0,0,0,0.3076923076923077,13,494,5,0.1111111111111111
1.4708084763221114,4,0.4,10964,0,0,0,0,0.2857142857142857,14,494,5,0.2
1.4142790651247086,5,0.45454545454545453,11643,0,0,0,0,0.26666666666666666,15,494,5,0.2727272727272727
-0.0,1,1.0,586,0,0,0,0,0.0,1,495,1,1.0
-0.0,2,1.0,1189,0,0,0,0,0.0,2,495,1,1.0
-0.0,3,1.0,1677,0,0,0,0,0.0,3,495,1,1.0
-0.0,4,1.0,2145,0,0,0,0,0.0,4,495,1,1.0
-0.0,5,1.0,2621,0,0,0,0,0.0,5,495,1,1.0
-0.0,6,1.0,3201,0,0,0,0,0.0,6,495,1,1.0
-0.0,7,1.0,3668,0,0,0,0,0.0,7,495,1,1.0
-0.0,8,1.0,4156,0,0,0,0,0.0,8,495,1,1.0
-0.0,9,1.0,4670,0,0,0,0,0.0,9,495,1,1.0
-0.0,10,1.0,5259,0,0,0,0,0.0,10,495,1,1.0
-0.0,11,1.0,5849,0,0,0,0,0.0,11,495,1,1.0
-0.0,12,1.0,6366,0,0,0,0,0.0,12,495,1,1.0
-0.0,13,1.0,6976,0,0,0,0,0.0,13,495,1,1.0
-0.0,14,1.0,7480,0,0,0,0,0.0,14,495,1,1.0
-0.0,15,1.0,8040,0,0,0,0,0.0,15,495,1,1.0
-0.0,1,1.0,410,0,0,0,0,0.0,1,496,1,1.0
-0.0,2,1.0,1079,0,0,0,0,0.0,2,496,1,1.0
-0.0,3,1.0,1514,0,0,0,0,0.0,3,496,1,1.0
-0.0,4,1.0,1951,0,0,0,0,0.0,4,496,1,1.0
-0.0,5,1.0,2629,0,0,0,0,0.0,5,496,1,1.0
-0.0,6,1.0,3132,0,0,0,0,0.0,6,496,1,1.0
-0.0,7,1.0,3605,0,0,0,0,0.0,7,496,1,1.0
-0.0,8,1.0,4098,0,0,0,0,0.0,8,496,1,1.0
-0.0,9,1.0,4568,0,0,0,0,0.0,9,496,1,1.0
-0.0,10,1.0,5108,0,0,0,0,0.0,10,496,1,1.0
-0.0,11,1.0,5742,0,0,0,0,0.0,11,496,1,1.0
-0.0,12,1.0,6191,0,0,0,0,0.0,12,496,1,1.0
-0.0,13,1.0,6660,0,0,0,0,0.0,13,496,1,1.0
-0.0,14,1.0,7115,0,0,0,0,0.0,14,496,1,1.0
-0.0,15,1.0,7893,0,0,0,0,0.0,15,496,1,1.0
-0.0,1,1.0,489,1,0,0,0,0.0,1,497,1,1.0
0.6931471805599453,2,0.5,914,1,0,0,0,0.0,2,497,2,0.0
1.0986122886681096,3,0.3333333333333333,1308,1,0,0,0,0.0,3,497,3,0.0
1.3862943611198906,4,0.25,1729,1,0,0,0,0.0,4,497,4,0.0
1.6094379124341005,5,0.2,2385,1,0,0,0,0.0,5,497,5,0.0
1.791759469228055,6,0.16666666666666666,2846,1,0,0,0,0.0,6,497,6,0.0
1.7478680974667573,1,0.2857142857142857,3355,0,0,0,0,0.0,7,497,6,0.14285714285714285
1.6674619334292946,2,0.375,4038,0,0,0,0,0.0,8,497,6,0.25
1.8310204811135162,3,0.3333333333333333,4585,0,0,0,0,0.0,9,497,7,0.2222222222222222
1.9730014063936128,4,0.3,5558,0,0,0,0,0.0,10,497,8,0.2
2.0982737395252498,5,0.2727272727272727,6165,0,0,0,0,0.0,11,497,9,0.18181818181818182
2.0228085294147036,6,0.3333333333333333,6638,0,0,0,0,0.0,12,497,9,0.25
2.031759218569271,7,0.3076923076923077,7177,0,0,0,0,0.0,13,497,9,0.15384615384615385
2.0449311748495913,8,0.2857142857142857,7558,0,0,0,0,0.0,14,497,9,0.14285714285714285
2.0611128325795947,9,0.26666666666666666,8073,0,0,0,0,0.0,15,497,9,0.13333333333333333
-0.0,1,1.0,1024,0,0,0,0,0.0,1,498,1,1.0
-0.0,2,1.0,2048,0,0,0,0,0.5,2,498,1,1.0
-0.0,3,1.0,2838,0,0,0,0,0.3333333333333333,3,498,1,1.0
-0.0,4,1.0,3862,0,0,0,0,0.5,4,498,1,1.0
-0.0,5,1.0,4886,0,0,0,0,0.4,5,498,1,1.0
0.5623351446188083,6,0.75,5688,0,0,0,0,0.3333333333333333,6,498,2,0.5
0.5004024235381879,7,0.8,6468,0,0,0,0,0.2857142857142857,7,498,2,0.6
0.45056120886630463,8,0.8333333333333334,7454,0,0,0,0,0.25,8,498,2,0.6666666666666666
0.410116318288409,9,0.8571428571428571,8354,0,0,0,0,0.2222222222222222,9,498,2,0.7142857142857143
0.37677016125643675,10,0.875,9069,0,0,0,0,0.2,10,498,2,0.75
0.5297061990576545,11,0.7777777777777778,9902,0,0,0,0,0.18181818181818182,11,498,2,0.5555555555555556
0.5004024235381879,12,0.8,10916,0,0,0,0,0.16666666666666666,12,498,2,0.6
0.5859526183035508,13,0.7272727272727273,11940,0,0,0,0,0.15384615384615385,13,498,2,0.45454545454545453
0.6365141682948128,14,0.6666666666666666,12877,0,0,0,0,0.14285714285714285,14,498,2,0.3333333333333333
0.6172417697303416,15,0.6923076923076923,13773,0,0,0,0,0.13333333333333333,15,498,2,0.38461538461538464
-0.0,1,1.0,299,0,0,0,0,0.0,1,499,1,1.0
-0.0,2,1.0,549,0,0,0,0,0.0,2,499,1,1.0
-0.0,3,1.0,790,0,0,0,0,0.0,3,499,1,1.0
-0.0,4,1.0,1179,0,0,0,0,0.0,4,499,1,1.0
-0.0,5,1.0,1527,0,0,0,0,0.0,5,499,1,1.0
-0.0,6,1.0,1856,0,0,0,0,0.0,6,499,1,1.0
-0.0,7,1.0,2168,0,0,0,0,0.0,7,499,1,1.0
-0.0,8,1.0,2507,0,0,0,0,0.0,8,499,1,1.0
-0.0,9,1.0,2795,0,0,0,0,0.0,9,499,1,1.0
-0.0,10,1.0,3173,0,0,0,0,0.0,10,499,1,1.0
-0.0,11,1.0,3434,0,0,0,0,0.0,11,499,1,1.0
-0.0,12,1.0,3824,0,0,0,0,0.0,12,499,1,1.0
-0.0,13,1.0,4102,0,0,0,0,0.0,13,499,1,1.0
-0.0,14,1.0,4381,0,0,0,0,0.0,14,499,1,1.0
-0.0,15,1.0,4662,0,0,0,0,0.0,15,499,1,1.0
