category,correct_at_stop,invalid_rate_at_stop,model,n16_correct,policy_id,question_index,stop_budget
correct_early_stop,True,0.0,logistic,True,logistic_start2_every_sample_selected,0,2
correct_early_stop,True,0.0,logistic,True,logistic_start2_every_sample_selected,1,2
correct_early_stop,True,0.0,logistic,True,logistic_start2_every_sample_selected,2,2
correct_early_stop,True,0.0,logistic,True,logistic_start2_every_sample_selected,3,2
unnecessary_continuation_in_hindsight,True,0.0,logistic,True,logistic_start2_every_sample_selected,4,4
correct_early_stop,True,0.0,logistic,True,logistic_start2_every_sample_selected,4,4
correct_early_stop,True,0.0,logistic,True,logistic_start2_every_sample_selected,5,2
correct_early_stop,True,0.0,logistic,True,logistic_start2_every_sample_selected,6,2
correct_early_stop,True,0.0,logistic,True,logistic_start2_every_sample_selected,7,6
unnecessary_continuation_in_hindsight,True,0.0,logistic,True,logistic_start2_every_sample_selected,8,3
correct_early_stop,True,0.0,logistic,True,logistic_start2_every_sample_selected,8,3
stable_wrong_despite_max_compute,False,0.125,logistic,False,logistic_start2_every_sample_selected,9,16
invalid_answer_driven_uncertainty,False,0.125,logistic,False,logistic_start2_every_sample_selected,9,16
correct_early_stop,True,0.0,logistic,True,logistic_start2_every_sample_selected,10,2
unnecessary_continuation_in_hindsight,False,0.375,logistic,False,logistic_start2_every_sample_selected,11,16
stable_wrong_despite_max_compute,False,0.375,logistic,False,logistic_start2_every_sample_selected,11,16
invalid_answer_driven_uncertainty,False,0.375,logistic,False,logistic_start2_every_sample_selected,11,16
correct_early_stop,True,0.0,logistic,True,logistic_start2_every_sample_selected,12,2
correct_early_stop,True,0.0,logistic,True,logistic_start2_every_sample_selected,13,2
unnecessary_continuation_in_hindsight,False,0.0,logistic,False,logistic_start2_every_sample_selected,14,4
correct_early_stop,True,0.0,logistic,True,logistic_start2_every_sample_selected,15,2
unnecessary_continuation_in_hindsight,True,0.0,logistic,True,logistic_start2_every_sample_selected,16,3
correct_early_stop,True,0.0,logistic,True,logistic_start2_every_sample_selected,16,3
correct_early_stop,True,0.0,logistic,False,logistic_start2_every_sample_selected,17,4
regression_avoided,True,0.0,logistic,False,logistic_start2_every_sample_selected,17,4
correct_early_stop,True,0.0,logistic,False,logistic_start2_every_sample_selected,18,2
regression_avoided,True,0.0,logistic,False,logistic_start2_every_sample_selected,18,2
correct_early_stop,True,0.0,logistic,True,logistic_start2_every_sample_selected,19,2
correct_early_stop,True,0.0,logistic,True,logistic_start2_every_sample_selected,20,2
invalid_answer_driven_uncertainty,True,0.125,logistic,True,logistic_start2_every_sample_selected,21,16
correct_early_stop,True,0.0,logistic,True,logistic_start2_every_sample_selected,22,2
correct_early_stop,True,0.0,logistic,True,logistic_start2_every_sample_selected,23,2
unnecessary_continuation_in_hindsight,True,0.0,logistic,True,logistic_start2_every_sample_selected,24,10
correct_early_stop,True,0.0,logistic,True,logistic_start2_every_sample_selected,24,10
unnecessary_continuation_in_hindsight,False,0.6666666666666666,logistic,False,logistic_start2_every_sample_selected,25,3
invalid_answer_driven_uncertainty,False,0.6666666666666666,logistic,False,logistic_start2_every_sample_selected,25,3
unnecessary_continuation_in_hindsight,False,0.0,logistic,False,logistic_start2_every_sample_selected,26,11
correct_early_stop,True,0.0,logistic,True,logistic_start2_every_sample_selected,27,2
unnecessary_continuation_in_hindsight,True,0.0,logistic,True,logistic_start2_every_sample_selected,28,3
correct_early_stop,True,0.0,logistic,True,logistic_start2_every_sample_selected,28,3
correct_early_stop,True,0.0,logistic,True,logistic_start2_every_sample_selected,29,2
correct_early_stop,True,0.0,logistic,True,logistic_start2_every_sample_selected,30,2
correct_early_stop,True,0.0,logistic,True,logistic_start2_every_sample_selected,31,2
correct_early_stop,True,0.0,logistic,True,logistic_start2_every_sample_selected,32,2
stable_wrong_despite_max_compute,False,0.0,logistic,False,logistic_start2_every_sample_selected,33,16
correct_early_stop,True,0.0,logistic,True,logistic_start2_every_sample_selected,34,2
correct_early_stop,True,0.0,logistic,True,logistic_start2_every_sample_selected,35,2
correct_early_stop,True,0.0,logistic,True,logistic_start2_every_sample_selected,36,7
correct_early_stop,True,0.0,logistic,True,logistic_start2_every_sample_selected,37,2
correct_early_stop,True,0.0,logistic,True,logistic_start2_every_sample_selected,38,2
correct_early_stop,True,0.0,logistic,True,logistic_start2_every_sample_selected,39,2
correct_early_stop,True,0.0,logistic,True,logistic_start2_every_sample_selected,40,2
unnecessary_continuation_in_hindsight,True,0.0,logistic,True,logistic_start2_every_sample_selected,42,3
correct_early_stop,True,0.0,logistic,True,logistic_start2_every_sample_selected,42,3
correct_early_stop,True,0.0,logistic,True,logistic_start2_every_sample_selected,44,2
unnecessary_continuation_in_hindsight,True,0.0,logistic,True,logistic_start2_every_sample_selected,45,3
correct_early_stop,True,0.0,logistic,True,logistic_start2_every_sample_selected,45,3
correct_early_stop,True,0.5,logistic,True,logistic_start2_every_sample_selected,46,2
invalid_answer_driven_uncertainty,True,0.5,logistic,True,logistic_start2_every_sample_selected,46,2
correct_early_stop,True,0.0,logistic,True,logistic_start2_every_sample_selected,47,2
unnecessary_continuation_in_hindsight,True,0.0,logistic,True,logistic_start2_every_sample_selected,48,3
correct_early_stop,True,0.0,logistic,True,logistic_start2_every_sample_selected,48,3
correct_early_stop,True,0.0,logistic,True,logistic_start2_every_sample_selected,49,2
correct_early_stop,True,0.0,logistic,True,logistic_start2_every_sample_selected,50,13
correct_early_stop,True,0.0,logistic,True,logistic_start2_every_sample_selected,51,2
correct_early_stop,True,0.0,logistic,True,logistic_start2_every_sample_selected,52,2
correct_early_stop,True,0.0,logistic,True,logistic_start2_every_sample_selected,53,2
correct_early_stop,True,0.0,logistic,True,logistic_start2_every_sample_selected,54,2
correct_early_stop,True,0.0,logistic,True,logistic_start2_every_sample_selected,55,2
correct_early_stop,True,0.0,logistic,True,logistic_start2_every_sample_selected,56,2
correct_early_stop,True,0.0,logistic,True,logistic_start2_every_sample_selected,57,2
correct_early_stop,True,0.0,logistic,True,logistic_start2_every_sample_selected,58,2
correct_early_stop,True,0.0,logistic,True,logistic_start2_every_sample_selected,59,2
invalid_answer_driven_uncertainty,False,0.75,logistic,False,logistic_start2_every_sample_selected,60,4
correct_early_stop,True,0.0,logistic,True,logistic_start2_every_sample_selected,61,2
stable_wrong_despite_max_compute,False,0.0,logistic,False,logistic_start2_every_sample_selected,62,16
correct_early_stop,True,0.42857142857142855,logistic,True,logistic_start2_every_sample_selected,64,14
invalid_answer_driven_uncertainty,True,0.42857142857142855,logistic,True,logistic_start2_every_sample_selected,64,14
correct_early_stop,True,0.0,logistic,True,logistic_start2_every_sample_selected,65,2
correct_early_stop,True,0.0,logistic,True,logistic_start2_every_sample_selected,66,2
unnecessary_continuation_in_hindsight,True,0.0,logistic,True,logistic_start2_every_sample_selected,67,7
correct_early_stop,True,0.0,logistic,True,logistic_start2_every_sample_selected,67,7
correct_early_stop,True,0.0,logistic,True,logistic_start2_every_sample_selected,68,2
correct_early_stop,True,0.0,logistic,True,logistic_start2_every_sample_selected,69,2
correct_early_stop,True,0.0,logistic,True,logistic_start2_every_sample_selected,70,2
correct_early_stop,True,0.0,logistic,True,logistic_start2_every_sample_selected,71,7
unnecessary_continuation_in_hindsight,True,0.0,logistic,True,logistic_start2_every_sample_selected,72,3
correct_early_stop,True,0.0,logistic,True,logistic_start2_every_sample_selected,72,3
correct_early_stop,True,0.0,logistic,True,logistic_start2_every_sample_selected,73,2
unnecessary_continuation_in_hindsight,True,0.0,logistic,True,logistic_start2_every_sample_selected,74,3
correct_early_stop,True,0.0,logistic,True,logistic_start2_every_sample_selected,74,3
correct_early_stop,True,0.0,logistic,True,logistic_start2_every_sample_selected,75,2
unnecessary_continuation_in_hindsight,True,0.0,logistic,True,logistic_start2_every_sample_selected,76,3
correct_early_stop,True,0.0,logistic,True,logistic_start2_every_sample_selected,76,3
correct_early_stop,True,0.0,logistic,True,logistic_start2_every_sample_selected,77,2
correct_early_stop,True,0.0,logistic,True,logistic_start2_every_sample_selected,78,2
correct_early_stop,True,0.0,logistic,True,logistic_start2_every_sample_selected,79,2
unnecessary_continuation_in_hindsight,False,0.0,logistic,False,logistic_start2_every_sample_selected,80,4
correct_early_stop,True,0.0,logistic,True,logistic_start2_every_sample_selected,81,2
correct_early_stop,True,0.0,logistic,True,logistic_start2_every_sample_selected,82,12
correct_early_stop,True,0.0,logistic,True,logistic_start2_every_sample_selected,83,2
correct_early_stop,True,0.0,logistic,True,logistic_start2_every_sample_selected,84,2
correct_early_stop,True,0.0,logistic,True,logistic_start2_every_sample_selected,85,2
correct_early_stop,True,0.0,logistic,True,logistic_start2_every_sample_selected,86,2
correct_early_stop,True,0.0,logistic,True,logistic_start2_every_sample_selected,87,2
unnecessary_continuation_in_hindsight,True,0.25,logistic,True,logistic_start2_every_sample_selected,88,4
correct_early_stop,True,0.25,logistic,True,logistic_start2_every_sample_selected,88,4
invalid_answer_driven_uncertainty,True,0.25,logistic,True,logistic_start2_every_sample_selected,88,4
correct_early_stop,True,0.0,logistic,True,logistic_start2_every_sample_selected,89,4
unnecessary_continuation_in_hindsight,False,0.0,logistic,False,logistic_start2_every_sample_selected,90,3
correct_early_stop,True,0.0,logistic,True,logistic_start2_every_sample_selected,91,2
correct_early_stop,True,0.0,logistic,True,logistic_start2_every_sample_selected,92,2
correct_early_stop,True,0.0,logistic,True,logistic_start2_every_sample_selected,93,2
invalid_answer_driven_uncertainty,False,0.5,logistic,False,logistic_start2_every_sample_selected,94,2
correct_early_stop,True,0.0,logistic,True,logistic_start2_every_sample_selected,95,2
invalid_answer_driven_uncertainty,False,0.5,logistic,False,logistic_start2_every_sample_selected,96,2
correct_early_stop,True,0.0,logistic,True,logistic_start2_every_sample_selected,97,2
correct_early_stop,True,0.0,logistic,True,logistic_start2_every_sample_selected,98,2
invalid_answer_driven_uncertainty,False,0.5,logistic,False,logistic_start2_every_sample_selected,99,2
invalid_answer_driven_uncertainty,False,0.16666666666666666,logistic,False,logistic_start2_every_sample_selected,100,12
unnecessary_continuation_in_hindsight,False,0.6666666666666666,logistic,False,logistic_start2_every_sample_selected,101,3
invalid_answer_driven_uncertainty,False,0.6666666666666666,logistic,False,logistic_start2_every_sample_selected,101,3
unnecessary_continuation_in_hindsight,True,0.0,logistic,True,logistic_start2_every_sample_selected,102,3
correct_early_stop,True,0.0,logistic,True,logistic_start2_every_sample_selected,102,3
stable_wrong_despite_max_compute,False,0.5625,logistic,False,logistic_start2_every_sample_selected,103,16
invalid_answer_driven_uncertainty,False,0.5625,logistic,False,logistic_start2_every_sample_selected,103,16
correct_early_stop,True,0.0,logistic,True,logistic_start2_every_sample_selected,106,2
unnecessary_continuation_in_hindsight,True,0.0,logistic,True,logistic_start2_every_sample_selected,107,6
correct_early_stop,True,0.0,logistic,True,logistic_start2_every_sample_selected,107,6
unnecessary_continuation_in_hindsight,True,0.0,logistic,True,logistic_start2_every_sample_selected,108,7
correct_early_stop,True,0.0,logistic,True,logistic_start2_every_sample_selected,108,7
stable_wrong_despite_max_compute,False,0.5625,logistic,False,logistic_start2_every_sample_selected,109,16
invalid_answer_driven_uncertainty,False,0.5625,logistic,False,logistic_start2_every_sample_selected,109,16
invalid_answer_driven_uncertainty,False,0.75,logistic,False,logistic_start2_every_sample_selected,110,4
correct_early_stop,True,0.0,logistic,True,logistic_start2_every_sample_selected,111,2
correct_early_stop,True,0.0,logistic,True,logistic_start2_every_sample_selected,112,6
correct_early_stop,True,0.0,logistic,True,logistic_start2_every_sample_selected,113,2
correct_early_stop,True,0.0,logistic,True,logistic_start2_every_sample_selected,114,2
unnecessary_continuation_in_hindsight,False,0.0,logistic,False,logistic_start2_every_sample_selected,115,13
correct_early_stop,True,0.0,logistic,True,logistic_start2_every_sample_selected,116,2
unnecessary_continuation_in_hindsight,True,0.0,logistic,True,logistic_start2_every_sample_selected,117,3
correct_early_stop,True,0.0,logistic,True,logistic_start2_every_sample_selected,117,3
unnecessary_continuation_in_hindsight,True,0.4,logistic,True,logistic_start2_every_sample_selected,118,5
correct_early_stop,True,0.4,logistic,True,logistic_start2_every_sample_selected,118,5
invalid_answer_driven_uncertainty,True,0.4,logistic,True,logistic_start2_every_sample_selected,118,5
unnecessary_continuation_in_hindsight,True,0.0,logistic,True,logistic_start2_every_sample_selected,119,11
correct_early_stop,True,0.0,logistic,True,logistic_start2_every_sample_selected,119,11
unnecessary_continuation_in_hindsight,False,0.0,logistic,False,logistic_start2_every_sample_selected,120,5
correct_early_stop,True,0.0,logistic,True,logistic_start2_every_sample_selected,121,2
correct_early_stop,True,0.0,logistic,True,logistic_start2_every_sample_selected,122,2
correct_early_stop,True,0.5,logistic,False,logistic_start2_every_sample_selected,123,2
regression_avoided,True,0.5,logistic,False,logistic_start2_every_sample_selected,123,2
invalid_answer_driven_uncertainty,True,0.5,logistic,False,logistic_start2_every_sample_selected,123,2
correct_early_stop,True,0.0,logistic,True,logistic_start2_every_sample_selected,124,2
correct_early_stop,True,0.0,logistic,True,logistic_start2_every_sample_selected,125,2
unnecessary_continuation_in_hindsight,False,0.6666666666666666,logistic,False,logistic_start2_every_sample_selected,126,3
invalid_answer_driven_uncertainty,False,0.6666666666666666,logistic,False,logistic_start2_every_sample_selected,126,3
correct_early_stop,True,0.0,logistic,True,logistic_start2_every_sample_selected,127,2
unnecessary_continuation_in_hindsight,True,0.0,logistic,True,logistic_start2_every_sample_selected,128,3
correct_early_stop,True,0.0,logistic,True,logistic_start2_every_sample_selected,128,3
correct_early_stop,True,0.0,logistic,True,logistic_start2_every_sample_selected,129,8
correct_early_stop,True,0.0,logistic,True,logistic_start2_every_sample_selected,130,2
correct_early_stop,True,0.0,logistic,True,logistic_start2_every_sample_selected,131,2
correct_early_stop,True,0.0,logistic,True,logistic_start2_every_sample_selected,132,2
correct_early_stop,True,0.0,logistic,True,logistic_start2_every_sample_selected,133,2
correct_early_stop,True,0.0,logistic,True,logistic_start2_every_sample_selected,134,2
correct_early_stop,True,0.0,logistic,True,logistic_start2_every_sample_selected,135,2
correct_early_stop,True,0.8333333333333334,logistic,True,logistic_start2_every_sample_selected,136,6
invalid_answer_driven_uncertainty,True,0.8333333333333334,logistic,True,logistic_start2_every_sample_selected,136,6
correct_early_stop,True,0.0,logistic,True,logistic_start2_every_sample_selected,137,2
invalid_answer_driven_uncertainty,False,0.5,logistic,False,logistic_start2_every_sample_selected,138,2
correct_early_stop,True,0.0,logistic,True,logistic_start2_every_sample_selected,139,2
correct_early_stop,True,0.0,logistic,True,logistic_start2_every_sample_selected,140,2
unnecessary_continuation_in_hindsight,True,0.0,logistic,True,logistic_start2_every_sample_selected,141,3
correct_early_stop,True,0.0,logistic,True,logistic_start2_every_sample_selected,141,3
unnecessary_continuation_in_hindsight,True,0.0,logistic,True,logistic_start2_every_sample_selected,142,4
correct_early_stop,True,0.0,logistic,True,logistic_start2_every_sample_selected,142,4
unnecessary_continuation_in_hindsight,True,0.0,logistic,True,logistic_start2_every_sample_selected,143,4
correct_early_stop,True,0.0,logistic,True,logistic_start2_every_sample_selected,143,4
correct_early_stop,True,0.0,logistic,True,logistic_start2_every_sample_selected,144,2
unnecessary_continuation_in_hindsight,True,0.0,logistic,True,logistic_start2_every_sample_selected,145,10
correct_early_stop,True,0.0,logistic,True,logistic_start2_every_sample_selected,145,10
correct_early_stop,True,0.0,logistic,True,logistic_start2_every_sample_selected,146,2
invalid_answer_driven_uncertainty,False,0.2,logistic,False,logistic_start2_every_sample_selected,147,10
unnecessary_continuation_in_hindsight,True,0.0,logistic,True,logistic_start2_every_sample_selected,148,3
correct_early_stop,True,0.0,logistic,True,logistic_start2_every_sample_selected,148,3
unnecessary_continuation_in_hindsight,True,0.0,logistic,True,logistic_start2_every_sample_selected,149,4
correct_early_stop,True,0.0,logistic,True,logistic_start2_every_sample_selected,149,4
invalid_answer_driven_uncertainty,False,0.6666666666666666,logistic,False,logistic_start2_every_sample_selected,150,6
correct_early_stop,True,0.0,logistic,True,logistic_start2_every_sample_selected,151,2
stable_wrong_despite_max_compute,False,0.125,logistic,False,logistic_start2_every_sample_selected,152,16
invalid_answer_driven_uncertainty,False,0.125,logistic,False,logistic_start2_every_sample_selected,152,16
correct_early_stop,True,0.0,logistic,True,logistic_start2_every_sample_selected,153,2
unnecessary_continuation_in_hindsight,False,0.0,logistic,False,logistic_start2_every_sample_selected,154,11
correct_early_stop,True,0.0,logistic,True,logistic_start2_every_sample_selected,155,2
correct_early_stop,True,0.0,logistic,True,logistic_start2_every_sample_selected,157,2
correct_early_stop,True,0.0,logistic,True,logistic_start2_every_sample_selected,158,2
correct_early_stop,True,0.0,logistic,True,logistic_start2_every_sample_selected,159,2
correct_early_stop,True,0.0,logistic,True,logistic_start2_every_sample_selected,160,2
correct_early_stop,True,0.0,logistic,True,logistic_start2_every_sample_selected,161,2
correct_early_stop,True,0.0,logistic,True,logistic_start2_every_sample_selected,162,2
correct_early_stop,True,0.0,logistic,True,logistic_start2_every_sample_selected,163,2
correct_early_stop,True,0.0,logistic,True,logistic_start2_every_sample_selected,165,2
correct_early_stop,True,0.0,logistic,True,logistic_start2_every_sample_selected,166,10
unnecessary_continuation_in_hindsight,True,0.0,logistic,True,logistic_start2_every_sample_selected,167,3
correct_early_stop,True,0.0,logistic,True,logistic_start2_every_sample_selected,167,3
unnecessary_continuation_in_hindsight,False,0.3333333333333333,logistic,False,logistic_start2_every_sample_selected,168,3
invalid_answer_driven_uncertainty,False,0.3333333333333333,logistic,False,logistic_start2_every_sample_selected,168,3
correct_early_stop,True,0.0,logistic,True,logistic_start2_every_sample_selected,169,2
invalid_answer_driven_uncertainty,False,0.5,logistic,False,logistic_start2_every_sample_selected,170,2
correct_early_stop,True,0.0,logistic,True,logistic_start2_every_sample_selected,171,2
correct_early_stop,True,0.0,logistic,True,logistic_start2_every_sample_selected,172,2
unnecessary_continuation_in_hindsight,True,0.0,logistic,True,logistic_start2_every_sample_selected,173,4
correct_early_stop,True,0.0,logistic,True,logistic_start2_every_sample_selected,173,4
correct_early_stop,True,0.0,logistic,True,logistic_start2_every_sample_selected,174,2
correct_early_stop,True,0.0,logistic,True,logistic_start2_every_sample_selected,175,2
unnecessary_continuation_in_hindsight,True,0.0,logistic,True,logistic_start2_every_sample_selected,176,6
correct_early_stop,True,0.0,logistic,True,logistic_start2_every_sample_selected,176,6
unnecessary_continuation_in_hindsight,False,0.0,logistic,False,logistic_start2_every_sample_selected,177,3
correct_early_stop,True,0.0,logistic,True,logistic_start2_every_sample_selected,178,2
unnecessary_continuation_in_hindsight,True,0.5,logistic,True,logistic_start2_every_sample_selected,179,4
correct_early_stop,True,0.5,logistic,True,logistic_start2_every_sample_selected,179,4
invalid_answer_driven_uncertainty,True,0.5,logistic,True,logistic_start2_every_sample_selected,179,4
premature_stop_missed_recovery,False,0.0,logistic,True,logistic_start2_every_sample_selected,180,7
unnecessary_continuation_in_hindsight,True,0.0,logistic,True,logistic_start2_every_sample_selected,181,3
correct_early_stop,True,0.0,logistic,True,logistic_start2_every_sample_selected,181,3
correct_early_stop,True,0.0,logistic,True,logistic_start2_every_sample_selected,182,2
correct_early_stop,True,0.0,logistic,True,logistic_start2_every_sample_selected,183,2
correct_early_stop,True,0.0,logistic,True,logistic_start2_every_sample_selected,185,2
correct_early_stop,True,0.0,logistic,True,logistic_start2_every_sample_selected,186,2
correct_early_stop,True,0.0,logistic,True,logistic_start2_every_sample_selected,187,2
correct_early_stop,True,0.0,logistic,True,logistic_start2_every_sample_selected,188,2
premature_stop_missed_recovery,False,0.2857142857142857,logistic,True,logistic_start2_every_sample_selected,189,7
invalid_answer_driven_uncertainty,False,0.2857142857142857,logistic,True,logistic_start2_every_sample_selected,189,7
unnecessary_continuation_in_hindsight,True,0.0,logistic,False,logistic_start2_every_sample_selected,190,4
correct_early_stop,True,0.0,logistic,False,logistic_start2_every_sample_selected,190,4
regression_avoided,True,0.0,logistic,False,logistic_start2_every_sample_selected,190,4
correct_early_stop,True,0.0,logistic,True,logistic_start2_every_sample_selected,191,2
correct_early_stop,True,0.0,logistic,True,logistic_start2_every_sample_selected,192,2
correct_early_stop,True,0.0,logistic,True,logistic_start2_every_sample_selected,193,2
correct_early_stop,True,0.0,logistic,True,logistic_start2_every_sample_selected,194,2
unnecessary_continuation_in_hindsight,True,0.0,logistic,True,logistic_start2_every_sample_selected,195,3
correct_early_stop,True,0.0,logistic,True,logistic_start2_every_sample_selected,195,3
correct_early_stop,True,0.0,logistic,True,logistic_start2_every_sample_selected,196,2
unnecessary_continuation_in_hindsight,True,0.0,logistic,True,logistic_start2_every_sample_selected,197,5
correct_early_stop,True,0.0,logistic,True,logistic_start2_every_sample_selected,197,5
correct_early_stop,True,0.0,logistic,True,logistic_start2_every_sample_selected,198,2
correct_early_stop,True,0.0,logistic,True,logistic_start2_every_sample_selected,199,2
correct_early_stop,True,0.0,logistic,True,logistic_start2_every_sample_selected,200,2
correct_early_stop,True,0.0,logistic,True,logistic_start2_every_sample_selected,201,2
correct_early_stop,True,0.0,logistic,True,logistic_start2_every_sample_selected,202,2
correct_early_stop,True,0.0,logistic,True,logistic_start2_every_sample_selected,203,2
unnecessary_continuation_in_hindsight,False,0.0,logistic,False,logistic_start2_every_sample_selected,204,4
correct_early_stop,True,0.0,logistic,True,logistic_start2_every_sample_selected,205,2
correct_early_stop,True,0.0,logistic,True,logistic_start2_every_sample_selected,206,2
correct_early_stop,True,0.0,logistic,True,logistic_start2_every_sample_selected,207,2
correct_early_stop,True,0.0,logistic,True,logistic_start2_every_sample_selected,208,2
unnecessary_continuation_in_hindsight,True,0.0,logistic,True,logistic_start2_every_sample_selected,209,3
correct_early_stop,True,0.0,logistic,True,logistic_start2_every_sample_selected,209,3
unnecessary_continuation_in_hindsight,True,0.0,logistic,True,logistic_start2_every_sample_selected,210,13
correct_early_stop,True,0.0,logistic,True,logistic_start2_every_sample_selected,210,13
unnecessary_continuation_in_hindsight,True,0.0,logistic,True,logistic_start2_every_sample_selected,211,3
correct_early_stop,True,0.0,logistic,True,logistic_start2_every_sample_selected,211,3
unnecessary_continuation_in_hindsight,True,0.0,logistic,True,logistic_start2_every_sample_selected,212,6
correct_early_stop,True,0.0,logistic,True,logistic_start2_every_sample_selected,212,6
invalid_answer_driven_uncertainty,False,0.5,logistic,False,logistic_start2_every_sample_selected,213,2
invalid_answer_driven_uncertainty,False,0.1111111111111111,logistic,False,logistic_start2_every_sample_selected,214,9
correct_early_stop,True,0.0,logistic,True,logistic_start2_every_sample_selected,215,2
correct_early_stop,True,0.0,logistic,True,logistic_start2_every_sample_selected,216,2
correct_early_stop,True,0.0,logistic,True,logistic_start2_every_sample_selected,218,2
unnecessary_continuation_in_hindsight,True,0.0,logistic,True,logistic_start2_every_sample_selected,219,10
correct_early_stop,True,0.0,logistic,True,logistic_start2_every_sample_selected,219,10
unnecessary_continuation_in_hindsight,True,0.0,logistic,True,logistic_start2_every_sample_selected,221,3
correct_early_stop,True,0.0,logistic,True,logistic_start2_every_sample_selected,221,3
correct_early_stop,True,0.0,logistic,True,logistic_start2_every_sample_selected,223,2
invalid_answer_driven_uncertainty,False,0.5,logistic,False,logistic_start2_every_sample_selected,224,2
unnecessary_continuation_in_hindsight,True,0.0,logistic,True,logistic_start2_every_sample_selected,225,3
correct_early_stop,True,0.0,logistic,True,logistic_start2_every_sample_selected,225,3
correct_early_stop,True,0.0,logistic,True,logistic_start2_every_sample_selected,226,2
unnecessary_continuation_in_hindsight,True,0.0,logistic,True,logistic_start2_every_sample_selected,227,3
correct_early_stop,True,0.0,logistic,True,logistic_start2_every_sample_selected,227,3
correct_early_stop,True,0.6153846153846154,logistic,True,logistic_start2_every_sample_selected,228,13
invalid_answer_driven_uncertainty,True,0.6153846153846154,logistic,True,logistic_start2_every_sample_selected,228,13
correct_early_stop,True,0.0,logistic,True,logistic_start2_every_sample_selected,229,2
correct_early_stop,True,0.0,logistic,True,logistic_start2_every_sample_selected,230,2
correct_early_stop,True,0.0,logistic,True,logistic_start2_every_sample_selected,231,2
correct_early_stop,True,0.0,logistic,True,logistic_start2_every_sample_selected,232,11
correct_early_stop,True,0.0,logistic,True,logistic_start2_every_sample_selected,233,2
premature_stop_missed_recovery,False,0.0,logistic,True,logistic_start2_every_sample_selected,234,2
correct_early_stop,True,0.0,logistic,True,logistic_start2_every_sample_selected,235,2
stable_wrong_despite_max_compute,False,0.25,logistic,False,logistic_start2_every_sample_selected,236,16
invalid_answer_driven_uncertainty,False,0.25,logistic,False,logistic_start2_every_sample_selected,236,16
correct_early_stop,True,0.0,logistic,True,logistic_start2_every_sample_selected,237,2
correct_early_stop,True,0.0,logistic,True,logistic_start2_every_sample_selected,238,2
unnecessary_continuation_in_hindsight,False,1.0,logistic,False,logistic_start2_every_sample_selected,239,16
stable_wrong_despite_max_compute,False,1.0,logistic,False,logistic_start2_every_sample_selected,239,16
invalid_answer_driven_uncertainty,False,1.0,logistic,False,logistic_start2_every_sample_selected,239,16
correct_early_stop,True,0.0,logistic,True,logistic_start2_every_sample_selected,241,2
correct_early_stop,True,0.0,logistic,True,logistic_start2_every_sample_selected,243,2
correct_early_stop,True,0.0,logistic,True,logistic_start2_every_sample_selected,244,2
invalid_answer_driven_uncertainty,False,0.14285714285714285,logistic,False,logistic_start2_every_sample_selected,245,14
correct_early_stop,True,0.0,logistic,True,logistic_start2_every_sample_selected,246,2
correct_early_stop,True,0.0,logistic,True,logistic_start2_every_sample_selected,247,2
unnecessary_continuation_in_hindsight,False,1.0,logistic,False,logistic_start2_every_sample_selected,248,16
stable_wrong_despite_max_compute,False,1.0,logistic,False,logistic_start2_every_sample_selected,248,16
invalid_answer_driven_uncertainty,False,1.0,logistic,False,logistic_start2_every_sample_selected,248,16
invalid_answer_driven_uncertainty,False,0.16666666666666666,logistic,False,logistic_start2_every_sample_selected,249,12
correct_early_stop,True,0.0,logistic,True,logistic_start2_every_sample_selected,250,2
unnecessary_continuation_in_hindsight,True,0.0,logistic,True,logistic_start2_every_sample_selected,251,4
correct_early_stop,True,0.0,logistic,True,logistic_start2_every_sample_selected,251,4
correct_early_stop,True,0.0,logistic,True,logistic_start2_every_sample_selected,252,2
unnecessary_continuation_in_hindsight,True,0.0,logistic,True,logistic_start2_every_sample_selected,253,3
correct_early_stop,True,0.0,logistic,True,logistic_start2_every_sample_selected,253,3
unnecessary_continuation_in_hindsight,True,0.0,logistic,True,logistic_start2_every_sample_selected,254,3
correct_early_stop,True,0.0,logistic,True,logistic_start2_every_sample_selected,254,3
correct_early_stop,True,0.0,logistic,True,logistic_start2_every_sample_selected,255,2
correct_early_stop,True,0.0,logistic,True,logistic_start2_every_sample_selected,256,2
unnecessary_continuation_in_hindsight,True,0.0,logistic,True,logistic_start2_every_sample_selected,257,3
correct_early_stop,True,0.0,logistic,True,logistic_start2_every_sample_selected,257,3
correct_early_stop,True,0.0,logistic,True,logistic_start2_every_sample_selected,258,2
correct_early_stop,True,0.0,logistic,True,logistic_start2_every_sample_selected,259,2
unnecessary_continuation_in_hindsight,True,0.0,logistic,True,logistic_start2_every_sample_selected,260,3
correct_early_stop,True,0.0,logistic,True,logistic_start2_every_sample_selected,260,3
unnecessary_continuation_in_hindsight,True,0.0,logistic,True,logistic_start2_every_sample_selected,261,3
correct_early_stop,True,0.0,logistic,True,logistic_start2_every_sample_selected,261,3
correct_early_stop,True,0.0,logistic,True,logistic_start2_every_sample_selected,262,2
correct_early_stop,True,0.0,logistic,True,logistic_start2_every_sample_selected,263,2
unnecessary_continuation_in_hindsight,False,0.1,logistic,False,logistic_start2_every_sample_selected,264,10
invalid_answer_driven_uncertainty,False,0.1,logistic,False,logistic_start2_every_sample_selected,264,10
correct_early_stop,True,0.0,logistic,True,logistic_start2_every_sample_selected,265,2
premature_stop_missed_recovery,False,0.0,logistic,True,logistic_start2_every_sample_selected,266,2
correct_early_stop,True,0.0,logistic,True,logistic_start2_every_sample_selected,267,10
correct_early_stop,True,0.0,logistic,True,logistic_start2_every_sample_selected,268,2
correct_early_stop,True,0.0,logistic,True,logistic_start2_every_sample_selected,269,2
correct_early_stop,True,0.0,logistic,True,logistic_start2_every_sample_selected,270,2
correct_early_stop,True,0.0,logistic,True,logistic_start2_every_sample_selected,271,2
correct_early_stop,True,0.0,logistic,True,logistic_start2_every_sample_selected,272,2
unnecessary_continuation_in_hindsight,True,0.0,logistic,True,logistic_start2_every_sample_selected,273,3
correct_early_stop,True,0.0,logistic,True,logistic_start2_every_sample_selected,273,3
correct_early_stop,True,0.0,logistic,True,logistic_start2_every_sample_selected,275,2
correct_early_stop,True,0.0,logistic,True,logistic_start2_every_sample_selected,276,2
correct_early_stop,True,0.0,logistic,True,logistic_start2_every_sample_selected,277,2
correct_early_stop,True,0.0,logistic,True,logistic_start2_every_sample_selected,278,2
premature_stop_missed_recovery,False,0.0,logistic,True,logistic_start2_every_sample_selected,279,2
correct_early_stop,True,0.0,logistic,True,logistic_start2_every_sample_selected,280,2
correct_early_stop,True,0.0,logistic,True,logistic_start2_every_sample_selected,281,10
correct_early_stop,True,0.0,logistic,True,logistic_start2_every_sample_selected,283,2
stable_wrong_despite_max_compute,False,0.0625,logistic,False,logistic_start2_every_sample_selected,284,16
invalid_answer_driven_uncertainty,False,0.0625,logistic,False,logistic_start2_every_sample_selected,284,16
stable_wrong_despite_max_compute,False,0.8125,logistic,False,logistic_start2_every_sample_selected,285,16
invalid_answer_driven_uncertainty,False,0.8125,logistic,False,logistic_start2_every_sample_selected,285,16
unnecessary_continuation_in_hindsight,False,0.46153846153846156,logistic,False,logistic_start2_every_sample_selected,286,13
invalid_answer_driven_uncertainty,False,0.46153846153846156,logistic,False,logistic_start2_every_sample_selected,286,13
correct_early_stop,True,0.0,logistic,True,logistic_start2_every_sample_selected,287,2
unnecessary_continuation_in_hindsight,False,0.6666666666666666,logistic,False,logistic_start2_every_sample_selected,288,3
invalid_answer_driven_uncertainty,False,0.6666666666666666,logistic,False,logistic_start2_every_sample_selected,288,3
correct_early_stop,True,0.0,logistic,True,logistic_start2_every_sample_selected,289,2
unnecessary_continuation_in_hindsight,True,0.45454545454545453,logistic,True,logistic_start2_every_sample_selected,290,11
correct_early_stop,True,0.45454545454545453,logistic,True,logistic_start2_every_sample_selected,290,11
invalid_answer_driven_uncertainty,True,0.45454545454545453,logistic,True,logistic_start2_every_sample_selected,290,11
unnecessary_continuation_in_hindsight,True,0.0,logistic,True,logistic_start2_every_sample_selected,291,10
correct_early_stop,True,0.0,logistic,True,logistic_start2_every_sample_selected,291,10
invalid_answer_driven_uncertainty,False,0.5,logistic,False,logistic_start2_every_sample_selected,292,2
unnecessary_continuation_in_hindsight,True,0.0,logistic,True,logistic_start2_every_sample_selected,293,3
correct_early_stop,True,0.0,logistic,True,logistic_start2_every_sample_selected,293,3
correct_early_stop,True,0.0,logistic,True,logistic_start2_every_sample_selected,294,4
unnecessary_continuation_in_hindsight,False,0.0,logistic,False,logistic_start2_every_sample_selected,295,4
correct_early_stop,True,0.0,logistic,True,logistic_start2_every_sample_selected,297,2
premature_stop_missed_recovery,False,0.5,logistic,True,logistic_start2_every_sample_selected,298,2
invalid_answer_driven_uncertainty,False,0.5,logistic,True,logistic_start2_every_sample_selected,298,2
unnecessary_continuation_in_hindsight,True,0.0,logistic,True,logistic_start2_every_sample_selected,299,3
correct_early_stop,True,0.0,logistic,True,logistic_start2_every_sample_selected,299,3
correct_early_stop,True,0.0,logistic,True,logistic_start2_every_sample_selected,300,2
premature_stop_missed_recovery,False,0.0,logistic,True,logistic_start2_every_sample_selected,302,7
unnecessary_continuation_in_hindsight,False,0.0,logistic,True,logistic_start2_every_sample_selected,302,7
unnecessary_continuation_in_hindsight,False,0.25,logistic,False,logistic_start2_every_sample_selected,303,4
invalid_answer_driven_uncertainty,False,0.25,logistic,False,logistic_start2_every_sample_selected,303,4
correct_early_stop,True,0.0,logistic,True,logistic_start2_every_sample_selected,304,2
correct_early_stop,True,0.0,logistic,True,logistic_start2_every_sample_selected,305,2
invalid_answer_driven_uncertainty,False,0.08333333333333333,logistic,False,logistic_start2_every_sample_selected,306,12
correct_early_stop,True,0.0,logistic,True,logistic_start2_every_sample_selected,307,2
stable_wrong_despite_max_compute,False,0.0,logistic,False,logistic_start2_every_sample_selected,308,16
correct_early_stop,True,0.0,logistic,False,logistic_start2_every_sample_selected,309,9
regression_avoided,True,0.0,logistic,False,logistic_start2_every_sample_selected,309,9
correct_early_stop,True,0.0,logistic,True,logistic_start2_every_sample_selected,310,2
correct_early_stop,True,0.0,logistic,True,logistic_start2_every_sample_selected,311,2
correct_early_stop,True,0.0,logistic,True,logistic_start2_every_sample_selected,312,2
correct_early_stop,True,0.0,logistic,True,logistic_start2_every_sample_selected,313,2
correct_early_stop,True,0.0,logistic,True,logistic_start2_every_sample_selected,314,2
unnecessary_continuation_in_hindsight,True,0.0,logistic,True,logistic_start2_every_sample_selected,315,3
correct_early_stop,True,0.0,logistic,True,logistic_start2_every_sample_selected,315,3
correct_early_stop,True,0.0,logistic,True,logistic_start2_every_sample_selected,316,2
correct_early_stop,True,0.0,logistic,True,logistic_start2_every_sample_selected,318,2
correct_early_stop,True,0.0,logistic,True,logistic_start2_every_sample_selected,319,2
correct_early_stop,True,0.0,logistic,True,logistic_start2_every_sample_selected,320,2
correct_early_stop,True,0.0,logistic,True,logistic_start2_every_sample_selected,321,2
correct_early_stop,True,0.0,logistic,True,logistic_start2_every_sample_selected,322,2
correct_early_stop,True,0.0,logistic,True,logistic_start2_every_sample_selected,323,2
correct_early_stop,True,0.0,logistic,True,logistic_start2_every_sample_selected,324,9
correct_early_stop,True,0.0,logistic,True,logistic_start2_every_sample_selected,325,2
correct_early_stop,True,0.8,logistic,True,logistic_start2_every_sample_selected,326,5
invalid_answer_driven_uncertainty,True,0.8,logistic,True,logistic_start2_every_sample_selected,326,5
invalid_answer_driven_uncertainty,False,0.5,logistic,False,logistic_start2_every_sample_selected,327,2
unnecessary_continuation_in_hindsight,True,0.0,logistic,True,logistic_start2_every_sample_selected,328,10
correct_early_stop,True,0.0,logistic,True,logistic_start2_every_sample_selected,328,10
correct_early_stop,True,0.0,logistic,True,logistic_start2_every_sample_selected,329,2
correct_early_stop,True,0.0,logistic,True,logistic_start2_every_sample_selected,330,2
unnecessary_continuation_in_hindsight,True,0.0,logistic,True,logistic_start2_every_sample_selected,331,8
correct_early_stop,True,0.0,logistic,True,logistic_start2_every_sample_selected,331,8
unnecessary_continuation_in_hindsight,True,0.07142857142857142,logistic,True,logistic_start2_every_sample_selected,332,14
correct_early_stop,True,0.07142857142857142,logistic,True,logistic_start2_every_sample_selected,332,14
invalid_answer_driven_uncertainty,True,0.07142857142857142,logistic,True,logistic_start2_every_sample_selected,332,14
correct_early_stop,True,0.5,logistic,True,logistic_start2_every_sample_selected,333,2
invalid_answer_driven_uncertainty,True,0.5,logistic,True,logistic_start2_every_sample_selected,333,2
correct_early_stop,True,0.0,logistic,True,logistic_start2_every_sample_selected,334,2
unnecessary_continuation_in_hindsight,True,0.0,logistic,True,logistic_start2_every_sample_selected,335,4
correct_early_stop,True,0.0,logistic,True,logistic_start2_every_sample_selected,335,4
correct_early_stop,True,0.0,logistic,True,logistic_start2_every_sample_selected,336,2
unnecessary_continuation_in_hindsight,True,0.0,logistic,True,logistic_start2_every_sample_selected,337,3
correct_early_stop,True,0.0,logistic,True,logistic_start2_every_sample_selected,337,3
correct_early_stop,True,0.0,logistic,True,logistic_start2_every_sample_selected,338,2
unnecessary_continuation_in_hindsight,True,0.0,logistic,True,logistic_start2_every_sample_selected,339,6
correct_early_stop,True,0.0,logistic,True,logistic_start2_every_sample_selected,339,6
unnecessary_continuation_in_hindsight,False,1.0,logistic,False,logistic_start2_every_sample_selected,340,16
stable_wrong_despite_max_compute,False,1.0,logistic,False,logistic_start2_every_sample_selected,340,16
invalid_answer_driven_uncertainty,False,1.0,logistic,False,logistic_start2_every_sample_selected,340,16
correct_early_stop,True,0.0,logistic,True,logistic_start2_every_sample_selected,341,2
correct_early_stop,True,0.0,logistic,True,logistic_start2_every_sample_selected,342,2
correct_early_stop,True,0.0,logistic,True,logistic_start2_every_sample_selected,343,2
correct_early_stop,True,0.0,logistic,True,logistic_start2_every_sample_selected,344,2
correct_early_stop,True,0.0,logistic,True,logistic_start2_every_sample_selected,345,2
correct_early_stop,True,0.0,logistic,True,logistic_start2_every_sample_selected,346,2
correct_early_stop,True,0.0,logistic,True,logistic_start2_every_sample_selected,347,2
unnecessary_continuation_in_hindsight,True,0.0,logistic,True,logistic_start2_every_sample_selected,348,3
correct_early_stop,True,0.0,logistic,True,logistic_start2_every_sample_selected,348,3
correct_early_stop,True,0.0,logistic,True,logistic_start2_every_sample_selected,350,2
invalid_answer_driven_uncertainty,False,0.5,logistic,False,logistic_start2_every_sample_selected,352,2
correct_early_stop,True,0.0,logistic,True,logistic_start2_every_sample_selected,353,2
correct_early_stop,True,0.0,logistic,True,logistic_start2_every_sample_selected,354,2
invalid_answer_driven_uncertainty,False,0.14285714285714285,logistic,False,logistic_start2_every_sample_selected,355,14
correct_early_stop,True,0.0,logistic,True,logistic_start2_every_sample_selected,356,2
premature_stop_missed_recovery,False,0.0,logistic,True,logistic_start2_every_sample_selected,357,6
unnecessary_continuation_in_hindsight,False,0.0,logistic,True,logistic_start2_every_sample_selected,357,6
unnecessary_continuation_in_hindsight,False,0.0,logistic,False,logistic_start2_every_sample_selected,358,7
correct_early_stop,True,0.0,logistic,True,logistic_start2_every_sample_selected,359,2
correct_early_stop,True,0.0,logistic,True,logistic_start2_every_sample_selected,360,2
correct_early_stop,True,0.0,logistic,True,logistic_start2_every_sample_selected,361,2
correct_early_stop,True,0.0,logistic,True,logistic_start2_every_sample_selected,362,2
correct_early_stop,True,0.0,logistic,True,logistic_start2_every_sample_selected,363,2
correct_early_stop,True,0.0,logistic,True,logistic_start2_every_sample_selected,364,2
correct_early_stop,True,0.0,logistic,True,logistic_start2_every_sample_selected,366,2
unnecessary_continuation_in_hindsight,True,0.0,logistic,True,logistic_start2_every_sample_selected,367,3
correct_early_stop,True,0.0,logistic,True,logistic_start2_every_sample_selected,367,3
correct_early_stop,True,0.0,logistic,True,logistic_start2_every_sample_selected,368,2
correct_early_stop,True,0.0,logistic,True,logistic_start2_every_sample_selected,370,2
invalid_answer_driven_uncertainty,True,0.1875,logistic,True,logistic_start2_every_sample_selected,371,16
unnecessary_continuation_in_hindsight,True,0.0,logistic,True,logistic_start2_every_sample_selected,373,3
correct_early_stop,True,0.0,logistic,True,logistic_start2_every_sample_selected,373,3
correct_early_stop,True,0.0,logistic,True,logistic_start2_every_sample_selected,374,2
correct_early_stop,True,0.0,logistic,True,logistic_start2_every_sample_selected,375,2
unnecessary_continuation_in_hindsight,True,0.4,logistic,True,logistic_start2_every_sample_selected,376,5
correct_early_stop,True,0.4,logistic,True,logistic_start2_every_sample_selected,376,5
invalid_answer_driven_uncertainty,True,0.4,logistic,True,logistic_start2_every_sample_selected,376,5
unnecessary_continuation_in_hindsight,True,0.0,logistic,True,logistic_start2_every_sample_selected,377,3
correct_early_stop,True,0.0,logistic,True,logistic_start2_every_sample_selected,377,3
unnecessary_continuation_in_hindsight,True,0.14285714285714285,logistic,True,logistic_start2_every_sample_selected,378,7
correct_early_stop,True,0.14285714285714285,logistic,True,logistic_start2_every_sample_selected,378,7
invalid_answer_driven_uncertainty,True,0.14285714285714285,logistic,True,logistic_start2_every_sample_selected,378,7
correct_early_stop,True,0.0,logistic,True,logistic_start2_every_sample_selected,379,2
premature_stop_missed_recovery,False,0.0,logistic,True,logistic_start2_every_sample_selected,380,2
unnecessary_continuation_in_hindsight,False,0.08333333333333333,logistic,False,logistic_start2_every_sample_selected,381,12
invalid_answer_driven_uncertainty,False,0.08333333333333333,logistic,False,logistic_start2_every_sample_selected,381,12
unnecessary_continuation_in_hindsight,True,0.0,logistic,True,logistic_start2_every_sample_selected,382,4
correct_early_stop,True,0.0,logistic,True,logistic_start2_every_sample_selected,382,4
unnecessary_continuation_in_hindsight,True,0.0,logistic,True,logistic_start2_every_sample_selected,383,4
correct_early_stop,True,0.0,logistic,True,logistic_start2_every_sample_selected,383,4
correct_early_stop,True,0.0,logistic,True,logistic_start2_every_sample_selected,384,2
premature_stop_missed_recovery,False,0.0,logistic,True,logistic_start2_every_sample_selected,385,2
correct_early_stop,True,0.0,logistic,True,logistic_start2_every_sample_selected,386,2
correct_early_stop,True,0.0,logistic,True,logistic_start2_every_sample_selected,387,2
correct_early_stop,True,0.0,logistic,True,logistic_start2_every_sample_selected,388,11
correct_early_stop,True,0.0,logistic,True,logistic_start2_every_sample_selected,389,7
correct_early_stop,True,0.0,logistic,True,logistic_start2_every_sample_selected,390,12
unnecessary_continuation_in_hindsight,True,0.25,logistic,True,logistic_start2_every_sample_selected,391,4
correct_early_stop,True,0.25,logistic,True,logistic_start2_every_sample_selected,391,4
invalid_answer_driven_uncertainty,True,0.25,logistic,True,logistic_start2_every_sample_selected,391,4
correct_early_stop,True,0.0,logistic,True,logistic_start2_every_sample_selected,393,2
correct_early_stop,True,0.36363636363636365,logistic,True,logistic_start2_every_sample_selected,394,11
invalid_answer_driven_uncertainty,True,0.36363636363636365,logistic,True,logistic_start2_every_sample_selected,394,11
unnecessary_continuation_in_hindsight,True,0.0,logistic,True,logistic_start2_every_sample_selected,395,3
correct_early_stop,True,0.0,logistic,True,logistic_start2_every_sample_selected,395,3
correct_early_stop,True,0.0,logistic,True,logistic_start2_every_sample_selected,396,2
correct_early_stop,True,0.0,logistic,True,logistic_start2_every_sample_selected,397,2
correct_early_stop,True,0.0,logistic,True,logistic_start2_every_sample_selected,399,2
unnecessary_continuation_in_hindsight,True,0.0,logistic,True,logistic_start2_every_sample_selected,400,12
correct_early_stop,True,0.0,logistic,True,logistic_start2_every_sample_selected,400,12
invalid_answer_driven_uncertainty,False,0.8333333333333334,logistic,False,logistic_start2_every_sample_selected,401,6
correct_early_stop,True,0.0,logistic,True,logistic_start2_every_sample_selected,402,2
correct_early_stop,True,0.0,logistic,True,logistic_start2_every_sample_selected,404,2
correct_early_stop,True,0.0,logistic,True,logistic_start2_every_sample_selected,405,2
correct_early_stop,True,0.0,logistic,True,logistic_start2_every_sample_selected,406,2
unnecessary_continuation_in_hindsight,True,0.0,logistic,True,logistic_start2_every_sample_selected,407,3
correct_early_stop,True,0.0,logistic,True,logistic_start2_every_sample_selected,407,3
invalid_answer_driven_uncertainty,True,0.875,logistic,True,logistic_start2_every_sample_selected,408,16
correct_early_stop,True,0.0,logistic,True,logistic_start2_every_sample_selected,409,2
correct_early_stop,True,0.0,logistic,True,logistic_start2_every_sample_selected,410,2
correct_early_stop,True,0.0,logistic,True,logistic_start2_every_sample_selected,411,2
stable_wrong_despite_max_compute,False,0.625,logistic,False,logistic_start2_every_sample_selected,412,16
invalid_answer_driven_uncertainty,False,0.625,logistic,False,logistic_start2_every_sample_selected,412,16
correct_early_stop,True,0.0,logistic,True,logistic_start2_every_sample_selected,413,2
correct_early_stop,True,0.0,logistic,True,logistic_start2_every_sample_selected,414,2
correct_early_stop,True,0.0,logistic,True,logistic_start2_every_sample_selected,415,2
correct_early_stop,True,0.0,logistic,True,logistic_start2_every_sample_selected,416,2
correct_early_stop,True,0.0,logistic,True,logistic_start2_every_sample_selected,417,2
unnecessary_continuation_in_hindsight,True,0.0,logistic,True,logistic_start2_every_sample_selected,418,4
correct_early_stop,True,0.0,logistic,True,logistic_start2_every_sample_selected,418,4
invalid_answer_driven_uncertainty,False,0.75,logistic,False,logistic_start2_every_sample_selected,419,4
unnecessary_continuation_in_hindsight,True,0.3,logistic,True,logistic_start2_every_sample_selected,421,10
correct_early_stop,True,0.3,logistic,True,logistic_start2_every_sample_selected,421,10
invalid_answer_driven_uncertainty,True,0.3,logistic,True,logistic_start2_every_sample_selected,421,10
invalid_answer_driven_uncertainty,False,0.8571428571428571,logistic,False,logistic_start2_every_sample_selected,422,7
correct_early_stop,True,0.0,logistic,False,logistic_start2_every_sample_selected,423,2
regression_avoided,True,0.0,logistic,False,logistic_start2_every_sample_selected,423,2
correct_early_stop,True,0.0,logistic,True,logistic_start2_every_sample_selected,424,2
invalid_answer_driven_uncertainty,True,0.0625,logistic,True,logistic_start2_every_sample_selected,425,16
correct_early_stop,True,0.0,logistic,True,logistic_start2_every_sample_selected,426,2
correct_early_stop,True,0.0,logistic,True,logistic_start2_every_sample_selected,427,2
unnecessary_continuation_in_hindsight,True,0.0,logistic,True,logistic_start2_every_sample_selected,428,7
correct_early_stop,True,0.0,logistic,True,logistic_start2_every_sample_selected,428,7
correct_early_stop,True,0.0,logistic,True,logistic_start2_every_sample_selected,429,2
correct_early_stop,True,0.0,logistic,True,logistic_start2_every_sample_selected,430,2
unnecessary_continuation_in_hindsight,False,0.0,logistic,False,logistic_start2_every_sample_selected,431,16
stable_wrong_despite_max_compute,False,0.0,logistic,False,logistic_start2_every_sample_selected,431,16
invalid_answer_driven_uncertainty,False,0.5,logistic,False,logistic_start2_every_sample_selected,432,2
correct_early_stop,True,0.0,logistic,True,logistic_start2_every_sample_selected,433,2
correct_early_stop,True,0.0,logistic,True,logistic_start2_every_sample_selected,434,2
correct_early_stop,True,0.0,logistic,True,logistic_start2_every_sample_selected,435,2
correct_early_stop,True,0.5,logistic,True,logistic_start2_every_sample_selected,436,2
invalid_answer_driven_uncertainty,True,0.5,logistic,True,logistic_start2_every_sample_selected,436,2
correct_early_stop,True,0.0,logistic,True,logistic_start2_every_sample_selected,437,2
unnecessary_continuation_in_hindsight,True,0.0,logistic,True,logistic_start2_every_sample_selected,438,3
correct_early_stop,True,0.0,logistic,True,logistic_start2_every_sample_selected,438,3
unnecessary_continuation_in_hindsight,True,0.0,logistic,True,logistic_start2_every_sample_selected,439,4
correct_early_stop,True,0.0,logistic,True,logistic_start2_every_sample_selected,439,4
correct_early_stop,True,0.0,logistic,True,logistic_start2_every_sample_selected,440,2
correct_early_stop,True,0.0,logistic,True,logistic_start2_every_sample_selected,441,2
correct_early_stop,True,0.0,logistic,True,logistic_start2_every_sample_selected,442,2
correct_early_stop,True,0.0,logistic,True,logistic_start2_every_sample_selected,443,2
unnecessary_continuation_in_hindsight,False,0.3333333333333333,logistic,False,logistic_start2_every_sample_selected,444,9
invalid_answer_driven_uncertainty,False,0.3333333333333333,logistic,False,logistic_start2_every_sample_selected,444,9
unnecessary_continuation_in_hindsight,False,0.5,logistic,False,logistic_start2_every_sample_selected,445,16
stable_wrong_despite_max_compute,False,0.5,logistic,False,logistic_start2_every_sample_selected,445,16
invalid_answer_driven_uncertainty,False,0.5,logistic,False,logistic_start2_every_sample_selected,445,16
correct_early_stop,True,0.0,logistic,True,logistic_start2_every_sample_selected,446,2
unnecessary_continuation_in_hindsight,True,0.0,logistic,True,logistic_start2_every_sample_selected,447,6
correct_early_stop,True,0.0,logistic,True,logistic_start2_every_sample_selected,447,6
correct_early_stop,True,0.0,logistic,True,logistic_start2_every_sample_selected,448,2
correct_early_stop,True,0.0,logistic,True,logistic_start2_every_sample_selected,449,2
correct_early_stop,True,0.0,logistic,True,logistic_start2_every_sample_selected,450,2
unnecessary_continuation_in_hindsight,True,0.0,logistic,True,logistic_start2_every_sample_selected,451,3
correct_early_stop,True,0.0,logistic,True,logistic_start2_every_sample_selected,451,3
correct_early_stop,True,0.0,logistic,True,logistic_start2_every_sample_selected,452,2
unnecessary_continuation_in_hindsight,True,0.0,logistic,True,logistic_start2_every_sample_selected,453,3
correct_early_stop,True,0.0,logistic,True,logistic_start2_every_sample_selected,453,3
unnecessary_continuation_in_hindsight,False,1.0,logistic,False,logistic_start2_every_sample_selected,454,16
stable_wrong_despite_max_compute,False,1.0,logistic,False,logistic_start2_every_sample_selected,454,16
invalid_answer_driven_uncertainty,False,1.0,logistic,False,logistic_start2_every_sample_selected,454,16
correct_early_stop,True,0.0,logistic,True,logistic_start2_every_sample_selected,455,2
unnecessary_continuation_in_hindsight,True,0.25,logistic,True,logistic_start2_every_sample_selected,456,4
correct_early_stop,True,0.25,logistic,True,logistic_start2_every_sample_selected,456,4
invalid_answer_driven_uncertainty,True,0.25,logistic,True,logistic_start2_every_sample_selected,456,4
correct_early_stop,True,0.0,logistic,True,logistic_start2_every_sample_selected,457,2
correct_early_stop,True,0.5,logistic,True,logistic_start2_every_sample_selected,458,2
invalid_answer_driven_uncertainty,True,0.5,logistic,True,logistic_start2_every_sample_selected,458,2
correct_early_stop,True,0.0,logistic,True,logistic_start2_every_sample_selected,459,2
unnecessary_continuation_in_hindsight,True,0.0,logistic,False,logistic_start2_every_sample_selected,460,4
correct_early_stop,True,0.0,logistic,False,logistic_start2_every_sample_selected,460,4
regression_avoided,True,0.0,logistic,False,logistic_start2_every_sample_selected,460,4
correct_early_stop,True,0.0,logistic,True,logistic_start2_every_sample_selected,461,2
correct_early_stop,True,0.0,logistic,True,logistic_start2_every_sample_selected,462,2
correct_early_stop,True,0.0,logistic,True,logistic_start2_every_sample_selected,463,2
correct_early_stop,True,0.0,logistic,True,logistic_start2_every_sample_selected,464,2
correct_early_stop,True,0.0,logistic,True,logistic_start2_every_sample_selected,465,2
unnecessary_continuation_in_hindsight,False,0.0,logistic,False,logistic_start2_every_sample_selected,466,6
unnecessary_continuation_in_hindsight,True,0.0,logistic,True,logistic_start2_every_sample_selected,467,3
correct_early_stop,True,0.0,logistic,True,logistic_start2_every_sample_selected,467,3
correct_early_stop,True,0.0,logistic,True,logistic_start2_every_sample_selected,468,2
correct_early_stop,True,0.0,logistic,True,logistic_start2_every_sample_selected,469,2
premature_stop_missed_recovery,False,0.75,logistic,True,logistic_start2_every_sample_selected,470,4
invalid_answer_driven_uncertainty,False,0.75,logistic,True,logistic_start2_every_sample_selected,470,4
correct_early_stop,True,0.0,logistic,True,logistic_start2_every_sample_selected,471,2
correct_early_stop,True,0.0,logistic,True,logistic_start2_every_sample_selected,472,2
premature_stop_missed_recovery,False,0.0,logistic,True,logistic_start2_every_sample_selected,473,5
unnecessary_continuation_in_hindsight,False,0.0,logistic,True,logistic_start2_every_sample_selected,473,5
correct_early_stop,True,0.0,logistic,True,logistic_start2_every_sample_selected,474,2
invalid_answer_driven_uncertainty,False,0.8888888888888888,logistic,False,logistic_start2_every_sample_selected,475,9
correct_early_stop,True,0.0,logistic,True,logistic_start2_every_sample_selected,476,2
unnecessary_continuation_in_hindsight,True,0.0,logistic,True,logistic_start2_every_sample_selected,477,9
correct_early_stop,True,0.0,logistic,True,logistic_start2_every_sample_selected,477,9
unnecessary_continuation_in_hindsight,False,0.0,logistic,False,logistic_start2_every_sample_selected,478,4
correct_early_stop,True,0.0,logistic,True,logistic_start2_every_sample_selected,479,2
correct_early_stop,True,0.0,logistic,True,logistic_start2_every_sample_selected,480,2
invalid_answer_driven_uncertainty,False,0.2857142857142857,logistic,False,logistic_start2_every_sample_selected,481,7
premature_stop_missed_recovery,False,0.0,logistic,True,logistic_start2_every_sample_selected,482,8
correct_early_stop,True,0.9285714285714286,logistic,True,logistic_start2_every_sample_selected,483,14
invalid_answer_driven_uncertainty,True,0.9285714285714286,logistic,True,logistic_start2_every_sample_selected,483,14
correct_early_stop,True,0.0,logistic,True,logistic_start2_every_sample_selected,484,2
premature_stop_missed_recovery,False,0.5,logistic,True,logistic_start2_every_sample_selected,485,2
invalid_answer_driven_uncertainty,False,0.5,logistic,True,logistic_start2_every_sample_selected,485,2
unnecessary_continuation_in_hindsight,True,0.0,logistic,True,logistic_start2_every_sample_selected,486,4
correct_early_stop,True,0.0,logistic,True,logistic_start2_every_sample_selected,486,4
correct_early_stop,True,0.0,logistic,True,logistic_start2_every_sample_selected,487,2
correct_early_stop,True,0.0,logistic,True,logistic_start2_every_sample_selected,488,2
unnecessary_continuation_in_hindsight,True,0.0,logistic,True,logistic_start2_every_sample_selected,489,3
correct_early_stop,True,0.0,logistic,True,logistic_start2_every_sample_selected,489,3
unnecessary_continuation_in_hindsight,False,0.0,logistic,False,logistic_start2_every_sample_selected,490,6
unnecessary_continuation_in_hindsight,False,0.0,logistic,False,logistic_start2_every_sample_selected,491,15
correct_early_stop,True,0.0,logistic,True,logistic_start2_every_sample_selected,492,2
correct_early_stop,True,0.0,logistic,True,logistic_start2_every_sample_selected,493,2
correct_early_stop,True,0.5,logistic,False,logistic_start2_every_sample_selected,494,2
regression_avoided,True,0.5,logistic,False,logistic_start2_every_sample_selected,494,2
invalid_answer_driven_uncertainty,True,0.5,logistic,False,logistic_start2_every_sample_selected,494,2
unnecessary_continuation_in_hindsight,True,0.0,logistic,True,logistic_start2_every_sample_selected,495,3
correct_early_stop,True,0.0,logistic,True,logistic_start2_every_sample_selected,495,3
unnecessary_continuation_in_hindsight,True,0.0,logistic,True,logistic_start2_every_sample_selected,496,3
correct_early_stop,True,0.0,logistic,True,logistic_start2_every_sample_selected,496,3
invalid_answer_driven_uncertainty,False,0.5,logistic,False,logistic_start2_every_sample_selected,498,2
correct_early_stop,True,0.0,logistic,True,logistic_start2_every_sample_selected,499,2
correct_early_stop,True,0.0,histgb,True,histgb_start2_every_sample_selected,0,2
correct_early_stop,True,0.0,histgb,True,histgb_start2_every_sample_selected,1,2
correct_early_stop,True,0.0,histgb,True,histgb_start2_every_sample_selected,2,2
correct_early_stop,True,0.0,histgb,True,histgb_start2_every_sample_selected,3,2
unnecessary_continuation_in_hindsight,True,0.0,histgb,True,histgb_start2_every_sample_selected,4,4
correct_early_stop,True,0.0,histgb,True,histgb_start2_every_sample_selected,4,4
correct_early_stop,True,0.0,histgb,True,histgb_start2_every_sample_selected,5,2
correct_early_stop,True,0.0,histgb,True,histgb_start2_every_sample_selected,6,2
correct_early_stop,True,0.0,histgb,True,histgb_start2_every_sample_selected,7,5
unnecessary_continuation_in_hindsight,True,0.0,histgb,True,histgb_start2_every_sample_selected,8,4
correct_early_stop,True,0.0,histgb,True,histgb_start2_every_sample_selected,8,4
stable_wrong_despite_max_compute,False,0.125,histgb,False,histgb_start2_every_sample_selected,9,16
invalid_answer_driven_uncertainty,False,0.125,histgb,False,histgb_start2_every_sample_selected,9,16
correct_early_stop,True,0.0,histgb,True,histgb_start2_every_sample_selected,10,2
unnecessary_continuation_in_hindsight,False,0.375,histgb,False,histgb_start2_every_sample_selected,11,16
stable_wrong_despite_max_compute,False,0.375,histgb,False,histgb_start2_every_sample_selected,11,16
invalid_answer_driven_uncertainty,False,0.375,histgb,False,histgb_start2_every_sample_selected,11,16
correct_early_stop,True,0.0,histgb,True,histgb_start2_every_sample_selected,12,2
correct_early_stop,True,0.0,histgb,True,histgb_start2_every_sample_selected,13,2
unnecessary_continuation_in_hindsight,False,0.0,histgb,False,histgb_start2_every_sample_selected,14,4
correct_early_stop,True,0.0,histgb,True,histgb_start2_every_sample_selected,15,2
unnecessary_continuation_in_hindsight,True,0.0,histgb,True,histgb_start2_every_sample_selected,16,3
correct_early_stop,True,0.0,histgb,True,histgb_start2_every_sample_selected,16,3
correct_early_stop,True,0.0,histgb,False,histgb_start2_every_sample_selected,17,4
regression_avoided,True,0.0,histgb,False,histgb_start2_every_sample_selected,17,4
correct_early_stop,True,0.0,histgb,False,histgb_start2_every_sample_selected,18,2
regression_avoided,True,0.0,histgb,False,histgb_start2_every_sample_selected,18,2
correct_early_stop,True,0.0,histgb,True,histgb_start2_every_sample_selected,19,2
correct_early_stop,True,0.0,histgb,True,histgb_start2_every_sample_selected,20,2
invalid_answer_driven_uncertainty,True,0.125,histgb,True,histgb_start2_every_sample_selected,21,16
correct_early_stop,True,0.0,histgb,True,histgb_start2_every_sample_selected,22,2
correct_early_stop,True,0.0,histgb,True,histgb_start2_every_sample_selected,23,2
unnecessary_continuation_in_hindsight,True,0.0,histgb,True,histgb_start2_every_sample_selected,24,6
correct_early_stop,True,0.0,histgb,True,histgb_start2_every_sample_selected,24,6
invalid_answer_driven_uncertainty,False,0.5,histgb,False,histgb_start2_every_sample_selected,25,2
unnecessary_continuation_in_hindsight,False,0.0,histgb,False,histgb_start2_every_sample_selected,26,7
correct_early_stop,True,0.0,histgb,True,histgb_start2_every_sample_selected,27,2
unnecessary_continuation_in_hindsight,True,0.0,histgb,True,histgb_start2_every_sample_selected,28,4
correct_early_stop,True,0.0,histgb,True,histgb_start2_every_sample_selected,28,4
correct_early_stop,True,0.0,histgb,True,histgb_start2_every_sample_selected,29,2
correct_early_stop,True,0.0,histgb,True,histgb_start2_every_sample_selected,30,2
correct_early_stop,True,0.0,histgb,True,histgb_start2_every_sample_selected,31,2
correct_early_stop,True,0.0,histgb,True,histgb_start2_every_sample_selected,32,2
stable_wrong_despite_max_compute,False,0.0,histgb,False,histgb_start2_every_sample_selected,33,16
correct_early_stop,True,0.0,histgb,True,histgb_start2_every_sample_selected,34,2
correct_early_stop,True,0.0,histgb,True,histgb_start2_every_sample_selected,35,2
correct_early_stop,True,0.0,histgb,True,histgb_start2_every_sample_selected,36,4
correct_early_stop,True,0.0,histgb,True,histgb_start2_every_sample_selected,37,2
correct_early_stop,True,0.0,histgb,True,histgb_start2_every_sample_selected,38,2
correct_early_stop,True,0.0,histgb,True,histgb_start2_every_sample_selected,39,2
correct_early_stop,True,0.0,histgb,True,histgb_start2_every_sample_selected,40,2
unnecessary_continuation_in_hindsight,True,0.0,histgb,False,histgb_start2_every_sample_selected,41,6
correct_early_stop,True,0.0,histgb,False,histgb_start2_every_sample_selected,41,6
regression_avoided,True,0.0,histgb,False,histgb_start2_every_sample_selected,41,6
unnecessary_continuation_in_hindsight,True,0.0,histgb,True,histgb_start2_every_sample_selected,42,4
correct_early_stop,True,0.0,histgb,True,histgb_start2_every_sample_selected,42,4
correct_early_stop,True,0.0,histgb,True,histgb_start2_every_sample_selected,44,2
unnecessary_continuation_in_hindsight,True,0.0,histgb,True,histgb_start2_every_sample_selected,45,4
correct_early_stop,True,0.0,histgb,True,histgb_start2_every_sample_selected,45,4
correct_early_stop,True,0.5,histgb,True,histgb_start2_every_sample_selected,46,2
invalid_answer_driven_uncertainty,True,0.5,histgb,True,histgb_start2_every_sample_selected,46,2
correct_early_stop,True,0.0,histgb,True,histgb_start2_every_sample_selected,47,2
unnecessary_continuation_in_hindsight,True,0.0,histgb,True,histgb_start2_every_sample_selected,48,3
correct_early_stop,True,0.0,histgb,True,histgb_start2_every_sample_selected,48,3
correct_early_stop,True,0.0,histgb,True,histgb_start2_every_sample_selected,49,2
correct_early_stop,True,0.0,histgb,True,histgb_start2_every_sample_selected,50,7
correct_early_stop,True,0.0,histgb,True,histgb_start2_every_sample_selected,51,2
correct_early_stop,True,0.0,histgb,True,histgb_start2_every_sample_selected,52,2
correct_early_stop,True,0.0,histgb,True,histgb_start2_every_sample_selected,53,2
correct_early_stop,True,0.0,histgb,True,histgb_start2_every_sample_selected,54,2
correct_early_stop,True,0.0,histgb,True,histgb_start2_every_sample_selected,55,2
correct_early_stop,True,0.0,histgb,True,histgb_start2_every_sample_selected,56,2
correct_early_stop,True,0.0,histgb,True,histgb_start2_every_sample_selected,57,2
correct_early_stop,True,0.0,histgb,True,histgb_start2_every_sample_selected,58,2
correct_early_stop,True,0.0,histgb,True,histgb_start2_every_sample_selected,59,2
invalid_answer_driven_uncertainty,False,0.75,histgb,False,histgb_start2_every_sample_selected,60,4
correct_early_stop,True,0.0,histgb,True,histgb_start2_every_sample_selected,61,2
stable_wrong_despite_max_compute,False,0.0,histgb,False,histgb_start2_every_sample_selected,62,16
premature_stop_missed_recovery,False,0.5,histgb,True,histgb_start2_every_sample_selected,64,2
invalid_answer_driven_uncertainty,False,0.5,histgb,True,histgb_start2_every_sample_selected,64,2
correct_early_stop,True,0.0,histgb,True,histgb_start2_every_sample_selected,65,2
correct_early_stop,True,0.0,histgb,True,histgb_start2_every_sample_selected,66,2
unnecessary_continuation_in_hindsight,True,0.0,histgb,True,histgb_start2_every_sample_selected,67,10
correct_early_stop,True,0.0,histgb,True,histgb_start2_every_sample_selected,67,10
correct_early_stop,True,0.0,histgb,True,histgb_start2_every_sample_selected,68,2
correct_early_stop,True,0.0,histgb,True,histgb_start2_every_sample_selected,69,2
correct_early_stop,True,0.0,histgb,True,histgb_start2_every_sample_selected,70,2
correct_early_stop,True,0.0,histgb,True,histgb_start2_every_sample_selected,71,10
unnecessary_continuation_in_hindsight,True,0.0,histgb,True,histgb_start2_every_sample_selected,72,4
correct_early_stop,True,0.0,histgb,True,histgb_start2_every_sample_selected,72,4
correct_early_stop,True,0.0,histgb,True,histgb_start2_every_sample_selected,73,2
unnecessary_continuation_in_hindsight,True,0.0,histgb,True,histgb_start2_every_sample_selected,74,4
correct_early_stop,True,0.0,histgb,True,histgb_start2_every_sample_selected,74,4
correct_early_stop,True,0.0,histgb,True,histgb_start2_every_sample_selected,75,2
unnecessary_continuation_in_hindsight,True,0.0,histgb,True,histgb_start2_every_sample_selected,76,3
correct_early_stop,True,0.0,histgb,True,histgb_start2_every_sample_selected,76,3
correct_early_stop,True,0.0,histgb,True,histgb_start2_every_sample_selected,77,2
correct_early_stop,True,0.0,histgb,True,histgb_start2_every_sample_selected,78,2
correct_early_stop,True,0.0,histgb,True,histgb_start2_every_sample_selected,79,2
unnecessary_continuation_in_hindsight,False,0.0,histgb,False,histgb_start2_every_sample_selected,80,4
correct_early_stop,True,0.0,histgb,True,histgb_start2_every_sample_selected,81,2
correct_early_stop,True,0.0,histgb,True,histgb_start2_every_sample_selected,82,7
correct_early_stop,True,0.0,histgb,True,histgb_start2_every_sample_selected,83,2
correct_early_stop,True,0.0,histgb,True,histgb_start2_every_sample_selected,84,2
correct_early_stop,True,0.0,histgb,True,histgb_start2_every_sample_selected,85,2
correct_early_stop,True,0.0,histgb,True,histgb_start2_every_sample_selected,86,2
correct_early_stop,True,0.0,histgb,True,histgb_start2_every_sample_selected,87,2
unnecessary_continuation_in_hindsight,True,0.14285714285714285,histgb,True,histgb_start2_every_sample_selected,88,7
correct_early_stop,True,0.14285714285714285,histgb,True,histgb_start2_every_sample_selected,88,7
invalid_answer_driven_uncertainty,True,0.14285714285714285,histgb,True,histgb_start2_every_sample_selected,88,7
correct_early_stop,True,0.0,histgb,True,histgb_start2_every_sample_selected,89,6
unnecessary_continuation_in_hindsight,False,0.0,histgb,False,histgb_start2_every_sample_selected,90,3
correct_early_stop,True,0.0,histgb,True,histgb_start2_every_sample_selected,91,2
correct_early_stop,True,0.0,histgb,True,histgb_start2_every_sample_selected,92,2
correct_early_stop,True,0.0,histgb,True,histgb_start2_every_sample_selected,93,2
unnecessary_continuation_in_hindsight,False,0.3333333333333333,histgb,False,histgb_start2_every_sample_selected,94,3
invalid_answer_driven_uncertainty,False,0.3333333333333333,histgb,False,histgb_start2_every_sample_selected,94,3
correct_early_stop,True,0.0,histgb,True,histgb_start2_every_sample_selected,95,2
invalid_answer_driven_uncertainty,False,0.5,histgb,False,histgb_start2_every_sample_selected,96,2
correct_early_stop,True,0.0,histgb,True,histgb_start2_every_sample_selected,97,2
correct_early_stop,True,0.0,histgb,True,histgb_start2_every_sample_selected,98,2
unnecessary_continuation_in_hindsight,False,0.5,histgb,False,histgb_start2_every_sample_selected,99,4
invalid_answer_driven_uncertainty,False,0.5,histgb,False,histgb_start2_every_sample_selected,99,4
invalid_answer_driven_uncertainty,False,0.2,histgb,False,histgb_start2_every_sample_selected,100,10
invalid_answer_driven_uncertainty,False,0.5,histgb,False,histgb_start2_every_sample_selected,101,2
unnecessary_continuation_in_hindsight,True,0.0,histgb,True,histgb_start2_every_sample_selected,102,4
correct_early_stop,True,0.0,histgb,True,histgb_start2_every_sample_selected,102,4
stable_wrong_despite_max_compute,False,0.5625,histgb,False,histgb_start2_every_sample_selected,103,16
invalid_answer_driven_uncertainty,False,0.5625,histgb,False,histgb_start2_every_sample_selected,103,16
correct_early_stop,True,0.0,histgb,True,histgb_start2_every_sample_selected,106,2
unnecessary_continuation_in_hindsight,True,0.0,histgb,True,histgb_start2_every_sample_selected,107,6
correct_early_stop,True,0.0,histgb,True,histgb_start2_every_sample_selected,107,6
unnecessary_continuation_in_hindsight,True,0.0,histgb,True,histgb_start2_every_sample_selected,108,4
correct_early_stop,True,0.0,histgb,True,histgb_start2_every_sample_selected,108,4
stable_wrong_despite_max_compute,False,0.5625,histgb,False,histgb_start2_every_sample_selected,109,16
invalid_answer_driven_uncertainty,False,0.5625,histgb,False,histgb_start2_every_sample_selected,109,16
invalid_answer_driven_uncertainty,False,0.8,histgb,False,histgb_start2_every_sample_selected,110,5
correct_early_stop,True,0.0,histgb,True,histgb_start2_every_sample_selected,111,2
correct_early_stop,True,0.0,histgb,True,histgb_start2_every_sample_selected,112,4
correct_early_stop,True,0.0,histgb,True,histgb_start2_every_sample_selected,113,2
correct_early_stop,True,0.0,histgb,True,histgb_start2_every_sample_selected,114,2
unnecessary_continuation_in_hindsight,False,0.0,histgb,False,histgb_start2_every_sample_selected,115,11
correct_early_stop,True,0.0,histgb,True,histgb_start2_every_sample_selected,116,2
unnecessary_continuation_in_hindsight,True,0.0,histgb,True,histgb_start2_every_sample_selected,117,4
correct_early_stop,True,0.0,histgb,True,histgb_start2_every_sample_selected,117,4
unnecessary_continuation_in_hindsight,True,0.4,histgb,True,histgb_start2_every_sample_selected,118,5
correct_early_stop,True,0.4,histgb,True,histgb_start2_every_sample_selected,118,5
invalid_answer_driven_uncertainty,True,0.4,histgb,True,histgb_start2_every_sample_selected,118,5
unnecessary_continuation_in_hindsight,True,0.0,histgb,True,histgb_start2_every_sample_selected,119,8
correct_early_stop,True,0.0,histgb,True,histgb_start2_every_sample_selected,119,8
unnecessary_continuation_in_hindsight,False,0.0,histgb,False,histgb_start2_every_sample_selected,120,4
correct_early_stop,True,0.0,histgb,True,histgb_start2_every_sample_selected,121,2
correct_early_stop,True,0.0,histgb,True,histgb_start2_every_sample_selected,122,2
invalid_answer_driven_uncertainty,False,0.3,histgb,False,histgb_start2_every_sample_selected,123,10
correct_early_stop,True,0.0,histgb,True,histgb_start2_every_sample_selected,124,2
correct_early_stop,True,0.0,histgb,True,histgb_start2_every_sample_selected,125,2
invalid_answer_driven_uncertainty,False,0.5,histgb,False,histgb_start2_every_sample_selected,126,2
correct_early_stop,True,0.0,histgb,True,histgb_start2_every_sample_selected,127,2
unnecessary_continuation_in_hindsight,True,0.0,histgb,True,histgb_start2_every_sample_selected,128,4
correct_early_stop,True,0.0,histgb,True,histgb_start2_every_sample_selected,128,4
correct_early_stop,True,0.0,histgb,True,histgb_start2_every_sample_selected,129,6
correct_early_stop,True,0.0,histgb,True,histgb_start2_every_sample_selected,130,2
correct_early_stop,True,0.0,histgb,True,histgb_start2_every_sample_selected,131,2
correct_early_stop,True,0.0,histgb,True,histgb_start2_every_sample_selected,132,2
correct_early_stop,True,0.0,histgb,True,histgb_start2_every_sample_selected,133,2
correct_early_stop,True,0.0,histgb,True,histgb_start2_every_sample_selected,134,2
correct_early_stop,True,0.0,histgb,True,histgb_start2_every_sample_selected,135,2
correct_early_stop,True,0.8333333333333334,histgb,True,histgb_start2_every_sample_selected,136,6
invalid_answer_driven_uncertainty,True,0.8333333333333334,histgb,True,histgb_start2_every_sample_selected,136,6
correct_early_stop,True,0.0,histgb,True,histgb_start2_every_sample_selected,137,2
invalid_answer_driven_uncertainty,False,0.375,histgb,False,histgb_start2_every_sample_selected,138,8
correct_early_stop,True,0.0,histgb,True,histgb_start2_every_sample_selected,139,2
correct_early_stop,True,0.0,histgb,True,histgb_start2_every_sample_selected,140,2
unnecessary_continuation_in_hindsight,True,0.0,histgb,True,histgb_start2_every_sample_selected,141,3
correct_early_stop,True,0.0,histgb,True,histgb_start2_every_sample_selected,141,3
unnecessary_continuation_in_hindsight,True,0.0,histgb,True,histgb_start2_every_sample_selected,142,4
correct_early_stop,True,0.0,histgb,True,histgb_start2_every_sample_selected,142,4
unnecessary_continuation_in_hindsight,True,0.0,histgb,True,histgb_start2_every_sample_selected,143,4
correct_early_stop,True,0.0,histgb,True,histgb_start2_every_sample_selected,143,4
correct_early_stop,True,0.0,histgb,True,histgb_start2_every_sample_selected,144,2
unnecessary_continuation_in_hindsight,True,0.0,histgb,True,histgb_start2_every_sample_selected,145,9
correct_early_stop,True,0.0,histgb,True,histgb_start2_every_sample_selected,145,9
correct_early_stop,True,0.0,histgb,True,histgb_start2_every_sample_selected,146,2
unnecessary_continuation_in_hindsight,True,0.0,histgb,True,histgb_start2_every_sample_selected,148,3
correct_early_stop,True,0.0,histgb,True,histgb_start2_every_sample_selected,148,3
unnecessary_continuation_in_hindsight,True,0.0,histgb,True,histgb_start2_every_sample_selected,149,4
correct_early_stop,True,0.0,histgb,True,histgb_start2_every_sample_selected,149,4
invalid_answer_driven_uncertainty,False,0.6666666666666666,histgb,False,histgb_start2_every_sample_selected,150,6
correct_early_stop,True,0.0,histgb,True,histgb_start2_every_sample_selected,151,2
correct_early_stop,True,0.0,histgb,True,histgb_start2_every_sample_selected,153,2
unnecessary_continuation_in_hindsight,False,0.0,histgb,False,histgb_start2_every_sample_selected,154,10
correct_early_stop,True,0.0,histgb,True,histgb_start2_every_sample_selected,155,2
unnecessary_continuation_in_hindsight,False,0.3333333333333333,histgb,False,histgb_start2_every_sample_selected,156,3
invalid_answer_driven_uncertainty,False,0.3333333333333333,histgb,False,histgb_start2_every_sample_selected,156,3
correct_early_stop,True,0.0,histgb,True,histgb_start2_every_sample_selected,157,2
correct_early_stop,True,0.0,histgb,True,histgb_start2_every_sample_selected,158,2
correct_early_stop,True,0.0,histgb,True,histgb_start2_every_sample_selected,159,2
correct_early_stop,True,0.0,histgb,True,histgb_start2_every_sample_selected,160,2
correct_early_stop,True,0.0,histgb,True,histgb_start2_every_sample_selected,161,2
correct_early_stop,True,0.0,histgb,True,histgb_start2_every_sample_selected,162,2
correct_early_stop,True,0.0,histgb,True,histgb_start2_every_sample_selected,163,2
correct_early_stop,True,0.0,histgb,True,histgb_start2_every_sample_selected,165,2
correct_early_stop,True,0.0,histgb,True,histgb_start2_every_sample_selected,166,7
unnecessary_continuation_in_hindsight,True,0.0,histgb,True,histgb_start2_every_sample_selected,167,4
correct_early_stop,True,0.0,histgb,True,histgb_start2_every_sample_selected,167,4
invalid_answer_driven_uncertainty,False,0.5,histgb,False,histgb_start2_every_sample_selected,168,2
correct_early_stop,True,0.0,histgb,True,histgb_start2_every_sample_selected,169,2
invalid_answer_driven_uncertainty,False,0.5,histgb,False,histgb_start2_every_sample_selected,170,2
correct_early_stop,True,0.0,histgb,True,histgb_start2_every_sample_selected,171,2
correct_early_stop,True,0.0,histgb,True,histgb_start2_every_sample_selected,172,2
unnecessary_continuation_in_hindsight,True,0.0,histgb,True,histgb_start2_every_sample_selected,173,4
correct_early_stop,True,0.0,histgb,True,histgb_start2_every_sample_selected,173,4
correct_early_stop,True,0.0,histgb,True,histgb_start2_every_sample_selected,174,2
correct_early_stop,True,0.0,histgb,True,histgb_start2_every_sample_selected,175,2
unnecessary_continuation_in_hindsight,True,0.0,histgb,True,histgb_start2_every_sample_selected,176,3
correct_early_stop,True,0.0,histgb,True,histgb_start2_every_sample_selected,176,3
unnecessary_continuation_in_hindsight,False,0.0,histgb,False,histgb_start2_every_sample_selected,177,4
correct_early_stop,True,0.0,histgb,True,histgb_start2_every_sample_selected,178,2
unnecessary_continuation_in_hindsight,True,0.2,histgb,True,histgb_start2_every_sample_selected,179,10
correct_early_stop,True,0.2,histgb,True,histgb_start2_every_sample_selected,179,10
invalid_answer_driven_uncertainty,True,0.2,histgb,True,histgb_start2_every_sample_selected,179,10
premature_stop_missed_recovery,False,0.0,histgb,True,histgb_start2_every_sample_selected,180,6
unnecessary_continuation_in_hindsight,True,0.0,histgb,True,histgb_start2_every_sample_selected,181,4
correct_early_stop,True,0.0,histgb,True,histgb_start2_every_sample_selected,181,4
correct_early_stop,True,0.0,histgb,True,histgb_start2_every_sample_selected,182,2
correct_early_stop,True,0.0,histgb,True,histgb_start2_every_sample_selected,183,2
correct_early_stop,True,0.0,histgb,True,histgb_start2_every_sample_selected,185,2
correct_early_stop,True,0.0,histgb,True,histgb_start2_every_sample_selected,186,2
unnecessary_continuation_in_hindsight,True,0.0,histgb,True,histgb_start2_every_sample_selected,187,3
correct_early_stop,True,0.0,histgb,True,histgb_start2_every_sample_selected,187,3
correct_early_stop,True,0.0,histgb,True,histgb_start2_every_sample_selected,188,2
premature_stop_missed_recovery,False,0.2,histgb,True,histgb_start2_every_sample_selected,189,5
invalid_answer_driven_uncertainty,False,0.2,histgb,True,histgb_start2_every_sample_selected,189,5
unnecessary_continuation_in_hindsight,True,0.0,histgb,False,histgb_start2_every_sample_selected,190,4
correct_early_stop,True,0.0,histgb,False,histgb_start2_every_sample_selected,190,4
regression_avoided,True,0.0,histgb,False,histgb_start2_every_sample_selected,190,4
correct_early_stop,True,0.0,histgb,True,histgb_start2_every_sample_selected,191,2
correct_early_stop,True,0.0,histgb,True,histgb_start2_every_sample_selected,192,2
correct_early_stop,True,0.0,histgb,True,histgb_start2_every_sample_selected,193,2
correct_early_stop,True,0.0,histgb,True,histgb_start2_every_sample_selected,194,2
unnecessary_continuation_in_hindsight,True,0.0,histgb,True,histgb_start2_every_sample_selected,195,4
correct_early_stop,True,0.0,histgb,True,histgb_start2_every_sample_selected,195,4
correct_early_stop,True,0.0,histgb,True,histgb_start2_every_sample_selected,196,2
unnecessary_continuation_in_hindsight,True,0.0,histgb,True,histgb_start2_every_sample_selected,197,4
correct_early_stop,True,0.0,histgb,True,histgb_start2_every_sample_selected,197,4
correct_early_stop,True,0.0,histgb,True,histgb_start2_every_sample_selected,198,2
correct_early_stop,True,0.0,histgb,True,histgb_start2_every_sample_selected,199,2
correct_early_stop,True,0.0,histgb,True,histgb_start2_every_sample_selected,200,2
correct_early_stop,True,0.0,histgb,True,histgb_start2_every_sample_selected,201,2
correct_early_stop,True,0.0,histgb,True,histgb_start2_every_sample_selected,202,2
correct_early_stop,True,0.0,histgb,True,histgb_start2_every_sample_selected,203,2
unnecessary_continuation_in_hindsight,False,0.0,histgb,False,histgb_start2_every_sample_selected,204,6
correct_early_stop,True,0.0,histgb,True,histgb_start2_every_sample_selected,205,2
correct_early_stop,True,0.0,histgb,True,histgb_start2_every_sample_selected,206,2
correct_early_stop,True,0.0,histgb,True,histgb_start2_every_sample_selected,207,2
correct_early_stop,True,0.0,histgb,True,histgb_start2_every_sample_selected,208,2
unnecessary_continuation_in_hindsight,True,0.0,histgb,True,histgb_start2_every_sample_selected,209,4
correct_early_stop,True,0.0,histgb,True,histgb_start2_every_sample_selected,209,4
unnecessary_continuation_in_hindsight,True,0.0,histgb,True,histgb_start2_every_sample_selected,210,9
correct_early_stop,True,0.0,histgb,True,histgb_start2_every_sample_selected,210,9
unnecessary_continuation_in_hindsight,True,0.0,histgb,True,histgb_start2_every_sample_selected,211,3
correct_early_stop,True,0.0,histgb,True,histgb_start2_every_sample_selected,211,3
unnecessary_continuation_in_hindsight,True,0.0,histgb,True,histgb_start2_every_sample_selected,212,3
correct_early_stop,True,0.0,histgb,True,histgb_start2_every_sample_selected,212,3
invalid_answer_driven_uncertainty,False,0.5,histgb,False,histgb_start2_every_sample_selected,213,2
unnecessary_continuation_in_hindsight,False,0.08333333333333333,histgb,False,histgb_start2_every_sample_selected,214,12
invalid_answer_driven_uncertainty,False,0.08333333333333333,histgb,False,histgb_start2_every_sample_selected,214,12
correct_early_stop,True,0.0,histgb,True,histgb_start2_every_sample_selected,215,2
correct_early_stop,True,0.0,histgb,True,histgb_start2_every_sample_selected,216,2
correct_early_stop,True,0.0,histgb,True,histgb_start2_every_sample_selected,218,2
unnecessary_continuation_in_hindsight,True,0.0,histgb,True,histgb_start2_every_sample_selected,219,8
correct_early_stop,True,0.0,histgb,True,histgb_start2_every_sample_selected,219,8
unnecessary_continuation_in_hindsight,True,0.0,histgb,True,histgb_start2_every_sample_selected,221,4
correct_early_stop,True,0.0,histgb,True,histgb_start2_every_sample_selected,221,4
correct_early_stop,True,0.0,histgb,True,histgb_start2_every_sample_selected,223,2
invalid_answer_driven_uncertainty,False,0.5,histgb,False,histgb_start2_every_sample_selected,224,2
unnecessary_continuation_in_hindsight,True,0.0,histgb,True,histgb_start2_every_sample_selected,225,4
correct_early_stop,True,0.0,histgb,True,histgb_start2_every_sample_selected,225,4
correct_early_stop,True,0.0,histgb,True,histgb_start2_every_sample_selected,226,2
unnecessary_continuation_in_hindsight,True,0.0,histgb,True,histgb_start2_every_sample_selected,227,3
correct_early_stop,True,0.0,histgb,True,histgb_start2_every_sample_selected,227,3
correct_early_stop,True,0.6153846153846154,histgb,True,histgb_start2_every_sample_selected,228,13
invalid_answer_driven_uncertainty,True,0.6153846153846154,histgb,True,histgb_start2_every_sample_selected,228,13
correct_early_stop,True,0.0,histgb,True,histgb_start2_every_sample_selected,229,2
correct_early_stop,True,0.0,histgb,True,histgb_start2_every_sample_selected,230,2
correct_early_stop,True,0.0,histgb,True,histgb_start2_every_sample_selected,231,2
correct_early_stop,True,0.0,histgb,True,histgb_start2_every_sample_selected,232,5
correct_early_stop,True,0.0,histgb,True,histgb_start2_every_sample_selected,233,2
premature_stop_missed_recovery,False,0.0,histgb,True,histgb_start2_every_sample_selected,234,2
correct_early_stop,True,0.0,histgb,True,histgb_start2_every_sample_selected,235,2
stable_wrong_despite_max_compute,False,0.25,histgb,False,histgb_start2_every_sample_selected,236,16
invalid_answer_driven_uncertainty,False,0.25,histgb,False,histgb_start2_every_sample_selected,236,16
correct_early_stop,True,0.0,histgb,True,histgb_start2_every_sample_selected,237,2
correct_early_stop,True,0.0,histgb,True,histgb_start2_every_sample_selected,238,2
unnecessary_continuation_in_hindsight,False,1.0,histgb,False,histgb_start2_every_sample_selected,239,16
stable_wrong_despite_max_compute,False,1.0,histgb,False,histgb_start2_every_sample_selected,239,16
invalid_answer_driven_uncertainty,False,1.0,histgb,False,histgb_start2_every_sample_selected,239,16
correct_early_stop,True,0.0,histgb,True,histgb_start2_every_sample_selected,241,2
correct_early_stop,True,0.0,histgb,True,histgb_start2_every_sample_selected,243,2
correct_early_stop,True,0.0,histgb,True,histgb_start2_every_sample_selected,244,2
unnecessary_continuation_in_hindsight,False,0.0,histgb,False,histgb_start2_every_sample_selected,245,6
correct_early_stop,True,0.0,histgb,True,histgb_start2_every_sample_selected,246,2
correct_early_stop,True,0.0,histgb,True,histgb_start2_every_sample_selected,247,2
unnecessary_continuation_in_hindsight,False,1.0,histgb,False,histgb_start2_every_sample_selected,248,16
stable_wrong_despite_max_compute,False,1.0,histgb,False,histgb_start2_every_sample_selected,248,16
invalid_answer_driven_uncertainty,False,1.0,histgb,False,histgb_start2_every_sample_selected,248,16
invalid_answer_driven_uncertainty,False,0.5,histgb,False,histgb_start2_every_sample_selected,249,2
correct_early_stop,True,0.0,histgb,True,histgb_start2_every_sample_selected,250,2
unnecessary_continuation_in_hindsight,True,0.0,histgb,True,histgb_start2_every_sample_selected,251,4
correct_early_stop,True,0.0,histgb,True,histgb_start2_every_sample_selected,251,4
correct_early_stop,True,0.0,histgb,True,histgb_start2_every_sample_selected,252,2
unnecessary_continuation_in_hindsight,True,0.0,histgb,True,histgb_start2_every_sample_selected,253,3
correct_early_stop,True,0.0,histgb,True,histgb_start2_every_sample_selected,253,3
unnecessary_continuation_in_hindsight,True,0.0,histgb,True,histgb_start2_every_sample_selected,254,4
correct_early_stop,True,0.0,histgb,True,histgb_start2_every_sample_selected,254,4
correct_early_stop,True,0.0,histgb,True,histgb_start2_every_sample_selected,255,2
correct_early_stop,True,0.0,histgb,True,histgb_start2_every_sample_selected,256,2
unnecessary_continuation_in_hindsight,True,0.0,histgb,True,histgb_start2_every_sample_selected,257,4
correct_early_stop,True,0.0,histgb,True,histgb_start2_every_sample_selected,257,4
correct_early_stop,True,0.0,histgb,True,histgb_start2_every_sample_selected,258,2
correct_early_stop,True,0.0,histgb,True,histgb_start2_every_sample_selected,259,2
unnecessary_continuation_in_hindsight,True,0.0,histgb,True,histgb_start2_every_sample_selected,260,4
correct_early_stop,True,0.0,histgb,True,histgb_start2_every_sample_selected,260,4
unnecessary_continuation_in_hindsight,True,0.0,histgb,True,histgb_start2_every_sample_selected,261,4
correct_early_stop,True,0.0,histgb,True,histgb_start2_every_sample_selected,261,4
correct_early_stop,True,0.0,histgb,True,histgb_start2_every_sample_selected,262,2
correct_early_stop,True,0.0,histgb,True,histgb_start2_every_sample_selected,263,2
unnecessary_continuation_in_hindsight,False,0.1,histgb,False,histgb_start2_every_sample_selected,264,10
invalid_answer_driven_uncertainty,False,0.1,histgb,False,histgb_start2_every_sample_selected,264,10
correct_early_stop,True,0.0,histgb,True,histgb_start2_every_sample_selected,265,2
premature_stop_missed_recovery,False,0.0,histgb,True,histgb_start2_every_sample_selected,266,2
correct_early_stop,True,0.0,histgb,True,histgb_start2_every_sample_selected,267,7
correct_early_stop,True,0.0,histgb,True,histgb_start2_every_sample_selected,268,2
correct_early_stop,True,0.0,histgb,True,histgb_start2_every_sample_selected,269,2
correct_early_stop,True,0.0,histgb,True,histgb_start2_every_sample_selected,270,2
correct_early_stop,True,0.0,histgb,True,histgb_start2_every_sample_selected,271,2
correct_early_stop,True,0.0,histgb,True,histgb_start2_every_sample_selected,272,2
unnecessary_continuation_in_hindsight,True,0.0,histgb,True,histgb_start2_every_sample_selected,273,4
correct_early_stop,True,0.0,histgb,True,histgb_start2_every_sample_selected,273,4
correct_early_stop,True,0.0,histgb,True,histgb_start2_every_sample_selected,275,2
correct_early_stop,True,0.0,histgb,True,histgb_start2_every_sample_selected,276,2
correct_early_stop,True,0.0,histgb,True,histgb_start2_every_sample_selected,277,2
correct_early_stop,True,0.0,histgb,True,histgb_start2_every_sample_selected,278,2
premature_stop_missed_recovery,False,0.0,histgb,True,histgb_start2_every_sample_selected,279,2
correct_early_stop,True,0.0,histgb,True,histgb_start2_every_sample_selected,280,2
correct_early_stop,True,0.0,histgb,True,histgb_start2_every_sample_selected,281,7
correct_early_stop,True,0.0,histgb,True,histgb_start2_every_sample_selected,283,2
invalid_answer_driven_uncertainty,False,0.06666666666666667,histgb,False,histgb_start2_every_sample_selected,284,15
stable_wrong_despite_max_compute,False,0.8125,histgb,False,histgb_start2_every_sample_selected,285,16
invalid_answer_driven_uncertainty,False,0.8125,histgb,False,histgb_start2_every_sample_selected,285,16
invalid_answer_driven_uncertainty,False,0.5,histgb,False,histgb_start2_every_sample_selected,286,2
correct_early_stop,True,0.0,histgb,True,histgb_start2_every_sample_selected,287,2
invalid_answer_driven_uncertainty,False,0.5,histgb,False,histgb_start2_every_sample_selected,288,2
correct_early_stop,True,0.0,histgb,True,histgb_start2_every_sample_selected,289,2
unnecessary_continuation_in_hindsight,True,0.5,histgb,True,histgb_start2_every_sample_selected,290,10
correct_early_stop,True,0.5,histgb,True,histgb_start2_every_sample_selected,290,10
invalid_answer_driven_uncertainty,True,0.5,histgb,True,histgb_start2_every_sample_selected,290,10
unnecessary_continuation_in_hindsight,True,0.0,histgb,True,histgb_start2_every_sample_selected,291,12
correct_early_stop,True,0.0,histgb,True,histgb_start2_every_sample_selected,291,12
invalid_answer_driven_uncertainty,False,0.5,histgb,False,histgb_start2_every_sample_selected,292,2
unnecessary_continuation_in_hindsight,True,0.0,histgb,True,histgb_start2_every_sample_selected,293,4
correct_early_stop,True,0.0,histgb,True,histgb_start2_every_sample_selected,293,4
correct_early_stop,True,0.0,histgb,True,histgb_start2_every_sample_selected,294,6
unnecessary_continuation_in_hindsight,False,0.0,histgb,False,histgb_start2_every_sample_selected,295,4
correct_early_stop,True,0.0,histgb,True,histgb_start2_every_sample_selected,297,2
premature_stop_missed_recovery,False,0.5,histgb,True,histgb_start2_every_sample_selected,298,2
invalid_answer_driven_uncertainty,False,0.5,histgb,True,histgb_start2_every_sample_selected,298,2
unnecessary_continuation_in_hindsight,True,0.0,histgb,True,histgb_start2_every_sample_selected,299,4
correct_early_stop,True,0.0,histgb,True,histgb_start2_every_sample_selected,299,4
correct_early_stop,True,0.0,histgb,True,histgb_start2_every_sample_selected,300,2
premature_stop_missed_recovery,False,0.0,histgb,True,histgb_start2_every_sample_selected,302,5
unnecessary_continuation_in_hindsight,False,0.0,histgb,True,histgb_start2_every_sample_selected,302,5
unnecessary_continuation_in_hindsight,False,0.2,histgb,False,histgb_start2_every_sample_selected,303,5
invalid_answer_driven_uncertainty,False,0.2,histgb,False,histgb_start2_every_sample_selected,303,5
correct_early_stop,True,0.0,histgb,True,histgb_start2_every_sample_selected,304,2
correct_early_stop,True,0.0,histgb,True,histgb_start2_every_sample_selected,305,2
unnecessary_continuation_in_hindsight,False,0.0,histgb,False,histgb_start2_every_sample_selected,306,8
correct_early_stop,True,0.0,histgb,True,histgb_start2_every_sample_selected,307,2
correct_early_stop,True,0.0,histgb,True,histgb_start2_every_sample_selected,310,2
unnecessary_continuation_in_hindsight,True,0.0,histgb,True,histgb_start2_every_sample_selected,311,3
correct_early_stop,True,0.0,histgb,True,histgb_start2_every_sample_selected,311,3
correct_early_stop,True,0.0,histgb,True,histgb_start2_every_sample_selected,312,2
correct_early_stop,True,0.0,histgb,True,histgb_start2_every_sample_selected,313,2
correct_early_stop,True,0.0,histgb,True,histgb_start2_every_sample_selected,314,2
unnecessary_continuation_in_hindsight,True,0.0,histgb,True,histgb_start2_every_sample_selected,315,4
correct_early_stop,True,0.0,histgb,True,histgb_start2_every_sample_selected,315,4
correct_early_stop,True,0.0,histgb,True,histgb_start2_every_sample_selected,316,2
correct_early_stop,True,0.0,histgb,True,histgb_start2_every_sample_selected,318,2
correct_early_stop,True,0.0,histgb,True,histgb_start2_every_sample_selected,319,2
correct_early_stop,True,0.0,histgb,True,histgb_start2_every_sample_selected,320,2
correct_early_stop,True,0.0,histgb,True,histgb_start2_every_sample_selected,321,2
correct_early_stop,True,0.0,histgb,True,histgb_start2_every_sample_selected,322,2
correct_early_stop,True,0.0,histgb,True,histgb_start2_every_sample_selected,323,2
correct_early_stop,True,0.0,histgb,True,histgb_start2_every_sample_selected,324,6
correct_early_stop,True,0.0,histgb,True,histgb_start2_every_sample_selected,325,2
correct_early_stop,True,0.8333333333333334,histgb,True,histgb_start2_every_sample_selected,326,6
invalid_answer_driven_uncertainty,True,0.8333333333333334,histgb,True,histgb_start2_every_sample_selected,326,6
unnecessary_continuation_in_hindsight,False,0.5,histgb,False,histgb_start2_every_sample_selected,327,6
invalid_answer_driven_uncertainty,False,0.5,histgb,False,histgb_start2_every_sample_selected,327,6
unnecessary_continuation_in_hindsight,True,0.0,histgb,True,histgb_start2_every_sample_selected,328,10
correct_early_stop,True,0.0,histgb,True,histgb_start2_every_sample_selected,328,10
correct_early_stop,True,0.0,histgb,True,histgb_start2_every_sample_selected,329,2
correct_early_stop,True,0.0,histgb,True,histgb_start2_every_sample_selected,330,2
unnecessary_continuation_in_hindsight,True,0.0,histgb,True,histgb_start2_every_sample_selected,331,6
correct_early_stop,True,0.0,histgb,True,histgb_start2_every_sample_selected,331,6
premature_stop_missed_recovery,False,0.0,histgb,True,histgb_start2_every_sample_selected,332,8
unnecessary_continuation_in_hindsight,True,0.6666666666666666,histgb,True,histgb_start2_every_sample_selected,333,3
correct_early_stop,True,0.6666666666666666,histgb,True,histgb_start2_every_sample_selected,333,3
invalid_answer_driven_uncertainty,True,0.6666666666666666,histgb,True,histgb_start2_every_sample_selected,333,3
correct_early_stop,True,0.0,histgb,True,histgb_start2_every_sample_selected,334,2
unnecessary_continuation_in_hindsight,True,0.0,histgb,True,histgb_start2_every_sample_selected,335,4
correct_early_stop,True,0.0,histgb,True,histgb_start2_every_sample_selected,335,4
correct_early_stop,True,0.0,histgb,True,histgb_start2_every_sample_selected,336,2
unnecessary_continuation_in_hindsight,True,0.0,histgb,True,histgb_start2_every_sample_selected,337,4
correct_early_stop,True,0.0,histgb,True,histgb_start2_every_sample_selected,337,4
correct_early_stop,True,0.0,histgb,True,histgb_start2_every_sample_selected,338,2
unnecessary_continuation_in_hindsight,True,0.0,histgb,True,histgb_start2_every_sample_selected,339,6
correct_early_stop,True,0.0,histgb,True,histgb_start2_every_sample_selected,339,6
unnecessary_continuation_in_hindsight,False,1.0,histgb,False,histgb_start2_every_sample_selected,340,16
stable_wrong_despite_max_compute,False,1.0,histgb,False,histgb_start2_every_sample_selected,340,16
invalid_answer_driven_uncertainty,False,1.0,histgb,False,histgb_start2_every_sample_selected,340,16
correct_early_stop,True,0.0,histgb,True,histgb_start2_every_sample_selected,341,2
correct_early_stop,True,0.0,histgb,True,histgb_start2_every_sample_selected,342,2
correct_early_stop,True,0.0,histgb,True,histgb_start2_every_sample_selected,343,2
correct_early_stop,True,0.0,histgb,True,histgb_start2_every_sample_selected,344,2
correct_early_stop,True,0.0,histgb,True,histgb_start2_every_sample_selected,345,2
correct_early_stop,True,0.0,histgb,True,histgb_start2_every_sample_selected,346,2
correct_early_stop,True,0.0,histgb,True,histgb_start2_every_sample_selected,347,2
unnecessary_continuation_in_hindsight,True,0.0,histgb,True,histgb_start2_every_sample_selected,348,4
correct_early_stop,True,0.0,histgb,True,histgb_start2_every_sample_selected,348,4
correct_early_stop,True,0.0,histgb,True,histgb_start2_every_sample_selected,350,2
invalid_answer_driven_uncertainty,False,0.5,histgb,False,histgb_start2_every_sample_selected,352,2
correct_early_stop,True,0.0,histgb,True,histgb_start2_every_sample_selected,353,2
correct_early_stop,True,0.0,histgb,True,histgb_start2_every_sample_selected,354,2
unnecessary_continuation_in_hindsight,False,0.0,histgb,False,histgb_start2_every_sample_selected,355,3
correct_early_stop,True,0.0,histgb,True,histgb_start2_every_sample_selected,356,2
premature_stop_missed_recovery,False,0.0,histgb,True,histgb_start2_every_sample_selected,357,5
unnecessary_continuation_in_hindsight,False,0.0,histgb,True,histgb_start2_every_sample_selected,357,5
unnecessary_continuation_in_hindsight,False,0.0,histgb,False,histgb_start2_every_sample_selected,358,9
correct_early_stop,True,0.0,histgb,True,histgb_start2_every_sample_selected,359,2
correct_early_stop,True,0.0,histgb,True,histgb_start2_every_sample_selected,360,2
correct_early_stop,True,0.0,histgb,True,histgb_start2_every_sample_selected,361,2
correct_early_stop,True,0.0,histgb,True,histgb_start2_every_sample_selected,362,2
correct_early_stop,True,0.0,histgb,True,histgb_start2_every_sample_selected,363,2
correct_early_stop,True,0.0,histgb,True,histgb_start2_every_sample_selected,364,2
correct_early_stop,True,0.0,histgb,True,histgb_start2_every_sample_selected,366,2
unnecessary_continuation_in_hindsight,True,0.0,histgb,True,histgb_start2_every_sample_selected,367,3
correct_early_stop,True,0.0,histgb,True,histgb_start2_every_sample_selected,367,3
correct_early_stop,True,0.0,histgb,True,histgb_start2_every_sample_selected,368,2
correct_early_stop,True,0.0,histgb,True,histgb_start2_every_sample_selected,370,2
invalid_answer_driven_uncertainty,True,0.1875,histgb,True,histgb_start2_every_sample_selected,371,16
unnecessary_continuation_in_hindsight,True,0.0,histgb,True,histgb_start2_every_sample_selected,373,4
correct_early_stop,True,0.0,histgb,True,histgb_start2_every_sample_selected,373,4
correct_early_stop,True,0.0,histgb,True,histgb_start2_every_sample_selected,374,2
correct_early_stop,True,0.0,histgb,True,histgb_start2_every_sample_selected,375,2
unnecessary_continuation_in_hindsight,True,0.4,histgb,True,histgb_start2_every_sample_selected,376,5
correct_early_stop,True,0.4,histgb,True,histgb_start2_every_sample_selected,376,5
invalid_answer_driven_uncertainty,True,0.4,histgb,True,histgb_start2_every_sample_selected,376,5
unnecessary_continuation_in_hindsight,True,0.0,histgb,True,histgb_start2_every_sample_selected,377,4
correct_early_stop,True,0.0,histgb,True,histgb_start2_every_sample_selected,377,4
unnecessary_continuation_in_hindsight,True,0.14285714285714285,histgb,True,histgb_start2_every_sample_selected,378,7
correct_early_stop,True,0.14285714285714285,histgb,True,histgb_start2_every_sample_selected,378,7
invalid_answer_driven_uncertainty,True,0.14285714285714285,histgb,True,histgb_start2_every_sample_selected,378,7
correct_early_stop,True,0.0,histgb,True,histgb_start2_every_sample_selected,379,2
premature_stop_missed_recovery,False,0.0,histgb,True,histgb_start2_every_sample_selected,380,2
unnecessary_continuation_in_hindsight,False,0.16666666666666666,histgb,False,histgb_start2_every_sample_selected,381,6
invalid_answer_driven_uncertainty,False,0.16666666666666666,histgb,False,histgb_start2_every_sample_selected,381,6
unnecessary_continuation_in_hindsight,True,0.0,histgb,True,histgb_start2_every_sample_selected,382,4
correct_early_stop,True,0.0,histgb,True,histgb_start2_every_sample_selected,382,4
unnecessary_continuation_in_hindsight,True,0.0,histgb,True,histgb_start2_every_sample_selected,383,4
correct_early_stop,True,0.0,histgb,True,histgb_start2_every_sample_selected,383,4
correct_early_stop,True,0.0,histgb,True,histgb_start2_every_sample_selected,384,2
premature_stop_missed_recovery,False,0.0,histgb,True,histgb_start2_every_sample_selected,385,2
correct_early_stop,True,0.0,histgb,True,histgb_start2_every_sample_selected,386,2
correct_early_stop,True,0.0,histgb,True,histgb_start2_every_sample_selected,387,2
unnecessary_continuation_in_hindsight,True,0.0,histgb,True,histgb_start2_every_sample_selected,388,7
correct_early_stop,True,0.0,histgb,True,histgb_start2_every_sample_selected,388,7
correct_early_stop,True,0.0,histgb,True,histgb_start2_every_sample_selected,389,8
correct_early_stop,True,0.0,histgb,True,histgb_start2_every_sample_selected,390,10
unnecessary_continuation_in_hindsight,True,0.2,histgb,True,histgb_start2_every_sample_selected,391,5
correct_early_stop,True,0.2,histgb,True,histgb_start2_every_sample_selected,391,5
invalid_answer_driven_uncertainty,True,0.2,histgb,True,histgb_start2_every_sample_selected,391,5
correct_early_stop,True,0.0,histgb,True,histgb_start2_every_sample_selected,393,2
correct_early_stop,True,0.2857142857142857,histgb,True,histgb_start2_every_sample_selected,394,7
invalid_answer_driven_uncertainty,True,0.2857142857142857,histgb,True,histgb_start2_every_sample_selected,394,7
unnecessary_continuation_in_hindsight,True,0.0,histgb,True,histgb_start2_every_sample_selected,395,3
correct_early_stop,True,0.0,histgb,True,histgb_start2_every_sample_selected,395,3
correct_early_stop,True,0.0,histgb,True,histgb_start2_every_sample_selected,396,2
correct_early_stop,True,0.0,histgb,True,histgb_start2_every_sample_selected,397,2
correct_early_stop,True,0.0,histgb,True,histgb_start2_every_sample_selected,399,2
premature_stop_missed_recovery,False,0.0,histgb,True,histgb_start2_every_sample_selected,400,8
invalid_answer_driven_uncertainty,False,0.8333333333333334,histgb,False,histgb_start2_every_sample_selected,401,6
correct_early_stop,True,0.0,histgb,True,histgb_start2_every_sample_selected,402,2
correct_early_stop,True,0.0,histgb,True,histgb_start2_every_sample_selected,404,2
correct_early_stop,True,0.0,histgb,True,histgb_start2_every_sample_selected,405,2
correct_early_stop,True,0.0,histgb,True,histgb_start2_every_sample_selected,406,2
unnecessary_continuation_in_hindsight,True,0.0,histgb,True,histgb_start2_every_sample_selected,407,3
correct_early_stop,True,0.0,histgb,True,histgb_start2_every_sample_selected,407,3
invalid_answer_driven_uncertainty,True,0.875,histgb,True,histgb_start2_every_sample_selected,408,16
correct_early_stop,True,0.0,histgb,True,histgb_start2_every_sample_selected,409,2
correct_early_stop,True,0.0,histgb,True,histgb_start2_every_sample_selected,410,2
correct_early_stop,True,0.0,histgb,True,histgb_start2_every_sample_selected,411,2
stable_wrong_despite_max_compute,False,0.625,histgb,False,histgb_start2_every_sample_selected,412,16
invalid_answer_driven_uncertainty,False,0.625,histgb,False,histgb_start2_every_sample_selected,412,16
correct_early_stop,True,0.0,histgb,True,histgb_start2_every_sample_selected,413,2
correct_early_stop,True,0.0,histgb,True,histgb_start2_every_sample_selected,414,2
correct_early_stop,True,0.0,histgb,True,histgb_start2_every_sample_selected,415,2
correct_early_stop,True,0.0,histgb,True,histgb_start2_every_sample_selected,416,2
correct_early_stop,True,0.0,histgb,True,histgb_start2_every_sample_selected,417,2
unnecessary_continuation_in_hindsight,True,0.0,histgb,True,histgb_start2_every_sample_selected,418,4
correct_early_stop,True,0.0,histgb,True,histgb_start2_every_sample_selected,418,4
invalid_answer_driven_uncertainty,False,0.8,histgb,False,histgb_start2_every_sample_selected,419,5
unnecessary_continuation_in_hindsight,True,0.3,histgb,True,histgb_start2_every_sample_selected,421,10
correct_early_stop,True,0.3,histgb,True,histgb_start2_every_sample_selected,421,10
invalid_answer_driven_uncertainty,True,0.3,histgb,True,histgb_start2_every_sample_selected,421,10
invalid_answer_driven_uncertainty,False,0.8571428571428571,histgb,False,histgb_start2_every_sample_selected,422,7
correct_early_stop,True,0.0,histgb,False,histgb_start2_every_sample_selected,423,2
regression_avoided,True,0.0,histgb,False,histgb_start2_every_sample_selected,423,2
correct_early_stop,True,0.0,histgb,True,histgb_start2_every_sample_selected,424,2
correct_early_stop,True,0.07692307692307693,histgb,True,histgb_start2_every_sample_selected,425,13
invalid_answer_driven_uncertainty,True,0.07692307692307693,histgb,True,histgb_start2_every_sample_selected,425,13
correct_early_stop,True,0.0,histgb,True,histgb_start2_every_sample_selected,426,2
correct_early_stop,True,0.0,histgb,True,histgb_start2_every_sample_selected,427,2
unnecessary_continuation_in_hindsight,True,0.0,histgb,True,histgb_start2_every_sample_selected,428,4
correct_early_stop,True,0.0,histgb,True,histgb_start2_every_sample_selected,428,4
correct_early_stop,True,0.0,histgb,True,histgb_start2_every_sample_selected,429,2
correct_early_stop,True,0.0,histgb,True,histgb_start2_every_sample_selected,430,2
unnecessary_continuation_in_hindsight,False,0.0,histgb,False,histgb_start2_every_sample_selected,431,7
invalid_answer_driven_uncertainty,False,0.5,histgb,False,histgb_start2_every_sample_selected,432,2
correct_early_stop,True,0.0,histgb,True,histgb_start2_every_sample_selected,433,2
correct_early_stop,True,0.0,histgb,True,histgb_start2_every_sample_selected,434,2
correct_early_stop,True,0.0,histgb,True,histgb_start2_every_sample_selected,435,2
correct_early_stop,True,0.5,histgb,True,histgb_start2_every_sample_selected,436,2
invalid_answer_driven_uncertainty,True,0.5,histgb,True,histgb_start2_every_sample_selected,436,2
correct_early_stop,True,0.0,histgb,True,histgb_start2_every_sample_selected,437,2
unnecessary_continuation_in_hindsight,True,0.0,histgb,True,histgb_start2_every_sample_selected,438,3
correct_early_stop,True,0.0,histgb,True,histgb_start2_every_sample_selected,438,3
unnecessary_continuation_in_hindsight,True,0.0,histgb,True,histgb_start2_every_sample_selected,439,4
correct_early_stop,True,0.0,histgb,True,histgb_start2_every_sample_selected,439,4
correct_early_stop,True,0.0,histgb,True,histgb_start2_every_sample_selected,440,2
correct_early_stop,True,0.0,histgb,True,histgb_start2_every_sample_selected,441,2
correct_early_stop,True,0.0,histgb,True,histgb_start2_every_sample_selected,442,2
correct_early_stop,True,0.0,histgb,True,histgb_start2_every_sample_selected,443,2
unnecessary_continuation_in_hindsight,False,0.36363636363636365,histgb,False,histgb_start2_every_sample_selected,444,11
invalid_answer_driven_uncertainty,False,0.36363636363636365,histgb,False,histgb_start2_every_sample_selected,444,11
unnecessary_continuation_in_hindsight,False,0.5,histgb,False,histgb_start2_every_sample_selected,445,16
stable_wrong_despite_max_compute,False,0.5,histgb,False,histgb_start2_every_sample_selected,445,16
invalid_answer_driven_uncertainty,False,0.5,histgb,False,histgb_start2_every_sample_selected,445,16
correct_early_stop,True,0.0,histgb,True,histgb_start2_every_sample_selected,446,2
unnecessary_continuation_in_hindsight,True,0.0,histgb,True,histgb_start2_every_sample_selected,447,6
correct_early_stop,True,0.0,histgb,True,histgb_start2_every_sample_selected,447,6
correct_early_stop,True,0.0,histgb,True,histgb_start2_every_sample_selected,448,2
correct_early_stop,True,0.0,histgb,True,histgb_start2_every_sample_selected,449,2
correct_early_stop,True,0.0,histgb,True,histgb_start2_every_sample_selected,450,2
unnecessary_continuation_in_hindsight,True,0.0,histgb,True,histgb_start2_every_sample_selected,451,4
correct_early_stop,True,0.0,histgb,True,histgb_start2_every_sample_selected,451,4
correct_early_stop,True,0.0,histgb,True,histgb_start2_every_sample_selected,452,2
unnecessary_continuation_in_hindsight,True,0.0,histgb,True,histgb_start2_every_sample_selected,453,4
correct_early_stop,True,0.0,histgb,True,histgb_start2_every_sample_selected,453,4
unnecessary_continuation_in_hindsight,False,1.0,histgb,False,histgb_start2_every_sample_selected,454,16
stable_wrong_despite_max_compute,False,1.0,histgb,False,histgb_start2_every_sample_selected,454,16
invalid_answer_driven_uncertainty,False,1.0,histgb,False,histgb_start2_every_sample_selected,454,16
correct_early_stop,True,0.0,histgb,True,histgb_start2_every_sample_selected,455,2
unnecessary_continuation_in_hindsight,True,0.2,histgb,True,histgb_start2_every_sample_selected,456,5
correct_early_stop,True,0.2,histgb,True,histgb_start2_every_sample_selected,456,5
invalid_answer_driven_uncertainty,True,0.2,histgb,True,histgb_start2_every_sample_selected,456,5
correct_early_stop,True,0.0,histgb,True,histgb_start2_every_sample_selected,457,2
correct_early_stop,True,0.5,histgb,True,histgb_start2_every_sample_selected,458,2
invalid_answer_driven_uncertainty,True,0.5,histgb,True,histgb_start2_every_sample_selected,458,2
correct_early_stop,True,0.0,histgb,True,histgb_start2_every_sample_selected,459,2
correct_early_stop,True,0.0,histgb,False,histgb_start2_every_sample_selected,460,2
regression_avoided,True,0.0,histgb,False,histgb_start2_every_sample_selected,460,2
correct_early_stop,True,0.0,histgb,True,histgb_start2_every_sample_selected,461,2
correct_early_stop,True,0.0,histgb,True,histgb_start2_every_sample_selected,462,2
correct_early_stop,True,0.0,histgb,True,histgb_start2_every_sample_selected,463,2
correct_early_stop,True,0.0,histgb,True,histgb_start2_every_sample_selected,464,2
correct_early_stop,True,0.0,histgb,True,histgb_start2_every_sample_selected,465,2
unnecessary_continuation_in_hindsight,False,0.0,histgb,False,histgb_start2_every_sample_selected,466,5
unnecessary_continuation_in_hindsight,True,0.0,histgb,True,histgb_start2_every_sample_selected,467,4
correct_early_stop,True,0.0,histgb,True,histgb_start2_every_sample_selected,467,4
correct_early_stop,True,0.0,histgb,True,histgb_start2_every_sample_selected,468,2
correct_early_stop,True,0.0,histgb,True,histgb_start2_every_sample_selected,469,2
premature_stop_missed_recovery,False,0.75,histgb,True,histgb_start2_every_sample_selected,470,4
invalid_answer_driven_uncertainty,False,0.75,histgb,True,histgb_start2_every_sample_selected,470,4
correct_early_stop,True,0.0,histgb,True,histgb_start2_every_sample_selected,471,2
correct_early_stop,True,0.0,histgb,True,histgb_start2_every_sample_selected,472,2
premature_stop_missed_recovery,False,0.0,histgb,True,histgb_start2_every_sample_selected,473,4
unnecessary_continuation_in_hindsight,False,0.0,histgb,True,histgb_start2_every_sample_selected,473,4
correct_early_stop,True,0.0,histgb,True,histgb_start2_every_sample_selected,474,2
invalid_answer_driven_uncertainty,False,0.8888888888888888,histgb,False,histgb_start2_every_sample_selected,475,9
correct_early_stop,True,0.0,histgb,True,histgb_start2_every_sample_selected,476,2
unnecessary_continuation_in_hindsight,True,0.0,histgb,True,histgb_start2_every_sample_selected,477,6
correct_early_stop,True,0.0,histgb,True,histgb_start2_every_sample_selected,477,6
unnecessary_continuation_in_hindsight,False,0.0,histgb,False,histgb_start2_every_sample_selected,478,4
correct_early_stop,True,0.0,histgb,True,histgb_start2_every_sample_selected,479,2
correct_early_stop,True,0.0,histgb,True,histgb_start2_every_sample_selected,480,2
invalid_answer_driven_uncertainty,False,0.3333333333333333,histgb,False,histgb_start2_every_sample_selected,481,6
premature_stop_missed_recovery,False,0.0,histgb,True,histgb_start2_every_sample_selected,482,7
correct_early_stop,True,0.9285714285714286,histgb,True,histgb_start2_every_sample_selected,483,14
invalid_answer_driven_uncertainty,True,0.9285714285714286,histgb,True,histgb_start2_every_sample_selected,483,14
correct_early_stop,True,0.0,histgb,True,histgb_start2_every_sample_selected,484,2
premature_stop_missed_recovery,False,0.3333333333333333,histgb,True,histgb_start2_every_sample_selected,485,3
unnecessary_continuation_in_hindsight,False,0.3333333333333333,histgb,True,histgb_start2_every_sample_selected,485,3
invalid_answer_driven_uncertainty,False,0.3333333333333333,histgb,True,histgb_start2_every_sample_selected,485,3
unnecessary_continuation_in_hindsight,True,0.0,histgb,True,histgb_start2_every_sample_selected,486,4
correct_early_stop,True,0.0,histgb,True,histgb_start2_every_sample_selected,486,4
correct_early_stop,True,0.0,histgb,True,histgb_start2_every_sample_selected,487,2
correct_early_stop,True,0.0,histgb,True,histgb_start2_every_sample_selected,488,2
unnecessary_continuation_in_hindsight,True,0.0,histgb,True,histgb_start2_every_sample_selected,489,4
correct_early_stop,True,0.0,histgb,True,histgb_start2_every_sample_selected,489,4
unnecessary_continuation_in_hindsight,False,0.0,histgb,False,histgb_start2_every_sample_selected,490,5
unnecessary_continuation_in_hindsight,False,0.0,histgb,False,histgb_start2_every_sample_selected,491,3
correct_early_stop,True,0.0,histgb,True,histgb_start2_every_sample_selected,492,2
correct_early_stop,True,0.0,histgb,True,histgb_start2_every_sample_selected,493,2
unnecessary_continuation_in_hindsight,True,0.3333333333333333,histgb,False,histgb_start2_every_sample_selected,494,3
correct_early_stop,True,0.3333333333333333,histgb,False,histgb_start2_every_sample_selected,494,3
regression_avoided,True,0.3333333333333333,histgb,False,histgb_start2_every_sample_selected,494,3
invalid_answer_driven_uncertainty,True,0.3333333333333333,histgb,False,histgb_start2_every_sample_selected,494,3
unnecessary_continuation_in_hindsight,True,0.0,histgb,True,histgb_start2_every_sample_selected,495,4
correct_early_stop,True,0.0,histgb,True,histgb_start2_every_sample_selected,495,4
unnecessary_continuation_in_hindsight,True,0.0,histgb,True,histgb_start2_every_sample_selected,496,4
correct_early_stop,True,0.0,histgb,True,histgb_start2_every_sample_selected,496,4
unnecessary_continuation_in_hindsight,False,0.0,histgb,False,histgb_start2_every_sample_selected,497,5
invalid_answer_driven_uncertainty,False,0.5,histgb,False,histgb_start2_every_sample_selected,498,2
correct_early_stop,True,0.0,histgb,True,histgb_start2_every_sample_selected,499,2
