inner_fold,outer_fold,question_index,role
,1,0,outer_train
,1,1,outer_train
,1,2,outer_train
,1,3,outer_train
,1,5,outer_train
,1,6,outer_train
,1,7,outer_train
,1,10,outer_train
,1,12,outer_train
,1,13,outer_train
,1,14,outer_train
,1,15,outer_train
,1,17,outer_train
,1,18,outer_train
,1,19,outer_train
,1,20,outer_train
,1,22,outer_train
,1,23,outer_train
,1,24,outer_train
,1,25,outer_train
,1,26,outer_train
,1,27,outer_train
,1,29,outer_train
,1,30,outer_train
,1,31,outer_train
,1,32,outer_train
,1,34,outer_train
,1,35,outer_train
,1,36,outer_train
,1,37,outer_train
,1,38,outer_train
,1,39,outer_train
,1,40,outer_train
,1,41,outer_train
,1,43,outer_train
,1,44,outer_train
,1,46,outer_train
,1,47,outer_train
,1,49,outer_train
,1,50,outer_train
,1,51,outer_train
,1,52,outer_train
,1,53,outer_train
,1,54,outer_train
,1,55,outer_train
,1,56,outer_train
,1,57,outer_train
,1,58,outer_train
,1,59,outer_train
,1,60,outer_train
,1,61,outer_train
,1,64,outer_train
,1,65,outer_train
,1,66,outer_train
,1,68,outer_train
,1,69,outer_train
,1,70,outer_train
,1,71,outer_train
,1,73,outer_train
,1,75,outer_train
,1,77,outer_train
,1,78,outer_train
,1,79,outer_train
,1,81,outer_train
,1,82,outer_train
,1,83,outer_train
,1,84,outer_train
,1,85,outer_train
,1,86,outer_train
,1,87,outer_train
,1,89,outer_train
,1,91,outer_train
,1,92,outer_train
,1,93,outer_train
,1,94,outer_train
,1,95,outer_train
,1,96,outer_train
,1,97,outer_train
,1,98,outer_train
,1,99,outer_train
,1,100,outer_train
,1,101,outer_train
,1,104,outer_train
,1,105,outer_train
,1,106,outer_train
,1,108,outer_train
,1,110,outer_train
,1,111,outer_train
,1,112,outer_train
,1,113,outer_train
,1,114,outer_train
,1,115,outer_train
,1,116,outer_train
,1,119,outer_train
,1,120,outer_train
,1,121,outer_train
,1,122,outer_train
,1,123,outer_train
,1,124,outer_train
,1,125,outer_train
,1,126,outer_train
,1,127,outer_train
,1,129,outer_train
,1,130,outer_train
,1,131,outer_train
,1,132,outer_train
,1,133,outer_train
,1,134,outer_train
,1,135,outer_train
,1,136,outer_train
,1,137,outer_train
,1,138,outer_train
,1,139,outer_train
,1,140,outer_train
,1,142,outer_train
,1,144,outer_train
,1,145,outer_train
,1,146,outer_train
,1,147,outer_train
,1,151,outer_train
,1,152,outer_train
,1,153,outer_train
,1,154,outer_train
,1,155,outer_train
,1,156,outer_train
,1,157,outer_train
,1,158,outer_train
,1,159,outer_train
,1,160,outer_train
,1,161,outer_train
,1,162,outer_train
,1,163,outer_train
,1,164,outer_train
,1,165,outer_train
,1,166,outer_train
,1,168,outer_train
,1,169,outer_train
,1,170,outer_train
,1,171,outer_train
,1,172,outer_train
,1,174,outer_train
,1,175,outer_train
,1,176,outer_train
,1,178,outer_train
,1,180,outer_train
,1,182,outer_train
,1,183,outer_train
,1,184,outer_train
,1,185,outer_train
,1,186,outer_train
,1,187,outer_train
,1,188,outer_train
,1,189,outer_train
,1,190,outer_train
,1,191,outer_train
,1,192,outer_train
,1,193,outer_train
,1,194,outer_train
,1,196,outer_train
,1,197,outer_train
,1,198,outer_train
,1,199,outer_train
,1,200,outer_train
,1,201,outer_train
,1,202,outer_train
,1,203,outer_train
,1,204,outer_train
,1,205,outer_train
,1,206,outer_train
,1,207,outer_train
,1,208,outer_train
,1,210,outer_train
,1,212,outer_train
,1,213,outer_train
,1,214,outer_train
,1,215,outer_train
,1,216,outer_train
,1,217,outer_train
,1,218,outer_train
,1,219,outer_train
,1,220,outer_train
,1,223,outer_train
,1,224,outer_train
,1,226,outer_train
,1,229,outer_train
,1,230,outer_train
,1,231,outer_train
,1,232,outer_train
,1,233,outer_train
,1,234,outer_train
,1,235,outer_train
,1,237,outer_train
,1,238,outer_train
,1,239,outer_train
,1,240,outer_train
,1,241,outer_train
,1,242,outer_train
,1,243,outer_train
,1,244,outer_train
,1,245,outer_train
,1,246,outer_train
,1,247,outer_train
,1,248,outer_train
,1,249,outer_train
,1,250,outer_train
,1,252,outer_train
,1,255,outer_train
,1,256,outer_train
,1,258,outer_train
,1,259,outer_train
,1,262,outer_train
,1,263,outer_train
,1,265,outer_train
,1,266,outer_train
,1,267,outer_train
,1,268,outer_train
,1,269,outer_train
,1,270,outer_train
,1,271,outer_train
,1,272,outer_train
,1,274,outer_train
,1,275,outer_train
,1,276,outer_train
,1,277,outer_train
,1,278,outer_train
,1,279,outer_train
,1,280,outer_train
,1,281,outer_train
,1,282,outer_train
,1,283,outer_train
,1,286,outer_train
,1,287,outer_train
,1,288,outer_train
,1,289,outer_train
,1,292,outer_train
,1,294,outer_train
,1,295,outer_train
,1,296,outer_train
,1,297,outer_train
,1,298,outer_train
,1,300,outer_train
,1,301,outer_train
,1,302,outer_train
,1,304,outer_train
,1,305,outer_train
,1,306,outer_train
,1,307,outer_train
,1,308,outer_train
,1,309,outer_train
,1,310,outer_train
,1,311,outer_train
,1,312,outer_train
,1,313,outer_train
,1,314,outer_train
,1,316,outer_train
,1,317,outer_train
,1,318,outer_train
,1,319,outer_train
,1,320,outer_train
,1,321,outer_train
,1,322,outer_train
,1,323,outer_train
,1,324,outer_train
,1,325,outer_train
,1,327,outer_train
,1,329,outer_train
,1,330,outer_train
,1,332,outer_train
,1,333,outer_train
,1,334,outer_train
,1,336,outer_train
,1,338,outer_train
,1,340,outer_train
,1,341,outer_train
,1,342,outer_train
,1,343,outer_train
,1,344,outer_train
,1,345,outer_train
,1,346,outer_train
,1,347,outer_train
,1,349,outer_train
,1,350,outer_train
,1,351,outer_train
,1,352,outer_train
,1,353,outer_train
,1,354,outer_train
,1,355,outer_train
,1,356,outer_train
,1,357,outer_train
,1,358,outer_train
,1,359,outer_train
,1,360,outer_train
,1,361,outer_train
,1,362,outer_train
,1,363,outer_train
,1,364,outer_train
,1,365,outer_train
,1,366,outer_train
,1,368,outer_train
,1,370,outer_train
,1,372,outer_train
,1,374,outer_train
,1,375,outer_train
,1,379,outer_train
,1,380,outer_train
,1,381,outer_train
,1,382,outer_train
,1,384,outer_train
,1,385,outer_train
,1,386,outer_train
,1,387,outer_train
,1,388,outer_train
,1,389,outer_train
,1,392,outer_train
,1,393,outer_train
,1,394,outer_train
,1,396,outer_train
,1,397,outer_train
,1,398,outer_train
,1,399,outer_train
,1,400,outer_train
,1,401,outer_train
,1,402,outer_train
,1,403,outer_train
,1,404,outer_train
,1,405,outer_train
,1,406,outer_train
,1,409,outer_train
,1,410,outer_train
,1,411,outer_train
,1,413,outer_train
,1,414,outer_train
,1,415,outer_train
,1,416,outer_train
,1,417,outer_train
,1,419,outer_train
,1,420,outer_train
,1,422,outer_train
,1,423,outer_train
,1,424,outer_train
,1,426,outer_train
,1,427,outer_train
,1,428,outer_train
,1,429,outer_train
,1,430,outer_train
,1,431,outer_train
,1,432,outer_train
,1,433,outer_train
,1,434,outer_train
,1,435,outer_train
,1,436,outer_train
,1,437,outer_train
,1,440,outer_train
,1,441,outer_train
,1,442,outer_train
,1,443,outer_train
,1,446,outer_train
,1,448,outer_train
,1,449,outer_train
,1,450,outer_train
,1,452,outer_train
,1,455,outer_train
,1,457,outer_train
,1,458,outer_train
,1,459,outer_train
,1,460,outer_train
,1,461,outer_train
,1,462,outer_train
,1,463,outer_train
,1,464,outer_train
,1,465,outer_train
,1,466,outer_train
,1,468,outer_train
,1,469,outer_train
,1,470,outer_train
,1,471,outer_train
,1,472,outer_train
,1,473,outer_train
,1,474,outer_train
,1,475,outer_train
,1,476,outer_train
,1,477,outer_train
,1,479,outer_train
,1,480,outer_train
,1,481,outer_train
,1,482,outer_train
,1,483,outer_train
,1,484,outer_train
,1,485,outer_train
,1,486,outer_train
,1,487,outer_train
,1,488,outer_train
,1,490,outer_train
,1,491,outer_train
,1,492,outer_train
,1,493,outer_train
,1,494,outer_train
,1,497,outer_train
,1,498,outer_train
,1,499,outer_train
,1,4,outer_test
,1,8,outer_test
,1,9,outer_test
,1,11,outer_test
,1,16,outer_test
,1,21,outer_test
,1,28,outer_test
,1,33,outer_test
,1,42,outer_test
,1,45,outer_test
,1,48,outer_test
,1,62,outer_test
,1,63,outer_test
,1,67,outer_test
,1,72,outer_test
,1,74,outer_test
,1,76,outer_test
,1,80,outer_test
,1,88,outer_test
,1,90,outer_test
,1,102,outer_test
,1,103,outer_test
,1,107,outer_test
,1,109,outer_test
,1,117,outer_test
,1,118,outer_test
,1,128,outer_test
,1,141,outer_test
,1,143,outer_test
,1,148,outer_test
,1,149,outer_test
,1,150,outer_test
,1,167,outer_test
,1,173,outer_test
,1,177,outer_test
,1,179,outer_test
,1,181,outer_test
,1,195,outer_test
,1,209,outer_test
,1,211,outer_test
,1,221,outer_test
,1,222,outer_test
,1,225,outer_test
,1,227,outer_test
,1,228,outer_test
,1,236,outer_test
,1,251,outer_test
,1,253,outer_test
,1,254,outer_test
,1,257,outer_test
,1,260,outer_test
,1,261,outer_test
,1,264,outer_test
,1,273,outer_test
,1,284,outer_test
,1,285,outer_test
,1,290,outer_test
,1,291,outer_test
,1,293,outer_test
,1,299,outer_test
,1,303,outer_test
,1,315,outer_test
,1,326,outer_test
,1,328,outer_test
,1,331,outer_test
,1,335,outer_test
,1,337,outer_test
,1,339,outer_test
,1,348,outer_test
,1,367,outer_test
,1,369,outer_test
,1,371,outer_test
,1,373,outer_test
,1,376,outer_test
,1,377,outer_test
,1,378,outer_test
,1,383,outer_test
,1,390,outer_test
,1,391,outer_test
,1,395,outer_test
,1,407,outer_test
,1,408,outer_test
,1,412,outer_test
,1,418,outer_test
,1,421,outer_test
,1,425,outer_test
,1,438,outer_test
,1,439,outer_test
,1,444,outer_test
,1,445,outer_test
,1,447,outer_test
,1,451,outer_test
,1,453,outer_test
,1,454,outer_test
,1,456,outer_test
,1,467,outer_test
,1,478,outer_test
,1,489,outer_test
,1,495,outer_test
,1,496,outer_test
1,1,1,inner_train
1,1,2,inner_train
1,1,3,inner_train
1,1,5,inner_train
1,1,6,inner_train
1,1,10,inner_train
1,1,12,inner_train
1,1,15,inner_train
1,1,17,inner_train
1,1,20,inner_train
1,1,23,inner_train
1,1,29,inner_train
1,1,30,inner_train
1,1,31,inner_train
1,1,34,inner_train
1,1,35,inner_train
1,1,36,inner_train
1,1,37,inner_train
1,1,38,inner_train
1,1,39,inner_train
1,1,40,inner_train
1,1,41,inner_train
1,1,44,inner_train
1,1,46,inner_train
1,1,47,inner_train
1,1,51,inner_train
1,1,52,inner_train
1,1,53,inner_train
1,1,54,inner_train
1,1,55,inner_train
1,1,56,inner_train
1,1,57,inner_train
1,1,58,inner_train
1,1,59,inner_train
1,1,60,inner_train
1,1,64,inner_train
1,1,65,inner_train
1,1,68,inner_train
1,1,70,inner_train
1,1,71,inner_train
1,1,73,inner_train
1,1,75,inner_train
1,1,78,inner_train
1,1,82,inner_train
1,1,83,inner_train
1,1,84,inner_train
1,1,86,inner_train
1,1,87,inner_train
1,1,89,inner_train
1,1,91,inner_train
1,1,92,inner_train
1,1,93,inner_train
1,1,95,inner_train
1,1,96,inner_train
1,1,98,inner_train
1,1,99,inner_train
1,1,101,inner_train
1,1,104,inner_train
1,1,105,inner_train
1,1,108,inner_train
1,1,110,inner_train
1,1,111,inner_train
1,1,113,inner_train
1,1,115,inner_train
1,1,116,inner_train
1,1,119,inner_train
1,1,120,inner_train
1,1,121,inner_train
1,1,122,inner_train
1,1,125,inner_train
1,1,126,inner_train
1,1,127,inner_train
1,1,129,inner_train
1,1,132,inner_train
1,1,133,inner_train
1,1,134,inner_train
1,1,136,inner_train
1,1,137,inner_train
1,1,138,inner_train
1,1,139,inner_train
1,1,145,inner_train
1,1,146,inner_train
1,1,147,inner_train
1,1,151,inner_train
1,1,152,inner_train
1,1,153,inner_train
1,1,155,inner_train
1,1,156,inner_train
1,1,157,inner_train
1,1,160,inner_train
1,1,161,inner_train
1,1,162,inner_train
1,1,163,inner_train
1,1,165,inner_train
1,1,166,inner_train
1,1,168,inner_train
1,1,169,inner_train
1,1,170,inner_train
1,1,171,inner_train
1,1,172,inner_train
1,1,174,inner_train
1,1,175,inner_train
1,1,176,inner_train
1,1,178,inner_train
1,1,180,inner_train
1,1,185,inner_train
1,1,186,inner_train
1,1,188,inner_train
1,1,189,inner_train
1,1,190,inner_train
1,1,191,inner_train
1,1,192,inner_train
1,1,193,inner_train
1,1,196,inner_train
1,1,197,inner_train
1,1,198,inner_train
1,1,199,inner_train
1,1,200,inner_train
1,1,201,inner_train
1,1,203,inner_train
1,1,204,inner_train
1,1,205,inner_train
1,1,206,inner_train
1,1,207,inner_train
1,1,208,inner_train
1,1,210,inner_train
1,1,212,inner_train
1,1,213,inner_train
1,1,214,inner_train
1,1,216,inner_train
1,1,217,inner_train
1,1,218,inner_train
1,1,219,inner_train
1,1,220,inner_train
1,1,223,inner_train
1,1,224,inner_train
1,1,226,inner_train
1,1,229,inner_train
1,1,230,inner_train
1,1,231,inner_train
1,1,232,inner_train
1,1,233,inner_train
1,1,235,inner_train
1,1,237,inner_train
1,1,238,inner_train
1,1,239,inner_train
1,1,240,inner_train
1,1,241,inner_train
1,1,242,inner_train
1,1,243,inner_train
1,1,244,inner_train
1,1,245,inner_train
1,1,247,inner_train
1,1,248,inner_train
1,1,249,inner_train
1,1,252,inner_train
1,1,256,inner_train
1,1,258,inner_train
1,1,259,inner_train
1,1,262,inner_train
1,1,263,inner_train
1,1,265,inner_train
1,1,266,inner_train
1,1,267,inner_train
1,1,268,inner_train
1,1,269,inner_train
1,1,270,inner_train
1,1,271,inner_train
1,1,272,inner_train
1,1,274,inner_train
1,1,275,inner_train
1,1,276,inner_train
1,1,279,inner_train
1,1,280,inner_train
1,1,281,inner_train
1,1,286,inner_train
1,1,288,inner_train
1,1,289,inner_train
1,1,292,inner_train
1,1,294,inner_train
1,1,296,inner_train
1,1,297,inner_train
1,1,298,inner_train
1,1,300,inner_train
1,1,301,inner_train
1,1,302,inner_train
1,1,305,inner_train
1,1,307,inner_train
1,1,309,inner_train
1,1,310,inner_train
1,1,311,inner_train
1,1,312,inner_train
1,1,314,inner_train
1,1,316,inner_train
1,1,317,inner_train
1,1,318,inner_train
1,1,320,inner_train
1,1,321,inner_train
1,1,323,inner_train
1,1,324,inner_train
1,1,327,inner_train
1,1,332,inner_train
1,1,341,inner_train
1,1,342,inner_train
1,1,343,inner_train
1,1,344,inner_train
1,1,345,inner_train
1,1,346,inner_train
1,1,347,inner_train
1,1,350,inner_train
1,1,351,inner_train
1,1,352,inner_train
1,1,353,inner_train
1,1,354,inner_train
1,1,355,inner_train
1,1,356,inner_train
1,1,357,inner_train
1,1,359,inner_train
1,1,361,inner_train
1,1,362,inner_train
1,1,364,inner_train
1,1,366,inner_train
1,1,368,inner_train
1,1,370,inner_train
1,1,372,inner_train
1,1,374,inner_train
1,1,379,inner_train
1,1,380,inner_train
1,1,381,inner_train
1,1,384,inner_train
1,1,385,inner_train
1,1,387,inner_train
1,1,388,inner_train
1,1,392,inner_train
1,1,393,inner_train
1,1,396,inner_train
1,1,397,inner_train
1,1,398,inner_train
1,1,399,inner_train
1,1,400,inner_train
1,1,401,inner_train
1,1,402,inner_train
1,1,405,inner_train
1,1,406,inner_train
1,1,409,inner_train
1,1,410,inner_train
1,1,411,inner_train
1,1,413,inner_train
1,1,414,inner_train
1,1,415,inner_train
1,1,416,inner_train
1,1,417,inner_train
1,1,419,inner_train
1,1,422,inner_train
1,1,423,inner_train
1,1,426,inner_train
1,1,428,inner_train
1,1,429,inner_train
1,1,430,inner_train
1,1,431,inner_train
1,1,433,inner_train
1,1,434,inner_train
1,1,435,inner_train
1,1,436,inner_train
1,1,440,inner_train
1,1,441,inner_train
1,1,446,inner_train
1,1,448,inner_train
1,1,449,inner_train
1,1,450,inner_train
1,1,452,inner_train
1,1,455,inner_train
1,1,458,inner_train
1,1,459,inner_train
1,1,461,inner_train
1,1,462,inner_train
1,1,463,inner_train
1,1,464,inner_train
1,1,465,inner_train
1,1,466,inner_train
1,1,468,inner_train
1,1,469,inner_train
1,1,470,inner_train
1,1,471,inner_train
1,1,473,inner_train
1,1,474,inner_train
1,1,475,inner_train
1,1,476,inner_train
1,1,477,inner_train
1,1,479,inner_train
1,1,481,inner_train
1,1,482,inner_train
1,1,484,inner_train
1,1,486,inner_train
1,1,487,inner_train
1,1,490,inner_train
1,1,491,inner_train
1,1,494,inner_train
1,1,497,inner_train
1,1,498,inner_train
1,1,0,inner_validation
1,1,7,inner_validation
1,1,13,inner_validation
1,1,14,inner_validation
1,1,18,inner_validation
1,1,19,inner_validation
1,1,22,inner_validation
1,1,24,inner_validation
1,1,25,inner_validation
1,1,26,inner_validation
1,1,27,inner_validation
1,1,32,inner_validation
1,1,43,inner_validation
1,1,49,inner_validation
1,1,50,inner_validation
1,1,61,inner_validation
1,1,66,inner_validation
1,1,69,inner_validation
1,1,77,inner_validation
1,1,79,inner_validation
1,1,81,inner_validation
1,1,85,inner_validation
1,1,94,inner_validation
1,1,97,inner_validation
1,1,100,inner_validation
1,1,106,inner_validation
1,1,112,inner_validation
1,1,114,inner_validation
1,1,123,inner_validation
1,1,124,inner_validation
1,1,130,inner_validation
1,1,131,inner_validation
1,1,135,inner_validation
1,1,140,inner_validation
1,1,142,inner_validation
1,1,144,inner_validation
1,1,154,inner_validation
1,1,158,inner_validation
1,1,159,inner_validation
1,1,164,inner_validation
1,1,182,inner_validation
1,1,183,inner_validation
1,1,184,inner_validation
1,1,187,inner_validation
1,1,194,inner_validation
1,1,202,inner_validation
1,1,215,inner_validation
1,1,234,inner_validation
1,1,246,inner_validation
1,1,250,inner_validation
1,1,255,inner_validation
1,1,277,inner_validation
1,1,278,inner_validation
1,1,282,inner_validation
1,1,283,inner_validation
1,1,287,inner_validation
1,1,295,inner_validation
1,1,304,inner_validation
1,1,306,inner_validation
1,1,308,inner_validation
1,1,313,inner_validation
1,1,319,inner_validation
1,1,322,inner_validation
1,1,325,inner_validation
1,1,329,inner_validation
1,1,330,inner_validation
1,1,333,inner_validation
1,1,334,inner_validation
1,1,336,inner_validation
1,1,338,inner_validation
1,1,340,inner_validation
1,1,349,inner_validation
1,1,358,inner_validation
1,1,360,inner_validation
1,1,363,inner_validation
1,1,365,inner_validation
1,1,375,inner_validation
1,1,382,inner_validation
1,1,386,inner_validation
1,1,389,inner_validation
1,1,394,inner_validation
1,1,403,inner_validation
1,1,404,inner_validation
1,1,420,inner_validation
1,1,424,inner_validation
1,1,427,inner_validation
1,1,432,inner_validation
1,1,437,inner_validation
1,1,442,inner_validation
1,1,443,inner_validation
1,1,457,inner_validation
1,1,460,inner_validation
1,1,472,inner_validation
1,1,480,inner_validation
1,1,483,inner_validation
1,1,485,inner_validation
1,1,488,inner_validation
1,1,492,inner_validation
1,1,493,inner_validation
1,1,499,inner_validation
2,1,0,inner_train
2,1,1,inner_train
2,1,2,inner_train
2,1,3,inner_train
2,1,5,inner_train
2,1,6,inner_train
2,1,7,inner_train
2,1,13,inner_train
2,1,14,inner_train
2,1,15,inner_train
2,1,17,inner_train
2,1,18,inner_train
2,1,19,inner_train
2,1,20,inner_train
2,1,22,inner_train
2,1,23,inner_train
2,1,24,inner_train
2,1,25,inner_train
2,1,26,inner_train
2,1,27,inner_train
2,1,30,inner_train
2,1,32,inner_train
2,1,34,inner_train
2,1,35,inner_train
2,1,37,inner_train
2,1,43,inner_train
2,1,44,inner_train
2,1,46,inner_train
2,1,47,inner_train
2,1,49,inner_train
2,1,50,inner_train
2,1,51,inner_train
2,1,52,inner_train
2,1,53,inner_train
2,1,56,inner_train
2,1,57,inner_train
2,1,58,inner_train
2,1,59,inner_train
2,1,60,inner_train
2,1,61,inner_train
2,1,66,inner_train
2,1,69,inner_train
2,1,71,inner_train
2,1,73,inner_train
2,1,75,inner_train
2,1,77,inner_train
2,1,78,inner_train
2,1,79,inner_train
2,1,81,inner_train
2,1,83,inner_train
2,1,84,inner_train
2,1,85,inner_train
2,1,91,inner_train
2,1,92,inner_train
2,1,94,inner_train
2,1,95,inner_train
2,1,96,inner_train
2,1,97,inner_train
2,1,98,inner_train
2,1,99,inner_train
2,1,100,inner_train
2,1,106,inner_train
2,1,108,inner_train
2,1,111,inner_train
2,1,112,inner_train
2,1,114,inner_train
2,1,116,inner_train
2,1,119,inner_train
2,1,120,inner_train
2,1,122,inner_train
2,1,123,inner_train
2,1,124,inner_train
2,1,125,inner_train
2,1,127,inner_train
2,1,129,inner_train
2,1,130,inner_train
2,1,131,inner_train
2,1,133,inner_train
2,1,135,inner_train
2,1,136,inner_train
2,1,137,inner_train
2,1,139,inner_train
2,1,140,inner_train
2,1,142,inner_train
2,1,144,inner_train
2,1,146,inner_train
2,1,152,inner_train
2,1,153,inner_train
2,1,154,inner_train
2,1,155,inner_train
2,1,156,inner_train
2,1,157,inner_train
2,1,158,inner_train
2,1,159,inner_train
2,1,160,inner_train
2,1,161,inner_train
2,1,164,inner_train
2,1,165,inner_train
2,1,166,inner_train
2,1,169,inner_train
2,1,172,inner_train
2,1,174,inner_train
2,1,175,inner_train
2,1,176,inner_train
2,1,178,inner_train
2,1,180,inner_train
2,1,182,inner_train
2,1,183,inner_train
2,1,184,inner_train
2,1,185,inner_train
2,1,186,inner_train
2,1,187,inner_train
2,1,189,inner_train
2,1,190,inner_train
2,1,192,inner_train
2,1,194,inner_train
2,1,197,inner_train
2,1,198,inner_train
2,1,199,inner_train
2,1,201,inner_train
2,1,202,inner_train
2,1,203,inner_train
2,1,205,inner_train
2,1,206,inner_train
2,1,207,inner_train
2,1,208,inner_train
2,1,210,inner_train
2,1,212,inner_train
2,1,213,inner_train
2,1,215,inner_train
2,1,218,inner_train
2,1,219,inner_train
2,1,220,inner_train
2,1,223,inner_train
2,1,224,inner_train
2,1,226,inner_train
2,1,229,inner_train
2,1,231,inner_train
2,1,234,inner_train
2,1,235,inner_train
2,1,239,inner_train
2,1,240,inner_train
2,1,242,inner_train
2,1,244,inner_train
2,1,245,inner_train
2,1,246,inner_train
2,1,248,inner_train
2,1,249,inner_train
2,1,250,inner_train
2,1,252,inner_train
2,1,255,inner_train
2,1,259,inner_train
2,1,262,inner_train
2,1,263,inner_train
2,1,265,inner_train
2,1,266,inner_train
2,1,269,inner_train
2,1,270,inner_train
2,1,272,inner_train
2,1,274,inner_train
2,1,275,inner_train
2,1,277,inner_train
2,1,278,inner_train
2,1,282,inner_train
2,1,283,inner_train
2,1,286,inner_train
2,1,287,inner_train
2,1,288,inner_train
2,1,292,inner_train
2,1,294,inner_train
2,1,295,inner_train
2,1,296,inner_train
2,1,297,inner_train
2,1,298,inner_train
2,1,300,inner_train
2,1,302,inner_train
2,1,304,inner_train
2,1,305,inner_train
2,1,306,inner_train
2,1,308,inner_train
2,1,309,inner_train
2,1,311,inner_train
2,1,312,inner_train
2,1,313,inner_train
2,1,314,inner_train
2,1,317,inner_train
2,1,318,inner_train
2,1,319,inner_train
2,1,320,inner_train
2,1,322,inner_train
2,1,323,inner_train
2,1,324,inner_train
2,1,325,inner_train
2,1,327,inner_train
2,1,329,inner_train
2,1,330,inner_train
2,1,333,inner_train
2,1,334,inner_train
2,1,336,inner_train
2,1,338,inner_train
2,1,340,inner_train
2,1,341,inner_train
2,1,342,inner_train
2,1,343,inner_train
2,1,344,inner_train
2,1,345,inner_train
2,1,346,inner_train
2,1,347,inner_train
2,1,349,inner_train
2,1,351,inner_train
2,1,352,inner_train
2,1,353,inner_train
2,1,355,inner_train
2,1,356,inner_train
2,1,357,inner_train
2,1,358,inner_train
2,1,359,inner_train
2,1,360,inner_train
2,1,361,inner_train
2,1,362,inner_train
2,1,363,inner_train
2,1,364,inner_train
2,1,365,inner_train
2,1,366,inner_train
2,1,370,inner_train
2,1,375,inner_train
2,1,380,inner_train
2,1,381,inner_train
2,1,382,inner_train
2,1,384,inner_train
2,1,385,inner_train
2,1,386,inner_train
2,1,387,inner_train
2,1,388,inner_train
2,1,389,inner_train
2,1,392,inner_train
2,1,394,inner_train
2,1,396,inner_train
2,1,397,inner_train
2,1,398,inner_train
2,1,399,inner_train
2,1,400,inner_train
2,1,403,inner_train
2,1,404,inner_train
2,1,405,inner_train
2,1,406,inner_train
2,1,411,inner_train
2,1,413,inner_train
2,1,416,inner_train
2,1,417,inner_train
2,1,419,inner_train
2,1,420,inner_train
2,1,422,inner_train
2,1,424,inner_train
2,1,426,inner_train
2,1,427,inner_train
2,1,428,inner_train
2,1,429,inner_train
2,1,430,inner_train
2,1,431,inner_train
2,1,432,inner_train
2,1,433,inner_train
2,1,435,inner_train
2,1,436,inner_train
2,1,437,inner_train
2,1,442,inner_train
2,1,443,inner_train
2,1,446,inner_train
2,1,448,inner_train
2,1,449,inner_train
2,1,452,inner_train
2,1,457,inner_train
2,1,458,inner_train
2,1,459,inner_train
2,1,460,inner_train
2,1,461,inner_train
2,1,463,inner_train
2,1,464,inner_train
2,1,469,inner_train
2,1,470,inner_train
2,1,471,inner_train
2,1,472,inner_train
2,1,473,inner_train
2,1,474,inner_train
2,1,475,inner_train
2,1,476,inner_train
2,1,477,inner_train
2,1,479,inner_train
2,1,480,inner_train
2,1,481,inner_train
2,1,482,inner_train
2,1,483,inner_train
2,1,484,inner_train
2,1,485,inner_train
2,1,488,inner_train
2,1,492,inner_train
2,1,493,inner_train
2,1,497,inner_train
2,1,498,inner_train
2,1,499,inner_train
2,1,10,inner_validation
2,1,12,inner_validation
2,1,29,inner_validation
2,1,31,inner_validation
2,1,36,inner_validation
2,1,38,inner_validation
2,1,39,inner_validation
2,1,40,inner_validation
2,1,41,inner_validation
2,1,54,inner_validation
2,1,55,inner_validation
2,1,64,inner_validation
2,1,65,inner_validation
2,1,68,inner_validation
2,1,70,inner_validation
2,1,82,inner_validation
2,1,86,inner_validation
2,1,87,inner_validation
2,1,89,inner_validation
2,1,93,inner_validation
2,1,101,inner_validation
2,1,104,inner_validation
2,1,105,inner_validation
2,1,110,inner_validation
2,1,113,inner_validation
2,1,115,inner_validation
2,1,121,inner_validation
2,1,126,inner_validation
2,1,132,inner_validation
2,1,134,inner_validation
2,1,138,inner_validation
2,1,145,inner_validation
2,1,147,inner_validation
2,1,151,inner_validation
2,1,162,inner_validation
2,1,163,inner_validation
2,1,168,inner_validation
2,1,170,inner_validation
2,1,171,inner_validation
2,1,188,inner_validation
2,1,191,inner_validation
2,1,193,inner_validation
2,1,196,inner_validation
2,1,200,inner_validation
2,1,204,inner_validation
2,1,214,inner_validation
2,1,216,inner_validation
2,1,217,inner_validation
2,1,230,inner_validation
2,1,232,inner_validation
2,1,233,inner_validation
2,1,237,inner_validation
2,1,238,inner_validation
2,1,241,inner_validation
2,1,243,inner_validation
2,1,247,inner_validation
2,1,256,inner_validation
2,1,258,inner_validation
2,1,267,inner_validation
2,1,268,inner_validation
2,1,271,inner_validation
2,1,276,inner_validation
2,1,279,inner_validation
2,1,280,inner_validation
2,1,281,inner_validation
2,1,289,inner_validation
2,1,301,inner_validation
2,1,307,inner_validation
2,1,310,inner_validation
2,1,316,inner_validation
2,1,321,inner_validation
2,1,332,inner_validation
2,1,350,inner_validation
2,1,354,inner_validation
2,1,368,inner_validation
2,1,372,inner_validation
2,1,374,inner_validation
2,1,379,inner_validation
2,1,393,inner_validation
2,1,401,inner_validation
2,1,402,inner_validation
2,1,409,inner_validation
2,1,410,inner_validation
2,1,414,inner_validation
2,1,415,inner_validation
2,1,423,inner_validation
2,1,434,inner_validation
2,1,440,inner_validation
2,1,441,inner_validation
2,1,450,inner_validation
2,1,455,inner_validation
2,1,462,inner_validation
2,1,465,inner_validation
2,1,466,inner_validation
2,1,468,inner_validation
2,1,486,inner_validation
2,1,487,inner_validation
2,1,490,inner_validation
2,1,491,inner_validation
2,1,494,inner_validation
3,1,0,inner_train
3,1,1,inner_train
3,1,3,inner_train
3,1,7,inner_train
3,1,10,inner_train
3,1,12,inner_train
3,1,13,inner_train
3,1,14,inner_train
3,1,18,inner_train
3,1,19,inner_train
3,1,22,inner_train
3,1,23,inner_train
3,1,24,inner_train
3,1,25,inner_train
3,1,26,inner_train
3,1,27,inner_train
3,1,29,inner_train
3,1,30,inner_train
3,1,31,inner_train
3,1,32,inner_train
3,1,34,inner_train
3,1,35,inner_train
3,1,36,inner_train
3,1,38,inner_train
3,1,39,inner_train
3,1,40,inner_train
3,1,41,inner_train
3,1,43,inner_train
3,1,47,inner_train
3,1,49,inner_train
3,1,50,inner_train
3,1,53,inner_train
3,1,54,inner_train
3,1,55,inner_train
3,1,56,inner_train
3,1,61,inner_train
3,1,64,inner_train
3,1,65,inner_train
3,1,66,inner_train
3,1,68,inner_train
3,1,69,inner_train
3,1,70,inner_train
3,1,71,inner_train
3,1,75,inner_train
3,1,77,inner_train
3,1,79,inner_train
3,1,81,inner_train
3,1,82,inner_train
3,1,84,inner_train
3,1,85,inner_train
3,1,86,inner_train
3,1,87,inner_train
3,1,89,inner_train
3,1,92,inner_train
3,1,93,inner_train
3,1,94,inner_train
3,1,95,inner_train
3,1,96,inner_train
3,1,97,inner_train
3,1,98,inner_train
3,1,100,inner_train
3,1,101,inner_train
3,1,104,inner_train
3,1,105,inner_train
3,1,106,inner_train
3,1,110,inner_train
3,1,112,inner_train
3,1,113,inner_train
3,1,114,inner_train
3,1,115,inner_train
3,1,116,inner_train
3,1,120,inner_train
3,1,121,inner_train
3,1,122,inner_train
3,1,123,inner_train
3,1,124,inner_train
3,1,126,inner_train
3,1,129,inner_train
3,1,130,inner_train
3,1,131,inner_train
3,1,132,inner_train
3,1,133,inner_train
3,1,134,inner_train
3,1,135,inner_train
3,1,137,inner_train
3,1,138,inner_train
3,1,140,inner_train
3,1,142,inner_train
3,1,144,inner_train
3,1,145,inner_train
3,1,146,inner_train
3,1,147,inner_train
3,1,151,inner_train
3,1,153,inner_train
3,1,154,inner_train
3,1,156,inner_train
3,1,157,inner_train
3,1,158,inner_train
3,1,159,inner_train
3,1,162,inner_train
3,1,163,inner_train
3,1,164,inner_train
3,1,165,inner_train
3,1,168,inner_train
3,1,169,inner_train
3,1,170,inner_train
3,1,171,inner_train
3,1,174,inner_train
3,1,176,inner_train
3,1,180,inner_train
3,1,182,inner_train
3,1,183,inner_train
3,1,184,inner_train
3,1,187,inner_train
3,1,188,inner_train
3,1,191,inner_train
3,1,192,inner_train
3,1,193,inner_train
3,1,194,inner_train
3,1,196,inner_train
3,1,198,inner_train
3,1,200,inner_train
3,1,201,inner_train
3,1,202,inner_train
3,1,204,inner_train
3,1,205,inner_train
3,1,210,inner_train
3,1,212,inner_train
3,1,213,inner_train
3,1,214,inner_train
3,1,215,inner_train
3,1,216,inner_train
3,1,217,inner_train
3,1,219,inner_train
3,1,224,inner_train
3,1,229,inner_train
3,1,230,inner_train
3,1,231,inner_train
3,1,232,inner_train
3,1,233,inner_train
3,1,234,inner_train
3,1,237,inner_train
3,1,238,inner_train
3,1,239,inner_train
3,1,241,inner_train
3,1,243,inner_train
3,1,245,inner_train
3,1,246,inner_train
3,1,247,inner_train
3,1,250,inner_train
3,1,255,inner_train
3,1,256,inner_train
3,1,258,inner_train
3,1,262,inner_train
3,1,265,inner_train
3,1,266,inner_train
3,1,267,inner_train
3,1,268,inner_train
3,1,269,inner_train
3,1,271,inner_train
3,1,275,inner_train
3,1,276,inner_train
3,1,277,inner_train
3,1,278,inner_train
3,1,279,inner_train
3,1,280,inner_train
3,1,281,inner_train
3,1,282,inner_train
3,1,283,inner_train
3,1,286,inner_train
3,1,287,inner_train
3,1,288,inner_train
3,1,289,inner_train
3,1,295,inner_train
3,1,297,inner_train
3,1,298,inner_train
3,1,300,inner_train
3,1,301,inner_train
3,1,302,inner_train
3,1,304,inner_train
3,1,305,inner_train
3,1,306,inner_train
3,1,307,inner_train
3,1,308,inner_train
3,1,309,inner_train
3,1,310,inner_train
3,1,311,inner_train
3,1,313,inner_train
3,1,314,inner_train
3,1,316,inner_train
3,1,318,inner_train
3,1,319,inner_train
3,1,321,inner_train
3,1,322,inner_train
3,1,323,inner_train
3,1,324,inner_train
3,1,325,inner_train
3,1,329,inner_train
3,1,330,inner_train
3,1,332,inner_train
3,1,333,inner_train
3,1,334,inner_train
3,1,336,inner_train
3,1,338,inner_train
3,1,340,inner_train
3,1,341,inner_train
3,1,343,inner_train
3,1,345,inner_train
3,1,346,inner_train
3,1,347,inner_train
3,1,349,inner_train
3,1,350,inner_train
3,1,353,inner_train
3,1,354,inner_train
3,1,356,inner_train
3,1,357,inner_train
3,1,358,inner_train
3,1,360,inner_train
3,1,361,inner_train
3,1,363,inner_train
3,1,364,inner_train
3,1,365,inner_train
3,1,368,inner_train
3,1,372,inner_train
3,1,374,inner_train
3,1,375,inner_train
3,1,379,inner_train
3,1,382,inner_train
3,1,386,inner_train
3,1,388,inner_train
3,1,389,inner_train
3,1,392,inner_train
3,1,393,inner_train
3,1,394,inner_train
3,1,399,inner_train
3,1,400,inner_train
3,1,401,inner_train
3,1,402,inner_train
3,1,403,inner_train
3,1,404,inner_train
3,1,406,inner_train
3,1,409,inner_train
3,1,410,inner_train
3,1,413,inner_train
3,1,414,inner_train
3,1,415,inner_train
3,1,416,inner_train
3,1,417,inner_train
3,1,419,inner_train
3,1,420,inner_train
3,1,423,inner_train
3,1,424,inner_train
3,1,427,inner_train
3,1,429,inner_train
3,1,430,inner_train
3,1,431,inner_train
3,1,432,inner_train
3,1,433,inner_train
3,1,434,inner_train
3,1,435,inner_train
3,1,436,inner_train
3,1,437,inner_train
3,1,440,inner_train
3,1,441,inner_train
3,1,442,inner_train
3,1,443,inner_train
3,1,446,inner_train
3,1,450,inner_train
3,1,455,inner_train
3,1,457,inner_train
3,1,458,inner_train
3,1,459,inner_train
3,1,460,inner_train
3,1,461,inner_train
3,1,462,inner_train
3,1,464,inner_train
3,1,465,inner_train
3,1,466,inner_train
3,1,468,inner_train
3,1,470,inner_train
3,1,471,inner_train
3,1,472,inner_train
3,1,473,inner_train
3,1,474,inner_train
3,1,475,inner_train
3,1,476,inner_train
3,1,477,inner_train
3,1,480,inner_train
3,1,483,inner_train
3,1,485,inner_train
3,1,486,inner_train
3,1,487,inner_train
3,1,488,inner_train
3,1,490,inner_train
3,1,491,inner_train
3,1,492,inner_train
3,1,493,inner_train
3,1,494,inner_train
3,1,497,inner_train
3,1,499,inner_train
3,1,2,inner_validation
3,1,5,inner_validation
3,1,6,inner_validation
3,1,15,inner_validation
3,1,17,inner_validation
3,1,20,inner_validation
3,1,37,inner_validation
3,1,44,inner_validation
3,1,46,inner_validation
3,1,51,inner_validation
3,1,52,inner_validation
3,1,57,inner_validation
3,1,58,inner_validation
3,1,59,inner_validation
3,1,60,inner_validation
3,1,73,inner_validation
3,1,78,inner_validation
3,1,83,inner_validation
3,1,91,inner_validation
3,1,99,inner_validation
3,1,108,inner_validation
3,1,111,inner_validation
3,1,119,inner_validation
3,1,125,inner_validation
3,1,127,inner_validation
3,1,136,inner_validation
3,1,139,inner_validation
3,1,152,inner_validation
3,1,155,inner_validation
3,1,160,inner_validation
3,1,161,inner_validation
3,1,166,inner_validation
3,1,172,inner_validation
3,1,175,inner_validation
3,1,178,inner_validation
3,1,185,inner_validation
3,1,186,inner_validation
3,1,189,inner_validation
3,1,190,inner_validation
3,1,197,inner_validation
3,1,199,inner_validation
3,1,203,inner_validation
3,1,206,inner_validation
3,1,207,inner_validation
3,1,208,inner_validation
3,1,218,inner_validation
3,1,220,inner_validation
3,1,223,inner_validation
3,1,226,inner_validation
3,1,235,inner_validation
3,1,240,inner_validation
3,1,242,inner_validation
3,1,244,inner_validation
3,1,248,inner_validation
3,1,249,inner_validation
3,1,252,inner_validation
3,1,259,inner_validation
3,1,263,inner_validation
3,1,270,inner_validation
3,1,272,inner_validation
3,1,274,inner_validation
3,1,292,inner_validation
3,1,294,inner_validation
3,1,296,inner_validation
3,1,312,inner_validation
3,1,317,inner_validation
3,1,320,inner_validation
3,1,327,inner_validation
3,1,342,inner_validation
3,1,344,inner_validation
3,1,351,inner_validation
3,1,352,inner_validation
3,1,355,inner_validation
3,1,359,inner_validation
3,1,362,inner_validation
3,1,366,inner_validation
3,1,370,inner_validation
3,1,380,inner_validation
3,1,381,inner_validation
3,1,384,inner_validation
3,1,385,inner_validation
3,1,387,inner_validation
3,1,396,inner_validation
3,1,397,inner_validation
3,1,398,inner_validation
3,1,405,inner_validation
3,1,411,inner_validation
3,1,422,inner_validation
3,1,426,inner_validation
3,1,428,inner_validation
3,1,448,inner_validation
3,1,449,inner_validation
3,1,452,inner_validation
3,1,463,inner_validation
3,1,469,inner_validation
3,1,479,inner_validation
3,1,481,inner_validation
3,1,482,inner_validation
3,1,484,inner_validation
3,1,498,inner_validation
4,1,0,inner_train
4,1,2,inner_train
4,1,5,inner_train
4,1,6,inner_train
4,1,7,inner_train
4,1,10,inner_train
4,1,12,inner_train
4,1,13,inner_train
4,1,14,inner_train
4,1,15,inner_train
4,1,17,inner_train
4,1,18,inner_train
4,1,19,inner_train
4,1,20,inner_train
4,1,22,inner_train
4,1,24,inner_train
4,1,25,inner_train
4,1,26,inner_train
4,1,27,inner_train
4,1,29,inner_train
4,1,31,inner_train
4,1,32,inner_train
4,1,36,inner_train
4,1,37,inner_train
4,1,38,inner_train
4,1,39,inner_train
4,1,40,inner_train
4,1,41,inner_train
4,1,43,inner_train
4,1,44,inner_train
4,1,46,inner_train
4,1,49,inner_train
4,1,50,inner_train
4,1,51,inner_train
4,1,52,inner_train
4,1,54,inner_train
4,1,55,inner_train
4,1,57,inner_train
4,1,58,inner_train
4,1,59,inner_train
4,1,60,inner_train
4,1,61,inner_train
4,1,64,inner_train
4,1,65,inner_train
4,1,66,inner_train
4,1,68,inner_train
4,1,69,inner_train
4,1,70,inner_train
4,1,73,inner_train
4,1,77,inner_train
4,1,78,inner_train
4,1,79,inner_train
4,1,81,inner_train
4,1,82,inner_train
4,1,83,inner_train
4,1,85,inner_train
4,1,86,inner_train
4,1,87,inner_train
4,1,89,inner_train
4,1,91,inner_train
4,1,93,inner_train
4,1,94,inner_train
4,1,97,inner_train
4,1,99,inner_train
4,1,100,inner_train
4,1,101,inner_train
4,1,104,inner_train
4,1,105,inner_train
4,1,106,inner_train
4,1,108,inner_train
4,1,110,inner_train
4,1,111,inner_train
4,1,112,inner_train
4,1,113,inner_train
4,1,114,inner_train
4,1,115,inner_train
4,1,119,inner_train
4,1,121,inner_train
4,1,123,inner_train
4,1,124,inner_train
4,1,125,inner_train
4,1,126,inner_train
4,1,127,inner_train
4,1,130,inner_train
4,1,131,inner_train
4,1,132,inner_train
4,1,134,inner_train
4,1,135,inner_train
4,1,136,inner_train
4,1,138,inner_train
4,1,139,inner_train
4,1,140,inner_train
4,1,142,inner_train
4,1,144,inner_train
4,1,145,inner_train
4,1,147,inner_train
4,1,151,inner_train
4,1,152,inner_train
4,1,154,inner_train
4,1,155,inner_train
4,1,158,inner_train
4,1,159,inner_train
4,1,160,inner_train
4,1,161,inner_train
4,1,162,inner_train
4,1,163,inner_train
4,1,164,inner_train
4,1,166,inner_train
4,1,168,inner_train
4,1,170,inner_train
4,1,171,inner_train
4,1,172,inner_train
4,1,175,inner_train
4,1,178,inner_train
4,1,182,inner_train
4,1,183,inner_train
4,1,184,inner_train
4,1,185,inner_train
4,1,186,inner_train
4,1,187,inner_train
4,1,188,inner_train
4,1,189,inner_train
4,1,190,inner_train
4,1,191,inner_train
4,1,193,inner_train
4,1,194,inner_train
4,1,196,inner_train
4,1,197,inner_train
4,1,199,inner_train
4,1,200,inner_train
4,1,202,inner_train
4,1,203,inner_train
4,1,204,inner_train
4,1,206,inner_train
4,1,207,inner_train
4,1,208,inner_train
4,1,214,inner_train
4,1,215,inner_train
4,1,216,inner_train
4,1,217,inner_train
4,1,218,inner_train
4,1,220,inner_train
4,1,223,inner_train
4,1,226,inner_train
4,1,230,inner_train
4,1,232,inner_train
4,1,233,inner_train
4,1,234,inner_train
4,1,235,inner_train
4,1,237,inner_train
4,1,238,inner_train
4,1,240,inner_train
4,1,241,inner_train
4,1,242,inner_train
4,1,243,inner_train
4,1,244,inner_train
4,1,246,inner_train
4,1,247,inner_train
4,1,248,inner_train
4,1,249,inner_train
4,1,250,inner_train
4,1,252,inner_train
4,1,255,inner_train
4,1,256,inner_train
4,1,258,inner_train
4,1,259,inner_train
4,1,263,inner_train
4,1,267,inner_train
4,1,268,inner_train
4,1,270,inner_train
4,1,271,inner_train
4,1,272,inner_train
4,1,274,inner_train
4,1,276,inner_train
4,1,277,inner_train
4,1,278,inner_train
4,1,279,inner_train
4,1,280,inner_train
4,1,281,inner_train
4,1,282,inner_train
4,1,283,inner_train
4,1,287,inner_train
4,1,289,inner_train
4,1,292,inner_train
4,1,294,inner_train
4,1,295,inner_train
4,1,296,inner_train
4,1,301,inner_train
4,1,304,inner_train
4,1,306,inner_train
4,1,307,inner_train
4,1,308,inner_train
4,1,310,inner_train
4,1,312,inner_train
4,1,313,inner_train
4,1,316,inner_train
4,1,317,inner_train
4,1,319,inner_train
4,1,320,inner_train
4,1,321,inner_train
4,1,322,inner_train
4,1,325,inner_train
4,1,327,inner_train
4,1,329,inner_train
4,1,330,inner_train
4,1,332,inner_train
4,1,333,inner_train
4,1,334,inner_train
4,1,336,inner_train
4,1,338,inner_train
4,1,340,inner_train
4,1,342,inner_train
4,1,344,inner_train
4,1,349,inner_train
4,1,350,inner_train
4,1,351,inner_train
4,1,352,inner_train
4,1,354,inner_train
4,1,355,inner_train
4,1,358,inner_train
4,1,359,inner_train
4,1,360,inner_train
4,1,362,inner_train
4,1,363,inner_train
4,1,365,inner_train
4,1,366,inner_train
4,1,368,inner_train
4,1,370,inner_train
4,1,372,inner_train
4,1,374,inner_train
4,1,375,inner_train
4,1,379,inner_train
4,1,380,inner_train
4,1,381,inner_train
4,1,382,inner_train
4,1,384,inner_train
4,1,385,inner_train
4,1,386,inner_train
4,1,387,inner_train
4,1,389,inner_train
4,1,393,inner_train
4,1,394,inner_train
4,1,396,inner_train
4,1,397,inner_train
4,1,398,inner_train
4,1,401,inner_train
4,1,402,inner_train
4,1,403,inner_train
4,1,404,inner_train
4,1,405,inner_train
4,1,409,inner_train
4,1,410,inner_train
4,1,411,inner_train
4,1,414,inner_train
4,1,415,inner_train
4,1,420,inner_train
4,1,422,inner_train
4,1,423,inner_train
4,1,424,inner_train
4,1,426,inner_train
4,1,427,inner_train
4,1,428,inner_train
4,1,432,inner_train
4,1,434,inner_train
4,1,437,inner_train
4,1,440,inner_train
4,1,441,inner_train
4,1,442,inner_train
4,1,443,inner_train
4,1,448,inner_train
4,1,449,inner_train
4,1,450,inner_train
4,1,452,inner_train
4,1,455,inner_train
4,1,457,inner_train
4,1,460,inner_train
4,1,462,inner_train
4,1,463,inner_train
4,1,465,inner_train
4,1,466,inner_train
4,1,468,inner_train
4,1,469,inner_train
4,1,472,inner_train
4,1,479,inner_train
4,1,480,inner_train
4,1,481,inner_train
4,1,482,inner_train
4,1,483,inner_train
4,1,484,inner_train
4,1,485,inner_train
4,1,486,inner_train
4,1,487,inner_train
4,1,488,inner_train
4,1,490,inner_train
4,1,491,inner_train
4,1,492,inner_train
4,1,493,inner_train
4,1,494,inner_train
4,1,498,inner_train
4,1,499,inner_train
4,1,1,inner_validation
4,1,3,inner_validation
4,1,23,inner_validation
4,1,30,inner_validation
4,1,34,inner_validation
4,1,35,inner_validation
4,1,47,inner_validation
4,1,53,inner_validation
4,1,56,inner_validation
4,1,71,inner_validation
4,1,75,inner_validation
4,1,84,inner_validation
4,1,92,inner_validation
4,1,95,inner_validation
4,1,96,inner_validation
4,1,98,inner_validation
4,1,116,inner_validation
4,1,120,inner_validation
4,1,122,inner_validation
4,1,129,inner_validation
4,1,133,inner_validation
4,1,137,inner_validation
4,1,146,inner_validation
4,1,153,inner_validation
4,1,156,inner_validation
4,1,157,inner_validation
4,1,165,inner_validation
4,1,169,inner_validation
4,1,174,inner_validation
4,1,176,inner_validation
4,1,180,inner_validation
4,1,192,inner_validation
4,1,198,inner_validation
4,1,201,inner_validation
4,1,205,inner_validation
4,1,210,inner_validation
4,1,212,inner_validation
4,1,213,inner_validation
4,1,219,inner_validation
4,1,224,inner_validation
4,1,229,inner_validation
4,1,231,inner_validation
4,1,239,inner_validation
4,1,245,inner_validation
4,1,262,inner_validation
4,1,265,inner_validation
4,1,266,inner_validation
4,1,269,inner_validation
4,1,275,inner_validation
4,1,286,inner_validation
4,1,288,inner_validation
4,1,297,inner_validation
4,1,298,inner_validation
4,1,300,inner_validation
4,1,302,inner_validation
4,1,305,inner_validation
4,1,309,inner_validation
4,1,311,inner_validation
4,1,314,inner_validation
4,1,318,inner_validation
4,1,323,inner_validation
4,1,324,inner_validation
4,1,341,inner_validation
4,1,343,inner_validation
4,1,345,inner_validation
4,1,346,inner_validation
4,1,347,inner_validation
4,1,353,inner_validation
4,1,356,inner_validation
4,1,357,inner_validation
4,1,361,inner_validation
4,1,364,inner_validation
4,1,388,inner_validation
4,1,392,inner_validation
4,1,399,inner_validation
4,1,400,inner_validation
4,1,406,inner_validation
4,1,413,inner_validation
4,1,416,inner_validation
4,1,417,inner_validation
4,1,419,inner_validation
4,1,429,inner_validation
4,1,430,inner_validation
4,1,431,inner_validation
4,1,433,inner_validation
4,1,435,inner_validation
4,1,436,inner_validation
4,1,446,inner_validation
4,1,458,inner_validation
4,1,459,inner_validation
4,1,461,inner_validation
4,1,464,inner_validation
4,1,470,inner_validation
4,1,471,inner_validation
4,1,473,inner_validation
4,1,474,inner_validation
4,1,475,inner_validation
4,1,476,inner_validation
4,1,477,inner_validation
4,1,497,inner_validation
,2,0,outer_train
,2,1,outer_train
,2,2,outer_train
,2,3,outer_train
,2,4,outer_train
,2,5,outer_train
,2,6,outer_train
,2,7,outer_train
,2,8,outer_train
,2,9,outer_train
,2,11,outer_train
,2,12,outer_train
,2,14,outer_train
,2,15,outer_train
,2,16,outer_train
,2,17,outer_train
,2,18,outer_train
,2,21,outer_train
,2,22,outer_train
,2,23,outer_train
,2,24,outer_train
,2,25,outer_train
,2,26,outer_train
,2,27,outer_train
,2,28,outer_train
,2,29,outer_train
,2,30,outer_train
,2,31,outer_train
,2,32,outer_train
,2,33,outer_train
,2,35,outer_train
,2,36,outer_train
,2,37,outer_train
,2,39,outer_train
,2,42,outer_train
,2,43,outer_train
,2,44,outer_train
,2,45,outer_train
,2,48,outer_train
,2,51,outer_train
,2,52,outer_train
,2,53,outer_train
,2,54,outer_train
,2,56,outer_train
,2,57,outer_train
,2,58,outer_train
,2,59,outer_train
,2,60,outer_train
,2,61,outer_train
,2,62,outer_train
,2,63,outer_train
,2,64,outer_train
,2,65,outer_train
,2,66,outer_train
,2,67,outer_train
,2,68,outer_train
,2,69,outer_train
,2,70,outer_train
,2,71,outer_train
,2,72,outer_train
,2,73,outer_train
,2,74,outer_train
,2,75,outer_train
,2,76,outer_train
,2,79,outer_train
,2,80,outer_train
,2,81,outer_train
,2,82,outer_train
,2,83,outer_train
,2,87,outer_train
,2,88,outer_train
,2,89,outer_train
,2,90,outer_train
,2,91,outer_train
,2,92,outer_train
,2,94,outer_train
,2,95,outer_train
,2,96,outer_train
,2,97,outer_train
,2,98,outer_train
,2,99,outer_train
,2,100,outer_train
,2,101,outer_train
,2,102,outer_train
,2,103,outer_train
,2,106,outer_train
,2,107,outer_train
,2,108,outer_train
,2,109,outer_train
,2,110,outer_train
,2,111,outer_train
,2,113,outer_train
,2,116,outer_train
,2,117,outer_train
,2,118,outer_train
,2,120,outer_train
,2,123,outer_train
,2,124,outer_train
,2,125,outer_train
,2,126,outer_train
,2,128,outer_train
,2,129,outer_train
,2,130,outer_train
,2,131,outer_train
,2,133,outer_train
,2,134,outer_train
,2,135,outer_train
,2,137,outer_train
,2,139,outer_train
,2,140,outer_train
,2,141,outer_train
,2,142,outer_train
,2,143,outer_train
,2,144,outer_train
,2,145,outer_train
,2,146,outer_train
,2,147,outer_train
,2,148,outer_train
,2,149,outer_train
,2,150,outer_train
,2,151,outer_train
,2,152,outer_train
,2,153,outer_train
,2,154,outer_train
,2,155,outer_train
,2,156,outer_train
,2,157,outer_train
,2,159,outer_train
,2,160,outer_train
,2,161,outer_train
,2,163,outer_train
,2,164,outer_train
,2,165,outer_train
,2,166,outer_train
,2,167,outer_train
,2,168,outer_train
,2,169,outer_train
,2,171,outer_train
,2,173,outer_train
,2,174,outer_train
,2,175,outer_train
,2,177,outer_train
,2,178,outer_train
,2,179,outer_train
,2,180,outer_train
,2,181,outer_train
,2,182,outer_train
,2,184,outer_train
,2,185,outer_train
,2,186,outer_train
,2,187,outer_train
,2,188,outer_train
,2,189,outer_train
,2,190,outer_train
,2,191,outer_train
,2,192,outer_train
,2,193,outer_train
,2,194,outer_train
,2,195,outer_train
,2,196,outer_train
,2,197,outer_train
,2,199,outer_train
,2,200,outer_train
,2,201,outer_train
,2,203,outer_train
,2,204,outer_train
,2,206,outer_train
,2,207,outer_train
,2,208,outer_train
,2,209,outer_train
,2,211,outer_train
,2,213,outer_train
,2,214,outer_train
,2,216,outer_train
,2,217,outer_train
,2,219,outer_train
,2,221,outer_train
,2,222,outer_train
,2,224,outer_train
,2,225,outer_train
,2,226,outer_train
,2,227,outer_train
,2,228,outer_train
,2,229,outer_train
,2,230,outer_train
,2,233,outer_train
,2,234,outer_train
,2,235,outer_train
,2,236,outer_train
,2,237,outer_train
,2,240,outer_train
,2,241,outer_train
,2,242,outer_train
,2,244,outer_train
,2,245,outer_train
,2,246,outer_train
,2,247,outer_train
,2,248,outer_train
,2,249,outer_train
,2,250,outer_train
,2,251,outer_train
,2,252,outer_train
,2,253,outer_train
,2,254,outer_train
,2,255,outer_train
,2,257,outer_train
,2,258,outer_train
,2,259,outer_train
,2,260,outer_train
,2,261,outer_train
,2,262,outer_train
,2,263,outer_train
,2,264,outer_train
,2,266,outer_train
,2,268,outer_train
,2,269,outer_train
,2,270,outer_train
,2,271,outer_train
,2,272,outer_train
,2,273,outer_train
,2,274,outer_train
,2,275,outer_train
,2,276,outer_train
,2,278,outer_train
,2,279,outer_train
,2,280,outer_train
,2,281,outer_train
,2,282,outer_train
,2,283,outer_train
,2,284,outer_train
,2,285,outer_train
,2,286,outer_train
,2,288,outer_train
,2,290,outer_train
,2,291,outer_train
,2,292,outer_train
,2,293,outer_train
,2,294,outer_train
,2,295,outer_train
,2,296,outer_train
,2,298,outer_train
,2,299,outer_train
,2,300,outer_train
,2,301,outer_train
,2,302,outer_train
,2,303,outer_train
,2,304,outer_train
,2,306,outer_train
,2,307,outer_train
,2,309,outer_train
,2,310,outer_train
,2,311,outer_train
,2,312,outer_train
,2,313,outer_train
,2,315,outer_train
,2,316,outer_train
,2,317,outer_train
,2,318,outer_train
,2,319,outer_train
,2,320,outer_train
,2,321,outer_train
,2,323,outer_train
,2,324,outer_train
,2,325,outer_train
,2,326,outer_train
,2,327,outer_train
,2,328,outer_train
,2,330,outer_train
,2,331,outer_train
,2,332,outer_train
,2,335,outer_train
,2,337,outer_train
,2,338,outer_train
,2,339,outer_train
,2,340,outer_train
,2,341,outer_train
,2,342,outer_train
,2,343,outer_train
,2,344,outer_train
,2,346,outer_train
,2,348,outer_train
,2,349,outer_train
,2,350,outer_train
,2,351,outer_train
,2,353,outer_train
,2,357,outer_train
,2,358,outer_train
,2,359,outer_train
,2,361,outer_train
,2,362,outer_train
,2,363,outer_train
,2,364,outer_train
,2,365,outer_train
,2,366,outer_train
,2,367,outer_train
,2,369,outer_train
,2,370,outer_train
,2,371,outer_train
,2,372,outer_train
,2,373,outer_train
,2,374,outer_train
,2,375,outer_train
,2,376,outer_train
,2,377,outer_train
,2,378,outer_train
,2,380,outer_train
,2,381,outer_train
,2,382,outer_train
,2,383,outer_train
,2,384,outer_train
,2,386,outer_train
,2,387,outer_train
,2,388,outer_train
,2,389,outer_train
,2,390,outer_train
,2,391,outer_train
,2,395,outer_train
,2,396,outer_train
,2,398,outer_train
,2,399,outer_train
,2,400,outer_train
,2,401,outer_train
,2,403,outer_train
,2,405,outer_train
,2,406,outer_train
,2,407,outer_train
,2,408,outer_train
,2,409,outer_train
,2,411,outer_train
,2,412,outer_train
,2,413,outer_train
,2,414,outer_train
,2,418,outer_train
,2,419,outer_train
,2,420,outer_train
,2,421,outer_train
,2,422,outer_train
,2,423,outer_train
,2,424,outer_train
,2,425,outer_train
,2,427,outer_train
,2,429,outer_train
,2,430,outer_train
,2,433,outer_train
,2,434,outer_train
,2,436,outer_train
,2,437,outer_train
,2,438,outer_train
,2,439,outer_train
,2,441,outer_train
,2,443,outer_train
,2,444,outer_train
,2,445,outer_train
,2,446,outer_train
,2,447,outer_train
,2,448,outer_train
,2,449,outer_train
,2,450,outer_train
,2,451,outer_train
,2,452,outer_train
,2,453,outer_train
,2,454,outer_train
,2,455,outer_train
,2,456,outer_train
,2,457,outer_train
,2,459,outer_train
,2,460,outer_train
,2,462,outer_train
,2,463,outer_train
,2,465,outer_train
,2,466,outer_train
,2,467,outer_train
,2,469,outer_train
,2,470,outer_train
,2,471,outer_train
,2,472,outer_train
,2,473,outer_train
,2,474,outer_train
,2,475,outer_train
,2,476,outer_train
,2,478,outer_train
,2,479,outer_train
,2,480,outer_train
,2,481,outer_train
,2,482,outer_train
,2,483,outer_train
,2,484,outer_train
,2,485,outer_train
,2,486,outer_train
,2,487,outer_train
,2,488,outer_train
,2,489,outer_train
,2,490,outer_train
,2,491,outer_train
,2,492,outer_train
,2,494,outer_train
,2,495,outer_train
,2,496,outer_train
,2,497,outer_train
,2,498,outer_train
,2,10,outer_test
,2,13,outer_test
,2,19,outer_test
,2,20,outer_test
,2,34,outer_test
,2,38,outer_test
,2,40,outer_test
,2,41,outer_test
,2,46,outer_test
,2,47,outer_test
,2,49,outer_test
,2,50,outer_test
,2,55,outer_test
,2,77,outer_test
,2,78,outer_test
,2,84,outer_test
,2,85,outer_test
,2,86,outer_test
,2,93,outer_test
,2,104,outer_test
,2,105,outer_test
,2,112,outer_test
,2,114,outer_test
,2,115,outer_test
,2,119,outer_test
,2,121,outer_test
,2,122,outer_test
,2,127,outer_test
,2,132,outer_test
,2,136,outer_test
,2,138,outer_test
,2,158,outer_test
,2,162,outer_test
,2,170,outer_test
,2,172,outer_test
,2,176,outer_test
,2,183,outer_test
,2,198,outer_test
,2,202,outer_test
,2,205,outer_test
,2,210,outer_test
,2,212,outer_test
,2,215,outer_test
,2,218,outer_test
,2,220,outer_test
,2,223,outer_test
,2,231,outer_test
,2,232,outer_test
,2,238,outer_test
,2,239,outer_test
,2,243,outer_test
,2,256,outer_test
,2,265,outer_test
,2,267,outer_test
,2,277,outer_test
,2,287,outer_test
,2,289,outer_test
,2,297,outer_test
,2,305,outer_test
,2,308,outer_test
,2,314,outer_test
,2,322,outer_test
,2,329,outer_test
,2,333,outer_test
,2,334,outer_test
,2,336,outer_test
,2,345,outer_test
,2,347,outer_test
,2,352,outer_test
,2,354,outer_test
,2,355,outer_test
,2,356,outer_test
,2,360,outer_test
,2,368,outer_test
,2,379,outer_test
,2,385,outer_test
,2,392,outer_test
,2,393,outer_test
,2,394,outer_test
,2,397,outer_test
,2,402,outer_test
,2,404,outer_test
,2,410,outer_test
,2,415,outer_test
,2,416,outer_test
,2,417,outer_test
,2,426,outer_test
,2,428,outer_test
,2,431,outer_test
,2,432,outer_test
,2,435,outer_test
,2,440,outer_test
,2,442,outer_test
,2,458,outer_test
,2,461,outer_test
,2,464,outer_test
,2,468,outer_test
,2,477,outer_test
,2,493,outer_test
,2,499,outer_test
1,2,0,inner_train
1,2,1,inner_train
1,2,2,inner_train
1,2,3,inner_train
1,2,4,inner_train
1,2,6,inner_train
1,2,7,inner_train
1,2,8,inner_train
1,2,9,inner_train
1,2,11,inner_train
1,2,14,inner_train
1,2,15,inner_train
1,2,16,inner_train
1,2,17,inner_train
1,2,18,inner_train
1,2,21,inner_train
1,2,22,inner_train
1,2,23,inner_train
1,2,24,inner_train
1,2,27,inner_train
1,2,28,inner_train
1,2,29,inner_train
1,2,30,inner_train
1,2,31,inner_train
1,2,32,inner_train
1,2,33,inner_train
1,2,36,inner_train
1,2,37,inner_train
1,2,39,inner_train
1,2,42,inner_train
1,2,43,inner_train
1,2,44,inner_train
1,2,45,inner_train
1,2,52,inner_train
1,2,53,inner_train
1,2,54,inner_train
1,2,56,inner_train
1,2,57,inner_train
1,2,59,inner_train
1,2,60,inner_train
1,2,62,inner_train
1,2,63,inner_train
1,2,65,inner_train
1,2,68,inner_train
1,2,69,inner_train
1,2,70,inner_train
1,2,71,inner_train
1,2,72,inner_train
1,2,73,inner_train
1,2,74,inner_train
1,2,76,inner_train
1,2,79,inner_train
1,2,80,inner_train
1,2,82,inner_train
1,2,83,inner_train
1,2,87,inner_train
1,2,88,inner_train
1,2,89,inner_train
1,2,90,inner_train
1,2,91,inner_train
1,2,92,inner_train
1,2,94,inner_train
1,2,95,inner_train
1,2,96,inner_train
1,2,97,inner_train
1,2,99,inner_train
1,2,101,inner_train
1,2,103,inner_train
1,2,106,inner_train
1,2,107,inner_train
1,2,108,inner_train
1,2,110,inner_train
1,2,111,inner_train
1,2,113,inner_train
1,2,116,inner_train
1,2,118,inner_train
1,2,120,inner_train
1,2,123,inner_train
1,2,125,inner_train
1,2,128,inner_train
1,2,129,inner_train
1,2,130,inner_train
1,2,131,inner_train
1,2,133,inner_train
1,2,134,inner_train
1,2,135,inner_train
1,2,137,inner_train
1,2,139,inner_train
1,2,140,inner_train
1,2,141,inner_train
1,2,144,inner_train
1,2,145,inner_train
1,2,146,inner_train
1,2,147,inner_train
1,2,148,inner_train
1,2,149,inner_train
1,2,150,inner_train
1,2,151,inner_train
1,2,152,inner_train
1,2,155,inner_train
1,2,156,inner_train
1,2,157,inner_train
1,2,159,inner_train
1,2,160,inner_train
1,2,165,inner_train
1,2,166,inner_train
1,2,167,inner_train
1,2,168,inner_train
1,2,169,inner_train
1,2,171,inner_train
1,2,173,inner_train
1,2,174,inner_train
1,2,175,inner_train
1,2,177,inner_train
1,2,178,inner_train
1,2,179,inner_train
1,2,180,inner_train
1,2,182,inner_train
1,2,184,inner_train
1,2,186,inner_train
1,2,187,inner_train
1,2,189,inner_train
1,2,190,inner_train
1,2,191,inner_train
1,2,192,inner_train
1,2,193,inner_train
1,2,194,inner_train
1,2,195,inner_train
1,2,196,inner_train
1,2,197,inner_train
1,2,199,inner_train
1,2,200,inner_train
1,2,201,inner_train
1,2,203,inner_train
1,2,204,inner_train
1,2,207,inner_train
1,2,208,inner_train
1,2,209,inner_train
1,2,211,inner_train
1,2,213,inner_train
1,2,214,inner_train
1,2,216,inner_train
1,2,217,inner_train
1,2,221,inner_train
1,2,224,inner_train
1,2,225,inner_train
1,2,226,inner_train
1,2,228,inner_train
1,2,230,inner_train
1,2,233,inner_train
1,2,234,inner_train
1,2,237,inner_train
1,2,240,inner_train
1,2,241,inner_train
1,2,245,inner_train
1,2,246,inner_train
1,2,248,inner_train
1,2,249,inner_train
1,2,250,inner_train
1,2,251,inner_train
1,2,252,inner_train
1,2,254,inner_train
1,2,257,inner_train
1,2,258,inner_train
1,2,259,inner_train
1,2,260,inner_train
1,2,263,inner_train
1,2,264,inner_train
1,2,269,inner_train
1,2,270,inner_train
1,2,271,inner_train
1,2,272,inner_train
1,2,273,inner_train
1,2,274,inner_train
1,2,275,inner_train
1,2,276,inner_train
1,2,278,inner_train
1,2,279,inner_train
1,2,281,inner_train
1,2,283,inner_train
1,2,284,inner_train
1,2,285,inner_train
1,2,286,inner_train
1,2,288,inner_train
1,2,290,inner_train
1,2,292,inner_train
1,2,293,inner_train
1,2,294,inner_train
1,2,296,inner_train
1,2,299,inner_train
1,2,300,inner_train
1,2,301,inner_train
1,2,302,inner_train
1,2,304,inner_train
1,2,306,inner_train
1,2,307,inner_train
1,2,309,inner_train
1,2,310,inner_train
1,2,312,inner_train
1,2,313,inner_train
1,2,315,inner_train
1,2,319,inner_train
1,2,320,inner_train
1,2,321,inner_train
1,2,324,inner_train
1,2,325,inner_train
1,2,326,inner_train
1,2,327,inner_train
1,2,328,inner_train
1,2,330,inner_train
1,2,332,inner_train
1,2,335,inner_train
1,2,339,inner_train
1,2,340,inner_train
1,2,342,inner_train
1,2,344,inner_train
1,2,349,inner_train
1,2,350,inner_train
1,2,351,inner_train
1,2,357,inner_train
1,2,361,inner_train
1,2,362,inner_train
1,2,363,inner_train
1,2,364,inner_train
1,2,365,inner_train
1,2,367,inner_train
1,2,369,inner_train
1,2,370,inner_train
1,2,371,inner_train
1,2,372,inner_train
1,2,373,inner_train
1,2,374,inner_train
1,2,376,inner_train
1,2,377,inner_train
1,2,380,inner_train
1,2,382,inner_train
1,2,383,inner_train
1,2,384,inner_train
1,2,386,inner_train
1,2,387,inner_train
1,2,388,inner_train
1,2,390,inner_train
1,2,391,inner_train
1,2,395,inner_train
1,2,396,inner_train
1,2,398,inner_train
1,2,399,inner_train
1,2,400,inner_train
1,2,401,inner_train
1,2,405,inner_train
1,2,406,inner_train
1,2,413,inner_train
1,2,414,inner_train
1,2,418,inner_train
1,2,419,inner_train
1,2,420,inner_train
1,2,421,inner_train
1,2,422,inner_train
1,2,423,inner_train
1,2,424,inner_train
1,2,425,inner_train
1,2,429,inner_train
1,2,434,inner_train
1,2,436,inner_train
1,2,437,inner_train
1,2,439,inner_train
1,2,441,inner_train
1,2,443,inner_train
1,2,444,inner_train
1,2,445,inner_train
1,2,446,inner_train
1,2,448,inner_train
1,2,449,inner_train
1,2,450,inner_train
1,2,452,inner_train
1,2,453,inner_train
1,2,454,inner_train
1,2,456,inner_train
1,2,457,inner_train
1,2,459,inner_train
1,2,460,inner_train
1,2,462,inner_train
1,2,463,inner_train
1,2,466,inner_train
1,2,469,inner_train
1,2,471,inner_train
1,2,472,inner_train
1,2,473,inner_train
1,2,474,inner_train
1,2,478,inner_train
1,2,479,inner_train
1,2,483,inner_train
1,2,486,inner_train
1,2,487,inner_train
1,2,489,inner_train
1,2,490,inner_train
1,2,491,inner_train
1,2,492,inner_train
1,2,496,inner_train
1,2,498,inner_train
1,2,5,inner_validation
1,2,12,inner_validation
1,2,25,inner_validation
1,2,26,inner_validation
1,2,35,inner_validation
1,2,48,inner_validation
1,2,51,inner_validation
1,2,58,inner_validation
1,2,61,inner_validation
1,2,64,inner_validation
1,2,66,inner_validation
1,2,67,inner_validation
1,2,75,inner_validation
1,2,81,inner_validation
1,2,98,inner_validation
1,2,100,inner_validation
1,2,102,inner_validation
1,2,109,inner_validation
1,2,117,inner_validation
1,2,124,inner_validation
1,2,126,inner_validation
1,2,142,inner_validation
1,2,143,inner_validation
1,2,153,inner_validation
1,2,154,inner_validation
1,2,161,inner_validation
1,2,163,inner_validation
1,2,164,inner_validation
1,2,181,inner_validation
1,2,185,inner_validation
1,2,188,inner_validation
1,2,206,inner_validation
1,2,219,inner_validation
1,2,222,inner_validation
1,2,227,inner_validation
1,2,229,inner_validation
1,2,235,inner_validation
1,2,236,inner_validation
1,2,242,inner_validation
1,2,244,inner_validation
1,2,247,inner_validation
1,2,253,inner_validation
1,2,255,inner_validation
1,2,261,inner_validation
1,2,262,inner_validation
1,2,266,inner_validation
1,2,268,inner_validation
1,2,280,inner_validation
1,2,282,inner_validation
1,2,291,inner_validation
1,2,295,inner_validation
1,2,298,inner_validation
1,2,303,inner_validation
1,2,311,inner_validation
1,2,316,inner_validation
1,2,317,inner_validation
1,2,318,inner_validation
1,2,323,inner_validation
1,2,331,inner_validation
1,2,337,inner_validation
1,2,338,inner_validation
1,2,341,inner_validation
1,2,343,inner_validation
1,2,346,inner_validation
1,2,348,inner_validation
1,2,353,inner_validation
1,2,358,inner_validation
1,2,359,inner_validation
1,2,366,inner_validation
1,2,375,inner_validation
1,2,378,inner_validation
1,2,381,inner_validation
1,2,389,inner_validation
1,2,403,inner_validation
1,2,407,inner_validation
1,2,408,inner_validation
1,2,409,inner_validation
1,2,411,inner_validation
1,2,412,inner_validation
1,2,427,inner_validation
1,2,430,inner_validation
1,2,433,inner_validation
1,2,438,inner_validation
1,2,447,inner_validation
1,2,451,inner_validation
1,2,455,inner_validation
1,2,465,inner_validation
1,2,467,inner_validation
1,2,470,inner_validation
1,2,475,inner_validation
1,2,476,inner_validation
1,2,480,inner_validation
1,2,481,inner_validation
1,2,482,inner_validation
1,2,484,inner_validation
1,2,485,inner_validation
1,2,488,inner_validation
1,2,494,inner_validation
1,2,495,inner_validation
1,2,497,inner_validation
2,2,0,inner_train
2,2,1,inner_train
2,2,2,inner_train
2,2,3,inner_train
2,2,5,inner_train
2,2,6,inner_train
2,2,9,inner_train
2,2,11,inner_train
2,2,12,inner_train
2,2,15,inner_train
2,2,16,inner_train
2,2,17,inner_train
2,2,18,inner_train
2,2,21,inner_train
2,2,22,inner_train
2,2,23,inner_train
2,2,25,inner_train
2,2,26,inner_train
2,2,27,inner_train
2,2,28,inner_train
2,2,29,inner_train
2,2,31,inner_train
2,2,32,inner_train
2,2,33,inner_train
2,2,35,inner_train
2,2,36,inner_train
2,2,37,inner_train
2,2,42,inner_train
2,2,43,inner_train
2,2,45,inner_train
2,2,48,inner_train
2,2,51,inner_train
2,2,54,inner_train
2,2,56,inner_train
2,2,57,inner_train
2,2,58,inner_train
2,2,59,inner_train
2,2,60,inner_train
2,2,61,inner_train
2,2,64,inner_train
2,2,65,inner_train
2,2,66,inner_train
2,2,67,inner_train
2,2,70,inner_train
2,2,71,inner_train
2,2,72,inner_train
2,2,73,inner_train
2,2,74,inner_train
2,2,75,inner_train
2,2,76,inner_train
2,2,80,inner_train
2,2,81,inner_train
2,2,83,inner_train
2,2,89,inner_train
2,2,91,inner_train
2,2,92,inner_train
2,2,94,inner_train
2,2,95,inner_train
2,2,96,inner_train
2,2,97,inner_train
2,2,98,inner_train
2,2,99,inner_train
2,2,100,inner_train
2,2,102,inner_train
2,2,103,inner_train
2,2,106,inner_train
2,2,108,inner_train
2,2,109,inner_train
2,2,110,inner_train
2,2,111,inner_train
2,2,113,inner_train
2,2,117,inner_train
2,2,118,inner_train
2,2,123,inner_train
2,2,124,inner_train
2,2,125,inner_train
2,2,126,inner_train
2,2,129,inner_train
2,2,133,inner_train
2,2,134,inner_train
2,2,137,inner_train
2,2,140,inner_train
2,2,142,inner_train
2,2,143,inner_train
2,2,144,inner_train
2,2,145,inner_train
2,2,147,inner_train
2,2,148,inner_train
2,2,149,inner_train
2,2,151,inner_train
2,2,153,inner_train
2,2,154,inner_train
2,2,155,inner_train
2,2,157,inner_train
2,2,161,inner_train
2,2,163,inner_train
2,2,164,inner_train
2,2,167,inner_train
2,2,169,inner_train
2,2,171,inner_train
2,2,174,inner_train
2,2,175,inner_train
2,2,177,inner_train
2,2,178,inner_train
2,2,179,inner_train
2,2,181,inner_train
2,2,182,inner_train
2,2,184,inner_train
2,2,185,inner_train
2,2,186,inner_train
2,2,187,inner_train
2,2,188,inner_train
2,2,190,inner_train
2,2,191,inner_train
2,2,193,inner_train
2,2,195,inner_train
2,2,196,inner_train
2,2,199,inner_train
2,2,200,inner_train
2,2,201,inner_train
2,2,203,inner_train
2,2,204,inner_train
2,2,206,inner_train
2,2,209,inner_train
2,2,213,inner_train
2,2,216,inner_train
2,2,217,inner_train
2,2,219,inner_train
2,2,222,inner_train
2,2,225,inner_train
2,2,227,inner_train
2,2,228,inner_train
2,2,229,inner_train
2,2,230,inner_train
2,2,233,inner_train
2,2,235,inner_train
2,2,236,inner_train
2,2,237,inner_train
2,2,240,inner_train
2,2,241,inner_train
2,2,242,inner_train
2,2,244,inner_train
2,2,247,inner_train
2,2,248,inner_train
2,2,249,inner_train
2,2,250,inner_train
2,2,252,inner_train
2,2,253,inner_train
2,2,254,inner_train
2,2,255,inner_train
2,2,257,inner_train
2,2,258,inner_train
2,2,259,inner_train
2,2,260,inner_train
2,2,261,inner_train
2,2,262,inner_train
2,2,264,inner_train
2,2,266,inner_train
2,2,268,inner_train
2,2,269,inner_train
2,2,270,inner_train
2,2,271,inner_train
2,2,272,inner_train
2,2,273,inner_train
2,2,274,inner_train
2,2,275,inner_train
2,2,278,inner_train
2,2,279,inner_train
2,2,280,inner_train
2,2,281,inner_train
2,2,282,inner_train
2,2,284,inner_train
2,2,285,inner_train
2,2,286,inner_train
2,2,288,inner_train
2,2,290,inner_train
2,2,291,inner_train
2,2,292,inner_train
2,2,293,inner_train
2,2,294,inner_train
2,2,295,inner_train
2,2,296,inner_train
2,2,298,inner_train
2,2,300,inner_train
2,2,301,inner_train
2,2,302,inner_train
2,2,303,inner_train
2,2,304,inner_train
2,2,307,inner_train
2,2,311,inner_train
2,2,312,inner_train
2,2,313,inner_train
2,2,315,inner_train
2,2,316,inner_train
2,2,317,inner_train
2,2,318,inner_train
2,2,320,inner_train
2,2,321,inner_train
2,2,323,inner_train
2,2,324,inner_train
2,2,325,inner_train
2,2,326,inner_train
2,2,327,inner_train
2,2,328,inner_train
2,2,330,inner_train
2,2,331,inner_train
2,2,335,inner_train
2,2,337,inner_train
2,2,338,inner_train
2,2,340,inner_train
2,2,341,inner_train
2,2,343,inner_train
2,2,344,inner_train
2,2,346,inner_train
2,2,348,inner_train
2,2,349,inner_train
2,2,350,inner_train
2,2,351,inner_train
2,2,353,inner_train
2,2,357,inner_train
2,2,358,inner_train
2,2,359,inner_train
2,2,363,inner_train
2,2,364,inner_train
2,2,365,inner_train
2,2,366,inner_train
2,2,367,inner_train
2,2,371,inner_train
2,2,372,inner_train
2,2,374,inner_train
2,2,375,inner_train
2,2,376,inner_train
2,2,377,inner_train
2,2,378,inner_train
2,2,380,inner_train
2,2,381,inner_train
2,2,382,inner_train
2,2,383,inner_train
2,2,384,inner_train
2,2,386,inner_train
2,2,389,inner_train
2,2,390,inner_train
2,2,391,inner_train
2,2,395,inner_train
2,2,399,inner_train
2,2,400,inner_train
2,2,403,inner_train
2,2,406,inner_train
2,2,407,inner_train
2,2,408,inner_train
2,2,409,inner_train
2,2,411,inner_train
2,2,412,inner_train
2,2,418,inner_train
2,2,420,inner_train
2,2,422,inner_train
2,2,423,inner_train
2,2,427,inner_train
2,2,429,inner_train
2,2,430,inner_train
2,2,433,inner_train
2,2,437,inner_train
2,2,438,inner_train
2,2,439,inner_train
2,2,441,inner_train
2,2,444,inner_train
2,2,445,inner_train
2,2,446,inner_train
2,2,447,inner_train
2,2,450,inner_train
2,2,451,inner_train
2,2,453,inner_train
2,2,454,inner_train
2,2,455,inner_train
2,2,456,inner_train
2,2,459,inner_train
2,2,463,inner_train
2,2,465,inner_train
2,2,466,inner_train
2,2,467,inner_train
2,2,470,inner_train
2,2,472,inner_train
2,2,474,inner_train
2,2,475,inner_train
2,2,476,inner_train
2,2,479,inner_train
2,2,480,inner_train
2,2,481,inner_train
2,2,482,inner_train
2,2,484,inner_train
2,2,485,inner_train
2,2,487,inner_train
2,2,488,inner_train
2,2,490,inner_train
2,2,491,inner_train
2,2,492,inner_train
2,2,494,inner_train
2,2,495,inner_train
2,2,497,inner_train
2,2,498,inner_train
2,2,4,inner_validation
2,2,7,inner_validation
2,2,8,inner_validation
2,2,14,inner_validation
2,2,24,inner_validation
2,2,30,inner_validation
2,2,39,inner_validation
2,2,44,inner_validation
2,2,52,inner_validation
2,2,53,inner_validation
2,2,62,inner_validation
2,2,63,inner_validation
2,2,68,inner_validation
2,2,69,inner_validation
2,2,79,inner_validation
2,2,82,inner_validation
2,2,87,inner_validation
2,2,88,inner_validation
2,2,90,inner_validation
2,2,101,inner_validation
2,2,107,inner_validation
2,2,116,inner_validation
2,2,120,inner_validation
2,2,128,inner_validation
2,2,130,inner_validation
2,2,131,inner_validation
2,2,135,inner_validation
2,2,139,inner_validation
2,2,141,inner_validation
2,2,146,inner_validation
2,2,150,inner_validation
2,2,152,inner_validation
2,2,156,inner_validation
2,2,159,inner_validation
2,2,160,inner_validation
2,2,165,inner_validation
2,2,166,inner_validation
2,2,168,inner_validation
2,2,173,inner_validation
2,2,180,inner_validation
2,2,189,inner_validation
2,2,192,inner_validation
2,2,194,inner_validation
2,2,197,inner_validation
2,2,207,inner_validation
2,2,208,inner_validation
2,2,211,inner_validation
2,2,214,inner_validation
2,2,221,inner_validation
2,2,224,inner_validation
2,2,226,inner_validation
2,2,234,inner_validation
2,2,245,inner_validation
2,2,246,inner_validation
2,2,251,inner_validation
2,2,263,inner_validation
2,2,276,inner_validation
2,2,283,inner_validation
2,2,299,inner_validation
2,2,306,inner_validation
2,2,309,inner_validation
2,2,310,inner_validation
2,2,319,inner_validation
2,2,332,inner_validation
2,2,339,inner_validation
2,2,342,inner_validation
2,2,361,inner_validation
2,2,362,inner_validation
2,2,369,inner_validation
2,2,370,inner_validation
2,2,373,inner_validation
2,2,387,inner_validation
2,2,388,inner_validation
2,2,396,inner_validation
2,2,398,inner_validation
2,2,401,inner_validation
2,2,405,inner_validation
2,2,413,inner_validation
2,2,414,inner_validation
2,2,419,inner_validation
2,2,421,inner_validation
2,2,424,inner_validation
2,2,425,inner_validation
2,2,434,inner_validation
2,2,436,inner_validation
2,2,443,inner_validation
2,2,448,inner_validation
2,2,449,inner_validation
2,2,452,inner_validation
2,2,457,inner_validation
2,2,460,inner_validation
2,2,462,inner_validation
2,2,469,inner_validation
2,2,471,inner_validation
2,2,473,inner_validation
2,2,478,inner_validation
2,2,483,inner_validation
2,2,486,inner_validation
2,2,489,inner_validation
2,2,496,inner_validation
3,2,2,inner_train
3,2,4,inner_train
3,2,5,inner_train
3,2,7,inner_train
3,2,8,inner_train
3,2,9,inner_train
3,2,11,inner_train
3,2,12,inner_train
3,2,14,inner_train
3,2,21,inner_train
3,2,23,inner_train
3,2,24,inner_train
3,2,25,inner_train
3,2,26,inner_train
3,2,28,inner_train
3,2,30,inner_train
3,2,31,inner_train
3,2,35,inner_train
3,2,37,inner_train
3,2,39,inner_train
3,2,44,inner_train
3,2,48,inner_train
3,2,51,inner_train
3,2,52,inner_train
3,2,53,inner_train
3,2,57,inner_train
3,2,58,inner_train
3,2,60,inner_train
3,2,61,inner_train
3,2,62,inner_train
3,2,63,inner_train
3,2,64,inner_train
3,2,65,inner_train
3,2,66,inner_train
3,2,67,inner_train
3,2,68,inner_train
3,2,69,inner_train
3,2,70,inner_train
3,2,75,inner_train
3,2,79,inner_train
3,2,80,inner_train
3,2,81,inner_train
3,2,82,inner_train
3,2,83,inner_train
3,2,87,inner_train
3,2,88,inner_train
3,2,90,inner_train
3,2,92,inner_train
3,2,94,inner_train
3,2,95,inner_train
3,2,98,inner_train
3,2,100,inner_train
3,2,101,inner_train
3,2,102,inner_train
3,2,107,inner_train
3,2,108,inner_train
3,2,109,inner_train
3,2,113,inner_train
3,2,116,inner_train
3,2,117,inner_train
3,2,118,inner_train
3,2,120,inner_train
3,2,123,inner_train
3,2,124,inner_train
3,2,126,inner_train
3,2,128,inner_train
3,2,129,inner_train
3,2,130,inner_train
3,2,131,inner_train
3,2,135,inner_train
3,2,137,inner_train
3,2,139,inner_train
3,2,140,inner_train
3,2,141,inner_train
3,2,142,inner_train
3,2,143,inner_train
3,2,145,inner_train
3,2,146,inner_train
3,2,148,inner_train
3,2,150,inner_train
3,2,151,inner_train
3,2,152,inner_train
3,2,153,inner_train
3,2,154,inner_train
3,2,155,inner_train
3,2,156,inner_train
3,2,157,inner_train
3,2,159,inner_train
3,2,160,inner_train
3,2,161,inner_train
3,2,163,inner_train
3,2,164,inner_train
3,2,165,inner_train
3,2,166,inner_train
3,2,168,inner_train
3,2,169,inner_train
3,2,173,inner_train
3,2,174,inner_train
3,2,180,inner_train
3,2,181,inner_train
3,2,182,inner_train
3,2,184,inner_train
3,2,185,inner_train
3,2,187,inner_train
3,2,188,inner_train
3,2,189,inner_train
3,2,192,inner_train
3,2,193,inner_train
3,2,194,inner_train
3,2,195,inner_train
3,2,197,inner_train
3,2,200,inner_train
3,2,201,inner_train
3,2,203,inner_train
3,2,204,inner_train
3,2,206,inner_train
3,2,207,inner_train
3,2,208,inner_train
3,2,209,inner_train
3,2,211,inner_train
3,2,214,inner_train
3,2,217,inner_train
3,2,219,inner_train
3,2,221,inner_train
3,2,222,inner_train
3,2,224,inner_train
3,2,225,inner_train
3,2,226,inner_train
3,2,227,inner_train
3,2,229,inner_train
3,2,230,inner_train
3,2,234,inner_train
3,2,235,inner_train
3,2,236,inner_train
3,2,240,inner_train
3,2,241,inner_train
3,2,242,inner_train
3,2,244,inner_train
3,2,245,inner_train
3,2,246,inner_train
3,2,247,inner_train
3,2,248,inner_train
3,2,249,inner_train
3,2,251,inner_train
3,2,252,inner_train
3,2,253,inner_train
3,2,255,inner_train
3,2,257,inner_train
3,2,258,inner_train
3,2,260,inner_train
3,2,261,inner_train
3,2,262,inner_train
3,2,263,inner_train
3,2,264,inner_train
3,2,266,inner_train
3,2,268,inner_train
3,2,273,inner_train
3,2,275,inner_train
3,2,276,inner_train
3,2,279,inner_train
3,2,280,inner_train
3,2,281,inner_train
3,2,282,inner_train
3,2,283,inner_train
3,2,284,inner_train
3,2,285,inner_train
3,2,288,inner_train
3,2,290,inner_train
3,2,291,inner_train
3,2,292,inner_train
3,2,293,inner_train
3,2,295,inner_train
3,2,296,inner_train
3,2,298,inner_train
3,2,299,inner_train
3,2,300,inner_train
3,2,301,inner_train
3,2,303,inner_train
3,2,306,inner_train
3,2,307,inner_train
3,2,309,inner_train
3,2,310,inner_train
3,2,311,inner_train
3,2,313,inner_train
3,2,315,inner_train
3,2,316,inner_train
3,2,317,inner_train
3,2,318,inner_train
3,2,319,inner_train
3,2,320,inner_train
3,2,321,inner_train
3,2,323,inner_train
3,2,324,inner_train
3,2,327,inner_train
3,2,330,inner_train
3,2,331,inner_train
3,2,332,inner_train
3,2,337,inner_train
3,2,338,inner_train
3,2,339,inner_train
3,2,340,inner_train
3,2,341,inner_train
3,2,342,inner_train
3,2,343,inner_train
3,2,344,inner_train
3,2,346,inner_train
3,2,348,inner_train
3,2,350,inner_train
3,2,353,inner_train
3,2,358,inner_train
3,2,359,inner_train
3,2,361,inner_train
3,2,362,inner_train
3,2,363,inner_train
3,2,365,inner_train
3,2,366,inner_train
3,2,367,inner_train
3,2,369,inner_train
3,2,370,inner_train
3,2,372,inner_train
3,2,373,inner_train
3,2,374,inner_train
3,2,375,inner_train
3,2,376,inner_train
3,2,377,inner_train
3,2,378,inner_train
3,2,381,inner_train
3,2,383,inner_train
3,2,387,inner_train
3,2,388,inner_train
3,2,389,inner_train
3,2,390,inner_train
3,2,391,inner_train
3,2,395,inner_train
3,2,396,inner_train
3,2,398,inner_train
3,2,399,inner_train
3,2,401,inner_train
3,2,403,inner_train
3,2,405,inner_train
3,2,406,inner_train
3,2,407,inner_train
3,2,408,inner_train
3,2,409,inner_train
3,2,411,inner_train
3,2,412,inner_train
3,2,413,inner_train
3,2,414,inner_train
3,2,419,inner_train
3,2,420,inner_train
3,2,421,inner_train
3,2,424,inner_train
3,2,425,inner_train
3,2,427,inner_train
3,2,429,inner_train
3,2,430,inner_train
3,2,433,inner_train
3,2,434,inner_train
3,2,436,inner_train
3,2,438,inner_train
3,2,443,inner_train
3,2,444,inner_train
3,2,445,inner_train
3,2,447,inner_train
3,2,448,inner_train
3,2,449,inner_train
3,2,451,inner_train
3,2,452,inner_train
3,2,453,inner_train
3,2,455,inner_train
3,2,456,inner_train
3,2,457,inner_train
3,2,460,inner_train
3,2,462,inner_train
3,2,463,inner_train
3,2,465,inner_train
3,2,467,inner_train
3,2,469,inner_train
3,2,470,inner_train
3,2,471,inner_train
3,2,473,inner_train
3,2,475,inner_train
3,2,476,inner_train
3,2,478,inner_train
3,2,480,inner_train
3,2,481,inner_train
3,2,482,inner_train
3,2,483,inner_train
3,2,484,inner_train
3,2,485,inner_train
3,2,486,inner_train
3,2,488,inner_train
3,2,489,inner_train
3,2,490,inner_train
3,2,491,inner_train
3,2,494,inner_train
3,2,495,inner_train
3,2,496,inner_train
3,2,497,inner_train
3,2,498,inner_train
3,2,0,inner_validation
3,2,1,inner_validation
3,2,3,inner_validation
3,2,6,inner_validation
3,2,15,inner_validation
3,2,16,inner_validation
3,2,17,inner_validation
3,2,18,inner_validation
3,2,22,inner_validation
3,2,27,inner_validation
3,2,29,inner_validation
3,2,32,inner_validation
3,2,33,inner_validation
3,2,36,inner_validation
3,2,42,inner_validation
3,2,43,inner_validation
3,2,45,inner_validation
3,2,54,inner_validation
3,2,56,inner_validation
3,2,59,inner_validation
3,2,71,inner_validation
3,2,72,inner_validation
3,2,73,inner_validation
3,2,74,inner_validation
3,2,76,inner_validation
3,2,89,inner_validation
3,2,91,inner_validation
3,2,96,inner_validation
3,2,97,inner_validation
3,2,99,inner_validation
3,2,103,inner_validation
3,2,106,inner_validation
3,2,110,inner_validation
3,2,111,inner_validation
3,2,125,inner_validation
3,2,133,inner_validation
3,2,134,inner_validation
3,2,144,inner_validation
3,2,147,inner_validation
3,2,149,inner_validation
3,2,167,inner_validation
3,2,171,inner_validation
3,2,175,inner_validation
3,2,177,inner_validation
3,2,178,inner_validation
3,2,179,inner_validation
3,2,186,inner_validation
3,2,190,inner_validation
3,2,191,inner_validation
3,2,196,inner_validation
3,2,199,inner_validation
3,2,213,inner_validation
3,2,216,inner_validation
3,2,228,inner_validation
3,2,233,inner_validation
3,2,237,inner_validation
3,2,250,inner_validation
3,2,254,inner_validation
3,2,259,inner_validation
3,2,269,inner_validation
3,2,270,inner_validation
3,2,271,inner_validation
3,2,272,inner_validation
3,2,274,inner_validation
3,2,278,inner_validation
3,2,286,inner_validation
3,2,294,inner_validation
3,2,302,inner_validation
3,2,304,inner_validation
3,2,312,inner_validation
3,2,325,inner_validation
3,2,326,inner_validation
3,2,328,inner_validation
3,2,335,inner_validation
3,2,349,inner_validation
3,2,351,inner_validation
3,2,357,inner_validation
3,2,364,inner_validation
3,2,371,inner_validation
3,2,380,inner_validation
3,2,382,inner_validation
3,2,384,inner_validation
3,2,386,inner_validation
3,2,400,inner_validation
3,2,418,inner_validation
3,2,422,inner_validation
3,2,423,inner_validation
3,2,437,inner_validation
3,2,439,inner_validation
3,2,441,inner_validation
3,2,446,inner_validation
3,2,450,inner_validation
3,2,454,inner_validation
3,2,459,inner_validation
3,2,466,inner_validation
3,2,472,inner_validation
3,2,474,inner_validation
3,2,479,inner_validation
3,2,487,inner_validation
3,2,492,inner_validation
4,2,0,inner_train
4,2,1,inner_train
4,2,3,inner_train
4,2,4,inner_train
4,2,5,inner_train
4,2,6,inner_train
4,2,7,inner_train
4,2,8,inner_train
4,2,12,inner_train
4,2,14,inner_train
4,2,15,inner_train
4,2,16,inner_train
4,2,17,inner_train
4,2,18,inner_train
4,2,22,inner_train
4,2,24,inner_train
4,2,25,inner_train
4,2,26,inner_train
4,2,27,inner_train
4,2,29,inner_train
4,2,30,inner_train
4,2,32,inner_train
4,2,33,inner_train
4,2,35,inner_train
4,2,36,inner_train
4,2,39,inner_train
4,2,42,inner_train
4,2,43,inner_train
4,2,44,inner_train
4,2,45,inner_train
4,2,48,inner_train
4,2,51,inner_train
4,2,52,inner_train
4,2,53,inner_train
4,2,54,inner_train
4,2,56,inner_train
4,2,58,inner_train
4,2,59,inner_train
4,2,61,inner_train
4,2,62,inner_train
4,2,63,inner_train
4,2,64,inner_train
4,2,66,inner_train
4,2,67,inner_train
4,2,68,inner_train
4,2,69,inner_train
4,2,71,inner_train
4,2,72,inner_train
4,2,73,inner_train
4,2,74,inner_train
4,2,75,inner_train
4,2,76,inner_train
4,2,79,inner_train
4,2,81,inner_train
4,2,82,inner_train
4,2,87,inner_train
4,2,88,inner_train
4,2,89,inner_train
4,2,90,inner_train
4,2,91,inner_train
4,2,96,inner_train
4,2,97,inner_train
4,2,98,inner_train
4,2,99,inner_train
4,2,100,inner_train
4,2,101,inner_train
4,2,102,inner_train
4,2,103,inner_train
4,2,106,inner_train
4,2,107,inner_train
4,2,109,inner_train
4,2,110,inner_train
4,2,111,inner_train
4,2,116,inner_train
4,2,117,inner_train
4,2,120,inner_train
4,2,124,inner_train
4,2,125,inner_train
4,2,126,inner_train
4,2,128,inner_train
4,2,130,inner_train
4,2,131,inner_train
4,2,133,inner_train
4,2,134,inner_train
4,2,135,inner_train
4,2,139,inner_train
4,2,141,inner_train
4,2,142,inner_train
4,2,143,inner_train
4,2,144,inner_train
4,2,146,inner_train
4,2,147,inner_train
4,2,149,inner_train
4,2,150,inner_train
4,2,152,inner_train
4,2,153,inner_train
4,2,154,inner_train
4,2,156,inner_train
4,2,159,inner_train
4,2,160,inner_train
4,2,161,inner_train
4,2,163,inner_train
4,2,164,inner_train
4,2,165,inner_train
4,2,166,inner_train
4,2,167,inner_train
4,2,168,inner_train
4,2,171,inner_train
4,2,173,inner_train
4,2,175,inner_train
4,2,177,inner_train
4,2,178,inner_train
4,2,179,inner_train
4,2,180,inner_train
4,2,181,inner_train
4,2,185,inner_train
4,2,186,inner_train
4,2,188,inner_train
4,2,189,inner_train
4,2,190,inner_train
4,2,191,inner_train
4,2,192,inner_train
4,2,194,inner_train
4,2,196,inner_train
4,2,197,inner_train
4,2,199,inner_train
4,2,206,inner_train
4,2,207,inner_train
4,2,208,inner_train
4,2,211,inner_train
4,2,213,inner_train
4,2,214,inner_train
4,2,216,inner_train
4,2,219,inner_train
4,2,221,inner_train
4,2,222,inner_train
4,2,224,inner_train
4,2,226,inner_train
4,2,227,inner_train
4,2,228,inner_train
4,2,229,inner_train
4,2,233,inner_train
4,2,234,inner_train
4,2,235,inner_train
4,2,236,inner_train
4,2,237,inner_train
4,2,242,inner_train
4,2,244,inner_train
4,2,245,inner_train
4,2,246,inner_train
4,2,247,inner_train
4,2,250,inner_train
4,2,251,inner_train
4,2,253,inner_train
4,2,254,inner_train
4,2,255,inner_train
4,2,259,inner_train
4,2,261,inner_train
4,2,262,inner_train
4,2,263,inner_train
4,2,266,inner_train
4,2,268,inner_train
4,2,269,inner_train
4,2,270,inner_train
4,2,271,inner_train
4,2,272,inner_train
4,2,274,inner_train
4,2,276,inner_train
4,2,278,inner_train
4,2,280,inner_train
4,2,282,inner_train
4,2,283,inner_train
4,2,286,inner_train
4,2,291,inner_train
4,2,294,inner_train
4,2,295,inner_train
4,2,298,inner_train
4,2,299,inner_train
4,2,302,inner_train
4,2,303,inner_train
4,2,304,inner_train
4,2,306,inner_train
4,2,309,inner_train
4,2,310,inner_train
4,2,311,inner_train
4,2,312,inner_train
4,2,316,inner_train
4,2,317,inner_train
4,2,318,inner_train
4,2,319,inner_train
4,2,323,inner_train
4,2,325,inner_train
4,2,326,inner_train
4,2,328,inner_train
4,2,331,inner_train
4,2,332,inner_train
4,2,335,inner_train
4,2,337,inner_train
4,2,338,inner_train
4,2,339,inner_train
4,2,341,inner_train
4,2,342,inner_train
4,2,343,inner_train
4,2,346,inner_train
4,2,348,inner_train
4,2,349,inner_train
4,2,351,inner_train
4,2,353,inner_train
4,2,357,inner_train
4,2,358,inner_train
4,2,359,inner_train
4,2,361,inner_train
4,2,362,inner_train
4,2,364,inner_train
4,2,366,inner_train
4,2,369,inner_train
4,2,370,inner_train
4,2,371,inner_train
4,2,373,inner_train
4,2,375,inner_train
4,2,378,inner_train
4,2,380,inner_train
4,2,381,inner_train
4,2,382,inner_train
4,2,384,inner_train
4,2,386,inner_train
4,2,387,inner_train
4,2,388,inner_train
4,2,389,inner_train
4,2,396,inner_train
4,2,398,inner_train
4,2,400,inner_train
4,2,401,inner_train
4,2,403,inner_train
4,2,405,inner_train
4,2,407,inner_train
4,2,408,inner_train
4,2,409,inner_train
4,2,411,inner_train
4,2,412,inner_train
4,2,413,inner_train
4,2,414,inner_train
4,2,418,inner_train
4,2,419,inner_train
4,2,421,inner_train
4,2,422,inner_train
4,2,423,inner_train
4,2,424,inner_train
4,2,425,inner_train
4,2,427,inner_train
4,2,430,inner_train
4,2,433,inner_train
4,2,434,inner_train
4,2,436,inner_train
4,2,437,inner_train
4,2,438,inner_train
4,2,439,inner_train
4,2,441,inner_train
4,2,443,inner_train
4,2,446,inner_train
4,2,447,inner_train
4,2,448,inner_train
4,2,449,inner_train
4,2,450,inner_train
4,2,451,inner_train
4,2,452,inner_train
4,2,454,inner_train
4,2,455,inner_train
4,2,457,inner_train
4,2,459,inner_train
4,2,460,inner_train
4,2,462,inner_train
4,2,465,inner_train
4,2,466,inner_train
4,2,467,inner_train
4,2,469,inner_train
4,2,470,inner_train
4,2,471,inner_train
4,2,472,inner_train
4,2,473,inner_train
4,2,474,inner_train
4,2,475,inner_train
4,2,476,inner_train
4,2,478,inner_train
4,2,479,inner_train
4,2,480,inner_train
4,2,481,inner_train
4,2,482,inner_train
4,2,483,inner_train
4,2,484,inner_train
4,2,485,inner_train
4,2,486,inner_train
4,2,487,inner_train
4,2,488,inner_train
4,2,489,inner_train
4,2,492,inner_train
4,2,494,inner_train
4,2,495,inner_train
4,2,496,inner_train
4,2,497,inner_train
4,2,2,inner_validation
4,2,9,inner_validation
4,2,11,inner_validation
4,2,21,inner_validation
4,2,23,inner_validation
4,2,28,inner_validation
4,2,31,inner_validation
4,2,37,inner_validation
4,2,57,inner_validation
4,2,60,inner_validation
4,2,65,inner_validation
4,2,70,inner_validation
4,2,80,inner_validation
4,2,83,inner_validation
4,2,92,inner_validation
4,2,94,inner_validation
4,2,95,inner_validation
4,2,108,inner_validation
4,2,113,inner_validation
4,2,118,inner_validation
4,2,123,inner_validation
4,2,129,inner_validation
4,2,137,inner_validation
4,2,140,inner_validation
4,2,145,inner_validation
4,2,148,inner_validation
4,2,151,inner_validation
4,2,155,inner_validation
4,2,157,inner_validation
4,2,169,inner_validation
4,2,174,inner_validation
4,2,182,inner_validation
4,2,184,inner_validation
4,2,187,inner_validation
4,2,193,inner_validation
4,2,195,inner_validation
4,2,200,inner_validation
4,2,201,inner_validation
4,2,203,inner_validation
4,2,204,inner_validation
4,2,209,inner_validation
4,2,217,inner_validation
4,2,225,inner_validation
4,2,230,inner_validation
4,2,240,inner_validation
4,2,241,inner_validation
4,2,248,inner_validation
4,2,249,inner_validation
4,2,252,inner_validation
4,2,257,inner_validation
4,2,258,inner_validation
4,2,260,inner_validation
4,2,264,inner_validation
4,2,273,inner_validation
4,2,275,inner_validation
4,2,279,inner_validation
4,2,281,inner_validation
4,2,284,inner_validation
4,2,285,inner_validation
4,2,288,inner_validation
4,2,290,inner_validation
4,2,292,inner_validation
4,2,293,inner_validation
4,2,296,inner_validation
4,2,300,inner_validation
4,2,301,inner_validation
4,2,307,inner_validation
4,2,313,inner_validation
4,2,315,inner_validation
4,2,320,inner_validation
4,2,321,inner_validation
4,2,324,inner_validation
4,2,327,inner_validation
4,2,330,inner_validation
4,2,340,inner_validation
4,2,344,inner_validation
4,2,350,inner_validation
4,2,363,inner_validation
4,2,365,inner_validation
4,2,367,inner_validation
4,2,372,inner_validation
4,2,374,inner_validation
4,2,376,inner_validation
4,2,377,inner_validation
4,2,383,inner_validation
4,2,390,inner_validation
4,2,391,inner_validation
4,2,395,inner_validation
4,2,399,inner_validation
4,2,406,inner_validation
4,2,420,inner_validation
4,2,429,inner_validation
4,2,444,inner_validation
4,2,445,inner_validation
4,2,453,inner_validation
4,2,456,inner_validation
4,2,463,inner_validation
4,2,490,inner_validation
4,2,491,inner_validation
4,2,498,inner_validation
,3,0,outer_train
,3,1,outer_train
,3,3,outer_train
,3,4,outer_train
,3,8,outer_train
,3,9,outer_train
,3,10,outer_train
,3,11,outer_train
,3,12,outer_train
,3,13,outer_train
,3,14,outer_train
,3,15,outer_train
,3,16,outer_train
,3,17,outer_train
,3,18,outer_train
,3,19,outer_train
,3,20,outer_train
,3,21,outer_train
,3,24,outer_train
,3,25,outer_train
,3,26,outer_train
,3,27,outer_train
,3,28,outer_train
,3,30,outer_train
,3,31,outer_train
,3,33,outer_train
,3,34,outer_train
,3,35,outer_train
,3,36,outer_train
,3,37,outer_train
,3,38,outer_train
,3,40,outer_train
,3,41,outer_train
,3,42,outer_train
,3,44,outer_train
,3,45,outer_train
,3,46,outer_train
,3,47,outer_train
,3,48,outer_train
,3,49,outer_train
,3,50,outer_train
,3,51,outer_train
,3,52,outer_train
,3,53,outer_train
,3,54,outer_train
,3,55,outer_train
,3,56,outer_train
,3,59,outer_train
,3,60,outer_train
,3,61,outer_train
,3,62,outer_train
,3,63,outer_train
,3,64,outer_train
,3,65,outer_train
,3,66,outer_train
,3,67,outer_train
,3,68,outer_train
,3,69,outer_train
,3,70,outer_train
,3,71,outer_train
,3,72,outer_train
,3,74,outer_train
,3,76,outer_train
,3,77,outer_train
,3,78,outer_train
,3,80,outer_train
,3,81,outer_train
,3,82,outer_train
,3,84,outer_train
,3,85,outer_train
,3,86,outer_train
,3,88,outer_train
,3,90,outer_train
,3,91,outer_train
,3,93,outer_train
,3,94,outer_train
,3,95,outer_train
,3,96,outer_train
,3,97,outer_train
,3,98,outer_train
,3,100,outer_train
,3,101,outer_train
,3,102,outer_train
,3,103,outer_train
,3,104,outer_train
,3,105,outer_train
,3,107,outer_train
,3,108,outer_train
,3,109,outer_train
,3,111,outer_train
,3,112,outer_train
,3,114,outer_train
,3,115,outer_train
,3,116,outer_train
,3,117,outer_train
,3,118,outer_train
,3,119,outer_train
,3,120,outer_train
,3,121,outer_train
,3,122,outer_train
,3,123,outer_train
,3,124,outer_train
,3,125,outer_train
,3,126,outer_train
,3,127,outer_train
,3,128,outer_train
,3,129,outer_train
,3,130,outer_train
,3,131,outer_train
,3,132,outer_train
,3,133,outer_train
,3,134,outer_train
,3,135,outer_train
,3,136,outer_train
,3,137,outer_train
,3,138,outer_train
,3,140,outer_train
,3,141,outer_train
,3,142,outer_train
,3,143,outer_train
,3,144,outer_train
,3,145,outer_train
,3,148,outer_train
,3,149,outer_train
,3,150,outer_train
,3,151,outer_train
,3,152,outer_train
,3,153,outer_train
,3,154,outer_train
,3,157,outer_train
,3,158,outer_train
,3,159,outer_train
,3,161,outer_train
,3,162,outer_train
,3,163,outer_train
,3,165,outer_train
,3,166,outer_train
,3,167,outer_train
,3,168,outer_train
,3,170,outer_train
,3,171,outer_train
,3,172,outer_train
,3,173,outer_train
,3,176,outer_train
,3,177,outer_train
,3,178,outer_train
,3,179,outer_train
,3,180,outer_train
,3,181,outer_train
,3,182,outer_train
,3,183,outer_train
,3,188,outer_train
,3,190,outer_train
,3,191,outer_train
,3,192,outer_train
,3,194,outer_train
,3,195,outer_train
,3,196,outer_train
,3,197,outer_train
,3,198,outer_train
,3,200,outer_train
,3,201,outer_train
,3,202,outer_train
,3,205,outer_train
,3,206,outer_train
,3,207,outer_train
,3,208,outer_train
,3,209,outer_train
,3,210,outer_train
,3,211,outer_train
,3,212,outer_train
,3,213,outer_train
,3,214,outer_train
,3,215,outer_train
,3,216,outer_train
,3,218,outer_train
,3,219,outer_train
,3,220,outer_train
,3,221,outer_train
,3,222,outer_train
,3,223,outer_train
,3,224,outer_train
,3,225,outer_train
,3,226,outer_train
,3,227,outer_train
,3,228,outer_train
,3,229,outer_train
,3,231,outer_train
,3,232,outer_train
,3,233,outer_train
,3,236,outer_train
,3,237,outer_train
,3,238,outer_train
,3,239,outer_train
,3,240,outer_train
,3,241,outer_train
,3,242,outer_train
,3,243,outer_train
,3,244,outer_train
,3,245,outer_train
,3,247,outer_train
,3,249,outer_train
,3,250,outer_train
,3,251,outer_train
,3,252,outer_train
,3,253,outer_train
,3,254,outer_train
,3,256,outer_train
,3,257,outer_train
,3,258,outer_train
,3,260,outer_train
,3,261,outer_train
,3,262,outer_train
,3,263,outer_train
,3,264,outer_train
,3,265,outer_train
,3,266,outer_train
,3,267,outer_train
,3,268,outer_train
,3,270,outer_train
,3,271,outer_train
,3,272,outer_train
,3,273,outer_train
,3,274,outer_train
,3,275,outer_train
,3,276,outer_train
,3,277,outer_train
,3,278,outer_train
,3,279,outer_train
,3,281,outer_train
,3,282,outer_train
,3,283,outer_train
,3,284,outer_train
,3,285,outer_train
,3,286,outer_train
,3,287,outer_train
,3,288,outer_train
,3,289,outer_train
,3,290,outer_train
,3,291,outer_train
,3,293,outer_train
,3,295,outer_train
,3,296,outer_train
,3,297,outer_train
,3,298,outer_train
,3,299,outer_train
,3,303,outer_train
,3,305,outer_train
,3,306,outer_train
,3,308,outer_train
,3,310,outer_train
,3,312,outer_train
,3,313,outer_train
,3,314,outer_train
,3,315,outer_train
,3,316,outer_train
,3,320,outer_train
,3,322,outer_train
,3,323,outer_train
,3,324,outer_train
,3,325,outer_train
,3,326,outer_train
,3,328,outer_train
,3,329,outer_train
,3,330,outer_train
,3,331,outer_train
,3,332,outer_train
,3,333,outer_train
,3,334,outer_train
,3,335,outer_train
,3,336,outer_train
,3,337,outer_train
,3,338,outer_train
,3,339,outer_train
,3,340,outer_train
,3,342,outer_train
,3,343,outer_train
,3,345,outer_train
,3,346,outer_train
,3,347,outer_train
,3,348,outer_train
,3,349,outer_train
,3,350,outer_train
,3,351,outer_train
,3,352,outer_train
,3,353,outer_train
,3,354,outer_train
,3,355,outer_train
,3,356,outer_train
,3,358,outer_train
,3,359,outer_train
,3,360,outer_train
,3,362,outer_train
,3,364,outer_train
,3,365,outer_train
,3,366,outer_train
,3,367,outer_train
,3,368,outer_train
,3,369,outer_train
,3,371,outer_train
,3,373,outer_train
,3,374,outer_train
,3,376,outer_train
,3,377,outer_train
,3,378,outer_train
,3,379,outer_train
,3,381,outer_train
,3,382,outer_train
,3,383,outer_train
,3,385,outer_train
,3,386,outer_train
,3,387,outer_train
,3,388,outer_train
,3,389,outer_train
,3,390,outer_train
,3,391,outer_train
,3,392,outer_train
,3,393,outer_train
,3,394,outer_train
,3,395,outer_train
,3,396,outer_train
,3,397,outer_train
,3,398,outer_train
,3,400,outer_train
,3,401,outer_train
,3,402,outer_train
,3,403,outer_train
,3,404,outer_train
,3,405,outer_train
,3,406,outer_train
,3,407,outer_train
,3,408,outer_train
,3,409,outer_train
,3,410,outer_train
,3,412,outer_train
,3,414,outer_train
,3,415,outer_train
,3,416,outer_train
,3,417,outer_train
,3,418,outer_train
,3,420,outer_train
,3,421,outer_train
,3,422,outer_train
,3,423,outer_train
,3,424,outer_train
,3,425,outer_train
,3,426,outer_train
,3,427,outer_train
,3,428,outer_train
,3,429,outer_train
,3,430,outer_train
,3,431,outer_train
,3,432,outer_train
,3,435,outer_train
,3,437,outer_train
,3,438,outer_train
,3,439,outer_train
,3,440,outer_train
,3,441,outer_train
,3,442,outer_train
,3,443,outer_train
,3,444,outer_train
,3,445,outer_train
,3,446,outer_train
,3,447,outer_train
,3,448,outer_train
,3,449,outer_train
,3,450,outer_train
,3,451,outer_train
,3,453,outer_train
,3,454,outer_train
,3,455,outer_train
,3,456,outer_train
,3,457,outer_train
,3,458,outer_train
,3,461,outer_train
,3,464,outer_train
,3,465,outer_train
,3,467,outer_train
,3,468,outer_train
,3,469,outer_train
,3,470,outer_train
,3,473,outer_train
,3,474,outer_train
,3,476,outer_train
,3,477,outer_train
,3,478,outer_train
,3,480,outer_train
,3,481,outer_train
,3,485,outer_train
,3,486,outer_train
,3,487,outer_train
,3,488,outer_train
,3,489,outer_train
,3,491,outer_train
,3,493,outer_train
,3,495,outer_train
,3,496,outer_train
,3,498,outer_train
,3,499,outer_train
,3,2,outer_test
,3,5,outer_test
,3,6,outer_test
,3,7,outer_test
,3,22,outer_test
,3,23,outer_test
,3,29,outer_test
,3,32,outer_test
,3,39,outer_test
,3,43,outer_test
,3,57,outer_test
,3,58,outer_test
,3,73,outer_test
,3,75,outer_test
,3,79,outer_test
,3,83,outer_test
,3,87,outer_test
,3,89,outer_test
,3,92,outer_test
,3,99,outer_test
,3,106,outer_test
,3,110,outer_test
,3,113,outer_test
,3,139,outer_test
,3,146,outer_test
,3,147,outer_test
,3,155,outer_test
,3,156,outer_test
,3,160,outer_test
,3,164,outer_test
,3,169,outer_test
,3,174,outer_test
,3,175,outer_test
,3,184,outer_test
,3,185,outer_test
,3,186,outer_test
,3,187,outer_test
,3,189,outer_test
,3,193,outer_test
,3,199,outer_test
,3,203,outer_test
,3,204,outer_test
,3,217,outer_test
,3,230,outer_test
,3,234,outer_test
,3,235,outer_test
,3,246,outer_test
,3,248,outer_test
,3,255,outer_test
,3,259,outer_test
,3,269,outer_test
,3,280,outer_test
,3,292,outer_test
,3,294,outer_test
,3,300,outer_test
,3,301,outer_test
,3,302,outer_test
,3,304,outer_test
,3,307,outer_test
,3,309,outer_test
,3,311,outer_test
,3,317,outer_test
,3,318,outer_test
,3,319,outer_test
,3,321,outer_test
,3,327,outer_test
,3,341,outer_test
,3,344,outer_test
,3,357,outer_test
,3,361,outer_test
,3,363,outer_test
,3,370,outer_test
,3,372,outer_test
,3,375,outer_test
,3,380,outer_test
,3,384,outer_test
,3,399,outer_test
,3,411,outer_test
,3,413,outer_test
,3,419,outer_test
,3,433,outer_test
,3,434,outer_test
,3,436,outer_test
,3,452,outer_test
,3,459,outer_test
,3,460,outer_test
,3,462,outer_test
,3,463,outer_test
,3,466,outer_test
,3,471,outer_test
,3,472,outer_test
,3,475,outer_test
,3,479,outer_test
,3,482,outer_test
,3,483,outer_test
,3,484,outer_test
,3,490,outer_test
,3,492,outer_test
,3,494,outer_test
,3,497,outer_test
1,3,0,inner_train
1,3,1,inner_train
1,3,3,inner_train
1,3,8,inner_train
1,3,9,inner_train
1,3,10,inner_train
1,3,11,inner_train
1,3,12,inner_train
1,3,13,inner_train
1,3,14,inner_train
1,3,17,inner_train
1,3,19,inner_train
1,3,20,inner_train
1,3,21,inner_train
1,3,24,inner_train
1,3,26,inner_train
1,3,27,inner_train
1,3,28,inner_train
1,3,30,inner_train
1,3,31,inner_train
1,3,33,inner_train
1,3,34,inner_train
1,3,35,inner_train
1,3,36,inner_train
1,3,40,inner_train
1,3,41,inner_train
1,3,44,inner_train
1,3,47,inner_train
1,3,48,inner_train
1,3,49,inner_train
1,3,50,inner_train
1,3,51,inner_train
1,3,52,inner_train
1,3,53,inner_train
1,3,55,inner_train
1,3,56,inner_train
1,3,59,inner_train
1,3,60,inner_train
1,3,61,inner_train
1,3,63,inner_train
1,3,64,inner_train
1,3,66,inner_train
1,3,67,inner_train
1,3,68,inner_train
1,3,70,inner_train
1,3,71,inner_train
1,3,72,inner_train
1,3,74,inner_train
1,3,76,inner_train
1,3,77,inner_train
1,3,78,inner_train
1,3,80,inner_train
1,3,81,inner_train
1,3,82,inner_train
1,3,84,inner_train
1,3,85,inner_train
1,3,86,inner_train
1,3,88,inner_train
1,3,90,inner_train
1,3,94,inner_train
1,3,95,inner_train
1,3,96,inner_train
1,3,97,inner_train
1,3,98,inner_train
1,3,100,inner_train
1,3,103,inner_train
1,3,104,inner_train
1,3,105,inner_train
1,3,107,inner_train
1,3,112,inner_train
1,3,114,inner_train
1,3,115,inner_train
1,3,116,inner_train
1,3,117,inner_train
1,3,119,inner_train
1,3,120,inner_train
1,3,121,inner_train
1,3,122,inner_train
1,3,123,inner_train
1,3,125,inner_train
1,3,126,inner_train
1,3,127,inner_train
1,3,128,inner_train
1,3,130,inner_train
1,3,131,inner_train
1,3,134,inner_train
1,3,135,inner_train
1,3,136,inner_train
1,3,140,inner_train
1,3,141,inner_train
1,3,142,inner_train
1,3,143,inner_train
1,3,144,inner_train
1,3,145,inner_train
1,3,148,inner_train
1,3,149,inner_train
1,3,150,inner_train
1,3,151,inner_train
1,3,152,inner_train
1,3,154,inner_train
1,3,158,inner_train
1,3,159,inner_train
1,3,161,inner_train
1,3,162,inner_train
1,3,163,inner_train
1,3,165,inner_train
1,3,168,inner_train
1,3,171,inner_train
1,3,172,inner_train
1,3,176,inner_train
1,3,178,inner_train
1,3,180,inner_train
1,3,181,inner_train
1,3,182,inner_train
1,3,183,inner_train
1,3,188,inner_train
1,3,190,inner_train
1,3,191,inner_train
1,3,192,inner_train
1,3,194,inner_train
1,3,196,inner_train
1,3,200,inner_train
1,3,201,inner_train
1,3,205,inner_train
1,3,206,inner_train
1,3,207,inner_train
1,3,208,inner_train
1,3,209,inner_train
1,3,210,inner_train
1,3,211,inner_train
1,3,212,inner_train
1,3,214,inner_train
1,3,215,inner_train
1,3,218,inner_train
1,3,220,inner_train
1,3,221,inner_train
1,3,222,inner_train
1,3,223,inner_train
1,3,225,inner_train
1,3,227,inner_train
1,3,229,inner_train
1,3,231,inner_train
1,3,232,inner_train
1,3,236,inner_train
1,3,237,inner_train
1,3,238,inner_train
1,3,239,inner_train
1,3,240,inner_train
1,3,241,inner_train
1,3,242,inner_train
1,3,243,inner_train
1,3,244,inner_train
1,3,245,inner_train
1,3,249,inner_train
1,3,250,inner_train
1,3,251,inner_train
1,3,253,inner_train
1,3,256,inner_train
1,3,257,inner_train
1,3,258,inner_train
1,3,260,inner_train
1,3,262,inner_train
1,3,263,inner_train
1,3,264,inner_train
1,3,265,inner_train
1,3,267,inner_train
1,3,268,inner_train
1,3,271,inner_train
1,3,272,inner_train
1,3,273,inner_train
1,3,275,inner_train
1,3,276,inner_train
1,3,278,inner_train
1,3,279,inner_train
1,3,281,inner_train
1,3,282,inner_train
1,3,284,inner_train
1,3,286,inner_train
1,3,287,inner_train
1,3,288,inner_train
1,3,289,inner_train
1,3,290,inner_train
1,3,291,inner_train
1,3,293,inner_train
1,3,295,inner_train
1,3,297,inner_train
1,3,298,inner_train
1,3,299,inner_train
1,3,303,inner_train
1,3,305,inner_train
1,3,310,inner_train
1,3,312,inner_train
1,3,313,inner_train
1,3,314,inner_train
1,3,315,inner_train
1,3,316,inner_train
1,3,320,inner_train
1,3,323,inner_train
1,3,324,inner_train
1,3,325,inner_train
1,3,326,inner_train
1,3,328,inner_train
1,3,329,inner_train
1,3,330,inner_train
1,3,333,inner_train
1,3,334,inner_train
1,3,337,inner_train
1,3,338,inner_train
1,3,339,inner_train
1,3,342,inner_train
1,3,343,inner_train
1,3,345,inner_train
1,3,346,inner_train
1,3,347,inner_train
1,3,348,inner_train
1,3,349,inner_train
1,3,350,inner_train
1,3,351,inner_train
1,3,353,inner_train
1,3,354,inner_train
1,3,355,inner_train
1,3,358,inner_train
1,3,360,inner_train
1,3,362,inner_train
1,3,364,inner_train
1,3,365,inner_train
1,3,366,inner_train
1,3,368,inner_train
1,3,373,inner_train
1,3,374,inner_train
1,3,376,inner_train
1,3,377,inner_train
1,3,378,inner_train
1,3,381,inner_train
1,3,382,inner_train
1,3,383,inner_train
1,3,385,inner_train
1,3,386,inner_train
1,3,387,inner_train
1,3,388,inner_train
1,3,390,inner_train
1,3,391,inner_train
1,3,393,inner_train
1,3,394,inner_train
1,3,395,inner_train
1,3,397,inner_train
1,3,398,inner_train
1,3,400,inner_train
1,3,401,inner_train
1,3,402,inner_train
1,3,403,inner_train
1,3,404,inner_train
1,3,406,inner_train
1,3,408,inner_train
1,3,416,inner_train
1,3,418,inner_train
1,3,420,inner_train
1,3,421,inner_train
1,3,422,inner_train
1,3,423,inner_train
1,3,424,inner_train
1,3,425,inner_train
1,3,426,inner_train
1,3,427,inner_train
1,3,429,inner_train
1,3,431,inner_train
1,3,435,inner_train
1,3,439,inner_train
1,3,443,inner_train
1,3,444,inner_train
1,3,446,inner_train
1,3,447,inner_train
1,3,448,inner_train
1,3,449,inner_train
1,3,450,inner_train
1,3,453,inner_train
1,3,454,inner_train
1,3,457,inner_train
1,3,458,inner_train
1,3,461,inner_train
1,3,464,inner_train
1,3,465,inner_train
1,3,467,inner_train
1,3,469,inner_train
1,3,470,inner_train
1,3,473,inner_train
1,3,474,inner_train
1,3,476,inner_train
1,3,478,inner_train
1,3,480,inner_train
1,3,481,inner_train
1,3,485,inner_train
1,3,487,inner_train
1,3,488,inner_train
1,3,489,inner_train
1,3,491,inner_train
1,3,493,inner_train
1,3,495,inner_train
1,3,496,inner_train
1,3,498,inner_train
1,3,4,inner_validation
1,3,15,inner_validation
1,3,16,inner_validation
1,3,18,inner_validation
1,3,25,inner_validation
1,3,37,inner_validation
1,3,38,inner_validation
1,3,42,inner_validation
1,3,45,inner_validation
1,3,46,inner_validation
1,3,54,inner_validation
1,3,62,inner_validation
1,3,65,inner_validation
1,3,69,inner_validation
1,3,91,inner_validation
1,3,93,inner_validation
1,3,101,inner_validation
1,3,102,inner_validation
1,3,108,inner_validation
1,3,109,inner_validation
1,3,111,inner_validation
1,3,118,inner_validation
1,3,124,inner_validation
1,3,129,inner_validation
1,3,132,inner_validation
1,3,133,inner_validation
1,3,137,inner_validation
1,3,138,inner_validation
1,3,153,inner_validation
1,3,157,inner_validation
1,3,166,inner_validation
1,3,167,inner_validation
1,3,170,inner_validation
1,3,173,inner_validation
1,3,177,inner_validation
1,3,179,inner_validation
1,3,195,inner_validation
1,3,197,inner_validation
1,3,198,inner_validation
1,3,202,inner_validation
1,3,213,inner_validation
1,3,216,inner_validation
1,3,219,inner_validation
1,3,224,inner_validation
1,3,226,inner_validation
1,3,228,inner_validation
1,3,233,inner_validation
1,3,247,inner_validation
1,3,252,inner_validation
1,3,254,inner_validation
1,3,261,inner_validation
1,3,266,inner_validation
1,3,270,inner_validation
1,3,274,inner_validation
1,3,277,inner_validation
1,3,283,inner_validation
1,3,285,inner_validation
1,3,296,inner_validation
1,3,306,inner_validation
1,3,308,inner_validation
1,3,322,inner_validation
1,3,331,inner_validation
1,3,332,inner_validation
1,3,335,inner_validation
1,3,336,inner_validation
1,3,340,inner_validation
1,3,352,inner_validation
1,3,356,inner_validation
1,3,359,inner_validation
1,3,367,inner_validation
1,3,369,inner_validation
1,3,371,inner_validation
1,3,379,inner_validation
1,3,389,inner_validation
1,3,392,inner_validation
1,3,396,inner_validation
1,3,405,inner_validation
1,3,407,inner_validation
1,3,409,inner_validation
1,3,410,inner_validation
1,3,412,inner_validation
1,3,414,inner_validation
1,3,415,inner_validation
1,3,417,inner_validation
1,3,428,inner_validation
1,3,430,inner_validation
1,3,432,inner_validation
1,3,437,inner_validation
1,3,438,inner_validation
1,3,440,inner_validation
1,3,441,inner_validation
1,3,442,inner_validation
1,3,445,inner_validation
1,3,451,inner_validation
1,3,455,inner_validation
1,3,456,inner_validation
1,3,468,inner_validation
1,3,477,inner_validation
1,3,486,inner_validation
1,3,499,inner_validation
2,3,3,inner_train
2,3,4,inner_train
2,3,9,inner_train
2,3,11,inner_train
2,3,12,inner_train
2,3,13,inner_train
2,3,14,inner_train
2,3,15,inner_train
2,3,16,inner_train
2,3,17,inner_train
2,3,18,inner_train
2,3,19,inner_train
2,3,20,inner_train
2,3,25,inner_train
2,3,26,inner_train
2,3,28,inner_train
2,3,30,inner_train
2,3,33,inner_train
2,3,37,inner_train
2,3,38,inner_train
2,3,40,inner_train
2,3,41,inner_train
2,3,42,inner_train
2,3,44,inner_train
2,3,45,inner_train
2,3,46,inner_train
2,3,48,inner_train
2,3,49,inner_train
2,3,50,inner_train
2,3,51,inner_train
2,3,52,inner_train
2,3,53,inner_train
2,3,54,inner_train
2,3,56,inner_train
2,3,59,inner_train
2,3,61,inner_train
2,3,62,inner_train
2,3,64,inner_train
2,3,65,inner_train
2,3,66,inner_train
2,3,67,inner_train
2,3,69,inner_train
2,3,70,inner_train
2,3,74,inner_train
2,3,77,inner_train
2,3,81,inner_train
2,3,84,inner_train
2,3,85,inner_train
2,3,88,inner_train
2,3,90,inner_train
2,3,91,inner_train
2,3,93,inner_train
2,3,94,inner_train
2,3,95,inner_train
2,3,96,inner_train
2,3,97,inner_train
2,3,98,inner_train
2,3,100,inner_train
2,3,101,inner_train
2,3,102,inner_train
2,3,103,inner_train
2,3,107,inner_train
2,3,108,inner_train
2,3,109,inner_train
2,3,111,inner_train
2,3,112,inner_train
2,3,114,inner_train
2,3,116,inner_train
2,3,117,inner_train
2,3,118,inner_train
2,3,119,inner_train
2,3,121,inner_train
2,3,122,inner_train
2,3,124,inner_train
2,3,125,inner_train
2,3,126,inner_train
2,3,127,inner_train
2,3,128,inner_train
2,3,129,inner_train
2,3,130,inner_train
2,3,131,inner_train
2,3,132,inner_train
2,3,133,inner_train
2,3,135,inner_train
2,3,136,inner_train
2,3,137,inner_train
2,3,138,inner_train
2,3,141,inner_train
2,3,142,inner_train
2,3,149,inner_train
2,3,150,inner_train
2,3,151,inner_train
2,3,152,inner_train
2,3,153,inner_train
2,3,154,inner_train
2,3,157,inner_train
2,3,158,inner_train
2,3,161,inner_train
2,3,163,inner_train
2,3,165,inner_train
2,3,166,inner_train
2,3,167,inner_train
2,3,168,inner_train
2,3,170,inner_train
2,3,171,inner_train
2,3,173,inner_train
2,3,177,inner_train
2,3,179,inner_train
2,3,180,inner_train
2,3,181,inner_train
2,3,182,inner_train
2,3,183,inner_train
2,3,190,inner_train
2,3,191,inner_train
2,3,192,inner_train
2,3,195,inner_train
2,3,196,inner_train
2,3,197,inner_train
2,3,198,inner_train
2,3,200,inner_train
2,3,201,inner_train
2,3,202,inner_train
2,3,205,inner_train
2,3,206,inner_train
2,3,208,inner_train
2,3,209,inner_train
2,3,212,inner_train
2,3,213,inner_train
2,3,215,inner_train
2,3,216,inner_train
2,3,218,inner_train
2,3,219,inner_train
2,3,220,inner_train
2,3,221,inner_train
2,3,224,inner_train
2,3,225,inner_train
2,3,226,inner_train
2,3,228,inner_train
2,3,231,inner_train
2,3,232,inner_train
2,3,233,inner_train
2,3,239,inner_train
2,3,240,inner_train
2,3,244,inner_train
2,3,245,inner_train
2,3,247,inner_train
2,3,250,inner_train
2,3,251,inner_train
2,3,252,inner_train
2,3,253,inner_train
2,3,254,inner_train
2,3,256,inner_train
2,3,257,inner_train
2,3,258,inner_train
2,3,260,inner_train
2,3,261,inner_train
2,3,262,inner_train
2,3,263,inner_train
2,3,264,inner_train
2,3,265,inner_train
2,3,266,inner_train
2,3,267,inner_train
2,3,268,inner_train
2,3,270,inner_train
2,3,272,inner_train
2,3,273,inner_train
2,3,274,inner_train
2,3,275,inner_train
2,3,276,inner_train
2,3,277,inner_train
2,3,278,inner_train
2,3,281,inner_train
2,3,282,inner_train
2,3,283,inner_train
2,3,284,inner_train
2,3,285,inner_train
2,3,286,inner_train
2,3,287,inner_train
2,3,289,inner_train
2,3,290,inner_train
2,3,291,inner_train
2,3,293,inner_train
2,3,295,inner_train
2,3,296,inner_train
2,3,297,inner_train
2,3,298,inner_train
2,3,303,inner_train
2,3,305,inner_train
2,3,306,inner_train
2,3,308,inner_train
2,3,310,inner_train
2,3,312,inner_train
2,3,313,inner_train
2,3,315,inner_train
2,3,316,inner_train
2,3,322,inner_train
2,3,324,inner_train
2,3,325,inner_train
2,3,326,inner_train
2,3,328,inner_train
2,3,329,inner_train
2,3,331,inner_train
2,3,332,inner_train
2,3,334,inner_train
2,3,335,inner_train
2,3,336,inner_train
2,3,337,inner_train
2,3,339,inner_train
2,3,340,inner_train
2,3,342,inner_train
2,3,343,inner_train
2,3,348,inner_train
2,3,349,inner_train
2,3,350,inner_train
2,3,352,inner_train
2,3,353,inner_train
2,3,355,inner_train
2,3,356,inner_train
2,3,358,inner_train
2,3,359,inner_train
2,3,362,inner_train
2,3,367,inner_train
2,3,369,inner_train
2,3,371,inner_train
2,3,373,inner_train
2,3,377,inner_train
2,3,379,inner_train
2,3,381,inner_train
2,3,382,inner_train
2,3,383,inner_train
2,3,385,inner_train
2,3,386,inner_train
2,3,387,inner_train
2,3,388,inner_train
2,3,389,inner_train
2,3,390,inner_train
2,3,392,inner_train
2,3,394,inner_train
2,3,395,inner_train
2,3,396,inner_train
2,3,397,inner_train
2,3,398,inner_train
2,3,400,inner_train
2,3,401,inner_train
2,3,402,inner_train
2,3,403,inner_train
2,3,405,inner_train
2,3,406,inner_train
2,3,407,inner_train
2,3,408,inner_train
2,3,409,inner_train
2,3,410,inner_train
2,3,412,inner_train
2,3,414,inner_train
2,3,415,inner_train
2,3,416,inner_train
2,3,417,inner_train
2,3,418,inner_train
2,3,420,inner_train
2,3,422,inner_train
2,3,423,inner_train
2,3,425,inner_train
2,3,427,inner_train
2,3,428,inner_train
2,3,429,inner_train
2,3,430,inner_train
2,3,432,inner_train
2,3,435,inner_train
2,3,437,inner_train
2,3,438,inner_train
2,3,439,inner_train
2,3,440,inner_train
2,3,441,inner_train
2,3,442,inner_train
2,3,444,inner_train
2,3,445,inner_train
2,3,446,inner_train
2,3,447,inner_train
2,3,448,inner_train
2,3,451,inner_train
2,3,455,inner_train
2,3,456,inner_train
2,3,457,inner_train
2,3,458,inner_train
2,3,461,inner_train
2,3,464,inner_train
2,3,467,inner_train
2,3,468,inner_train
2,3,469,inner_train
2,3,477,inner_train
2,3,481,inner_train
2,3,485,inner_train
2,3,486,inner_train
2,3,487,inner_train
2,3,488,inner_train
2,3,489,inner_train
2,3,491,inner_train
2,3,493,inner_train
2,3,498,inner_train
2,3,499,inner_train
2,3,0,inner_validation
2,3,1,inner_validation
2,3,8,inner_validation
2,3,10,inner_validation
2,3,21,inner_validation
2,3,24,inner_validation
2,3,27,inner_validation
2,3,31,inner_validation
2,3,34,inner_validation
2,3,35,inner_validation
2,3,36,inner_validation
2,3,47,inner_validation
2,3,55,inner_validation
2,3,60,inner_validation
2,3,63,inner_validation
2,3,68,inner_validation
2,3,71,inner_validation
2,3,72,inner_validation
2,3,76,inner_validation
2,3,78,inner_validation
2,3,80,inner_validation
2,3,82,inner_validation
2,3,86,inner_validation
2,3,104,inner_validation
2,3,105,inner_validation
2,3,115,inner_validation
2,3,120,inner_validation
2,3,123,inner_validation
2,3,134,inner_validation
2,3,140,inner_validation
2,3,143,inner_validation
2,3,144,inner_validation
2,3,145,inner_validation
2,3,148,inner_validation
2,3,159,inner_validation
2,3,162,inner_validation
2,3,172,inner_validation
2,3,176,inner_validation
2,3,178,inner_validation
2,3,188,inner_validation
2,3,194,inner_validation
2,3,207,inner_validation
2,3,210,inner_validation
2,3,211,inner_validation
2,3,214,inner_validation
2,3,222,inner_validation
2,3,223,inner_validation
2,3,227,inner_validation
2,3,229,inner_validation
2,3,236,inner_validation
2,3,237,inner_validation
2,3,238,inner_validation
2,3,241,inner_validation
2,3,242,inner_validation
2,3,243,inner_validation
2,3,249,inner_validation
2,3,271,inner_validation
2,3,279,inner_validation
2,3,288,inner_validation
2,3,299,inner_validation
2,3,314,inner_validation
2,3,320,inner_validation
2,3,323,inner_validation
2,3,330,inner_validation
2,3,333,inner_validation
2,3,338,inner_validation
2,3,345,inner_validation
2,3,346,inner_validation
2,3,347,inner_validation
2,3,351,inner_validation
2,3,354,inner_validation
2,3,360,inner_validation
2,3,364,inner_validation
2,3,365,inner_validation
2,3,366,inner_validation
2,3,368,inner_validation
2,3,374,inner_validation
2,3,376,inner_validation
2,3,378,inner_validation
2,3,391,inner_validation
2,3,393,inner_validation
2,3,404,inner_validation
2,3,421,inner_validation
2,3,424,inner_validation
2,3,426,inner_validation
2,3,431,inner_validation
2,3,443,inner_validation
2,3,449,inner_validation
2,3,450,inner_validation
2,3,453,inner_validation
2,3,454,inner_validation
2,3,465,inner_validation
2,3,470,inner_validation
2,3,473,inner_validation
2,3,474,inner_validation
2,3,476,inner_validation
2,3,478,inner_validation
2,3,480,inner_validation
2,3,495,inner_validation
2,3,496,inner_validation
3,3,0,inner_train
3,3,1,inner_train
3,3,4,inner_train
3,3,8,inner_train
3,3,10,inner_train
3,3,11,inner_train
3,3,13,inner_train
3,3,14,inner_train
3,3,15,inner_train
3,3,16,inner_train
3,3,18,inner_train
3,3,21,inner_train
3,3,24,inner_train
3,3,25,inner_train
3,3,26,inner_train
3,3,27,inner_train
3,3,30,inner_train
3,3,31,inner_train
3,3,33,inner_train
3,3,34,inner_train
3,3,35,inner_train
3,3,36,inner_train
3,3,37,inner_train
3,3,38,inner_train
3,3,41,inner_train
3,3,42,inner_train
3,3,44,inner_train
3,3,45,inner_train
3,3,46,inner_train
3,3,47,inner_train
3,3,49,inner_train
3,3,50,inner_train
3,3,51,inner_train
3,3,52,inner_train
3,3,54,inner_train
3,3,55,inner_train
3,3,56,inner_train
3,3,59,inner_train
3,3,60,inner_train
3,3,62,inner_train
3,3,63,inner_train
3,3,64,inner_train
3,3,65,inner_train
3,3,67,inner_train
3,3,68,inner_train
3,3,69,inner_train
3,3,71,inner_train
3,3,72,inner_train
3,3,76,inner_train
3,3,78,inner_train
3,3,80,inner_train
3,3,81,inner_train
3,3,82,inner_train
3,3,86,inner_train
3,3,88,inner_train
3,3,90,inner_train
3,3,91,inner_train
3,3,93,inner_train
3,3,95,inner_train
3,3,100,inner_train
3,3,101,inner_train
3,3,102,inner_train
3,3,103,inner_train
3,3,104,inner_train
3,3,105,inner_train
3,3,107,inner_train
3,3,108,inner_train
3,3,109,inner_train
3,3,111,inner_train
3,3,112,inner_train
3,3,115,inner_train
3,3,116,inner_train
3,3,117,inner_train
3,3,118,inner_train
3,3,120,inner_train
3,3,122,inner_train
3,3,123,inner_train
3,3,124,inner_train
3,3,127,inner_train
3,3,129,inner_train
3,3,131,inner_train
3,3,132,inner_train
3,3,133,inner_train
3,3,134,inner_train
3,3,137,inner_train
3,3,138,inner_train
3,3,140,inner_train
3,3,142,inner_train
3,3,143,inner_train
3,3,144,inner_train
3,3,145,inner_train
3,3,148,inner_train
3,3,149,inner_train
3,3,151,inner_train
3,3,152,inner_train
3,3,153,inner_train
3,3,154,inner_train
3,3,157,inner_train
3,3,158,inner_train
3,3,159,inner_train
3,3,161,inner_train
3,3,162,inner_train
3,3,165,inner_train
3,3,166,inner_train
3,3,167,inner_train
3,3,168,inner_train
3,3,170,inner_train
3,3,172,inner_train
3,3,173,inner_train
3,3,176,inner_train
3,3,177,inner_train
3,3,178,inner_train
3,3,179,inner_train
3,3,181,inner_train
3,3,183,inner_train
3,3,188,inner_train
3,3,190,inner_train
3,3,194,inner_train
3,3,195,inner_train
3,3,197,inner_train
3,3,198,inner_train
3,3,200,inner_train
3,3,202,inner_train
3,3,207,inner_train
3,3,210,inner_train
3,3,211,inner_train
3,3,212,inner_train
3,3,213,inner_train
3,3,214,inner_train
3,3,216,inner_train
3,3,218,inner_train
3,3,219,inner_train
3,3,220,inner_train
3,3,222,inner_train
3,3,223,inner_train
3,3,224,inner_train
3,3,226,inner_train
3,3,227,inner_train
3,3,228,inner_train
3,3,229,inner_train
3,3,231,inner_train
3,3,232,inner_train
3,3,233,inner_train
3,3,236,inner_train
3,3,237,inner_train
3,3,238,inner_train
3,3,241,inner_train
3,3,242,inner_train
3,3,243,inner_train
3,3,245,inner_train
3,3,247,inner_train
3,3,249,inner_train
3,3,250,inner_train
3,3,252,inner_train
3,3,254,inner_train
3,3,256,inner_train
3,3,258,inner_train
3,3,261,inner_train
3,3,262,inner_train
3,3,263,inner_train
3,3,264,inner_train
3,3,265,inner_train
3,3,266,inner_train
3,3,268,inner_train
3,3,270,inner_train
3,3,271,inner_train
3,3,274,inner_train
3,3,275,inner_train
3,3,277,inner_train
3,3,279,inner_train
3,3,281,inner_train
3,3,282,inner_train
3,3,283,inner_train
3,3,284,inner_train
3,3,285,inner_train
3,3,288,inner_train
3,3,289,inner_train
3,3,290,inner_train
3,3,291,inner_train
3,3,295,inner_train
3,3,296,inner_train
3,3,298,inner_train
3,3,299,inner_train
3,3,303,inner_train
3,3,305,inner_train
3,3,306,inner_train
3,3,308,inner_train
3,3,310,inner_train
3,3,314,inner_train
3,3,315,inner_train
3,3,320,inner_train
3,3,322,inner_train
3,3,323,inner_train
3,3,325,inner_train
3,3,326,inner_train
3,3,330,inner_train
3,3,331,inner_train
3,3,332,inner_train
3,3,333,inner_train
3,3,334,inner_train
3,3,335,inner_train
3,3,336,inner_train
3,3,338,inner_train
3,3,339,inner_train
3,3,340,inner_train
3,3,342,inner_train
3,3,343,inner_train
3,3,345,inner_train
3,3,346,inner_train
3,3,347,inner_train
3,3,351,inner_train
3,3,352,inner_train
3,3,354,inner_train
3,3,356,inner_train
3,3,358,inner_train
3,3,359,inner_train
3,3,360,inner_train
3,3,362,inner_train
3,3,364,inner_train
3,3,365,inner_train
3,3,366,inner_train
3,3,367,inner_train
3,3,368,inner_train
3,3,369,inner_train
3,3,371,inner_train
3,3,374,inner_train
3,3,376,inner_train
3,3,377,inner_train
3,3,378,inner_train
3,3,379,inner_train
3,3,389,inner_train
3,3,390,inner_train
3,3,391,inner_train
3,3,392,inner_train
3,3,393,inner_train
3,3,396,inner_train
3,3,397,inner_train
3,3,400,inner_train
3,3,402,inner_train
3,3,403,inner_train
3,3,404,inner_train
3,3,405,inner_train
3,3,407,inner_train
3,3,409,inner_train
3,3,410,inner_train
3,3,412,inner_train
3,3,414,inner_train
3,3,415,inner_train
3,3,416,inner_train
3,3,417,inner_train
3,3,418,inner_train
3,3,420,inner_train
3,3,421,inner_train
3,3,424,inner_train
3,3,425,inner_train
3,3,426,inner_train
3,3,428,inner_train
3,3,429,inner_train
3,3,430,inner_train
3,3,431,inner_train
3,3,432,inner_train
3,3,437,inner_train
3,3,438,inner_train
3,3,440,inner_train
3,3,441,inner_train
3,3,442,inner_train
3,3,443,inner_train
3,3,445,inner_train
3,3,448,inner_train
3,3,449,inner_train
3,3,450,inner_train
3,3,451,inner_train
3,3,453,inner_train
3,3,454,inner_train
3,3,455,inner_train
3,3,456,inner_train
3,3,457,inner_train
3,3,458,inner_train
3,3,465,inner_train
3,3,468,inner_train
3,3,469,inner_train
3,3,470,inner_train
3,3,473,inner_train
3,3,474,inner_train
3,3,476,inner_train
3,3,477,inner_train
3,3,478,inner_train
3,3,480,inner_train
3,3,481,inner_train
3,3,485,inner_train
3,3,486,inner_train
3,3,487,inner_train
3,3,488,inner_train
3,3,489,inner_train
3,3,491,inner_train
3,3,493,inner_train
3,3,495,inner_train
3,3,496,inner_train
3,3,498,inner_train
3,3,499,inner_train
3,3,3,inner_validation
3,3,9,inner_validation
3,3,12,inner_validation
3,3,17,inner_validation
3,3,19,inner_validation
3,3,20,inner_validation
3,3,28,inner_validation
3,3,40,inner_validation
3,3,48,inner_validation
3,3,53,inner_validation
3,3,61,inner_validation
3,3,66,inner_validation
3,3,70,inner_validation
3,3,74,inner_validation
3,3,77,inner_validation
3,3,84,inner_validation
3,3,85,inner_validation
3,3,94,inner_validation
3,3,96,inner_validation
3,3,97,inner_validation
3,3,98,inner_validation
3,3,114,inner_validation
3,3,119,inner_validation
3,3,121,inner_validation
3,3,125,inner_validation
3,3,126,inner_validation
3,3,128,inner_validation
3,3,130,inner_validation
3,3,135,inner_validation
3,3,136,inner_validation
3,3,141,inner_validation
3,3,150,inner_validation
3,3,163,inner_validation
3,3,171,inner_validation
3,3,180,inner_validation
3,3,182,inner_validation
3,3,191,inner_validation
3,3,192,inner_validation
3,3,196,inner_validation
3,3,201,inner_validation
3,3,205,inner_validation
3,3,206,inner_validation
3,3,208,inner_validation
3,3,209,inner_validation
3,3,215,inner_validation
3,3,221,inner_validation
3,3,225,inner_validation
3,3,239,inner_validation
3,3,240,inner_validation
3,3,244,inner_validation
3,3,251,inner_validation
3,3,253,inner_validation
3,3,257,inner_validation
3,3,260,inner_validation
3,3,267,inner_validation
3,3,272,inner_validation
3,3,273,inner_validation
3,3,276,inner_validation
3,3,278,inner_validation
3,3,286,inner_validation
3,3,287,inner_validation
3,3,293,inner_validation
3,3,297,inner_validation
3,3,312,inner_validation
3,3,313,inner_validation
3,3,316,inner_validation
3,3,324,inner_validation
3,3,328,inner_validation
3,3,329,inner_validation
3,3,337,inner_validation
3,3,348,inner_validation
3,3,349,inner_validation
3,3,350,inner_validation
3,3,353,inner_validation
3,3,355,inner_validation
3,3,373,inner_validation
3,3,381,inner_validation
3,3,382,inner_validation
3,3,383,inner_validation
3,3,385,inner_validation
3,3,386,inner_validation
3,3,387,inner_validation
3,3,388,inner_validation
3,3,394,inner_validation
3,3,395,inner_validation
3,3,398,inner_validation
3,3,401,inner_validation
3,3,406,inner_validation
3,3,408,inner_validation
3,3,422,inner_validation
3,3,423,inner_validation
3,3,427,inner_validation
3,3,435,inner_validation
3,3,439,inner_validation
3,3,444,inner_validation
3,3,446,inner_validation
3,3,447,inner_validation
3,3,461,inner_validation
3,3,464,inner_validation
3,3,467,inner_validation
4,3,0,inner_train
4,3,1,inner_train
4,3,3,inner_train
4,3,4,inner_train
4,3,8,inner_train
4,3,9,inner_train
4,3,10,inner_train
4,3,12,inner_train
4,3,15,inner_train
4,3,16,inner_train
4,3,17,inner_train
4,3,18,inner_train
4,3,19,inner_train
4,3,20,inner_train
4,3,21,inner_train
4,3,24,inner_train
4,3,25,inner_train
4,3,27,inner_train
4,3,28,inner_train
4,3,31,inner_train
4,3,34,inner_train
4,3,35,inner_train
4,3,36,inner_train
4,3,37,inner_train
4,3,38,inner_train
4,3,40,inner_train
4,3,42,inner_train
4,3,45,inner_train
4,3,46,inner_train
4,3,47,inner_train
4,3,48,inner_train
4,3,53,inner_train
4,3,54,inner_train
4,3,55,inner_train
4,3,60,inner_train
4,3,61,inner_train
4,3,62,inner_train
4,3,63,inner_train
4,3,65,inner_train
4,3,66,inner_train
4,3,68,inner_train
4,3,69,inner_train
4,3,70,inner_train
4,3,71,inner_train
4,3,72,inner_train
4,3,74,inner_train
4,3,76,inner_train
4,3,77,inner_train
4,3,78,inner_train
4,3,80,inner_train
4,3,82,inner_train
4,3,84,inner_train
4,3,85,inner_train
4,3,86,inner_train
4,3,91,inner_train
4,3,93,inner_train
4,3,94,inner_train
4,3,96,inner_train
4,3,97,inner_train
4,3,98,inner_train
4,3,101,inner_train
4,3,102,inner_train
4,3,104,inner_train
4,3,105,inner_train
4,3,108,inner_train
4,3,109,inner_train
4,3,111,inner_train
4,3,114,inner_train
4,3,115,inner_train
4,3,118,inner_train
4,3,119,inner_train
4,3,120,inner_train
4,3,121,inner_train
4,3,123,inner_train
4,3,124,inner_train
4,3,125,inner_train
4,3,126,inner_train
4,3,128,inner_train
4,3,129,inner_train
4,3,130,inner_train
4,3,132,inner_train
4,3,133,inner_train
4,3,134,inner_train
4,3,135,inner_train
4,3,136,inner_train
4,3,137,inner_train
4,3,138,inner_train
4,3,140,inner_train
4,3,141,inner_train
4,3,143,inner_train
4,3,144,inner_train
4,3,145,inner_train
4,3,148,inner_train
4,3,150,inner_train
4,3,153,inner_train
4,3,157,inner_train
4,3,159,inner_train
4,3,162,inner_train
4,3,163,inner_train
4,3,166,inner_train
4,3,167,inner_train
4,3,170,inner_train
4,3,171,inner_train
4,3,172,inner_train
4,3,173,inner_train
4,3,176,inner_train
4,3,177,inner_train
4,3,178,inner_train
4,3,179,inner_train
4,3,180,inner_train
4,3,182,inner_train
4,3,188,inner_train
4,3,191,inner_train
4,3,192,inner_train
4,3,194,inner_train
4,3,195,inner_train
4,3,196,inner_train
4,3,197,inner_train
4,3,198,inner_train
4,3,201,inner_train
4,3,202,inner_train
4,3,205,inner_train
4,3,206,inner_train
4,3,207,inner_train
4,3,208,inner_train
4,3,209,inner_train
4,3,210,inner_train
4,3,211,inner_train
4,3,213,inner_train
4,3,214,inner_train
4,3,215,inner_train
4,3,216,inner_train
4,3,219,inner_train
4,3,221,inner_train
4,3,222,inner_train
4,3,223,inner_train
4,3,224,inner_train
4,3,225,inner_train
4,3,226,inner_train
4,3,227,inner_train
4,3,228,inner_train
4,3,229,inner_train
4,3,233,inner_train
4,3,236,inner_train
4,3,237,inner_train
4,3,238,inner_train
4,3,239,inner_train
4,3,240,inner_train
4,3,241,inner_train
4,3,242,inner_train
4,3,243,inner_train
4,3,244,inner_train
4,3,247,inner_train
4,3,249,inner_train
4,3,251,inner_train
4,3,252,inner_train
4,3,253,inner_train
4,3,254,inner_train
4,3,257,inner_train
4,3,260,inner_train
4,3,261,inner_train
4,3,266,inner_train
4,3,267,inner_train
4,3,270,inner_train
4,3,271,inner_train
4,3,272,inner_train
4,3,273,inner_train
4,3,274,inner_train
4,3,276,inner_train
4,3,277,inner_train
4,3,278,inner_train
4,3,279,inner_train
4,3,283,inner_train
4,3,285,inner_train
4,3,286,inner_train
4,3,287,inner_train
4,3,288,inner_train
4,3,293,inner_train
4,3,296,inner_train
4,3,297,inner_train
4,3,299,inner_train
4,3,306,inner_train
4,3,308,inner_train
4,3,312,inner_train
4,3,313,inner_train
4,3,314,inner_train
4,3,316,inner_train
4,3,320,inner_train
4,3,322,inner_train
4,3,323,inner_train
4,3,324,inner_train
4,3,328,inner_train
4,3,329,inner_train
4,3,330,inner_train
4,3,331,inner_train
4,3,332,inner_train
4,3,333,inner_train
4,3,335,inner_train
4,3,336,inner_train
4,3,337,inner_train
4,3,338,inner_train
4,3,340,inner_train
4,3,345,inner_train
4,3,346,inner_train
4,3,347,inner_train
4,3,348,inner_train
4,3,349,inner_train
4,3,350,inner_train
4,3,351,inner_train
4,3,352,inner_train
4,3,353,inner_train
4,3,354,inner_train
4,3,355,inner_train
4,3,356,inner_train
4,3,359,inner_train
4,3,360,inner_train
4,3,364,inner_train
4,3,365,inner_train
4,3,366,inner_train
4,3,367,inner_train
4,3,368,inner_train
4,3,369,inner_train
4,3,371,inner_train
4,3,373,inner_train
4,3,374,inner_train
4,3,376,inner_train
4,3,378,inner_train
4,3,379,inner_train
4,3,381,inner_train
4,3,382,inner_train
4,3,383,inner_train
4,3,385,inner_train
4,3,386,inner_train
4,3,387,inner_train
4,3,388,inner_train
4,3,389,inner_train
4,3,391,inner_train
4,3,392,inner_train
4,3,393,inner_train
4,3,394,inner_train
4,3,395,inner_train
4,3,396,inner_train
4,3,398,inner_train
4,3,401,inner_train
4,3,404,inner_train
4,3,405,inner_train
4,3,406,inner_train
4,3,407,inner_train
4,3,408,inner_train
4,3,409,inner_train
4,3,410,inner_train
4,3,412,inner_train
4,3,414,inner_train
4,3,415,inner_train
4,3,417,inner_train
4,3,421,inner_train
4,3,422,inner_train
4,3,423,inner_train
4,3,424,inner_train
4,3,426,inner_train
4,3,427,inner_train
4,3,428,inner_train
4,3,430,inner_train
4,3,431,inner_train
4,3,432,inner_train
4,3,435,inner_train
4,3,437,inner_train
4,3,438,inner_train
4,3,439,inner_train
4,3,440,inner_train
4,3,441,inner_train
4,3,442,inner_train
4,3,443,inner_train
4,3,444,inner_train
4,3,445,inner_train
4,3,446,inner_train
4,3,447,inner_train
4,3,449,inner_train
4,3,450,inner_train
4,3,451,inner_train
4,3,453,inner_train
4,3,454,inner_train
4,3,455,inner_train
4,3,456,inner_train
4,3,461,inner_train
4,3,464,inner_train
4,3,465,inner_train
4,3,467,inner_train
4,3,468,inner_train
4,3,470,inner_train
4,3,473,inner_train
4,3,474,inner_train
4,3,476,inner_train
4,3,477,inner_train
4,3,478,inner_train
4,3,480,inner_train
4,3,486,inner_train
4,3,495,inner_train
4,3,496,inner_train
4,3,499,inner_train
4,3,11,inner_validation
4,3,13,inner_validation
4,3,14,inner_validation
4,3,26,inner_validation
4,3,30,inner_validation
4,3,33,inner_validation
4,3,41,inner_validation
4,3,44,inner_validation
4,3,49,inner_validation
4,3,50,inner_validation
4,3,51,inner_validation
4,3,52,inner_validation
4,3,56,inner_validation
4,3,59,inner_validation
4,3,64,inner_validation
4,3,67,inner_validation
4,3,81,inner_validation
4,3,88,inner_validation
4,3,90,inner_validation
4,3,95,inner_validation
4,3,100,inner_validation
4,3,103,inner_validation
4,3,107,inner_validation
4,3,112,inner_validation
4,3,116,inner_validation
4,3,117,inner_validation
4,3,122,inner_validation
4,3,127,inner_validation
4,3,131,inner_validation
4,3,142,inner_validation
4,3,149,inner_validation
4,3,151,inner_validation
4,3,152,inner_validation
4,3,154,inner_validation
4,3,158,inner_validation
4,3,161,inner_validation
4,3,165,inner_validation
4,3,168,inner_validation
4,3,181,inner_validation
4,3,183,inner_validation
4,3,190,inner_validation
4,3,200,inner_validation
4,3,212,inner_validation
4,3,218,inner_validation
4,3,220,inner_validation
4,3,231,inner_validation
4,3,232,inner_validation
4,3,245,inner_validation
4,3,250,inner_validation
4,3,256,inner_validation
4,3,258,inner_validation
4,3,262,inner_validation
4,3,263,inner_validation
4,3,264,inner_validation
4,3,265,inner_validation
4,3,268,inner_validation
4,3,275,inner_validation
4,3,281,inner_validation
4,3,282,inner_validation
4,3,284,inner_validation
4,3,289,inner_validation
4,3,290,inner_validation
4,3,291,inner_validation
4,3,295,inner_validation
4,3,298,inner_validation
4,3,303,inner_validation
4,3,305,inner_validation
4,3,310,inner_validation
4,3,315,inner_validation
4,3,325,inner_validation
4,3,326,inner_validation
4,3,334,inner_validation
4,3,339,inner_validation
4,3,342,inner_validation
4,3,343,inner_validation
4,3,358,inner_validation
4,3,362,inner_validation
4,3,377,inner_validation
4,3,390,inner_validation
4,3,397,inner_validation
4,3,400,inner_validation
4,3,402,inner_validation
4,3,403,inner_validation
4,3,416,inner_validation
4,3,418,inner_validation
4,3,420,inner_validation
4,3,425,inner_validation
4,3,429,inner_validation
4,3,448,inner_validation
4,3,457,inner_validation
4,3,458,inner_validation
4,3,469,inner_validation
4,3,481,inner_validation
4,3,485,inner_validation
4,3,487,inner_validation
4,3,488,inner_validation
4,3,489,inner_validation
4,3,491,inner_validation
4,3,493,inner_validation
4,3,498,inner_validation
,4,0,outer_train
,4,1,outer_train
,4,2,outer_train
,4,3,outer_train
,4,4,outer_train
,4,5,outer_train
,4,6,outer_train
,4,7,outer_train
,4,8,outer_train
,4,9,outer_train
,4,10,outer_train
,4,11,outer_train
,4,12,outer_train
,4,13,outer_train
,4,14,outer_train
,4,15,outer_train
,4,16,outer_train
,4,17,outer_train
,4,19,outer_train
,4,20,outer_train
,4,21,outer_train
,4,22,outer_train
,4,23,outer_train
,4,28,outer_train
,4,29,outer_train
,4,30,outer_train
,4,31,outer_train
,4,32,outer_train
,4,33,outer_train
,4,34,outer_train
,4,38,outer_train
,4,39,outer_train
,4,40,outer_train
,4,41,outer_train
,4,42,outer_train
,4,43,outer_train
,4,45,outer_train
,4,46,outer_train
,4,47,outer_train
,4,48,outer_train
,4,49,outer_train
,4,50,outer_train
,4,51,outer_train
,4,52,outer_train
,4,55,outer_train
,4,57,outer_train
,4,58,outer_train
,4,59,outer_train
,4,60,outer_train
,4,61,outer_train
,4,62,outer_train
,4,63,outer_train
,4,66,outer_train
,4,67,outer_train
,4,69,outer_train
,4,71,outer_train
,4,72,outer_train
,4,73,outer_train
,4,74,outer_train
,4,75,outer_train
,4,76,outer_train
,4,77,outer_train
,4,78,outer_train
,4,79,outer_train
,4,80,outer_train
,4,83,outer_train
,4,84,outer_train
,4,85,outer_train
,4,86,outer_train
,4,87,outer_train
,4,88,outer_train
,4,89,outer_train
,4,90,outer_train
,4,91,outer_train
,4,92,outer_train
,4,93,outer_train
,4,94,outer_train
,4,96,outer_train
,4,97,outer_train
,4,99,outer_train
,4,100,outer_train
,4,102,outer_train
,4,103,outer_train
,4,104,outer_train
,4,105,outer_train
,4,106,outer_train
,4,107,outer_train
,4,109,outer_train
,4,110,outer_train
,4,111,outer_train
,4,112,outer_train
,4,113,outer_train
,4,114,outer_train
,4,115,outer_train
,4,117,outer_train
,4,118,outer_train
,4,119,outer_train
,4,121,outer_train
,4,122,outer_train
,4,123,outer_train
,4,127,outer_train
,4,128,outer_train
,4,129,outer_train
,4,132,outer_train
,4,133,outer_train
,4,135,outer_train
,4,136,outer_train
,4,138,outer_train
,4,139,outer_train
,4,141,outer_train
,4,142,outer_train
,4,143,outer_train
,4,145,outer_train
,4,146,outer_train
,4,147,outer_train
,4,148,outer_train
,4,149,outer_train
,4,150,outer_train
,4,151,outer_train
,4,154,outer_train
,4,155,outer_train
,4,156,outer_train
,4,158,outer_train
,4,160,outer_train
,4,161,outer_train
,4,162,outer_train
,4,163,outer_train
,4,164,outer_train
,4,165,outer_train
,4,167,outer_train
,4,169,outer_train
,4,170,outer_train
,4,172,outer_train
,4,173,outer_train
,4,174,outer_train
,4,175,outer_train
,4,176,outer_train
,4,177,outer_train
,4,178,outer_train
,4,179,outer_train
,4,181,outer_train
,4,183,outer_train
,4,184,outer_train
,4,185,outer_train
,4,186,outer_train
,4,187,outer_train
,4,188,outer_train
,4,189,outer_train
,4,190,outer_train
,4,191,outer_train
,4,193,outer_train
,4,195,outer_train
,4,196,outer_train
,4,198,outer_train
,4,199,outer_train
,4,200,outer_train
,4,202,outer_train
,4,203,outer_train
,4,204,outer_train
,4,205,outer_train
,4,208,outer_train
,4,209,outer_train
,4,210,outer_train
,4,211,outer_train
,4,212,outer_train
,4,213,outer_train
,4,214,outer_train
,4,215,outer_train
,4,216,outer_train
,4,217,outer_train
,4,218,outer_train
,4,219,outer_train
,4,220,outer_train
,4,221,outer_train
,4,222,outer_train
,4,223,outer_train
,4,224,outer_train
,4,225,outer_train
,4,226,outer_train
,4,227,outer_train
,4,228,outer_train
,4,230,outer_train
,4,231,outer_train
,4,232,outer_train
,4,233,outer_train
,4,234,outer_train
,4,235,outer_train
,4,236,outer_train
,4,238,outer_train
,4,239,outer_train
,4,240,outer_train
,4,243,outer_train
,4,244,outer_train
,4,245,outer_train
,4,246,outer_train
,4,247,outer_train
,4,248,outer_train
,4,250,outer_train
,4,251,outer_train
,4,252,outer_train
,4,253,outer_train
,4,254,outer_train
,4,255,outer_train
,4,256,outer_train
,4,257,outer_train
,4,258,outer_train
,4,259,outer_train
,4,260,outer_train
,4,261,outer_train
,4,262,outer_train
,4,264,outer_train
,4,265,outer_train
,4,266,outer_train
,4,267,outer_train
,4,269,outer_train
,4,273,outer_train
,4,277,outer_train
,4,278,outer_train
,4,279,outer_train
,4,280,outer_train
,4,284,outer_train
,4,285,outer_train
,4,287,outer_train
,4,289,outer_train
,4,290,outer_train
,4,291,outer_train
,4,292,outer_train
,4,293,outer_train
,4,294,outer_train
,4,295,outer_train
,4,297,outer_train
,4,298,outer_train
,4,299,outer_train
,4,300,outer_train
,4,301,outer_train
,4,302,outer_train
,4,303,outer_train
,4,304,outer_train
,4,305,outer_train
,4,306,outer_train
,4,307,outer_train
,4,308,outer_train
,4,309,outer_train
,4,310,outer_train
,4,311,outer_train
,4,314,outer_train
,4,315,outer_train
,4,316,outer_train
,4,317,outer_train
,4,318,outer_train
,4,319,outer_train
,4,321,outer_train
,4,322,outer_train
,4,323,outer_train
,4,324,outer_train
,4,325,outer_train
,4,326,outer_train
,4,327,outer_train
,4,328,outer_train
,4,329,outer_train
,4,330,outer_train
,4,331,outer_train
,4,333,outer_train
,4,334,outer_train
,4,335,outer_train
,4,336,outer_train
,4,337,outer_train
,4,338,outer_train
,4,339,outer_train
,4,341,outer_train
,4,344,outer_train
,4,345,outer_train
,4,347,outer_train
,4,348,outer_train
,4,349,outer_train
,4,350,outer_train
,4,352,outer_train
,4,353,outer_train
,4,354,outer_train
,4,355,outer_train
,4,356,outer_train
,4,357,outer_train
,4,358,outer_train
,4,360,outer_train
,4,361,outer_train
,4,363,outer_train
,4,364,outer_train
,4,365,outer_train
,4,366,outer_train
,4,367,outer_train
,4,368,outer_train
,4,369,outer_train
,4,370,outer_train
,4,371,outer_train
,4,372,outer_train
,4,373,outer_train
,4,374,outer_train
,4,375,outer_train
,4,376,outer_train
,4,377,outer_train
,4,378,outer_train
,4,379,outer_train
,4,380,outer_train
,4,382,outer_train
,4,383,outer_train
,4,384,outer_train
,4,385,outer_train
,4,389,outer_train
,4,390,outer_train
,4,391,outer_train
,4,392,outer_train
,4,393,outer_train
,4,394,outer_train
,4,395,outer_train
,4,396,outer_train
,4,397,outer_train
,4,399,outer_train
,4,402,outer_train
,4,404,outer_train
,4,405,outer_train
,4,407,outer_train
,4,408,outer_train
,4,409,outer_train
,4,410,outer_train
,4,411,outer_train
,4,412,outer_train
,4,413,outer_train
,4,414,outer_train
,4,415,outer_train
,4,416,outer_train
,4,417,outer_train
,4,418,outer_train
,4,419,outer_train
,4,420,outer_train
,4,421,outer_train
,4,423,outer_train
,4,424,outer_train
,4,425,outer_train
,4,426,outer_train
,4,428,outer_train
,4,431,outer_train
,4,432,outer_train
,4,433,outer_train
,4,434,outer_train
,4,435,outer_train
,4,436,outer_train
,4,437,outer_train
,4,438,outer_train
,4,439,outer_train
,4,440,outer_train
,4,442,outer_train
,4,443,outer_train
,4,444,outer_train
,4,445,outer_train
,4,447,outer_train
,4,450,outer_train
,4,451,outer_train
,4,452,outer_train
,4,453,outer_train
,4,454,outer_train
,4,455,outer_train
,4,456,outer_train
,4,458,outer_train
,4,459,outer_train
,4,460,outer_train
,4,461,outer_train
,4,462,outer_train
,4,463,outer_train
,4,464,outer_train
,4,466,outer_train
,4,467,outer_train
,4,468,outer_train
,4,469,outer_train
,4,470,outer_train
,4,471,outer_train
,4,472,outer_train
,4,474,outer_train
,4,475,outer_train
,4,476,outer_train
,4,477,outer_train
,4,478,outer_train
,4,479,outer_train
,4,480,outer_train
,4,481,outer_train
,4,482,outer_train
,4,483,outer_train
,4,484,outer_train
,4,485,outer_train
,4,486,outer_train
,4,488,outer_train
,4,489,outer_train
,4,490,outer_train
,4,492,outer_train
,4,493,outer_train
,4,494,outer_train
,4,495,outer_train
,4,496,outer_train
,4,497,outer_train
,4,498,outer_train
,4,499,outer_train
,4,18,outer_test
,4,24,outer_test
,4,25,outer_test
,4,26,outer_test
,4,27,outer_test
,4,35,outer_test
,4,36,outer_test
,4,37,outer_test
,4,44,outer_test
,4,53,outer_test
,4,54,outer_test
,4,56,outer_test
,4,64,outer_test
,4,65,outer_test
,4,68,outer_test
,4,70,outer_test
,4,81,outer_test
,4,82,outer_test
,4,95,outer_test
,4,98,outer_test
,4,101,outer_test
,4,108,outer_test
,4,116,outer_test
,4,120,outer_test
,4,124,outer_test
,4,125,outer_test
,4,126,outer_test
,4,130,outer_test
,4,131,outer_test
,4,134,outer_test
,4,137,outer_test
,4,140,outer_test
,4,144,outer_test
,4,152,outer_test
,4,153,outer_test
,4,157,outer_test
,4,159,outer_test
,4,166,outer_test
,4,168,outer_test
,4,171,outer_test
,4,180,outer_test
,4,182,outer_test
,4,192,outer_test
,4,194,outer_test
,4,197,outer_test
,4,201,outer_test
,4,206,outer_test
,4,207,outer_test
,4,229,outer_test
,4,237,outer_test
,4,241,outer_test
,4,242,outer_test
,4,249,outer_test
,4,263,outer_test
,4,268,outer_test
,4,270,outer_test
,4,271,outer_test
,4,272,outer_test
,4,274,outer_test
,4,275,outer_test
,4,276,outer_test
,4,281,outer_test
,4,282,outer_test
,4,283,outer_test
,4,286,outer_test
,4,288,outer_test
,4,296,outer_test
,4,312,outer_test
,4,313,outer_test
,4,320,outer_test
,4,332,outer_test
,4,340,outer_test
,4,342,outer_test
,4,343,outer_test
,4,346,outer_test
,4,351,outer_test
,4,359,outer_test
,4,362,outer_test
,4,381,outer_test
,4,386,outer_test
,4,387,outer_test
,4,388,outer_test
,4,398,outer_test
,4,400,outer_test
,4,401,outer_test
,4,403,outer_test
,4,406,outer_test
,4,422,outer_test
,4,427,outer_test
,4,429,outer_test
,4,430,outer_test
,4,441,outer_test
,4,446,outer_test
,4,448,outer_test
,4,449,outer_test
,4,457,outer_test
,4,465,outer_test
,4,473,outer_test
,4,487,outer_test
,4,491,outer_test
1,4,0,inner_train
1,4,1,inner_train
1,4,3,inner_train
1,4,4,inner_train
1,4,5,inner_train
1,4,6,inner_train
1,4,7,inner_train
1,4,8,inner_train
1,4,9,inner_train
1,4,11,inner_train
1,4,12,inner_train
1,4,13,inner_train
1,4,15,inner_train
1,4,16,inner_train
1,4,19,inner_train
1,4,21,inner_train
1,4,22,inner_train
1,4,23,inner_train
1,4,29,inner_train
1,4,31,inner_train
1,4,33,inner_train
1,4,34,inner_train
1,4,38,inner_train
1,4,39,inner_train
1,4,40,inner_train
1,4,41,inner_train
1,4,42,inner_train
1,4,43,inner_train
1,4,45,inner_train
1,4,47,inner_train
1,4,48,inner_train
1,4,49,inner_train
1,4,50,inner_train
1,4,52,inner_train
1,4,55,inner_train
1,4,59,inner_train
1,4,60,inner_train
1,4,61,inner_train
1,4,62,inner_train
1,4,63,inner_train
1,4,66,inner_train
1,4,67,inner_train
1,4,69,inner_train
1,4,71,inner_train
1,4,73,inner_train
1,4,74,inner_train
1,4,76,inner_train
1,4,77,inner_train
1,4,79,inner_train
1,4,83,inner_train
1,4,85,inner_train
1,4,86,inner_train
1,4,88,inner_train
1,4,89,inner_train
1,4,91,inner_train
1,4,92,inner_train
1,4,94,inner_train
1,4,96,inner_train
1,4,97,inner_train
1,4,99,inner_train
1,4,102,inner_train
1,4,103,inner_train
1,4,104,inner_train
1,4,105,inner_train
1,4,106,inner_train
1,4,107,inner_train
1,4,109,inner_train
1,4,111,inner_train
1,4,112,inner_train
1,4,113,inner_train
1,4,114,inner_train
1,4,117,inner_train
1,4,118,inner_train
1,4,119,inner_train
1,4,121,inner_train
1,4,122,inner_train
1,4,123,inner_train
1,4,127,inner_train
1,4,129,inner_train
1,4,132,inner_train
1,4,133,inner_train
1,4,135,inner_train
1,4,136,inner_train
1,4,138,inner_train
1,4,139,inner_train
1,4,141,inner_train
1,4,142,inner_train
1,4,146,inner_train
1,4,147,inner_train
1,4,150,inner_train
1,4,151,inner_train
1,4,154,inner_train
1,4,156,inner_train
1,4,158,inner_train
1,4,160,inner_train
1,4,161,inner_train
1,4,162,inner_train
1,4,163,inner_train
1,4,164,inner_train
1,4,167,inner_train
1,4,169,inner_train
1,4,170,inner_train
1,4,172,inner_train
1,4,173,inner_train
1,4,174,inner_train
1,4,175,inner_train
1,4,176,inner_train
1,4,177,inner_train
1,4,178,inner_train
1,4,181,inner_train
1,4,183,inner_train
1,4,188,inner_train
1,4,189,inner_train
1,4,190,inner_train
1,4,191,inner_train
1,4,193,inner_train
1,4,195,inner_train
1,4,198,inner_train
1,4,199,inner_train
1,4,200,inner_train
1,4,202,inner_train
1,4,203,inner_train
1,4,204,inner_train
1,4,208,inner_train
1,4,210,inner_train
1,4,211,inner_train
1,4,212,inner_train
1,4,214,inner_train
1,4,215,inner_train
1,4,216,inner_train
1,4,217,inner_train
1,4,218,inner_train
1,4,219,inner_train
1,4,221,inner_train
1,4,223,inner_train
1,4,226,inner_train
1,4,227,inner_train
1,4,228,inner_train
1,4,230,inner_train
1,4,231,inner_train
1,4,234,inner_train
1,4,235,inner_train
1,4,236,inner_train
1,4,238,inner_train
1,4,239,inner_train
1,4,244,inner_train
1,4,245,inner_train
1,4,246,inner_train
1,4,247,inner_train
1,4,250,inner_train
1,4,251,inner_train
1,4,253,inner_train
1,4,254,inner_train
1,4,256,inner_train
1,4,258,inner_train
1,4,259,inner_train
1,4,260,inner_train
1,4,261,inner_train
1,4,262,inner_train
1,4,264,inner_train
1,4,265,inner_train
1,4,266,inner_train
1,4,267,inner_train
1,4,269,inner_train
1,4,273,inner_train
1,4,277,inner_train
1,4,278,inner_train
1,4,279,inner_train
1,4,284,inner_train
1,4,285,inner_train
1,4,290,inner_train
1,4,291,inner_train
1,4,294,inner_train
1,4,295,inner_train
1,4,298,inner_train
1,4,299,inner_train
1,4,300,inner_train
1,4,301,inner_train
1,4,302,inner_train
1,4,303,inner_train
1,4,304,inner_train
1,4,305,inner_train
1,4,307,inner_train
1,4,308,inner_train
1,4,310,inner_train
1,4,311,inner_train
1,4,314,inner_train
1,4,318,inner_train
1,4,319,inner_train
1,4,327,inner_train
1,4,328,inner_train
1,4,329,inner_train
1,4,330,inner_train
1,4,331,inner_train
1,4,333,inner_train
1,4,334,inner_train
1,4,335,inner_train
1,4,337,inner_train
1,4,338,inner_train
1,4,341,inner_train
1,4,344,inner_train
1,4,345,inner_train
1,4,347,inner_train
1,4,348,inner_train
1,4,350,inner_train
1,4,352,inner_train
1,4,353,inner_train
1,4,354,inner_train
1,4,356,inner_train
1,4,358,inner_train
1,4,361,inner_train
1,4,363,inner_train
1,4,364,inner_train
1,4,365,inner_train
1,4,366,inner_train
1,4,367,inner_train
1,4,368,inner_train
1,4,369,inner_train
1,4,370,inner_train
1,4,371,inner_train
1,4,373,inner_train
1,4,375,inner_train
1,4,377,inner_train
1,4,378,inner_train
1,4,379,inner_train
1,4,382,inner_train
1,4,383,inner_train
1,4,384,inner_train
1,4,385,inner_train
1,4,389,inner_train
1,4,391,inner_train
1,4,392,inner_train
1,4,393,inner_train
1,4,394,inner_train
1,4,395,inner_train
1,4,396,inner_train
1,4,397,inner_train
1,4,402,inner_train
1,4,404,inner_train
1,4,405,inner_train
1,4,408,inner_train
1,4,409,inner_train
1,4,410,inner_train
1,4,411,inner_train
1,4,412,inner_train
1,4,413,inner_train
1,4,414,inner_train
1,4,415,inner_train
1,4,416,inner_train
1,4,417,inner_train
1,4,418,inner_train
1,4,420,inner_train
1,4,421,inner_train
1,4,423,inner_train
1,4,424,inner_train
1,4,425,inner_train
1,4,433,inner_train
1,4,434,inner_train
1,4,435,inner_train
1,4,436,inner_train
1,4,437,inner_train
1,4,439,inner_train
1,4,440,inner_train
1,4,442,inner_train
1,4,444,inner_train
1,4,445,inner_train
1,4,447,inner_train
1,4,450,inner_train
1,4,453,inner_train
1,4,454,inner_train
1,4,455,inner_train
1,4,456,inner_train
1,4,459,inner_train
1,4,460,inner_train
1,4,461,inner_train
1,4,462,inner_train
1,4,464,inner_train
1,4,466,inner_train
1,4,469,inner_train
1,4,470,inner_train
1,4,471,inner_train
1,4,472,inner_train
1,4,474,inner_train
1,4,475,inner_train
1,4,476,inner_train
1,4,477,inner_train
1,4,478,inner_train
1,4,479,inner_train
1,4,480,inner_train
1,4,482,inner_train
1,4,484,inner_train
1,4,485,inner_train
1,4,489,inner_train
1,4,490,inner_train
1,4,493,inner_train
1,4,495,inner_train
1,4,496,inner_train
1,4,497,inner_train
1,4,498,inner_train
1,4,499,inner_train
1,4,2,inner_validation
1,4,10,inner_validation
1,4,14,inner_validation
1,4,17,inner_validation
1,4,20,inner_validation
1,4,28,inner_validation
1,4,30,inner_validation
1,4,32,inner_validation
1,4,46,inner_validation
1,4,51,inner_validation
1,4,57,inner_validation
1,4,58,inner_validation
1,4,72,inner_validation
1,4,75,inner_validation
1,4,78,inner_validation
1,4,80,inner_validation
1,4,84,inner_validation
1,4,87,inner_validation
1,4,90,inner_validation
1,4,93,inner_validation
1,4,100,inner_validation
1,4,110,inner_validation
1,4,115,inner_validation
1,4,128,inner_validation
1,4,143,inner_validation
1,4,145,inner_validation
1,4,148,inner_validation
1,4,149,inner_validation
1,4,155,inner_validation
1,4,165,inner_validation
1,4,179,inner_validation
1,4,184,inner_validation
1,4,185,inner_validation
1,4,186,inner_validation
1,4,187,inner_validation
1,4,196,inner_validation
1,4,205,inner_validation
1,4,209,inner_validation
1,4,213,inner_validation
1,4,220,inner_validation
1,4,222,inner_validation
1,4,224,inner_validation
1,4,225,inner_validation
1,4,232,inner_validation
1,4,233,inner_validation
1,4,240,inner_validation
1,4,243,inner_validation
1,4,248,inner_validation
1,4,252,inner_validation
1,4,255,inner_validation
1,4,257,inner_validation
1,4,280,inner_validation
1,4,287,inner_validation
1,4,289,inner_validation
1,4,292,inner_validation
1,4,293,inner_validation
1,4,297,inner_validation
1,4,306,inner_validation
1,4,309,inner_validation
1,4,315,inner_validation
1,4,316,inner_validation
1,4,317,inner_validation
1,4,321,inner_validation
1,4,322,inner_validation
1,4,323,inner_validation
1,4,324,inner_validation
1,4,325,inner_validation
1,4,326,inner_validation
1,4,336,inner_validation
1,4,339,inner_validation
1,4,349,inner_validation
1,4,355,inner_validation
1,4,357,inner_validation
1,4,360,inner_validation
1,4,372,inner_validation
1,4,374,inner_validation
1,4,376,inner_validation
1,4,380,inner_validation
1,4,390,inner_validation
1,4,399,inner_validation
1,4,407,inner_validation
1,4,419,inner_validation
1,4,426,inner_validation
1,4,428,inner_validation
1,4,431,inner_validation
1,4,432,inner_validation
1,4,438,inner_validation
1,4,443,inner_validation
1,4,451,inner_validation
1,4,452,inner_validation
1,4,458,inner_validation
1,4,463,inner_validation
1,4,467,inner_validation
1,4,468,inner_validation
1,4,481,inner_validation
1,4,483,inner_validation
1,4,486,inner_validation
1,4,488,inner_validation
1,4,492,inner_validation
1,4,494,inner_validation
2,4,0,inner_train
2,4,1,inner_train
2,4,2,inner_train
2,4,3,inner_train
2,4,5,inner_train
2,4,7,inner_train
2,4,8,inner_train
2,4,10,inner_train
2,4,11,inner_train
2,4,12,inner_train
2,4,13,inner_train
2,4,14,inner_train
2,4,17,inner_train
2,4,19,inner_train
2,4,20,inner_train
2,4,23,inner_train
2,4,28,inner_train
2,4,30,inner_train
2,4,32,inner_train
2,4,38,inner_train
2,4,39,inner_train
2,4,41,inner_train
2,4,42,inner_train
2,4,45,inner_train
2,4,46,inner_train
2,4,47,inner_train
2,4,48,inner_train
2,4,49,inner_train
2,4,50,inner_train
2,4,51,inner_train
2,4,52,inner_train
2,4,55,inner_train
2,4,57,inner_train
2,4,58,inner_train
2,4,59,inner_train
2,4,60,inner_train
2,4,61,inner_train
2,4,62,inner_train
2,4,63,inner_train
2,4,66,inner_train
2,4,67,inner_train
2,4,69,inner_train
2,4,71,inner_train
2,4,72,inner_train
2,4,74,inner_train
2,4,75,inner_train
2,4,76,inner_train
2,4,77,inner_train
2,4,78,inner_train
2,4,79,inner_train
2,4,80,inner_train
2,4,83,inner_train
2,4,84,inner_train
2,4,85,inner_train
2,4,86,inner_train
2,4,87,inner_train
2,4,89,inner_train
2,4,90,inner_train
2,4,91,inner_train
2,4,92,inner_train
2,4,93,inner_train
2,4,100,inner_train
2,4,102,inner_train
2,4,103,inner_train
2,4,104,inner_train
2,4,105,inner_train
2,4,106,inner_train
2,4,107,inner_train
2,4,109,inner_train
2,4,110,inner_train
2,4,112,inner_train
2,4,114,inner_train
2,4,115,inner_train
2,4,117,inner_train
2,4,118,inner_train
2,4,119,inner_train
2,4,123,inner_train
2,4,127,inner_train
2,4,128,inner_train
2,4,129,inner_train
2,4,132,inner_train
2,4,133,inner_train
2,4,135,inner_train
2,4,136,inner_train
2,4,143,inner_train
2,4,145,inner_train
2,4,146,inner_train
2,4,147,inner_train
2,4,148,inner_train
2,4,149,inner_train
2,4,150,inner_train
2,4,154,inner_train
2,4,155,inner_train
2,4,158,inner_train
2,4,160,inner_train
2,4,163,inner_train
2,4,164,inner_train
2,4,165,inner_train
2,4,167,inner_train
2,4,169,inner_train
2,4,173,inner_train
2,4,174,inner_train
2,4,175,inner_train
2,4,176,inner_train
2,4,177,inner_train
2,4,178,inner_train
2,4,179,inner_train
2,4,183,inner_train
2,4,184,inner_train
2,4,185,inner_train
2,4,186,inner_train
2,4,187,inner_train
2,4,188,inner_train
2,4,189,inner_train
2,4,191,inner_train
2,4,193,inner_train
2,4,195,inner_train
2,4,196,inner_train
2,4,198,inner_train
2,4,199,inner_train
2,4,200,inner_train
2,4,202,inner_train
2,4,203,inner_train
2,4,204,inner_train
2,4,205,inner_train
2,4,209,inner_train
2,4,210,inner_train
2,4,212,inner_train
2,4,213,inner_train
2,4,214,inner_train
2,4,215,inner_train
2,4,217,inner_train
2,4,218,inner_train
2,4,220,inner_train
2,4,221,inner_train
2,4,222,inner_train
2,4,223,inner_train
2,4,224,inner_train
2,4,225,inner_train
2,4,226,inner_train
2,4,230,inner_train
2,4,231,inner_train
2,4,232,inner_train
2,4,233,inner_train
2,4,234,inner_train
2,4,235,inner_train
2,4,239,inner_train
2,4,240,inner_train
2,4,243,inner_train
2,4,244,inner_train
2,4,246,inner_train
2,4,247,inner_train
2,4,248,inner_train
2,4,250,inner_train
2,4,252,inner_train
2,4,253,inner_train
2,4,255,inner_train
2,4,256,inner_train
2,4,257,inner_train
2,4,258,inner_train
2,4,261,inner_train
2,4,262,inner_train
2,4,264,inner_train
2,4,265,inner_train
2,4,266,inner_train
2,4,273,inner_train
2,4,278,inner_train
2,4,280,inner_train
2,4,284,inner_train
2,4,285,inner_train
2,4,287,inner_train
2,4,289,inner_train
2,4,290,inner_train
2,4,291,inner_train
2,4,292,inner_train
2,4,293,inner_train
2,4,294,inner_train
2,4,297,inner_train
2,4,298,inner_train
2,4,301,inner_train
2,4,302,inner_train
2,4,303,inner_train
2,4,305,inner_train
2,4,306,inner_train
2,4,308,inner_train
2,4,309,inner_train
2,4,311,inner_train
2,4,315,inner_train
2,4,316,inner_train
2,4,317,inner_train
2,4,318,inner_train
2,4,319,inner_train
2,4,321,inner_train
2,4,322,inner_train
2,4,323,inner_train
2,4,324,inner_train
2,4,325,inner_train
2,4,326,inner_train
2,4,327,inner_train
2,4,328,inner_train
2,4,329,inner_train
2,4,334,inner_train
2,4,336,inner_train
2,4,337,inner_train
2,4,338,inner_train
2,4,339,inner_train
2,4,344,inner_train
2,4,345,inner_train
2,4,347,inner_train
2,4,348,inner_train
2,4,349,inner_train
2,4,350,inner_train
2,4,352,inner_train
2,4,353,inner_train
2,4,354,inner_train
2,4,355,inner_train
2,4,357,inner_train
2,4,358,inner_train
2,4,360,inner_train
2,4,361,inner_train
2,4,365,inner_train
2,4,367,inner_train
2,4,369,inner_train
2,4,370,inner_train
2,4,371,inner_train
2,4,372,inner_train
2,4,373,inner_train
2,4,374,inner_train
2,4,375,inner_train
2,4,376,inner_train
2,4,378,inner_train
2,4,380,inner_train
2,4,383,inner_train
2,4,385,inner_train
2,4,390,inner_train
2,4,393,inner_train
2,4,396,inner_train
2,4,397,inner_train
2,4,399,inner_train
2,4,402,inner_train
2,4,407,inner_train
2,4,408,inner_train
2,4,409,inner_train
2,4,410,inner_train
2,4,411,inner_train
2,4,414,inner_train
2,4,415,inner_train
2,4,417,inner_train
2,4,419,inner_train
2,4,420,inner_train
2,4,423,inner_train
2,4,425,inner_train
2,4,426,inner_train
2,4,428,inner_train
2,4,431,inner_train
2,4,432,inner_train
2,4,433,inner_train
2,4,434,inner_train
2,4,435,inner_train
2,4,437,inner_train
2,4,438,inner_train
2,4,440,inner_train
2,4,443,inner_train
2,4,445,inner_train
2,4,447,inner_train
2,4,451,inner_train
2,4,452,inner_train
2,4,453,inner_train
2,4,454,inner_train
2,4,456,inner_train
2,4,458,inner_train
2,4,459,inner_train
2,4,461,inner_train
2,4,462,inner_train
2,4,463,inner_train
2,4,464,inner_train
2,4,466,inner_train
2,4,467,inner_train
2,4,468,inner_train
2,4,469,inner_train
2,4,472,inner_train
2,4,477,inner_train
2,4,478,inner_train
2,4,479,inner_train
2,4,480,inner_train
2,4,481,inner_train
2,4,482,inner_train
2,4,483,inner_train
2,4,485,inner_train
2,4,486,inner_train
2,4,488,inner_train
2,4,489,inner_train
2,4,490,inner_train
2,4,492,inner_train
2,4,493,inner_train
2,4,494,inner_train
2,4,495,inner_train
2,4,497,inner_train
2,4,498,inner_train
2,4,499,inner_train
2,4,4,inner_validation
2,4,6,inner_validation
2,4,9,inner_validation
2,4,15,inner_validation
2,4,16,inner_validation
2,4,21,inner_validation
2,4,22,inner_validation
2,4,29,inner_validation
2,4,31,inner_validation
2,4,33,inner_validation
2,4,34,inner_validation
2,4,40,inner_validation
2,4,43,inner_validation
2,4,73,inner_validation
2,4,88,inner_validation
2,4,94,inner_validation
2,4,96,inner_validation
2,4,97,inner_validation
2,4,99,inner_validation
2,4,111,inner_validation
2,4,113,inner_validation
2,4,121,inner_validation
2,4,122,inner_validation
2,4,138,inner_validation
2,4,139,inner_validation
2,4,141,inner_validation
2,4,142,inner_validation
2,4,151,inner_validation
2,4,156,inner_validation
2,4,161,inner_validation
2,4,162,inner_validation
2,4,170,inner_validation
2,4,172,inner_validation
2,4,181,inner_validation
2,4,190,inner_validation
2,4,208,inner_validation
2,4,211,inner_validation
2,4,216,inner_validation
2,4,219,inner_validation
2,4,227,inner_validation
2,4,228,inner_validation
2,4,236,inner_validation
2,4,238,inner_validation
2,4,245,inner_validation
2,4,251,inner_validation
2,4,254,inner_validation
2,4,259,inner_validation
2,4,260,inner_validation
2,4,267,inner_validation
2,4,269,inner_validation
2,4,277,inner_validation
2,4,279,inner_validation
2,4,295,inner_validation
2,4,299,inner_validation
2,4,300,inner_validation
2,4,304,inner_validation
2,4,307,inner_validation
2,4,310,inner_validation
2,4,314,inner_validation
2,4,330,inner_validation
2,4,331,inner_validation
2,4,333,inner_validation
2,4,335,inner_validation
2,4,341,inner_validation
2,4,356,inner_validation
2,4,363,inner_validation
2,4,364,inner_validation
2,4,366,inner_validation
2,4,368,inner_validation
2,4,377,inner_validation
2,4,379,inner_validation
2,4,382,inner_validation
2,4,384,inner_validation
2,4,389,inner_validation
2,4,391,inner_validation
2,4,392,inner_validation
2,4,394,inner_validation
2,4,395,inner_validation
2,4,404,inner_validation
2,4,405,inner_validation
2,4,412,inner_validation
2,4,413,inner_validation
2,4,416,inner_validation
2,4,418,inner_validation
2,4,421,inner_validation
2,4,424,inner_validation
2,4,436,inner_validation
2,4,439,inner_validation
2,4,442,inner_validation
2,4,444,inner_validation
2,4,450,inner_validation
2,4,455,inner_validation
2,4,460,inner_validation
2,4,470,inner_validation
2,4,471,inner_validation
2,4,474,inner_validation
2,4,475,inner_validation
2,4,476,inner_validation
2,4,484,inner_validation
2,4,496,inner_validation
3,4,0,inner_train
3,4,2,inner_train
3,4,3,inner_train
3,4,4,inner_train
3,4,6,inner_train
3,4,7,inner_train
3,4,9,inner_train
3,4,10,inner_train
3,4,12,inner_train
3,4,13,inner_train
3,4,14,inner_train
3,4,15,inner_train
3,4,16,inner_train
3,4,17,inner_train
3,4,19,inner_train
3,4,20,inner_train
3,4,21,inner_train
3,4,22,inner_train
3,4,28,inner_train
3,4,29,inner_train
3,4,30,inner_train
3,4,31,inner_train
3,4,32,inner_train
3,4,33,inner_train
3,4,34,inner_train
3,4,38,inner_train
3,4,40,inner_train
3,4,42,inner_train
3,4,43,inner_train
3,4,45,inner_train
3,4,46,inner_train
3,4,47,inner_train
3,4,48,inner_train
3,4,50,inner_train
3,4,51,inner_train
3,4,52,inner_train
3,4,55,inner_train
3,4,57,inner_train
3,4,58,inner_train
3,4,61,inner_train
3,4,62,inner_train
3,4,71,inner_train
3,4,72,inner_train
3,4,73,inner_train
3,4,75,inner_train
3,4,77,inner_train
3,4,78,inner_train
3,4,80,inner_train
3,4,84,inner_train
3,4,87,inner_train
3,4,88,inner_train
3,4,89,inner_train
3,4,90,inner_train
3,4,91,inner_train
3,4,92,inner_train
3,4,93,inner_train
3,4,94,inner_train
3,4,96,inner_train
3,4,97,inner_train
3,4,99,inner_train
3,4,100,inner_train
3,4,104,inner_train
3,4,110,inner_train
3,4,111,inner_train
3,4,113,inner_train
3,4,115,inner_train
3,4,117,inner_train
3,4,119,inner_train
3,4,121,inner_train
3,4,122,inner_train
3,4,123,inner_train
3,4,128,inner_train
3,4,129,inner_train
3,4,138,inner_train
3,4,139,inner_train
3,4,141,inner_train
3,4,142,inner_train
3,4,143,inner_train
3,4,145,inner_train
3,4,148,inner_train
3,4,149,inner_train
3,4,150,inner_train
3,4,151,inner_train
3,4,155,inner_train
3,4,156,inner_train
3,4,161,inner_train
3,4,162,inner_train
3,4,164,inner_train
3,4,165,inner_train
3,4,169,inner_train
3,4,170,inner_train
3,4,172,inner_train
3,4,177,inner_train
3,4,178,inner_train
3,4,179,inner_train
3,4,181,inner_train
3,4,183,inner_train
3,4,184,inner_train
3,4,185,inner_train
3,4,186,inner_train
3,4,187,inner_train
3,4,190,inner_train
3,4,193,inner_train
3,4,195,inner_train
3,4,196,inner_train
3,4,198,inner_train
3,4,200,inner_train
3,4,205,inner_train
3,4,208,inner_train
3,4,209,inner_train
3,4,210,inner_train
3,4,211,inner_train
3,4,212,inner_train
3,4,213,inner_train
3,4,216,inner_train
3,4,217,inner_train
3,4,218,inner_train
3,4,219,inner_train
3,4,220,inner_train
3,4,222,inner_train
3,4,224,inner_train
3,4,225,inner_train
3,4,226,inner_train
3,4,227,inner_train
3,4,228,inner_train
3,4,231,inner_train
3,4,232,inner_train
3,4,233,inner_train
3,4,234,inner_train
3,4,236,inner_train
3,4,238,inner_train
3,4,240,inner_train
3,4,243,inner_train
3,4,244,inner_train
3,4,245,inner_train
3,4,246,inner_train
3,4,248,inner_train
3,4,251,inner_train
3,4,252,inner_train
3,4,254,inner_train
3,4,255,inner_train
3,4,257,inner_train
3,4,258,inner_train
3,4,259,inner_train
3,4,260,inner_train
3,4,261,inner_train
3,4,262,inner_train
3,4,264,inner_train
3,4,267,inner_train
3,4,269,inner_train
3,4,273,inner_train
3,4,277,inner_train
3,4,279,inner_train
3,4,280,inner_train
3,4,284,inner_train
3,4,285,inner_train
3,4,287,inner_train
3,4,289,inner_train
3,4,290,inner_train
3,4,292,inner_train
3,4,293,inner_train
3,4,295,inner_train
3,4,297,inner_train
3,4,299,inner_train
3,4,300,inner_train
3,4,301,inner_train
3,4,303,inner_train
3,4,304,inner_train
3,4,305,inner_train
3,4,306,inner_train
3,4,307,inner_train
3,4,309,inner_train
3,4,310,inner_train
3,4,311,inner_train
3,4,314,inner_train
3,4,315,inner_train
3,4,316,inner_train
3,4,317,inner_train
3,4,318,inner_train
3,4,321,inner_train
3,4,322,inner_train
3,4,323,inner_train
3,4,324,inner_train
3,4,325,inner_train
3,4,326,inner_train
3,4,327,inner_train
3,4,328,inner_train
3,4,330,inner_train
3,4,331,inner_train
3,4,333,inner_train
3,4,334,inner_train
3,4,335,inner_train
3,4,336,inner_train
3,4,337,inner_train
3,4,338,inner_train
3,4,339,inner_train
3,4,341,inner_train
3,4,345,inner_train
3,4,349,inner_train
3,4,352,inner_train
3,4,355,inner_train
3,4,356,inner_train
3,4,357,inner_train
3,4,360,inner_train
3,4,361,inner_train
3,4,363,inner_train
3,4,364,inner_train
3,4,366,inner_train
3,4,367,inner_train
3,4,368,inner_train
3,4,369,inner_train
3,4,370,inner_train
3,4,371,inner_train
3,4,372,inner_train
3,4,373,inner_train
3,4,374,inner_train
3,4,375,inner_train
3,4,376,inner_train
3,4,377,inner_train
3,4,379,inner_train
3,4,380,inner_train
3,4,382,inner_train
3,4,384,inner_train
3,4,385,inner_train
3,4,389,inner_train
3,4,390,inner_train
3,4,391,inner_train
3,4,392,inner_train
3,4,394,inner_train
3,4,395,inner_train
3,4,397,inner_train
3,4,399,inner_train
3,4,402,inner_train
3,4,404,inner_train
3,4,405,inner_train
3,4,407,inner_train
3,4,411,inner_train
3,4,412,inner_train
3,4,413,inner_train
3,4,414,inner_train
3,4,415,inner_train
3,4,416,inner_train
3,4,417,inner_train
3,4,418,inner_train
3,4,419,inner_train
3,4,420,inner_train
3,4,421,inner_train
3,4,423,inner_train
3,4,424,inner_train
3,4,425,inner_train
3,4,426,inner_train
3,4,428,inner_train
3,4,431,inner_train
3,4,432,inner_train
3,4,436,inner_train
3,4,438,inner_train
3,4,439,inner_train
3,4,442,inner_train
3,4,443,inner_train
3,4,444,inner_train
3,4,445,inner_train
3,4,447,inner_train
3,4,450,inner_train
3,4,451,inner_train
3,4,452,inner_train
3,4,453,inner_train
3,4,454,inner_train
3,4,455,inner_train
3,4,458,inner_train
3,4,459,inner_train
3,4,460,inner_train
3,4,461,inner_train
3,4,462,inner_train
3,4,463,inner_train
3,4,466,inner_train
3,4,467,inner_train
3,4,468,inner_train
3,4,470,inner_train
3,4,471,inner_train
3,4,472,inner_train
3,4,474,inner_train
3,4,475,inner_train
3,4,476,inner_train
3,4,477,inner_train
3,4,480,inner_train
3,4,481,inner_train
3,4,483,inner_train
3,4,484,inner_train
3,4,485,inner_train
3,4,486,inner_train
3,4,488,inner_train
3,4,490,inner_train
3,4,492,inner_train
3,4,493,inner_train
3,4,494,inner_train
3,4,495,inner_train
3,4,496,inner_train
3,4,497,inner_train
3,4,498,inner_train
3,4,499,inner_train
3,4,1,inner_validation
3,4,5,inner_validation
3,4,8,inner_validation
3,4,11,inner_validation
3,4,23,inner_validation
3,4,39,inner_validation
3,4,41,inner_validation
3,4,49,inner_validation
3,4,59,inner_validation
3,4,60,inner_validation
3,4,63,inner_validation
3,4,66,inner_validation
3,4,67,inner_validation
3,4,69,inner_validation
3,4,74,inner_validation
3,4,76,inner_validation
3,4,79,inner_validation
3,4,83,inner_validation
3,4,85,inner_validation
3,4,86,inner_validation
3,4,102,inner_validation
3,4,103,inner_validation
3,4,105,inner_validation
3,4,106,inner_validation
3,4,107,inner_validation
3,4,109,inner_validation
3,4,112,inner_validation
3,4,114,inner_validation
3,4,118,inner_validation
3,4,127,inner_validation
3,4,132,inner_validation
3,4,133,inner_validation
3,4,135,inner_validation
3,4,136,inner_validation
3,4,146,inner_validation
3,4,147,inner_validation
3,4,154,inner_validation
3,4,158,inner_validation
3,4,160,inner_validation
3,4,163,inner_validation
3,4,167,inner_validation
3,4,173,inner_validation
3,4,174,inner_validation
3,4,175,inner_validation
3,4,176,inner_validation
3,4,188,inner_validation
3,4,189,inner_validation
3,4,191,inner_validation
3,4,199,inner_validation
3,4,202,inner_validation
3,4,203,inner_validation
3,4,204,inner_validation
3,4,214,inner_validation
3,4,215,inner_validation
3,4,221,inner_validation
3,4,223,inner_validation
3,4,230,inner_validation
3,4,235,inner_validation
3,4,239,inner_validation
3,4,247,inner_validation
3,4,250,inner_validation
3,4,253,inner_validation
3,4,256,inner_validation
3,4,265,inner_validation
3,4,266,inner_validation
3,4,278,inner_validation
3,4,291,inner_validation
3,4,294,inner_validation
3,4,298,inner_validation
3,4,302,inner_validation
3,4,308,inner_validation
3,4,319,inner_validation
3,4,329,inner_validation
3,4,344,inner_validation
3,4,347,inner_validation
3,4,348,inner_validation
3,4,350,inner_validation
3,4,353,inner_validation
3,4,354,inner_validation
3,4,358,inner_validation
3,4,365,inner_validation
3,4,378,inner_validation
3,4,383,inner_validation
3,4,393,inner_validation
3,4,396,inner_validation
3,4,408,inner_validation
3,4,409,inner_validation
3,4,410,inner_validation
3,4,433,inner_validation
3,4,434,inner_validation
3,4,435,inner_validation
3,4,437,inner_validation
3,4,440,inner_validation
3,4,456,inner_validation
3,4,464,inner_validation
3,4,469,inner_validation
3,4,478,inner_validation
3,4,479,inner_validation
3,4,482,inner_validation
3,4,489,inner_validation
4,4,1,inner_train
4,4,2,inner_train
4,4,4,inner_train
4,4,5,inner_train
4,4,6,inner_train
4,4,8,inner_train
4,4,9,inner_train
4,4,10,inner_train
4,4,11,inner_train
4,4,14,inner_train
4,4,15,inner_train
4,4,16,inner_train
4,4,17,inner_train
4,4,20,inner_train
4,4,21,inner_train
4,4,22,inner_train
4,4,23,inner_train
4,4,28,inner_train
4,4,29,inner_train
4,4,30,inner_train
4,4,31,inner_train
4,4,32,inner_train
4,4,33,inner_train
4,4,34,inner_train
4,4,39,inner_train
4,4,40,inner_train
4,4,41,inner_train
4,4,43,inner_train
4,4,46,inner_train
4,4,49,inner_train
4,4,51,inner_train
4,4,57,inner_train
4,4,58,inner_train
4,4,59,inner_train
4,4,60,inner_train
4,4,63,inner_train
4,4,66,inner_train
4,4,67,inner_train
4,4,69,inner_train
4,4,72,inner_train
4,4,73,inner_train
4,4,74,inner_train
4,4,75,inner_train
4,4,76,inner_train
4,4,78,inner_train
4,4,79,inner_train
4,4,80,inner_train
4,4,83,inner_train
4,4,84,inner_train
4,4,85,inner_train
4,4,86,inner_train
4,4,87,inner_train
4,4,88,inner_train
4,4,90,inner_train
4,4,93,inner_train
4,4,94,inner_train
4,4,96,inner_train
4,4,97,inner_train
4,4,99,inner_train
4,4,100,inner_train
4,4,102,inner_train
4,4,103,inner_train
4,4,105,inner_train
4,4,106,inner_train
4,4,107,inner_train
4,4,109,inner_train
4,4,110,inner_train
4,4,111,inner_train
4,4,112,inner_train
4,4,113,inner_train
4,4,114,inner_train
4,4,115,inner_train
4,4,118,inner_train
4,4,121,inner_train
4,4,122,inner_train
4,4,127,inner_train
4,4,128,inner_train
4,4,132,inner_train
4,4,133,inner_train
4,4,135,inner_train
4,4,136,inner_train
4,4,138,inner_train
4,4,139,inner_train
4,4,141,inner_train
4,4,142,inner_train
4,4,143,inner_train
4,4,145,inner_train
4,4,146,inner_train
4,4,147,inner_train
4,4,148,inner_train
4,4,149,inner_train
4,4,151,inner_train
4,4,154,inner_train
4,4,155,inner_train
4,4,156,inner_train
4,4,158,inner_train
4,4,160,inner_train
4,4,161,inner_train
4,4,162,inner_train
4,4,163,inner_train
4,4,165,inner_train
4,4,167,inner_train
4,4,170,inner_train
4,4,172,inner_train
4,4,173,inner_train
4,4,174,inner_train
4,4,175,inner_train
4,4,176,inner_train
4,4,179,inner_train
4,4,181,inner_train
4,4,184,inner_train
4,4,185,inner_train
4,4,186,inner_train
4,4,187,inner_train
4,4,188,inner_train
4,4,189,inner_train
4,4,190,inner_train
4,4,191,inner_train
4,4,196,inner_train
4,4,199,inner_train
4,4,202,inner_train
4,4,203,inner_train
4,4,204,inner_train
4,4,205,inner_train
4,4,208,inner_train
4,4,209,inner_train
4,4,211,inner_train
4,4,213,inner_train
4,4,214,inner_train
4,4,215,inner_train
4,4,216,inner_train
4,4,219,inner_train
4,4,220,inner_train
4,4,221,inner_train
4,4,222,inner_train
4,4,223,inner_train
4,4,224,inner_train
4,4,225,inner_train
4,4,227,inner_train
4,4,228,inner_train
4,4,230,inner_train
4,4,232,inner_train
4,4,233,inner_train
4,4,235,inner_train
4,4,236,inner_train
4,4,238,inner_train
4,4,239,inner_train
4,4,240,inner_train
4,4,243,inner_train
4,4,245,inner_train
4,4,247,inner_train
4,4,248,inner_train
4,4,250,inner_train
4,4,251,inner_train
4,4,252,inner_train
4,4,253,inner_train
4,4,254,inner_train
4,4,255,inner_train
4,4,256,inner_train
4,4,257,inner_train
4,4,259,inner_train
4,4,260,inner_train
4,4,265,inner_train
4,4,266,inner_train
4,4,267,inner_train
4,4,269,inner_train
4,4,277,inner_train
4,4,278,inner_train
4,4,279,inner_train
4,4,280,inner_train
4,4,287,inner_train
4,4,289,inner_train
4,4,291,inner_train
4,4,292,inner_train
4,4,293,inner_train
4,4,294,inner_train
4,4,295,inner_train
4,4,297,inner_train
4,4,298,inner_train
4,4,299,inner_train
4,4,300,inner_train
4,4,302,inner_train
4,4,304,inner_train
4,4,306,inner_train
4,4,307,inner_train
4,4,308,inner_train
4,4,309,inner_train
4,4,310,inner_train
4,4,314,inner_train
4,4,315,inner_train
4,4,316,inner_train
4,4,317,inner_train
4,4,319,inner_train
4,4,321,inner_train
4,4,322,inner_train
4,4,323,inner_train
4,4,324,inner_train
4,4,325,inner_train
4,4,326,inner_train
4,4,329,inner_train
4,4,330,inner_train
4,4,331,inner_train
4,4,333,inner_train
4,4,335,inner_train
4,4,336,inner_train
4,4,339,inner_train
4,4,341,inner_train
4,4,344,inner_train
4,4,347,inner_train
4,4,348,inner_train
4,4,349,inner_train
4,4,350,inner_train
4,4,353,inner_train
4,4,354,inner_train
4,4,355,inner_train
4,4,356,inner_train
4,4,357,inner_train
4,4,358,inner_train
4,4,360,inner_train
4,4,363,inner_train
4,4,364,inner_train
4,4,365,inner_train
4,4,366,inner_train
4,4,368,inner_train
4,4,372,inner_train
4,4,374,inner_train
4,4,376,inner_train
4,4,377,inner_train
4,4,378,inner_train
4,4,379,inner_train
4,4,380,inner_train
4,4,382,inner_train
4,4,383,inner_train
4,4,384,inner_train
4,4,389,inner_train
4,4,390,inner_train
4,4,391,inner_train
4,4,392,inner_train
4,4,393,inner_train
4,4,394,inner_train
4,4,395,inner_train
4,4,396,inner_train
4,4,399,inner_train
4,4,404,inner_train
4,4,405,inner_train
4,4,407,inner_train
4,4,408,inner_train
4,4,409,inner_train
4,4,410,inner_train
4,4,412,inner_train
4,4,413,inner_train
4,4,416,inner_train
4,4,418,inner_train
4,4,419,inner_train
4,4,421,inner_train
4,4,424,inner_train
4,4,426,inner_train
4,4,428,inner_train
4,4,431,inner_train
4,4,432,inner_train
4,4,433,inner_train
4,4,434,inner_train
4,4,435,inner_train
4,4,436,inner_train
4,4,437,inner_train
4,4,438,inner_train
4,4,439,inner_train
4,4,440,inner_train
4,4,442,inner_train
4,4,443,inner_train
4,4,444,inner_train
4,4,450,inner_train
4,4,451,inner_train
4,4,452,inner_train
4,4,455,inner_train
4,4,456,inner_train
4,4,458,inner_train
4,4,460,inner_train
4,4,463,inner_train
4,4,464,inner_train
4,4,467,inner_train
4,4,468,inner_train
4,4,469,inner_train
4,4,470,inner_train
4,4,471,inner_train
4,4,474,inner_train
4,4,475,inner_train
4,4,476,inner_train
4,4,478,inner_train
4,4,479,inner_train
4,4,481,inner_train
4,4,482,inner_train
4,4,483,inner_train
4,4,484,inner_train
4,4,486,inner_train
4,4,488,inner_train
4,4,489,inner_train
4,4,492,inner_train
4,4,494,inner_train
4,4,496,inner_train
4,4,0,inner_validation
4,4,3,inner_validation
4,4,7,inner_validation
4,4,12,inner_validation
4,4,13,inner_validation
4,4,19,inner_validation
4,4,38,inner_validation
4,4,42,inner_validation
4,4,45,inner_validation
4,4,47,inner_validation
4,4,48,inner_validation
4,4,50,inner_validation
4,4,52,inner_validation
4,4,55,inner_validation
4,4,61,inner_validation
4,4,62,inner_validation
4,4,71,inner_validation
4,4,77,inner_validation
4,4,89,inner_validation
4,4,91,inner_validation
4,4,92,inner_validation
4,4,104,inner_validation
4,4,117,inner_validation
4,4,119,inner_validation
4,4,123,inner_validation
4,4,129,inner_validation
4,4,150,inner_validation
4,4,164,inner_validation
4,4,169,inner_validation
4,4,177,inner_validation
4,4,178,inner_validation
4,4,183,inner_validation
4,4,193,inner_validation
4,4,195,inner_validation
4,4,198,inner_validation
4,4,200,inner_validation
4,4,210,inner_validation
4,4,212,inner_validation
4,4,217,inner_validation
4,4,218,inner_validation
4,4,226,inner_validation
4,4,231,inner_validation
4,4,234,inner_validation
4,4,244,inner_validation
4,4,246,inner_validation
4,4,258,inner_validation
4,4,261,inner_validation
4,4,262,inner_validation
4,4,264,inner_validation
4,4,273,inner_validation
4,4,284,inner_validation
4,4,285,inner_validation
4,4,290,inner_validation
4,4,301,inner_validation
4,4,303,inner_validation
4,4,305,inner_validation
4,4,311,inner_validation
4,4,318,inner_validation
4,4,327,inner_validation
4,4,328,inner_validation
4,4,334,inner_validation
4,4,337,inner_validation
4,4,338,inner_validation
4,4,345,inner_validation
4,4,352,inner_validation
4,4,361,inner_validation
4,4,367,inner_validation
4,4,369,inner_validation
4,4,370,inner_validation
4,4,371,inner_validation
4,4,373,inner_validation
4,4,375,inner_validation
4,4,385,inner_validation
4,4,397,inner_validation
4,4,402,inner_validation
4,4,411,inner_validation
4,4,414,inner_validation
4,4,415,inner_validation
4,4,417,inner_validation
4,4,420,inner_validation
4,4,423,inner_validation
4,4,425,inner_validation
4,4,445,inner_validation
4,4,447,inner_validation
4,4,453,inner_validation
4,4,454,inner_validation
4,4,459,inner_validation
4,4,461,inner_validation
4,4,462,inner_validation
4,4,466,inner_validation
4,4,472,inner_validation
4,4,477,inner_validation
4,4,480,inner_validation
4,4,485,inner_validation
4,4,490,inner_validation
4,4,493,inner_validation
4,4,495,inner_validation
4,4,497,inner_validation
4,4,498,inner_validation
4,4,499,inner_validation
,5,2,outer_train
,5,4,outer_train
,5,5,outer_train
,5,6,outer_train
,5,7,outer_train
,5,8,outer_train
,5,9,outer_train
,5,10,outer_train
,5,11,outer_train
,5,13,outer_train
,5,16,outer_train
,5,18,outer_train
,5,19,outer_train
,5,20,outer_train
,5,21,outer_train
,5,22,outer_train
,5,23,outer_train
,5,24,outer_train
,5,25,outer_train
,5,26,outer_train
,5,27,outer_train
,5,28,outer_train
,5,29,outer_train
,5,32,outer_train
,5,33,outer_train
,5,34,outer_train
,5,35,outer_train
,5,36,outer_train
,5,37,outer_train
,5,38,outer_train
,5,39,outer_train
,5,40,outer_train
,5,41,outer_train
,5,42,outer_train
,5,43,outer_train
,5,44,outer_train
,5,45,outer_train
,5,46,outer_train
,5,47,outer_train
,5,48,outer_train
,5,49,outer_train
,5,50,outer_train
,5,53,outer_train
,5,54,outer_train
,5,55,outer_train
,5,56,outer_train
,5,57,outer_train
,5,58,outer_train
,5,62,outer_train
,5,63,outer_train
,5,64,outer_train
,5,65,outer_train
,5,67,outer_train
,5,68,outer_train
,5,70,outer_train
,5,72,outer_train
,5,73,outer_train
,5,74,outer_train
,5,75,outer_train
,5,76,outer_train
,5,77,outer_train
,5,78,outer_train
,5,79,outer_train
,5,80,outer_train
,5,81,outer_train
,5,82,outer_train
,5,83,outer_train
,5,84,outer_train
,5,85,outer_train
,5,86,outer_train
,5,87,outer_train
,5,88,outer_train
,5,89,outer_train
,5,90,outer_train
,5,92,outer_train
,5,93,outer_train
,5,95,outer_train
,5,98,outer_train
,5,99,outer_train
,5,101,outer_train
,5,102,outer_train
,5,103,outer_train
,5,104,outer_train
,5,105,outer_train
,5,106,outer_train
,5,107,outer_train
,5,108,outer_train
,5,109,outer_train
,5,110,outer_train
,5,112,outer_train
,5,113,outer_train
,5,114,outer_train
,5,115,outer_train
,5,116,outer_train
,5,117,outer_train
,5,118,outer_train
,5,119,outer_train
,5,120,outer_train
,5,121,outer_train
,5,122,outer_train
,5,124,outer_train
,5,125,outer_train
,5,126,outer_train
,5,127,outer_train
,5,128,outer_train
,5,130,outer_train
,5,131,outer_train
,5,132,outer_train
,5,134,outer_train
,5,136,outer_train
,5,137,outer_train
,5,138,outer_train
,5,139,outer_train
,5,140,outer_train
,5,141,outer_train
,5,143,outer_train
,5,144,outer_train
,5,146,outer_train
,5,147,outer_train
,5,148,outer_train
,5,149,outer_train
,5,150,outer_train
,5,152,outer_train
,5,153,outer_train
,5,155,outer_train
,5,156,outer_train
,5,157,outer_train
,5,158,outer_train
,5,159,outer_train
,5,160,outer_train
,5,162,outer_train
,5,164,outer_train
,5,166,outer_train
,5,167,outer_train
,5,168,outer_train
,5,169,outer_train
,5,170,outer_train
,5,171,outer_train
,5,172,outer_train
,5,173,outer_train
,5,174,outer_train
,5,175,outer_train
,5,176,outer_train
,5,177,outer_train
,5,179,outer_train
,5,180,outer_train
,5,181,outer_train
,5,182,outer_train
,5,183,outer_train
,5,184,outer_train
,5,185,outer_train
,5,186,outer_train
,5,187,outer_train
,5,189,outer_train
,5,192,outer_train
,5,193,outer_train
,5,194,outer_train
,5,195,outer_train
,5,197,outer_train
,5,198,outer_train
,5,199,outer_train
,5,201,outer_train
,5,202,outer_train
,5,203,outer_train
,5,204,outer_train
,5,205,outer_train
,5,206,outer_train
,5,207,outer_train
,5,209,outer_train
,5,210,outer_train
,5,211,outer_train
,5,212,outer_train
,5,215,outer_train
,5,217,outer_train
,5,218,outer_train
,5,220,outer_train
,5,221,outer_train
,5,222,outer_train
,5,223,outer_train
,5,225,outer_train
,5,227,outer_train
,5,228,outer_train
,5,229,outer_train
,5,230,outer_train
,5,231,outer_train
,5,232,outer_train
,5,234,outer_train
,5,235,outer_train
,5,236,outer_train
,5,237,outer_train
,5,238,outer_train
,5,239,outer_train
,5,241,outer_train
,5,242,outer_train
,5,243,outer_train
,5,246,outer_train
,5,248,outer_train
,5,249,outer_train
,5,251,outer_train
,5,253,outer_train
,5,254,outer_train
,5,255,outer_train
,5,256,outer_train
,5,257,outer_train
,5,259,outer_train
,5,260,outer_train
,5,261,outer_train
,5,263,outer_train
,5,264,outer_train
,5,265,outer_train
,5,267,outer_train
,5,268,outer_train
,5,269,outer_train
,5,270,outer_train
,5,271,outer_train
,5,272,outer_train
,5,273,outer_train
,5,274,outer_train
,5,275,outer_train
,5,276,outer_train
,5,277,outer_train
,5,280,outer_train
,5,281,outer_train
,5,282,outer_train
,5,283,outer_train
,5,284,outer_train
,5,285,outer_train
,5,286,outer_train
,5,287,outer_train
,5,288,outer_train
,5,289,outer_train
,5,290,outer_train
,5,291,outer_train
,5,292,outer_train
,5,293,outer_train
,5,294,outer_train
,5,296,outer_train
,5,297,outer_train
,5,299,outer_train
,5,300,outer_train
,5,301,outer_train
,5,302,outer_train
,5,303,outer_train
,5,304,outer_train
,5,305,outer_train
,5,307,outer_train
,5,308,outer_train
,5,309,outer_train
,5,311,outer_train
,5,312,outer_train
,5,313,outer_train
,5,314,outer_train
,5,315,outer_train
,5,317,outer_train
,5,318,outer_train
,5,319,outer_train
,5,320,outer_train
,5,321,outer_train
,5,322,outer_train
,5,326,outer_train
,5,327,outer_train
,5,328,outer_train
,5,329,outer_train
,5,331,outer_train
,5,332,outer_train
,5,333,outer_train
,5,334,outer_train
,5,335,outer_train
,5,336,outer_train
,5,337,outer_train
,5,339,outer_train
,5,340,outer_train
,5,341,outer_train
,5,342,outer_train
,5,343,outer_train
,5,344,outer_train
,5,345,outer_train
,5,346,outer_train
,5,347,outer_train
,5,348,outer_train
,5,351,outer_train
,5,352,outer_train
,5,354,outer_train
,5,355,outer_train
,5,356,outer_train
,5,357,outer_train
,5,359,outer_train
,5,360,outer_train
,5,361,outer_train
,5,362,outer_train
,5,363,outer_train
,5,367,outer_train
,5,368,outer_train
,5,369,outer_train
,5,370,outer_train
,5,371,outer_train
,5,372,outer_train
,5,373,outer_train
,5,375,outer_train
,5,376,outer_train
,5,377,outer_train
,5,378,outer_train
,5,379,outer_train
,5,380,outer_train
,5,381,outer_train
,5,383,outer_train
,5,384,outer_train
,5,385,outer_train
,5,386,outer_train
,5,387,outer_train
,5,388,outer_train
,5,390,outer_train
,5,391,outer_train
,5,392,outer_train
,5,393,outer_train
,5,394,outer_train
,5,395,outer_train
,5,397,outer_train
,5,398,outer_train
,5,399,outer_train
,5,400,outer_train
,5,401,outer_train
,5,402,outer_train
,5,403,outer_train
,5,404,outer_train
,5,406,outer_train
,5,407,outer_train
,5,408,outer_train
,5,410,outer_train
,5,411,outer_train
,5,412,outer_train
,5,413,outer_train
,5,415,outer_train
,5,416,outer_train
,5,417,outer_train
,5,418,outer_train
,5,419,outer_train
,5,421,outer_train
,5,422,outer_train
,5,425,outer_train
,5,426,outer_train
,5,427,outer_train
,5,428,outer_train
,5,429,outer_train
,5,430,outer_train
,5,431,outer_train
,5,432,outer_train
,5,433,outer_train
,5,434,outer_train
,5,435,outer_train
,5,436,outer_train
,5,438,outer_train
,5,439,outer_train
,5,440,outer_train
,5,441,outer_train
,5,442,outer_train
,5,444,outer_train
,5,445,outer_train
,5,446,outer_train
,5,447,outer_train
,5,448,outer_train
,5,449,outer_train
,5,451,outer_train
,5,452,outer_train
,5,453,outer_train
,5,454,outer_train
,5,456,outer_train
,5,457,outer_train
,5,458,outer_train
,5,459,outer_train
,5,460,outer_train
,5,461,outer_train
,5,462,outer_train
,5,463,outer_train
,5,464,outer_train
,5,465,outer_train
,5,466,outer_train
,5,467,outer_train
,5,468,outer_train
,5,471,outer_train
,5,472,outer_train
,5,473,outer_train
,5,475,outer_train
,5,477,outer_train
,5,478,outer_train
,5,479,outer_train
,5,482,outer_train
,5,483,outer_train
,5,484,outer_train
,5,487,outer_train
,5,489,outer_train
,5,490,outer_train
,5,491,outer_train
,5,492,outer_train
,5,493,outer_train
,5,494,outer_train
,5,495,outer_train
,5,496,outer_train
,5,497,outer_train
,5,499,outer_train
,5,0,outer_test
,5,1,outer_test
,5,3,outer_test
,5,12,outer_test
,5,14,outer_test
,5,15,outer_test
,5,17,outer_test
,5,30,outer_test
,5,31,outer_test
,5,51,outer_test
,5,52,outer_test
,5,59,outer_test
,5,60,outer_test
,5,61,outer_test
,5,66,outer_test
,5,69,outer_test
,5,71,outer_test
,5,91,outer_test
,5,94,outer_test
,5,96,outer_test
,5,97,outer_test
,5,100,outer_test
,5,111,outer_test
,5,123,outer_test
,5,129,outer_test
,5,133,outer_test
,5,135,outer_test
,5,142,outer_test
,5,145,outer_test
,5,151,outer_test
,5,154,outer_test
,5,161,outer_test
,5,163,outer_test
,5,165,outer_test
,5,178,outer_test
,5,188,outer_test
,5,190,outer_test
,5,191,outer_test
,5,196,outer_test
,5,200,outer_test
,5,208,outer_test
,5,213,outer_test
,5,214,outer_test
,5,216,outer_test
,5,219,outer_test
,5,224,outer_test
,5,226,outer_test
,5,233,outer_test
,5,240,outer_test
,5,244,outer_test
,5,245,outer_test
,5,247,outer_test
,5,250,outer_test
,5,252,outer_test
,5,258,outer_test
,5,262,outer_test
,5,266,outer_test
,5,278,outer_test
,5,279,outer_test
,5,295,outer_test
,5,298,outer_test
,5,306,outer_test
,5,310,outer_test
,5,316,outer_test
,5,323,outer_test
,5,324,outer_test
,5,325,outer_test
,5,330,outer_test
,5,338,outer_test
,5,349,outer_test
,5,350,outer_test
,5,353,outer_test
,5,358,outer_test
,5,364,outer_test
,5,365,outer_test
,5,366,outer_test
,5,374,outer_test
,5,382,outer_test
,5,389,outer_test
,5,396,outer_test
,5,405,outer_test
,5,409,outer_test
,5,414,outer_test
,5,420,outer_test
,5,423,outer_test
,5,424,outer_test
,5,437,outer_test
,5,443,outer_test
,5,450,outer_test
,5,455,outer_test
,5,469,outer_test
,5,470,outer_test
,5,474,outer_test
,5,476,outer_test
,5,480,outer_test
,5,481,outer_test
,5,485,outer_test
,5,486,outer_test
,5,488,outer_test
,5,498,outer_test
1,5,2,inner_train
1,5,6,inner_train
1,5,8,inner_train
1,5,9,inner_train
1,5,10,inner_train
1,5,11,inner_train
1,5,13,inner_train
1,5,16,inner_train
1,5,18,inner_train
1,5,19,inner_train
1,5,21,inner_train
1,5,22,inner_train
1,5,23,inner_train
1,5,24,inner_train
1,5,25,inner_train
1,5,26,inner_train
1,5,28,inner_train
1,5,32,inner_train
1,5,33,inner_train
1,5,34,inner_train
1,5,35,inner_train
1,5,36,inner_train
1,5,37,inner_train
1,5,38,inner_train
1,5,40,inner_train
1,5,41,inner_train
1,5,42,inner_train
1,5,44,inner_train
1,5,45,inner_train
1,5,46,inner_train
1,5,49,inner_train
1,5,50,inner_train
1,5,54,inner_train
1,5,55,inner_train
1,5,57,inner_train
1,5,58,inner_train
1,5,62,inner_train
1,5,63,inner_train
1,5,65,inner_train
1,5,68,inner_train
1,5,70,inner_train
1,5,72,inner_train
1,5,75,inner_train
1,5,76,inner_train
1,5,77,inner_train
1,5,78,inner_train
1,5,79,inner_train
1,5,80,inner_train
1,5,81,inner_train
1,5,82,inner_train
1,5,84,inner_train
1,5,85,inner_train
1,5,86,inner_train
1,5,88,inner_train
1,5,89,inner_train
1,5,90,inner_train
1,5,93,inner_train
1,5,95,inner_train
1,5,98,inner_train
1,5,99,inner_train
1,5,101,inner_train
1,5,103,inner_train
1,5,105,inner_train
1,5,106,inner_train
1,5,107,inner_train
1,5,110,inner_train
1,5,112,inner_train
1,5,114,inner_train
1,5,115,inner_train
1,5,116,inner_train
1,5,117,inner_train
1,5,119,inner_train
1,5,120,inner_train
1,5,121,inner_train
1,5,122,inner_train
1,5,124,inner_train
1,5,125,inner_train
1,5,127,inner_train
1,5,128,inner_train
1,5,130,inner_train
1,5,131,inner_train
1,5,132,inner_train
1,5,134,inner_train
1,5,136,inner_train
1,5,137,inner_train
1,5,138,inner_train
1,5,139,inner_train
1,5,140,inner_train
1,5,141,inner_train
1,5,143,inner_train
1,5,144,inner_train
1,5,146,inner_train
1,5,149,inner_train
1,5,150,inner_train
1,5,152,inner_train
1,5,153,inner_train
1,5,155,inner_train
1,5,156,inner_train
1,5,157,inner_train
1,5,159,inner_train
1,5,160,inner_train
1,5,162,inner_train
1,5,166,inner_train
1,5,167,inner_train
1,5,168,inner_train
1,5,169,inner_train
1,5,170,inner_train
1,5,171,inner_train
1,5,173,inner_train
1,5,174,inner_train
1,5,175,inner_train
1,5,176,inner_train
1,5,177,inner_train
1,5,179,inner_train
1,5,180,inner_train
1,5,181,inner_train
1,5,182,inner_train
1,5,183,inner_train
1,5,184,inner_train
1,5,189,inner_train
1,5,192,inner_train
1,5,193,inner_train
1,5,194,inner_train
1,5,197,inner_train
1,5,198,inner_train
1,5,199,inner_train
1,5,201,inner_train
1,5,202,inner_train
1,5,203,inner_train
1,5,204,inner_train
1,5,205,inner_train
1,5,206,inner_train
1,5,207,inner_train
1,5,209,inner_train
1,5,210,inner_train
1,5,212,inner_train
1,5,215,inner_train
1,5,217,inner_train
1,5,218,inner_train
1,5,220,inner_train
1,5,221,inner_train
1,5,223,inner_train
1,5,227,inner_train
1,5,228,inner_train
1,5,229,inner_train
1,5,230,inner_train
1,5,231,inner_train
1,5,232,inner_train
1,5,234,inner_train
1,5,236,inner_train
1,5,237,inner_train
1,5,238,inner_train
1,5,239,inner_train
1,5,242,inner_train
1,5,248,inner_train
1,5,249,inner_train
1,5,251,inner_train
1,5,253,inner_train
1,5,254,inner_train
1,5,257,inner_train
1,5,259,inner_train
1,5,260,inner_train
1,5,261,inner_train
1,5,263,inner_train
1,5,264,inner_train
1,5,265,inner_train
1,5,268,inner_train
1,5,269,inner_train
1,5,270,inner_train
1,5,272,inner_train
1,5,274,inner_train
1,5,275,inner_train
1,5,276,inner_train
1,5,277,inner_train
1,5,280,inner_train
1,5,281,inner_train
1,5,282,inner_train
1,5,283,inner_train
1,5,287,inner_train
1,5,288,inner_train
1,5,289,inner_train
1,5,291,inner_train
1,5,292,inner_train
1,5,293,inner_train
1,5,294,inner_train
1,5,297,inner_train
1,5,299,inner_train
1,5,302,inner_train
1,5,303,inner_train
1,5,304,inner_train
1,5,305,inner_train
1,5,307,inner_train
1,5,308,inner_train
1,5,309,inner_train
1,5,311,inner_train
1,5,313,inner_train
1,5,314,inner_train
1,5,317,inner_train
1,5,318,inner_train
1,5,320,inner_train
1,5,321,inner_train
1,5,322,inner_train
1,5,327,inner_train
1,5,329,inner_train
1,5,332,inner_train
1,5,333,inner_train
1,5,335,inner_train
1,5,337,inner_train
1,5,339,inner_train
1,5,340,inner_train
1,5,341,inner_train
1,5,342,inner_train
1,5,343,inner_train
1,5,345,inner_train
1,5,346,inner_train
1,5,347,inner_train
1,5,351,inner_train
1,5,352,inner_train
1,5,354,inner_train
1,5,356,inner_train
1,5,359,inner_train
1,5,362,inner_train
1,5,363,inner_train
1,5,368,inner_train
1,5,369,inner_train
1,5,370,inner_train
1,5,373,inner_train
1,5,375,inner_train
1,5,376,inner_train
1,5,377,inner_train
1,5,379,inner_train
1,5,381,inner_train
1,5,383,inner_train
1,5,384,inner_train
1,5,385,inner_train
1,5,386,inner_train
1,5,387,inner_train
1,5,388,inner_train
1,5,390,inner_train
1,5,391,inner_train
1,5,392,inner_train
1,5,394,inner_train
1,5,397,inner_train
1,5,398,inner_train
1,5,399,inner_train
1,5,400,inner_train
1,5,401,inner_train
1,5,402,inner_train
1,5,403,inner_train
1,5,406,inner_train
1,5,407,inner_train
1,5,410,inner_train
1,5,411,inner_train
1,5,413,inner_train
1,5,416,inner_train
1,5,417,inner_train
1,5,419,inner_train
1,5,421,inner_train
1,5,422,inner_train
1,5,425,inner_train
1,5,426,inner_train
1,5,428,inner_train
1,5,429,inner_train
1,5,430,inner_train
1,5,432,inner_train
1,5,435,inner_train
1,5,439,inner_train
1,5,440,inner_train
1,5,441,inner_train
1,5,442,inner_train
1,5,445,inner_train
1,5,446,inner_train
1,5,447,inner_train
1,5,448,inner_train
1,5,451,inner_train
1,5,452,inner_train
1,5,454,inner_train
1,5,456,inner_train
1,5,457,inner_train
1,5,460,inner_train
1,5,462,inner_train
1,5,464,inner_train
1,5,465,inner_train
1,5,466,inner_train
1,5,467,inner_train
1,5,468,inner_train
1,5,471,inner_train
1,5,472,inner_train
1,5,473,inner_train
1,5,475,inner_train
1,5,477,inner_train
1,5,478,inner_train
1,5,482,inner_train
1,5,490,inner_train
1,5,491,inner_train
1,5,493,inner_train
1,5,495,inner_train
1,5,496,inner_train
1,5,497,inner_train
1,5,499,inner_train
1,5,4,inner_validation
1,5,5,inner_validation
1,5,7,inner_validation
1,5,20,inner_validation
1,5,27,inner_validation
1,5,29,inner_validation
1,5,39,inner_validation
1,5,43,inner_validation
1,5,47,inner_validation
1,5,48,inner_validation
1,5,53,inner_validation
1,5,56,inner_validation
1,5,64,inner_validation
1,5,67,inner_validation
1,5,73,inner_validation
1,5,74,inner_validation
1,5,83,inner_validation
1,5,87,inner_validation
1,5,92,inner_validation
1,5,102,inner_validation
1,5,104,inner_validation
1,5,108,inner_validation
1,5,109,inner_validation
1,5,113,inner_validation
1,5,118,inner_validation
1,5,126,inner_validation
1,5,147,inner_validation
1,5,148,inner_validation
1,5,158,inner_validation
1,5,164,inner_validation
1,5,172,inner_validation
1,5,185,inner_validation
1,5,186,inner_validation
1,5,187,inner_validation
1,5,195,inner_validation
1,5,211,inner_validation
1,5,222,inner_validation
1,5,225,inner_validation
1,5,235,inner_validation
1,5,241,inner_validation
1,5,243,inner_validation
1,5,246,inner_validation
1,5,255,inner_validation
1,5,256,inner_validation
1,5,267,inner_validation
1,5,271,inner_validation
1,5,273,inner_validation
1,5,284,inner_validation
1,5,285,inner_validation
1,5,286,inner_validation
1,5,290,inner_validation
1,5,296,inner_validation
1,5,300,inner_validation
1,5,301,inner_validation
1,5,312,inner_validation
1,5,315,inner_validation
1,5,319,inner_validation
1,5,326,inner_validation
1,5,328,inner_validation
1,5,331,inner_validation
1,5,334,inner_validation
1,5,336,inner_validation
1,5,344,inner_validation
1,5,348,inner_validation
1,5,355,inner_validation
1,5,357,inner_validation
1,5,360,inner_validation
1,5,361,inner_validation
1,5,367,inner_validation
1,5,371,inner_validation
1,5,372,inner_validation
1,5,378,inner_validation
1,5,380,inner_validation
1,5,393,inner_validation
1,5,395,inner_validation
1,5,404,inner_validation
1,5,408,inner_validation
1,5,412,inner_validation
1,5,415,inner_validation
1,5,418,inner_validation
1,5,427,inner_validation
1,5,431,inner_validation
1,5,433,inner_validation
1,5,434,inner_validation
1,5,436,inner_validation
1,5,438,inner_validation
1,5,444,inner_validation
1,5,449,inner_validation
1,5,453,inner_validation
1,5,458,inner_validation
1,5,459,inner_validation
1,5,461,inner_validation
1,5,463,inner_validation
1,5,479,inner_validation
1,5,483,inner_validation
1,5,484,inner_validation
1,5,487,inner_validation
1,5,489,inner_validation
1,5,492,inner_validation
1,5,494,inner_validation
2,5,4,inner_train
2,5,5,inner_train
2,5,6,inner_train
2,5,7,inner_train
2,5,8,inner_train
2,5,9,inner_train
2,5,10,inner_train
2,5,13,inner_train
2,5,18,inner_train
2,5,19,inner_train
2,5,20,inner_train
2,5,21,inner_train
2,5,22,inner_train
2,5,24,inner_train
2,5,25,inner_train
2,5,26,inner_train
2,5,27,inner_train
2,5,28,inner_train
2,5,29,inner_train
2,5,32,inner_train
2,5,34,inner_train
2,5,35,inner_train
2,5,36,inner_train
2,5,38,inner_train
2,5,39,inner_train
2,5,41,inner_train
2,5,43,inner_train
2,5,46,inner_train
2,5,47,inner_train
2,5,48,inner_train
2,5,49,inner_train
2,5,50,inner_train
2,5,53,inner_train
2,5,54,inner_train
2,5,56,inner_train
2,5,57,inner_train
2,5,62,inner_train
2,5,63,inner_train
2,5,64,inner_train
2,5,67,inner_train
2,5,70,inner_train
2,5,73,inner_train
2,5,74,inner_train
2,5,75,inner_train
2,5,77,inner_train
2,5,79,inner_train
2,5,82,inner_train
2,5,83,inner_train
2,5,84,inner_train
2,5,85,inner_train
2,5,86,inner_train
2,5,87,inner_train
2,5,88,inner_train
2,5,89,inner_train
2,5,90,inner_train
2,5,92,inner_train
2,5,95,inner_train
2,5,99,inner_train
2,5,101,inner_train
2,5,102,inner_train
2,5,103,inner_train
2,5,104,inner_train
2,5,105,inner_train
2,5,106,inner_train
2,5,107,inner_train
2,5,108,inner_train
2,5,109,inner_train
2,5,110,inner_train
2,5,113,inner_train
2,5,114,inner_train
2,5,116,inner_train
2,5,117,inner_train
2,5,118,inner_train
2,5,119,inner_train
2,5,120,inner_train
2,5,121,inner_train
2,5,122,inner_train
2,5,125,inner_train
2,5,126,inner_train
2,5,130,inner_train
2,5,131,inner_train
2,5,132,inner_train
2,5,134,inner_train
2,5,136,inner_train
2,5,137,inner_train
2,5,138,inner_train
2,5,144,inner_train
2,5,147,inner_train
2,5,148,inner_train
2,5,149,inner_train
2,5,150,inner_train
2,5,152,inner_train
2,5,155,inner_train
2,5,156,inner_train
2,5,158,inner_train
2,5,159,inner_train
2,5,162,inner_train
2,5,164,inner_train
2,5,167,inner_train
2,5,169,inner_train
2,5,172,inner_train
2,5,173,inner_train
2,5,175,inner_train
2,5,176,inner_train
2,5,177,inner_train
2,5,179,inner_train
2,5,180,inner_train
2,5,181,inner_train
2,5,182,inner_train
2,5,184,inner_train
2,5,185,inner_train
2,5,186,inner_train
2,5,187,inner_train
2,5,189,inner_train
2,5,192,inner_train
2,5,193,inner_train
2,5,194,inner_train
2,5,195,inner_train
2,5,197,inner_train
2,5,198,inner_train
2,5,201,inner_train
2,5,202,inner_train
2,5,209,inner_train
2,5,211,inner_train
2,5,212,inner_train
2,5,215,inner_train
2,5,218,inner_train
2,5,220,inner_train
2,5,222,inner_train
2,5,223,inner_train
2,5,225,inner_train
2,5,227,inner_train
2,5,228,inner_train
2,5,230,inner_train
2,5,235,inner_train
2,5,236,inner_train
2,5,237,inner_train
2,5,238,inner_train
2,5,239,inner_train
2,5,241,inner_train
2,5,243,inner_train
2,5,246,inner_train
2,5,249,inner_train
2,5,251,inner_train
2,5,253,inner_train
2,5,254,inner_train
2,5,255,inner_train
2,5,256,inner_train
2,5,257,inner_train
2,5,260,inner_train
2,5,261,inner_train
2,5,263,inner_train
2,5,264,inner_train
2,5,265,inner_train
2,5,267,inner_train
2,5,268,inner_train
2,5,269,inner_train
2,5,270,inner_train
2,5,271,inner_train
2,5,273,inner_train
2,5,274,inner_train
2,5,275,inner_train
2,5,276,inner_train
2,5,277,inner_train
2,5,280,inner_train
2,5,281,inner_train
2,5,282,inner_train
2,5,283,inner_train
2,5,284,inner_train
2,5,285,inner_train
2,5,286,inner_train
2,5,287,inner_train
2,5,288,inner_train
2,5,289,inner_train
2,5,290,inner_train
2,5,292,inner_train
2,5,293,inner_train
2,5,294,inner_train
2,5,296,inner_train
2,5,297,inner_train
2,5,300,inner_train
2,5,301,inner_train
2,5,309,inner_train
2,5,311,inner_train
2,5,312,inner_train
2,5,313,inner_train
2,5,314,inner_train
2,5,315,inner_train
2,5,317,inner_train
2,5,318,inner_train
2,5,319,inner_train
2,5,320,inner_train
2,5,322,inner_train
2,5,326,inner_train
2,5,328,inner_train
2,5,329,inner_train
2,5,331,inner_train
2,5,333,inner_train
2,5,334,inner_train
2,5,335,inner_train
2,5,336,inner_train
2,5,337,inner_train
2,5,340,inner_train
2,5,342,inner_train
2,5,344,inner_train
2,5,345,inner_train
2,5,346,inner_train
2,5,347,inner_train
2,5,348,inner_train
2,5,352,inner_train
2,5,355,inner_train
2,5,356,inner_train
2,5,357,inner_train
2,5,359,inner_train
2,5,360,inner_train
2,5,361,inner_train
2,5,363,inner_train
2,5,367,inner_train
2,5,369,inner_train
2,5,371,inner_train
2,5,372,inner_train
2,5,373,inner_train
2,5,378,inner_train
2,5,380,inner_train
2,5,381,inner_train
2,5,383,inner_train
2,5,385,inner_train
2,5,386,inner_train
2,5,387,inner_train
2,5,388,inner_train
2,5,390,inner_train
2,5,393,inner_train
2,5,395,inner_train
2,5,397,inner_train
2,5,398,inner_train
2,5,399,inner_train
2,5,400,inner_train
2,5,401,inner_train
2,5,402,inner_train
2,5,403,inner_train
2,5,404,inner_train
2,5,406,inner_train
2,5,407,inner_train
2,5,408,inner_train
2,5,410,inner_train
2,5,412,inner_train
2,5,415,inner_train
2,5,416,inner_train
2,5,418,inner_train
2,5,419,inner_train
2,5,421,inner_train
2,5,425,inner_train
2,5,426,inner_train
2,5,427,inner_train
2,5,429,inner_train
2,5,430,inner_train
2,5,431,inner_train
2,5,433,inner_train
2,5,434,inner_train
2,5,435,inner_train
2,5,436,inner_train
2,5,438,inner_train
2,5,439,inner_train
2,5,440,inner_train
2,5,441,inner_train
2,5,442,inner_train
2,5,444,inner_train
2,5,445,inner_train
2,5,448,inner_train
2,5,449,inner_train
2,5,453,inner_train
2,5,454,inner_train
2,5,456,inner_train
2,5,458,inner_train
2,5,459,inner_train
2,5,460,inner_train
2,5,461,inner_train
2,5,462,inner_train
2,5,463,inner_train
2,5,464,inner_train
2,5,465,inner_train
2,5,466,inner_train
2,5,467,inner_train
2,5,468,inner_train
2,5,471,inner_train
2,5,473,inner_train
2,5,477,inner_train
2,5,478,inner_train
2,5,479,inner_train
2,5,482,inner_train
2,5,483,inner_train
2,5,484,inner_train
2,5,487,inner_train
2,5,489,inner_train
2,5,490,inner_train
2,5,492,inner_train
2,5,493,inner_train
2,5,494,inner_train
2,5,495,inner_train
2,5,496,inner_train
2,5,2,inner_validation
2,5,11,inner_validation
2,5,16,inner_validation
2,5,23,inner_validation
2,5,33,inner_validation
2,5,37,inner_validation
2,5,40,inner_validation
2,5,42,inner_validation
2,5,44,inner_validation
2,5,45,inner_validation
2,5,55,inner_validation
2,5,58,inner_validation
2,5,65,inner_validation
2,5,68,inner_validation
2,5,72,inner_validation
2,5,76,inner_validation
2,5,78,inner_validation
2,5,80,inner_validation
2,5,81,inner_validation
2,5,93,inner_validation
2,5,98,inner_validation
2,5,112,inner_validation
2,5,115,inner_validation
2,5,124,inner_validation
2,5,127,inner_validation
2,5,128,inner_validation
2,5,139,inner_validation
2,5,140,inner_validation
2,5,141,inner_validation
2,5,143,inner_validation
2,5,146,inner_validation
2,5,153,inner_validation
2,5,157,inner_validation
2,5,160,inner_validation
2,5,166,inner_validation
2,5,168,inner_validation
2,5,170,inner_validation
2,5,171,inner_validation
2,5,174,inner_validation
2,5,183,inner_validation
2,5,199,inner_validation
2,5,203,inner_validation
2,5,204,inner_validation
2,5,205,inner_validation
2,5,206,inner_validation
2,5,207,inner_validation
2,5,210,inner_validation
2,5,217,inner_validation
2,5,221,inner_validation
2,5,229,inner_validation
2,5,231,inner_validation
2,5,232,inner_validation
2,5,234,inner_validation
2,5,242,inner_validation
2,5,248,inner_validation
2,5,259,inner_validation
2,5,272,inner_validation
2,5,291,inner_validation
2,5,299,inner_validation
2,5,302,inner_validation
2,5,303,inner_validation
2,5,304,inner_validation
2,5,305,inner_validation
2,5,307,inner_validation
2,5,308,inner_validation
2,5,321,inner_validation
2,5,327,inner_validation
2,5,332,inner_validation
2,5,339,inner_validation
2,5,341,inner_validation
2,5,343,inner_validation
2,5,351,inner_validation
2,5,354,inner_validation
2,5,362,inner_validation
2,5,368,inner_validation
2,5,370,inner_validation
2,5,375,inner_validation
2,5,376,inner_validation
2,5,377,inner_validation
2,5,379,inner_validation
2,5,384,inner_validation
2,5,391,inner_validation
2,5,392,inner_validation
2,5,394,inner_validation
2,5,411,inner_validation
2,5,413,inner_validation
2,5,417,inner_validation
2,5,422,inner_validation
2,5,428,inner_validation
2,5,432,inner_validation
2,5,446,inner_validation
2,5,447,inner_validation
2,5,451,inner_validation
2,5,452,inner_validation
2,5,457,inner_validation
2,5,472,inner_validation
2,5,475,inner_validation
2,5,491,inner_validation
2,5,497,inner_validation
2,5,499,inner_validation
3,5,2,inner_train
3,5,4,inner_train
3,5,5,inner_train
3,5,6,inner_train
3,5,7,inner_train
3,5,9,inner_train
3,5,11,inner_train
3,5,13,inner_train
3,5,16,inner_train
3,5,18,inner_train
3,5,20,inner_train
3,5,23,inner_train
3,5,25,inner_train
3,5,26,inner_train
3,5,27,inner_train
3,5,28,inner_train
3,5,29,inner_train
3,5,32,inner_train
3,5,33,inner_train
3,5,35,inner_train
3,5,36,inner_train
3,5,37,inner_train
3,5,38,inner_train
3,5,39,inner_train
3,5,40,inner_train
3,5,41,inner_train
3,5,42,inner_train
3,5,43,inner_train
3,5,44,inner_train
3,5,45,inner_train
3,5,47,inner_train
3,5,48,inner_train
3,5,50,inner_train
3,5,53,inner_train
3,5,55,inner_train
3,5,56,inner_train
3,5,58,inner_train
3,5,62,inner_train
3,5,64,inner_train
3,5,65,inner_train
3,5,67,inner_train
3,5,68,inner_train
3,5,70,inner_train
3,5,72,inner_train
3,5,73,inner_train
3,5,74,inner_train
3,5,75,inner_train
3,5,76,inner_train
3,5,77,inner_train
3,5,78,inner_train
3,5,80,inner_train
3,5,81,inner_train
3,5,83,inner_train
3,5,86,inner_train
3,5,87,inner_train
3,5,88,inner_train
3,5,89,inner_train
3,5,90,inner_train
3,5,92,inner_train
3,5,93,inner_train
3,5,95,inner_train
3,5,98,inner_train
3,5,99,inner_train
3,5,102,inner_train
3,5,103,inner_train
3,5,104,inner_train
3,5,107,inner_train
3,5,108,inner_train
3,5,109,inner_train
3,5,110,inner_train
3,5,112,inner_train
3,5,113,inner_train
3,5,115,inner_train
3,5,116,inner_train
3,5,118,inner_train
3,5,119,inner_train
3,5,121,inner_train
3,5,122,inner_train
3,5,124,inner_train
3,5,126,inner_train
3,5,127,inner_train
3,5,128,inner_train
3,5,134,inner_train
3,5,136,inner_train
3,5,137,inner_train
3,5,139,inner_train
3,5,140,inner_train
3,5,141,inner_train
3,5,143,inner_train
3,5,146,inner_train
3,5,147,inner_train
3,5,148,inner_train
3,5,152,inner_train
3,5,153,inner_train
3,5,155,inner_train
3,5,156,inner_train
3,5,157,inner_train
3,5,158,inner_train
3,5,160,inner_train
3,5,164,inner_train
3,5,166,inner_train
3,5,168,inner_train
3,5,169,inner_train
3,5,170,inner_train
3,5,171,inner_train
3,5,172,inner_train
3,5,174,inner_train
3,5,176,inner_train
3,5,181,inner_train
3,5,182,inner_train
3,5,183,inner_train
3,5,184,inner_train
3,5,185,inner_train
3,5,186,inner_train
3,5,187,inner_train
3,5,189,inner_train
3,5,192,inner_train
3,5,193,inner_train
3,5,194,inner_train
3,5,195,inner_train
3,5,197,inner_train
3,5,198,inner_train
3,5,199,inner_train
3,5,203,inner_train
3,5,204,inner_train
3,5,205,inner_train
3,5,206,inner_train
3,5,207,inner_train
3,5,209,inner_train
3,5,210,inner_train
3,5,211,inner_train
3,5,215,inner_train
3,5,217,inner_train
3,5,220,inner_train
3,5,221,inner_train
3,5,222,inner_train
3,5,225,inner_train
3,5,229,inner_train
3,5,231,inner_train
3,5,232,inner_train
3,5,234,inner_train
3,5,235,inner_train
3,5,236,inner_train
3,5,238,inner_train
3,5,239,inner_train
3,5,241,inner_train
3,5,242,inner_train
3,5,243,inner_train
3,5,246,inner_train
3,5,248,inner_train
3,5,251,inner_train
3,5,255,inner_train
3,5,256,inner_train
3,5,259,inner_train
3,5,261,inner_train
3,5,264,inner_train
3,5,267,inner_train
3,5,269,inner_train
3,5,271,inner_train
3,5,272,inner_train
3,5,273,inner_train
3,5,275,inner_train
3,5,276,inner_train
3,5,277,inner_train
3,5,280,inner_train
3,5,281,inner_train
3,5,282,inner_train
3,5,283,inner_train
3,5,284,inner_train
3,5,285,inner_train
3,5,286,inner_train
3,5,290,inner_train
3,5,291,inner_train
3,5,296,inner_train
3,5,297,inner_train
3,5,299,inner_train
3,5,300,inner_train
3,5,301,inner_train
3,5,302,inner_train
3,5,303,inner_train
3,5,304,inner_train
3,5,305,inner_train
3,5,307,inner_train
3,5,308,inner_train
3,5,311,inner_train
3,5,312,inner_train
3,5,315,inner_train
3,5,317,inner_train
3,5,319,inner_train
3,5,321,inner_train
3,5,322,inner_train
3,5,326,inner_train
3,5,327,inner_train
3,5,328,inner_train
3,5,331,inner_train
3,5,332,inner_train
3,5,333,inner_train
3,5,334,inner_train
3,5,335,inner_train
3,5,336,inner_train
3,5,337,inner_train
3,5,339,inner_train
3,5,341,inner_train
3,5,343,inner_train
3,5,344,inner_train
3,5,346,inner_train
3,5,347,inner_train
3,5,348,inner_train
3,5,351,inner_train
3,5,352,inner_train
3,5,354,inner_train
3,5,355,inner_train
3,5,357,inner_train
3,5,359,inner_train
3,5,360,inner_train
3,5,361,inner_train
3,5,362,inner_train
3,5,367,inner_train
3,5,368,inner_train
3,5,369,inner_train
3,5,370,inner_train
3,5,371,inner_train
3,5,372,inner_train
3,5,373,inner_train
3,5,375,inner_train
3,5,376,inner_train
3,5,377,inner_train
3,5,378,inner_train
3,5,379,inner_train
3,5,380,inner_train
3,5,383,inner_train
3,5,384,inner_train
3,5,385,inner_train
3,5,387,inner_train
3,5,391,inner_train
3,5,392,inner_train
3,5,393,inner_train
3,5,394,inner_train
3,5,395,inner_train
3,5,397,inner_train
3,5,399,inner_train
3,5,404,inner_train
3,5,407,inner_train
3,5,408,inner_train
3,5,411,inner_train
3,5,412,inner_train
3,5,413,inner_train
3,5,415,inner_train
3,5,416,inner_train
3,5,417,inner_train
3,5,418,inner_train
3,5,419,inner_train
3,5,421,inner_train
3,5,422,inner_train
3,5,426,inner_train
3,5,427,inner_train
3,5,428,inner_train
3,5,430,inner_train
3,5,431,inner_train
3,5,432,inner_train
3,5,433,inner_train
3,5,434,inner_train
3,5,435,inner_train
3,5,436,inner_train
3,5,438,inner_train
3,5,439,inner_train
3,5,444,inner_train
3,5,446,inner_train
3,5,447,inner_train
3,5,448,inner_train
3,5,449,inner_train
3,5,451,inner_train
3,5,452,inner_train
3,5,453,inner_train
3,5,457,inner_train
3,5,458,inner_train
3,5,459,inner_train
3,5,460,inner_train
3,5,461,inner_train
3,5,462,inner_train
3,5,463,inner_train
3,5,471,inner_train
3,5,472,inner_train
3,5,475,inner_train
3,5,478,inner_train
3,5,479,inner_train
3,5,482,inner_train
3,5,483,inner_train
3,5,484,inner_train
3,5,487,inner_train
3,5,489,inner_train
3,5,490,inner_train
3,5,491,inner_train
3,5,492,inner_train
3,5,493,inner_train
3,5,494,inner_train
3,5,495,inner_train
3,5,496,inner_train
3,5,497,inner_train
3,5,499,inner_train
3,5,8,inner_validation
3,5,10,inner_validation
3,5,19,inner_validation
3,5,21,inner_validation
3,5,22,inner_validation
3,5,24,inner_validation
3,5,34,inner_validation
3,5,46,inner_validation
3,5,49,inner_validation
3,5,54,inner_validation
3,5,57,inner_validation
3,5,63,inner_validation
3,5,79,inner_validation
3,5,82,inner_validation
3,5,84,inner_validation
3,5,85,inner_validation
3,5,101,inner_validation
3,5,105,inner_validation
3,5,106,inner_validation
3,5,114,inner_validation
3,5,117,inner_validation
3,5,120,inner_validation
3,5,125,inner_validation
3,5,130,inner_validation
3,5,131,inner_validation
3,5,132,inner_validation
3,5,138,inner_validation
3,5,144,inner_validation
3,5,149,inner_validation
3,5,150,inner_validation
3,5,159,inner_validation
3,5,162,inner_validation
3,5,167,inner_validation
3,5,173,inner_validation
3,5,175,inner_validation
3,5,177,inner_validation
3,5,179,inner_validation
3,5,180,inner_validation
3,5,201,inner_validation
3,5,202,inner_validation
3,5,212,inner_validation
3,5,218,inner_validation
3,5,223,inner_validation
3,5,227,inner_validation
3,5,228,inner_validation
3,5,230,inner_validation
3,5,237,inner_validation
3,5,249,inner_validation
3,5,253,inner_validation
3,5,254,inner_validation
3,5,257,inner_validation
3,5,260,inner_validation
3,5,263,inner_validation
3,5,265,inner_validation
3,5,268,inner_validation
3,5,270,inner_validation
3,5,274,inner_validation
3,5,287,inner_validation
3,5,288,inner_validation
3,5,289,inner_validation
3,5,292,inner_validation
3,5,293,inner_validation
3,5,294,inner_validation
3,5,309,inner_validation
3,5,313,inner_validation
3,5,314,inner_validation
3,5,318,inner_validation
3,5,320,inner_validation
3,5,329,inner_validation
3,5,340,inner_validation
3,5,342,inner_validation
3,5,345,inner_validation
3,5,356,inner_validation
3,5,363,inner_validation
3,5,381,inner_validation
3,5,386,inner_validation
3,5,388,inner_validation
3,5,390,inner_validation
3,5,398,inner_validation
3,5,400,inner_validation
3,5,401,inner_validation
3,5,402,inner_validation
3,5,403,inner_validation
3,5,406,inner_validation
3,5,410,inner_validation
3,5,425,inner_validation
3,5,429,inner_validation
3,5,440,inner_validation
3,5,441,inner_validation
3,5,442,inner_validation
3,5,445,inner_validation
3,5,454,inner_validation
3,5,456,inner_validation
3,5,464,inner_validation
3,5,465,inner_validation
3,5,466,inner_validation
3,5,467,inner_validation
3,5,468,inner_validation
3,5,473,inner_validation
3,5,477,inner_validation
4,5,2,inner_train
4,5,4,inner_train
4,5,5,inner_train
4,5,7,inner_train
4,5,8,inner_train
4,5,10,inner_train
4,5,11,inner_train
4,5,16,inner_train
4,5,19,inner_train
4,5,20,inner_train
4,5,21,inner_train
4,5,22,inner_train
4,5,23,inner_train
4,5,24,inner_train
4,5,27,inner_train
4,5,29,inner_train
4,5,33,inner_train
4,5,34,inner_train
4,5,37,inner_train
4,5,39,inner_train
4,5,40,inner_train
4,5,42,inner_train
4,5,43,inner_train
4,5,44,inner_train
4,5,45,inner_train
4,5,46,inner_train
4,5,47,inner_train
4,5,48,inner_train
4,5,49,inner_train
4,5,53,inner_train
4,5,54,inner_train
4,5,55,inner_train
4,5,56,inner_train
4,5,57,inner_train
4,5,58,inner_train
4,5,63,inner_train
4,5,64,inner_train
4,5,65,inner_train
4,5,67,inner_train
4,5,68,inner_train
4,5,72,inner_train
4,5,73,inner_train
4,5,74,inner_train
4,5,76,inner_train
4,5,78,inner_train
4,5,79,inner_train
4,5,80,inner_train
4,5,81,inner_train
4,5,82,inner_train
4,5,83,inner_train
4,5,84,inner_train
4,5,85,inner_train
4,5,87,inner_train
4,5,92,inner_train
4,5,93,inner_train
4,5,98,inner_train
4,5,101,inner_train
4,5,102,inner_train
4,5,104,inner_train
4,5,105,inner_train
4,5,106,inner_train
4,5,108,inner_train
4,5,109,inner_train
4,5,112,inner_train
4,5,113,inner_train
4,5,114,inner_train
4,5,115,inner_train
4,5,117,inner_train
4,5,118,inner_train
4,5,120,inner_train
4,5,124,inner_train
4,5,125,inner_train
4,5,126,inner_train
4,5,127,inner_train
4,5,128,inner_train
4,5,130,inner_train
4,5,131,inner_train
4,5,132,inner_train
4,5,138,inner_train
4,5,139,inner_train
4,5,140,inner_train
4,5,141,inner_train
4,5,143,inner_train
4,5,144,inner_train
4,5,146,inner_train
4,5,147,inner_train
4,5,148,inner_train
4,5,149,inner_train
4,5,150,inner_train
4,5,153,inner_train
4,5,157,inner_train
4,5,158,inner_train
4,5,159,inner_train
4,5,160,inner_train
4,5,162,inner_train
4,5,164,inner_train
4,5,166,inner_train
4,5,167,inner_train
4,5,168,inner_train
4,5,170,inner_train
4,5,171,inner_train
4,5,172,inner_train
4,5,173,inner_train
4,5,174,inner_train
4,5,175,inner_train
4,5,177,inner_train
4,5,179,inner_train
4,5,180,inner_train
4,5,183,inner_train
4,5,185,inner_train
4,5,186,inner_train
4,5,187,inner_train
4,5,195,inner_train
4,5,199,inner_train
4,5,201,inner_train
4,5,202,inner_train
4,5,203,inner_train
4,5,204,inner_train
4,5,205,inner_train
4,5,206,inner_train
4,5,207,inner_train
4,5,210,inner_train
4,5,211,inner_train
4,5,212,inner_train
4,5,217,inner_train
4,5,218,inner_train
4,5,221,inner_train
4,5,222,inner_train
4,5,223,inner_train
4,5,225,inner_train
4,5,227,inner_train
4,5,228,inner_train
4,5,229,inner_train
4,5,230,inner_train
4,5,231,inner_train
4,5,232,inner_train
4,5,234,inner_train
4,5,235,inner_train
4,5,237,inner_train
4,5,241,inner_train
4,5,242,inner_train
4,5,243,inner_train
4,5,246,inner_train
4,5,248,inner_train
4,5,249,inner_train
4,5,253,inner_train
4,5,254,inner_train
4,5,255,inner_train
4,5,256,inner_train
4,5,257,inner_train
4,5,259,inner_train
4,5,260,inner_train
4,5,263,inner_train
4,5,265,inner_train
4,5,267,inner_train
4,5,268,inner_train
4,5,270,inner_train
4,5,271,inner_train
4,5,272,inner_train
4,5,273,inner_train
4,5,274,inner_train
4,5,284,inner_train
4,5,285,inner_train
4,5,286,inner_train
4,5,287,inner_train
4,5,288,inner_train
4,5,289,inner_train
4,5,290,inner_train
4,5,291,inner_train
4,5,292,inner_train
4,5,293,inner_train
4,5,294,inner_train
4,5,296,inner_train
4,5,299,inner_train
4,5,300,inner_train
4,5,301,inner_train
4,5,302,inner_train
4,5,303,inner_train
4,5,304,inner_train
4,5,305,inner_train
4,5,307,inner_train
4,5,308,inner_train
4,5,309,inner_train
4,5,312,inner_train
4,5,313,inner_train
4,5,314,inner_train
4,5,315,inner_train
4,5,318,inner_train
4,5,319,inner_train
4,5,320,inner_train
4,5,321,inner_train
4,5,326,inner_train
4,5,327,inner_train
4,5,328,inner_train
4,5,329,inner_train
4,5,331,inner_train
4,5,332,inner_train
4,5,334,inner_train
4,5,336,inner_train
4,5,339,inner_train
4,5,340,inner_train
4,5,341,inner_train
4,5,342,inner_train
4,5,343,inner_train
4,5,344,inner_train
4,5,345,inner_train
4,5,348,inner_train
4,5,351,inner_train
4,5,354,inner_train
4,5,355,inner_train
4,5,356,inner_train
4,5,357,inner_train
4,5,360,inner_train
4,5,361,inner_train
4,5,362,inner_train
4,5,363,inner_train
4,5,367,inner_train
4,5,368,inner_train
4,5,370,inner_train
4,5,371,inner_train
4,5,372,inner_train
4,5,375,inner_train
4,5,376,inner_train
4,5,377,inner_train
4,5,378,inner_train
4,5,379,inner_train
4,5,380,inner_train
4,5,381,inner_train
4,5,384,inner_train
4,5,386,inner_train
4,5,388,inner_train
4,5,390,inner_train
4,5,391,inner_train
4,5,392,inner_train
4,5,393,inner_train
4,5,394,inner_train
4,5,395,inner_train
4,5,398,inner_train
4,5,400,inner_train
4,5,401,inner_train
4,5,402,inner_train
4,5,403,inner_train
4,5,404,inner_train
4,5,406,inner_train
4,5,408,inner_train
4,5,410,inner_train
4,5,411,inner_train
4,5,412,inner_train
4,5,413,inner_train
4,5,415,inner_train
4,5,417,inner_train
4,5,418,inner_train
4,5,422,inner_train
4,5,425,inner_train
4,5,427,inner_train
4,5,428,inner_train
4,5,429,inner_train
4,5,431,inner_train
4,5,432,inner_train
4,5,433,inner_train
4,5,434,inner_train
4,5,436,inner_train
4,5,438,inner_train
4,5,440,inner_train
4,5,441,inner_train
4,5,442,inner_train
4,5,444,inner_train
4,5,445,inner_train
4,5,446,inner_train
4,5,447,inner_train
4,5,449,inner_train
4,5,451,inner_train
4,5,452,inner_train
4,5,453,inner_train
4,5,454,inner_train
4,5,456,inner_train
4,5,457,inner_train
4,5,458,inner_train
4,5,459,inner_train
4,5,461,inner_train
4,5,463,inner_train
4,5,464,inner_train
4,5,465,inner_train
4,5,466,inner_train
4,5,467,inner_train
4,5,468,inner_train
4,5,472,inner_train
4,5,473,inner_train
4,5,475,inner_train
4,5,477,inner_train
4,5,479,inner_train
4,5,483,inner_train
4,5,484,inner_train
4,5,487,inner_train
4,5,489,inner_train
4,5,491,inner_train
4,5,492,inner_train
4,5,494,inner_train
4,5,497,inner_train
4,5,499,inner_train
4,5,6,inner_validation
4,5,9,inner_validation
4,5,13,inner_validation
4,5,18,inner_validation
4,5,25,inner_validation
4,5,26,inner_validation
4,5,28,inner_validation
4,5,32,inner_validation
4,5,35,inner_validation
4,5,36,inner_validation
4,5,38,inner_validation
4,5,41,inner_validation
4,5,50,inner_validation
4,5,62,inner_validation
4,5,70,inner_validation
4,5,75,inner_validation
4,5,77,inner_validation
4,5,86,inner_validation
4,5,88,inner_validation
4,5,89,inner_validation
4,5,90,inner_validation
4,5,95,inner_validation
4,5,99,inner_validation
4,5,103,inner_validation
4,5,107,inner_validation
4,5,110,inner_validation
4,5,116,inner_validation
4,5,119,inner_validation
4,5,121,inner_validation
4,5,122,inner_validation
4,5,134,inner_validation
4,5,136,inner_validation
4,5,137,inner_validation
4,5,152,inner_validation
4,5,155,inner_validation
4,5,156,inner_validation
4,5,169,inner_validation
4,5,176,inner_validation
4,5,181,inner_validation
4,5,182,inner_validation
4,5,184,inner_validation
4,5,189,inner_validation
4,5,192,inner_validation
4,5,193,inner_validation
4,5,194,inner_validation
4,5,197,inner_validation
4,5,198,inner_validation
4,5,209,inner_validation
4,5,215,inner_validation
4,5,220,inner_validation
4,5,236,inner_validation
4,5,238,inner_validation
4,5,239,inner_validation
4,5,251,inner_validation
4,5,261,inner_validation
4,5,264,inner_validation
4,5,269,inner_validation
4,5,275,inner_validation
4,5,276,inner_validation
4,5,277,inner_validation
4,5,280,inner_validation
4,5,281,inner_validation
4,5,282,inner_validation
4,5,283,inner_validation
4,5,297,inner_validation
4,5,311,inner_validation
4,5,317,inner_validation
4,5,322,inner_validation
4,5,333,inner_validation
4,5,335,inner_validation
4,5,337,inner_validation
4,5,346,inner_validation
4,5,347,inner_validation
4,5,352,inner_validation
4,5,359,inner_validation
4,5,369,inner_validation
4,5,373,inner_validation
4,5,383,inner_validation
4,5,385,inner_validation
4,5,387,inner_validation
4,5,397,inner_validation
4,5,399,inner_validation
4,5,407,inner_validation
4,5,416,inner_validation
4,5,419,inner_validation
4,5,421,inner_validation
4,5,426,inner_validation
4,5,430,inner_validation
4,5,435,inner_validation
4,5,439,inner_validation
4,5,448,inner_validation
4,5,460,inner_validation
4,5,462,inner_validation
4,5,471,inner_validation
4,5,478,inner_validation
4,5,482,inner_validation
4,5,490,inner_validation
4,5,493,inner_validation
4,5,495,inner_validation
4,5,496,inner_validation
