correct_at_stop,hybrid_stop_budget,invalid_extraction_driven_uncertainty,invalid_rate_at_stop,margin_missed_recovery_opportunity,margin_stop_budget,margin_to_hybrid_override,n16_correct,plurality_switches_t2_t16,policy_id,premature_stop_with_missed_recovery,primary_category,question_index,regression_avoided,safe_early_stop,stable_wrong_trajectory,stop_budget,successful_hybrid_intervention,unnecessary_continuation,unstable_trajectory
True,2,False,0.0,False,2,False,True,0,safe_logistic_start2_every_sample_lambda10,False,safe_early_stop,4,False,True,False,3,False,False,False
True,2,False,0.0,False,2,False,True,0,safe_logistic_start2_every_sample_lambda10,False,safe_early_stop,8,False,True,False,3,False,False,False
False,16,True,0.09090909090909091,False,16,False,False,4,safe_logistic_start2_every_sample_lambda10,False,invalid_extraction_driven_uncertainty,9,False,True,False,11,False,False,True
False,16,True,0.375,False,2,True,False,0,safe_logistic_start2_every_sample_lambda10,False,unnecessary_continuation,11,False,False,True,16,False,True,False
True,2,False,0.0,False,2,False,True,0,safe_logistic_start2_every_sample_lambda10,False,safe_early_stop,16,False,True,False,3,False,False,False
True,16,True,0.08333333333333333,False,16,False,True,1,safe_logistic_start2_every_sample_lambda10,False,invalid_extraction_driven_uncertainty,21,False,True,False,12,False,False,False
True,2,False,0.0,False,2,False,True,0,safe_logistic_start2_every_sample_lambda10,False,safe_early_stop,28,False,True,False,3,False,False,False
False,16,False,0.0,False,16,False,False,2,safe_logistic_start2_every_sample_lambda10,False,unnecessary_continuation,33,False,False,False,16,False,True,True
True,2,False,0.0,False,2,False,True,0,safe_logistic_start2_every_sample_lambda10,False,safe_early_stop,42,False,True,False,3,False,False,False
True,2,False,0.0,False,2,False,True,0,safe_logistic_start2_every_sample_lambda10,False,safe_early_stop,45,False,True,False,3,False,False,False
True,2,False,0.0,False,2,False,True,0,safe_logistic_start2_every_sample_lambda10,False,safe_early_stop,48,False,True,False,3,False,False,False
False,16,False,0.0,False,16,False,False,6,safe_logistic_start2_every_sample_lambda10,False,unstable_trajectory,62,False,True,False,11,False,False,True
False,4,False,0.0,False,4,False,False,1,safe_logistic_start2_every_sample_lambda10,False,safe_early_stop,63,False,True,False,5,False,False,False
True,4,False,0.0,False,4,False,True,0,safe_logistic_start2_every_sample_lambda10,False,safe_early_stop,67,False,True,False,7,False,False,False
True,2,False,0.0,False,2,False,True,0,safe_logistic_start2_every_sample_lambda10,False,safe_early_stop,72,False,True,False,3,False,False,False
True,2,False,0.0,False,2,False,True,0,safe_logistic_start2_every_sample_lambda10,False,safe_early_stop,74,False,True,False,3,False,False,False
True,2,False,0.0,False,2,False,True,0,safe_logistic_start2_every_sample_lambda10,False,safe_early_stop,76,False,True,False,3,False,False,False
False,2,False,0.0,False,2,False,False,0,safe_logistic_start2_every_sample_lambda10,False,stable_wrong_trajectory,80,False,True,True,3,False,False,False
True,2,True,0.25,False,2,False,True,0,safe_logistic_start2_every_sample_lambda10,False,invalid_extraction_driven_uncertainty,88,False,True,False,4,False,False,False
False,2,False,0.0,False,2,False,False,0,safe_logistic_start2_every_sample_lambda10,False,stable_wrong_trajectory,90,False,True,True,3,False,False,False
True,2,False,0.0,False,2,False,True,0,safe_logistic_start2_every_sample_lambda10,False,safe_early_stop,102,False,True,False,3,False,False,False
False,3,True,0.5625,False,2,True,False,1,safe_logistic_start2_every_sample_lambda10,False,unnecessary_continuation,103,False,False,False,16,False,True,False
True,4,False,0.0,False,4,False,True,0,safe_logistic_start2_every_sample_lambda10,False,safe_early_stop,107,False,True,False,5,False,False,False
False,6,True,0.5625,False,5,True,False,1,safe_logistic_start2_every_sample_lambda10,False,unnecessary_continuation,109,False,False,False,16,False,True,False
True,2,False,0.0,False,2,False,True,0,safe_logistic_start2_every_sample_lambda10,False,safe_early_stop,117,False,True,False,3,False,False,False
True,3,True,0.4,False,2,True,True,0,safe_logistic_start2_every_sample_lambda10,False,invalid_extraction_driven_uncertainty,118,False,True,False,5,False,False,False
True,2,False,0.0,False,2,False,True,0,safe_logistic_start2_every_sample_lambda10,False,safe_early_stop,128,False,True,False,3,False,False,False
True,2,False,0.0,False,2,False,True,0,safe_logistic_start2_every_sample_lambda10,False,safe_early_stop,141,False,True,False,3,False,False,False
True,2,False,0.0,False,2,False,True,0,safe_logistic_start2_every_sample_lambda10,False,safe_early_stop,143,False,True,False,3,False,False,False
True,2,False,0.0,False,2,False,True,0,safe_logistic_start2_every_sample_lambda10,False,safe_early_stop,148,False,True,False,3,False,False,False
True,2,False,0.0,False,2,False,True,0,safe_logistic_start2_every_sample_lambda10,False,safe_early_stop,149,False,True,False,3,False,False,False
False,4,True,0.6666666666666666,False,3,True,False,1,safe_logistic_start2_every_sample_lambda10,False,invalid_extraction_driven_uncertainty,150,False,True,False,6,False,False,False
True,2,False,0.0,False,2,False,True,0,safe_logistic_start2_every_sample_lambda10,False,safe_early_stop,167,False,True,False,3,False,False,False
True,2,False,0.0,False,2,False,True,0,safe_logistic_start2_every_sample_lambda10,False,safe_early_stop,173,False,True,False,3,False,False,False
False,2,False,0.0,False,2,False,False,0,safe_logistic_start2_every_sample_lambda10,False,stable_wrong_trajectory,177,False,True,True,3,False,False,False
True,2,True,0.2222222222222222,False,2,False,True,0,safe_logistic_start2_every_sample_lambda10,False,invalid_extraction_driven_uncertainty,179,False,True,False,9,False,False,False
True,2,False,0.0,False,2,False,True,0,safe_logistic_start2_every_sample_lambda10,False,safe_early_stop,181,False,True,False,3,False,False,False
True,2,False,0.0,False,2,False,True,0,safe_logistic_start2_every_sample_lambda10,False,safe_early_stop,195,False,True,False,3,False,False,False
True,2,False,0.0,False,2,False,True,0,safe_logistic_start2_every_sample_lambda10,False,safe_early_stop,209,False,True,False,3,False,False,False
True,2,False,0.0,False,2,False,True,0,safe_logistic_start2_every_sample_lambda10,False,safe_early_stop,211,False,True,False,3,False,False,False
True,2,False,0.0,False,2,False,True,0,safe_logistic_start2_every_sample_lambda10,False,safe_early_stop,221,False,True,False,3,False,False,False
False,4,False,0.0,False,4,False,False,1,safe_logistic_start2_every_sample_lambda10,False,safe_early_stop,222,False,True,False,5,False,False,False
True,2,False,0.0,False,2,False,True,0,safe_logistic_start2_every_sample_lambda10,False,safe_early_stop,225,False,True,False,3,False,False,False
True,2,False,0.0,False,2,False,True,0,safe_logistic_start2_every_sample_lambda10,False,safe_early_stop,227,False,True,False,3,False,False,False
True,14,True,0.5,False,14,False,True,1,safe_logistic_start2_every_sample_lambda10,False,invalid_extraction_driven_uncertainty,228,False,True,False,10,False,False,False
False,16,True,0.25,False,16,False,False,5,safe_logistic_start2_every_sample_lambda10,False,invalid_extraction_driven_uncertainty,236,False,False,False,16,False,False,True
True,2,False,0.0,False,2,False,True,0,safe_logistic_start2_every_sample_lambda10,False,safe_early_stop,251,False,True,False,3,False,False,False
True,2,False,0.0,False,2,False,True,0,safe_logistic_start2_every_sample_lambda10,False,safe_early_stop,253,False,True,False,3,False,False,False
True,2,False,0.0,False,2,False,True,0,safe_logistic_start2_every_sample_lambda10,False,safe_early_stop,254,False,True,False,3,False,False,False
True,2,False,0.0,False,2,False,True,0,safe_logistic_start2_every_sample_lambda10,False,safe_early_stop,257,False,True,False,3,False,False,False
True,2,False,0.0,False,2,False,True,0,safe_logistic_start2_every_sample_lambda10,False,safe_early_stop,260,False,True,False,3,False,False,False
True,2,False,0.0,False,2,False,True,0,safe_logistic_start2_every_sample_lambda10,False,safe_early_stop,261,False,True,False,3,False,False,False
False,2,True,0.1,False,2,False,False,0,safe_logistic_start2_every_sample_lambda10,False,invalid_extraction_driven_uncertainty,264,False,True,True,10,False,False,False
True,2,False,0.0,False,2,False,True,0,safe_logistic_start2_every_sample_lambda10,False,safe_early_stop,273,False,True,False,3,False,False,False
True,2,False,0.0,False,2,False,False,3,safe_logistic_start2_every_sample_lambda10,False,regression_avoided,284,True,True,False,3,False,False,True
False,4,True,0.8125,False,3,True,False,1,safe_logistic_start2_every_sample_lambda10,False,unnecessary_continuation,285,False,False,False,16,False,True,False
True,11,True,0.5,False,11,False,True,0,safe_logistic_start2_every_sample_lambda10,False,invalid_extraction_driven_uncertainty,290,False,True,False,10,False,False,False
True,16,False,0.0,False,16,False,True,2,safe_logistic_start2_every_sample_lambda10,False,unstable_trajectory,291,False,True,False,8,False,False,True
True,2,False,0.0,False,2,False,True,0,safe_logistic_start2_every_sample_lambda10,False,safe_early_stop,293,False,True,False,3,False,False,False
True,2,False,0.0,False,2,False,True,0,safe_logistic_start2_every_sample_lambda10,False,safe_early_stop,299,False,True,False,3,False,False,False
False,2,False,0.0,False,2,False,False,0,safe_logistic_start2_every_sample_lambda10,False,stable_wrong_trajectory,303,False,True,True,3,False,False,False
True,2,False,0.0,False,2,False,True,0,safe_logistic_start2_every_sample_lambda10,False,safe_early_stop,315,False,True,False,3,False,False,False
True,4,True,0.7142857142857143,False,3,True,True,1,safe_logistic_start2_every_sample_lambda10,False,invalid_extraction_driven_uncertainty,326,False,True,False,7,False,False,False
True,4,False,0.0,False,4,False,True,0,safe_logistic_start2_every_sample_lambda10,False,safe_early_stop,328,False,True,False,9,False,False,False
True,2,False,0.0,False,2,False,True,0,safe_logistic_start2_every_sample_lambda10,False,safe_early_stop,331,False,True,False,5,False,False,False
True,2,False,0.0,False,2,False,True,0,safe_logistic_start2_every_sample_lambda10,False,safe_early_stop,335,False,True,False,3,False,False,False
True,2,False,0.0,False,2,False,True,0,safe_logistic_start2_every_sample_lambda10,False,safe_early_stop,337,False,True,False,3,False,False,False
True,4,False,0.0,False,4,False,True,0,safe_logistic_start2_every_sample_lambda10,False,safe_early_stop,339,False,True,False,5,False,False,False
True,2,False,0.0,False,2,False,True,0,safe_logistic_start2_every_sample_lambda10,False,safe_early_stop,348,False,True,False,3,False,False,False
True,2,False,0.0,False,2,False,True,0,safe_logistic_start2_every_sample_lambda10,False,safe_early_stop,367,False,True,False,3,False,False,False
False,2,False,0.0,False,2,False,False,1,safe_logistic_start2_every_sample_lambda10,False,safe_early_stop,369,False,True,False,7,False,False,False
True,16,True,0.14285714285714285,False,16,False,True,5,safe_logistic_start2_every_sample_lambda10,False,invalid_extraction_driven_uncertainty,371,False,True,False,14,False,False,True
True,2,False,0.0,False,2,False,True,0,safe_logistic_start2_every_sample_lambda10,False,safe_early_stop,373,False,True,False,3,False,False,False
True,3,True,0.4,False,2,True,True,0,safe_logistic_start2_every_sample_lambda10,False,invalid_extraction_driven_uncertainty,376,False,True,False,5,False,False,False
True,2,False,0.0,False,2,False,True,0,safe_logistic_start2_every_sample_lambda10,False,safe_early_stop,377,False,True,False,3,False,False,False
True,4,False,0.0,False,4,False,True,0,safe_logistic_start2_every_sample_lambda10,False,safe_early_stop,378,False,True,False,5,False,False,False
True,2,False,0.0,False,2,False,True,0,safe_logistic_start2_every_sample_lambda10,False,safe_early_stop,383,False,True,False,3,False,False,False
True,4,False,0.0,False,4,False,True,1,safe_logistic_start2_every_sample_lambda10,False,safe_early_stop,390,False,True,False,6,False,False,False
True,2,True,0.25,False,2,False,True,0,safe_logistic_start2_every_sample_lambda10,False,invalid_extraction_driven_uncertainty,391,False,True,False,4,False,False,False
True,2,False,0.0,False,2,False,True,0,safe_logistic_start2_every_sample_lambda10,False,safe_early_stop,395,False,True,False,3,False,False,False
True,2,False,0.0,False,2,False,True,0,safe_logistic_start2_every_sample_lambda10,False,safe_early_stop,407,False,True,False,3,False,False,False
True,10,True,0.875,False,10,False,True,1,safe_logistic_start2_every_sample_lambda10,False,unnecessary_continuation,408,False,False,False,16,False,True,False
False,16,True,0.625,False,4,True,False,3,safe_logistic_start2_every_sample_lambda10,False,invalid_extraction_driven_uncertainty,412,False,False,False,16,False,False,True
True,2,False,0.0,False,2,False,True,0,safe_logistic_start2_every_sample_lambda10,False,safe_early_stop,418,False,True,False,3,False,False,False
True,2,True,0.3333333333333333,False,2,False,True,0,safe_logistic_start2_every_sample_lambda10,False,invalid_extraction_driven_uncertainty,421,False,True,False,9,False,False,False
True,16,True,0.0625,False,16,False,True,1,safe_logistic_start2_every_sample_lambda10,False,unnecessary_continuation,425,False,False,False,16,False,True,False
True,2,False,0.0,False,2,False,True,0,safe_logistic_start2_every_sample_lambda10,False,safe_early_stop,438,False,True,False,3,False,False,False
True,2,False,0.0,False,2,False,True,0,safe_logistic_start2_every_sample_lambda10,False,safe_early_stop,439,False,True,False,3,False,False,False
False,3,True,0.3333333333333333,False,2,True,False,0,safe_logistic_start2_every_sample_lambda10,False,invalid_extraction_driven_uncertainty,444,False,True,True,9,False,False,False
False,16,True,0.5,False,16,False,False,4,safe_logistic_start2_every_sample_lambda10,False,unnecessary_continuation,445,False,False,False,16,False,True,True
True,4,False,0.0,False,4,False,True,0,safe_logistic_start2_every_sample_lambda10,False,safe_early_stop,447,False,True,False,5,False,False,False
True,2,False,0.0,False,2,False,True,0,safe_logistic_start2_every_sample_lambda10,False,safe_early_stop,451,False,True,False,3,False,False,False
True,2,False,0.0,False,2,False,True,0,safe_logistic_start2_every_sample_lambda10,False,safe_early_stop,453,False,True,False,3,False,False,False
False,16,True,1.0,False,16,False,False,0,safe_logistic_start2_every_sample_lambda10,False,unnecessary_continuation,454,False,False,True,16,False,True,False
True,2,True,0.25,False,2,False,True,0,safe_logistic_start2_every_sample_lambda10,False,invalid_extraction_driven_uncertainty,456,False,True,False,4,False,False,False
True,2,False,0.0,False,2,False,True,0,safe_logistic_start2_every_sample_lambda10,False,safe_early_stop,467,False,True,False,3,False,False,False
False,2,False,0.0,False,2,False,False,0,safe_logistic_start2_every_sample_lambda10,False,stable_wrong_trajectory,478,False,True,True,3,False,False,False
True,2,False,0.0,False,2,False,True,0,safe_logistic_start2_every_sample_lambda10,False,safe_early_stop,489,False,True,False,3,False,False,False
True,2,False,0.0,False,2,False,True,0,safe_logistic_start2_every_sample_lambda10,False,safe_early_stop,495,False,True,False,3,False,False,False
True,2,False,0.0,False,2,False,True,0,safe_logistic_start2_every_sample_lambda10,False,safe_early_stop,496,False,True,False,3,False,False,False
True,2,False,0.0,False,2,False,True,0,safe_logistic_start2_every_sample_lambda10,False,safe_early_stop,10,False,True,False,2,False,False,False
True,2,False,0.0,False,2,False,True,0,safe_logistic_start2_every_sample_lambda10,False,safe_early_stop,13,False,True,False,2,False,False,False
True,2,False,0.0,False,2,False,True,0,safe_logistic_start2_every_sample_lambda10,False,safe_early_stop,19,False,True,False,2,False,False,False
True,2,False,0.0,False,2,False,True,0,safe_logistic_start2_every_sample_lambda10,False,safe_early_stop,20,False,True,False,2,False,False,False
True,2,False,0.0,False,2,False,True,0,safe_logistic_start2_every_sample_lambda10,False,safe_early_stop,34,False,True,False,2,False,False,False
True,2,False,0.0,False,2,False,True,0,safe_logistic_start2_every_sample_lambda10,False,safe_early_stop,38,False,True,False,2,False,False,False
True,2,False,0.0,False,2,False,True,0,safe_logistic_start2_every_sample_lambda10,False,safe_early_stop,40,False,True,False,2,False,False,False
False,16,False,0.0,False,16,False,False,1,safe_logistic_start2_every_sample_lambda10,False,safe_early_stop,41,False,True,False,12,False,False,False
True,7,True,0.42857142857142855,False,2,True,True,0,safe_logistic_start2_every_sample_lambda10,False,invalid_extraction_driven_uncertainty,46,False,True,False,7,False,False,False
True,2,False,0.0,False,2,False,True,0,safe_logistic_start2_every_sample_lambda10,False,safe_early_stop,47,False,True,False,2,False,False,False
True,2,False,0.0,False,2,False,True,0,safe_logistic_start2_every_sample_lambda10,False,safe_early_stop,49,False,True,False,2,False,False,False
True,16,False,0.0,False,16,False,True,2,safe_logistic_start2_every_sample_lambda10,False,unstable_trajectory,50,False,True,False,9,False,False,True
True,2,False,0.0,False,2,False,True,0,safe_logistic_start2_every_sample_lambda10,False,safe_early_stop,55,False,True,False,2,False,False,False
True,2,False,0.0,False,2,False,True,0,safe_logistic_start2_every_sample_lambda10,False,safe_early_stop,77,False,True,False,2,False,False,False
True,2,False,0.0,False,2,False,True,0,safe_logistic_start2_every_sample_lambda10,False,safe_early_stop,78,False,True,False,2,False,False,False
True,2,False,0.0,False,2,False,True,0,safe_logistic_start2_every_sample_lambda10,False,safe_early_stop,84,False,True,False,2,False,False,False
True,2,False,0.0,False,2,False,True,0,safe_logistic_start2_every_sample_lambda10,False,safe_early_stop,85,False,True,False,2,False,False,False
True,2,False,0.0,False,2,False,True,0,safe_logistic_start2_every_sample_lambda10,False,safe_early_stop,86,False,True,False,2,False,False,False
True,2,False,0.0,False,2,False,True,0,safe_logistic_start2_every_sample_lambda10,False,safe_early_stop,93,False,True,False,2,False,False,False
False,2,False,0.0,False,2,False,False,0,safe_logistic_start2_every_sample_lambda10,False,stable_wrong_trajectory,104,False,True,True,2,False,False,False
False,16,False,0.0,False,16,False,False,2,safe_logistic_start2_every_sample_lambda10,False,unstable_trajectory,105,False,True,False,13,False,False,True
True,5,False,0.0,False,4,True,True,1,safe_logistic_start2_every_sample_lambda10,False,safe_early_stop,112,False,True,False,5,False,False,False
True,2,False,0.0,False,2,False,True,0,safe_logistic_start2_every_sample_lambda10,False,safe_early_stop,114,False,True,False,2,False,False,False
False,16,False,0.0,False,16,False,False,0,safe_logistic_start2_every_sample_lambda10,False,stable_wrong_trajectory,115,False,True,True,11,False,False,False
True,16,False,0.0,False,16,False,True,2,safe_logistic_start2_every_sample_lambda10,False,unstable_trajectory,119,False,True,False,9,False,False,True
True,2,False,0.0,False,2,False,True,0,safe_logistic_start2_every_sample_lambda10,False,safe_early_stop,121,False,True,False,2,False,False,False
True,2,False,0.0,False,2,False,True,0,safe_logistic_start2_every_sample_lambda10,False,safe_early_stop,122,False,True,False,2,False,False,False
True,2,False,0.0,False,2,False,True,0,safe_logistic_start2_every_sample_lambda10,False,safe_early_stop,127,False,True,False,2,False,False,False
True,2,False,0.0,False,2,False,True,0,safe_logistic_start2_every_sample_lambda10,False,safe_early_stop,132,False,True,False,2,False,False,False
True,7,True,0.8571428571428571,False,6,True,True,1,safe_logistic_start2_every_sample_lambda10,False,invalid_extraction_driven_uncertainty,136,False,True,False,7,False,False,False
False,16,True,0.3333333333333333,False,2,True,False,2,safe_logistic_start2_every_sample_lambda10,False,invalid_extraction_driven_uncertainty,138,False,True,False,15,False,False,True
True,2,False,0.0,False,2,False,True,0,safe_logistic_start2_every_sample_lambda10,False,safe_early_stop,158,False,True,False,2,False,False,False
True,2,False,0.0,False,2,False,True,0,safe_logistic_start2_every_sample_lambda10,False,safe_early_stop,162,False,True,False,2,False,False,False
False,16,True,0.6666666666666666,False,2,True,False,0,safe_logistic_start2_every_sample_lambda10,False,invalid_extraction_driven_uncertainty,170,False,True,True,9,False,False,False
True,2,False,0.0,False,2,False,True,0,safe_logistic_start2_every_sample_lambda10,False,safe_early_stop,172,False,True,False,2,False,False,False
True,5,False,0.0,False,4,True,True,0,safe_logistic_start2_every_sample_lambda10,False,safe_early_stop,176,False,True,False,5,False,False,False
True,2,False,0.0,False,2,False,True,0,safe_logistic_start2_every_sample_lambda10,False,safe_early_stop,183,False,True,False,2,False,False,False
True,2,False,0.0,False,2,False,True,0,safe_logistic_start2_every_sample_lambda10,False,safe_early_stop,198,False,True,False,2,False,False,False
True,2,False,0.0,False,2,False,True,0,safe_logistic_start2_every_sample_lambda10,False,safe_early_stop,202,False,True,False,2,False,False,False
True,2,False,0.0,False,2,False,True,0,safe_logistic_start2_every_sample_lambda10,False,safe_early_stop,205,False,True,False,2,False,False,False
True,16,False,0.0,False,16,False,True,2,safe_logistic_start2_every_sample_lambda10,False,unstable_trajectory,210,False,True,False,13,False,False,True
True,4,False,0.0,False,4,False,True,0,safe_logistic_start2_every_sample_lambda10,False,safe_early_stop,212,False,True,False,4,False,False,False
True,2,False,0.0,False,2,False,True,0,safe_logistic_start2_every_sample_lambda10,False,safe_early_stop,215,False,True,False,2,False,False,False
True,2,False,0.0,False,2,False,True,0,safe_logistic_start2_every_sample_lambda10,False,safe_early_stop,218,False,True,False,2,False,False,False
False,2,False,0.0,False,2,False,False,0,safe_logistic_start2_every_sample_lambda10,False,stable_wrong_trajectory,220,False,True,True,2,False,False,False
True,2,False,0.0,False,2,False,True,0,safe_logistic_start2_every_sample_lambda10,False,safe_early_stop,223,False,True,False,2,False,False,False
True,2,False,0.0,False,2,False,True,0,safe_logistic_start2_every_sample_lambda10,False,safe_early_stop,231,False,True,False,2,False,False,False
True,6,False,0.0,False,6,False,True,1,safe_logistic_start2_every_sample_lambda10,False,safe_early_stop,232,False,True,False,6,False,False,False
True,2,False,0.0,False,2,False,True,0,safe_logistic_start2_every_sample_lambda10,False,safe_early_stop,238,False,True,False,2,False,False,False
False,16,True,1.0,False,16,False,False,0,safe_logistic_start2_every_sample_lambda10,False,unnecessary_continuation,239,False,False,True,16,False,True,False
True,2,False,0.0,False,2,False,True,0,safe_logistic_start2_every_sample_lambda10,False,safe_early_stop,243,False,True,False,2,False,False,False
True,2,False,0.0,False,2,False,True,0,safe_logistic_start2_every_sample_lambda10,False,safe_early_stop,256,False,True,False,2,False,False,False
True,2,False,0.0,False,2,False,True,0,safe_logistic_start2_every_sample_lambda10,False,safe_early_stop,265,False,True,False,2,False,False,False
True,10,False,0.0,False,10,False,True,1,safe_logistic_start2_every_sample_lambda10,False,safe_early_stop,267,False,True,False,8,False,False,False
True,2,False,0.0,False,2,False,True,0,safe_logistic_start2_every_sample_lambda10,False,safe_early_stop,277,False,True,False,2,False,False,False
True,2,False,0.0,False,2,False,True,0,safe_logistic_start2_every_sample_lambda10,False,safe_early_stop,287,False,True,False,2,False,False,False
True,2,False,0.0,False,2,False,True,0,safe_logistic_start2_every_sample_lambda10,False,safe_early_stop,289,False,True,False,2,False,False,False
True,2,False,0.0,False,2,False,True,0,safe_logistic_start2_every_sample_lambda10,False,safe_early_stop,297,False,True,False,2,False,False,False
True,2,False,0.0,False,2,False,True,0,safe_logistic_start2_every_sample_lambda10,False,safe_early_stop,305,False,True,False,2,False,False,False
False,16,False,0.0,False,16,False,False,2,safe_logistic_start2_every_sample_lambda10,False,unnecessary_continuation,308,False,False,False,16,False,True,True
True,2,False,0.0,False,2,False,True,0,safe_logistic_start2_every_sample_lambda10,False,safe_early_stop,314,False,True,False,2,False,False,False
True,2,False,0.0,False,2,False,True,0,safe_logistic_start2_every_sample_lambda10,False,safe_early_stop,322,False,True,False,2,False,False,False
True,2,False,0.0,False,2,False,True,0,safe_logistic_start2_every_sample_lambda10,False,safe_early_stop,329,False,True,False,2,False,False,False
True,4,True,0.5,False,2,True,True,0,safe_logistic_start2_every_sample_lambda10,False,invalid_extraction_driven_uncertainty,333,False,True,False,4,False,False,False
True,2,False,0.0,False,2,False,True,0,safe_logistic_start2_every_sample_lambda10,False,safe_early_stop,334,False,True,False,2,False,False,False
True,2,False,0.0,False,2,False,True,0,safe_logistic_start2_every_sample_lambda10,False,safe_early_stop,336,False,True,False,2,False,False,False
True,2,False,0.0,False,2,False,True,0,safe_logistic_start2_every_sample_lambda10,False,safe_early_stop,345,False,True,False,2,False,False,False
True,2,False,0.0,False,2,False,True,0,safe_logistic_start2_every_sample_lambda10,False,safe_early_stop,347,False,True,False,2,False,False,False
False,14,True,0.5454545454545454,False,2,True,False,1,safe_logistic_start2_every_sample_lambda10,False,invalid_extraction_driven_uncertainty,352,False,True,False,11,False,False,False
True,2,False,0.0,False,2,False,True,0,safe_logistic_start2_every_sample_lambda10,False,safe_early_stop,354,False,True,False,2,False,False,False
False,16,True,0.08333333333333333,False,16,False,False,1,safe_logistic_start2_every_sample_lambda10,False,invalid_extraction_driven_uncertainty,355,False,True,False,12,False,False,False
True,2,False,0.0,False,2,False,True,0,safe_logistic_start2_every_sample_lambda10,False,safe_early_stop,356,False,True,False,2,False,False,False
True,2,False,0.0,False,2,False,True,0,safe_logistic_start2_every_sample_lambda10,False,safe_early_stop,360,False,True,False,2,False,False,False
True,2,False,0.0,False,2,False,True,0,safe_logistic_start2_every_sample_lambda10,False,safe_early_stop,368,False,True,False,2,False,False,False
True,2,False,0.0,False,2,False,True,0,safe_logistic_start2_every_sample_lambda10,False,safe_early_stop,379,False,True,False,2,False,False,False
False,2,False,0.0,False,2,False,True,1,safe_logistic_start2_every_sample_lambda10,True,premature_stop_with_missed_recovery,385,False,False,False,2,False,False,False
False,2,False,0.0,False,2,False,False,0,safe_logistic_start2_every_sample_lambda10,False,stable_wrong_trajectory,392,False,True,True,2,False,False,False
True,2,False,0.0,False,2,False,True,0,safe_logistic_start2_every_sample_lambda10,False,safe_early_stop,393,False,True,False,2,False,False,False
True,14,True,0.4444444444444444,False,14,False,True,1,safe_logistic_start2_every_sample_lambda10,False,invalid_extraction_driven_uncertainty,394,False,True,False,9,False,False,False
True,2,False,0.0,False,2,False,True,0,safe_logistic_start2_every_sample_lambda10,False,safe_early_stop,397,False,True,False,2,False,False,False
True,2,False,0.0,False,2,False,True,0,safe_logistic_start2_every_sample_lambda10,False,safe_early_stop,402,False,True,False,2,False,False,False
True,2,False,0.0,False,2,False,True,0,safe_logistic_start2_every_sample_lambda10,False,safe_early_stop,404,False,True,False,2,False,False,False
True,2,False,0.0,False,2,False,True,0,safe_logistic_start2_every_sample_lambda10,False,safe_early_stop,410,False,True,False,2,False,False,False
True,2,False,0.0,False,2,False,True,0,safe_logistic_start2_every_sample_lambda10,False,safe_early_stop,415,False,True,False,2,False,False,False
True,2,False,0.0,False,2,False,True,0,safe_logistic_start2_every_sample_lambda10,False,safe_early_stop,416,False,True,False,2,False,False,False
True,2,False,0.0,False,2,False,True,0,safe_logistic_start2_every_sample_lambda10,False,safe_early_stop,417,False,True,False,2,False,False,False
True,2,False,0.0,False,2,False,True,0,safe_logistic_start2_every_sample_lambda10,False,safe_early_stop,426,False,True,False,2,False,False,False
True,4,False,0.0,False,4,False,True,0,safe_logistic_start2_every_sample_lambda10,False,safe_early_stop,428,False,True,False,4,False,False,False
False,16,False,0.0,False,16,False,False,4,safe_logistic_start2_every_sample_lambda10,False,unstable_trajectory,431,False,True,False,7,False,False,True
False,16,True,0.75,False,2,True,False,0,safe_logistic_start2_every_sample_lambda10,False,invalid_extraction_driven_uncertainty,432,False,True,True,12,False,False,False
True,2,False,0.0,False,2,False,True,0,safe_logistic_start2_every_sample_lambda10,False,safe_early_stop,435,False,True,False,2,False,False,False
True,2,False,0.0,False,2,False,True,0,safe_logistic_start2_every_sample_lambda10,False,safe_early_stop,440,False,True,False,2,False,False,False
True,2,False,0.0,False,2,False,True,0,safe_logistic_start2_every_sample_lambda10,False,safe_early_stop,442,False,True,False,2,False,False,False
True,3,True,0.3333333333333333,False,2,True,True,0,safe_logistic_start2_every_sample_lambda10,False,invalid_extraction_driven_uncertainty,458,False,True,False,3,False,False,False
True,2,False,0.0,False,2,False,True,0,safe_logistic_start2_every_sample_lambda10,False,safe_early_stop,461,False,True,False,2,False,False,False
True,2,False,0.0,False,2,False,True,0,safe_logistic_start2_every_sample_lambda10,False,safe_early_stop,464,False,True,False,2,False,False,False
True,2,False,0.0,False,2,False,True,0,safe_logistic_start2_every_sample_lambda10,False,safe_early_stop,468,False,True,False,2,False,False,False
True,10,False,0.0,False,10,False,True,0,safe_logistic_start2_every_sample_lambda10,False,safe_early_stop,477,False,True,False,7,False,False,False
True,2,False,0.0,False,2,False,True,0,safe_logistic_start2_every_sample_lambda10,False,safe_early_stop,493,False,True,False,2,False,False,False
True,2,False,0.0,False,2,False,True,0,safe_logistic_start2_every_sample_lambda10,False,safe_early_stop,499,False,True,False,2,False,False,False
True,3,False,0.0,False,2,True,True,0,safe_logistic_start2_every_sample_lambda10,False,safe_early_stop,2,False,True,False,2,False,False,False
True,3,False,0.0,False,2,True,True,0,safe_logistic_start2_every_sample_lambda10,False,safe_early_stop,5,False,True,False,2,False,False,False
True,3,False,0.0,False,2,True,True,0,safe_logistic_start2_every_sample_lambda10,False,safe_early_stop,6,False,True,False,2,False,False,False
True,10,False,0.0,False,10,False,True,1,safe_logistic_start2_every_sample_lambda10,False,safe_early_stop,7,False,True,False,9,False,False,False
True,3,False,0.0,False,2,True,True,0,safe_logistic_start2_every_sample_lambda10,False,safe_early_stop,22,False,True,False,2,False,False,False
True,3,False,0.0,False,2,True,True,0,safe_logistic_start2_every_sample_lambda10,False,safe_early_stop,23,False,True,False,2,False,False,False
True,3,False,0.0,False,2,True,True,0,safe_logistic_start2_every_sample_lambda10,False,safe_early_stop,29,False,True,False,2,False,False,False
True,3,False,0.0,False,2,True,True,0,safe_logistic_start2_every_sample_lambda10,False,safe_early_stop,32,False,True,False,2,False,False,False
True,3,False,0.0,False,2,True,True,0,safe_logistic_start2_every_sample_lambda10,False,safe_early_stop,39,False,True,False,2,False,False,False
False,10,False,0.0,False,4,True,False,1,safe_logistic_start2_every_sample_lambda10,False,safe_early_stop,43,False,True,False,8,False,False,False
True,3,False,0.0,False,2,True,True,0,safe_logistic_start2_every_sample_lambda10,False,safe_early_stop,57,False,True,False,2,False,False,False
True,5,False,0.0,False,2,True,True,0,safe_logistic_start2_every_sample_lambda10,False,safe_early_stop,58,False,True,False,2,False,False,False
True,3,False,0.0,False,2,True,True,0,safe_logistic_start2_every_sample_lambda10,False,safe_early_stop,73,False,True,False,2,False,False,False
True,3,False,0.0,False,2,True,True,0,safe_logistic_start2_every_sample_lambda10,False,safe_early_stop,75,False,True,False,2,False,False,False
True,3,False,0.0,False,2,True,True,0,safe_logistic_start2_every_sample_lambda10,False,safe_early_stop,79,False,True,False,2,False,False,False
True,3,False,0.0,False,2,True,True,0,safe_logistic_start2_every_sample_lambda10,False,safe_early_stop,83,False,True,False,2,False,False,False
True,3,False,0.0,False,2,True,True,0,safe_logistic_start2_every_sample_lambda10,False,safe_early_stop,87,False,True,False,2,False,False,False
True,7,False,0.0,False,4,True,True,1,safe_logistic_start2_every_sample_lambda10,False,safe_early_stop,89,False,True,False,7,False,False,False
True,3,False,0.0,False,2,True,True,0,safe_logistic_start2_every_sample_lambda10,False,safe_early_stop,92,False,True,False,2,False,False,False
False,5,True,0.5,False,2,True,False,0,safe_logistic_start2_every_sample_lambda10,False,invalid_extraction_driven_uncertainty,99,False,True,True,4,False,False,False
True,3,False,0.0,False,2,True,True,0,safe_logistic_start2_every_sample_lambda10,False,safe_early_stop,106,False,True,False,2,False,False,False
False,7,True,0.7142857142857143,False,4,True,False,1,safe_logistic_start2_every_sample_lambda10,False,invalid_extraction_driven_uncertainty,110,False,True,False,7,False,False,False
True,3,False,0.0,False,2,True,True,0,safe_logistic_start2_every_sample_lambda10,False,safe_early_stop,113,False,True,False,2,False,False,False
True,3,False,0.0,False,2,True,True,0,safe_logistic_start2_every_sample_lambda10,False,safe_early_stop,139,False,True,False,2,False,False,False
True,3,False,0.0,False,2,True,True,0,safe_logistic_start2_every_sample_lambda10,False,safe_early_stop,146,False,True,False,2,False,False,False
False,16,True,0.35714285714285715,False,16,False,False,3,safe_logistic_start2_every_sample_lambda10,False,invalid_extraction_driven_uncertainty,147,False,True,False,14,False,False,True
True,3,False,0.0,False,2,True,True,0,safe_logistic_start2_every_sample_lambda10,False,safe_early_stop,155,False,True,False,2,False,False,False
False,14,False,0.0,False,2,True,False,0,safe_logistic_start2_every_sample_lambda10,False,stable_wrong_trajectory,156,False,True,True,2,False,False,False
True,3,False,0.0,False,2,True,True,0,safe_logistic_start2_every_sample_lambda10,False,safe_early_stop,160,False,True,False,2,False,False,False
False,16,False,0.0,False,2,True,False,4,safe_logistic_start2_every_sample_lambda10,False,unstable_trajectory,164,False,True,False,2,False,False,True
True,3,False,0.0,False,2,True,True,0,safe_logistic_start2_every_sample_lambda10,False,safe_early_stop,169,False,True,False,2,False,False,False
True,3,False,0.0,False,2,True,True,0,safe_logistic_start2_every_sample_lambda10,False,safe_early_stop,174,False,True,False,2,False,False,False
True,3,False,0.0,False,2,True,True,0,safe_logistic_start2_every_sample_lambda10,False,safe_early_stop,175,False,True,False,2,False,False,False
False,16,False,0.0,False,16,False,False,1,safe_logistic_start2_every_sample_lambda10,False,safe_early_stop,184,False,True,False,13,False,False,False
True,3,False,0.0,False,2,True,True,0,safe_logistic_start2_every_sample_lambda10,False,safe_early_stop,185,False,True,False,2,False,False,False
True,3,False,0.0,False,2,True,True,0,safe_logistic_start2_every_sample_lambda10,False,safe_early_stop,186,False,True,False,2,False,False,False
True,3,False,0.0,False,2,True,True,0,safe_logistic_start2_every_sample_lambda10,False,safe_early_stop,187,False,True,False,2,False,False,False
True,16,True,0.375,False,16,False,True,2,safe_logistic_start2_every_sample_lambda10,False,invalid_extraction_driven_uncertainty,189,False,False,False,16,False,False,True
True,3,False,0.0,False,2,True,True,0,safe_logistic_start2_every_sample_lambda10,False,safe_early_stop,193,False,True,False,2,False,False,False
True,3,False,0.0,False,2,True,True,0,safe_logistic_start2_every_sample_lambda10,False,safe_early_stop,199,False,True,False,2,False,False,False
True,3,False,0.0,False,2,True,True,0,safe_logistic_start2_every_sample_lambda10,False,safe_early_stop,203,False,True,False,2,False,False,False
False,16,False,0.0,False,4,True,False,1,safe_logistic_start2_every_sample_lambda10,False,safe_early_stop,204,False,True,False,8,False,False,False
False,3,False,0.0,False,2,True,False,0,safe_logistic_start2_every_sample_lambda10,False,stable_wrong_trajectory,217,False,True,True,2,False,False,False
True,3,False,0.0,False,2,True,True,0,safe_logistic_start2_every_sample_lambda10,False,safe_early_stop,230,False,True,False,2,False,False,False
False,8,False,0.0,True,2,True,True,1,safe_logistic_start2_every_sample_lambda10,True,premature_stop_with_missed_recovery,234,False,False,False,2,True,False,False
True,3,False,0.0,False,2,True,True,0,safe_logistic_start2_every_sample_lambda10,False,safe_early_stop,235,False,True,False,2,False,False,False
True,6,False,0.0,False,2,True,True,0,safe_logistic_start2_every_sample_lambda10,False,safe_early_stop,246,False,True,False,2,False,False,False
False,16,True,1.0,False,16,False,False,0,safe_logistic_start2_every_sample_lambda10,False,unnecessary_continuation,248,False,False,True,16,False,True,False
True,3,False,0.0,False,2,True,True,0,safe_logistic_start2_every_sample_lambda10,False,safe_early_stop,255,False,True,False,2,False,False,False
True,3,False,0.0,False,2,True,True,0,safe_logistic_start2_every_sample_lambda10,False,safe_early_stop,259,False,True,False,2,False,False,False
True,3,False,0.0,False,2,True,True,0,safe_logistic_start2_every_sample_lambda10,False,safe_early_stop,269,False,True,False,2,False,False,False
True,3,False,0.0,False,2,True,True,0,safe_logistic_start2_every_sample_lambda10,False,safe_early_stop,280,False,True,False,2,False,False,False
False,9,True,0.875,False,2,True,False,0,safe_logistic_start2_every_sample_lambda10,False,invalid_extraction_driven_uncertainty,292,False,True,True,8,False,False,False
True,6,False,0.0,False,4,True,True,1,safe_logistic_start2_every_sample_lambda10,False,safe_early_stop,294,False,True,False,5,False,False,False
True,3,False,0.0,False,2,True,True,0,safe_logistic_start2_every_sample_lambda10,False,safe_early_stop,300,False,True,False,2,False,False,False
False,3,False,0.0,False,2,True,False,0,safe_logistic_start2_every_sample_lambda10,False,stable_wrong_trajectory,301,False,True,True,2,False,False,False
True,16,True,0.375,False,16,False,True,2,safe_logistic_start2_every_sample_lambda10,False,unnecessary_continuation,302,False,False,False,16,False,True,True
True,4,False,0.0,False,2,True,True,0,safe_logistic_start2_every_sample_lambda10,False,safe_early_stop,304,False,True,False,2,False,False,False
True,3,False,0.0,False,2,True,True,0,safe_logistic_start2_every_sample_lambda10,False,safe_early_stop,307,False,True,False,2,False,False,False
False,16,False,0.0,False,16,False,False,3,safe_logistic_start2_every_sample_lambda10,False,unnecessary_continuation,309,False,False,False,16,False,True,True
True,3,False,0.0,False,2,True,True,0,safe_logistic_start2_every_sample_lambda10,False,safe_early_stop,311,False,True,False,2,False,False,False
False,3,False,0.0,False,2,True,False,0,safe_logistic_start2_every_sample_lambda10,False,stable_wrong_trajectory,317,False,True,True,2,False,False,False
True,3,False,0.0,False,2,True,True,0,safe_logistic_start2_every_sample_lambda10,False,safe_early_stop,318,False,True,False,2,False,False,False
True,3,False,0.0,False,2,True,True,0,safe_logistic_start2_every_sample_lambda10,False,safe_early_stop,319,False,True,False,2,False,False,False
True,3,False,0.0,False,2,True,True,0,safe_logistic_start2_every_sample_lambda10,False,safe_early_stop,321,False,True,False,2,False,False,False
False,16,True,0.7333333333333333,False,2,True,False,0,safe_logistic_start2_every_sample_lambda10,False,invalid_extraction_driven_uncertainty,327,False,True,True,15,False,False,False
True,3,False,0.0,False,2,True,True,0,safe_logistic_start2_every_sample_lambda10,False,safe_early_stop,341,False,True,False,2,False,False,False
True,3,False,0.0,False,2,True,True,0,safe_logistic_start2_every_sample_lambda10,False,safe_early_stop,344,False,True,False,2,False,False,False
False,16,False,0.0,False,16,False,True,1,safe_logistic_start2_every_sample_lambda10,True,premature_stop_with_missed_recovery,357,False,False,False,12,False,False,False
True,3,False,0.0,False,2,True,True,0,safe_logistic_start2_every_sample_lambda10,False,safe_early_stop,361,False,True,False,2,False,False,False
True,3,False,0.0,False,2,True,True,0,safe_logistic_start2_every_sample_lambda10,False,safe_early_stop,363,False,True,False,2,False,False,False
True,3,False,0.0,False,2,True,True,0,safe_logistic_start2_every_sample_lambda10,False,safe_early_stop,370,False,True,False,2,False,False,False
False,16,False,0.0,False,16,False,False,4,safe_logistic_start2_every_sample_lambda10,False,unnecessary_continuation,372,False,False,False,16,False,True,True
True,3,False,0.0,False,2,True,True,0,safe_logistic_start2_every_sample_lambda10,False,safe_early_stop,375,False,True,False,2,False,False,False
False,16,False,0.0,True,2,True,True,1,safe_logistic_start2_every_sample_lambda10,True,premature_stop_with_missed_recovery,380,False,False,False,2,True,False,False
True,3,False,0.0,False,2,True,True,0,safe_logistic_start2_every_sample_lambda10,False,safe_early_stop,384,False,True,False,2,False,False,False
True,3,False,0.0,False,2,True,True,0,safe_logistic_start2_every_sample_lambda10,False,safe_early_stop,399,False,True,False,2,False,False,False
True,3,False,0.0,False,2,True,True,0,safe_logistic_start2_every_sample_lambda10,False,safe_early_stop,411,False,True,False,2,False,False,False
True,3,False,0.0,False,2,True,True,0,safe_logistic_start2_every_sample_lambda10,False,safe_early_stop,413,False,True,False,2,False,False,False
False,16,True,0.7333333333333333,False,4,True,False,1,safe_logistic_start2_every_sample_lambda10,False,invalid_extraction_driven_uncertainty,419,False,True,False,15,False,False,False
True,3,False,0.0,False,2,True,True,0,safe_logistic_start2_every_sample_lambda10,False,safe_early_stop,433,False,True,False,2,False,False,False
True,3,False,0.0,False,2,True,True,0,safe_logistic_start2_every_sample_lambda10,False,safe_early_stop,434,False,True,False,2,False,False,False
True,5,True,0.5,False,2,True,True,0,safe_logistic_start2_every_sample_lambda10,False,invalid_extraction_driven_uncertainty,436,False,True,False,4,False,False,False
True,3,False,0.0,False,2,True,True,0,safe_logistic_start2_every_sample_lambda10,False,safe_early_stop,452,False,True,False,2,False,False,False
True,4,False,0.0,False,2,True,True,0,safe_logistic_start2_every_sample_lambda10,False,safe_early_stop,459,False,True,False,2,False,False,False
False,16,False,0.0,False,4,True,False,3,safe_logistic_start2_every_sample_lambda10,False,unnecessary_continuation,460,False,False,False,16,False,True,True
True,3,False,0.0,False,2,True,True,0,safe_logistic_start2_every_sample_lambda10,False,safe_early_stop,462,False,True,False,2,False,False,False
True,3,False,0.0,False,2,True,True,0,safe_logistic_start2_every_sample_lambda10,False,safe_early_stop,463,False,True,False,2,False,False,False
False,16,False,0.0,False,16,False,False,3,safe_logistic_start2_every_sample_lambda10,False,unnecessary_continuation,466,False,False,False,16,False,True,True
True,3,False,0.0,False,2,True,True,0,safe_logistic_start2_every_sample_lambda10,False,safe_early_stop,471,False,True,False,2,False,False,False
True,3,False,0.0,False,2,True,True,0,safe_logistic_start2_every_sample_lambda10,False,safe_early_stop,472,False,True,False,2,False,False,False
False,16,True,0.9090909090909091,False,9,True,False,1,safe_logistic_start2_every_sample_lambda10,False,invalid_extraction_driven_uncertainty,475,False,True,False,11,False,False,False
True,3,False,0.0,False,2,True,True,0,safe_logistic_start2_every_sample_lambda10,False,safe_early_stop,479,False,True,False,2,False,False,False
True,16,True,0.07142857142857142,False,16,False,True,2,safe_logistic_start2_every_sample_lambda10,False,invalid_extraction_driven_uncertainty,482,False,True,False,14,False,False,True
True,15,True,0.9333333333333333,False,14,True,True,1,safe_logistic_start2_every_sample_lambda10,False,invalid_extraction_driven_uncertainty,483,False,True,False,15,False,False,False
True,3,False,0.0,False,2,True,True,0,safe_logistic_start2_every_sample_lambda10,False,safe_early_stop,484,False,True,False,2,False,False,False
False,16,True,0.2222222222222222,False,16,False,False,0,safe_logistic_start2_every_sample_lambda10,False,invalid_extraction_driven_uncertainty,490,False,True,True,9,False,False,False
True,3,False,0.0,False,2,True,True,0,safe_logistic_start2_every_sample_lambda10,False,safe_early_stop,492,False,True,False,2,False,False,False
False,16,True,0.26666666666666666,False,2,True,False,1,safe_logistic_start2_every_sample_lambda10,False,invalid_extraction_driven_uncertainty,494,False,True,False,15,False,False,False
False,16,False,0.0,False,16,False,False,1,safe_logistic_start2_every_sample_lambda10,False,safe_early_stop,497,False,True,False,12,False,False,False
False,2,False,0.0,False,2,False,False,3,safe_logistic_start2_every_sample_lambda10,False,unstable_trajectory,18,False,True,False,11,False,False,True
True,16,False,0.0,False,16,False,True,0,safe_logistic_start2_every_sample_lambda10,False,safe_early_stop,24,False,True,False,11,False,False,False
False,2,True,0.4375,False,2,False,False,1,safe_logistic_start2_every_sample_lambda10,False,unnecessary_continuation,25,False,False,False,16,False,True,False
False,16,False,0.0,False,16,False,False,0,safe_logistic_start2_every_sample_lambda10,False,stable_wrong_trajectory,26,False,True,True,15,False,False,False
True,2,False,0.0,False,2,False,True,0,safe_logistic_start2_every_sample_lambda10,False,safe_early_stop,27,False,True,False,3,False,False,False
True,2,False,0.0,False,2,False,True,0,safe_logistic_start2_every_sample_lambda10,False,safe_early_stop,35,False,True,False,3,False,False,False
True,4,False,0.0,False,4,False,True,1,safe_logistic_start2_every_sample_lambda10,False,safe_early_stop,36,False,True,False,8,False,False,False
True,2,False,0.0,False,2,False,True,0,safe_logistic_start2_every_sample_lambda10,False,safe_early_stop,37,False,True,False,3,False,False,False
True,2,False,0.0,False,2,False,True,0,safe_logistic_start2_every_sample_lambda10,False,safe_early_stop,44,False,True,False,3,False,False,False
True,2,False,0.0,False,2,False,True,0,safe_logistic_start2_every_sample_lambda10,False,safe_early_stop,53,False,True,False,3,False,False,False
True,2,False,0.0,False,2,False,True,0,safe_logistic_start2_every_sample_lambda10,False,safe_early_stop,54,False,True,False,3,False,False,False
True,2,False,0.0,False,2,False,True,0,safe_logistic_start2_every_sample_lambda10,False,safe_early_stop,56,False,True,False,3,False,False,False
True,2,True,0.4375,False,2,False,True,1,safe_logistic_start2_every_sample_lambda10,False,unnecessary_continuation,64,False,False,False,16,False,True,False
True,2,False,0.0,False,2,False,True,0,safe_logistic_start2_every_sample_lambda10,False,safe_early_stop,65,False,True,False,3,False,False,False
True,2,True,0.2857142857142857,False,2,False,True,0,safe_logistic_start2_every_sample_lambda10,False,invalid_extraction_driven_uncertainty,68,False,True,False,7,False,False,False
True,2,False,0.0,False,2,False,True,0,safe_logistic_start2_every_sample_lambda10,False,safe_early_stop,70,False,True,False,3,False,False,False
True,2,False,0.0,False,2,False,True,0,safe_logistic_start2_every_sample_lambda10,False,safe_early_stop,81,False,True,False,3,False,False,False
True,16,False,0.0,False,16,False,True,3,safe_logistic_start2_every_sample_lambda10,False,unstable_trajectory,82,False,True,False,13,False,False,True
True,2,False,0.0,False,2,False,True,0,safe_logistic_start2_every_sample_lambda10,False,safe_early_stop,95,False,True,False,3,False,False,False
True,2,False,0.0,False,2,False,True,0,safe_logistic_start2_every_sample_lambda10,False,safe_early_stop,98,False,True,False,3,False,False,False
False,2,True,0.8125,False,2,False,False,0,safe_logistic_start2_every_sample_lambda10,False,unnecessary_continuation,101,False,False,True,16,False,True,False
True,4,False,0.0,False,4,False,True,0,safe_logistic_start2_every_sample_lambda10,False,safe_early_stop,108,False,True,False,7,False,False,False
True,2,False,0.0,False,2,False,True,0,safe_logistic_start2_every_sample_lambda10,False,safe_early_stop,116,False,True,False,3,False,False,False
False,4,False,0.0,False,4,False,False,0,safe_logistic_start2_every_sample_lambda10,False,stable_wrong_trajectory,120,False,True,True,6,False,False,False
True,2,False,0.0,False,2,False,True,0,safe_logistic_start2_every_sample_lambda10,False,safe_early_stop,124,False,True,False,3,False,False,False
True,2,False,0.0,False,2,False,True,0,safe_logistic_start2_every_sample_lambda10,False,safe_early_stop,125,False,True,False,3,False,False,False
False,2,True,0.5,False,2,False,False,0,safe_logistic_start2_every_sample_lambda10,False,unnecessary_continuation,126,False,False,True,16,False,True,False
True,2,False,0.0,False,2,False,True,0,safe_logistic_start2_every_sample_lambda10,False,safe_early_stop,130,False,True,False,3,False,False,False
True,2,False,0.0,False,2,False,True,0,safe_logistic_start2_every_sample_lambda10,False,safe_early_stop,131,False,True,False,3,False,False,False
True,2,False,0.0,False,2,False,True,0,safe_logistic_start2_every_sample_lambda10,False,safe_early_stop,134,False,True,False,3,False,False,False
True,2,False,0.0,False,2,False,True,0,safe_logistic_start2_every_sample_lambda10,False,safe_early_stop,137,False,True,False,3,False,False,False
True,2,False,0.0,False,2,False,True,0,safe_logistic_start2_every_sample_lambda10,False,safe_early_stop,140,False,True,False,3,False,False,False
True,2,False,0.0,False,2,False,True,0,safe_logistic_start2_every_sample_lambda10,False,safe_early_stop,144,False,True,False,3,False,False,False
False,16,True,0.125,False,16,False,False,3,safe_logistic_start2_every_sample_lambda10,False,unnecessary_continuation,152,False,False,False,16,False,True,True
True,2,False,0.0,False,2,False,True,0,safe_logistic_start2_every_sample_lambda10,False,safe_early_stop,153,False,True,False,3,False,False,False
True,2,False,0.0,False,2,False,True,0,safe_logistic_start2_every_sample_lambda10,False,safe_early_stop,157,False,True,False,3,False,False,False
True,2,False,0.0,False,2,False,True,0,safe_logistic_start2_every_sample_lambda10,False,safe_early_stop,159,False,True,False,3,False,False,False
True,10,False,0.0,False,10,False,True,1,safe_logistic_start2_every_sample_lambda10,False,safe_early_stop,166,False,True,False,10,False,False,False
False,2,True,0.25,False,2,False,False,0,safe_logistic_start2_every_sample_lambda10,False,invalid_extraction_driven_uncertainty,168,False,True,True,4,False,False,False
True,2,False,0.0,False,2,False,True,0,safe_logistic_start2_every_sample_lambda10,False,safe_early_stop,171,False,True,False,3,False,False,False
False,8,False,0.0,False,8,False,True,2,safe_logistic_start2_every_sample_lambda10,True,premature_stop_with_missed_recovery,180,False,False,False,7,False,False,True
True,2,False,0.0,False,2,False,True,0,safe_logistic_start2_every_sample_lambda10,False,safe_early_stop,182,False,True,False,3,False,False,False
True,2,False,0.0,False,2,False,True,0,safe_logistic_start2_every_sample_lambda10,False,safe_early_stop,192,False,True,False,3,False,False,False
True,2,False,0.0,False,2,False,True,0,safe_logistic_start2_every_sample_lambda10,False,safe_early_stop,194,False,True,False,3,False,False,False
True,4,False,0.0,False,4,False,True,0,safe_logistic_start2_every_sample_lambda10,False,safe_early_stop,197,False,True,False,6,False,False,False
True,2,False,0.0,False,2,False,True,0,safe_logistic_start2_every_sample_lambda10,False,safe_early_stop,201,False,True,False,3,False,False,False
True,2,False,0.0,False,2,False,True,0,safe_logistic_start2_every_sample_lambda10,False,safe_early_stop,206,False,True,False,3,False,False,False
True,2,False,0.0,False,2,False,True,0,safe_logistic_start2_every_sample_lambda10,False,safe_early_stop,207,False,True,False,3,False,False,False
True,2,False,0.0,False,2,False,True,0,safe_logistic_start2_every_sample_lambda10,False,safe_early_stop,229,False,True,False,3,False,False,False
True,2,False,0.0,False,2,False,True,0,safe_logistic_start2_every_sample_lambda10,False,safe_early_stop,237,False,True,False,3,False,False,False
True,2,False,0.0,False,2,False,True,0,safe_logistic_start2_every_sample_lambda10,False,safe_early_stop,241,False,True,False,3,False,False,False
False,6,False,0.0,False,6,False,False,1,safe_logistic_start2_every_sample_lambda10,False,safe_early_stop,242,False,True,False,8,False,False,False
False,2,True,0.1875,False,2,False,False,1,safe_logistic_start2_every_sample_lambda10,False,unnecessary_continuation,249,False,False,False,16,False,True,False
True,2,False,0.0,False,2,False,True,0,safe_logistic_start2_every_sample_lambda10,False,safe_early_stop,263,False,True,False,3,False,False,False
True,2,False,0.0,False,2,False,True,0,safe_logistic_start2_every_sample_lambda10,False,safe_early_stop,268,False,True,False,3,False,False,False
True,2,False,0.0,False,2,False,True,0,safe_logistic_start2_every_sample_lambda10,False,safe_early_stop,270,False,True,False,3,False,False,False
True,2,False,0.0,False,2,False,True,0,safe_logistic_start2_every_sample_lambda10,False,safe_early_stop,271,False,True,False,3,False,False,False
True,2,False,0.0,False,2,False,True,2,safe_logistic_start2_every_sample_lambda10,False,unstable_trajectory,272,False,True,False,3,False,False,True
False,16,False,0.0,False,16,False,False,1,safe_logistic_start2_every_sample_lambda10,False,safe_early_stop,274,False,True,False,11,False,False,False
True,2,False,0.0,False,2,False,True,0,safe_logistic_start2_every_sample_lambda10,False,safe_early_stop,275,False,True,False,3,False,False,False
True,2,False,0.0,False,2,False,True,0,safe_logistic_start2_every_sample_lambda10,False,safe_early_stop,276,False,True,False,9,False,False,False
True,16,False,0.0,False,16,False,True,3,safe_logistic_start2_every_sample_lambda10,False,unstable_trajectory,281,False,True,False,11,False,False,True
False,2,False,0.0,False,2,False,False,0,safe_logistic_start2_every_sample_lambda10,False,stable_wrong_trajectory,282,False,True,True,3,False,False,False
True,2,False,0.0,False,2,False,True,0,safe_logistic_start2_every_sample_lambda10,False,safe_early_stop,283,False,True,False,3,False,False,False
False,2,True,0.375,False,2,False,False,0,safe_logistic_start2_every_sample_lambda10,False,unnecessary_continuation,286,False,False,True,16,False,True,False
False,2,True,0.7142857142857143,False,2,False,False,0,safe_logistic_start2_every_sample_lambda10,False,invalid_extraction_driven_uncertainty,288,False,True,True,7,False,False,False
False,2,True,0.25,False,2,False,False,0,safe_logistic_start2_every_sample_lambda10,False,invalid_extraction_driven_uncertainty,296,False,True,True,4,False,False,False
True,2,False,0.0,False,2,False,True,0,safe_logistic_start2_every_sample_lambda10,False,safe_early_stop,312,False,True,False,3,False,False,False
True,2,False,0.0,False,2,False,True,0,safe_logistic_start2_every_sample_lambda10,False,safe_early_stop,313,False,True,False,3,False,False,False
True,2,False,0.0,False,2,False,True,0,safe_logistic_start2_every_sample_lambda10,False,safe_early_stop,320,False,True,False,6,False,False,False
True,16,True,0.06666666666666667,False,16,False,True,6,safe_logistic_start2_every_sample_lambda10,False,invalid_extraction_driven_uncertainty,332,False,True,False,15,False,False,True
False,16,True,1.0,False,16,False,False,0,safe_logistic_start2_every_sample_lambda10,False,unnecessary_continuation,340,False,False,True,16,False,True,False
True,2,False,0.0,False,2,False,True,0,safe_logistic_start2_every_sample_lambda10,False,safe_early_stop,342,False,True,False,3,False,False,False
True,2,False,0.0,False,2,False,True,0,safe_logistic_start2_every_sample_lambda10,False,safe_early_stop,343,False,True,False,3,False,False,False
True,2,False,0.0,False,2,False,True,0,safe_logistic_start2_every_sample_lambda10,False,safe_early_stop,346,False,True,False,3,False,False,False
False,2,False,0.0,False,2,False,False,0,safe_logistic_start2_every_sample_lambda10,False,stable_wrong_trajectory,351,False,True,True,3,False,False,False
True,2,True,0.3,False,2,False,True,0,safe_logistic_start2_every_sample_lambda10,False,invalid_extraction_driven_uncertainty,359,False,True,False,10,False,False,False
True,2,False,0.0,False,2,False,True,0,safe_logistic_start2_every_sample_lambda10,False,safe_early_stop,362,False,True,False,3,False,False,False
False,16,True,0.125,False,16,False,False,0,safe_logistic_start2_every_sample_lambda10,False,unnecessary_continuation,381,False,False,True,16,False,True,False
True,2,False,0.0,False,2,False,True,0,safe_logistic_start2_every_sample_lambda10,False,safe_early_stop,386,False,True,False,3,False,False,False
True,2,False,0.0,False,2,False,True,0,safe_logistic_start2_every_sample_lambda10,False,safe_early_stop,387,False,True,False,3,False,False,False
True,16,False,0.0,False,16,False,True,3,safe_logistic_start2_every_sample_lambda10,False,unstable_trajectory,388,False,True,False,12,False,False,True
False,16,False,0.0,False,16,False,False,1,safe_logistic_start2_every_sample_lambda10,False,unnecessary_continuation,398,False,False,False,16,False,True,False
True,16,False,0.0,False,16,False,True,6,safe_logistic_start2_every_sample_lambda10,False,unstable_trajectory,400,False,True,False,13,False,False,True
False,6,True,0.6923076923076923,False,6,False,False,1,safe_logistic_start2_every_sample_lambda10,False,invalid_extraction_driven_uncertainty,401,False,True,False,13,False,False,False
False,2,False,0.0,False,2,False,False,0,safe_logistic_start2_every_sample_lambda10,False,stable_wrong_trajectory,403,False,True,True,3,False,False,False
True,2,False,0.0,False,2,False,True,0,safe_logistic_start2_every_sample_lambda10,False,safe_early_stop,406,False,True,False,3,False,False,False
False,7,True,0.9230769230769231,False,7,False,False,1,safe_logistic_start2_every_sample_lambda10,False,invalid_extraction_driven_uncertainty,422,False,True,False,13,False,False,False
True,2,False,0.0,False,2,False,True,0,safe_logistic_start2_every_sample_lambda10,False,safe_early_stop,427,False,True,False,3,False,False,False
True,2,False,0.0,False,2,False,True,0,safe_logistic_start2_every_sample_lambda10,False,safe_early_stop,429,False,True,False,6,False,False,False
True,2,False,0.0,False,2,False,True,0,safe_logistic_start2_every_sample_lambda10,False,safe_early_stop,430,False,True,False,3,False,False,False
True,2,False,0.0,False,2,False,True,0,safe_logistic_start2_every_sample_lambda10,False,safe_early_stop,441,False,True,False,3,False,False,False
True,2,False,0.0,False,2,False,True,0,safe_logistic_start2_every_sample_lambda10,False,safe_early_stop,446,False,True,False,3,False,False,False
True,2,False,0.0,False,2,False,True,0,safe_logistic_start2_every_sample_lambda10,False,safe_early_stop,448,False,True,False,3,False,False,False
True,2,False,0.0,False,2,False,True,0,safe_logistic_start2_every_sample_lambda10,False,safe_early_stop,449,False,True,False,3,False,False,False
True,2,False,0.0,False,2,False,True,0,safe_logistic_start2_every_sample_lambda10,False,safe_early_stop,457,False,True,False,3,False,False,False
True,2,False,0.0,False,2,False,True,0,safe_logistic_start2_every_sample_lambda10,False,safe_early_stop,465,False,True,False,3,False,False,False
True,4,True,0.125,False,4,False,True,3,safe_logistic_start2_every_sample_lambda10,False,invalid_extraction_driven_uncertainty,473,False,False,False,16,False,False,True
True,2,False,0.0,False,2,False,True,0,safe_logistic_start2_every_sample_lambda10,False,safe_early_stop,487,False,True,False,3,False,False,False
False,16,False,0.0,False,16,False,False,2,safe_logistic_start2_every_sample_lambda10,False,unnecessary_continuation,491,False,False,False,16,False,True,True
True,2,False,0.0,False,2,False,True,0,safe_logistic_start2_every_sample_lambda10,False,safe_early_stop,0,False,True,False,2,False,False,False
True,2,False,0.0,False,2,False,True,0,safe_logistic_start2_every_sample_lambda10,False,safe_early_stop,1,False,True,False,2,False,False,False
True,2,False,0.0,False,2,False,True,0,safe_logistic_start2_every_sample_lambda10,False,safe_early_stop,3,False,True,False,2,False,False,False
True,2,False,0.0,False,2,False,True,0,safe_logistic_start2_every_sample_lambda10,False,safe_early_stop,12,False,True,False,2,False,False,False
False,4,False,0.0,False,4,False,False,0,safe_logistic_start2_every_sample_lambda10,False,stable_wrong_trajectory,14,False,True,True,5,False,False,False
True,2,False,0.0,False,2,False,True,0,safe_logistic_start2_every_sample_lambda10,False,safe_early_stop,15,False,True,False,2,False,False,False
False,4,False,0.0,False,4,False,False,6,safe_logistic_start2_every_sample_lambda10,False,unnecessary_continuation,17,False,False,False,16,False,True,True
True,2,False,0.0,False,2,False,True,0,safe_logistic_start2_every_sample_lambda10,False,safe_early_stop,30,False,True,False,2,False,False,False
True,2,False,0.0,False,2,False,True,0,safe_logistic_start2_every_sample_lambda10,False,safe_early_stop,31,False,True,False,2,False,False,False
True,2,False,0.0,False,2,False,True,0,safe_logistic_start2_every_sample_lambda10,False,safe_early_stop,51,False,True,False,2,False,False,False
True,2,False,0.0,False,2,False,True,0,safe_logistic_start2_every_sample_lambda10,False,safe_early_stop,52,False,True,False,2,False,False,False
True,2,False,0.0,False,2,False,True,0,safe_logistic_start2_every_sample_lambda10,False,safe_early_stop,59,False,True,False,2,False,False,False
False,4,True,0.5625,False,4,False,False,2,safe_logistic_start2_every_sample_lambda10,False,unnecessary_continuation,60,False,False,False,16,False,True,True
True,2,False,0.0,False,2,False,True,0,safe_logistic_start2_every_sample_lambda10,False,safe_early_stop,61,False,True,False,2,False,False,False
True,2,False,0.0,False,2,False,True,0,safe_logistic_start2_every_sample_lambda10,False,safe_early_stop,66,False,True,False,2,False,False,False
True,2,False,0.0,False,2,False,True,0,safe_logistic_start2_every_sample_lambda10,False,safe_early_stop,69,False,True,False,2,False,False,False
True,16,False,0.0,False,16,False,True,1,safe_logistic_start2_every_sample_lambda10,False,safe_early_stop,71,False,True,False,12,False,False,False
True,2,False,0.0,False,2,False,True,0,safe_logistic_start2_every_sample_lambda10,False,safe_early_stop,91,False,True,False,2,False,False,False
False,2,True,0.3333333333333333,False,2,False,False,0,safe_logistic_start2_every_sample_lambda10,False,invalid_extraction_driven_uncertainty,94,False,True,True,3,False,False,False
False,2,True,0.5,False,2,False,False,1,safe_logistic_start2_every_sample_lambda10,False,invalid_extraction_driven_uncertainty,96,False,True,False,2,False,False,False
True,2,False,0.0,False,2,False,True,0,safe_logistic_start2_every_sample_lambda10,False,safe_early_stop,97,False,True,False,2,False,False,False
False,16,True,0.125,False,16,False,False,1,safe_logistic_start2_every_sample_lambda10,False,unnecessary_continuation,100,False,False,False,16,False,True,False
True,2,False,0.0,False,2,False,True,0,safe_logistic_start2_every_sample_lambda10,False,safe_early_stop,111,False,True,False,2,False,False,False
False,2,True,0.2727272727272727,False,2,False,False,1,safe_logistic_start2_every_sample_lambda10,False,invalid_extraction_driven_uncertainty,123,False,True,False,11,False,False,False
True,16,False,0.0,False,16,False,True,3,safe_logistic_start2_every_sample_lambda10,False,unstable_trajectory,129,False,True,False,13,False,False,True
True,2,False,0.0,False,2,False,True,0,safe_logistic_start2_every_sample_lambda10,False,safe_early_stop,133,False,True,False,2,False,False,False
True,2,False,0.0,False,2,False,True,0,safe_logistic_start2_every_sample_lambda10,False,safe_early_stop,135,False,True,False,2,False,False,False
False,4,False,0.0,False,4,False,True,4,safe_logistic_start2_every_sample_lambda10,True,premature_stop_with_missed_recovery,142,False,False,False,15,False,False,True
False,16,True,0.07142857142857142,False,16,False,True,2,safe_logistic_start2_every_sample_lambda10,True,premature_stop_with_missed_recovery,145,False,False,False,14,False,False,True
True,2,False,0.0,False,2,False,True,0,safe_logistic_start2_every_sample_lambda10,False,safe_early_stop,151,False,True,False,2,False,False,False
False,16,False,0.0,False,16,False,False,2,safe_logistic_start2_every_sample_lambda10,False,unstable_trajectory,154,False,True,False,13,False,False,True
True,2,False,0.0,False,2,False,True,0,safe_logistic_start2_every_sample_lambda10,False,safe_early_stop,161,False,True,False,2,False,False,False
True,2,False,0.0,False,2,False,True,0,safe_logistic_start2_every_sample_lambda10,False,safe_early_stop,163,False,True,False,2,False,False,False
True,2,False,0.0,False,2,False,True,0,safe_logistic_start2_every_sample_lambda10,False,safe_early_stop,165,False,True,False,2,False,False,False
True,2,False,0.0,False,2,False,True,0,safe_logistic_start2_every_sample_lambda10,False,safe_early_stop,178,False,True,False,2,False,False,False
True,2,False,0.0,False,2,False,True,0,safe_logistic_start2_every_sample_lambda10,False,safe_early_stop,188,False,True,False,2,False,False,False
False,4,False,0.0,False,4,False,False,3,safe_logistic_start2_every_sample_lambda10,False,unstable_trajectory,190,False,False,False,16,False,False,True
True,2,False,0.0,False,2,False,True,0,safe_logistic_start2_every_sample_lambda10,False,safe_early_stop,191,False,True,False,2,False,False,False
True,2,False,0.0,False,2,False,True,0,safe_logistic_start2_every_sample_lambda10,False,safe_early_stop,196,False,True,False,2,False,False,False
True,2,False,0.0,False,2,False,True,0,safe_logistic_start2_every_sample_lambda10,False,safe_early_stop,200,False,True,False,2,False,False,False
True,2,False,0.0,False,2,False,True,0,safe_logistic_start2_every_sample_lambda10,False,safe_early_stop,208,False,True,False,2,False,False,False
False,2,True,0.5,False,2,False,False,0,safe_logistic_start2_every_sample_lambda10,False,invalid_extraction_driven_uncertainty,213,False,True,True,2,False,False,False
False,16,True,0.0625,False,16,False,False,3,safe_logistic_start2_every_sample_lambda10,False,unnecessary_continuation,214,False,False,False,16,False,True,True
True,2,False,0.0,False,2,False,True,0,safe_logistic_start2_every_sample_lambda10,False,safe_early_stop,216,False,True,False,2,False,False,False
True,16,False,0.0,False,16,False,True,0,safe_logistic_start2_every_sample_lambda10,False,unnecessary_continuation,219,False,False,False,16,False,True,False
False,2,True,0.5,False,2,False,False,0,safe_logistic_start2_every_sample_lambda10,False,invalid_extraction_driven_uncertainty,224,False,True,True,2,False,False,False
True,2,False,0.0,False,2,False,True,0,safe_logistic_start2_every_sample_lambda10,False,safe_early_stop,226,False,True,False,2,False,False,False
True,2,False,0.0,False,2,False,True,0,safe_logistic_start2_every_sample_lambda10,False,safe_early_stop,233,False,True,False,2,False,False,False
False,14,False,0.0,False,14,False,False,1,safe_logistic_start2_every_sample_lambda10,False,safe_early_stop,240,False,True,False,9,False,False,False
True,2,False,0.0,False,2,False,True,0,safe_logistic_start2_every_sample_lambda10,False,safe_early_stop,244,False,True,False,2,False,False,False
False,16,True,0.125,False,16,False,False,1,safe_logistic_start2_every_sample_lambda10,False,unnecessary_continuation,245,False,False,False,16,False,True,False
True,2,False,0.0,False,2,False,True,0,safe_logistic_start2_every_sample_lambda10,False,safe_early_stop,247,False,True,False,2,False,False,False
True,2,False,0.0,False,2,False,True,0,safe_logistic_start2_every_sample_lambda10,False,safe_early_stop,250,False,True,False,2,False,False,False
True,2,False,0.0,False,2,False,True,0,safe_logistic_start2_every_sample_lambda10,False,safe_early_stop,252,False,True,False,2,False,False,False
True,2,False,0.0,False,2,False,True,0,safe_logistic_start2_every_sample_lambda10,False,safe_early_stop,258,False,True,False,2,False,False,False
True,2,False,0.0,False,2,False,True,0,safe_logistic_start2_every_sample_lambda10,False,safe_early_stop,262,False,True,False,2,False,False,False
False,2,False,0.0,False,2,False,True,5,safe_logistic_start2_every_sample_lambda10,True,premature_stop_with_missed_recovery,266,False,False,False,2,False,False,True
True,2,False,0.0,False,2,False,True,0,safe_logistic_start2_every_sample_lambda10,False,safe_early_stop,278,False,True,False,2,False,False,False
False,2,False,0.0,False,2,False,True,1,safe_logistic_start2_every_sample_lambda10,True,premature_stop_with_missed_recovery,279,False,False,False,2,False,False,False
False,4,False,0.0,False,4,False,False,0,safe_logistic_start2_every_sample_lambda10,False,stable_wrong_trajectory,295,False,True,True,7,False,False,False
False,2,True,0.5,False,2,False,True,3,safe_logistic_start2_every_sample_lambda10,True,premature_stop_with_missed_recovery,298,False,False,False,2,False,False,True
False,16,True,0.14285714285714285,False,16,False,False,1,safe_logistic_start2_every_sample_lambda10,False,invalid_extraction_driven_uncertainty,306,False,True,False,14,False,False,False
True,2,False,0.0,False,2,False,True,0,safe_logistic_start2_every_sample_lambda10,False,safe_early_stop,310,False,True,False,2,False,False,False
True,2,False,0.0,False,2,False,True,0,safe_logistic_start2_every_sample_lambda10,False,safe_early_stop,316,False,True,False,2,False,False,False
True,2,False,0.0,False,2,False,True,0,safe_logistic_start2_every_sample_lambda10,False,safe_early_stop,323,False,True,False,2,False,False,False
True,16,False,0.0,False,16,False,True,1,safe_logistic_start2_every_sample_lambda10,False,safe_early_stop,324,False,True,False,9,False,False,False
True,2,False,0.0,False,2,False,True,0,safe_logistic_start2_every_sample_lambda10,False,safe_early_stop,325,False,True,False,2,False,False,False
True,2,False,0.0,False,2,False,True,0,safe_logistic_start2_every_sample_lambda10,False,safe_early_stop,330,False,True,False,2,False,False,False
True,2,False,0.0,False,2,False,True,0,safe_logistic_start2_every_sample_lambda10,False,safe_early_stop,338,False,True,False,2,False,False,False
False,2,False,0.0,False,2,False,False,0,safe_logistic_start2_every_sample_lambda10,False,stable_wrong_trajectory,349,False,True,True,2,False,False,False
True,2,False,0.0,False,2,False,True,0,safe_logistic_start2_every_sample_lambda10,False,safe_early_stop,350,False,True,False,2,False,False,False
True,2,False,0.0,False,2,False,True,0,safe_logistic_start2_every_sample_lambda10,False,safe_early_stop,353,False,True,False,2,False,False,False
False,16,False,0.0,False,16,False,False,2,safe_logistic_start2_every_sample_lambda10,False,unstable_trajectory,358,False,True,False,9,False,False,True
True,2,False,0.0,False,2,False,True,0,safe_logistic_start2_every_sample_lambda10,False,safe_early_stop,364,False,True,False,2,False,False,False
False,2,False,0.0,False,2,False,False,0,safe_logistic_start2_every_sample_lambda10,False,stable_wrong_trajectory,365,False,True,True,2,False,False,False
True,2,False,0.0,False,2,False,True,0,safe_logistic_start2_every_sample_lambda10,False,safe_early_stop,366,False,True,False,2,False,False,False
True,2,False,0.0,False,2,False,True,0,safe_logistic_start2_every_sample_lambda10,False,safe_early_stop,374,False,True,False,2,False,False,False
True,4,False,0.0,False,4,False,True,0,safe_logistic_start2_every_sample_lambda10,False,safe_early_stop,382,False,True,False,5,False,False,False
True,16,False,0.0,False,16,False,True,1,safe_logistic_start2_every_sample_lambda10,False,safe_early_stop,389,False,True,False,14,False,False,False
True,2,False,0.0,False,2,False,True,0,safe_logistic_start2_every_sample_lambda10,False,safe_early_stop,396,False,True,False,2,False,False,False
True,2,False,0.0,False,2,False,True,0,safe_logistic_start2_every_sample_lambda10,False,safe_early_stop,405,False,True,False,2,False,False,False
True,2,False,0.0,False,2,False,True,0,safe_logistic_start2_every_sample_lambda10,False,safe_early_stop,409,False,True,False,2,False,False,False
True,2,False,0.0,False,2,False,True,0,safe_logistic_start2_every_sample_lambda10,False,safe_early_stop,414,False,True,False,2,False,False,False
False,2,False,0.0,False,2,False,False,0,safe_logistic_start2_every_sample_lambda10,False,stable_wrong_trajectory,420,False,True,True,2,False,False,False
True,2,False,0.0,False,2,False,False,5,safe_logistic_start2_every_sample_lambda10,False,regression_avoided,423,True,True,False,2,False,False,True
True,2,False,0.0,False,2,False,True,0,safe_logistic_start2_every_sample_lambda10,False,safe_early_stop,424,False,True,False,2,False,False,False
True,2,False,0.0,False,2,False,True,0,safe_logistic_start2_every_sample_lambda10,False,safe_early_stop,437,False,True,False,2,False,False,False
True,2,False,0.0,False,2,False,True,0,safe_logistic_start2_every_sample_lambda10,False,safe_early_stop,443,False,True,False,2,False,False,False
True,2,False,0.0,False,2,False,True,0,safe_logistic_start2_every_sample_lambda10,False,safe_early_stop,450,False,True,False,2,False,False,False
True,2,False,0.0,False,2,False,True,0,safe_logistic_start2_every_sample_lambda10,False,safe_early_stop,455,False,True,False,2,False,False,False
True,2,False,0.0,False,2,False,True,0,safe_logistic_start2_every_sample_lambda10,False,safe_early_stop,469,False,True,False,2,False,False,False
True,4,True,0.6923076923076923,False,4,False,True,2,safe_logistic_start2_every_sample_lambda10,False,invalid_extraction_driven_uncertainty,470,False,True,False,13,False,False,True
True,2,False,0.0,False,2,False,True,0,safe_logistic_start2_every_sample_lambda10,False,safe_early_stop,474,False,True,False,2,False,False,False
True,2,False,0.0,False,2,False,True,0,safe_logistic_start2_every_sample_lambda10,False,safe_early_stop,476,False,True,False,2,False,False,False
True,2,False,0.0,False,2,False,True,0,safe_logistic_start2_every_sample_lambda10,False,safe_early_stop,480,False,True,False,2,False,False,False
False,16,True,0.375,False,16,False,False,1,safe_logistic_start2_every_sample_lambda10,False,invalid_extraction_driven_uncertainty,481,False,True,False,8,False,False,False
False,2,True,0.3333333333333333,False,2,False,True,1,safe_logistic_start2_every_sample_lambda10,True,premature_stop_with_missed_recovery,485,False,False,False,3,False,False,False
True,4,False,0.0,False,4,False,True,0,safe_logistic_start2_every_sample_lambda10,False,safe_early_stop,486,False,True,False,5,False,False,False
True,2,False,0.0,False,2,False,True,0,safe_logistic_start2_every_sample_lambda10,False,safe_early_stop,488,False,True,False,2,False,False,False
False,2,True,0.5,False,2,False,False,0,safe_logistic_start2_every_sample_lambda10,False,invalid_extraction_driven_uncertainty,498,False,True,True,2,False,False,False
True,2,False,0.0,False,2,False,True,0,safe_histgb_start2_every_sample_lambda10,False,safe_early_stop,4,False,True,False,4,False,False,False
True,2,False,0.0,False,2,False,True,0,safe_histgb_start2_every_sample_lambda10,False,safe_early_stop,8,False,True,False,4,False,False,False
False,16,True,0.16666666666666666,False,16,False,False,4,safe_histgb_start2_every_sample_lambda10,False,invalid_extraction_driven_uncertainty,9,False,True,False,12,False,False,True
False,16,True,0.375,False,2,True,False,0,safe_histgb_start2_every_sample_lambda10,False,unnecessary_continuation,11,False,False,True,16,False,True,False
True,2,False,0.0,False,2,False,True,0,safe_histgb_start2_every_sample_lambda10,False,safe_early_stop,16,False,True,False,3,False,False,False
True,16,True,0.07142857142857142,False,16,False,True,1,safe_histgb_start2_every_sample_lambda10,False,invalid_extraction_driven_uncertainty,21,False,True,False,14,False,False,False
True,2,False,0.0,False,2,False,True,0,safe_histgb_start2_every_sample_lambda10,False,safe_early_stop,28,False,True,False,4,False,False,False
False,16,False,0.0,False,16,False,False,2,safe_histgb_start2_every_sample_lambda10,False,unnecessary_continuation,33,False,False,False,16,False,True,True
True,2,False,0.0,False,2,False,True,0,safe_histgb_start2_every_sample_lambda10,False,safe_early_stop,42,False,True,False,4,False,False,False
True,2,False,0.0,False,2,False,True,0,safe_histgb_start2_every_sample_lambda10,False,safe_early_stop,45,False,True,False,4,False,False,False
True,2,False,0.0,False,2,False,True,0,safe_histgb_start2_every_sample_lambda10,False,safe_early_stop,48,False,True,False,3,False,False,False
False,16,False,0.0,False,16,False,False,6,safe_histgb_start2_every_sample_lambda10,False,unnecessary_continuation,62,False,False,False,16,False,True,True
False,4,False,0.0,False,4,False,False,1,safe_histgb_start2_every_sample_lambda10,False,safe_early_stop,63,False,True,False,7,False,False,False
True,4,False,0.0,False,4,False,True,0,safe_histgb_start2_every_sample_lambda10,False,safe_early_stop,67,False,True,False,9,False,False,False
True,2,False,0.0,False,2,False,True,0,safe_histgb_start2_every_sample_lambda10,False,safe_early_stop,72,False,True,False,4,False,False,False
True,2,False,0.0,False,2,False,True,0,safe_histgb_start2_every_sample_lambda10,False,safe_early_stop,74,False,True,False,4,False,False,False
True,2,False,0.0,False,2,False,True,0,safe_histgb_start2_every_sample_lambda10,False,safe_early_stop,76,False,True,False,3,False,False,False
False,2,False,0.0,False,2,False,False,0,safe_histgb_start2_every_sample_lambda10,False,stable_wrong_trajectory,80,False,True,True,4,False,False,False
True,2,True,0.14285714285714285,False,2,False,True,0,safe_histgb_start2_every_sample_lambda10,False,invalid_extraction_driven_uncertainty,88,False,True,False,7,False,False,False
False,2,False,0.0,False,2,False,False,0,safe_histgb_start2_every_sample_lambda10,False,stable_wrong_trajectory,90,False,True,True,3,False,False,False
True,2,False,0.0,False,2,False,True,0,safe_histgb_start2_every_sample_lambda10,False,safe_early_stop,102,False,True,False,4,False,False,False
False,3,True,0.5625,False,2,True,False,1,safe_histgb_start2_every_sample_lambda10,False,unnecessary_continuation,103,False,False,False,16,False,True,False
True,4,False,0.0,False,4,False,True,0,safe_histgb_start2_every_sample_lambda10,False,safe_early_stop,107,False,True,False,6,False,False,False
False,6,True,0.5625,False,5,True,False,1,safe_histgb_start2_every_sample_lambda10,False,unnecessary_continuation,109,False,False,False,16,False,True,False
True,2,False,0.0,False,2,False,True,0,safe_histgb_start2_every_sample_lambda10,False,safe_early_stop,117,False,True,False,4,False,False,False
True,3,True,0.3333333333333333,False,2,True,True,0,safe_histgb_start2_every_sample_lambda10,False,invalid_extraction_driven_uncertainty,118,False,True,False,6,False,False,False
True,2,False,0.0,False,2,False,True,0,safe_histgb_start2_every_sample_lambda10,False,safe_early_stop,128,False,True,False,3,False,False,False
True,2,False,0.0,False,2,False,True,0,safe_histgb_start2_every_sample_lambda10,False,safe_early_stop,141,False,True,False,3,False,False,False
True,2,False,0.0,False,2,False,True,0,safe_histgb_start2_every_sample_lambda10,False,safe_early_stop,143,False,True,False,4,False,False,False
True,2,False,0.0,False,2,False,True,0,safe_histgb_start2_every_sample_lambda10,False,safe_early_stop,148,False,True,False,3,False,False,False
True,2,False,0.0,False,2,False,True,0,safe_histgb_start2_every_sample_lambda10,False,safe_early_stop,149,False,True,False,4,False,False,False
False,4,True,0.5384615384615384,False,3,True,False,1,safe_histgb_start2_every_sample_lambda10,False,invalid_extraction_driven_uncertainty,150,False,True,False,13,False,False,False
True,2,False,0.0,False,2,False,True,0,safe_histgb_start2_every_sample_lambda10,False,safe_early_stop,167,False,True,False,3,False,False,False
True,2,False,0.0,False,2,False,True,0,safe_histgb_start2_every_sample_lambda10,False,safe_early_stop,173,False,True,False,4,False,False,False
False,2,False,0.0,False,2,False,False,0,safe_histgb_start2_every_sample_lambda10,False,stable_wrong_trajectory,177,False,True,True,3,False,False,False
True,2,True,0.18181818181818182,False,2,False,True,0,safe_histgb_start2_every_sample_lambda10,False,invalid_extraction_driven_uncertainty,179,False,True,False,11,False,False,False
True,2,False,0.0,False,2,False,True,0,safe_histgb_start2_every_sample_lambda10,False,safe_early_stop,181,False,True,False,4,False,False,False
True,2,False,0.0,False,2,False,True,0,safe_histgb_start2_every_sample_lambda10,False,safe_early_stop,195,False,True,False,4,False,False,False
True,2,False,0.0,False,2,False,True,0,safe_histgb_start2_every_sample_lambda10,False,safe_early_stop,209,False,True,False,4,False,False,False
True,2,False,0.0,False,2,False,True,0,safe_histgb_start2_every_sample_lambda10,False,safe_early_stop,211,False,True,False,3,False,False,False
True,2,False,0.0,False,2,False,True,0,safe_histgb_start2_every_sample_lambda10,False,safe_early_stop,221,False,True,False,4,False,False,False
False,4,False,0.0,False,4,False,False,1,safe_histgb_start2_every_sample_lambda10,False,safe_early_stop,222,False,True,False,8,False,False,False
True,2,False,0.0,False,2,False,True,0,safe_histgb_start2_every_sample_lambda10,False,safe_early_stop,225,False,True,False,4,False,False,False
True,2,False,0.0,False,2,False,True,0,safe_histgb_start2_every_sample_lambda10,False,safe_early_stop,227,False,True,False,3,False,False,False
True,14,True,0.5833333333333334,False,14,False,True,1,safe_histgb_start2_every_sample_lambda10,False,invalid_extraction_driven_uncertainty,228,False,True,False,12,False,False,False
False,16,True,0.25,False,16,False,False,5,safe_histgb_start2_every_sample_lambda10,False,invalid_extraction_driven_uncertainty,236,False,False,False,16,False,False,True
True,2,False,0.0,False,2,False,True,0,safe_histgb_start2_every_sample_lambda10,False,safe_early_stop,251,False,True,False,4,False,False,False
True,2,False,0.0,False,2,False,True,0,safe_histgb_start2_every_sample_lambda10,False,safe_early_stop,253,False,True,False,3,False,False,False
True,2,False,0.0,False,2,False,True,0,safe_histgb_start2_every_sample_lambda10,False,safe_early_stop,254,False,True,False,4,False,False,False
True,2,False,0.0,False,2,False,True,0,safe_histgb_start2_every_sample_lambda10,False,safe_early_stop,257,False,True,False,4,False,False,False
True,2,False,0.0,False,2,False,True,0,safe_histgb_start2_every_sample_lambda10,False,safe_early_stop,260,False,True,False,4,False,False,False
True,2,False,0.0,False,2,False,True,0,safe_histgb_start2_every_sample_lambda10,False,safe_early_stop,261,False,True,False,4,False,False,False
False,2,True,0.1,False,2,False,False,0,safe_histgb_start2_every_sample_lambda10,False,invalid_extraction_driven_uncertainty,264,False,True,True,10,False,False,False
True,2,False,0.0,False,2,False,True,0,safe_histgb_start2_every_sample_lambda10,False,safe_early_stop,273,False,True,False,4,False,False,False
False,2,True,0.07142857142857142,False,2,False,False,3,safe_histgb_start2_every_sample_lambda10,False,invalid_extraction_driven_uncertainty,284,False,True,False,14,False,False,True
False,4,True,0.8125,False,3,True,False,1,safe_histgb_start2_every_sample_lambda10,False,unnecessary_continuation,285,False,False,False,16,False,True,False
True,11,True,0.45454545454545453,False,11,False,True,0,safe_histgb_start2_every_sample_lambda10,False,invalid_extraction_driven_uncertainty,290,False,True,False,11,False,False,False
True,16,False,0.0,False,16,False,True,2,safe_histgb_start2_every_sample_lambda10,False,unstable_trajectory,291,False,True,False,10,False,False,True
True,2,False,0.0,False,2,False,True,0,safe_histgb_start2_every_sample_lambda10,False,safe_early_stop,293,False,True,False,4,False,False,False
True,2,False,0.0,False,2,False,True,0,safe_histgb_start2_every_sample_lambda10,False,safe_early_stop,299,False,True,False,4,False,False,False
False,2,True,0.2,False,2,False,False,0,safe_histgb_start2_every_sample_lambda10,False,invalid_extraction_driven_uncertainty,303,False,True,True,5,False,False,False
True,2,False,0.0,False,2,False,True,0,safe_histgb_start2_every_sample_lambda10,False,safe_early_stop,315,False,True,False,4,False,False,False
True,4,True,0.625,False,3,True,True,1,safe_histgb_start2_every_sample_lambda10,False,invalid_extraction_driven_uncertainty,326,False,True,False,8,False,False,False
True,4,False,0.0,False,4,False,True,0,safe_histgb_start2_every_sample_lambda10,False,safe_early_stop,328,False,True,False,10,False,False,False
True,2,False,0.0,False,2,False,True,0,safe_histgb_start2_every_sample_lambda10,False,safe_early_stop,331,False,True,False,6,False,False,False
True,2,False,0.0,False,2,False,True,0,safe_histgb_start2_every_sample_lambda10,False,safe_early_stop,335,False,True,False,4,False,False,False
True,2,False,0.0,False,2,False,True,0,safe_histgb_start2_every_sample_lambda10,False,safe_early_stop,337,False,True,False,4,False,False,False
True,4,False,0.0,False,4,False,True,0,safe_histgb_start2_every_sample_lambda10,False,safe_early_stop,339,False,True,False,6,False,False,False
True,2,False,0.0,False,2,False,True,0,safe_histgb_start2_every_sample_lambda10,False,safe_early_stop,348,False,True,False,4,False,False,False
True,2,False,0.0,False,2,False,True,0,safe_histgb_start2_every_sample_lambda10,False,safe_early_stop,367,False,True,False,3,False,False,False
False,2,False,0.0,False,2,False,False,1,safe_histgb_start2_every_sample_lambda10,False,safe_early_stop,369,False,True,False,11,False,False,False
True,16,True,0.13333333333333333,False,16,False,True,5,safe_histgb_start2_every_sample_lambda10,False,invalid_extraction_driven_uncertainty,371,False,True,False,15,False,False,True
True,2,False,0.0,False,2,False,True,0,safe_histgb_start2_every_sample_lambda10,False,safe_early_stop,373,False,True,False,4,False,False,False
True,3,True,0.3333333333333333,False,2,True,True,0,safe_histgb_start2_every_sample_lambda10,False,invalid_extraction_driven_uncertainty,376,False,True,False,6,False,False,False
True,2,False,0.0,False,2,False,True,0,safe_histgb_start2_every_sample_lambda10,False,safe_early_stop,377,False,True,False,4,False,False,False
True,4,True,0.14285714285714285,False,4,False,True,0,safe_histgb_start2_every_sample_lambda10,False,invalid_extraction_driven_uncertainty,378,False,True,False,7,False,False,False
True,2,False,0.0,False,2,False,True,0,safe_histgb_start2_every_sample_lambda10,False,safe_early_stop,383,False,True,False,4,False,False,False
True,4,False,0.0,False,4,False,True,1,safe_histgb_start2_every_sample_lambda10,False,safe_early_stop,390,False,True,False,7,False,False,False
True,2,True,0.2,False,2,False,True,0,safe_histgb_start2_every_sample_lambda10,False,invalid_extraction_driven_uncertainty,391,False,True,False,5,False,False,False
True,2,False,0.0,False,2,False,True,0,safe_histgb_start2_every_sample_lambda10,False,safe_early_stop,395,False,True,False,3,False,False,False
True,2,False,0.0,False,2,False,True,0,safe_histgb_start2_every_sample_lambda10,False,safe_early_stop,407,False,True,False,3,False,False,False
True,10,True,0.875,False,10,False,True,1,safe_histgb_start2_every_sample_lambda10,False,unnecessary_continuation,408,False,False,False,16,False,True,False
False,16,True,0.625,False,4,True,False,3,safe_histgb_start2_every_sample_lambda10,False,invalid_extraction_driven_uncertainty,412,False,False,False,16,False,False,True
True,2,False,0.0,False,2,False,True,0,safe_histgb_start2_every_sample_lambda10,False,safe_early_stop,418,False,True,False,4,False,False,False
True,2,True,0.3333333333333333,False,2,False,True,0,safe_histgb_start2_every_sample_lambda10,False,invalid_extraction_driven_uncertainty,421,False,True,False,9,False,False,False
True,16,True,0.0625,False,16,False,True,1,safe_histgb_start2_every_sample_lambda10,False,unnecessary_continuation,425,False,False,False,16,False,True,False
True,2,False,0.0,False,2,False,True,0,safe_histgb_start2_every_sample_lambda10,False,safe_early_stop,438,False,True,False,3,False,False,False
True,2,False,0.0,False,2,False,True,0,safe_histgb_start2_every_sample_lambda10,False,safe_early_stop,439,False,True,False,4,False,False,False
False,3,True,0.3333333333333333,False,2,True,False,0,safe_histgb_start2_every_sample_lambda10,False,invalid_extraction_driven_uncertainty,444,False,True,True,9,False,False,False
False,16,True,0.5714285714285714,False,16,False,False,4,safe_histgb_start2_every_sample_lambda10,False,invalid_extraction_driven_uncertainty,445,False,True,False,14,False,False,True
True,4,False,0.0,False,4,False,True,0,safe_histgb_start2_every_sample_lambda10,False,safe_early_stop,447,False,True,False,6,False,False,False
True,2,False,0.0,False,2,False,True,0,safe_histgb_start2_every_sample_lambda10,False,safe_early_stop,451,False,True,False,4,False,False,False
True,2,False,0.0,False,2,False,True,0,safe_histgb_start2_every_sample_lambda10,False,safe_early_stop,453,False,True,False,4,False,False,False
False,16,True,1.0,False,16,False,False,0,safe_histgb_start2_every_sample_lambda10,False,unnecessary_continuation,454,False,False,True,16,False,True,False
True,2,True,0.2,False,2,False,True,0,safe_histgb_start2_every_sample_lambda10,False,invalid_extraction_driven_uncertainty,456,False,True,False,5,False,False,False
True,2,False,0.0,False,2,False,True,0,safe_histgb_start2_every_sample_lambda10,False,safe_early_stop,467,False,True,False,4,False,False,False
False,2,False,0.0,False,2,False,False,0,safe_histgb_start2_every_sample_lambda10,False,stable_wrong_trajectory,478,False,True,True,4,False,False,False
True,2,False,0.0,False,2,False,True,0,safe_histgb_start2_every_sample_lambda10,False,safe_early_stop,489,False,True,False,4,False,False,False
True,2,False,0.0,False,2,False,True,0,safe_histgb_start2_every_sample_lambda10,False,safe_early_stop,495,False,True,False,4,False,False,False
True,2,False,0.0,False,2,False,True,0,safe_histgb_start2_every_sample_lambda10,False,safe_early_stop,496,False,True,False,4,False,False,False
True,2,False,0.0,False,2,False,True,0,safe_histgb_start2_every_sample_lambda10,False,safe_early_stop,10,False,True,False,2,False,False,False
True,2,False,0.0,False,2,False,True,0,safe_histgb_start2_every_sample_lambda10,False,safe_early_stop,13,False,True,False,2,False,False,False
True,2,False,0.0,False,2,False,True,0,safe_histgb_start2_every_sample_lambda10,False,safe_early_stop,19,False,True,False,2,False,False,False
True,2,False,0.0,False,2,False,True,0,safe_histgb_start2_every_sample_lambda10,False,safe_early_stop,20,False,True,False,2,False,False,False
True,2,False,0.0,False,2,False,True,0,safe_histgb_start2_every_sample_lambda10,False,safe_early_stop,34,False,True,False,2,False,False,False
True,2,False,0.0,False,2,False,True,0,safe_histgb_start2_every_sample_lambda10,False,safe_early_stop,38,False,True,False,2,False,False,False
True,2,False,0.0,False,2,False,True,0,safe_histgb_start2_every_sample_lambda10,False,safe_early_stop,40,False,True,False,2,False,False,False
True,16,False,0.0,False,16,False,False,1,safe_histgb_start2_every_sample_lambda10,False,regression_avoided,41,True,True,False,6,False,False,False
True,7,True,0.42857142857142855,False,2,True,True,0,safe_histgb_start2_every_sample_lambda10,False,invalid_extraction_driven_uncertainty,46,False,True,False,7,False,False,False
True,2,False,0.0,False,2,False,True,0,safe_histgb_start2_every_sample_lambda10,False,safe_early_stop,47,False,True,False,2,False,False,False
True,2,False,0.0,False,2,False,True,0,safe_histgb_start2_every_sample_lambda10,False,safe_early_stop,49,False,True,False,2,False,False,False
True,16,False,0.0,False,16,False,True,2,safe_histgb_start2_every_sample_lambda10,False,unstable_trajectory,50,False,True,False,11,False,False,True
True,2,False,0.0,False,2,False,True,0,safe_histgb_start2_every_sample_lambda10,False,safe_early_stop,55,False,True,False,2,False,False,False
True,2,False,0.0,False,2,False,True,0,safe_histgb_start2_every_sample_lambda10,False,safe_early_stop,77,False,True,False,2,False,False,False
True,2,False,0.0,False,2,False,True,0,safe_histgb_start2_every_sample_lambda10,False,safe_early_stop,78,False,True,False,2,False,False,False
True,2,False,0.0,False,2,False,True,0,safe_histgb_start2_every_sample_lambda10,False,safe_early_stop,84,False,True,False,2,False,False,False
True,2,False,0.0,False,2,False,True,0,safe_histgb_start2_every_sample_lambda10,False,safe_early_stop,85,False,True,False,2,False,False,False
True,2,False,0.0,False,2,False,True,0,safe_histgb_start2_every_sample_lambda10,False,safe_early_stop,86,False,True,False,2,False,False,False
True,2,False,0.0,False,2,False,True,0,safe_histgb_start2_every_sample_lambda10,False,safe_early_stop,93,False,True,False,2,False,False,False
False,2,False,0.0,False,2,False,False,0,safe_histgb_start2_every_sample_lambda10,False,stable_wrong_trajectory,104,False,True,True,2,False,False,False
False,16,False,0.0,False,16,False,False,2,safe_histgb_start2_every_sample_lambda10,False,unstable_trajectory,105,False,True,False,13,False,False,True
True,5,False,0.0,False,4,True,True,1,safe_histgb_start2_every_sample_lambda10,False,safe_early_stop,112,False,True,False,5,False,False,False
True,2,False,0.0,False,2,False,True,0,safe_histgb_start2_every_sample_lambda10,False,safe_early_stop,114,False,True,False,2,False,False,False
False,16,False,0.0,False,16,False,False,0,safe_histgb_start2_every_sample_lambda10,False,stable_wrong_trajectory,115,False,True,True,13,False,False,False
True,16,False,0.0,False,16,False,True,2,safe_histgb_start2_every_sample_lambda10,False,unstable_trajectory,119,False,True,False,9,False,False,True
True,2,False,0.0,False,2,False,True,0,safe_histgb_start2_every_sample_lambda10,False,safe_early_stop,121,False,True,False,2,False,False,False
True,2,False,0.0,False,2,False,True,0,safe_histgb_start2_every_sample_lambda10,False,safe_early_stop,122,False,True,False,2,False,False,False
True,2,False,0.0,False,2,False,True,0,safe_histgb_start2_every_sample_lambda10,False,safe_early_stop,127,False,True,False,2,False,False,False
True,2,False,0.0,False,2,False,True,0,safe_histgb_start2_every_sample_lambda10,False,safe_early_stop,132,False,True,False,2,False,False,False
True,7,True,0.8571428571428571,False,6,True,True,1,safe_histgb_start2_every_sample_lambda10,False,invalid_extraction_driven_uncertainty,136,False,True,False,7,False,False,False
False,16,True,0.3125,False,2,True,False,2,safe_histgb_start2_every_sample_lambda10,False,unnecessary_continuation,138,False,False,False,16,False,True,True
True,2,False,0.0,False,2,False,True,0,safe_histgb_start2_every_sample_lambda10,False,safe_early_stop,158,False,True,False,2,False,False,False
True,2,False,0.0,False,2,False,True,0,safe_histgb_start2_every_sample_lambda10,False,safe_early_stop,162,False,True,False,2,False,False,False
False,16,True,0.625,False,2,True,False,0,safe_histgb_start2_every_sample_lambda10,False,invalid_extraction_driven_uncertainty,170,False,True,True,8,False,False,False
True,2,False,0.0,False,2,False,True,0,safe_histgb_start2_every_sample_lambda10,False,safe_early_stop,172,False,True,False,2,False,False,False
True,5,False,0.0,False,4,True,True,0,safe_histgb_start2_every_sample_lambda10,False,safe_early_stop,176,False,True,False,4,False,False,False
True,2,False,0.0,False,2,False,True,0,safe_histgb_start2_every_sample_lambda10,False,safe_early_stop,183,False,True,False,2,False,False,False
True,2,False,0.0,False,2,False,True,0,safe_histgb_start2_every_sample_lambda10,False,safe_early_stop,198,False,True,False,2,False,False,False
True,2,False,0.0,False,2,False,True,0,safe_histgb_start2_every_sample_lambda10,False,safe_early_stop,202,False,True,False,2,False,False,False
True,2,False,0.0,False,2,False,True,0,safe_histgb_start2_every_sample_lambda10,False,safe_early_stop,205,False,True,False,2,False,False,False
True,16,False,0.0,False,16,False,True,2,safe_histgb_start2_every_sample_lambda10,False,unstable_trajectory,210,False,True,False,12,False,False,True
True,4,False,0.0,False,4,False,True,0,safe_histgb_start2_every_sample_lambda10,False,safe_early_stop,212,False,True,False,4,False,False,False
True,2,False,0.0,False,2,False,True,0,safe_histgb_start2_every_sample_lambda10,False,safe_early_stop,215,False,True,False,2,False,False,False
True,2,False,0.0,False,2,False,True,0,safe_histgb_start2_every_sample_lambda10,False,safe_early_stop,218,False,True,False,2,False,False,False
False,2,False,0.0,False,2,False,False,0,safe_histgb_start2_every_sample_lambda10,False,stable_wrong_trajectory,220,False,True,True,2,False,False,False
True,2,False,0.0,False,2,False,True,0,safe_histgb_start2_every_sample_lambda10,False,safe_early_stop,223,False,True,False,2,False,False,False
True,2,False,0.0,False,2,False,True,0,safe_histgb_start2_every_sample_lambda10,False,safe_early_stop,231,False,True,False,2,False,False,False
True,6,False,0.0,False,6,False,True,1,safe_histgb_start2_every_sample_lambda10,False,safe_early_stop,232,False,True,False,6,False,False,False
True,2,False,0.0,False,2,False,True,0,safe_histgb_start2_every_sample_lambda10,False,safe_early_stop,238,False,True,False,2,False,False,False
False,16,True,1.0,False,16,False,False,0,safe_histgb_start2_every_sample_lambda10,False,unnecessary_continuation,239,False,False,True,16,False,True,False
True,2,False,0.0,False,2,False,True,0,safe_histgb_start2_every_sample_lambda10,False,safe_early_stop,243,False,True,False,2,False,False,False
True,2,False,0.0,False,2,False,True,0,safe_histgb_start2_every_sample_lambda10,False,safe_early_stop,256,False,True,False,2,False,False,False
True,2,False,0.0,False,2,False,True,0,safe_histgb_start2_every_sample_lambda10,False,safe_early_stop,265,False,True,False,2,False,False,False
True,10,False,0.0,False,10,False,True,1,safe_histgb_start2_every_sample_lambda10,False,safe_early_stop,267,False,True,False,8,False,False,False
True,2,False,0.0,False,2,False,True,0,safe_histgb_start2_every_sample_lambda10,False,safe_early_stop,277,False,True,False,2,False,False,False
True,2,False,0.0,False,2,False,True,0,safe_histgb_start2_every_sample_lambda10,False,safe_early_stop,287,False,True,False,2,False,False,False
True,2,False,0.0,False,2,False,True,0,safe_histgb_start2_every_sample_lambda10,False,safe_early_stop,289,False,True,False,2,False,False,False
True,2,False,0.0,False,2,False,True,0,safe_histgb_start2_every_sample_lambda10,False,safe_early_stop,297,False,True,False,2,False,False,False
True,2,False,0.0,False,2,False,True,0,safe_histgb_start2_every_sample_lambda10,False,safe_early_stop,305,False,True,False,2,False,False,False
False,16,False,0.0,False,16,False,False,2,safe_histgb_start2_every_sample_lambda10,False,unnecessary_continuation,308,False,False,False,16,False,True,True
True,2,False,0.0,False,2,False,True,0,safe_histgb_start2_every_sample_lambda10,False,safe_early_stop,314,False,True,False,2,False,False,False
True,2,False,0.0,False,2,False,True,0,safe_histgb_start2_every_sample_lambda10,False,safe_early_stop,322,False,True,False,2,False,False,False
True,2,False,0.0,False,2,False,True,0,safe_histgb_start2_every_sample_lambda10,False,safe_early_stop,329,False,True,False,2,False,False,False
True,4,True,0.4,False,2,True,True,0,safe_histgb_start2_every_sample_lambda10,False,invalid_extraction_driven_uncertainty,333,False,True,False,5,False,False,False
True,2,False,0.0,False,2,False,True,0,safe_histgb_start2_every_sample_lambda10,False,safe_early_stop,334,False,True,False,2,False,False,False
True,2,False,0.0,False,2,False,True,0,safe_histgb_start2_every_sample_lambda10,False,safe_early_stop,336,False,True,False,2,False,False,False
True,2,False,0.0,False,2,False,True,0,safe_histgb_start2_every_sample_lambda10,False,safe_early_stop,345,False,True,False,2,False,False,False
True,2,False,0.0,False,2,False,True,0,safe_histgb_start2_every_sample_lambda10,False,safe_early_stop,347,False,True,False,2,False,False,False
False,14,True,0.5454545454545454,False,2,True,False,1,safe_histgb_start2_every_sample_lambda10,False,invalid_extraction_driven_uncertainty,352,False,True,False,11,False,False,False
True,2,False,0.0,False,2,False,True,0,safe_histgb_start2_every_sample_lambda10,False,safe_early_stop,354,False,True,False,2,False,False,False
False,16,True,0.1,False,16,False,False,1,safe_histgb_start2_every_sample_lambda10,False,invalid_extraction_driven_uncertainty,355,False,True,False,10,False,False,False
True,2,False,0.0,False,2,False,True,0,safe_histgb_start2_every_sample_lambda10,False,safe_early_stop,356,False,True,False,2,False,False,False
True,2,False,0.0,False,2,False,True,0,safe_histgb_start2_every_sample_lambda10,False,safe_early_stop,360,False,True,False,2,False,False,False
True,2,False,0.0,False,2,False,True,0,safe_histgb_start2_every_sample_lambda10,False,safe_early_stop,368,False,True,False,2,False,False,False
True,2,False,0.0,False,2,False,True,0,safe_histgb_start2_every_sample_lambda10,False,safe_early_stop,379,False,True,False,2,False,False,False
False,2,False,0.0,False,2,False,True,1,safe_histgb_start2_every_sample_lambda10,True,premature_stop_with_missed_recovery,385,False,False,False,2,False,False,False
False,2,False,0.0,False,2,False,False,0,safe_histgb_start2_every_sample_lambda10,False,stable_wrong_trajectory,392,False,True,True,2,False,False,False
True,2,False,0.0,False,2,False,True,0,safe_histgb_start2_every_sample_lambda10,False,safe_early_stop,393,False,True,False,2,False,False,False
True,14,True,0.375,False,14,False,True,1,safe_histgb_start2_every_sample_lambda10,False,invalid_extraction_driven_uncertainty,394,False,True,False,8,False,False,False
True,2,False,0.0,False,2,False,True,0,safe_histgb_start2_every_sample_lambda10,False,safe_early_stop,397,False,True,False,2,False,False,False
True,2,False,0.0,False,2,False,True,0,safe_histgb_start2_every_sample_lambda10,False,safe_early_stop,402,False,True,False,2,False,False,False
True,2,False,0.0,False,2,False,True,0,safe_histgb_start2_every_sample_lambda10,False,safe_early_stop,404,False,True,False,2,False,False,False
True,2,False,0.0,False,2,False,True,0,safe_histgb_start2_every_sample_lambda10,False,safe_early_stop,410,False,True,False,2,False,False,False
True,2,False,0.0,False,2,False,True,0,safe_histgb_start2_every_sample_lambda10,False,safe_early_stop,415,False,True,False,2,False,False,False
True,2,False,0.0,False,2,False,True,0,safe_histgb_start2_every_sample_lambda10,False,safe_early_stop,416,False,True,False,2,False,False,False
True,2,False,0.0,False,2,False,True,0,safe_histgb_start2_every_sample_lambda10,False,safe_early_stop,417,False,True,False,2,False,False,False
True,2,False,0.0,False,2,False,True,0,safe_histgb_start2_every_sample_lambda10,False,safe_early_stop,426,False,True,False,2,False,False,False
True,4,False,0.0,False,4,False,True,0,safe_histgb_start2_every_sample_lambda10,False,safe_early_stop,428,False,True,False,4,False,False,False
False,16,False,0.0,False,16,False,False,4,safe_histgb_start2_every_sample_lambda10,False,unstable_trajectory,431,False,True,False,7,False,False,True
False,16,True,0.75,False,2,True,False,0,safe_histgb_start2_every_sample_lambda10,False,invalid_extraction_driven_uncertainty,432,False,True,True,12,False,False,False
True,2,False,0.0,False,2,False,True,0,safe_histgb_start2_every_sample_lambda10,False,safe_early_stop,435,False,True,False,2,False,False,False
True,2,False,0.0,False,2,False,True,0,safe_histgb_start2_every_sample_lambda10,False,safe_early_stop,440,False,True,False,2,False,False,False
True,2,False,0.0,False,2,False,True,0,safe_histgb_start2_every_sample_lambda10,False,safe_early_stop,442,False,True,False,2,False,False,False
True,3,True,0.3333333333333333,False,2,True,True,0,safe_histgb_start2_every_sample_lambda10,False,invalid_extraction_driven_uncertainty,458,False,True,False,3,False,False,False
True,2,False,0.0,False,2,False,True,0,safe_histgb_start2_every_sample_lambda10,False,safe_early_stop,461,False,True,False,2,False,False,False
True,2,False,0.0,False,2,False,True,0,safe_histgb_start2_every_sample_lambda10,False,safe_early_stop,464,False,True,False,2,False,False,False
True,2,False,0.0,False,2,False,True,0,safe_histgb_start2_every_sample_lambda10,False,safe_early_stop,468,False,True,False,2,False,False,False
True,10,False,0.0,False,10,False,True,0,safe_histgb_start2_every_sample_lambda10,False,safe_early_stop,477,False,True,False,6,False,False,False
True,2,False,0.0,False,2,False,True,0,safe_histgb_start2_every_sample_lambda10,False,safe_early_stop,493,False,True,False,2,False,False,False
True,2,False,0.0,False,2,False,True,0,safe_histgb_start2_every_sample_lambda10,False,safe_early_stop,499,False,True,False,2,False,False,False
True,3,False,0.0,False,2,True,True,0,safe_histgb_start2_every_sample_lambda10,False,safe_early_stop,2,False,True,False,2,False,False,False
True,3,False,0.0,False,2,True,True,0,safe_histgb_start2_every_sample_lambda10,False,safe_early_stop,5,False,True,False,2,False,False,False
True,3,False,0.0,False,2,True,True,0,safe_histgb_start2_every_sample_lambda10,False,safe_early_stop,6,False,True,False,2,False,False,False
True,10,False,0.0,False,10,False,True,1,safe_histgb_start2_every_sample_lambda10,False,safe_early_stop,7,False,True,False,8,False,False,False
True,3,False,0.0,False,2,True,True,0,safe_histgb_start2_every_sample_lambda10,False,safe_early_stop,22,False,True,False,2,False,False,False
True,3,False,0.0,False,2,True,True,0,safe_histgb_start2_every_sample_lambda10,False,safe_early_stop,23,False,True,False,2,False,False,False
True,3,False,0.0,False,2,True,True,0,safe_histgb_start2_every_sample_lambda10,False,safe_early_stop,29,False,True,False,2,False,False,False
True,3,False,0.0,False,2,True,True,0,safe_histgb_start2_every_sample_lambda10,False,safe_early_stop,32,False,True,False,2,False,False,False
True,3,False,0.0,False,2,True,True,0,safe_histgb_start2_every_sample_lambda10,False,safe_early_stop,39,False,True,False,2,False,False,False
False,10,False,0.0,False,4,True,False,1,safe_histgb_start2_every_sample_lambda10,False,safe_early_stop,43,False,True,False,7,False,False,False
True,3,False,0.0,False,2,True,True,0,safe_histgb_start2_every_sample_lambda10,False,safe_early_stop,57,False,True,False,2,False,False,False
True,5,False,0.0,False,2,True,True,0,safe_histgb_start2_every_sample_lambda10,False,safe_early_stop,58,False,True,False,2,False,False,False
True,3,False,0.0,False,2,True,True,0,safe_histgb_start2_every_sample_lambda10,False,safe_early_stop,73,False,True,False,2,False,False,False
True,3,False,0.0,False,2,True,True,0,safe_histgb_start2_every_sample_lambda10,False,safe_early_stop,75,False,True,False,2,False,False,False
True,3,False,0.0,False,2,True,True,0,safe_histgb_start2_every_sample_lambda10,False,safe_early_stop,79,False,True,False,2,False,False,False
True,3,False,0.0,False,2,True,True,0,safe_histgb_start2_every_sample_lambda10,False,safe_early_stop,83,False,True,False,2,False,False,False
True,3,False,0.0,False,2,True,True,0,safe_histgb_start2_every_sample_lambda10,False,safe_early_stop,87,False,True,False,2,False,False,False
True,7,False,0.0,False,4,True,True,1,safe_histgb_start2_every_sample_lambda10,False,safe_early_stop,89,False,True,False,6,False,False,False
True,3,False,0.0,False,2,True,True,0,safe_histgb_start2_every_sample_lambda10,False,safe_early_stop,92,False,True,False,2,False,False,False
False,5,True,0.4,False,2,True,False,0,safe_histgb_start2_every_sample_lambda10,False,invalid_extraction_driven_uncertainty,99,False,True,True,5,False,False,False
True,3,False,0.0,False,2,True,True,0,safe_histgb_start2_every_sample_lambda10,False,safe_early_stop,106,False,True,False,2,False,False,False
False,7,True,0.7142857142857143,False,4,True,False,1,safe_histgb_start2_every_sample_lambda10,False,invalid_extraction_driven_uncertainty,110,False,True,False,7,False,False,False
True,3,False,0.0,False,2,True,True,0,safe_histgb_start2_every_sample_lambda10,False,safe_early_stop,113,False,True,False,2,False,False,False
True,3,False,0.0,False,2,True,True,0,safe_histgb_start2_every_sample_lambda10,False,safe_early_stop,139,False,True,False,3,False,False,False
True,3,False,0.0,False,2,True,True,0,safe_histgb_start2_every_sample_lambda10,False,safe_early_stop,146,False,True,False,2,False,False,False
False,16,True,0.3125,False,16,False,False,3,safe_histgb_start2_every_sample_lambda10,False,unnecessary_continuation,147,False,False,False,16,False,True,True
True,3,False,0.0,False,2,True,True,0,safe_histgb_start2_every_sample_lambda10,False,safe_early_stop,155,False,True,False,2,False,False,False
False,14,True,0.25,False,2,True,False,0,safe_histgb_start2_every_sample_lambda10,False,invalid_extraction_driven_uncertainty,156,False,True,True,8,False,False,False
True,3,False,0.0,False,2,True,True,0,safe_histgb_start2_every_sample_lambda10,False,safe_early_stop,160,False,True,False,2,False,False,False
False,16,False,0.0,False,2,True,False,4,safe_histgb_start2_every_sample_lambda10,False,unstable_trajectory,164,False,True,False,2,False,False,True
True,3,False,0.0,False,2,True,True,0,safe_histgb_start2_every_sample_lambda10,False,safe_early_stop,169,False,True,False,2,False,False,False
True,3,False,0.0,False,2,True,True,0,safe_histgb_start2_every_sample_lambda10,False,safe_early_stop,174,False,True,False,2,False,False,False
True,3,False,0.0,False,2,True,True,0,safe_histgb_start2_every_sample_lambda10,False,safe_early_stop,175,False,True,False,3,False,False,False
False,16,False,0.0,False,16,False,False,1,safe_histgb_start2_every_sample_lambda10,False,safe_early_stop,184,False,True,False,13,False,False,False
True,3,False,0.0,False,2,True,True,0,safe_histgb_start2_every_sample_lambda10,False,safe_early_stop,185,False,True,False,2,False,False,False
True,3,False,0.0,False,2,True,True,0,safe_histgb_start2_every_sample_lambda10,False,safe_early_stop,186,False,True,False,3,False,False,False
True,3,False,0.0,False,2,True,True,0,safe_histgb_start2_every_sample_lambda10,False,safe_early_stop,187,False,True,False,3,False,False,False
False,16,True,0.4166666666666667,False,16,False,True,2,safe_histgb_start2_every_sample_lambda10,True,premature_stop_with_missed_recovery,189,False,False,False,12,False,False,True
True,3,False,0.0,False,2,True,True,0,safe_histgb_start2_every_sample_lambda10,False,safe_early_stop,193,False,True,False,2,False,False,False
True,3,False,0.0,False,2,True,True,0,safe_histgb_start2_every_sample_lambda10,False,safe_early_stop,199,False,True,False,2,False,False,False
True,3,False,0.0,False,2,True,True,0,safe_histgb_start2_every_sample_lambda10,False,safe_early_stop,203,False,True,False,2,False,False,False
False,16,False,0.0,False,4,True,False,1,safe_histgb_start2_every_sample_lambda10,False,safe_early_stop,204,False,True,False,8,False,False,False
False,3,False,0.0,False,2,True,False,0,safe_histgb_start2_every_sample_lambda10,False,stable_wrong_trajectory,217,False,True,True,2,False,False,False
True,3,False,0.0,False,2,True,True,0,safe_histgb_start2_every_sample_lambda10,False,safe_early_stop,230,False,True,False,3,False,False,False
False,8,False,0.0,True,2,True,True,1,safe_histgb_start2_every_sample_lambda10,True,premature_stop_with_missed_recovery,234,False,False,False,2,True,False,False
True,3,False,0.0,False,2,True,True,0,safe_histgb_start2_every_sample_lambda10,False,safe_early_stop,235,False,True,False,2,False,False,False
True,6,False,0.0,False,2,True,True,0,safe_histgb_start2_every_sample_lambda10,False,safe_early_stop,246,False,True,False,2,False,False,False
False,16,True,1.0,False,16,False,False,0,safe_histgb_start2_every_sample_lambda10,False,unnecessary_continuation,248,False,False,True,16,False,True,False
True,3,False,0.0,False,2,True,True,0,safe_histgb_start2_every_sample_lambda10,False,safe_early_stop,255,False,True,False,2,False,False,False
True,3,False,0.0,False,2,True,True,0,safe_histgb_start2_every_sample_lambda10,False,safe_early_stop,259,False,True,False,2,False,False,False
True,3,False,0.0,False,2,True,True,0,safe_histgb_start2_every_sample_lambda10,False,safe_early_stop,269,False,True,False,2,False,False,False
True,3,False,0.0,False,2,True,True,0,safe_histgb_start2_every_sample_lambda10,False,safe_early_stop,280,False,True,False,2,False,False,False
False,9,True,0.8888888888888888,False,2,True,False,0,safe_histgb_start2_every_sample_lambda10,False,invalid_extraction_driven_uncertainty,292,False,True,True,9,False,False,False
True,6,False,0.0,False,4,True,True,1,safe_histgb_start2_every_sample_lambda10,False,safe_early_stop,294,False,True,False,6,False,False,False
True,3,False,0.0,False,2,True,True,0,safe_histgb_start2_every_sample_lambda10,False,safe_early_stop,300,False,True,False,2,False,False,False
False,3,False,0.0,False,2,True,False,0,safe_histgb_start2_every_sample_lambda10,False,stable_wrong_trajectory,301,False,True,True,2,False,False,False
False,16,True,0.1,False,16,False,True,2,safe_histgb_start2_every_sample_lambda10,True,premature_stop_with_missed_recovery,302,False,False,False,10,False,False,True
True,4,True,0.25,False,2,True,True,0,safe_histgb_start2_every_sample_lambda10,False,invalid_extraction_driven_uncertainty,304,False,True,False,4,False,False,False
True,3,False,0.0,False,2,True,True,0,safe_histgb_start2_every_sample_lambda10,False,safe_early_stop,307,False,True,False,2,False,False,False
False,16,False,0.0,False,16,False,False,3,safe_histgb_start2_every_sample_lambda10,False,unnecessary_continuation,309,False,False,False,16,False,True,True
True,3,False,0.0,False,2,True,True,0,safe_histgb_start2_every_sample_lambda10,False,safe_early_stop,311,False,True,False,3,False,False,False
False,3,False,0.0,False,2,True,False,0,safe_histgb_start2_every_sample_lambda10,False,stable_wrong_trajectory,317,False,True,True,2,False,False,False
True,3,False,0.0,False,2,True,True,0,safe_histgb_start2_every_sample_lambda10,False,safe_early_stop,318,False,True,False,2,False,False,False
True,3,False,0.0,False,2,True,True,0,safe_histgb_start2_every_sample_lambda10,False,safe_early_stop,319,False,True,False,2,False,False,False
True,3,False,0.0,False,2,True,True,0,safe_histgb_start2_every_sample_lambda10,False,safe_early_stop,321,False,True,False,2,False,False,False
False,16,True,0.6923076923076923,False,2,True,False,0,safe_histgb_start2_every_sample_lambda10,False,invalid_extraction_driven_uncertainty,327,False,True,True,13,False,False,False
True,3,False,0.0,False,2,True,True,0,safe_histgb_start2_every_sample_lambda10,False,safe_early_stop,341,False,True,False,2,False,False,False
True,3,False,0.0,False,2,True,True,0,safe_histgb_start2_every_sample_lambda10,False,safe_early_stop,344,False,True,False,2,False,False,False
False,16,False,0.0,False,16,False,True,1,safe_histgb_start2_every_sample_lambda10,True,premature_stop_with_missed_recovery,357,False,False,False,10,False,False,False
True,3,False,0.0,False,2,True,True,0,safe_histgb_start2_every_sample_lambda10,False,safe_early_stop,361,False,True,False,2,False,False,False
True,3,False,0.0,False,2,True,True,0,safe_histgb_start2_every_sample_lambda10,False,safe_early_stop,363,False,True,False,2,False,False,False
True,3,False,0.0,False,2,True,True,0,safe_histgb_start2_every_sample_lambda10,False,safe_early_stop,370,False,True,False,2,False,False,False
False,16,False,0.0,False,16,False,False,4,safe_histgb_start2_every_sample_lambda10,False,unnecessary_continuation,372,False,False,False,16,False,True,True
True,3,False,0.0,False,2,True,True,0,safe_histgb_start2_every_sample_lambda10,False,safe_early_stop,375,False,True,False,2,False,False,False
False,16,False,0.0,True,2,True,True,1,safe_histgb_start2_every_sample_lambda10,True,premature_stop_with_missed_recovery,380,False,False,False,2,True,False,False
True,3,False,0.0,False,2,True,True,0,safe_histgb_start2_every_sample_lambda10,False,safe_early_stop,384,False,True,False,2,False,False,False
True,3,False,0.0,False,2,True,True,0,safe_histgb_start2_every_sample_lambda10,False,safe_early_stop,399,False,True,False,2,False,False,False
True,3,False,0.0,False,2,True,True,0,safe_histgb_start2_every_sample_lambda10,False,safe_early_stop,411,False,True,False,2,False,False,False
True,3,False,0.0,False,2,True,True,0,safe_histgb_start2_every_sample_lambda10,False,safe_early_stop,413,False,True,False,2,False,False,False
False,16,True,0.7333333333333333,False,4,True,False,1,safe_histgb_start2_every_sample_lambda10,False,invalid_extraction_driven_uncertainty,419,False,True,False,15,False,False,False
True,3,False,0.0,False,2,True,True,0,safe_histgb_start2_every_sample_lambda10,False,safe_early_stop,433,False,True,False,2,False,False,False
True,3,False,0.0,False,2,True,True,0,safe_histgb_start2_every_sample_lambda10,False,safe_early_stop,434,False,True,False,2,False,False,False
True,5,True,0.6666666666666666,False,2,True,True,0,safe_histgb_start2_every_sample_lambda10,False,invalid_extraction_driven_uncertainty,436,False,True,False,9,False,False,False
True,3,False,0.0,False,2,True,True,0,safe_histgb_start2_every_sample_lambda10,False,safe_early_stop,452,False,True,False,2,False,False,False
True,4,True,0.25,False,2,True,True,0,safe_histgb_start2_every_sample_lambda10,False,invalid_extraction_driven_uncertainty,459,False,True,False,4,False,False,False
True,16,False,0.0,False,4,True,False,3,safe_histgb_start2_every_sample_lambda10,False,regression_avoided,460,True,True,False,8,False,False,True
True,3,False,0.0,False,2,True,True,0,safe_histgb_start2_every_sample_lambda10,False,safe_early_stop,462,False,True,False,2,False,False,False
True,3,False,0.0,False,2,True,True,0,safe_histgb_start2_every_sample_lambda10,False,safe_early_stop,463,False,True,False,2,False,False,False
False,16,False,0.0,False,16,False,False,3,safe_histgb_start2_every_sample_lambda10,False,unnecessary_continuation,466,False,False,False,16,False,True,True
True,3,False,0.0,False,2,True,True,0,safe_histgb_start2_every_sample_lambda10,False,safe_early_stop,471,False,True,False,2,False,False,False
True,3,False,0.0,False,2,True,True,0,safe_histgb_start2_every_sample_lambda10,False,safe_early_stop,472,False,True,False,2,False,False,False
False,16,True,0.875,False,9,True,False,1,safe_histgb_start2_every_sample_lambda10,False,unnecessary_continuation,475,False,False,False,16,False,True,False
True,3,False,0.0,False,2,True,True,0,safe_histgb_start2_every_sample_lambda10,False,safe_early_stop,479,False,True,False,2,False,False,False
True,16,True,0.07142857142857142,False,16,False,True,2,safe_histgb_start2_every_sample_lambda10,False,invalid_extraction_driven_uncertainty,482,False,True,False,14,False,False,True
True,15,True,0.9375,False,14,True,True,1,safe_histgb_start2_every_sample_lambda10,False,unnecessary_continuation,483,False,False,False,16,False,True,False
True,3,False,0.0,False,2,True,True,0,safe_histgb_start2_every_sample_lambda10,False,safe_early_stop,484,False,True,False,3,False,False,False
False,16,True,0.125,False,16,False,False,0,safe_histgb_start2_every_sample_lambda10,False,invalid_extraction_driven_uncertainty,490,False,True,True,8,False,False,False
True,3,False,0.0,False,2,True,True,0,safe_histgb_start2_every_sample_lambda10,False,safe_early_stop,492,False,True,False,2,False,False,False
False,16,True,0.2857142857142857,False,2,True,False,1,safe_histgb_start2_every_sample_lambda10,False,invalid_extraction_driven_uncertainty,494,False,True,False,14,False,False,False
False,16,False,0.0,False,16,False,False,1,safe_histgb_start2_every_sample_lambda10,False,safe_early_stop,497,False,True,False,12,False,False,False
False,2,False,0.0,False,2,False,False,3,safe_histgb_start2_every_sample_lambda10,False,unstable_trajectory,18,False,True,False,11,False,False,True
True,16,False,0.0,False,16,False,True,0,safe_histgb_start2_every_sample_lambda10,False,safe_early_stop,24,False,True,False,11,False,False,False
False,2,True,0.4375,False,2,False,False,1,safe_histgb_start2_every_sample_lambda10,False,unnecessary_continuation,25,False,False,False,16,False,True,False
False,16,False,0.0,False,16,False,False,0,safe_histgb_start2_every_sample_lambda10,False,unnecessary_continuation,26,False,False,True,16,False,True,False
True,2,False,0.0,False,2,False,True,0,safe_histgb_start2_every_sample_lambda10,False,safe_early_stop,27,False,True,False,3,False,False,False
True,2,False,0.0,False,2,False,True,0,safe_histgb_start2_every_sample_lambda10,False,safe_early_stop,35,False,True,False,3,False,False,False
True,4,False,0.0,False,4,False,True,1,safe_histgb_start2_every_sample_lambda10,False,safe_early_stop,36,False,True,False,7,False,False,False
True,2,False,0.0,False,2,False,True,0,safe_histgb_start2_every_sample_lambda10,False,safe_early_stop,37,False,True,False,3,False,False,False
True,2,False,0.0,False,2,False,True,0,safe_histgb_start2_every_sample_lambda10,False,safe_early_stop,44,False,True,False,3,False,False,False
True,2,False,0.0,False,2,False,True,0,safe_histgb_start2_every_sample_lambda10,False,safe_early_stop,53,False,True,False,3,False,False,False
True,2,False,0.0,False,2,False,True,0,safe_histgb_start2_every_sample_lambda10,False,safe_early_stop,54,False,True,False,3,False,False,False
True,2,False,0.0,False,2,False,True,0,safe_histgb_start2_every_sample_lambda10,False,safe_early_stop,56,False,True,False,3,False,False,False
True,2,True,0.4375,False,2,False,True,1,safe_histgb_start2_every_sample_lambda10,False,unnecessary_continuation,64,False,False,False,16,False,True,False
True,2,False,0.0,False,2,False,True,0,safe_histgb_start2_every_sample_lambda10,False,safe_early_stop,65,False,True,False,3,False,False,False
True,2,True,0.2857142857142857,False,2,False,True,0,safe_histgb_start2_every_sample_lambda10,False,invalid_extraction_driven_uncertainty,68,False,True,False,7,False,False,False
True,2,False,0.0,False,2,False,True,0,safe_histgb_start2_every_sample_lambda10,False,safe_early_stop,70,False,True,False,3,False,False,False
True,2,False,0.0,False,2,False,True,0,safe_histgb_start2_every_sample_lambda10,False,safe_early_stop,81,False,True,False,3,False,False,False
True,16,False,0.0,False,16,False,True,3,safe_histgb_start2_every_sample_lambda10,False,unstable_trajectory,82,False,True,False,13,False,False,True
True,2,False,0.0,False,2,False,True,0,safe_histgb_start2_every_sample_lambda10,False,safe_early_stop,95,False,True,False,3,False,False,False
True,2,False,0.0,False,2,False,True,0,safe_histgb_start2_every_sample_lambda10,False,safe_early_stop,98,False,True,False,3,False,False,False
False,2,True,0.8125,False,2,False,False,0,safe_histgb_start2_every_sample_lambda10,False,unnecessary_continuation,101,False,False,True,16,False,True,False
True,4,False,0.0,False,4,False,True,0,safe_histgb_start2_every_sample_lambda10,False,safe_early_stop,108,False,True,False,6,False,False,False
True,2,False,0.0,False,2,False,True,0,safe_histgb_start2_every_sample_lambda10,False,safe_early_stop,116,False,True,False,3,False,False,False
False,4,False,0.0,False,4,False,False,0,safe_histgb_start2_every_sample_lambda10,False,stable_wrong_trajectory,120,False,True,True,5,False,False,False
True,2,False,0.0,False,2,False,True,0,safe_histgb_start2_every_sample_lambda10,False,safe_early_stop,124,False,True,False,3,False,False,False
True,2,False,0.0,False,2,False,True,0,safe_histgb_start2_every_sample_lambda10,False,safe_early_stop,125,False,True,False,3,False,False,False
False,2,True,0.5,False,2,False,False,0,safe_histgb_start2_every_sample_lambda10,False,unnecessary_continuation,126,False,False,True,16,False,True,False
True,2,False,0.0,False,2,False,True,0,safe_histgb_start2_every_sample_lambda10,False,safe_early_stop,130,False,True,False,3,False,False,False
True,2,False,0.0,False,2,False,True,0,safe_histgb_start2_every_sample_lambda10,False,safe_early_stop,131,False,True,False,3,False,False,False
True,2,False,0.0,False,2,False,True,0,safe_histgb_start2_every_sample_lambda10,False,safe_early_stop,134,False,True,False,3,False,False,False
True,2,False,0.0,False,2,False,True,0,safe_histgb_start2_every_sample_lambda10,False,safe_early_stop,137,False,True,False,3,False,False,False
True,2,False,0.0,False,2,False,True,0,safe_histgb_start2_every_sample_lambda10,False,safe_early_stop,140,False,True,False,3,False,False,False
True,2,False,0.0,False,2,False,True,0,safe_histgb_start2_every_sample_lambda10,False,safe_early_stop,144,False,True,False,3,False,False,False
False,16,True,0.125,False,16,False,False,3,safe_histgb_start2_every_sample_lambda10,False,unnecessary_continuation,152,False,False,False,16,False,True,True
True,2,False,0.0,False,2,False,True,0,safe_histgb_start2_every_sample_lambda10,False,safe_early_stop,153,False,True,False,3,False,False,False
True,2,False,0.0,False,2,False,True,0,safe_histgb_start2_every_sample_lambda10,False,safe_early_stop,157,False,True,False,3,False,False,False
True,2,False,0.0,False,2,False,True,0,safe_histgb_start2_every_sample_lambda10,False,safe_early_stop,159,False,True,False,3,False,False,False
True,10,False,0.0,False,10,False,True,1,safe_histgb_start2_every_sample_lambda10,False,safe_early_stop,166,False,True,False,8,False,False,False
False,2,True,0.25,False,2,False,False,0,safe_histgb_start2_every_sample_lambda10,False,invalid_extraction_driven_uncertainty,168,False,True,True,4,False,False,False
True,2,False,0.0,False,2,False,True,0,safe_histgb_start2_every_sample_lambda10,False,safe_early_stop,171,False,True,False,3,False,False,False
False,8,False,0.0,False,8,False,True,2,safe_histgb_start2_every_sample_lambda10,True,premature_stop_with_missed_recovery,180,False,False,False,7,False,False,True
True,2,False,0.0,False,2,False,True,0,safe_histgb_start2_every_sample_lambda10,False,safe_early_stop,182,False,True,False,3,False,False,False
True,2,False,0.0,False,2,False,True,0,safe_histgb_start2_every_sample_lambda10,False,safe_early_stop,192,False,True,False,3,False,False,False
True,2,False,0.0,False,2,False,True,0,safe_histgb_start2_every_sample_lambda10,False,safe_early_stop,194,False,True,False,3,False,False,False
True,4,False,0.0,False,4,False,True,0,safe_histgb_start2_every_sample_lambda10,False,safe_early_stop,197,False,True,False,5,False,False,False
True,2,False,0.0,False,2,False,True,0,safe_histgb_start2_every_sample_lambda10,False,safe_early_stop,201,False,True,False,3,False,False,False
True,2,False,0.0,False,2,False,True,0,safe_histgb_start2_every_sample_lambda10,False,safe_early_stop,206,False,True,False,3,False,False,False
True,2,False,0.0,False,2,False,True,0,safe_histgb_start2_every_sample_lambda10,False,safe_early_stop,207,False,True,False,3,False,False,False
True,2,False,0.0,False,2,False,True,0,safe_histgb_start2_every_sample_lambda10,False,safe_early_stop,229,False,True,False,3,False,False,False
True,2,False,0.0,False,2,False,True,0,safe_histgb_start2_every_sample_lambda10,False,safe_early_stop,237,False,True,False,3,False,False,False
True,2,False,0.0,False,2,False,True,0,safe_histgb_start2_every_sample_lambda10,False,safe_early_stop,241,False,True,False,3,False,False,False
False,6,False,0.0,False,6,False,False,1,safe_histgb_start2_every_sample_lambda10,False,safe_early_stop,242,False,True,False,6,False,False,False
False,2,True,0.1875,False,2,False,False,1,safe_histgb_start2_every_sample_lambda10,False,unnecessary_continuation,249,False,False,False,16,False,True,False
True,2,False,0.0,False,2,False,True,0,safe_histgb_start2_every_sample_lambda10,False,safe_early_stop,263,False,True,False,3,False,False,False
True,2,False,0.0,False,2,False,True,0,safe_histgb_start2_every_sample_lambda10,False,safe_early_stop,268,False,True,False,3,False,False,False
True,2,False,0.0,False,2,False,True,0,safe_histgb_start2_every_sample_lambda10,False,safe_early_stop,270,False,True,False,3,False,False,False
True,2,False,0.0,False,2,False,True,0,safe_histgb_start2_every_sample_lambda10,False,safe_early_stop,271,False,True,False,3,False,False,False
True,2,False,0.0,False,2,False,True,2,safe_histgb_start2_every_sample_lambda10,False,unstable_trajectory,272,False,True,False,3,False,False,True
False,16,False,0.0,False,16,False,False,1,safe_histgb_start2_every_sample_lambda10,False,safe_early_stop,274,False,True,False,11,False,False,False
True,2,False,0.0,False,2,False,True,0,safe_histgb_start2_every_sample_lambda10,False,safe_early_stop,275,False,True,False,3,False,False,False
True,2,False,0.0,False,2,False,True,0,safe_histgb_start2_every_sample_lambda10,False,safe_early_stop,276,False,True,False,9,False,False,False
True,16,False,0.0,False,16,False,True,3,safe_histgb_start2_every_sample_lambda10,False,unstable_trajectory,281,False,True,False,10,False,False,True
False,2,False,0.0,False,2,False,False,0,safe_histgb_start2_every_sample_lambda10,False,stable_wrong_trajectory,282,False,True,True,3,False,False,False
True,2,False,0.0,False,2,False,True,0,safe_histgb_start2_every_sample_lambda10,False,safe_early_stop,283,False,True,False,3,False,False,False
False,2,True,0.375,False,2,False,False,0,safe_histgb_start2_every_sample_lambda10,False,unnecessary_continuation,286,False,False,True,16,False,True,False
False,2,True,0.5625,False,2,False,False,0,safe_histgb_start2_every_sample_lambda10,False,unnecessary_continuation,288,False,False,True,16,False,True,False
False,2,True,0.25,False,2,False,False,0,safe_histgb_start2_every_sample_lambda10,False,invalid_extraction_driven_uncertainty,296,False,True,True,4,False,False,False
True,2,False,0.0,False,2,False,True,0,safe_histgb_start2_every_sample_lambda10,False,safe_early_stop,312,False,True,False,3,False,False,False
True,2,False,0.0,False,2,False,True,0,safe_histgb_start2_every_sample_lambda10,False,safe_early_stop,313,False,True,False,3,False,False,False
True,2,False,0.0,False,2,False,True,0,safe_histgb_start2_every_sample_lambda10,False,safe_early_stop,320,False,True,False,5,False,False,False
True,16,True,0.0625,False,16,False,True,6,safe_histgb_start2_every_sample_lambda10,False,unnecessary_continuation,332,False,False,False,16,False,True,True
False,16,True,1.0,False,16,False,False,0,safe_histgb_start2_every_sample_lambda10,False,unnecessary_continuation,340,False,False,True,16,False,True,False
True,2,False,0.0,False,2,False,True,0,safe_histgb_start2_every_sample_lambda10,False,safe_early_stop,342,False,True,False,3,False,False,False
True,2,False,0.0,False,2,False,True,0,safe_histgb_start2_every_sample_lambda10,False,safe_early_stop,343,False,True,False,3,False,False,False
True,2,False,0.0,False,2,False,True,0,safe_histgb_start2_every_sample_lambda10,False,safe_early_stop,346,False,True,False,3,False,False,False
False,2,False,0.0,False,2,False,False,0,safe_histgb_start2_every_sample_lambda10,False,stable_wrong_trajectory,351,False,True,True,3,False,False,False
True,2,True,0.16666666666666666,False,2,False,True,0,safe_histgb_start2_every_sample_lambda10,False,invalid_extraction_driven_uncertainty,359,False,True,False,6,False,False,False
True,2,False,0.0,False,2,False,True,0,safe_histgb_start2_every_sample_lambda10,False,safe_early_stop,362,False,True,False,3,False,False,False
False,16,True,0.125,False,16,False,False,0,safe_histgb_start2_every_sample_lambda10,False,unnecessary_continuation,381,False,False,True,16,False,True,False
True,2,False,0.0,False,2,False,True,0,safe_histgb_start2_every_sample_lambda10,False,safe_early_stop,386,False,True,False,3,False,False,False
True,2,False,0.0,False,2,False,True,0,safe_histgb_start2_every_sample_lambda10,False,safe_early_stop,387,False,True,False,3,False,False,False
True,16,False,0.0,False,16,False,True,3,safe_histgb_start2_every_sample_lambda10,False,unstable_trajectory,388,False,True,False,13,False,False,True
False,16,False,0.0,False,16,False,False,1,safe_histgb_start2_every_sample_lambda10,False,safe_early_stop,398,False,True,False,9,False,False,False
True,16,False,0.0,False,16,False,True,6,safe_histgb_start2_every_sample_lambda10,False,unstable_trajectory,400,False,True,False,13,False,False,True
False,6,True,0.6923076923076923,False,6,False,False,1,safe_histgb_start2_every_sample_lambda10,False,invalid_extraction_driven_uncertainty,401,False,True,False,13,False,False,False
False,2,False,0.0,False,2,False,False,0,safe_histgb_start2_every_sample_lambda10,False,stable_wrong_trajectory,403,False,True,True,3,False,False,False
True,2,False,0.0,False,2,False,True,0,safe_histgb_start2_every_sample_lambda10,False,safe_early_stop,406,False,True,False,3,False,False,False
False,7,True,0.9375,False,7,False,False,1,safe_histgb_start2_every_sample_lambda10,False,unnecessary_continuation,422,False,False,False,16,False,True,False
True,2,False,0.0,False,2,False,True,0,safe_histgb_start2_every_sample_lambda10,False,safe_early_stop,427,False,True,False,3,False,False,False
True,2,False,0.0,False,2,False,True,0,safe_histgb_start2_every_sample_lambda10,False,safe_early_stop,429,False,True,False,5,False,False,False
True,2,False,0.0,False,2,False,True,0,safe_histgb_start2_every_sample_lambda10,False,safe_early_stop,430,False,True,False,3,False,False,False
True,2,False,0.0,False,2,False,True,0,safe_histgb_start2_every_sample_lambda10,False,safe_early_stop,441,False,True,False,3,False,False,False
True,2,False,0.0,False,2,False,True,0,safe_histgb_start2_every_sample_lambda10,False,safe_early_stop,446,False,True,False,3,False,False,False
True,2,False,0.0,False,2,False,True,0,safe_histgb_start2_every_sample_lambda10,False,safe_early_stop,448,False,True,False,3,False,False,False
True,2,False,0.0,False,2,False,True,0,safe_histgb_start2_every_sample_lambda10,False,safe_early_stop,449,False,True,False,3,False,False,False
True,2,False,0.0,False,2,False,True,0,safe_histgb_start2_every_sample_lambda10,False,safe_early_stop,457,False,True,False,3,False,False,False
True,2,False,0.0,False,2,False,True,0,safe_histgb_start2_every_sample_lambda10,False,safe_early_stop,465,False,True,False,3,False,False,False
False,4,False,0.0,False,4,False,True,3,safe_histgb_start2_every_sample_lambda10,True,premature_stop_with_missed_recovery,473,False,False,False,5,False,False,True
True,2,False,0.0,False,2,False,True,0,safe_histgb_start2_every_sample_lambda10,False,safe_early_stop,487,False,True,False,3,False,False,False
False,16,False,0.0,False,16,False,False,2,safe_histgb_start2_every_sample_lambda10,False,unnecessary_continuation,491,False,False,False,16,False,True,True
True,2,False,0.0,False,2,False,True,0,safe_histgb_start2_every_sample_lambda10,False,safe_early_stop,0,False,True,False,2,False,False,False
True,2,False,0.0,False,2,False,True,0,safe_histgb_start2_every_sample_lambda10,False,safe_early_stop,1,False,True,False,2,False,False,False
True,2,False,0.0,False,2,False,True,0,safe_histgb_start2_every_sample_lambda10,False,safe_early_stop,3,False,True,False,2,False,False,False
True,2,False,0.0,False,2,False,True,0,safe_histgb_start2_every_sample_lambda10,False,safe_early_stop,12,False,True,False,2,False,False,False
False,4,False,0.0,False,4,False,False,0,safe_histgb_start2_every_sample_lambda10,False,stable_wrong_trajectory,14,False,True,True,5,False,False,False
True,2,False,0.0,False,2,False,True,0,safe_histgb_start2_every_sample_lambda10,False,safe_early_stop,15,False,True,False,2,False,False,False
False,4,False,0.0,False,4,False,False,6,safe_histgb_start2_every_sample_lambda10,False,unstable_trajectory,17,False,True,False,11,False,False,True
True,2,False,0.0,False,2,False,True,0,safe_histgb_start2_every_sample_lambda10,False,safe_early_stop,30,False,True,False,2,False,False,False
True,2,False,0.0,False,2,False,True,0,safe_histgb_start2_every_sample_lambda10,False,safe_early_stop,31,False,True,False,2,False,False,False
True,2,False,0.0,False,2,False,True,0,safe_histgb_start2_every_sample_lambda10,False,safe_early_stop,51,False,True,False,2,False,False,False
True,2,False,0.0,False,2,False,True,0,safe_histgb_start2_every_sample_lambda10,False,safe_early_stop,52,False,True,False,2,False,False,False
True,2,False,0.0,False,2,False,True,0,safe_histgb_start2_every_sample_lambda10,False,safe_early_stop,59,False,True,False,2,False,False,False
False,4,True,0.5625,False,4,False,False,2,safe_histgb_start2_every_sample_lambda10,False,unnecessary_continuation,60,False,False,False,16,False,True,True
True,2,False,0.0,False,2,False,True,0,safe_histgb_start2_every_sample_lambda10,False,safe_early_stop,61,False,True,False,2,False,False,False
True,2,False,0.0,False,2,False,True,0,safe_histgb_start2_every_sample_lambda10,False,safe_early_stop,66,False,True,False,2,False,False,False
True,2,False,0.0,False,2,False,True,0,safe_histgb_start2_every_sample_lambda10,False,safe_early_stop,69,False,True,False,2,False,False,False
True,16,False,0.0,False,16,False,True,1,safe_histgb_start2_every_sample_lambda10,False,safe_early_stop,71,False,True,False,7,False,False,False
True,2,False,0.0,False,2,False,True,0,safe_histgb_start2_every_sample_lambda10,False,safe_early_stop,91,False,True,False,2,False,False,False
False,2,True,0.3333333333333333,False,2,False,False,0,safe_histgb_start2_every_sample_lambda10,False,invalid_extraction_driven_uncertainty,94,False,True,True,3,False,False,False
False,2,True,0.7272727272727273,False,2,False,False,1,safe_histgb_start2_every_sample_lambda10,False,invalid_extraction_driven_uncertainty,96,False,True,False,11,False,False,False
True,2,False,0.0,False,2,False,True,0,safe_histgb_start2_every_sample_lambda10,False,safe_early_stop,97,False,True,False,2,False,False,False
False,16,True,0.15384615384615385,False,16,False,False,1,safe_histgb_start2_every_sample_lambda10,False,invalid_extraction_driven_uncertainty,100,False,True,False,13,False,False,False
True,2,False,0.0,False,2,False,True,0,safe_histgb_start2_every_sample_lambda10,False,safe_early_stop,111,False,True,False,2,False,False,False
False,2,True,0.3,False,2,False,False,1,safe_histgb_start2_every_sample_lambda10,False,invalid_extraction_driven_uncertainty,123,False,True,False,10,False,False,False
True,16,False,0.0,False,16,False,True,3,safe_histgb_start2_every_sample_lambda10,False,unstable_trajectory,129,False,True,False,8,False,False,True
True,2,False,0.0,False,2,False,True,0,safe_histgb_start2_every_sample_lambda10,False,safe_early_stop,133,False,True,False,2,False,False,False
True,2,False,0.0,False,2,False,True,0,safe_histgb_start2_every_sample_lambda10,False,safe_early_stop,135,False,True,False,2,False,False,False
True,4,False,0.0,False,4,False,True,4,safe_histgb_start2_every_sample_lambda10,False,unstable_trajectory,142,False,True,False,4,False,False,True
True,16,False,0.0,False,16,False,True,2,safe_histgb_start2_every_sample_lambda10,False,unstable_trajectory,145,False,True,False,11,False,False,True
True,2,False,0.0,False,2,False,True,0,safe_histgb_start2_every_sample_lambda10,False,safe_early_stop,151,False,True,False,2,False,False,False
False,16,False,0.0,False,16,False,False,2,safe_histgb_start2_every_sample_lambda10,False,unstable_trajectory,154,False,True,False,9,False,False,True
True,2,False,0.0,False,2,False,True,0,safe_histgb_start2_every_sample_lambda10,False,safe_early_stop,161,False,True,False,2,False,False,False
True,2,False,0.0,False,2,False,True,0,safe_histgb_start2_every_sample_lambda10,False,safe_early_stop,163,False,True,False,2,False,False,False
True,2,False,0.0,False,2,False,True,0,safe_histgb_start2_every_sample_lambda10,False,safe_early_stop,165,False,True,False,2,False,False,False
True,2,False,0.0,False,2,False,True,0,safe_histgb_start2_every_sample_lambda10,False,safe_early_stop,178,False,True,False,2,False,False,False
True,2,False,0.0,False,2,False,True,0,safe_histgb_start2_every_sample_lambda10,False,safe_early_stop,188,False,True,False,2,False,False,False
True,4,False,0.0,False,4,False,False,3,safe_histgb_start2_every_sample_lambda10,False,regression_avoided,190,True,True,False,4,False,False,True
True,2,False,0.0,False,2,False,True,0,safe_histgb_start2_every_sample_lambda10,False,safe_early_stop,191,False,True,False,2,False,False,False
True,2,False,0.0,False,2,False,True,0,safe_histgb_start2_every_sample_lambda10,False,safe_early_stop,196,False,True,False,2,False,False,False
True,2,False,0.0,False,2,False,True,0,safe_histgb_start2_every_sample_lambda10,False,safe_early_stop,200,False,True,False,2,False,False,False
True,2,False,0.0,False,2,False,True,0,safe_histgb_start2_every_sample_lambda10,False,safe_early_stop,208,False,True,False,2,False,False,False
False,2,True,0.3333333333333333,False,2,False,False,0,safe_histgb_start2_every_sample_lambda10,False,invalid_extraction_driven_uncertainty,213,False,True,True,3,False,False,False
False,16,True,0.08333333333333333,False,16,False,False,3,safe_histgb_start2_every_sample_lambda10,False,invalid_extraction_driven_uncertainty,214,False,True,False,12,False,False,True
True,2,False,0.0,False,2,False,True,0,safe_histgb_start2_every_sample_lambda10,False,safe_early_stop,216,False,True,False,2,False,False,False
True,16,False,0.0,False,16,False,True,0,safe_histgb_start2_every_sample_lambda10,False,safe_early_stop,219,False,True,False,14,False,False,False
False,2,True,0.3333333333333333,False,2,False,False,0,safe_histgb_start2_every_sample_lambda10,False,invalid_extraction_driven_uncertainty,224,False,True,True,3,False,False,False
True,2,False,0.0,False,2,False,True,0,safe_histgb_start2_every_sample_lambda10,False,safe_early_stop,226,False,True,False,2,False,False,False
True,2,False,0.0,False,2,False,True,0,safe_histgb_start2_every_sample_lambda10,False,safe_early_stop,233,False,True,False,2,False,False,False
False,14,False,0.0,False,14,False,False,1,safe_histgb_start2_every_sample_lambda10,False,safe_early_stop,240,False,True,False,9,False,False,False
True,2,False,0.0,False,2,False,True,0,safe_histgb_start2_every_sample_lambda10,False,safe_early_stop,244,False,True,False,2,False,False,False
False,16,True,0.125,False,16,False,False,1,safe_histgb_start2_every_sample_lambda10,False,unnecessary_continuation,245,False,False,False,16,False,True,False
True,2,False,0.0,False,2,False,True,0,safe_histgb_start2_every_sample_lambda10,False,safe_early_stop,247,False,True,False,2,False,False,False
True,2,False,0.0,False,2,False,True,0,safe_histgb_start2_every_sample_lambda10,False,safe_early_stop,250,False,True,False,2,False,False,False
True,2,False,0.0,False,2,False,True,0,safe_histgb_start2_every_sample_lambda10,False,safe_early_stop,252,False,True,False,2,False,False,False
True,2,False,0.0,False,2,False,True,0,safe_histgb_start2_every_sample_lambda10,False,safe_early_stop,258,False,True,False,2,False,False,False
True,2,False,0.0,False,2,False,True,0,safe_histgb_start2_every_sample_lambda10,False,safe_early_stop,262,False,True,False,2,False,False,False
False,2,False,0.0,False,2,False,True,5,safe_histgb_start2_every_sample_lambda10,True,premature_stop_with_missed_recovery,266,False,False,False,2,False,False,True
True,2,False,0.0,False,2,False,True,0,safe_histgb_start2_every_sample_lambda10,False,safe_early_stop,278,False,True,False,2,False,False,False
False,2,False,0.0,False,2,False,True,1,safe_histgb_start2_every_sample_lambda10,True,premature_stop_with_missed_recovery,279,False,False,False,2,False,False,False
False,4,False,0.0,False,4,False,False,0,safe_histgb_start2_every_sample_lambda10,False,stable_wrong_trajectory,295,False,True,True,7,False,False,False
True,2,True,0.25,False,2,False,True,3,safe_histgb_start2_every_sample_lambda10,False,invalid_extraction_driven_uncertainty,298,False,True,False,8,False,False,True
False,16,True,0.08333333333333333,False,16,False,False,1,safe_histgb_start2_every_sample_lambda10,False,invalid_extraction_driven_uncertainty,306,False,True,False,12,False,False,False
True,2,False,0.0,False,2,False,True,0,safe_histgb_start2_every_sample_lambda10,False,safe_early_stop,310,False,True,False,2,False,False,False
True,2,False,0.0,False,2,False,True,0,safe_histgb_start2_every_sample_lambda10,False,safe_early_stop,316,False,True,False,2,False,False,False
True,2,False,0.0,False,2,False,True,0,safe_histgb_start2_every_sample_lambda10,False,safe_early_stop,323,False,True,False,2,False,False,False
True,16,False,0.0,False,16,False,True,1,safe_histgb_start2_every_sample_lambda10,False,safe_early_stop,324,False,True,False,7,False,False,False
True,2,False,0.0,False,2,False,True,0,safe_histgb_start2_every_sample_lambda10,False,safe_early_stop,325,False,True,False,2,False,False,False
True,2,False,0.0,False,2,False,True,0,safe_histgb_start2_every_sample_lambda10,False,safe_early_stop,330,False,True,False,2,False,False,False
True,2,False,0.0,False,2,False,True,0,safe_histgb_start2_every_sample_lambda10,False,safe_early_stop,338,False,True,False,2,False,False,False
False,2,False,0.0,False,2,False,False,0,safe_histgb_start2_every_sample_lambda10,False,stable_wrong_trajectory,349,False,True,True,2,False,False,False
True,2,False,0.0,False,2,False,True,0,safe_histgb_start2_every_sample_lambda10,False,safe_early_stop,350,False,True,False,2,False,False,False
True,2,False,0.0,False,2,False,True,0,safe_histgb_start2_every_sample_lambda10,False,safe_early_stop,353,False,True,False,2,False,False,False
False,16,False,0.0,False,16,False,False,2,safe_histgb_start2_every_sample_lambda10,False,unstable_trajectory,358,False,True,False,10,False,False,True
True,2,False,0.0,False,2,False,True,0,safe_histgb_start2_every_sample_lambda10,False,safe_early_stop,364,False,True,False,2,False,False,False
False,2,False,0.0,False,2,False,False,0,safe_histgb_start2_every_sample_lambda10,False,stable_wrong_trajectory,365,False,True,True,2,False,False,False
True,2,False,0.0,False,2,False,True,0,safe_histgb_start2_every_sample_lambda10,False,safe_early_stop,366,False,True,False,2,False,False,False
True,2,False,0.0,False,2,False,True,0,safe_histgb_start2_every_sample_lambda10,False,safe_early_stop,374,False,True,False,2,False,False,False
True,4,False,0.0,False,4,False,True,0,safe_histgb_start2_every_sample_lambda10,False,safe_early_stop,382,False,True,False,6,False,False,False
True,16,False,0.0,False,16,False,True,1,safe_histgb_start2_every_sample_lambda10,False,safe_early_stop,389,False,True,False,11,False,False,False
True,2,False,0.0,False,2,False,True,0,safe_histgb_start2_every_sample_lambda10,False,safe_early_stop,396,False,True,False,2,False,False,False
True,2,False,0.0,False,2,False,True,0,safe_histgb_start2_every_sample_lambda10,False,safe_early_stop,405,False,True,False,2,False,False,False
True,2,False,0.0,False,2,False,True,0,safe_histgb_start2_every_sample_lambda10,False,safe_early_stop,409,False,True,False,2,False,False,False
True,2,False,0.0,False,2,False,True,0,safe_histgb_start2_every_sample_lambda10,False,safe_early_stop,414,False,True,False,2,False,False,False
False,2,False,0.0,False,2,False,False,0,safe_histgb_start2_every_sample_lambda10,False,stable_wrong_trajectory,420,False,True,True,2,False,False,False
True,2,False,0.0,False,2,False,False,5,safe_histgb_start2_every_sample_lambda10,False,regression_avoided,423,True,True,False,2,False,False,True
True,2,False,0.0,False,2,False,True,0,safe_histgb_start2_every_sample_lambda10,False,safe_early_stop,424,False,True,False,2,False,False,False
True,2,False,0.0,False,2,False,True,0,safe_histgb_start2_every_sample_lambda10,False,safe_early_stop,437,False,True,False,2,False,False,False
True,2,False,0.0,False,2,False,True,0,safe_histgb_start2_every_sample_lambda10,False,safe_early_stop,443,False,True,False,2,False,False,False
True,2,False,0.0,False,2,False,True,0,safe_histgb_start2_every_sample_lambda10,False,safe_early_stop,450,False,True,False,2,False,False,False
True,2,False,0.0,False,2,False,True,0,safe_histgb_start2_every_sample_lambda10,False,safe_early_stop,455,False,True,False,2,False,False,False
True,2,False,0.0,False,2,False,True,0,safe_histgb_start2_every_sample_lambda10,False,safe_early_stop,469,False,True,False,2,False,False,False
False,4,True,0.7272727272727273,False,4,False,True,2,safe_histgb_start2_every_sample_lambda10,True,premature_stop_with_missed_recovery,470,False,False,False,11,False,False,True
True,2,False,0.0,False,2,False,True,0,safe_histgb_start2_every_sample_lambda10,False,safe_early_stop,474,False,True,False,2,False,False,False
True,2,False,0.0,False,2,False,True,0,safe_histgb_start2_every_sample_lambda10,False,safe_early_stop,476,False,True,False,2,False,False,False
True,2,False,0.0,False,2,False,True,0,safe_histgb_start2_every_sample_lambda10,False,safe_early_stop,480,False,True,False,2,False,False,False
False,16,True,0.2857142857142857,False,16,False,False,1,safe_histgb_start2_every_sample_lambda10,False,invalid_extraction_driven_uncertainty,481,False,True,False,7,False,False,False
False,2,True,0.3333333333333333,False,2,False,True,1,safe_histgb_start2_every_sample_lambda10,True,premature_stop_with_missed_recovery,485,False,False,False,3,False,False,False
True,4,False,0.0,False,4,False,True,0,safe_histgb_start2_every_sample_lambda10,False,safe_early_stop,486,False,True,False,5,False,False,False
True,2,False,0.0,False,2,False,True,0,safe_histgb_start2_every_sample_lambda10,False,safe_early_stop,488,False,True,False,2,False,False,False
False,2,True,0.3333333333333333,False,2,False,False,0,safe_histgb_start2_every_sample_lambda10,False,invalid_extraction_driven_uncertainty,498,False,True,True,3,False,False,False
True,2,False,0.0,False,2,False,True,0,hybrid_logistic_start2_every_sample_lambda10,False,safe_early_stop,4,False,True,False,2,False,False,False
True,2,False,0.0,False,2,False,True,0,hybrid_logistic_start2_every_sample_lambda10,False,safe_early_stop,8,False,True,False,2,False,False,False
False,16,True,0.125,False,16,False,False,4,hybrid_logistic_start2_every_sample_lambda10,False,unnecessary_continuation,9,False,False,False,16,False,True,True
False,16,True,0.375,False,2,True,False,0,hybrid_logistic_start2_every_sample_lambda10,False,unnecessary_continuation,11,False,False,True,16,False,True,False
True,2,False,0.0,False,2,False,True,0,hybrid_logistic_start2_every_sample_lambda10,False,safe_early_stop,16,False,True,False,2,False,False,False
True,16,True,0.125,False,16,False,True,1,hybrid_logistic_start2_every_sample_lambda10,False,unnecessary_continuation,21,False,False,False,16,False,True,False
True,2,False,0.0,False,2,False,True,0,hybrid_logistic_start2_every_sample_lambda10,False,safe_early_stop,28,False,True,False,2,False,False,False
False,16,False,0.0,False,16,False,False,2,hybrid_logistic_start2_every_sample_lambda10,False,unnecessary_continuation,33,False,False,False,16,False,True,True
True,2,False,0.0,False,2,False,True,0,hybrid_logistic_start2_every_sample_lambda10,False,safe_early_stop,42,False,True,False,2,False,False,False
True,2,False,0.0,False,2,False,True,0,hybrid_logistic_start2_every_sample_lambda10,False,safe_early_stop,45,False,True,False,2,False,False,False
True,2,False,0.0,False,2,False,True,0,hybrid_logistic_start2_every_sample_lambda10,False,safe_early_stop,48,False,True,False,2,False,False,False
False,16,False,0.0,False,16,False,False,6,hybrid_logistic_start2_every_sample_lambda10,False,unnecessary_continuation,62,False,False,False,16,False,True,True
False,4,False,0.0,False,4,False,False,1,hybrid_logistic_start2_every_sample_lambda10,False,safe_early_stop,63,False,True,False,4,False,False,False
True,4,False,0.0,False,4,False,True,0,hybrid_logistic_start2_every_sample_lambda10,False,safe_early_stop,67,False,True,False,4,False,False,False
True,2,False,0.0,False,2,False,True,0,hybrid_logistic_start2_every_sample_lambda10,False,safe_early_stop,72,False,True,False,2,False,False,False
True,2,False,0.0,False,2,False,True,0,hybrid_logistic_start2_every_sample_lambda10,False,safe_early_stop,74,False,True,False,2,False,False,False
True,2,False,0.0,False,2,False,True,0,hybrid_logistic_start2_every_sample_lambda10,False,safe_early_stop,76,False,True,False,2,False,False,False
False,2,False,0.0,False,2,False,False,0,hybrid_logistic_start2_every_sample_lambda10,False,stable_wrong_trajectory,80,False,True,True,2,False,False,False
True,2,False,0.0,False,2,False,True,0,hybrid_logistic_start2_every_sample_lambda10,False,safe_early_stop,88,False,True,False,2,False,False,False
False,2,False,0.0,False,2,False,False,0,hybrid_logistic_start2_every_sample_lambda10,False,stable_wrong_trajectory,90,False,True,True,2,False,False,False
True,2,False,0.0,False,2,False,True,0,hybrid_logistic_start2_every_sample_lambda10,False,safe_early_stop,102,False,True,False,2,False,False,False
False,3,True,0.6666666666666666,False,2,True,False,1,hybrid_logistic_start2_every_sample_lambda10,False,invalid_extraction_driven_uncertainty,103,False,True,False,3,False,False,False
True,4,False,0.0,False,4,False,True,0,hybrid_logistic_start2_every_sample_lambda10,False,safe_early_stop,107,False,True,False,4,False,False,False
False,6,True,0.8333333333333334,False,5,True,False,1,hybrid_logistic_start2_every_sample_lambda10,False,invalid_extraction_driven_uncertainty,109,False,True,False,6,False,False,False
True,2,False,0.0,False,2,False,True,0,hybrid_logistic_start2_every_sample_lambda10,False,safe_early_stop,117,False,True,False,2,False,False,False
True,3,True,0.3333333333333333,False,2,True,True,0,hybrid_logistic_start2_every_sample_lambda10,False,invalid_extraction_driven_uncertainty,118,False,True,False,3,False,False,False
True,2,False,0.0,False,2,False,True,0,hybrid_logistic_start2_every_sample_lambda10,False,safe_early_stop,128,False,True,False,2,False,False,False
True,2,False,0.0,False,2,False,True,0,hybrid_logistic_start2_every_sample_lambda10,False,safe_early_stop,141,False,True,False,2,False,False,False
True,2,False,0.0,False,2,False,True,0,hybrid_logistic_start2_every_sample_lambda10,False,safe_early_stop,143,False,True,False,2,False,False,False
True,2,False,0.0,False,2,False,True,0,hybrid_logistic_start2_every_sample_lambda10,False,safe_early_stop,148,False,True,False,2,False,False,False
True,2,False,0.0,False,2,False,True,0,hybrid_logistic_start2_every_sample_lambda10,False,safe_early_stop,149,False,True,False,2,False,False,False
False,4,True,0.75,False,3,True,False,1,hybrid_logistic_start2_every_sample_lambda10,False,invalid_extraction_driven_uncertainty,150,False,True,False,4,False,False,False
True,2,False,0.0,False,2,False,True,0,hybrid_logistic_start2_every_sample_lambda10,False,safe_early_stop,167,False,True,False,2,False,False,False
True,2,False,0.0,False,2,False,True,0,hybrid_logistic_start2_every_sample_lambda10,False,safe_early_stop,173,False,True,False,2,False,False,False
False,2,False,0.0,False,2,False,False,0,hybrid_logistic_start2_every_sample_lambda10,False,stable_wrong_trajectory,177,False,True,True,2,False,False,False
True,2,True,0.5,False,2,False,True,0,hybrid_logistic_start2_every_sample_lambda10,False,invalid_extraction_driven_uncertainty,179,False,True,False,2,False,False,False
True,2,False,0.0,False,2,False,True,0,hybrid_logistic_start2_every_sample_lambda10,False,safe_early_stop,181,False,True,False,2,False,False,False
True,2,False,0.0,False,2,False,True,0,hybrid_logistic_start2_every_sample_lambda10,False,safe_early_stop,195,False,True,False,2,False,False,False
True,2,False,0.0,False,2,False,True,0,hybrid_logistic_start2_every_sample_lambda10,False,safe_early_stop,209,False,True,False,2,False,False,False
True,2,False,0.0,False,2,False,True,0,hybrid_logistic_start2_every_sample_lambda10,False,safe_early_stop,211,False,True,False,2,False,False,False
True,2,False,0.0,False,2,False,True,0,hybrid_logistic_start2_every_sample_lambda10,False,safe_early_stop,221,False,True,False,2,False,False,False
False,4,False,0.0,False,4,False,False,1,hybrid_logistic_start2_every_sample_lambda10,False,safe_early_stop,222,False,True,False,4,False,False,False
True,2,False,0.0,False,2,False,True,0,hybrid_logistic_start2_every_sample_lambda10,False,safe_early_stop,225,False,True,False,2,False,False,False
True,2,False,0.0,False,2,False,True,0,hybrid_logistic_start2_every_sample_lambda10,False,safe_early_stop,227,False,True,False,2,False,False,False
True,14,True,0.5714285714285714,False,14,False,True,1,hybrid_logistic_start2_every_sample_lambda10,False,invalid_extraction_driven_uncertainty,228,False,True,False,14,False,False,False
False,16,True,0.25,False,16,False,False,5,hybrid_logistic_start2_every_sample_lambda10,False,invalid_extraction_driven_uncertainty,236,False,False,False,16,False,False,True
True,2,False,0.0,False,2,False,True,0,hybrid_logistic_start2_every_sample_lambda10,False,safe_early_stop,251,False,True,False,2,False,False,False
True,2,False,0.0,False,2,False,True,0,hybrid_logistic_start2_every_sample_lambda10,False,safe_early_stop,253,False,True,False,2,False,False,False
True,2,False,0.0,False,2,False,True,0,hybrid_logistic_start2_every_sample_lambda10,False,safe_early_stop,254,False,True,False,2,False,False,False
True,2,False,0.0,False,2,False,True,0,hybrid_logistic_start2_every_sample_lambda10,False,safe_early_stop,257,False,True,False,2,False,False,False
True,2,False,0.0,False,2,False,True,0,hybrid_logistic_start2_every_sample_lambda10,False,safe_early_stop,260,False,True,False,2,False,False,False
True,2,False,0.0,False,2,False,True,0,hybrid_logistic_start2_every_sample_lambda10,False,safe_early_stop,261,False,True,False,2,False,False,False
False,2,False,0.0,False,2,False,False,0,hybrid_logistic_start2_every_sample_lambda10,False,stable_wrong_trajectory,264,False,True,True,2,False,False,False
True,2,False,0.0,False,2,False,True,0,hybrid_logistic_start2_every_sample_lambda10,False,safe_early_stop,273,False,True,False,2,False,False,False
True,2,False,0.0,False,2,False,False,3,hybrid_logistic_start2_every_sample_lambda10,False,regression_avoided,284,True,True,False,2,False,False,True
False,4,True,0.75,False,3,True,False,1,hybrid_logistic_start2_every_sample_lambda10,False,invalid_extraction_driven_uncertainty,285,False,True,False,4,False,False,False
True,11,True,0.45454545454545453,False,11,False,True,0,hybrid_logistic_start2_every_sample_lambda10,False,invalid_extraction_driven_uncertainty,290,False,True,False,11,False,False,False
True,16,False,0.0,False,16,False,True,2,hybrid_logistic_start2_every_sample_lambda10,False,unnecessary_continuation,291,False,False,False,16,False,True,True
True,2,False,0.0,False,2,False,True,0,hybrid_logistic_start2_every_sample_lambda10,False,safe_early_stop,293,False,True,False,2,False,False,False
True,2,False,0.0,False,2,False,True,0,hybrid_logistic_start2_every_sample_lambda10,False,safe_early_stop,299,False,True,False,2,False,False,False
False,2,False,0.0,False,2,False,False,0,hybrid_logistic_start2_every_sample_lambda10,False,stable_wrong_trajectory,303,False,True,True,2,False,False,False
True,2,False,0.0,False,2,False,True,0,hybrid_logistic_start2_every_sample_lambda10,False,safe_early_stop,315,False,True,False,2,False,False,False
True,4,True,0.75,False,3,True,True,1,hybrid_logistic_start2_every_sample_lambda10,False,invalid_extraction_driven_uncertainty,326,False,True,False,4,False,False,False
True,4,False,0.0,False,4,False,True,0,hybrid_logistic_start2_every_sample_lambda10,False,safe_early_stop,328,False,True,False,4,False,False,False
True,2,False,0.0,False,2,False,True,0,hybrid_logistic_start2_every_sample_lambda10,False,safe_early_stop,331,False,True,False,2,False,False,False
True,2,False,0.0,False,2,False,True,0,hybrid_logistic_start2_every_sample_lambda10,False,safe_early_stop,335,False,True,False,2,False,False,False
True,2,False,0.0,False,2,False,True,0,hybrid_logistic_start2_every_sample_lambda10,False,safe_early_stop,337,False,True,False,2,False,False,False
True,4,False,0.0,False,4,False,True,0,hybrid_logistic_start2_every_sample_lambda10,False,safe_early_stop,339,False,True,False,4,False,False,False
True,2,False,0.0,False,2,False,True,0,hybrid_logistic_start2_every_sample_lambda10,False,safe_early_stop,348,False,True,False,2,False,False,False
True,2,False,0.0,False,2,False,True,0,hybrid_logistic_start2_every_sample_lambda10,False,safe_early_stop,367,False,True,False,2,False,False,False
False,2,False,0.0,False,2,False,False,1,hybrid_logistic_start2_every_sample_lambda10,False,safe_early_stop,369,False,True,False,2,False,False,False
True,16,True,0.1875,False,16,False,True,5,hybrid_logistic_start2_every_sample_lambda10,False,unnecessary_continuation,371,False,False,False,16,False,True,True
True,2,False,0.0,False,2,False,True,0,hybrid_logistic_start2_every_sample_lambda10,False,safe_early_stop,373,False,True,False,2,False,False,False
True,3,True,0.3333333333333333,False,2,True,True,0,hybrid_logistic_start2_every_sample_lambda10,False,invalid_extraction_driven_uncertainty,376,False,True,False,3,False,False,False
True,2,False,0.0,False,2,False,True,0,hybrid_logistic_start2_every_sample_lambda10,False,safe_early_stop,377,False,True,False,2,False,False,False
True,4,False,0.0,False,4,False,True,0,hybrid_logistic_start2_every_sample_lambda10,False,safe_early_stop,378,False,True,False,4,False,False,False
True,2,False,0.0,False,2,False,True,0,hybrid_logistic_start2_every_sample_lambda10,False,safe_early_stop,383,False,True,False,2,False,False,False
True,4,False,0.0,False,4,False,True,1,hybrid_logistic_start2_every_sample_lambda10,False,safe_early_stop,390,False,True,False,4,False,False,False
True,2,True,0.5,False,2,False,True,0,hybrid_logistic_start2_every_sample_lambda10,False,invalid_extraction_driven_uncertainty,391,False,True,False,2,False,False,False
True,2,False,0.0,False,2,False,True,0,hybrid_logistic_start2_every_sample_lambda10,False,safe_early_stop,395,False,True,False,2,False,False,False
True,2,False,0.0,False,2,False,True,0,hybrid_logistic_start2_every_sample_lambda10,False,safe_early_stop,407,False,True,False,2,False,False,False
True,10,True,0.9,False,10,False,True,1,hybrid_logistic_start2_every_sample_lambda10,False,invalid_extraction_driven_uncertainty,408,False,True,False,10,False,False,False
False,16,True,0.625,False,4,True,False,3,hybrid_logistic_start2_every_sample_lambda10,False,invalid_extraction_driven_uncertainty,412,False,False,False,16,False,False,True
True,2,False,0.0,False,2,False,True,0,hybrid_logistic_start2_every_sample_lambda10,False,safe_early_stop,418,False,True,False,2,False,False,False
True,2,True,0.5,False,2,False,True,0,hybrid_logistic_start2_every_sample_lambda10,False,invalid_extraction_driven_uncertainty,421,False,True,False,2,False,False,False
True,16,True,0.0625,False,16,False,True,1,hybrid_logistic_start2_every_sample_lambda10,False,unnecessary_continuation,425,False,False,False,16,False,True,False
True,2,False,0.0,False,2,False,True,0,hybrid_logistic_start2_every_sample_lambda10,False,safe_early_stop,438,False,True,False,2,False,False,False
True,2,False,0.0,False,2,False,True,0,hybrid_logistic_start2_every_sample_lambda10,False,safe_early_stop,439,False,True,False,2,False,False,False
False,3,True,0.6666666666666666,False,2,True,False,0,hybrid_logistic_start2_every_sample_lambda10,False,invalid_extraction_driven_uncertainty,444,False,True,True,3,False,False,False
False,16,True,0.5,False,16,False,False,4,hybrid_logistic_start2_every_sample_lambda10,False,unnecessary_continuation,445,False,False,False,16,False,True,True
True,4,False,0.0,False,4,False,True,0,hybrid_logistic_start2_every_sample_lambda10,False,safe_early_stop,447,False,True,False,4,False,False,False
True,2,False,0.0,False,2,False,True,0,hybrid_logistic_start2_every_sample_lambda10,False,safe_early_stop,451,False,True,False,2,False,False,False
True,2,False,0.0,False,2,False,True,0,hybrid_logistic_start2_every_sample_lambda10,False,safe_early_stop,453,False,True,False,2,False,False,False
False,16,True,1.0,False,16,False,False,0,hybrid_logistic_start2_every_sample_lambda10,False,unnecessary_continuation,454,False,False,True,16,False,True,False
True,2,False,0.0,False,2,False,True,0,hybrid_logistic_start2_every_sample_lambda10,False,safe_early_stop,456,False,True,False,2,False,False,False
True,2,False,0.0,False,2,False,True,0,hybrid_logistic_start2_every_sample_lambda10,False,safe_early_stop,467,False,True,False,2,False,False,False
False,2,False,0.0,False,2,False,False,0,hybrid_logistic_start2_every_sample_lambda10,False,stable_wrong_trajectory,478,False,True,True,2,False,False,False
True,2,False,0.0,False,2,False,True,0,hybrid_logistic_start2_every_sample_lambda10,False,safe_early_stop,489,False,True,False,2,False,False,False
True,2,False,0.0,False,2,False,True,0,hybrid_logistic_start2_every_sample_lambda10,False,safe_early_stop,495,False,True,False,2,False,False,False
True,2,False,0.0,False,2,False,True,0,hybrid_logistic_start2_every_sample_lambda10,False,safe_early_stop,496,False,True,False,2,False,False,False
True,2,False,0.0,False,2,False,True,0,hybrid_logistic_start2_every_sample_lambda10,False,safe_early_stop,10,False,True,False,2,False,False,False
True,2,False,0.0,False,2,False,True,0,hybrid_logistic_start2_every_sample_lambda10,False,safe_early_stop,13,False,True,False,2,False,False,False
True,2,False,0.0,False,2,False,True,0,hybrid_logistic_start2_every_sample_lambda10,False,safe_early_stop,19,False,True,False,2,False,False,False
True,2,False,0.0,False,2,False,True,0,hybrid_logistic_start2_every_sample_lambda10,False,safe_early_stop,20,False,True,False,2,False,False,False
True,2,False,0.0,False,2,False,True,0,hybrid_logistic_start2_every_sample_lambda10,False,safe_early_stop,34,False,True,False,2,False,False,False
True,2,False,0.0,False,2,False,True,0,hybrid_logistic_start2_every_sample_lambda10,False,safe_early_stop,38,False,True,False,2,False,False,False
True,2,False,0.0,False,2,False,True,0,hybrid_logistic_start2_every_sample_lambda10,False,safe_early_stop,40,False,True,False,2,False,False,False
False,16,False,0.0,False,16,False,False,1,hybrid_logistic_start2_every_sample_lambda10,False,unnecessary_continuation,41,False,False,False,16,False,True,False
True,7,True,0.42857142857142855,False,2,True,True,0,hybrid_logistic_start2_every_sample_lambda10,False,invalid_extraction_driven_uncertainty,46,False,True,False,7,False,False,False
True,2,False,0.0,False,2,False,True,0,hybrid_logistic_start2_every_sample_lambda10,False,safe_early_stop,47,False,True,False,2,False,False,False
True,2,False,0.0,False,2,False,True,0,hybrid_logistic_start2_every_sample_lambda10,False,safe_early_stop,49,False,True,False,2,False,False,False
True,16,False,0.0,False,16,False,True,2,hybrid_logistic_start2_every_sample_lambda10,False,unnecessary_continuation,50,False,False,False,16,False,True,True
True,2,False,0.0,False,2,False,True,0,hybrid_logistic_start2_every_sample_lambda10,False,safe_early_stop,55,False,True,False,2,False,False,False
True,2,False,0.0,False,2,False,True,0,hybrid_logistic_start2_every_sample_lambda10,False,safe_early_stop,77,False,True,False,2,False,False,False
True,2,False,0.0,False,2,False,True,0,hybrid_logistic_start2_every_sample_lambda10,False,safe_early_stop,78,False,True,False,2,False,False,False
True,2,False,0.0,False,2,False,True,0,hybrid_logistic_start2_every_sample_lambda10,False,safe_early_stop,84,False,True,False,2,False,False,False
True,2,False,0.0,False,2,False,True,0,hybrid_logistic_start2_every_sample_lambda10,False,safe_early_stop,85,False,True,False,2,False,False,False
True,2,False,0.0,False,2,False,True,0,hybrid_logistic_start2_every_sample_lambda10,False,safe_early_stop,86,False,True,False,2,False,False,False
True,2,False,0.0,False,2,False,True,0,hybrid_logistic_start2_every_sample_lambda10,False,safe_early_stop,93,False,True,False,2,False,False,False
False,2,False,0.0,False,2,False,False,0,hybrid_logistic_start2_every_sample_lambda10,False,stable_wrong_trajectory,104,False,True,True,2,False,False,False
False,16,False,0.0,False,16,False,False,2,hybrid_logistic_start2_every_sample_lambda10,False,unnecessary_continuation,105,False,False,False,16,False,True,True
True,5,False,0.0,False,4,True,True,1,hybrid_logistic_start2_every_sample_lambda10,False,safe_early_stop,112,False,True,False,5,False,False,False
True,2,False,0.0,False,2,False,True,0,hybrid_logistic_start2_every_sample_lambda10,False,safe_early_stop,114,False,True,False,2,False,False,False
False,16,False,0.0,False,16,False,False,0,hybrid_logistic_start2_every_sample_lambda10,False,unnecessary_continuation,115,False,False,True,16,False,True,False
True,16,False,0.0,False,16,False,True,2,hybrid_logistic_start2_every_sample_lambda10,False,unnecessary_continuation,119,False,False,False,16,False,True,True
True,2,False,0.0,False,2,False,True,0,hybrid_logistic_start2_every_sample_lambda10,False,safe_early_stop,121,False,True,False,2,False,False,False
True,2,False,0.0,False,2,False,True,0,hybrid_logistic_start2_every_sample_lambda10,False,safe_early_stop,122,False,True,False,2,False,False,False
True,2,False,0.0,False,2,False,True,0,hybrid_logistic_start2_every_sample_lambda10,False,safe_early_stop,127,False,True,False,2,False,False,False
True,2,False,0.0,False,2,False,True,0,hybrid_logistic_start2_every_sample_lambda10,False,safe_early_stop,132,False,True,False,2,False,False,False
True,7,True,0.8571428571428571,False,6,True,True,1,hybrid_logistic_start2_every_sample_lambda10,False,invalid_extraction_driven_uncertainty,136,False,True,False,7,False,False,False
False,16,True,0.3125,False,2,True,False,2,hybrid_logistic_start2_every_sample_lambda10,False,unnecessary_continuation,138,False,False,False,16,False,True,True
True,2,False,0.0,False,2,False,True,0,hybrid_logistic_start2_every_sample_lambda10,False,safe_early_stop,158,False,True,False,2,False,False,False
True,2,False,0.0,False,2,False,True,0,hybrid_logistic_start2_every_sample_lambda10,False,safe_early_stop,162,False,True,False,2,False,False,False
False,16,True,0.5625,False,2,True,False,0,hybrid_logistic_start2_every_sample_lambda10,False,unnecessary_continuation,170,False,False,True,16,False,True,False
True,2,False,0.0,False,2,False,True,0,hybrid_logistic_start2_every_sample_lambda10,False,safe_early_stop,172,False,True,False,2,False,False,False
True,5,False,0.0,False,4,True,True,0,hybrid_logistic_start2_every_sample_lambda10,False,safe_early_stop,176,False,True,False,5,False,False,False
True,2,False,0.0,False,2,False,True,0,hybrid_logistic_start2_every_sample_lambda10,False,safe_early_stop,183,False,True,False,2,False,False,False
True,2,False,0.0,False,2,False,True,0,hybrid_logistic_start2_every_sample_lambda10,False,safe_early_stop,198,False,True,False,2,False,False,False
True,2,False,0.0,False,2,False,True,0,hybrid_logistic_start2_every_sample_lambda10,False,safe_early_stop,202,False,True,False,2,False,False,False
True,2,False,0.0,False,2,False,True,0,hybrid_logistic_start2_every_sample_lambda10,False,safe_early_stop,205,False,True,False,2,False,False,False
True,16,False,0.0,False,16,False,True,2,hybrid_logistic_start2_every_sample_lambda10,False,unnecessary_continuation,210,False,False,False,16,False,True,True
True,4,False,0.0,False,4,False,True,0,hybrid_logistic_start2_every_sample_lambda10,False,safe_early_stop,212,False,True,False,4,False,False,False
True,2,False,0.0,False,2,False,True,0,hybrid_logistic_start2_every_sample_lambda10,False,safe_early_stop,215,False,True,False,2,False,False,False
True,2,False,0.0,False,2,False,True,0,hybrid_logistic_start2_every_sample_lambda10,False,safe_early_stop,218,False,True,False,2,False,False,False
False,2,False,0.0,False,2,False,False,0,hybrid_logistic_start2_every_sample_lambda10,False,stable_wrong_trajectory,220,False,True,True,2,False,False,False
True,2,False,0.0,False,2,False,True,0,hybrid_logistic_start2_every_sample_lambda10,False,safe_early_stop,223,False,True,False,2,False,False,False
True,2,False,0.0,False,2,False,True,0,hybrid_logistic_start2_every_sample_lambda10,False,safe_early_stop,231,False,True,False,2,False,False,False
True,6,False,0.0,False,6,False,True,1,hybrid_logistic_start2_every_sample_lambda10,False,safe_early_stop,232,False,True,False,6,False,False,False
True,2,False,0.0,False,2,False,True,0,hybrid_logistic_start2_every_sample_lambda10,False,safe_early_stop,238,False,True,False,2,False,False,False
False,16,True,1.0,False,16,False,False,0,hybrid_logistic_start2_every_sample_lambda10,False,unnecessary_continuation,239,False,False,True,16,False,True,False
True,2,False,0.0,False,2,False,True,0,hybrid_logistic_start2_every_sample_lambda10,False,safe_early_stop,243,False,True,False,2,False,False,False
True,2,False,0.0,False,2,False,True,0,hybrid_logistic_start2_every_sample_lambda10,False,safe_early_stop,256,False,True,False,2,False,False,False
True,2,False,0.0,False,2,False,True,0,hybrid_logistic_start2_every_sample_lambda10,False,safe_early_stop,265,False,True,False,2,False,False,False
True,10,False,0.0,False,10,False,True,1,hybrid_logistic_start2_every_sample_lambda10,False,safe_early_stop,267,False,True,False,10,False,False,False
True,2,False,0.0,False,2,False,True,0,hybrid_logistic_start2_every_sample_lambda10,False,safe_early_stop,277,False,True,False,2,False,False,False
True,2,False,0.0,False,2,False,True,0,hybrid_logistic_start2_every_sample_lambda10,False,safe_early_stop,287,False,True,False,2,False,False,False
True,2,False,0.0,False,2,False,True,0,hybrid_logistic_start2_every_sample_lambda10,False,safe_early_stop,289,False,True,False,2,False,False,False
True,2,False,0.0,False,2,False,True,0,hybrid_logistic_start2_every_sample_lambda10,False,safe_early_stop,297,False,True,False,2,False,False,False
True,2,False,0.0,False,2,False,True,0,hybrid_logistic_start2_every_sample_lambda10,False,safe_early_stop,305,False,True,False,2,False,False,False
False,16,False,0.0,False,16,False,False,2,hybrid_logistic_start2_every_sample_lambda10,False,unnecessary_continuation,308,False,False,False,16,False,True,True
True,2,False,0.0,False,2,False,True,0,hybrid_logistic_start2_every_sample_lambda10,False,safe_early_stop,314,False,True,False,2,False,False,False
True,2,False,0.0,False,2,False,True,0,hybrid_logistic_start2_every_sample_lambda10,False,safe_early_stop,322,False,True,False,2,False,False,False
True,2,False,0.0,False,2,False,True,0,hybrid_logistic_start2_every_sample_lambda10,False,safe_early_stop,329,False,True,False,2,False,False,False
True,4,True,0.5,False,2,True,True,0,hybrid_logistic_start2_every_sample_lambda10,False,invalid_extraction_driven_uncertainty,333,False,True,False,4,False,False,False
True,2,False,0.0,False,2,False,True,0,hybrid_logistic_start2_every_sample_lambda10,False,safe_early_stop,334,False,True,False,2,False,False,False
True,2,False,0.0,False,2,False,True,0,hybrid_logistic_start2_every_sample_lambda10,False,safe_early_stop,336,False,True,False,2,False,False,False
True,2,False,0.0,False,2,False,True,0,hybrid_logistic_start2_every_sample_lambda10,False,safe_early_stop,345,False,True,False,2,False,False,False
True,2,False,0.0,False,2,False,True,0,hybrid_logistic_start2_every_sample_lambda10,False,safe_early_stop,347,False,True,False,2,False,False,False
False,14,True,0.5714285714285714,False,2,True,False,1,hybrid_logistic_start2_every_sample_lambda10,False,invalid_extraction_driven_uncertainty,352,False,True,False,14,False,False,False
True,2,False,0.0,False,2,False,True,0,hybrid_logistic_start2_every_sample_lambda10,False,safe_early_stop,354,False,True,False,2,False,False,False
False,16,True,0.125,False,16,False,False,1,hybrid_logistic_start2_every_sample_lambda10,False,unnecessary_continuation,355,False,False,False,16,False,True,False
True,2,False,0.0,False,2,False,True,0,hybrid_logistic_start2_every_sample_lambda10,False,safe_early_stop,356,False,True,False,2,False,False,False
True,2,False,0.0,False,2,False,True,0,hybrid_logistic_start2_every_sample_lambda10,False,safe_early_stop,360,False,True,False,2,False,False,False
True,2,False,0.0,False,2,False,True,0,hybrid_logistic_start2_every_sample_lambda10,False,safe_early_stop,368,False,True,False,2,False,False,False
True,2,False,0.0,False,2,False,True,0,hybrid_logistic_start2_every_sample_lambda10,False,safe_early_stop,379,False,True,False,2,False,False,False
False,2,False,0.0,False,2,False,True,1,hybrid_logistic_start2_every_sample_lambda10,True,premature_stop_with_missed_recovery,385,False,False,False,2,False,False,False
False,2,False,0.0,False,2,False,False,0,hybrid_logistic_start2_every_sample_lambda10,False,stable_wrong_trajectory,392,False,True,True,2,False,False,False
True,2,False,0.0,False,2,False,True,0,hybrid_logistic_start2_every_sample_lambda10,False,safe_early_stop,393,False,True,False,2,False,False,False
True,14,True,0.42857142857142855,False,14,False,True,1,hybrid_logistic_start2_every_sample_lambda10,False,invalid_extraction_driven_uncertainty,394,False,True,False,14,False,False,False
True,2,False,0.0,False,2,False,True,0,hybrid_logistic_start2_every_sample_lambda10,False,safe_early_stop,397,False,True,False,2,False,False,False
True,2,False,0.0,False,2,False,True,0,hybrid_logistic_start2_every_sample_lambda10,False,safe_early_stop,402,False,True,False,2,False,False,False
True,2,False,0.0,False,2,False,True,0,hybrid_logistic_start2_every_sample_lambda10,False,safe_early_stop,404,False,True,False,2,False,False,False
True,2,False,0.0,False,2,False,True,0,hybrid_logistic_start2_every_sample_lambda10,False,safe_early_stop,410,False,True,False,2,False,False,False
True,2,False,0.0,False,2,False,True,0,hybrid_logistic_start2_every_sample_lambda10,False,safe_early_stop,415,False,True,False,2,False,False,False
True,2,False,0.0,False,2,False,True,0,hybrid_logistic_start2_every_sample_lambda10,False,safe_early_stop,416,False,True,False,2,False,False,False
True,2,False,0.0,False,2,False,True,0,hybrid_logistic_start2_every_sample_lambda10,False,safe_early_stop,417,False,True,False,2,False,False,False
True,2,False,0.0,False,2,False,True,0,hybrid_logistic_start2_every_sample_lambda10,False,safe_early_stop,426,False,True,False,2,False,False,False
True,4,False,0.0,False,4,False,True,0,hybrid_logistic_start2_every_sample_lambda10,False,safe_early_stop,428,False,True,False,4,False,False,False
False,16,False,0.0,False,16,False,False,4,hybrid_logistic_start2_every_sample_lambda10,False,unnecessary_continuation,431,False,False,False,16,False,True,True
False,16,True,0.8125,False,2,True,False,0,hybrid_logistic_start2_every_sample_lambda10,False,unnecessary_continuation,432,False,False,True,16,False,True,False
True,2,False,0.0,False,2,False,True,0,hybrid_logistic_start2_every_sample_lambda10,False,safe_early_stop,435,False,True,False,2,False,False,False
True,2,False,0.0,False,2,False,True,0,hybrid_logistic_start2_every_sample_lambda10,False,safe_early_stop,440,False,True,False,2,False,False,False
True,2,False,0.0,False,2,False,True,0,hybrid_logistic_start2_every_sample_lambda10,False,safe_early_stop,442,False,True,False,2,False,False,False
True,3,True,0.3333333333333333,False,2,True,True,0,hybrid_logistic_start2_every_sample_lambda10,False,invalid_extraction_driven_uncertainty,458,False,True,False,3,False,False,False
True,2,False,0.0,False,2,False,True,0,hybrid_logistic_start2_every_sample_lambda10,False,safe_early_stop,461,False,True,False,2,False,False,False
True,2,False,0.0,False,2,False,True,0,hybrid_logistic_start2_every_sample_lambda10,False,safe_early_stop,464,False,True,False,2,False,False,False
True,2,False,0.0,False,2,False,True,0,hybrid_logistic_start2_every_sample_lambda10,False,safe_early_stop,468,False,True,False,2,False,False,False
True,10,False,0.0,False,10,False,True,0,hybrid_logistic_start2_every_sample_lambda10,False,safe_early_stop,477,False,True,False,10,False,False,False
True,2,False,0.0,False,2,False,True,0,hybrid_logistic_start2_every_sample_lambda10,False,safe_early_stop,493,False,True,False,2,False,False,False
True,2,False,0.0,False,2,False,True,0,hybrid_logistic_start2_every_sample_lambda10,False,safe_early_stop,499,False,True,False,2,False,False,False
True,3,False,0.0,False,2,True,True,0,hybrid_logistic_start2_every_sample_lambda10,False,safe_early_stop,2,False,True,False,3,False,False,False
True,3,False,0.0,False,2,True,True,0,hybrid_logistic_start2_every_sample_lambda10,False,safe_early_stop,5,False,True,False,3,False,False,False
True,3,False,0.0,False,2,True,True,0,hybrid_logistic_start2_every_sample_lambda10,False,safe_early_stop,6,False,True,False,3,False,False,False
True,10,False,0.0,False,10,False,True,1,hybrid_logistic_start2_every_sample_lambda10,False,safe_early_stop,7,False,True,False,10,False,False,False
True,3,False,0.0,False,2,True,True,0,hybrid_logistic_start2_every_sample_lambda10,False,safe_early_stop,22,False,True,False,3,False,False,False
True,3,False,0.0,False,2,True,True,0,hybrid_logistic_start2_every_sample_lambda10,False,safe_early_stop,23,False,True,False,3,False,False,False
True,3,False,0.0,False,2,True,True,0,hybrid_logistic_start2_every_sample_lambda10,False,safe_early_stop,29,False,True,False,3,False,False,False
True,3,False,0.0,False,2,True,True,0,hybrid_logistic_start2_every_sample_lambda10,False,safe_early_stop,32,False,True,False,3,False,False,False
True,3,False,0.0,False,2,True,True,0,hybrid_logistic_start2_every_sample_lambda10,False,safe_early_stop,39,False,True,False,3,False,False,False
False,10,False,0.0,False,4,True,False,1,hybrid_logistic_start2_every_sample_lambda10,False,safe_early_stop,43,False,True,False,10,False,False,False
True,3,False,0.0,False,2,True,True,0,hybrid_logistic_start2_every_sample_lambda10,False,safe_early_stop,57,False,True,False,3,False,False,False
True,5,False,0.0,False,2,True,True,0,hybrid_logistic_start2_every_sample_lambda10,False,safe_early_stop,58,False,True,False,5,False,False,False
True,3,False,0.0,False,2,True,True,0,hybrid_logistic_start2_every_sample_lambda10,False,safe_early_stop,73,False,True,False,3,False,False,False
True,3,False,0.0,False,2,True,True,0,hybrid_logistic_start2_every_sample_lambda10,False,safe_early_stop,75,False,True,False,3,False,False,False
True,3,False,0.0,False,2,True,True,0,hybrid_logistic_start2_every_sample_lambda10,False,safe_early_stop,79,False,True,False,3,False,False,False
True,3,False,0.0,False,2,True,True,0,hybrid_logistic_start2_every_sample_lambda10,False,safe_early_stop,83,False,True,False,3,False,False,False
True,3,False,0.0,False,2,True,True,0,hybrid_logistic_start2_every_sample_lambda10,False,safe_early_stop,87,False,True,False,3,False,False,False
True,7,False,0.0,False,4,True,True,1,hybrid_logistic_start2_every_sample_lambda10,False,safe_early_stop,89,False,True,False,7,False,False,False
True,3,False,0.0,False,2,True,True,0,hybrid_logistic_start2_every_sample_lambda10,False,safe_early_stop,92,False,True,False,3,False,False,False
False,5,True,0.4,False,2,True,False,0,hybrid_logistic_start2_every_sample_lambda10,False,invalid_extraction_driven_uncertainty,99,False,True,True,5,False,False,False
True,3,False,0.0,False,2,True,True,0,hybrid_logistic_start2_every_sample_lambda10,False,safe_early_stop,106,False,True,False,3,False,False,False
False,7,True,0.7142857142857143,False,4,True,False,1,hybrid_logistic_start2_every_sample_lambda10,False,invalid_extraction_driven_uncertainty,110,False,True,False,7,False,False,False
True,3,False,0.0,False,2,True,True,0,hybrid_logistic_start2_every_sample_lambda10,False,safe_early_stop,113,False,True,False,3,False,False,False
True,3,False,0.0,False,2,True,True,0,hybrid_logistic_start2_every_sample_lambda10,False,safe_early_stop,139,False,True,False,3,False,False,False
True,3,False,0.0,False,2,True,True,0,hybrid_logistic_start2_every_sample_lambda10,False,safe_early_stop,146,False,True,False,3,False,False,False
False,16,True,0.3125,False,16,False,False,3,hybrid_logistic_start2_every_sample_lambda10,False,unnecessary_continuation,147,False,False,False,16,False,True,True
True,3,False,0.0,False,2,True,True,0,hybrid_logistic_start2_every_sample_lambda10,False,safe_early_stop,155,False,True,False,3,False,False,False
False,14,True,0.2857142857142857,False,2,True,False,0,hybrid_logistic_start2_every_sample_lambda10,False,invalid_extraction_driven_uncertainty,156,False,True,True,14,False,False,False
True,3,False,0.0,False,2,True,True,0,hybrid_logistic_start2_every_sample_lambda10,False,safe_early_stop,160,False,True,False,3,False,False,False
False,16,True,0.0625,False,2,True,False,4,hybrid_logistic_start2_every_sample_lambda10,False,unnecessary_continuation,164,False,False,False,16,False,True,True
True,3,False,0.0,False,2,True,True,0,hybrid_logistic_start2_every_sample_lambda10,False,safe_early_stop,169,False,True,False,3,False,False,False
True,3,False,0.0,False,2,True,True,0,hybrid_logistic_start2_every_sample_lambda10,False,safe_early_stop,174,False,True,False,3,False,False,False
True,3,False,0.0,False,2,True,True,0,hybrid_logistic_start2_every_sample_lambda10,False,safe_early_stop,175,False,True,False,3,False,False,False
False,16,False,0.0,False,16,False,False,1,hybrid_logistic_start2_every_sample_lambda10,False,unnecessary_continuation,184,False,False,False,16,False,True,False
True,3,False,0.0,False,2,True,True,0,hybrid_logistic_start2_every_sample_lambda10,False,safe_early_stop,185,False,True,False,3,False,False,False
True,3,False,0.0,False,2,True,True,0,hybrid_logistic_start2_every_sample_lambda10,False,safe_early_stop,186,False,True,False,3,False,False,False
True,3,False,0.0,False,2,True,True,0,hybrid_logistic_start2_every_sample_lambda10,False,safe_early_stop,187,False,True,False,3,False,False,False
True,16,True,0.375,False,16,False,True,2,hybrid_logistic_start2_every_sample_lambda10,False,invalid_extraction_driven_uncertainty,189,False,False,False,16,False,False,True
True,3,False,0.0,False,2,True,True,0,hybrid_logistic_start2_every_sample_lambda10,False,safe_early_stop,193,False,True,False,3,False,False,False
True,3,False,0.0,False,2,True,True,0,hybrid_logistic_start2_every_sample_lambda10,False,safe_early_stop,199,False,True,False,3,False,False,False
True,3,False,0.0,False,2,True,True,0,hybrid_logistic_start2_every_sample_lambda10,False,safe_early_stop,203,False,True,False,3,False,False,False
False,16,False,0.0,False,4,True,False,1,hybrid_logistic_start2_every_sample_lambda10,False,unnecessary_continuation,204,False,False,False,16,False,True,False
False,3,False,0.0,False,2,True,False,0,hybrid_logistic_start2_every_sample_lambda10,False,stable_wrong_trajectory,217,False,True,True,3,False,False,False
True,3,False,0.0,False,2,True,True,0,hybrid_logistic_start2_every_sample_lambda10,False,safe_early_stop,230,False,True,False,3,False,False,False
True,8,False,0.0,True,2,True,True,1,hybrid_logistic_start2_every_sample_lambda10,False,safe_early_stop,234,False,True,False,8,True,False,False
True,3,False,0.0,False,2,True,True,0,hybrid_logistic_start2_every_sample_lambda10,False,safe_early_stop,235,False,True,False,3,False,False,False
True,6,False,0.0,False,2,True,True,0,hybrid_logistic_start2_every_sample_lambda10,False,safe_early_stop,246,False,True,False,6,False,False,False
False,16,True,1.0,False,16,False,False,0,hybrid_logistic_start2_every_sample_lambda10,False,unnecessary_continuation,248,False,False,True,16,False,True,False
True,3,False,0.0,False,2,True,True,0,hybrid_logistic_start2_every_sample_lambda10,False,safe_early_stop,255,False,True,False,3,False,False,False
True,3,False,0.0,False,2,True,True,0,hybrid_logistic_start2_every_sample_lambda10,False,safe_early_stop,259,False,True,False,3,False,False,False
True,3,False,0.0,False,2,True,True,0,hybrid_logistic_start2_every_sample_lambda10,False,safe_early_stop,269,False,True,False,3,False,False,False
True,3,False,0.0,False,2,True,True,0,hybrid_logistic_start2_every_sample_lambda10,False,safe_early_stop,280,False,True,False,3,False,False,False
False,9,True,0.8888888888888888,False,2,True,False,0,hybrid_logistic_start2_every_sample_lambda10,False,invalid_extraction_driven_uncertainty,292,False,True,True,9,False,False,False
True,6,False,0.0,False,4,True,True,1,hybrid_logistic_start2_every_sample_lambda10,False,safe_early_stop,294,False,True,False,6,False,False,False
True,3,False,0.0,False,2,True,True,0,hybrid_logistic_start2_every_sample_lambda10,False,safe_early_stop,300,False,True,False,3,False,False,False
False,3,False,0.0,False,2,True,False,0,hybrid_logistic_start2_every_sample_lambda10,False,stable_wrong_trajectory,301,False,True,True,3,False,False,False
True,16,True,0.375,False,16,False,True,2,hybrid_logistic_start2_every_sample_lambda10,False,unnecessary_continuation,302,False,False,False,16,False,True,True
True,4,True,0.25,False,2,True,True,0,hybrid_logistic_start2_every_sample_lambda10,False,invalid_extraction_driven_uncertainty,304,False,True,False,4,False,False,False
True,3,False,0.0,False,2,True,True,0,hybrid_logistic_start2_every_sample_lambda10,False,safe_early_stop,307,False,True,False,3,False,False,False
False,16,False,0.0,False,16,False,False,3,hybrid_logistic_start2_every_sample_lambda10,False,unnecessary_continuation,309,False,False,False,16,False,True,True
True,3,False,0.0,False,2,True,True,0,hybrid_logistic_start2_every_sample_lambda10,False,safe_early_stop,311,False,True,False,3,False,False,False
False,3,False,0.0,False,2,True,False,0,hybrid_logistic_start2_every_sample_lambda10,False,stable_wrong_trajectory,317,False,True,True,3,False,False,False
True,3,False,0.0,False,2,True,True,0,hybrid_logistic_start2_every_sample_lambda10,False,safe_early_stop,318,False,True,False,3,False,False,False
True,3,False,0.0,False,2,True,True,0,hybrid_logistic_start2_every_sample_lambda10,False,safe_early_stop,319,False,True,False,3,False,False,False
True,3,False,0.0,False,2,True,True,0,hybrid_logistic_start2_every_sample_lambda10,False,safe_early_stop,321,False,True,False,3,False,False,False
False,16,True,0.75,False,2,True,False,0,hybrid_logistic_start2_every_sample_lambda10,False,unnecessary_continuation,327,False,False,True,16,False,True,False
True,3,False,0.0,False,2,True,True,0,hybrid_logistic_start2_every_sample_lambda10,False,safe_early_stop,341,False,True,False,3,False,False,False
True,3,False,0.0,False,2,True,True,0,hybrid_logistic_start2_every_sample_lambda10,False,safe_early_stop,344,False,True,False,3,False,False,False
True,16,False,0.0,False,16,False,True,1,hybrid_logistic_start2_every_sample_lambda10,False,unnecessary_continuation,357,False,False,False,16,False,True,False
True,3,False,0.0,False,2,True,True,0,hybrid_logistic_start2_every_sample_lambda10,False,safe_early_stop,361,False,True,False,3,False,False,False
True,3,False,0.0,False,2,True,True,0,hybrid_logistic_start2_every_sample_lambda10,False,safe_early_stop,363,False,True,False,3,False,False,False
True,3,False,0.0,False,2,True,True,0,hybrid_logistic_start2_every_sample_lambda10,False,safe_early_stop,370,False,True,False,3,False,False,False
False,16,False,0.0,False,16,False,False,4,hybrid_logistic_start2_every_sample_lambda10,False,unnecessary_continuation,372,False,False,False,16,False,True,True
True,3,False,0.0,False,2,True,True,0,hybrid_logistic_start2_every_sample_lambda10,False,safe_early_stop,375,False,True,False,3,False,False,False
True,16,True,0.1875,True,2,True,True,1,hybrid_logistic_start2_every_sample_lambda10,False,unnecessary_continuation,380,False,False,False,16,True,True,False
True,3,False,0.0,False,2,True,True,0,hybrid_logistic_start2_every_sample_lambda10,False,safe_early_stop,384,False,True,False,3,False,False,False
True,3,False,0.0,False,2,True,True,0,hybrid_logistic_start2_every_sample_lambda10,False,safe_early_stop,399,False,True,False,3,False,False,False
True,3,False,0.0,False,2,True,True,0,hybrid_logistic_start2_every_sample_lambda10,False,safe_early_stop,411,False,True,False,3,False,False,False
True,3,False,0.0,False,2,True,True,0,hybrid_logistic_start2_every_sample_lambda10,False,safe_early_stop,413,False,True,False,3,False,False,False
False,16,True,0.75,False,4,True,False,1,hybrid_logistic_start2_every_sample_lambda10,False,unnecessary_continuation,419,False,False,False,16,False,True,False
True,3,False,0.0,False,2,True,True,0,hybrid_logistic_start2_every_sample_lambda10,False,safe_early_stop,433,False,True,False,3,False,False,False
True,3,False,0.0,False,2,True,True,0,hybrid_logistic_start2_every_sample_lambda10,False,safe_early_stop,434,False,True,False,3,False,False,False
True,5,True,0.6,False,2,True,True,0,hybrid_logistic_start2_every_sample_lambda10,False,invalid_extraction_driven_uncertainty,436,False,True,False,5,False,False,False
True,3,False,0.0,False,2,True,True,0,hybrid_logistic_start2_every_sample_lambda10,False,safe_early_stop,452,False,True,False,3,False,False,False
True,4,True,0.25,False,2,True,True,0,hybrid_logistic_start2_every_sample_lambda10,False,invalid_extraction_driven_uncertainty,459,False,True,False,4,False,False,False
False,16,False,0.0,False,4,True,False,3,hybrid_logistic_start2_every_sample_lambda10,False,unnecessary_continuation,460,False,False,False,16,False,True,True
True,3,False,0.0,False,2,True,True,0,hybrid_logistic_start2_every_sample_lambda10,False,safe_early_stop,462,False,True,False,3,False,False,False
True,3,False,0.0,False,2,True,True,0,hybrid_logistic_start2_every_sample_lambda10,False,safe_early_stop,463,False,True,False,3,False,False,False
False,16,False,0.0,False,16,False,False,3,hybrid_logistic_start2_every_sample_lambda10,False,unnecessary_continuation,466,False,False,False,16,False,True,True
True,3,False,0.0,False,2,True,True,0,hybrid_logistic_start2_every_sample_lambda10,False,safe_early_stop,471,False,True,False,3,False,False,False
True,3,False,0.0,False,2,True,True,0,hybrid_logistic_start2_every_sample_lambda10,False,safe_early_stop,472,False,True,False,3,False,False,False
False,16,True,0.875,False,9,True,False,1,hybrid_logistic_start2_every_sample_lambda10,False,unnecessary_continuation,475,False,False,False,16,False,True,False
True,3,False,0.0,False,2,True,True,0,hybrid_logistic_start2_every_sample_lambda10,False,safe_early_stop,479,False,True,False,3,False,False,False
True,16,True,0.0625,False,16,False,True,2,hybrid_logistic_start2_every_sample_lambda10,False,unnecessary_continuation,482,False,False,False,16,False,True,True
True,15,True,0.9333333333333333,False,14,True,True,1,hybrid_logistic_start2_every_sample_lambda10,False,invalid_extraction_driven_uncertainty,483,False,True,False,15,False,False,False
True,3,False,0.0,False,2,True,True,0,hybrid_logistic_start2_every_sample_lambda10,False,safe_early_stop,484,False,True,False,3,False,False,False
False,16,True,0.125,False,16,False,False,0,hybrid_logistic_start2_every_sample_lambda10,False,unnecessary_continuation,490,False,False,True,16,False,True,False
True,3,False,0.0,False,2,True,True,0,hybrid_logistic_start2_every_sample_lambda10,False,safe_early_stop,492,False,True,False,3,False,False,False
False,16,True,0.25,False,2,True,False,1,hybrid_logistic_start2_every_sample_lambda10,False,unnecessary_continuation,494,False,False,False,16,False,True,False
False,16,False,0.0,False,16,False,False,1,hybrid_logistic_start2_every_sample_lambda10,False,unnecessary_continuation,497,False,False,False,16,False,True,False
True,2,False,0.0,False,2,False,False,3,hybrid_logistic_start2_every_sample_lambda10,False,regression_avoided,18,True,True,False,2,False,False,True
True,16,False,0.0,False,16,False,True,0,hybrid_logistic_start2_every_sample_lambda10,False,unnecessary_continuation,24,False,False,False,16,False,True,False
False,2,True,0.5,False,2,False,False,1,hybrid_logistic_start2_every_sample_lambda10,False,invalid_extraction_driven_uncertainty,25,False,True,False,2,False,False,False
False,16,False,0.0,False,16,False,False,0,hybrid_logistic_start2_every_sample_lambda10,False,unnecessary_continuation,26,False,False,True,16,False,True,False
True,2,False,0.0,False,2,False,True,0,hybrid_logistic_start2_every_sample_lambda10,False,safe_early_stop,27,False,True,False,2,False,False,False
True,2,False,0.0,False,2,False,True,0,hybrid_logistic_start2_every_sample_lambda10,False,safe_early_stop,35,False,True,False,2,False,False,False
True,4,False,0.0,False,4,False,True,1,hybrid_logistic_start2_every_sample_lambda10,False,safe_early_stop,36,False,True,False,4,False,False,False
True,2,False,0.0,False,2,False,True,0,hybrid_logistic_start2_every_sample_lambda10,False,safe_early_stop,37,False,True,False,2,False,False,False
True,2,False,0.0,False,2,False,True,0,hybrid_logistic_start2_every_sample_lambda10,False,safe_early_stop,44,False,True,False,2,False,False,False
True,2,False,0.0,False,2,False,True,0,hybrid_logistic_start2_every_sample_lambda10,False,safe_early_stop,53,False,True,False,2,False,False,False
True,2,False,0.0,False,2,False,True,0,hybrid_logistic_start2_every_sample_lambda10,False,safe_early_stop,54,False,True,False,2,False,False,False
True,2,False,0.0,False,2,False,True,0,hybrid_logistic_start2_every_sample_lambda10,False,safe_early_stop,56,False,True,False,2,False,False,False
False,2,True,0.5,False,2,False,True,1,hybrid_logistic_start2_every_sample_lambda10,True,premature_stop_with_missed_recovery,64,False,False,False,2,False,False,False
True,2,False,0.0,False,2,False,True,0,hybrid_logistic_start2_every_sample_lambda10,False,safe_early_stop,65,False,True,False,2,False,False,False
True,2,False,0.0,False,2,False,True,0,hybrid_logistic_start2_every_sample_lambda10,False,safe_early_stop,68,False,True,False,2,False,False,False
True,2,False,0.0,False,2,False,True,0,hybrid_logistic_start2_every_sample_lambda10,False,safe_early_stop,70,False,True,False,2,False,False,False
True,2,False,0.0,False,2,False,True,0,hybrid_logistic_start2_every_sample_lambda10,False,safe_early_stop,81,False,True,False,2,False,False,False
True,16,False,0.0,False,16,False,True,3,hybrid_logistic_start2_every_sample_lambda10,False,unnecessary_continuation,82,False,False,False,16,False,True,True
True,2,False,0.0,False,2,False,True,0,hybrid_logistic_start2_every_sample_lambda10,False,safe_early_stop,95,False,True,False,2,False,False,False
True,2,False,0.0,False,2,False,True,0,hybrid_logistic_start2_every_sample_lambda10,False,safe_early_stop,98,False,True,False,2,False,False,False
False,2,True,0.5,False,2,False,False,0,hybrid_logistic_start2_every_sample_lambda10,False,invalid_extraction_driven_uncertainty,101,False,True,True,2,False,False,False
True,4,False,0.0,False,4,False,True,0,hybrid_logistic_start2_every_sample_lambda10,False,safe_early_stop,108,False,True,False,4,False,False,False
True,2,False,0.0,False,2,False,True,0,hybrid_logistic_start2_every_sample_lambda10,False,safe_early_stop,116,False,True,False,2,False,False,False
False,4,False,0.0,False,4,False,False,0,hybrid_logistic_start2_every_sample_lambda10,False,stable_wrong_trajectory,120,False,True,True,4,False,False,False
True,2,False,0.0,False,2,False,True,0,hybrid_logistic_start2_every_sample_lambda10,False,safe_early_stop,124,False,True,False,2,False,False,False
True,2,False,0.0,False,2,False,True,0,hybrid_logistic_start2_every_sample_lambda10,False,safe_early_stop,125,False,True,False,2,False,False,False
False,2,True,0.5,False,2,False,False,0,hybrid_logistic_start2_every_sample_lambda10,False,invalid_extraction_driven_uncertainty,126,False,True,True,2,False,False,False
True,2,False,0.0,False,2,False,True,0,hybrid_logistic_start2_every_sample_lambda10,False,safe_early_stop,130,False,True,False,2,False,False,False
True,2,False,0.0,False,2,False,True,0,hybrid_logistic_start2_every_sample_lambda10,False,safe_early_stop,131,False,True,False,2,False,False,False
True,2,False,0.0,False,2,False,True,0,hybrid_logistic_start2_every_sample_lambda10,False,safe_early_stop,134,False,True,False,2,False,False,False
True,2,False,0.0,False,2,False,True,0,hybrid_logistic_start2_every_sample_lambda10,False,safe_early_stop,137,False,True,False,2,False,False,False
True,2,False,0.0,False,2,False,True,0,hybrid_logistic_start2_every_sample_lambda10,False,safe_early_stop,140,False,True,False,2,False,False,False
True,2,False,0.0,False,2,False,True,0,hybrid_logistic_start2_every_sample_lambda10,False,safe_early_stop,144,False,True,False,2,False,False,False
False,16,True,0.125,False,16,False,False,3,hybrid_logistic_start2_every_sample_lambda10,False,unnecessary_continuation,152,False,False,False,16,False,True,True
True,2,False,0.0,False,2,False,True,0,hybrid_logistic_start2_every_sample_lambda10,False,safe_early_stop,153,False,True,False,2,False,False,False
True,2,False,0.0,False,2,False,True,0,hybrid_logistic_start2_every_sample_lambda10,False,safe_early_stop,157,False,True,False,2,False,False,False
True,2,False,0.0,False,2,False,True,0,hybrid_logistic_start2_every_sample_lambda10,False,safe_early_stop,159,False,True,False,2,False,False,False
True,10,False,0.0,False,10,False,True,1,hybrid_logistic_start2_every_sample_lambda10,False,safe_early_stop,166,False,True,False,10,False,False,False
False,2,True,0.5,False,2,False,False,0,hybrid_logistic_start2_every_sample_lambda10,False,invalid_extraction_driven_uncertainty,168,False,True,True,2,False,False,False
True,2,False,0.0,False,2,False,True,0,hybrid_logistic_start2_every_sample_lambda10,False,safe_early_stop,171,False,True,False,2,False,False,False
False,8,False,0.0,False,8,False,True,2,hybrid_logistic_start2_every_sample_lambda10,True,premature_stop_with_missed_recovery,180,False,False,False,8,False,False,True
True,2,False,0.0,False,2,False,True,0,hybrid_logistic_start2_every_sample_lambda10,False,safe_early_stop,182,False,True,False,2,False,False,False
True,2,False,0.0,False,2,False,True,0,hybrid_logistic_start2_every_sample_lambda10,False,safe_early_stop,192,False,True,False,2,False,False,False
True,2,False,0.0,False,2,False,True,0,hybrid_logistic_start2_every_sample_lambda10,False,safe_early_stop,194,False,True,False,2,False,False,False
True,4,False,0.0,False,4,False,True,0,hybrid_logistic_start2_every_sample_lambda10,False,safe_early_stop,197,False,True,False,4,False,False,False
True,2,False,0.0,False,2,False,True,0,hybrid_logistic_start2_every_sample_lambda10,False,safe_early_stop,201,False,True,False,2,False,False,False
True,2,False,0.0,False,2,False,True,0,hybrid_logistic_start2_every_sample_lambda10,False,safe_early_stop,206,False,True,False,2,False,False,False
True,2,False,0.0,False,2,False,True,0,hybrid_logistic_start2_every_sample_lambda10,False,safe_early_stop,207,False,True,False,2,False,False,False
True,2,False,0.0,False,2,False,True,0,hybrid_logistic_start2_every_sample_lambda10,False,safe_early_stop,229,False,True,False,2,False,False,False
True,2,False,0.0,False,2,False,True,0,hybrid_logistic_start2_every_sample_lambda10,False,safe_early_stop,237,False,True,False,2,False,False,False
True,2,False,0.0,False,2,False,True,0,hybrid_logistic_start2_every_sample_lambda10,False,safe_early_stop,241,False,True,False,2,False,False,False
False,6,False,0.0,False,6,False,False,1,hybrid_logistic_start2_every_sample_lambda10,False,safe_early_stop,242,False,True,False,6,False,False,False
False,2,True,0.5,False,2,False,False,1,hybrid_logistic_start2_every_sample_lambda10,False,invalid_extraction_driven_uncertainty,249,False,True,False,2,False,False,False
True,2,False,0.0,False,2,False,True,0,hybrid_logistic_start2_every_sample_lambda10,False,safe_early_stop,263,False,True,False,2,False,False,False
True,2,False,0.0,False,2,False,True,0,hybrid_logistic_start2_every_sample_lambda10,False,safe_early_stop,268,False,True,False,2,False,False,False
True,2,False,0.0,False,2,False,True,0,hybrid_logistic_start2_every_sample_lambda10,False,safe_early_stop,270,False,True,False,2,False,False,False
True,2,False,0.0,False,2,False,True,0,hybrid_logistic_start2_every_sample_lambda10,False,safe_early_stop,271,False,True,False,2,False,False,False
True,2,False,0.0,False,2,False,True,2,hybrid_logistic_start2_every_sample_lambda10,False,unstable_trajectory,272,False,True,False,2,False,False,True
False,16,False,0.0,False,16,False,False,1,hybrid_logistic_start2_every_sample_lambda10,False,unnecessary_continuation,274,False,False,False,16,False,True,False
True,2,False,0.0,False,2,False,True,0,hybrid_logistic_start2_every_sample_lambda10,False,safe_early_stop,275,False,True,False,2,False,False,False
True,2,False,0.0,False,2,False,True,0,hybrid_logistic_start2_every_sample_lambda10,False,safe_early_stop,276,False,True,False,2,False,False,False
True,16,False,0.0,False,16,False,True,3,hybrid_logistic_start2_every_sample_lambda10,False,unnecessary_continuation,281,False,False,False,16,False,True,True
False,2,False,0.0,False,2,False,False,0,hybrid_logistic_start2_every_sample_lambda10,False,stable_wrong_trajectory,282,False,True,True,2,False,False,False
True,2,False,0.0,False,2,False,True,0,hybrid_logistic_start2_every_sample_lambda10,False,safe_early_stop,283,False,True,False,2,False,False,False
False,2,True,0.5,False,2,False,False,0,hybrid_logistic_start2_every_sample_lambda10,False,invalid_extraction_driven_uncertainty,286,False,True,True,2,False,False,False
False,2,True,0.5,False,2,False,False,0,hybrid_logistic_start2_every_sample_lambda10,False,invalid_extraction_driven_uncertainty,288,False,True,True,2,False,False,False
False,2,False,0.0,False,2,False,False,0,hybrid_logistic_start2_every_sample_lambda10,False,stable_wrong_trajectory,296,False,True,True,2,False,False,False
True,2,False,0.0,False,2,False,True,0,hybrid_logistic_start2_every_sample_lambda10,False,safe_early_stop,312,False,True,False,2,False,False,False
True,2,False,0.0,False,2,False,True,0,hybrid_logistic_start2_every_sample_lambda10,False,safe_early_stop,313,False,True,False,2,False,False,False
True,2,False,0.0,False,2,False,True,0,hybrid_logistic_start2_every_sample_lambda10,False,safe_early_stop,320,False,True,False,2,False,False,False
True,16,True,0.0625,False,16,False,True,6,hybrid_logistic_start2_every_sample_lambda10,False,unnecessary_continuation,332,False,False,False,16,False,True,True
False,16,True,1.0,False,16,False,False,0,hybrid_logistic_start2_every_sample_lambda10,False,unnecessary_continuation,340,False,False,True,16,False,True,False
True,2,False,0.0,False,2,False,True,0,hybrid_logistic_start2_every_sample_lambda10,False,safe_early_stop,342,False,True,False,2,False,False,False
True,2,False,0.0,False,2,False,True,0,hybrid_logistic_start2_every_sample_lambda10,False,safe_early_stop,343,False,True,False,2,False,False,False
True,2,False,0.0,False,2,False,True,0,hybrid_logistic_start2_every_sample_lambda10,False,safe_early_stop,346,False,True,False,2,False,False,False
False,2,False,0.0,False,2,False,False,0,hybrid_logistic_start2_every_sample_lambda10,False,stable_wrong_trajectory,351,False,True,True,2,False,False,False
True,2,False,0.0,False,2,False,True,0,hybrid_logistic_start2_every_sample_lambda10,False,safe_early_stop,359,False,True,False,2,False,False,False
True,2,False,0.0,False,2,False,True,0,hybrid_logistic_start2_every_sample_lambda10,False,safe_early_stop,362,False,True,False,2,False,False,False
False,16,True,0.125,False,16,False,False,0,hybrid_logistic_start2_every_sample_lambda10,False,unnecessary_continuation,381,False,False,True,16,False,True,False
True,2,False,0.0,False,2,False,True,0,hybrid_logistic_start2_every_sample_lambda10,False,safe_early_stop,386,False,True,False,2,False,False,False
True,2,False,0.0,False,2,False,True,0,hybrid_logistic_start2_every_sample_lambda10,False,safe_early_stop,387,False,True,False,2,False,False,False
True,16,False,0.0,False,16,False,True,3,hybrid_logistic_start2_every_sample_lambda10,False,unnecessary_continuation,388,False,False,False,16,False,True,True
False,16,False,0.0,False,16,False,False,1,hybrid_logistic_start2_every_sample_lambda10,False,unnecessary_continuation,398,False,False,False,16,False,True,False
True,16,False,0.0,False,16,False,True,6,hybrid_logistic_start2_every_sample_lambda10,False,unnecessary_continuation,400,False,False,False,16,False,True,True
False,6,True,0.8333333333333334,False,6,False,False,1,hybrid_logistic_start2_every_sample_lambda10,False,invalid_extraction_driven_uncertainty,401,False,True,False,6,False,False,False
False,2,False,0.0,False,2,False,False,0,hybrid_logistic_start2_every_sample_lambda10,False,stable_wrong_trajectory,403,False,True,True,2,False,False,False
True,2,False,0.0,False,2,False,True,0,hybrid_logistic_start2_every_sample_lambda10,False,safe_early_stop,406,False,True,False,2,False,False,False
False,7,True,0.8571428571428571,False,7,False,False,1,hybrid_logistic_start2_every_sample_lambda10,False,invalid_extraction_driven_uncertainty,422,False,True,False,7,False,False,False
True,2,False,0.0,False,2,False,True,0,hybrid_logistic_start2_every_sample_lambda10,False,safe_early_stop,427,False,True,False,2,False,False,False
True,2,False,0.0,False,2,False,True,0,hybrid_logistic_start2_every_sample_lambda10,False,safe_early_stop,429,False,True,False,2,False,False,False
True,2,False,0.0,False,2,False,True,0,hybrid_logistic_start2_every_sample_lambda10,False,safe_early_stop,430,False,True,False,2,False,False,False
True,2,False,0.0,False,2,False,True,0,hybrid_logistic_start2_every_sample_lambda10,False,safe_early_stop,441,False,True,False,2,False,False,False
True,2,False,0.0,False,2,False,True,0,hybrid_logistic_start2_every_sample_lambda10,False,safe_early_stop,446,False,True,False,2,False,False,False
True,2,False,0.0,False,2,False,True,0,hybrid_logistic_start2_every_sample_lambda10,False,safe_early_stop,448,False,True,False,2,False,False,False
True,2,False,0.0,False,2,False,True,0,hybrid_logistic_start2_every_sample_lambda10,False,safe_early_stop,449,False,True,False,2,False,False,False
True,2,False,0.0,False,2,False,True,0,hybrid_logistic_start2_every_sample_lambda10,False,safe_early_stop,457,False,True,False,2,False,False,False
True,2,False,0.0,False,2,False,True,0,hybrid_logistic_start2_every_sample_lambda10,False,safe_early_stop,465,False,True,False,2,False,False,False
False,4,False,0.0,False,4,False,True,3,hybrid_logistic_start2_every_sample_lambda10,True,premature_stop_with_missed_recovery,473,False,False,False,4,False,False,True
True,2,False,0.0,False,2,False,True,0,hybrid_logistic_start2_every_sample_lambda10,False,safe_early_stop,487,False,True,False,2,False,False,False
False,16,False,0.0,False,16,False,False,2,hybrid_logistic_start2_every_sample_lambda10,False,unnecessary_continuation,491,False,False,False,16,False,True,True
True,2,False,0.0,False,2,False,True,0,hybrid_logistic_start2_every_sample_lambda10,False,safe_early_stop,0,False,True,False,2,False,False,False
True,2,False,0.0,False,2,False,True,0,hybrid_logistic_start2_every_sample_lambda10,False,safe_early_stop,1,False,True,False,2,False,False,False
True,2,False,0.0,False,2,False,True,0,hybrid_logistic_start2_every_sample_lambda10,False,safe_early_stop,3,False,True,False,2,False,False,False
True,2,False,0.0,False,2,False,True,0,hybrid_logistic_start2_every_sample_lambda10,False,safe_early_stop,12,False,True,False,2,False,False,False
False,4,False,0.0,False,4,False,False,0,hybrid_logistic_start2_every_sample_lambda10,False,stable_wrong_trajectory,14,False,True,True,4,False,False,False
True,2,False,0.0,False,2,False,True,0,hybrid_logistic_start2_every_sample_lambda10,False,safe_early_stop,15,False,True,False,2,False,False,False
True,4,False,0.0,False,4,False,False,6,hybrid_logistic_start2_every_sample_lambda10,False,regression_avoided,17,True,True,False,4,False,False,True
True,2,False,0.0,False,2,False,True,0,hybrid_logistic_start2_every_sample_lambda10,False,safe_early_stop,30,False,True,False,2,False,False,False
True,2,False,0.0,False,2,False,True,0,hybrid_logistic_start2_every_sample_lambda10,False,safe_early_stop,31,False,True,False,2,False,False,False
True,2,False,0.0,False,2,False,True,0,hybrid_logistic_start2_every_sample_lambda10,False,safe_early_stop,51,False,True,False,2,False,False,False
True,2,False,0.0,False,2,False,True,0,hybrid_logistic_start2_every_sample_lambda10,False,safe_early_stop,52,False,True,False,2,False,False,False
True,2,False,0.0,False,2,False,True,0,hybrid_logistic_start2_every_sample_lambda10,False,safe_early_stop,59,False,True,False,2,False,False,False
False,4,True,0.75,False,4,False,False,2,hybrid_logistic_start2_every_sample_lambda10,False,invalid_extraction_driven_uncertainty,60,False,True,False,4,False,False,True
True,2,False,0.0,False,2,False,True,0,hybrid_logistic_start2_every_sample_lambda10,False,safe_early_stop,61,False,True,False,2,False,False,False
True,2,False,0.0,False,2,False,True,0,hybrid_logistic_start2_every_sample_lambda10,False,safe_early_stop,66,False,True,False,2,False,False,False
True,2,False,0.0,False,2,False,True,0,hybrid_logistic_start2_every_sample_lambda10,False,safe_early_stop,69,False,True,False,2,False,False,False
True,16,False,0.0,False,16,False,True,1,hybrid_logistic_start2_every_sample_lambda10,False,unnecessary_continuation,71,False,False,False,16,False,True,False
True,2,False,0.0,False,2,False,True,0,hybrid_logistic_start2_every_sample_lambda10,False,safe_early_stop,91,False,True,False,2,False,False,False
False,2,True,0.5,False,2,False,False,0,hybrid_logistic_start2_every_sample_lambda10,False,invalid_extraction_driven_uncertainty,94,False,True,True,2,False,False,False
False,2,True,0.5,False,2,False,False,1,hybrid_logistic_start2_every_sample_lambda10,False,invalid_extraction_driven_uncertainty,96,False,True,False,2,False,False,False
True,2,False,0.0,False,2,False,True,0,hybrid_logistic_start2_every_sample_lambda10,False,safe_early_stop,97,False,True,False,2,False,False,False
False,16,True,0.125,False,16,False,False,1,hybrid_logistic_start2_every_sample_lambda10,False,unnecessary_continuation,100,False,False,False,16,False,True,False
True,2,False,0.0,False,2,False,True,0,hybrid_logistic_start2_every_sample_lambda10,False,safe_early_stop,111,False,True,False,2,False,False,False
True,2,True,0.5,False,2,False,False,1,hybrid_logistic_start2_every_sample_lambda10,False,regression_avoided,123,True,True,False,2,False,False,False
True,16,False,0.0,False,16,False,True,3,hybrid_logistic_start2_every_sample_lambda10,False,unnecessary_continuation,129,False,False,False,16,False,True,True
True,2,False,0.0,False,2,False,True,0,hybrid_logistic_start2_every_sample_lambda10,False,safe_early_stop,133,False,True,False,2,False,False,False
True,2,False,0.0,False,2,False,True,0,hybrid_logistic_start2_every_sample_lambda10,False,safe_early_stop,135,False,True,False,2,False,False,False
True,4,False,0.0,False,4,False,True,4,hybrid_logistic_start2_every_sample_lambda10,False,unstable_trajectory,142,False,True,False,4,False,False,True
True,16,True,0.0625,False,16,False,True,2,hybrid_logistic_start2_every_sample_lambda10,False,unnecessary_continuation,145,False,False,False,16,False,True,True
True,2,False,0.0,False,2,False,True,0,hybrid_logistic_start2_every_sample_lambda10,False,safe_early_stop,151,False,True,False,2,False,False,False
False,16,False,0.0,False,16,False,False,2,hybrid_logistic_start2_every_sample_lambda10,False,unnecessary_continuation,154,False,False,False,16,False,True,True
True,2,False,0.0,False,2,False,True,0,hybrid_logistic_start2_every_sample_lambda10,False,safe_early_stop,161,False,True,False,2,False,False,False
True,2,False,0.0,False,2,False,True,0,hybrid_logistic_start2_every_sample_lambda10,False,safe_early_stop,163,False,True,False,2,False,False,False
True,2,False,0.0,False,2,False,True,0,hybrid_logistic_start2_every_sample_lambda10,False,safe_early_stop,165,False,True,False,2,False,False,False
True,2,False,0.0,False,2,False,True,0,hybrid_logistic_start2_every_sample_lambda10,False,safe_early_stop,178,False,True,False,2,False,False,False
True,2,False,0.0,False,2,False,True,0,hybrid_logistic_start2_every_sample_lambda10,False,safe_early_stop,188,False,True,False,2,False,False,False
True,4,False,0.0,False,4,False,False,3,hybrid_logistic_start2_every_sample_lambda10,False,regression_avoided,190,True,True,False,4,False,False,True
True,2,False,0.0,False,2,False,True,0,hybrid_logistic_start2_every_sample_lambda10,False,safe_early_stop,191,False,True,False,2,False,False,False
True,2,False,0.0,False,2,False,True,0,hybrid_logistic_start2_every_sample_lambda10,False,safe_early_stop,196,False,True,False,2,False,False,False
True,2,False,0.0,False,2,False,True,0,hybrid_logistic_start2_every_sample_lambda10,False,safe_early_stop,200,False,True,False,2,False,False,False
True,2,False,0.0,False,2,False,True,0,hybrid_logistic_start2_every_sample_lambda10,False,safe_early_stop,208,False,True,False,2,False,False,False
False,2,True,0.5,False,2,False,False,0,hybrid_logistic_start2_every_sample_lambda10,False,invalid_extraction_driven_uncertainty,213,False,True,True,2,False,False,False
False,16,True,0.0625,False,16,False,False,3,hybrid_logistic_start2_every_sample_lambda10,False,unnecessary_continuation,214,False,False,False,16,False,True,True
True,2,False,0.0,False,2,False,True,0,hybrid_logistic_start2_every_sample_lambda10,False,safe_early_stop,216,False,True,False,2,False,False,False
True,16,False,0.0,False,16,False,True,0,hybrid_logistic_start2_every_sample_lambda10,False,unnecessary_continuation,219,False,False,False,16,False,True,False
False,2,True,0.5,False,2,False,False,0,hybrid_logistic_start2_every_sample_lambda10,False,invalid_extraction_driven_uncertainty,224,False,True,True,2,False,False,False
True,2,False,0.0,False,2,False,True,0,hybrid_logistic_start2_every_sample_lambda10,False,safe_early_stop,226,False,True,False,2,False,False,False
True,2,False,0.0,False,2,False,True,0,hybrid_logistic_start2_every_sample_lambda10,False,safe_early_stop,233,False,True,False,2,False,False,False
False,14,False,0.0,False,14,False,False,1,hybrid_logistic_start2_every_sample_lambda10,False,safe_early_stop,240,False,True,False,14,False,False,False
True,2,False,0.0,False,2,False,True,0,hybrid_logistic_start2_every_sample_lambda10,False,safe_early_stop,244,False,True,False,2,False,False,False
False,16,True,0.125,False,16,False,False,1,hybrid_logistic_start2_every_sample_lambda10,False,unnecessary_continuation,245,False,False,False,16,False,True,False
True,2,False,0.0,False,2,False,True,0,hybrid_logistic_start2_every_sample_lambda10,False,safe_early_stop,247,False,True,False,2,False,False,False
True,2,False,0.0,False,2,False,True,0,hybrid_logistic_start2_every_sample_lambda10,False,safe_early_stop,250,False,True,False,2,False,False,False
True,2,False,0.0,False,2,False,True,0,hybrid_logistic_start2_every_sample_lambda10,False,safe_early_stop,252,False,True,False,2,False,False,False
True,2,False,0.0,False,2,False,True,0,hybrid_logistic_start2_every_sample_lambda10,False,safe_early_stop,258,False,True,False,2,False,False,False
True,2,False,0.0,False,2,False,True,0,hybrid_logistic_start2_every_sample_lambda10,False,safe_early_stop,262,False,True,False,2,False,False,False
False,2,False,0.0,False,2,False,True,5,hybrid_logistic_start2_every_sample_lambda10,True,premature_stop_with_missed_recovery,266,False,False,False,2,False,False,True
True,2,False,0.0,False,2,False,True,0,hybrid_logistic_start2_every_sample_lambda10,False,safe_early_stop,278,False,True,False,2,False,False,False
False,2,False,0.0,False,2,False,True,1,hybrid_logistic_start2_every_sample_lambda10,True,premature_stop_with_missed_recovery,279,False,False,False,2,False,False,False
False,4,False,0.0,False,4,False,False,0,hybrid_logistic_start2_every_sample_lambda10,False,stable_wrong_trajectory,295,False,True,True,4,False,False,False
False,2,True,0.5,False,2,False,True,3,hybrid_logistic_start2_every_sample_lambda10,True,premature_stop_with_missed_recovery,298,False,False,False,2,False,False,True
False,16,True,0.125,False,16,False,False,1,hybrid_logistic_start2_every_sample_lambda10,False,unnecessary_continuation,306,False,False,False,16,False,True,False
True,2,False,0.0,False,2,False,True,0,hybrid_logistic_start2_every_sample_lambda10,False,safe_early_stop,310,False,True,False,2,False,False,False
True,2,False,0.0,False,2,False,True,0,hybrid_logistic_start2_every_sample_lambda10,False,safe_early_stop,316,False,True,False,2,False,False,False
True,2,False,0.0,False,2,False,True,0,hybrid_logistic_start2_every_sample_lambda10,False,safe_early_stop,323,False,True,False,2,False,False,False
True,16,True,0.125,False,16,False,True,1,hybrid_logistic_start2_every_sample_lambda10,False,unnecessary_continuation,324,False,False,False,16,False,True,False
True,2,False,0.0,False,2,False,True,0,hybrid_logistic_start2_every_sample_lambda10,False,safe_early_stop,325,False,True,False,2,False,False,False
True,2,False,0.0,False,2,False,True,0,hybrid_logistic_start2_every_sample_lambda10,False,safe_early_stop,330,False,True,False,2,False,False,False
True,2,False,0.0,False,2,False,True,0,hybrid_logistic_start2_every_sample_lambda10,False,safe_early_stop,338,False,True,False,2,False,False,False
False,2,False,0.0,False,2,False,False,0,hybrid_logistic_start2_every_sample_lambda10,False,stable_wrong_trajectory,349,False,True,True,2,False,False,False
True,2,False,0.0,False,2,False,True,0,hybrid_logistic_start2_every_sample_lambda10,False,safe_early_stop,350,False,True,False,2,False,False,False
True,2,False,0.0,False,2,False,True,0,hybrid_logistic_start2_every_sample_lambda10,False,safe_early_stop,353,False,True,False,2,False,False,False
False,16,False,0.0,False,16,False,False,2,hybrid_logistic_start2_every_sample_lambda10,False,unnecessary_continuation,358,False,False,False,16,False,True,True
True,2,False,0.0,False,2,False,True,0,hybrid_logistic_start2_every_sample_lambda10,False,safe_early_stop,364,False,True,False,2,False,False,False
False,2,False,0.0,False,2,False,False,0,hybrid_logistic_start2_every_sample_lambda10,False,stable_wrong_trajectory,365,False,True,True,2,False,False,False
True,2,False,0.0,False,2,False,True,0,hybrid_logistic_start2_every_sample_lambda10,False,safe_early_stop,366,False,True,False,2,False,False,False
True,2,False,0.0,False,2,False,True,0,hybrid_logistic_start2_every_sample_lambda10,False,safe_early_stop,374,False,True,False,2,False,False,False
True,4,False,0.0,False,4,False,True,0,hybrid_logistic_start2_every_sample_lambda10,False,safe_early_stop,382,False,True,False,4,False,False,False
True,16,False,0.0,False,16,False,True,1,hybrid_logistic_start2_every_sample_lambda10,False,unnecessary_continuation,389,False,False,False,16,False,True,False
True,2,False,0.0,False,2,False,True,0,hybrid_logistic_start2_every_sample_lambda10,False,safe_early_stop,396,False,True,False,2,False,False,False
True,2,False,0.0,False,2,False,True,0,hybrid_logistic_start2_every_sample_lambda10,False,safe_early_stop,405,False,True,False,2,False,False,False
True,2,False,0.0,False,2,False,True,0,hybrid_logistic_start2_every_sample_lambda10,False,safe_early_stop,409,False,True,False,2,False,False,False
True,2,False,0.0,False,2,False,True,0,hybrid_logistic_start2_every_sample_lambda10,False,safe_early_stop,414,False,True,False,2,False,False,False
False,2,False,0.0,False,2,False,False,0,hybrid_logistic_start2_every_sample_lambda10,False,stable_wrong_trajectory,420,False,True,True,2,False,False,False
True,2,False,0.0,False,2,False,False,5,hybrid_logistic_start2_every_sample_lambda10,False,regression_avoided,423,True,True,False,2,False,False,True
True,2,False,0.0,False,2,False,True,0,hybrid_logistic_start2_every_sample_lambda10,False,safe_early_stop,424,False,True,False,2,False,False,False
True,2,False,0.0,False,2,False,True,0,hybrid_logistic_start2_every_sample_lambda10,False,safe_early_stop,437,False,True,False,2,False,False,False
True,2,False,0.0,False,2,False,True,0,hybrid_logistic_start2_every_sample_lambda10,False,safe_early_stop,443,False,True,False,2,False,False,False
True,2,False,0.0,False,2,False,True,0,hybrid_logistic_start2_every_sample_lambda10,False,safe_early_stop,450,False,True,False,2,False,False,False
True,2,False,0.0,False,2,False,True,0,hybrid_logistic_start2_every_sample_lambda10,False,safe_early_stop,455,False,True,False,2,False,False,False
True,2,False,0.0,False,2,False,True,0,hybrid_logistic_start2_every_sample_lambda10,False,safe_early_stop,469,False,True,False,2,False,False,False
False,4,True,0.75,False,4,False,True,2,hybrid_logistic_start2_every_sample_lambda10,True,premature_stop_with_missed_recovery,470,False,False,False,4,False,False,True
True,2,False,0.0,False,2,False,True,0,hybrid_logistic_start2_every_sample_lambda10,False,safe_early_stop,474,False,True,False,2,False,False,False
True,2,False,0.0,False,2,False,True,0,hybrid_logistic_start2_every_sample_lambda10,False,safe_early_stop,476,False,True,False,2,False,False,False
True,2,False,0.0,False,2,False,True,0,hybrid_logistic_start2_every_sample_lambda10,False,safe_early_stop,480,False,True,False,2,False,False,False
False,16,True,0.3125,False,16,False,False,1,hybrid_logistic_start2_every_sample_lambda10,False,unnecessary_continuation,481,False,False,False,16,False,True,False
False,2,True,0.5,False,2,False,True,1,hybrid_logistic_start2_every_sample_lambda10,True,premature_stop_with_missed_recovery,485,False,False,False,2,False,False,False
True,4,False,0.0,False,4,False,True,0,hybrid_logistic_start2_every_sample_lambda10,False,safe_early_stop,486,False,True,False,4,False,False,False
True,2,False,0.0,False,2,False,True,0,hybrid_logistic_start2_every_sample_lambda10,False,safe_early_stop,488,False,True,False,2,False,False,False
False,2,True,0.5,False,2,False,False,0,hybrid_logistic_start2_every_sample_lambda10,False,invalid_extraction_driven_uncertainty,498,False,True,True,2,False,False,False
True,2,False,0.0,False,2,False,True,0,hybrid_histgb_start2_every_sample_lambda10,False,safe_early_stop,4,False,True,False,3,False,False,False
True,2,False,0.0,False,2,False,True,0,hybrid_histgb_start2_every_sample_lambda10,False,safe_early_stop,8,False,True,False,3,False,False,False
False,16,True,0.125,False,16,False,False,4,hybrid_histgb_start2_every_sample_lambda10,False,unnecessary_continuation,9,False,False,False,16,False,True,True
False,16,True,0.375,False,2,True,False,0,hybrid_histgb_start2_every_sample_lambda10,False,unnecessary_continuation,11,False,False,True,16,False,True,False
True,2,False,0.0,False,2,False,True,0,hybrid_histgb_start2_every_sample_lambda10,False,safe_early_stop,16,False,True,False,3,False,False,False
True,16,True,0.125,False,16,False,True,1,hybrid_histgb_start2_every_sample_lambda10,False,unnecessary_continuation,21,False,False,False,16,False,True,False
True,2,False,0.0,False,2,False,True,0,hybrid_histgb_start2_every_sample_lambda10,False,safe_early_stop,28,False,True,False,3,False,False,False
False,16,False,0.0,False,16,False,False,2,hybrid_histgb_start2_every_sample_lambda10,False,unnecessary_continuation,33,False,False,False,16,False,True,True
True,2,False,0.0,False,2,False,True,0,hybrid_histgb_start2_every_sample_lambda10,False,safe_early_stop,42,False,True,False,3,False,False,False
True,2,False,0.0,False,2,False,True,0,hybrid_histgb_start2_every_sample_lambda10,False,safe_early_stop,45,False,True,False,3,False,False,False
True,2,False,0.0,False,2,False,True,0,hybrid_histgb_start2_every_sample_lambda10,False,safe_early_stop,48,False,True,False,3,False,False,False
False,16,False,0.0,False,16,False,False,6,hybrid_histgb_start2_every_sample_lambda10,False,unnecessary_continuation,62,False,False,False,16,False,True,True
False,4,False,0.0,False,4,False,False,1,hybrid_histgb_start2_every_sample_lambda10,False,safe_early_stop,63,False,True,False,6,False,False,False
True,4,False,0.0,False,4,False,True,0,hybrid_histgb_start2_every_sample_lambda10,False,safe_early_stop,67,False,True,False,8,False,False,False
True,2,False,0.0,False,2,False,True,0,hybrid_histgb_start2_every_sample_lambda10,False,safe_early_stop,72,False,True,False,3,False,False,False
True,2,False,0.0,False,2,False,True,0,hybrid_histgb_start2_every_sample_lambda10,False,safe_early_stop,74,False,True,False,3,False,False,False
True,2,False,0.0,False,2,False,True,0,hybrid_histgb_start2_every_sample_lambda10,False,safe_early_stop,76,False,True,False,3,False,False,False
False,2,False,0.0,False,2,False,False,0,hybrid_histgb_start2_every_sample_lambda10,False,stable_wrong_trajectory,80,False,True,True,3,False,False,False
True,2,True,0.25,False,2,False,True,0,hybrid_histgb_start2_every_sample_lambda10,False,invalid_extraction_driven_uncertainty,88,False,True,False,4,False,False,False
False,2,False,0.0,False,2,False,False,0,hybrid_histgb_start2_every_sample_lambda10,False,stable_wrong_trajectory,90,False,True,True,3,False,False,False
True,2,False,0.0,False,2,False,True,0,hybrid_histgb_start2_every_sample_lambda10,False,safe_early_stop,102,False,True,False,3,False,False,False
False,3,True,0.5625,False,2,True,False,1,hybrid_histgb_start2_every_sample_lambda10,False,unnecessary_continuation,103,False,False,False,16,False,True,False
True,4,False,0.0,False,4,False,True,0,hybrid_histgb_start2_every_sample_lambda10,False,safe_early_stop,107,False,True,False,5,False,False,False
False,6,True,0.5625,False,5,True,False,1,hybrid_histgb_start2_every_sample_lambda10,False,unnecessary_continuation,109,False,False,False,16,False,True,False
True,2,False,0.0,False,2,False,True,0,hybrid_histgb_start2_every_sample_lambda10,False,safe_early_stop,117,False,True,False,3,False,False,False
True,3,True,0.4,False,2,True,True,0,hybrid_histgb_start2_every_sample_lambda10,False,invalid_extraction_driven_uncertainty,118,False,True,False,5,False,False,False
True,2,False,0.0,False,2,False,True,0,hybrid_histgb_start2_every_sample_lambda10,False,safe_early_stop,128,False,True,False,3,False,False,False
True,2,False,0.0,False,2,False,True,0,hybrid_histgb_start2_every_sample_lambda10,False,safe_early_stop,141,False,True,False,3,False,False,False
True,2,False,0.0,False,2,False,True,0,hybrid_histgb_start2_every_sample_lambda10,False,safe_early_stop,143,False,True,False,3,False,False,False
True,2,False,0.0,False,2,False,True,0,hybrid_histgb_start2_every_sample_lambda10,False,safe_early_stop,148,False,True,False,3,False,False,False
True,2,False,0.0,False,2,False,True,0,hybrid_histgb_start2_every_sample_lambda10,False,safe_early_stop,149,False,True,False,3,False,False,False
False,4,True,0.6666666666666666,False,3,True,False,1,hybrid_histgb_start2_every_sample_lambda10,False,invalid_extraction_driven_uncertainty,150,False,True,False,6,False,False,False
True,2,False,0.0,False,2,False,True,0,hybrid_histgb_start2_every_sample_lambda10,False,safe_early_stop,167,False,True,False,3,False,False,False
True,2,False,0.0,False,2,False,True,0,hybrid_histgb_start2_every_sample_lambda10,False,safe_early_stop,173,False,True,False,3,False,False,False
False,2,False,0.0,False,2,False,False,0,hybrid_histgb_start2_every_sample_lambda10,False,stable_wrong_trajectory,177,False,True,True,3,False,False,False
True,2,True,0.2,False,2,False,True,0,hybrid_histgb_start2_every_sample_lambda10,False,invalid_extraction_driven_uncertainty,179,False,True,False,10,False,False,False
True,2,False,0.0,False,2,False,True,0,hybrid_histgb_start2_every_sample_lambda10,False,safe_early_stop,181,False,True,False,3,False,False,False
True,2,False,0.0,False,2,False,True,0,hybrid_histgb_start2_every_sample_lambda10,False,safe_early_stop,195,False,True,False,3,False,False,False
True,2,False,0.0,False,2,False,True,0,hybrid_histgb_start2_every_sample_lambda10,False,safe_early_stop,209,False,True,False,3,False,False,False
True,2,False,0.0,False,2,False,True,0,hybrid_histgb_start2_every_sample_lambda10,False,safe_early_stop,211,False,True,False,3,False,False,False
True,2,False,0.0,False,2,False,True,0,hybrid_histgb_start2_every_sample_lambda10,False,safe_early_stop,221,False,True,False,3,False,False,False
False,4,False,0.0,False,4,False,False,1,hybrid_histgb_start2_every_sample_lambda10,False,safe_early_stop,222,False,True,False,6,False,False,False
True,2,False,0.0,False,2,False,True,0,hybrid_histgb_start2_every_sample_lambda10,False,safe_early_stop,225,False,True,False,3,False,False,False
True,2,False,0.0,False,2,False,True,0,hybrid_histgb_start2_every_sample_lambda10,False,safe_early_stop,227,False,True,False,3,False,False,False
True,14,True,0.5714285714285714,False,14,False,True,1,hybrid_histgb_start2_every_sample_lambda10,False,invalid_extraction_driven_uncertainty,228,False,True,False,14,False,False,False
False,16,True,0.25,False,16,False,False,5,hybrid_histgb_start2_every_sample_lambda10,False,invalid_extraction_driven_uncertainty,236,False,False,False,16,False,False,True
True,2,False,0.0,False,2,False,True,0,hybrid_histgb_start2_every_sample_lambda10,False,safe_early_stop,251,False,True,False,3,False,False,False
True,2,False,0.0,False,2,False,True,0,hybrid_histgb_start2_every_sample_lambda10,False,safe_early_stop,253,False,True,False,3,False,False,False
True,2,False,0.0,False,2,False,True,0,hybrid_histgb_start2_every_sample_lambda10,False,safe_early_stop,254,False,True,False,3,False,False,False
True,2,False,0.0,False,2,False,True,0,hybrid_histgb_start2_every_sample_lambda10,False,safe_early_stop,257,False,True,False,3,False,False,False
True,2,False,0.0,False,2,False,True,0,hybrid_histgb_start2_every_sample_lambda10,False,safe_early_stop,260,False,True,False,3,False,False,False
True,2,False,0.0,False,2,False,True,0,hybrid_histgb_start2_every_sample_lambda10,False,safe_early_stop,261,False,True,False,3,False,False,False
False,2,True,0.0625,False,2,False,False,0,hybrid_histgb_start2_every_sample_lambda10,False,unnecessary_continuation,264,False,False,True,16,False,True,False
True,2,False,0.0,False,2,False,True,0,hybrid_histgb_start2_every_sample_lambda10,False,safe_early_stop,273,False,True,False,3,False,False,False
True,2,False,0.0,False,2,False,False,3,hybrid_histgb_start2_every_sample_lambda10,False,regression_avoided,284,True,True,False,3,False,False,True
False,4,True,0.8125,False,3,True,False,1,hybrid_histgb_start2_every_sample_lambda10,False,unnecessary_continuation,285,False,False,False,16,False,True,False
True,11,True,0.45454545454545453,False,11,False,True,0,hybrid_histgb_start2_every_sample_lambda10,False,invalid_extraction_driven_uncertainty,290,False,True,False,11,False,False,False
True,16,False,0.0,False,16,False,True,2,hybrid_histgb_start2_every_sample_lambda10,False,unnecessary_continuation,291,False,False,False,16,False,True,True
True,2,False,0.0,False,2,False,True,0,hybrid_histgb_start2_every_sample_lambda10,False,safe_early_stop,293,False,True,False,3,False,False,False
True,2,False,0.0,False,2,False,True,0,hybrid_histgb_start2_every_sample_lambda10,False,safe_early_stop,299,False,True,False,3,False,False,False
False,2,False,0.0,False,2,False,False,0,hybrid_histgb_start2_every_sample_lambda10,False,stable_wrong_trajectory,303,False,True,True,3,False,False,False
True,2,False,0.0,False,2,False,True,0,hybrid_histgb_start2_every_sample_lambda10,False,safe_early_stop,315,False,True,False,3,False,False,False
True,4,True,0.7142857142857143,False,3,True,True,1,hybrid_histgb_start2_every_sample_lambda10,False,invalid_extraction_driven_uncertainty,326,False,True,False,7,False,False,False
True,4,True,0.07692307692307693,False,4,False,True,0,hybrid_histgb_start2_every_sample_lambda10,False,invalid_extraction_driven_uncertainty,328,False,True,False,13,False,False,False
True,2,False,0.0,False,2,False,True,0,hybrid_histgb_start2_every_sample_lambda10,False,safe_early_stop,331,False,True,False,5,False,False,False
True,2,False,0.0,False,2,False,True,0,hybrid_histgb_start2_every_sample_lambda10,False,safe_early_stop,335,False,True,False,3,False,False,False
True,2,False,0.0,False,2,False,True,0,hybrid_histgb_start2_every_sample_lambda10,False,safe_early_stop,337,False,True,False,3,False,False,False
True,4,False,0.0,False,4,False,True,0,hybrid_histgb_start2_every_sample_lambda10,False,safe_early_stop,339,False,True,False,5,False,False,False
True,2,False,0.0,False,2,False,True,0,hybrid_histgb_start2_every_sample_lambda10,False,safe_early_stop,348,False,True,False,3,False,False,False
True,2,False,0.0,False,2,False,True,0,hybrid_histgb_start2_every_sample_lambda10,False,safe_early_stop,367,False,True,False,3,False,False,False
False,2,False,0.0,False,2,False,False,1,hybrid_histgb_start2_every_sample_lambda10,False,unnecessary_continuation,369,False,False,False,16,False,True,False
True,16,True,0.1875,False,16,False,True,5,hybrid_histgb_start2_every_sample_lambda10,False,unnecessary_continuation,371,False,False,False,16,False,True,True
True,2,False,0.0,False,2,False,True,0,hybrid_histgb_start2_every_sample_lambda10,False,safe_early_stop,373,False,True,False,3,False,False,False
True,3,True,0.4,False,2,True,True,0,hybrid_histgb_start2_every_sample_lambda10,False,invalid_extraction_driven_uncertainty,376,False,True,False,5,False,False,False
True,2,False,0.0,False,2,False,True,0,hybrid_histgb_start2_every_sample_lambda10,False,safe_early_stop,377,False,True,False,3,False,False,False
True,4,False,0.0,False,4,False,True,0,hybrid_histgb_start2_every_sample_lambda10,False,safe_early_stop,378,False,True,False,5,False,False,False
True,2,False,0.0,False,2,False,True,0,hybrid_histgb_start2_every_sample_lambda10,False,safe_early_stop,383,False,True,False,3,False,False,False
True,4,False,0.0,False,4,False,True,1,hybrid_histgb_start2_every_sample_lambda10,False,safe_early_stop,390,False,True,False,6,False,False,False
True,2,True,0.25,False,2,False,True,0,hybrid_histgb_start2_every_sample_lambda10,False,invalid_extraction_driven_uncertainty,391,False,True,False,4,False,False,False
True,2,False,0.0,False,2,False,True,0,hybrid_histgb_start2_every_sample_lambda10,False,safe_early_stop,395,False,True,False,3,False,False,False
True,2,False,0.0,False,2,False,True,0,hybrid_histgb_start2_every_sample_lambda10,False,safe_early_stop,407,False,True,False,3,False,False,False
True,10,True,0.875,False,10,False,True,1,hybrid_histgb_start2_every_sample_lambda10,False,unnecessary_continuation,408,False,False,False,16,False,True,False
False,16,True,0.625,False,4,True,False,3,hybrid_histgb_start2_every_sample_lambda10,False,invalid_extraction_driven_uncertainty,412,False,False,False,16,False,False,True
True,2,False,0.0,False,2,False,True,0,hybrid_histgb_start2_every_sample_lambda10,False,safe_early_stop,418,False,True,False,3,False,False,False
True,2,True,0.3333333333333333,False,2,False,True,0,hybrid_histgb_start2_every_sample_lambda10,False,invalid_extraction_driven_uncertainty,421,False,True,False,9,False,False,False
True,16,True,0.0625,False,16,False,True,1,hybrid_histgb_start2_every_sample_lambda10,False,unnecessary_continuation,425,False,False,False,16,False,True,False
True,2,False,0.0,False,2,False,True,0,hybrid_histgb_start2_every_sample_lambda10,False,safe_early_stop,438,False,True,False,3,False,False,False
True,2,False,0.0,False,2,False,True,0,hybrid_histgb_start2_every_sample_lambda10,False,safe_early_stop,439,False,True,False,3,False,False,False
False,3,True,0.3333333333333333,False,2,True,False,0,hybrid_histgb_start2_every_sample_lambda10,False,invalid_extraction_driven_uncertainty,444,False,True,True,9,False,False,False
False,16,True,0.5,False,16,False,False,4,hybrid_histgb_start2_every_sample_lambda10,False,unnecessary_continuation,445,False,False,False,16,False,True,True
True,4,False,0.0,False,4,False,True,0,hybrid_histgb_start2_every_sample_lambda10,False,safe_early_stop,447,False,True,False,5,False,False,False
True,2,False,0.0,False,2,False,True,0,hybrid_histgb_start2_every_sample_lambda10,False,safe_early_stop,451,False,True,False,3,False,False,False
True,2,False,0.0,False,2,False,True,0,hybrid_histgb_start2_every_sample_lambda10,False,safe_early_stop,453,False,True,False,3,False,False,False
False,16,True,1.0,False,16,False,False,0,hybrid_histgb_start2_every_sample_lambda10,False,unnecessary_continuation,454,False,False,True,16,False,True,False
True,2,True,0.25,False,2,False,True,0,hybrid_histgb_start2_every_sample_lambda10,False,invalid_extraction_driven_uncertainty,456,False,True,False,4,False,False,False
True,2,False,0.0,False,2,False,True,0,hybrid_histgb_start2_every_sample_lambda10,False,safe_early_stop,467,False,True,False,3,False,False,False
False,2,False,0.0,False,2,False,False,0,hybrid_histgb_start2_every_sample_lambda10,False,stable_wrong_trajectory,478,False,True,True,3,False,False,False
True,2,False,0.0,False,2,False,True,0,hybrid_histgb_start2_every_sample_lambda10,False,safe_early_stop,489,False,True,False,3,False,False,False
True,2,False,0.0,False,2,False,True,0,hybrid_histgb_start2_every_sample_lambda10,False,safe_early_stop,495,False,True,False,3,False,False,False
True,2,False,0.0,False,2,False,True,0,hybrid_histgb_start2_every_sample_lambda10,False,safe_early_stop,496,False,True,False,3,False,False,False
True,2,False,0.0,False,2,False,True,0,hybrid_histgb_start2_every_sample_lambda10,False,safe_early_stop,10,False,True,False,2,False,False,False
True,2,False,0.0,False,2,False,True,0,hybrid_histgb_start2_every_sample_lambda10,False,safe_early_stop,13,False,True,False,2,False,False,False
True,2,False,0.0,False,2,False,True,0,hybrid_histgb_start2_every_sample_lambda10,False,safe_early_stop,19,False,True,False,2,False,False,False
True,2,False,0.0,False,2,False,True,0,hybrid_histgb_start2_every_sample_lambda10,False,safe_early_stop,20,False,True,False,2,False,False,False
True,2,False,0.0,False,2,False,True,0,hybrid_histgb_start2_every_sample_lambda10,False,safe_early_stop,34,False,True,False,2,False,False,False
True,2,False,0.0,False,2,False,True,0,hybrid_histgb_start2_every_sample_lambda10,False,safe_early_stop,38,False,True,False,2,False,False,False
True,2,False,0.0,False,2,False,True,0,hybrid_histgb_start2_every_sample_lambda10,False,safe_early_stop,40,False,True,False,2,False,False,False
False,16,False,0.0,False,16,False,False,1,hybrid_histgb_start2_every_sample_lambda10,False,unnecessary_continuation,41,False,False,False,16,False,True,False
True,7,True,0.42857142857142855,False,2,True,True,0,hybrid_histgb_start2_every_sample_lambda10,False,invalid_extraction_driven_uncertainty,46,False,True,False,7,False,False,False
True,2,False,0.0,False,2,False,True,0,hybrid_histgb_start2_every_sample_lambda10,False,safe_early_stop,47,False,True,False,2,False,False,False
True,2,False,0.0,False,2,False,True,0,hybrid_histgb_start2_every_sample_lambda10,False,safe_early_stop,49,False,True,False,2,False,False,False
True,16,False,0.0,False,16,False,True,2,hybrid_histgb_start2_every_sample_lambda10,False,unnecessary_continuation,50,False,False,False,16,False,True,True
True,2,False,0.0,False,2,False,True,0,hybrid_histgb_start2_every_sample_lambda10,False,safe_early_stop,55,False,True,False,2,False,False,False
True,2,False,0.0,False,2,False,True,0,hybrid_histgb_start2_every_sample_lambda10,False,safe_early_stop,77,False,True,False,2,False,False,False
True,2,False,0.0,False,2,False,True,0,hybrid_histgb_start2_every_sample_lambda10,False,safe_early_stop,78,False,True,False,2,False,False,False
True,2,False,0.0,False,2,False,True,0,hybrid_histgb_start2_every_sample_lambda10,False,safe_early_stop,84,False,True,False,2,False,False,False
True,2,False,0.0,False,2,False,True,0,hybrid_histgb_start2_every_sample_lambda10,False,safe_early_stop,85,False,True,False,2,False,False,False
True,2,False,0.0,False,2,False,True,0,hybrid_histgb_start2_every_sample_lambda10,False,safe_early_stop,86,False,True,False,2,False,False,False
True,2,False,0.0,False,2,False,True,0,hybrid_histgb_start2_every_sample_lambda10,False,safe_early_stop,93,False,True,False,2,False,False,False
False,2,False,0.0,False,2,False,False,0,hybrid_histgb_start2_every_sample_lambda10,False,stable_wrong_trajectory,104,False,True,True,2,False,False,False
False,16,False,0.0,False,16,False,False,2,hybrid_histgb_start2_every_sample_lambda10,False,unnecessary_continuation,105,False,False,False,16,False,True,True
True,5,False,0.0,False,4,True,True,1,hybrid_histgb_start2_every_sample_lambda10,False,safe_early_stop,112,False,True,False,4,False,False,False
True,2,False,0.0,False,2,False,True,0,hybrid_histgb_start2_every_sample_lambda10,False,safe_early_stop,114,False,True,False,2,False,False,False
False,16,False,0.0,False,16,False,False,0,hybrid_histgb_start2_every_sample_lambda10,False,unnecessary_continuation,115,False,False,True,16,False,True,False
True,16,False,0.0,False,16,False,True,2,hybrid_histgb_start2_every_sample_lambda10,False,unnecessary_continuation,119,False,False,False,16,False,True,True
True,2,False,0.0,False,2,False,True,0,hybrid_histgb_start2_every_sample_lambda10,False,safe_early_stop,121,False,True,False,2,False,False,False
True,2,False,0.0,False,2,False,True,0,hybrid_histgb_start2_every_sample_lambda10,False,safe_early_stop,122,False,True,False,2,False,False,False
True,2,False,0.0,False,2,False,True,0,hybrid_histgb_start2_every_sample_lambda10,False,safe_early_stop,127,False,True,False,2,False,False,False
True,2,False,0.0,False,2,False,True,0,hybrid_histgb_start2_every_sample_lambda10,False,safe_early_stop,132,False,True,False,2,False,False,False
True,7,True,0.8333333333333334,False,6,True,True,1,hybrid_histgb_start2_every_sample_lambda10,False,invalid_extraction_driven_uncertainty,136,False,True,False,6,False,False,False
False,16,True,0.3125,False,2,True,False,2,hybrid_histgb_start2_every_sample_lambda10,False,unnecessary_continuation,138,False,False,False,16,False,True,True
True,2,False,0.0,False,2,False,True,0,hybrid_histgb_start2_every_sample_lambda10,False,safe_early_stop,158,False,True,False,2,False,False,False
True,2,False,0.0,False,2,False,True,0,hybrid_histgb_start2_every_sample_lambda10,False,safe_early_stop,162,False,True,False,2,False,False,False
False,16,True,0.5625,False,2,True,False,0,hybrid_histgb_start2_every_sample_lambda10,False,unnecessary_continuation,170,False,False,True,16,False,True,False
True,2,False,0.0,False,2,False,True,0,hybrid_histgb_start2_every_sample_lambda10,False,safe_early_stop,172,False,True,False,2,False,False,False
True,5,False,0.0,False,4,True,True,0,hybrid_histgb_start2_every_sample_lambda10,False,safe_early_stop,176,False,True,False,4,False,False,False
True,2,False,0.0,False,2,False,True,0,hybrid_histgb_start2_every_sample_lambda10,False,safe_early_stop,183,False,True,False,2,False,False,False
True,2,False,0.0,False,2,False,True,0,hybrid_histgb_start2_every_sample_lambda10,False,safe_early_stop,198,False,True,False,2,False,False,False
True,2,False,0.0,False,2,False,True,0,hybrid_histgb_start2_every_sample_lambda10,False,safe_early_stop,202,False,True,False,2,False,False,False
True,2,False,0.0,False,2,False,True,0,hybrid_histgb_start2_every_sample_lambda10,False,safe_early_stop,205,False,True,False,2,False,False,False
True,16,False,0.0,False,16,False,True,2,hybrid_histgb_start2_every_sample_lambda10,False,unnecessary_continuation,210,False,False,False,16,False,True,True
True,4,False,0.0,False,4,False,True,0,hybrid_histgb_start2_every_sample_lambda10,False,safe_early_stop,212,False,True,False,4,False,False,False
True,2,False,0.0,False,2,False,True,0,hybrid_histgb_start2_every_sample_lambda10,False,safe_early_stop,215,False,True,False,2,False,False,False
True,2,False,0.0,False,2,False,True,0,hybrid_histgb_start2_every_sample_lambda10,False,safe_early_stop,218,False,True,False,2,False,False,False
False,2,False,0.0,False,2,False,False,0,hybrid_histgb_start2_every_sample_lambda10,False,stable_wrong_trajectory,220,False,True,True,2,False,False,False
True,2,False,0.0,False,2,False,True,0,hybrid_histgb_start2_every_sample_lambda10,False,safe_early_stop,223,False,True,False,2,False,False,False
True,2,False,0.0,False,2,False,True,0,hybrid_histgb_start2_every_sample_lambda10,False,safe_early_stop,231,False,True,False,2,False,False,False
True,6,False,0.0,False,6,False,True,1,hybrid_histgb_start2_every_sample_lambda10,False,safe_early_stop,232,False,True,False,6,False,False,False
True,2,False,0.0,False,2,False,True,0,hybrid_histgb_start2_every_sample_lambda10,False,safe_early_stop,238,False,True,False,2,False,False,False
False,16,True,1.0,False,16,False,False,0,hybrid_histgb_start2_every_sample_lambda10,False,unnecessary_continuation,239,False,False,True,16,False,True,False
True,2,False,0.0,False,2,False,True,0,hybrid_histgb_start2_every_sample_lambda10,False,safe_early_stop,243,False,True,False,2,False,False,False
True,2,False,0.0,False,2,False,True,0,hybrid_histgb_start2_every_sample_lambda10,False,safe_early_stop,256,False,True,False,2,False,False,False
True,2,False,0.0,False,2,False,True,0,hybrid_histgb_start2_every_sample_lambda10,False,safe_early_stop,265,False,True,False,2,False,False,False
True,10,False,0.0,False,10,False,True,1,hybrid_histgb_start2_every_sample_lambda10,False,safe_early_stop,267,False,True,False,10,False,False,False
True,2,False,0.0,False,2,False,True,0,hybrid_histgb_start2_every_sample_lambda10,False,safe_early_stop,277,False,True,False,2,False,False,False
True,2,False,0.0,False,2,False,True,0,hybrid_histgb_start2_every_sample_lambda10,False,safe_early_stop,287,False,True,False,2,False,False,False
True,2,False,0.0,False,2,False,True,0,hybrid_histgb_start2_every_sample_lambda10,False,safe_early_stop,289,False,True,False,2,False,False,False
True,2,False,0.0,False,2,False,True,0,hybrid_histgb_start2_every_sample_lambda10,False,safe_early_stop,297,False,True,False,2,False,False,False
True,2,False,0.0,False,2,False,True,0,hybrid_histgb_start2_every_sample_lambda10,False,safe_early_stop,305,False,True,False,2,False,False,False
False,16,False,0.0,False,16,False,False,2,hybrid_histgb_start2_every_sample_lambda10,False,unnecessary_continuation,308,False,False,False,16,False,True,True
True,2,False,0.0,False,2,False,True,0,hybrid_histgb_start2_every_sample_lambda10,False,safe_early_stop,314,False,True,False,2,False,False,False
True,2,False,0.0,False,2,False,True,0,hybrid_histgb_start2_every_sample_lambda10,False,safe_early_stop,322,False,True,False,2,False,False,False
True,2,False,0.0,False,2,False,True,0,hybrid_histgb_start2_every_sample_lambda10,False,safe_early_stop,329,False,True,False,2,False,False,False
True,4,True,0.5,False,2,True,True,0,hybrid_histgb_start2_every_sample_lambda10,False,invalid_extraction_driven_uncertainty,333,False,True,False,4,False,False,False
True,2,False,0.0,False,2,False,True,0,hybrid_histgb_start2_every_sample_lambda10,False,safe_early_stop,334,False,True,False,2,False,False,False
True,2,False,0.0,False,2,False,True,0,hybrid_histgb_start2_every_sample_lambda10,False,safe_early_stop,336,False,True,False,2,False,False,False
True,2,False,0.0,False,2,False,True,0,hybrid_histgb_start2_every_sample_lambda10,False,safe_early_stop,345,False,True,False,2,False,False,False
True,2,False,0.0,False,2,False,True,0,hybrid_histgb_start2_every_sample_lambda10,False,safe_early_stop,347,False,True,False,2,False,False,False
False,14,True,0.5714285714285714,False,2,True,False,1,hybrid_histgb_start2_every_sample_lambda10,False,invalid_extraction_driven_uncertainty,352,False,True,False,14,False,False,False
True,2,False,0.0,False,2,False,True,0,hybrid_histgb_start2_every_sample_lambda10,False,safe_early_stop,354,False,True,False,2,False,False,False
False,16,True,0.125,False,16,False,False,1,hybrid_histgb_start2_every_sample_lambda10,False,unnecessary_continuation,355,False,False,False,16,False,True,False
True,2,False,0.0,False,2,False,True,0,hybrid_histgb_start2_every_sample_lambda10,False,safe_early_stop,356,False,True,False,2,False,False,False
True,2,False,0.0,False,2,False,True,0,hybrid_histgb_start2_every_sample_lambda10,False,safe_early_stop,360,False,True,False,2,False,False,False
True,2,False,0.0,False,2,False,True,0,hybrid_histgb_start2_every_sample_lambda10,False,safe_early_stop,368,False,True,False,2,False,False,False
True,2,False,0.0,False,2,False,True,0,hybrid_histgb_start2_every_sample_lambda10,False,safe_early_stop,379,False,True,False,2,False,False,False
False,2,False,0.0,False,2,False,True,1,hybrid_histgb_start2_every_sample_lambda10,True,premature_stop_with_missed_recovery,385,False,False,False,2,False,False,False
False,2,False,0.0,False,2,False,False,0,hybrid_histgb_start2_every_sample_lambda10,False,stable_wrong_trajectory,392,False,True,True,2,False,False,False
True,2,False,0.0,False,2,False,True,0,hybrid_histgb_start2_every_sample_lambda10,False,safe_early_stop,393,False,True,False,2,False,False,False
True,14,True,0.42857142857142855,False,14,False,True,1,hybrid_histgb_start2_every_sample_lambda10,False,invalid_extraction_driven_uncertainty,394,False,True,False,14,False,False,False
True,2,False,0.0,False,2,False,True,0,hybrid_histgb_start2_every_sample_lambda10,False,safe_early_stop,397,False,True,False,2,False,False,False
True,2,False,0.0,False,2,False,True,0,hybrid_histgb_start2_every_sample_lambda10,False,safe_early_stop,402,False,True,False,2,False,False,False
True,2,False,0.0,False,2,False,True,0,hybrid_histgb_start2_every_sample_lambda10,False,safe_early_stop,404,False,True,False,2,False,False,False
True,2,False,0.0,False,2,False,True,0,hybrid_histgb_start2_every_sample_lambda10,False,safe_early_stop,410,False,True,False,2,False,False,False
True,2,False,0.0,False,2,False,True,0,hybrid_histgb_start2_every_sample_lambda10,False,safe_early_stop,415,False,True,False,2,False,False,False
True,2,False,0.0,False,2,False,True,0,hybrid_histgb_start2_every_sample_lambda10,False,safe_early_stop,416,False,True,False,2,False,False,False
True,2,False,0.0,False,2,False,True,0,hybrid_histgb_start2_every_sample_lambda10,False,safe_early_stop,417,False,True,False,2,False,False,False
True,2,False,0.0,False,2,False,True,0,hybrid_histgb_start2_every_sample_lambda10,False,safe_early_stop,426,False,True,False,2,False,False,False
True,4,False,0.0,False,4,False,True,0,hybrid_histgb_start2_every_sample_lambda10,False,safe_early_stop,428,False,True,False,4,False,False,False
False,16,False,0.0,False,16,False,False,4,hybrid_histgb_start2_every_sample_lambda10,False,unnecessary_continuation,431,False,False,False,16,False,True,True
False,16,True,0.8125,False,2,True,False,0,hybrid_histgb_start2_every_sample_lambda10,False,unnecessary_continuation,432,False,False,True,16,False,True,False
True,2,False,0.0,False,2,False,True,0,hybrid_histgb_start2_every_sample_lambda10,False,safe_early_stop,435,False,True,False,2,False,False,False
True,2,False,0.0,False,2,False,True,0,hybrid_histgb_start2_every_sample_lambda10,False,safe_early_stop,440,False,True,False,2,False,False,False
True,2,False,0.0,False,2,False,True,0,hybrid_histgb_start2_every_sample_lambda10,False,safe_early_stop,442,False,True,False,2,False,False,False
True,3,True,0.3333333333333333,False,2,True,True,0,hybrid_histgb_start2_every_sample_lambda10,False,invalid_extraction_driven_uncertainty,458,False,True,False,3,False,False,False
True,2,False,0.0,False,2,False,True,0,hybrid_histgb_start2_every_sample_lambda10,False,safe_early_stop,461,False,True,False,2,False,False,False
True,2,False,0.0,False,2,False,True,0,hybrid_histgb_start2_every_sample_lambda10,False,safe_early_stop,464,False,True,False,2,False,False,False
True,2,False,0.0,False,2,False,True,0,hybrid_histgb_start2_every_sample_lambda10,False,safe_early_stop,468,False,True,False,2,False,False,False
True,10,False,0.0,False,10,False,True,0,hybrid_histgb_start2_every_sample_lambda10,False,safe_early_stop,477,False,True,False,10,False,False,False
True,2,False,0.0,False,2,False,True,0,hybrid_histgb_start2_every_sample_lambda10,False,safe_early_stop,493,False,True,False,2,False,False,False
True,2,False,0.0,False,2,False,True,0,hybrid_histgb_start2_every_sample_lambda10,False,safe_early_stop,499,False,True,False,2,False,False,False
True,3,False,0.0,False,2,True,True,0,hybrid_histgb_start2_every_sample_lambda10,False,safe_early_stop,2,False,True,False,2,False,False,False
True,3,False,0.0,False,2,True,True,0,hybrid_histgb_start2_every_sample_lambda10,False,safe_early_stop,5,False,True,False,2,False,False,False
True,3,False,0.0,False,2,True,True,0,hybrid_histgb_start2_every_sample_lambda10,False,safe_early_stop,6,False,True,False,2,False,False,False
True,10,False,0.0,False,10,False,True,1,hybrid_histgb_start2_every_sample_lambda10,False,safe_early_stop,7,False,True,False,10,False,False,False
True,3,False,0.0,False,2,True,True,0,hybrid_histgb_start2_every_sample_lambda10,False,safe_early_stop,22,False,True,False,2,False,False,False
True,3,False,0.0,False,2,True,True,0,hybrid_histgb_start2_every_sample_lambda10,False,safe_early_stop,23,False,True,False,2,False,False,False
True,3,False,0.0,False,2,True,True,0,hybrid_histgb_start2_every_sample_lambda10,False,safe_early_stop,29,False,True,False,2,False,False,False
True,3,False,0.0,False,2,True,True,0,hybrid_histgb_start2_every_sample_lambda10,False,safe_early_stop,32,False,True,False,2,False,False,False
True,3,False,0.0,False,2,True,True,0,hybrid_histgb_start2_every_sample_lambda10,False,safe_early_stop,39,False,True,False,2,False,False,False
False,10,False,0.0,False,4,True,False,1,hybrid_histgb_start2_every_sample_lambda10,False,safe_early_stop,43,False,True,False,10,False,False,False
True,3,False,0.0,False,2,True,True,0,hybrid_histgb_start2_every_sample_lambda10,False,safe_early_stop,57,False,True,False,2,False,False,False
True,5,False,0.0,False,2,True,True,0,hybrid_histgb_start2_every_sample_lambda10,False,safe_early_stop,58,False,True,False,2,False,False,False
True,3,False,0.0,False,2,True,True,0,hybrid_histgb_start2_every_sample_lambda10,False,safe_early_stop,73,False,True,False,2,False,False,False
True,3,False,0.0,False,2,True,True,0,hybrid_histgb_start2_every_sample_lambda10,False,safe_early_stop,75,False,True,False,2,False,False,False
True,3,False,0.0,False,2,True,True,0,hybrid_histgb_start2_every_sample_lambda10,False,safe_early_stop,79,False,True,False,2,False,False,False
True,3,False,0.0,False,2,True,True,0,hybrid_histgb_start2_every_sample_lambda10,False,safe_early_stop,83,False,True,False,2,False,False,False
True,3,False,0.0,False,2,True,True,0,hybrid_histgb_start2_every_sample_lambda10,False,safe_early_stop,87,False,True,False,2,False,False,False
True,7,False,0.0,False,4,True,True,1,hybrid_histgb_start2_every_sample_lambda10,False,safe_early_stop,89,False,True,False,6,False,False,False
True,3,False,0.0,False,2,True,True,0,hybrid_histgb_start2_every_sample_lambda10,False,safe_early_stop,92,False,True,False,2,False,False,False
False,5,True,0.3333333333333333,False,2,True,False,0,hybrid_histgb_start2_every_sample_lambda10,False,invalid_extraction_driven_uncertainty,99,False,True,True,3,False,False,False
True,3,False,0.0,False,2,True,True,0,hybrid_histgb_start2_every_sample_lambda10,False,safe_early_stop,106,False,True,False,2,False,False,False
False,7,True,0.7142857142857143,False,4,True,False,1,hybrid_histgb_start2_every_sample_lambda10,False,invalid_extraction_driven_uncertainty,110,False,True,False,7,False,False,False
True,3,False,0.0,False,2,True,True,0,hybrid_histgb_start2_every_sample_lambda10,False,safe_early_stop,113,False,True,False,2,False,False,False
True,3,False,0.0,False,2,True,True,0,hybrid_histgb_start2_every_sample_lambda10,False,safe_early_stop,139,False,True,False,2,False,False,False
True,3,False,0.0,False,2,True,True,0,hybrid_histgb_start2_every_sample_lambda10,False,safe_early_stop,146,False,True,False,2,False,False,False
False,16,True,0.3125,False,16,False,False,3,hybrid_histgb_start2_every_sample_lambda10,False,unnecessary_continuation,147,False,False,False,16,False,True,True
True,3,False,0.0,False,2,True,True,0,hybrid_histgb_start2_every_sample_lambda10,False,safe_early_stop,155,False,True,False,2,False,False,False
False,14,False,0.0,False,2,True,False,0,hybrid_histgb_start2_every_sample_lambda10,False,stable_wrong_trajectory,156,False,True,True,2,False,False,False
True,3,False,0.0,False,2,True,True,0,hybrid_histgb_start2_every_sample_lambda10,False,safe_early_stop,160,False,True,False,2,False,False,False
False,16,False,0.0,False,2,True,False,4,hybrid_histgb_start2_every_sample_lambda10,False,unstable_trajectory,164,False,True,False,2,False,False,True
True,3,False,0.0,False,2,True,True,0,hybrid_histgb_start2_every_sample_lambda10,False,safe_early_stop,169,False,True,False,2,False,False,False
True,3,False,0.0,False,2,True,True,0,hybrid_histgb_start2_every_sample_lambda10,False,safe_early_stop,174,False,True,False,2,False,False,False
True,3,False,0.0,False,2,True,True,0,hybrid_histgb_start2_every_sample_lambda10,False,safe_early_stop,175,False,True,False,2,False,False,False
False,16,False,0.0,False,16,False,False,1,hybrid_histgb_start2_every_sample_lambda10,False,unnecessary_continuation,184,False,False,False,16,False,True,False
True,3,False,0.0,False,2,True,True,0,hybrid_histgb_start2_every_sample_lambda10,False,safe_early_stop,185,False,True,False,2,False,False,False
True,3,False,0.0,False,2,True,True,0,hybrid_histgb_start2_every_sample_lambda10,False,safe_early_stop,186,False,True,False,2,False,False,False
True,3,False,0.0,False,2,True,True,0,hybrid_histgb_start2_every_sample_lambda10,False,safe_early_stop,187,False,True,False,2,False,False,False
True,16,True,0.375,False,16,False,True,2,hybrid_histgb_start2_every_sample_lambda10,False,invalid_extraction_driven_uncertainty,189,False,False,False,16,False,False,True
True,3,False,0.0,False,2,True,True,0,hybrid_histgb_start2_every_sample_lambda10,False,safe_early_stop,193,False,True,False,2,False,False,False
True,3,False,0.0,False,2,True,True,0,hybrid_histgb_start2_every_sample_lambda10,False,safe_early_stop,199,False,True,False,2,False,False,False
True,3,False,0.0,False,2,True,True,0,hybrid_histgb_start2_every_sample_lambda10,False,safe_early_stop,203,False,True,False,2,False,False,False
False,16,False,0.0,False,4,True,False,1,hybrid_histgb_start2_every_sample_lambda10,False,unnecessary_continuation,204,False,False,False,16,False,True,False
False,3,False,0.0,False,2,True,False,0,hybrid_histgb_start2_every_sample_lambda10,False,stable_wrong_trajectory,217,False,True,True,2,False,False,False
True,3,False,0.0,False,2,True,True,0,hybrid_histgb_start2_every_sample_lambda10,False,safe_early_stop,230,False,True,False,2,False,False,False
False,8,False,0.0,True,2,True,True,1,hybrid_histgb_start2_every_sample_lambda10,True,premature_stop_with_missed_recovery,234,False,False,False,2,True,False,False
True,3,False,0.0,False,2,True,True,0,hybrid_histgb_start2_every_sample_lambda10,False,safe_early_stop,235,False,True,False,2,False,False,False
True,6,False,0.0,False,2,True,True,0,hybrid_histgb_start2_every_sample_lambda10,False,safe_early_stop,246,False,True,False,2,False,False,False
False,16,True,1.0,False,16,False,False,0,hybrid_histgb_start2_every_sample_lambda10,False,unnecessary_continuation,248,False,False,True,16,False,True,False
True,3,False,0.0,False,2,True,True,0,hybrid_histgb_start2_every_sample_lambda10,False,safe_early_stop,255,False,True,False,2,False,False,False
True,3,False,0.0,False,2,True,True,0,hybrid_histgb_start2_every_sample_lambda10,False,safe_early_stop,259,False,True,False,2,False,False,False
True,3,False,0.0,False,2,True,True,0,hybrid_histgb_start2_every_sample_lambda10,False,safe_early_stop,269,False,True,False,2,False,False,False
True,3,False,0.0,False,2,True,True,0,hybrid_histgb_start2_every_sample_lambda10,False,safe_early_stop,280,False,True,False,2,False,False,False
False,9,True,0.8888888888888888,False,2,True,False,0,hybrid_histgb_start2_every_sample_lambda10,False,invalid_extraction_driven_uncertainty,292,False,True,True,9,False,False,False
True,6,False,0.0,False,4,True,True,1,hybrid_histgb_start2_every_sample_lambda10,False,safe_early_stop,294,False,True,False,6,False,False,False
True,3,False,0.0,False,2,True,True,0,hybrid_histgb_start2_every_sample_lambda10,False,safe_early_stop,300,False,True,False,2,False,False,False
False,3,False,0.0,False,2,True,False,0,hybrid_histgb_start2_every_sample_lambda10,False,stable_wrong_trajectory,301,False,True,True,2,False,False,False
True,16,True,0.375,False,16,False,True,2,hybrid_histgb_start2_every_sample_lambda10,False,unnecessary_continuation,302,False,False,False,16,False,True,True
True,4,False,0.0,False,2,True,True,0,hybrid_histgb_start2_every_sample_lambda10,False,safe_early_stop,304,False,True,False,2,False,False,False
True,3,False,0.0,False,2,True,True,0,hybrid_histgb_start2_every_sample_lambda10,False,safe_early_stop,307,False,True,False,2,False,False,False
False,16,False,0.0,False,16,False,False,3,hybrid_histgb_start2_every_sample_lambda10,False,unnecessary_continuation,309,False,False,False,16,False,True,True
True,3,False,0.0,False,2,True,True,0,hybrid_histgb_start2_every_sample_lambda10,False,safe_early_stop,311,False,True,False,2,False,False,False
False,3,False,0.0,False,2,True,False,0,hybrid_histgb_start2_every_sample_lambda10,False,stable_wrong_trajectory,317,False,True,True,2,False,False,False
True,3,False,0.0,False,2,True,True,0,hybrid_histgb_start2_every_sample_lambda10,False,safe_early_stop,318,False,True,False,2,False,False,False
True,3,False,0.0,False,2,True,True,0,hybrid_histgb_start2_every_sample_lambda10,False,safe_early_stop,319,False,True,False,2,False,False,False
True,3,False,0.0,False,2,True,True,0,hybrid_histgb_start2_every_sample_lambda10,False,safe_early_stop,321,False,True,False,2,False,False,False
False,16,True,0.75,False,2,True,False,0,hybrid_histgb_start2_every_sample_lambda10,False,unnecessary_continuation,327,False,False,True,16,False,True,False
True,3,False,0.0,False,2,True,True,0,hybrid_histgb_start2_every_sample_lambda10,False,safe_early_stop,341,False,True,False,2,False,False,False
True,3,False,0.0,False,2,True,True,0,hybrid_histgb_start2_every_sample_lambda10,False,safe_early_stop,344,False,True,False,2,False,False,False
True,16,False,0.0,False,16,False,True,1,hybrid_histgb_start2_every_sample_lambda10,False,unnecessary_continuation,357,False,False,False,16,False,True,False
True,3,False,0.0,False,2,True,True,0,hybrid_histgb_start2_every_sample_lambda10,False,safe_early_stop,361,False,True,False,2,False,False,False
True,3,False,0.0,False,2,True,True,0,hybrid_histgb_start2_every_sample_lambda10,False,safe_early_stop,363,False,True,False,2,False,False,False
True,3,False,0.0,False,2,True,True,0,hybrid_histgb_start2_every_sample_lambda10,False,safe_early_stop,370,False,True,False,2,False,False,False
False,16,False,0.0,False,16,False,False,4,hybrid_histgb_start2_every_sample_lambda10,False,unnecessary_continuation,372,False,False,False,16,False,True,True
True,3,False,0.0,False,2,True,True,0,hybrid_histgb_start2_every_sample_lambda10,False,safe_early_stop,375,False,True,False,2,False,False,False
False,16,False,0.0,True,2,True,True,1,hybrid_histgb_start2_every_sample_lambda10,True,premature_stop_with_missed_recovery,380,False,False,False,2,True,False,False
True,3,False,0.0,False,2,True,True,0,hybrid_histgb_start2_every_sample_lambda10,False,safe_early_stop,384,False,True,False,2,False,False,False
True,3,False,0.0,False,2,True,True,0,hybrid_histgb_start2_every_sample_lambda10,False,safe_early_stop,399,False,True,False,2,False,False,False
True,3,False,0.0,False,2,True,True,0,hybrid_histgb_start2_every_sample_lambda10,False,safe_early_stop,411,False,True,False,2,False,False,False
True,3,False,0.0,False,2,True,True,0,hybrid_histgb_start2_every_sample_lambda10,False,safe_early_stop,413,False,True,False,2,False,False,False
False,16,True,0.75,False,4,True,False,1,hybrid_histgb_start2_every_sample_lambda10,False,unnecessary_continuation,419,False,False,False,16,False,True,False
True,3,False,0.0,False,2,True,True,0,hybrid_histgb_start2_every_sample_lambda10,False,safe_early_stop,433,False,True,False,2,False,False,False
True,3,False,0.0,False,2,True,True,0,hybrid_histgb_start2_every_sample_lambda10,False,safe_early_stop,434,False,True,False,2,False,False,False
True,5,True,0.6,False,2,True,True,0,hybrid_histgb_start2_every_sample_lambda10,False,invalid_extraction_driven_uncertainty,436,False,True,False,15,False,False,False
True,3,False,0.0,False,2,True,True,0,hybrid_histgb_start2_every_sample_lambda10,False,safe_early_stop,452,False,True,False,2,False,False,False
True,4,False,0.0,False,2,True,True,0,hybrid_histgb_start2_every_sample_lambda10,False,safe_early_stop,459,False,True,False,2,False,False,False
True,16,False,0.0,False,4,True,False,3,hybrid_histgb_start2_every_sample_lambda10,False,regression_avoided,460,True,True,False,4,False,False,True
True,3,False,0.0,False,2,True,True,0,hybrid_histgb_start2_every_sample_lambda10,False,safe_early_stop,462,False,True,False,2,False,False,False
True,3,False,0.0,False,2,True,True,0,hybrid_histgb_start2_every_sample_lambda10,False,safe_early_stop,463,False,True,False,2,False,False,False
False,16,False,0.0,False,16,False,False,3,hybrid_histgb_start2_every_sample_lambda10,False,unnecessary_continuation,466,False,False,False,16,False,True,True
True,3,False,0.0,False,2,True,True,0,hybrid_histgb_start2_every_sample_lambda10,False,safe_early_stop,471,False,True,False,2,False,False,False
True,3,False,0.0,False,2,True,True,0,hybrid_histgb_start2_every_sample_lambda10,False,safe_early_stop,472,False,True,False,2,False,False,False
False,16,True,0.875,False,9,True,False,1,hybrid_histgb_start2_every_sample_lambda10,False,unnecessary_continuation,475,False,False,False,16,False,True,False
True,3,False,0.0,False,2,True,True,0,hybrid_histgb_start2_every_sample_lambda10,False,safe_early_stop,479,False,True,False,2,False,False,False
True,16,True,0.0625,False,16,False,True,2,hybrid_histgb_start2_every_sample_lambda10,False,unnecessary_continuation,482,False,False,False,16,False,True,True
True,15,True,0.9375,False,14,True,True,1,hybrid_histgb_start2_every_sample_lambda10,False,unnecessary_continuation,483,False,False,False,16,False,True,False
True,3,False,0.0,False,2,True,True,0,hybrid_histgb_start2_every_sample_lambda10,False,safe_early_stop,484,False,True,False,2,False,False,False
False,16,True,0.125,False,16,False,False,0,hybrid_histgb_start2_every_sample_lambda10,False,unnecessary_continuation,490,False,False,True,16,False,True,False
True,3,False,0.0,False,2,True,True,0,hybrid_histgb_start2_every_sample_lambda10,False,safe_early_stop,492,False,True,False,2,False,False,False
True,16,True,0.3333333333333333,False,2,True,False,1,hybrid_histgb_start2_every_sample_lambda10,False,regression_avoided,494,True,True,False,3,False,False,False
False,16,False,0.0,False,16,False,False,1,hybrid_histgb_start2_every_sample_lambda10,False,unnecessary_continuation,497,False,False,False,16,False,True,False
False,2,False,0.0,False,2,False,False,3,hybrid_histgb_start2_every_sample_lambda10,False,unstable_trajectory,18,False,False,False,16,False,False,True
True,16,False,0.0,False,16,False,True,0,hybrid_histgb_start2_every_sample_lambda10,False,unnecessary_continuation,24,False,False,False,16,False,True,False
False,2,True,0.4375,False,2,False,False,1,hybrid_histgb_start2_every_sample_lambda10,False,unnecessary_continuation,25,False,False,False,16,False,True,False
False,16,False,0.0,False,16,False,False,0,hybrid_histgb_start2_every_sample_lambda10,False,unnecessary_continuation,26,False,False,True,16,False,True,False
True,2,False,0.0,False,2,False,True,0,hybrid_histgb_start2_every_sample_lambda10,False,safe_early_stop,27,False,True,False,3,False,False,False
True,2,False,0.0,False,2,False,True,0,hybrid_histgb_start2_every_sample_lambda10,False,safe_early_stop,35,False,True,False,3,False,False,False
True,4,False,0.0,False,4,False,True,1,hybrid_histgb_start2_every_sample_lambda10,False,safe_early_stop,36,False,True,False,8,False,False,False
True,2,False,0.0,False,2,False,True,0,hybrid_histgb_start2_every_sample_lambda10,False,safe_early_stop,37,False,True,False,2,False,False,False
True,2,False,0.0,False,2,False,True,0,hybrid_histgb_start2_every_sample_lambda10,False,safe_early_stop,44,False,True,False,3,False,False,False
True,2,False,0.0,False,2,False,True,0,hybrid_histgb_start2_every_sample_lambda10,False,safe_early_stop,53,False,True,False,3,False,False,False
True,2,False,0.0,False,2,False,True,0,hybrid_histgb_start2_every_sample_lambda10,False,safe_early_stop,54,False,True,False,3,False,False,False
True,2,False,0.0,False,2,False,True,0,hybrid_histgb_start2_every_sample_lambda10,False,safe_early_stop,56,False,True,False,2,False,False,False
True,2,True,0.4375,False,2,False,True,1,hybrid_histgb_start2_every_sample_lambda10,False,unnecessary_continuation,64,False,False,False,16,False,True,False
True,2,False,0.0,False,2,False,True,0,hybrid_histgb_start2_every_sample_lambda10,False,safe_early_stop,65,False,True,False,2,False,False,False
True,2,False,0.0,False,2,False,True,0,hybrid_histgb_start2_every_sample_lambda10,False,safe_early_stop,68,False,True,False,2,False,False,False
True,2,False,0.0,False,2,False,True,0,hybrid_histgb_start2_every_sample_lambda10,False,safe_early_stop,70,False,True,False,3,False,False,False
True,2,False,0.0,False,2,False,True,0,hybrid_histgb_start2_every_sample_lambda10,False,safe_early_stop,81,False,True,False,3,False,False,False
True,16,False,0.0,False,16,False,True,3,hybrid_histgb_start2_every_sample_lambda10,False,unnecessary_continuation,82,False,False,False,16,False,True,True
True,2,False,0.0,False,2,False,True,0,hybrid_histgb_start2_every_sample_lambda10,False,safe_early_stop,95,False,True,False,2,False,False,False
True,2,False,0.0,False,2,False,True,0,hybrid_histgb_start2_every_sample_lambda10,False,safe_early_stop,98,False,True,False,3,False,False,False
False,2,True,0.8125,False,2,False,False,0,hybrid_histgb_start2_every_sample_lambda10,False,unnecessary_continuation,101,False,False,True,16,False,True,False
True,4,False,0.0,False,4,False,True,0,hybrid_histgb_start2_every_sample_lambda10,False,safe_early_stop,108,False,True,False,6,False,False,False
True,2,False,0.0,False,2,False,True,0,hybrid_histgb_start2_every_sample_lambda10,False,safe_early_stop,116,False,True,False,3,False,False,False
False,4,False,0.0,False,4,False,False,0,hybrid_histgb_start2_every_sample_lambda10,False,stable_wrong_trajectory,120,False,True,True,5,False,False,False
True,2,False,0.0,False,2,False,True,0,hybrid_histgb_start2_every_sample_lambda10,False,safe_early_stop,124,False,True,False,2,False,False,False
True,2,False,0.0,False,2,False,True,0,hybrid_histgb_start2_every_sample_lambda10,False,safe_early_stop,125,False,True,False,3,False,False,False
False,2,True,0.5,False,2,False,False,0,hybrid_histgb_start2_every_sample_lambda10,False,unnecessary_continuation,126,False,False,True,16,False,True,False
True,2,False,0.0,False,2,False,True,0,hybrid_histgb_start2_every_sample_lambda10,False,safe_early_stop,130,False,True,False,3,False,False,False
True,2,False,0.0,False,2,False,True,0,hybrid_histgb_start2_every_sample_lambda10,False,safe_early_stop,131,False,True,False,2,False,False,False
True,2,False,0.0,False,2,False,True,0,hybrid_histgb_start2_every_sample_lambda10,False,safe_early_stop,134,False,True,False,2,False,False,False
True,2,False,0.0,False,2,False,True,0,hybrid_histgb_start2_every_sample_lambda10,False,safe_early_stop,137,False,True,False,3,False,False,False
True,2,False,0.0,False,2,False,True,0,hybrid_histgb_start2_every_sample_lambda10,False,safe_early_stop,140,False,True,False,2,False,False,False
True,2,False,0.0,False,2,False,True,0,hybrid_histgb_start2_every_sample_lambda10,False,safe_early_stop,144,False,True,False,3,False,False,False
False,16,True,0.125,False,16,False,False,3,hybrid_histgb_start2_every_sample_lambda10,False,unnecessary_continuation,152,False,False,False,16,False,True,True
True,2,False,0.0,False,2,False,True,0,hybrid_histgb_start2_every_sample_lambda10,False,safe_early_stop,153,False,True,False,3,False,False,False
True,2,False,0.0,False,2,False,True,0,hybrid_histgb_start2_every_sample_lambda10,False,safe_early_stop,157,False,True,False,3,False,False,False
True,2,False,0.0,False,2,False,True,0,hybrid_histgb_start2_every_sample_lambda10,False,safe_early_stop,159,False,True,False,3,False,False,False
True,10,False,0.0,False,10,False,True,1,hybrid_histgb_start2_every_sample_lambda10,False,safe_early_stop,166,False,True,False,10,False,False,False
False,2,True,0.25,False,2,False,False,0,hybrid_histgb_start2_every_sample_lambda10,False,invalid_extraction_driven_uncertainty,168,False,True,True,4,False,False,False
True,2,False,0.0,False,2,False,True,0,hybrid_histgb_start2_every_sample_lambda10,False,safe_early_stop,171,False,True,False,3,False,False,False
False,8,False,0.0,False,8,False,True,2,hybrid_histgb_start2_every_sample_lambda10,True,premature_stop_with_missed_recovery,180,False,False,False,8,False,False,True
True,2,False,0.0,False,2,False,True,0,hybrid_histgb_start2_every_sample_lambda10,False,safe_early_stop,182,False,True,False,3,False,False,False
True,2,False,0.0,False,2,False,True,0,hybrid_histgb_start2_every_sample_lambda10,False,safe_early_stop,192,False,True,False,3,False,False,False
True,2,False,0.0,False,2,False,True,0,hybrid_histgb_start2_every_sample_lambda10,False,safe_early_stop,194,False,True,False,2,False,False,False
True,4,False,0.0,False,4,False,True,0,hybrid_histgb_start2_every_sample_lambda10,False,safe_early_stop,197,False,True,False,5,False,False,False
True,2,False,0.0,False,2,False,True,0,hybrid_histgb_start2_every_sample_lambda10,False,safe_early_stop,201,False,True,False,2,False,False,False
True,2,False,0.0,False,2,False,True,0,hybrid_histgb_start2_every_sample_lambda10,False,safe_early_stop,206,False,True,False,3,False,False,False
True,2,False,0.0,False,2,False,True,0,hybrid_histgb_start2_every_sample_lambda10,False,safe_early_stop,207,False,True,False,3,False,False,False
True,2,False,0.0,False,2,False,True,0,hybrid_histgb_start2_every_sample_lambda10,False,safe_early_stop,229,False,True,False,2,False,False,False
True,2,False,0.0,False,2,False,True,0,hybrid_histgb_start2_every_sample_lambda10,False,safe_early_stop,237,False,True,False,2,False,False,False
True,2,False,0.0,False,2,False,True,0,hybrid_histgb_start2_every_sample_lambda10,False,safe_early_stop,241,False,True,False,2,False,False,False
False,6,False,0.0,False,6,False,False,1,hybrid_histgb_start2_every_sample_lambda10,False,safe_early_stop,242,False,True,False,6,False,False,False
False,2,True,0.1875,False,2,False,False,1,hybrid_histgb_start2_every_sample_lambda10,False,unnecessary_continuation,249,False,False,False,16,False,True,False
True,2,False,0.0,False,2,False,True,0,hybrid_histgb_start2_every_sample_lambda10,False,safe_early_stop,263,False,True,False,3,False,False,False
True,2,False,0.0,False,2,False,True,0,hybrid_histgb_start2_every_sample_lambda10,False,safe_early_stop,268,False,True,False,3,False,False,False
True,2,False,0.0,False,2,False,True,0,hybrid_histgb_start2_every_sample_lambda10,False,safe_early_stop,270,False,True,False,3,False,False,False
True,2,False,0.0,False,2,False,True,0,hybrid_histgb_start2_every_sample_lambda10,False,safe_early_stop,271,False,True,False,3,False,False,False
True,2,False,0.0,False,2,False,True,2,hybrid_histgb_start2_every_sample_lambda10,False,unstable_trajectory,272,False,True,False,2,False,False,True
False,16,False,0.0,False,16,False,False,1,hybrid_histgb_start2_every_sample_lambda10,False,unnecessary_continuation,274,False,False,False,16,False,True,False
True,2,False,0.0,False,2,False,True,0,hybrid_histgb_start2_every_sample_lambda10,False,safe_early_stop,275,False,True,False,3,False,False,False
True,2,False,0.0,False,2,False,True,0,hybrid_histgb_start2_every_sample_lambda10,False,safe_early_stop,276,False,True,False,4,False,False,False
True,16,False,0.0,False,16,False,True,3,hybrid_histgb_start2_every_sample_lambda10,False,unnecessary_continuation,281,False,False,False,16,False,True,True
False,2,False,0.0,False,2,False,False,0,hybrid_histgb_start2_every_sample_lambda10,False,stable_wrong_trajectory,282,False,True,True,3,False,False,False
True,2,False,0.0,False,2,False,True,0,hybrid_histgb_start2_every_sample_lambda10,False,safe_early_stop,283,False,True,False,2,False,False,False
False,2,True,0.375,False,2,False,False,0,hybrid_histgb_start2_every_sample_lambda10,False,unnecessary_continuation,286,False,False,True,16,False,True,False
False,2,True,0.75,False,2,False,False,0,hybrid_histgb_start2_every_sample_lambda10,False,invalid_extraction_driven_uncertainty,288,False,True,True,8,False,False,False
False,2,False,0.0,False,2,False,False,0,hybrid_histgb_start2_every_sample_lambda10,False,stable_wrong_trajectory,296,False,True,True,2,False,False,False
True,2,False,0.0,False,2,False,True,0,hybrid_histgb_start2_every_sample_lambda10,False,safe_early_stop,312,False,True,False,3,False,False,False
True,2,False,0.0,False,2,False,True,0,hybrid_histgb_start2_every_sample_lambda10,False,safe_early_stop,313,False,True,False,3,False,False,False
True,2,False,0.0,False,2,False,True,0,hybrid_histgb_start2_every_sample_lambda10,False,safe_early_stop,320,False,True,False,2,False,False,False
True,16,True,0.0625,False,16,False,True,6,hybrid_histgb_start2_every_sample_lambda10,False,unnecessary_continuation,332,False,False,False,16,False,True,True
False,16,True,1.0,False,16,False,False,0,hybrid_histgb_start2_every_sample_lambda10,False,unnecessary_continuation,340,False,False,True,16,False,True,False
True,2,False,0.0,False,2,False,True,0,hybrid_histgb_start2_every_sample_lambda10,False,safe_early_stop,342,False,True,False,3,False,False,False
True,2,False,0.0,False,2,False,True,0,hybrid_histgb_start2_every_sample_lambda10,False,safe_early_stop,343,False,True,False,3,False,False,False
True,2,False,0.0,False,2,False,True,0,hybrid_histgb_start2_every_sample_lambda10,False,safe_early_stop,346,False,True,False,3,False,False,False
False,2,False,0.0,False,2,False,False,0,hybrid_histgb_start2_every_sample_lambda10,False,stable_wrong_trajectory,351,False,True,True,2,False,False,False
True,2,False,0.0,False,2,False,True,0,hybrid_histgb_start2_every_sample_lambda10,False,safe_early_stop,359,False,True,False,2,False,False,False
True,2,False,0.0,False,2,False,True,0,hybrid_histgb_start2_every_sample_lambda10,False,safe_early_stop,362,False,True,False,2,False,False,False
False,16,True,0.125,False,16,False,False,0,hybrid_histgb_start2_every_sample_lambda10,False,unnecessary_continuation,381,False,False,True,16,False,True,False
True,2,False,0.0,False,2,False,True,0,hybrid_histgb_start2_every_sample_lambda10,False,safe_early_stop,386,False,True,False,3,False,False,False
True,2,False,0.0,False,2,False,True,0,hybrid_histgb_start2_every_sample_lambda10,False,safe_early_stop,387,False,True,False,3,False,False,False
True,16,False,0.0,False,16,False,True,3,hybrid_histgb_start2_every_sample_lambda10,False,unnecessary_continuation,388,False,False,False,16,False,True,True
False,16,False,0.0,False,16,False,False,1,hybrid_histgb_start2_every_sample_lambda10,False,unnecessary_continuation,398,False,False,False,16,False,True,False
True,16,False,0.0,False,16,False,True,6,hybrid_histgb_start2_every_sample_lambda10,False,unnecessary_continuation,400,False,False,False,16,False,True,True
False,6,True,0.6923076923076923,False,6,False,False,1,hybrid_histgb_start2_every_sample_lambda10,False,invalid_extraction_driven_uncertainty,401,False,True,False,13,False,False,False
False,2,False,0.0,False,2,False,False,0,hybrid_histgb_start2_every_sample_lambda10,False,stable_wrong_trajectory,403,False,True,True,2,False,False,False
True,2,False,0.0,False,2,False,True,0,hybrid_histgb_start2_every_sample_lambda10,False,safe_early_stop,406,False,True,False,3,False,False,False
False,7,True,0.9333333333333333,False,7,False,False,1,hybrid_histgb_start2_every_sample_lambda10,False,invalid_extraction_driven_uncertainty,422,False,True,False,15,False,False,False
True,2,False,0.0,False,2,False,True,0,hybrid_histgb_start2_every_sample_lambda10,False,safe_early_stop,427,False,True,False,3,False,False,False
True,2,False,0.0,False,2,False,True,0,hybrid_histgb_start2_every_sample_lambda10,False,safe_early_stop,429,False,True,False,2,False,False,False
True,2,False,0.0,False,2,False,True,0,hybrid_histgb_start2_every_sample_lambda10,False,safe_early_stop,430,False,True,False,3,False,False,False
True,2,False,0.0,False,2,False,True,0,hybrid_histgb_start2_every_sample_lambda10,False,safe_early_stop,441,False,True,False,3,False,False,False
True,2,False,0.0,False,2,False,True,0,hybrid_histgb_start2_every_sample_lambda10,False,safe_early_stop,446,False,True,False,2,False,False,False
True,2,False,0.0,False,2,False,True,0,hybrid_histgb_start2_every_sample_lambda10,False,safe_early_stop,448,False,True,False,2,False,False,False
True,2,False,0.0,False,2,False,True,0,hybrid_histgb_start2_every_sample_lambda10,False,safe_early_stop,449,False,True,False,2,False,False,False
True,2,False,0.0,False,2,False,True,0,hybrid_histgb_start2_every_sample_lambda10,False,safe_early_stop,457,False,True,False,2,False,False,False
True,2,False,0.0,False,2,False,True,0,hybrid_histgb_start2_every_sample_lambda10,False,safe_early_stop,465,False,True,False,3,False,False,False
False,4,False,0.0,False,4,False,True,3,hybrid_histgb_start2_every_sample_lambda10,True,premature_stop_with_missed_recovery,473,False,False,False,5,False,False,True
True,2,False,0.0,False,2,False,True,0,hybrid_histgb_start2_every_sample_lambda10,False,safe_early_stop,487,False,True,False,3,False,False,False
False,16,False,0.0,False,16,False,False,2,hybrid_histgb_start2_every_sample_lambda10,False,unnecessary_continuation,491,False,False,False,16,False,True,True
True,2,False,0.0,False,2,False,True,0,hybrid_histgb_start2_every_sample_lambda10,False,safe_early_stop,0,False,True,False,2,False,False,False
True,2,False,0.0,False,2,False,True,0,hybrid_histgb_start2_every_sample_lambda10,False,safe_early_stop,1,False,True,False,2,False,False,False
True,2,False,0.0,False,2,False,True,0,hybrid_histgb_start2_every_sample_lambda10,False,safe_early_stop,3,False,True,False,2,False,False,False
True,2,False,0.0,False,2,False,True,0,hybrid_histgb_start2_every_sample_lambda10,False,safe_early_stop,12,False,True,False,2,False,False,False
False,4,False,0.0,False,4,False,False,0,hybrid_histgb_start2_every_sample_lambda10,False,stable_wrong_trajectory,14,False,True,True,4,False,False,False
True,2,False,0.0,False,2,False,True,0,hybrid_histgb_start2_every_sample_lambda10,False,safe_early_stop,15,False,True,False,2,False,False,False
True,4,False,0.0,False,4,False,False,6,hybrid_histgb_start2_every_sample_lambda10,False,regression_avoided,17,True,True,False,4,False,False,True
True,2,False,0.0,False,2,False,True,0,hybrid_histgb_start2_every_sample_lambda10,False,safe_early_stop,30,False,True,False,2,False,False,False
True,2,False,0.0,False,2,False,True,0,hybrid_histgb_start2_every_sample_lambda10,False,safe_early_stop,31,False,True,False,2,False,False,False
True,2,False,0.0,False,2,False,True,0,hybrid_histgb_start2_every_sample_lambda10,False,safe_early_stop,51,False,True,False,2,False,False,False
True,2,False,0.0,False,2,False,True,0,hybrid_histgb_start2_every_sample_lambda10,False,safe_early_stop,52,False,True,False,2,False,False,False
True,2,False,0.0,False,2,False,True,0,hybrid_histgb_start2_every_sample_lambda10,False,safe_early_stop,59,False,True,False,2,False,False,False
False,4,True,0.75,False,4,False,False,2,hybrid_histgb_start2_every_sample_lambda10,False,invalid_extraction_driven_uncertainty,60,False,True,False,4,False,False,True
True,2,False,0.0,False,2,False,True,0,hybrid_histgb_start2_every_sample_lambda10,False,safe_early_stop,61,False,True,False,2,False,False,False
True,2,False,0.0,False,2,False,True,0,hybrid_histgb_start2_every_sample_lambda10,False,safe_early_stop,66,False,True,False,2,False,False,False
True,2,False,0.0,False,2,False,True,0,hybrid_histgb_start2_every_sample_lambda10,False,safe_early_stop,69,False,True,False,2,False,False,False
True,16,False,0.0,False,16,False,True,1,hybrid_histgb_start2_every_sample_lambda10,False,unnecessary_continuation,71,False,False,False,16,False,True,False
True,2,False,0.0,False,2,False,True,0,hybrid_histgb_start2_every_sample_lambda10,False,safe_early_stop,91,False,True,False,2,False,False,False
False,2,True,0.5,False,2,False,False,0,hybrid_histgb_start2_every_sample_lambda10,False,invalid_extraction_driven_uncertainty,94,False,True,True,2,False,False,False
False,2,True,0.75,False,2,False,False,1,hybrid_histgb_start2_every_sample_lambda10,False,invalid_extraction_driven_uncertainty,96,False,True,False,4,False,False,False
True,2,False,0.0,False,2,False,True,0,hybrid_histgb_start2_every_sample_lambda10,False,safe_early_stop,97,False,True,False,2,False,False,False
False,16,True,0.125,False,16,False,False,1,hybrid_histgb_start2_every_sample_lambda10,False,unnecessary_continuation,100,False,False,False,16,False,True,False
True,2,False,0.0,False,2,False,True,0,hybrid_histgb_start2_every_sample_lambda10,False,safe_early_stop,111,False,True,False,2,False,False,False
False,2,True,0.4375,False,2,False,False,1,hybrid_histgb_start2_every_sample_lambda10,False,unnecessary_continuation,123,False,False,False,16,False,True,False
True,16,False,0.0,False,16,False,True,3,hybrid_histgb_start2_every_sample_lambda10,False,unnecessary_continuation,129,False,False,False,16,False,True,True
True,2,False,0.0,False,2,False,True,0,hybrid_histgb_start2_every_sample_lambda10,False,safe_early_stop,133,False,True,False,2,False,False,False
True,2,False,0.0,False,2,False,True,0,hybrid_histgb_start2_every_sample_lambda10,False,safe_early_stop,135,False,True,False,2,False,False,False
True,4,False,0.0,False,4,False,True,4,hybrid_histgb_start2_every_sample_lambda10,False,unstable_trajectory,142,False,True,False,4,False,False,True
True,16,True,0.0625,False,16,False,True,2,hybrid_histgb_start2_every_sample_lambda10,False,unnecessary_continuation,145,False,False,False,16,False,True,True
True,2,False,0.0,False,2,False,True,0,hybrid_histgb_start2_every_sample_lambda10,False,safe_early_stop,151,False,True,False,2,False,False,False
False,16,False,0.0,False,16,False,False,2,hybrid_histgb_start2_every_sample_lambda10,False,unnecessary_continuation,154,False,False,False,16,False,True,True
True,2,False,0.0,False,2,False,True,0,hybrid_histgb_start2_every_sample_lambda10,False,safe_early_stop,161,False,True,False,2,False,False,False
True,2,False,0.0,False,2,False,True,0,hybrid_histgb_start2_every_sample_lambda10,False,safe_early_stop,163,False,True,False,2,False,False,False
True,2,False,0.0,False,2,False,True,0,hybrid_histgb_start2_every_sample_lambda10,False,safe_early_stop,165,False,True,False,2,False,False,False
True,2,False,0.0,False,2,False,True,0,hybrid_histgb_start2_every_sample_lambda10,False,safe_early_stop,178,False,True,False,2,False,False,False
True,2,False,0.0,False,2,False,True,0,hybrid_histgb_start2_every_sample_lambda10,False,safe_early_stop,188,False,True,False,2,False,False,False
True,4,False,0.0,False,4,False,False,3,hybrid_histgb_start2_every_sample_lambda10,False,regression_avoided,190,True,True,False,4,False,False,True
True,2,False,0.0,False,2,False,True,0,hybrid_histgb_start2_every_sample_lambda10,False,safe_early_stop,191,False,True,False,2,False,False,False
True,2,False,0.0,False,2,False,True,0,hybrid_histgb_start2_every_sample_lambda10,False,safe_early_stop,196,False,True,False,2,False,False,False
True,2,False,0.0,False,2,False,True,0,hybrid_histgb_start2_every_sample_lambda10,False,safe_early_stop,200,False,True,False,2,False,False,False
True,2,False,0.0,False,2,False,True,0,hybrid_histgb_start2_every_sample_lambda10,False,safe_early_stop,208,False,True,False,2,False,False,False
False,2,True,0.5,False,2,False,False,0,hybrid_histgb_start2_every_sample_lambda10,False,invalid_extraction_driven_uncertainty,213,False,True,True,2,False,False,False
False,16,True,0.0625,False,16,False,False,3,hybrid_histgb_start2_every_sample_lambda10,False,unnecessary_continuation,214,False,False,False,16,False,True,True
True,2,False,0.0,False,2,False,True,0,hybrid_histgb_start2_every_sample_lambda10,False,safe_early_stop,216,False,True,False,2,False,False,False
True,16,False,0.0,False,16,False,True,0,hybrid_histgb_start2_every_sample_lambda10,False,unnecessary_continuation,219,False,False,False,16,False,True,False
False,2,True,0.5,False,2,False,False,0,hybrid_histgb_start2_every_sample_lambda10,False,invalid_extraction_driven_uncertainty,224,False,True,True,2,False,False,False
True,2,False,0.0,False,2,False,True,0,hybrid_histgb_start2_every_sample_lambda10,False,safe_early_stop,226,False,True,False,2,False,False,False
True,2,False,0.0,False,2,False,True,0,hybrid_histgb_start2_every_sample_lambda10,False,safe_early_stop,233,False,True,False,2,False,False,False
False,14,False,0.0,False,14,False,False,1,hybrid_histgb_start2_every_sample_lambda10,False,safe_early_stop,240,False,True,False,14,False,False,False
True,2,False,0.0,False,2,False,True,0,hybrid_histgb_start2_every_sample_lambda10,False,safe_early_stop,244,False,True,False,2,False,False,False
False,16,True,0.125,False,16,False,False,1,hybrid_histgb_start2_every_sample_lambda10,False,unnecessary_continuation,245,False,False,False,16,False,True,False
True,2,False,0.0,False,2,False,True,0,hybrid_histgb_start2_every_sample_lambda10,False,safe_early_stop,247,False,True,False,2,False,False,False
True,2,False,0.0,False,2,False,True,0,hybrid_histgb_start2_every_sample_lambda10,False,safe_early_stop,250,False,True,False,2,False,False,False
True,2,False,0.0,False,2,False,True,0,hybrid_histgb_start2_every_sample_lambda10,False,safe_early_stop,252,False,True,False,2,False,False,False
True,2,False,0.0,False,2,False,True,0,hybrid_histgb_start2_every_sample_lambda10,False,safe_early_stop,258,False,True,False,2,False,False,False
True,2,False,0.0,False,2,False,True,0,hybrid_histgb_start2_every_sample_lambda10,False,safe_early_stop,262,False,True,False,2,False,False,False
False,2,False,0.0,False,2,False,True,5,hybrid_histgb_start2_every_sample_lambda10,True,premature_stop_with_missed_recovery,266,False,False,False,2,False,False,True
True,2,False,0.0,False,2,False,True,0,hybrid_histgb_start2_every_sample_lambda10,False,safe_early_stop,278,False,True,False,2,False,False,False
False,2,False,0.0,False,2,False,True,1,hybrid_histgb_start2_every_sample_lambda10,True,premature_stop_with_missed_recovery,279,False,False,False,2,False,False,False
False,4,False,0.0,False,4,False,False,0,hybrid_histgb_start2_every_sample_lambda10,False,stable_wrong_trajectory,295,False,True,True,4,False,False,False
False,2,True,0.5,False,2,False,True,3,hybrid_histgb_start2_every_sample_lambda10,True,premature_stop_with_missed_recovery,298,False,False,False,2,False,False,True
False,16,True,0.125,False,16,False,False,1,hybrid_histgb_start2_every_sample_lambda10,False,unnecessary_continuation,306,False,False,False,16,False,True,False
True,2,False,0.0,False,2,False,True,0,hybrid_histgb_start2_every_sample_lambda10,False,safe_early_stop,310,False,True,False,2,False,False,False
True,2,False,0.0,False,2,False,True,0,hybrid_histgb_start2_every_sample_lambda10,False,safe_early_stop,316,False,True,False,2,False,False,False
True,2,False,0.0,False,2,False,True,0,hybrid_histgb_start2_every_sample_lambda10,False,safe_early_stop,323,False,True,False,2,False,False,False
True,16,True,0.125,False,16,False,True,1,hybrid_histgb_start2_every_sample_lambda10,False,unnecessary_continuation,324,False,False,False,16,False,True,False
True,2,False,0.0,False,2,False,True,0,hybrid_histgb_start2_every_sample_lambda10,False,safe_early_stop,325,False,True,False,2,False,False,False
True,2,False,0.0,False,2,False,True,0,hybrid_histgb_start2_every_sample_lambda10,False,safe_early_stop,330,False,True,False,2,False,False,False
True,2,False,0.0,False,2,False,True,0,hybrid_histgb_start2_every_sample_lambda10,False,safe_early_stop,338,False,True,False,2,False,False,False
False,2,False,0.0,False,2,False,False,0,hybrid_histgb_start2_every_sample_lambda10,False,stable_wrong_trajectory,349,False,True,True,2,False,False,False
True,2,False,0.0,False,2,False,True,0,hybrid_histgb_start2_every_sample_lambda10,False,safe_early_stop,350,False,True,False,2,False,False,False
True,2,False,0.0,False,2,False,True,0,hybrid_histgb_start2_every_sample_lambda10,False,safe_early_stop,353,False,True,False,2,False,False,False
False,16,False,0.0,False,16,False,False,2,hybrid_histgb_start2_every_sample_lambda10,False,unnecessary_continuation,358,False,False,False,16,False,True,True
True,2,False,0.0,False,2,False,True,0,hybrid_histgb_start2_every_sample_lambda10,False,safe_early_stop,364,False,True,False,2,False,False,False
False,2,False,0.0,False,2,False,False,0,hybrid_histgb_start2_every_sample_lambda10,False,stable_wrong_trajectory,365,False,True,True,2,False,False,False
True,2,False,0.0,False,2,False,True,0,hybrid_histgb_start2_every_sample_lambda10,False,safe_early_stop,366,False,True,False,2,False,False,False
True,2,False,0.0,False,2,False,True,0,hybrid_histgb_start2_every_sample_lambda10,False,safe_early_stop,374,False,True,False,2,False,False,False
True,4,False,0.0,False,4,False,True,0,hybrid_histgb_start2_every_sample_lambda10,False,safe_early_stop,382,False,True,False,4,False,False,False
True,16,False,0.0,False,16,False,True,1,hybrid_histgb_start2_every_sample_lambda10,False,unnecessary_continuation,389,False,False,False,16,False,True,False
True,2,False,0.0,False,2,False,True,0,hybrid_histgb_start2_every_sample_lambda10,False,safe_early_stop,396,False,True,False,2,False,False,False
True,2,False,0.0,False,2,False,True,0,hybrid_histgb_start2_every_sample_lambda10,False,safe_early_stop,405,False,True,False,2,False,False,False
True,2,False,0.0,False,2,False,True,0,hybrid_histgb_start2_every_sample_lambda10,False,safe_early_stop,409,False,True,False,2,False,False,False
True,2,False,0.0,False,2,False,True,0,hybrid_histgb_start2_every_sample_lambda10,False,safe_early_stop,414,False,True,False,2,False,False,False
False,2,False,0.0,False,2,False,False,0,hybrid_histgb_start2_every_sample_lambda10,False,stable_wrong_trajectory,420,False,True,True,2,False,False,False
True,2,False,0.0,False,2,False,False,5,hybrid_histgb_start2_every_sample_lambda10,False,regression_avoided,423,True,True,False,2,False,False,True
True,2,False,0.0,False,2,False,True,0,hybrid_histgb_start2_every_sample_lambda10,False,safe_early_stop,424,False,True,False,2,False,False,False
True,2,False,0.0,False,2,False,True,0,hybrid_histgb_start2_every_sample_lambda10,False,safe_early_stop,437,False,True,False,2,False,False,False
True,2,False,0.0,False,2,False,True,0,hybrid_histgb_start2_every_sample_lambda10,False,safe_early_stop,443,False,True,False,2,False,False,False
True,2,False,0.0,False,2,False,True,0,hybrid_histgb_start2_every_sample_lambda10,False,safe_early_stop,450,False,True,False,2,False,False,False
True,2,False,0.0,False,2,False,True,0,hybrid_histgb_start2_every_sample_lambda10,False,safe_early_stop,455,False,True,False,2,False,False,False
True,2,False,0.0,False,2,False,True,0,hybrid_histgb_start2_every_sample_lambda10,False,safe_early_stop,469,False,True,False,2,False,False,False
False,4,True,0.75,False,4,False,True,2,hybrid_histgb_start2_every_sample_lambda10,True,premature_stop_with_missed_recovery,470,False,False,False,4,False,False,True
True,2,False,0.0,False,2,False,True,0,hybrid_histgb_start2_every_sample_lambda10,False,safe_early_stop,474,False,True,False,2,False,False,False
True,2,False,0.0,False,2,False,True,0,hybrid_histgb_start2_every_sample_lambda10,False,safe_early_stop,476,False,True,False,2,False,False,False
True,2,False,0.0,False,2,False,True,0,hybrid_histgb_start2_every_sample_lambda10,False,safe_early_stop,480,False,True,False,2,False,False,False
False,16,True,0.3125,False,16,False,False,1,hybrid_histgb_start2_every_sample_lambda10,False,unnecessary_continuation,481,False,False,False,16,False,True,False
False,2,True,0.5,False,2,False,True,1,hybrid_histgb_start2_every_sample_lambda10,True,premature_stop_with_missed_recovery,485,False,False,False,2,False,False,False
True,4,False,0.0,False,4,False,True,0,hybrid_histgb_start2_every_sample_lambda10,False,safe_early_stop,486,False,True,False,4,False,False,False
True,2,False,0.0,False,2,False,True,0,hybrid_histgb_start2_every_sample_lambda10,False,safe_early_stop,488,False,True,False,2,False,False,False
False,2,True,0.3333333333333333,False,2,False,False,0,hybrid_histgb_start2_every_sample_lambda10,False,invalid_extraction_driven_uncertainty,498,False,True,True,3,False,False,False
True,2,False,0.0,False,2,False,True,0,simple_margin,False,safe_early_stop,4,False,True,False,2,False,False,False
True,2,False,0.0,False,2,False,True,0,simple_margin,False,safe_early_stop,8,False,True,False,2,False,False,False
False,16,True,0.125,False,16,False,False,4,simple_margin,False,unnecessary_continuation,9,False,False,False,16,False,True,True
False,16,True,0.5,False,2,True,False,0,simple_margin,False,invalid_extraction_driven_uncertainty,11,False,True,True,2,False,False,False
True,2,False,0.0,False,2,False,True,0,simple_margin,False,safe_early_stop,16,False,True,False,2,False,False,False
True,16,True,0.125,False,16,False,True,1,simple_margin,False,unnecessary_continuation,21,False,False,False,16,False,True,False
True,2,False,0.0,False,2,False,True,0,simple_margin,False,safe_early_stop,28,False,True,False,2,False,False,False
False,16,False,0.0,False,16,False,False,2,simple_margin,False,unnecessary_continuation,33,False,False,False,16,False,True,True
True,2,False,0.0,False,2,False,True,0,simple_margin,False,safe_early_stop,42,False,True,False,2,False,False,False
True,2,False,0.0,False,2,False,True,0,simple_margin,False,safe_early_stop,45,False,True,False,2,False,False,False
True,2,False,0.0,False,2,False,True,0,simple_margin,False,safe_early_stop,48,False,True,False,2,False,False,False
False,16,False,0.0,False,16,False,False,6,simple_margin,False,unnecessary_continuation,62,False,False,False,16,False,True,True
False,4,False,0.0,False,4,False,False,1,simple_margin,False,safe_early_stop,63,False,True,False,4,False,False,False
True,4,False,0.0,False,4,False,True,0,simple_margin,False,safe_early_stop,67,False,True,False,4,False,False,False
True,2,False,0.0,False,2,False,True,0,simple_margin,False,safe_early_stop,72,False,True,False,2,False,False,False
True,2,False,0.0,False,2,False,True,0,simple_margin,False,safe_early_stop,74,False,True,False,2,False,False,False
True,2,False,0.0,False,2,False,True,0,simple_margin,False,safe_early_stop,76,False,True,False,2,False,False,False
False,2,False,0.0,False,2,False,False,0,simple_margin,False,stable_wrong_trajectory,80,False,True,True,2,False,False,False
True,2,False,0.0,False,2,False,True,0,simple_margin,False,safe_early_stop,88,False,True,False,2,False,False,False
False,2,False,0.0,False,2,False,False,0,simple_margin,False,stable_wrong_trajectory,90,False,True,True,2,False,False,False
True,2,False,0.0,False,2,False,True,0,simple_margin,False,safe_early_stop,102,False,True,False,2,False,False,False
False,3,True,0.5,False,2,True,False,1,simple_margin,False,invalid_extraction_driven_uncertainty,103,False,True,False,2,False,False,False
True,4,False,0.0,False,4,False,True,0,simple_margin,False,safe_early_stop,107,False,True,False,4,False,False,False
False,6,True,0.8,False,5,True,False,1,simple_margin,False,invalid_extraction_driven_uncertainty,109,False,True,False,5,False,False,False
True,2,False,0.0,False,2,False,True,0,simple_margin,False,safe_early_stop,117,False,True,False,2,False,False,False
True,3,True,0.5,False,2,True,True,0,simple_margin,False,invalid_extraction_driven_uncertainty,118,False,True,False,2,False,False,False
True,2,False,0.0,False,2,False,True,0,simple_margin,False,safe_early_stop,128,False,True,False,2,False,False,False
True,2,False,0.0,False,2,False,True,0,simple_margin,False,safe_early_stop,141,False,True,False,2,False,False,False
True,2,False,0.0,False,2,False,True,0,simple_margin,False,safe_early_stop,143,False,True,False,2,False,False,False
True,2,False,0.0,False,2,False,True,0,simple_margin,False,safe_early_stop,148,False,True,False,2,False,False,False
True,2,False,0.0,False,2,False,True,0,simple_margin,False,safe_early_stop,149,False,True,False,2,False,False,False
False,4,True,0.6666666666666666,False,3,True,False,1,simple_margin,False,invalid_extraction_driven_uncertainty,150,False,True,False,3,False,False,False
True,2,False,0.0,False,2,False,True,0,simple_margin,False,safe_early_stop,167,False,True,False,2,False,False,False
True,2,False,0.0,False,2,False,True,0,simple_margin,False,safe_early_stop,173,False,True,False,2,False,False,False
False,2,False,0.0,False,2,False,False,0,simple_margin,False,stable_wrong_trajectory,177,False,True,True,2,False,False,False
True,2,True,0.5,False,2,False,True,0,simple_margin,False,invalid_extraction_driven_uncertainty,179,False,True,False,2,False,False,False
True,2,False,0.0,False,2,False,True,0,simple_margin,False,safe_early_stop,181,False,True,False,2,False,False,False
True,2,False,0.0,False,2,False,True,0,simple_margin,False,safe_early_stop,195,False,True,False,2,False,False,False
True,2,False,0.0,False,2,False,True,0,simple_margin,False,safe_early_stop,209,False,True,False,2,False,False,False
True,2,False,0.0,False,2,False,True,0,simple_margin,False,safe_early_stop,211,False,True,False,2,False,False,False
True,2,False,0.0,False,2,False,True,0,simple_margin,False,safe_early_stop,221,False,True,False,2,False,False,False
False,4,False,0.0,False,4,False,False,1,simple_margin,False,safe_early_stop,222,False,True,False,4,False,False,False
True,2,False,0.0,False,2,False,True,0,simple_margin,False,safe_early_stop,225,False,True,False,2,False,False,False
True,2,False,0.0,False,2,False,True,0,simple_margin,False,safe_early_stop,227,False,True,False,2,False,False,False
True,14,True,0.5714285714285714,False,14,False,True,1,simple_margin,False,invalid_extraction_driven_uncertainty,228,False,True,False,14,False,False,False
False,16,True,0.25,False,16,False,False,5,simple_margin,False,invalid_extraction_driven_uncertainty,236,False,False,False,16,False,False,True
True,2,False,0.0,False,2,False,True,0,simple_margin,False,safe_early_stop,251,False,True,False,2,False,False,False
True,2,False,0.0,False,2,False,True,0,simple_margin,False,safe_early_stop,253,False,True,False,2,False,False,False
True,2,False,0.0,False,2,False,True,0,simple_margin,False,safe_early_stop,254,False,True,False,2,False,False,False
True,2,False,0.0,False,2,False,True,0,simple_margin,False,safe_early_stop,257,False,True,False,2,False,False,False
True,2,False,0.0,False,2,False,True,0,simple_margin,False,safe_early_stop,260,False,True,False,2,False,False,False
True,2,False,0.0,False,2,False,True,0,simple_margin,False,safe_early_stop,261,False,True,False,2,False,False,False
False,2,False,0.0,False,2,False,False,0,simple_margin,False,stable_wrong_trajectory,264,False,True,True,2,False,False,False
True,2,False,0.0,False,2,False,True,0,simple_margin,False,safe_early_stop,273,False,True,False,2,False,False,False
True,2,False,0.0,False,2,False,False,3,simple_margin,False,regression_avoided,284,True,True,False,2,False,False,True
False,4,True,0.6666666666666666,False,3,True,False,1,simple_margin,False,invalid_extraction_driven_uncertainty,285,False,True,False,3,False,False,False
True,11,True,0.45454545454545453,False,11,False,True,0,simple_margin,False,invalid_extraction_driven_uncertainty,290,False,True,False,11,False,False,False
True,16,False,0.0,False,16,False,True,2,simple_margin,False,unnecessary_continuation,291,False,False,False,16,False,True,True
True,2,False,0.0,False,2,False,True,0,simple_margin,False,safe_early_stop,293,False,True,False,2,False,False,False
True,2,False,0.0,False,2,False,True,0,simple_margin,False,safe_early_stop,299,False,True,False,2,False,False,False
False,2,False,0.0,False,2,False,False,0,simple_margin,False,stable_wrong_trajectory,303,False,True,True,2,False,False,False
True,2,False,0.0,False,2,False,True,0,simple_margin,False,safe_early_stop,315,False,True,False,2,False,False,False
True,4,True,0.6666666666666666,False,3,True,True,1,simple_margin,False,invalid_extraction_driven_uncertainty,326,False,True,False,3,False,False,False
True,4,False,0.0,False,4,False,True,0,simple_margin,False,safe_early_stop,328,False,True,False,4,False,False,False
True,2,False,0.0,False,2,False,True,0,simple_margin,False,safe_early_stop,331,False,True,False,2,False,False,False
True,2,False,0.0,False,2,False,True,0,simple_margin,False,safe_early_stop,335,False,True,False,2,False,False,False
True,2,False,0.0,False,2,False,True,0,simple_margin,False,safe_early_stop,337,False,True,False,2,False,False,False
True,4,False,0.0,False,4,False,True,0,simple_margin,False,safe_early_stop,339,False,True,False,4,False,False,False
True,2,False,0.0,False,2,False,True,0,simple_margin,False,safe_early_stop,348,False,True,False,2,False,False,False
True,2,False,0.0,False,2,False,True,0,simple_margin,False,safe_early_stop,367,False,True,False,2,False,False,False
False,2,False,0.0,False,2,False,False,1,simple_margin,False,safe_early_stop,369,False,True,False,2,False,False,False
True,16,True,0.1875,False,16,False,True,5,simple_margin,False,unnecessary_continuation,371,False,False,False,16,False,True,True
True,2,False,0.0,False,2,False,True,0,simple_margin,False,safe_early_stop,373,False,True,False,2,False,False,False
True,3,True,0.5,False,2,True,True,0,simple_margin,False,invalid_extraction_driven_uncertainty,376,False,True,False,2,False,False,False
True,2,False,0.0,False,2,False,True,0,simple_margin,False,safe_early_stop,377,False,True,False,2,False,False,False
True,4,False,0.0,False,4,False,True,0,simple_margin,False,safe_early_stop,378,False,True,False,4,False,False,False
True,2,False,0.0,False,2,False,True,0,simple_margin,False,safe_early_stop,383,False,True,False,2,False,False,False
True,4,False,0.0,False,4,False,True,1,simple_margin,False,safe_early_stop,390,False,True,False,4,False,False,False
True,2,True,0.5,False,2,False,True,0,simple_margin,False,invalid_extraction_driven_uncertainty,391,False,True,False,2,False,False,False
True,2,False,0.0,False,2,False,True,0,simple_margin,False,safe_early_stop,395,False,True,False,2,False,False,False
True,2,False,0.0,False,2,False,True,0,simple_margin,False,safe_early_stop,407,False,True,False,2,False,False,False
True,10,True,0.9,False,10,False,True,1,simple_margin,False,invalid_extraction_driven_uncertainty,408,False,True,False,10,False,False,False
True,16,True,0.75,False,4,True,False,3,simple_margin,False,regression_avoided,412,True,True,False,4,False,False,True
True,2,False,0.0,False,2,False,True,0,simple_margin,False,safe_early_stop,418,False,True,False,2,False,False,False
True,2,True,0.5,False,2,False,True,0,simple_margin,False,invalid_extraction_driven_uncertainty,421,False,True,False,2,False,False,False
True,16,True,0.0625,False,16,False,True,1,simple_margin,False,unnecessary_continuation,425,False,False,False,16,False,True,False
True,2,False,0.0,False,2,False,True,0,simple_margin,False,safe_early_stop,438,False,True,False,2,False,False,False
True,2,False,0.0,False,2,False,True,0,simple_margin,False,safe_early_stop,439,False,True,False,2,False,False,False
False,3,True,0.5,False,2,True,False,0,simple_margin,False,invalid_extraction_driven_uncertainty,444,False,True,True,2,False,False,False
False,16,True,0.5,False,16,False,False,4,simple_margin,False,unnecessary_continuation,445,False,False,False,16,False,True,True
True,4,False,0.0,False,4,False,True,0,simple_margin,False,safe_early_stop,447,False,True,False,4,False,False,False
True,2,False,0.0,False,2,False,True,0,simple_margin,False,safe_early_stop,451,False,True,False,2,False,False,False
True,2,False,0.0,False,2,False,True,0,simple_margin,False,safe_early_stop,453,False,True,False,2,False,False,False
False,16,True,1.0,False,16,False,False,0,simple_margin,False,unnecessary_continuation,454,False,False,True,16,False,True,False
True,2,False,0.0,False,2,False,True,0,simple_margin,False,safe_early_stop,456,False,True,False,2,False,False,False
True,2,False,0.0,False,2,False,True,0,simple_margin,False,safe_early_stop,467,False,True,False,2,False,False,False
False,2,False,0.0,False,2,False,False,0,simple_margin,False,stable_wrong_trajectory,478,False,True,True,2,False,False,False
True,2,False,0.0,False,2,False,True,0,simple_margin,False,safe_early_stop,489,False,True,False,2,False,False,False
True,2,False,0.0,False,2,False,True,0,simple_margin,False,safe_early_stop,495,False,True,False,2,False,False,False
True,2,False,0.0,False,2,False,True,0,simple_margin,False,safe_early_stop,496,False,True,False,2,False,False,False
True,2,False,0.0,False,2,False,True,0,simple_margin,False,safe_early_stop,10,False,True,False,2,False,False,False
True,2,False,0.0,False,2,False,True,0,simple_margin,False,safe_early_stop,13,False,True,False,2,False,False,False
True,2,False,0.0,False,2,False,True,0,simple_margin,False,safe_early_stop,19,False,True,False,2,False,False,False
True,2,False,0.0,False,2,False,True,0,simple_margin,False,safe_early_stop,20,False,True,False,2,False,False,False
True,2,False,0.0,False,2,False,True,0,simple_margin,False,safe_early_stop,34,False,True,False,2,False,False,False
True,2,False,0.0,False,2,False,True,0,simple_margin,False,safe_early_stop,38,False,True,False,2,False,False,False
True,2,False,0.0,False,2,False,True,0,simple_margin,False,safe_early_stop,40,False,True,False,2,False,False,False
False,16,False,0.0,False,16,False,False,1,simple_margin,False,unnecessary_continuation,41,False,False,False,16,False,True,False
True,7,True,0.5,False,2,True,True,0,simple_margin,False,invalid_extraction_driven_uncertainty,46,False,True,False,2,False,False,False
True,2,False,0.0,False,2,False,True,0,simple_margin,False,safe_early_stop,47,False,True,False,2,False,False,False
True,2,False,0.0,False,2,False,True,0,simple_margin,False,safe_early_stop,49,False,True,False,2,False,False,False
True,16,False,0.0,False,16,False,True,2,simple_margin,False,unnecessary_continuation,50,False,False,False,16,False,True,True
True,2,False,0.0,False,2,False,True,0,simple_margin,False,safe_early_stop,55,False,True,False,2,False,False,False
True,2,False,0.0,False,2,False,True,0,simple_margin,False,safe_early_stop,77,False,True,False,2,False,False,False
True,2,False,0.0,False,2,False,True,0,simple_margin,False,safe_early_stop,78,False,True,False,2,False,False,False
True,2,False,0.0,False,2,False,True,0,simple_margin,False,safe_early_stop,84,False,True,False,2,False,False,False
True,2,False,0.0,False,2,False,True,0,simple_margin,False,safe_early_stop,85,False,True,False,2,False,False,False
True,2,False,0.0,False,2,False,True,0,simple_margin,False,safe_early_stop,86,False,True,False,2,False,False,False
True,2,False,0.0,False,2,False,True,0,simple_margin,False,safe_early_stop,93,False,True,False,2,False,False,False
False,2,False,0.0,False,2,False,False,0,simple_margin,False,stable_wrong_trajectory,104,False,True,True,2,False,False,False
False,16,False,0.0,False,16,False,False,2,simple_margin,False,unnecessary_continuation,105,False,False,False,16,False,True,True
True,5,False,0.0,False,4,True,True,1,simple_margin,False,safe_early_stop,112,False,True,False,4,False,False,False
True,2,False,0.0,False,2,False,True,0,simple_margin,False,safe_early_stop,114,False,True,False,2,False,False,False
False,16,False,0.0,False,16,False,False,0,simple_margin,False,unnecessary_continuation,115,False,False,True,16,False,True,False
True,16,False,0.0,False,16,False,True,2,simple_margin,False,unnecessary_continuation,119,False,False,False,16,False,True,True
True,2,False,0.0,False,2,False,True,0,simple_margin,False,safe_early_stop,121,False,True,False,2,False,False,False
True,2,False,0.0,False,2,False,True,0,simple_margin,False,safe_early_stop,122,False,True,False,2,False,False,False
True,2,False,0.0,False,2,False,True,0,simple_margin,False,safe_early_stop,127,False,True,False,2,False,False,False
True,2,False,0.0,False,2,False,True,0,simple_margin,False,safe_early_stop,132,False,True,False,2,False,False,False
True,7,True,0.8333333333333334,False,6,True,True,1,simple_margin,False,invalid_extraction_driven_uncertainty,136,False,True,False,6,False,False,False
False,16,True,0.5,False,2,True,False,2,simple_margin,False,invalid_extraction_driven_uncertainty,138,False,True,False,2,False,False,True
True,2,False,0.0,False,2,False,True,0,simple_margin,False,safe_early_stop,158,False,True,False,2,False,False,False
True,2,False,0.0,False,2,False,True,0,simple_margin,False,safe_early_stop,162,False,True,False,2,False,False,False
False,16,True,0.5,False,2,True,False,0,simple_margin,False,invalid_extraction_driven_uncertainty,170,False,True,True,2,False,False,False
True,2,False,0.0,False,2,False,True,0,simple_margin,False,safe_early_stop,172,False,True,False,2,False,False,False
True,5,False,0.0,False,4,True,True,0,simple_margin,False,safe_early_stop,176,False,True,False,4,False,False,False
True,2,False,0.0,False,2,False,True,0,simple_margin,False,safe_early_stop,183,False,True,False,2,False,False,False
True,2,False,0.0,False,2,False,True,0,simple_margin,False,safe_early_stop,198,False,True,False,2,False,False,False
True,2,False,0.0,False,2,False,True,0,simple_margin,False,safe_early_stop,202,False,True,False,2,False,False,False
True,2,False,0.0,False,2,False,True,0,simple_margin,False,safe_early_stop,205,False,True,False,2,False,False,False
True,16,False,0.0,False,16,False,True,2,simple_margin,False,unnecessary_continuation,210,False,False,False,16,False,True,True
True,4,False,0.0,False,4,False,True,0,simple_margin,False,safe_early_stop,212,False,True,False,4,False,False,False
True,2,False,0.0,False,2,False,True,0,simple_margin,False,safe_early_stop,215,False,True,False,2,False,False,False
True,2,False,0.0,False,2,False,True,0,simple_margin,False,safe_early_stop,218,False,True,False,2,False,False,False
False,2,False,0.0,False,2,False,False,0,simple_margin,False,stable_wrong_trajectory,220,False,True,True,2,False,False,False
True,2,False,0.0,False,2,False,True,0,simple_margin,False,safe_early_stop,223,False,True,False,2,False,False,False
True,2,False,0.0,False,2,False,True,0,simple_margin,False,safe_early_stop,231,False,True,False,2,False,False,False
True,6,False,0.0,False,6,False,True,1,simple_margin,False,safe_early_stop,232,False,True,False,6,False,False,False
True,2,False,0.0,False,2,False,True,0,simple_margin,False,safe_early_stop,238,False,True,False,2,False,False,False
False,16,True,1.0,False,16,False,False,0,simple_margin,False,unnecessary_continuation,239,False,False,True,16,False,True,False
True,2,False,0.0,False,2,False,True,0,simple_margin,False,safe_early_stop,243,False,True,False,2,False,False,False
True,2,False,0.0,False,2,False,True,0,simple_margin,False,safe_early_stop,256,False,True,False,2,False,False,False
True,2,False,0.0,False,2,False,True,0,simple_margin,False,safe_early_stop,265,False,True,False,2,False,False,False
True,10,False,0.0,False,10,False,True,1,simple_margin,False,safe_early_stop,267,False,True,False,10,False,False,False
True,2,False,0.0,False,2,False,True,0,simple_margin,False,safe_early_stop,277,False,True,False,2,False,False,False
True,2,False,0.0,False,2,False,True,0,simple_margin,False,safe_early_stop,287,False,True,False,2,False,False,False
True,2,False,0.0,False,2,False,True,0,simple_margin,False,safe_early_stop,289,False,True,False,2,False,False,False
True,2,False,0.0,False,2,False,True,0,simple_margin,False,safe_early_stop,297,False,True,False,2,False,False,False
True,2,False,0.0,False,2,False,True,0,simple_margin,False,safe_early_stop,305,False,True,False,2,False,False,False
False,16,False,0.0,False,16,False,False,2,simple_margin,False,unnecessary_continuation,308,False,False,False,16,False,True,True
True,2,False,0.0,False,2,False,True,0,simple_margin,False,safe_early_stop,314,False,True,False,2,False,False,False
True,2,False,0.0,False,2,False,True,0,simple_margin,False,safe_early_stop,322,False,True,False,2,False,False,False
True,2,False,0.0,False,2,False,True,0,simple_margin,False,safe_early_stop,329,False,True,False,2,False,False,False
True,4,True,0.5,False,2,True,True,0,simple_margin,False,invalid_extraction_driven_uncertainty,333,False,True,False,2,False,False,False
True,2,False,0.0,False,2,False,True,0,simple_margin,False,safe_early_stop,334,False,True,False,2,False,False,False
True,2,False,0.0,False,2,False,True,0,simple_margin,False,safe_early_stop,336,False,True,False,2,False,False,False
True,2,False,0.0,False,2,False,True,0,simple_margin,False,safe_early_stop,345,False,True,False,2,False,False,False
True,2,False,0.0,False,2,False,True,0,simple_margin,False,safe_early_stop,347,False,True,False,2,False,False,False
False,14,True,0.5,False,2,True,False,1,simple_margin,False,invalid_extraction_driven_uncertainty,352,False,True,False,2,False,False,False
True,2,False,0.0,False,2,False,True,0,simple_margin,False,safe_early_stop,354,False,True,False,2,False,False,False
False,16,True,0.125,False,16,False,False,1,simple_margin,False,unnecessary_continuation,355,False,False,False,16,False,True,False
True,2,False,0.0,False,2,False,True,0,simple_margin,False,safe_early_stop,356,False,True,False,2,False,False,False
True,2,False,0.0,False,2,False,True,0,simple_margin,False,safe_early_stop,360,False,True,False,2,False,False,False
True,2,False,0.0,False,2,False,True,0,simple_margin,False,safe_early_stop,368,False,True,False,2,False,False,False
True,2,False,0.0,False,2,False,True,0,simple_margin,False,safe_early_stop,379,False,True,False,2,False,False,False
False,2,False,0.0,False,2,False,True,1,simple_margin,True,premature_stop_with_missed_recovery,385,False,False,False,2,False,False,False
False,2,False,0.0,False,2,False,False,0,simple_margin,False,stable_wrong_trajectory,392,False,True,True,2,False,False,False
True,2,False,0.0,False,2,False,True,0,simple_margin,False,safe_early_stop,393,False,True,False,2,False,False,False
True,14,True,0.42857142857142855,False,14,False,True,1,simple_margin,False,invalid_extraction_driven_uncertainty,394,False,True,False,14,False,False,False
True,2,False,0.0,False,2,False,True,0,simple_margin,False,safe_early_stop,397,False,True,False,2,False,False,False
True,2,False,0.0,False,2,False,True,0,simple_margin,False,safe_early_stop,402,False,True,False,2,False,False,False
True,2,False,0.0,False,2,False,True,0,simple_margin,False,safe_early_stop,404,False,True,False,2,False,False,False
True,2,False,0.0,False,2,False,True,0,simple_margin,False,safe_early_stop,410,False,True,False,2,False,False,False
True,2,False,0.0,False,2,False,True,0,simple_margin,False,safe_early_stop,415,False,True,False,2,False,False,False
True,2,False,0.0,False,2,False,True,0,simple_margin,False,safe_early_stop,416,False,True,False,2,False,False,False
True,2,False,0.0,False,2,False,True,0,simple_margin,False,safe_early_stop,417,False,True,False,2,False,False,False
True,2,False,0.0,False,2,False,True,0,simple_margin,False,safe_early_stop,426,False,True,False,2,False,False,False
True,4,False,0.0,False,4,False,True,0,simple_margin,False,safe_early_stop,428,False,True,False,4,False,False,False
False,16,False,0.0,False,16,False,False,4,simple_margin,False,unnecessary_continuation,431,False,False,False,16,False,True,True
False,16,True,0.5,False,2,True,False,0,simple_margin,False,invalid_extraction_driven_uncertainty,432,False,True,True,2,False,False,False
True,2,False,0.0,False,2,False,True,0,simple_margin,False,safe_early_stop,435,False,True,False,2,False,False,False
True,2,False,0.0,False,2,False,True,0,simple_margin,False,safe_early_stop,440,False,True,False,2,False,False,False
True,2,False,0.0,False,2,False,True,0,simple_margin,False,safe_early_stop,442,False,True,False,2,False,False,False
True,3,True,0.5,False,2,True,True,0,simple_margin,False,invalid_extraction_driven_uncertainty,458,False,True,False,2,False,False,False
True,2,False,0.0,False,2,False,True,0,simple_margin,False,safe_early_stop,461,False,True,False,2,False,False,False
True,2,False,0.0,False,2,False,True,0,simple_margin,False,safe_early_stop,464,False,True,False,2,False,False,False
True,2,False,0.0,False,2,False,True,0,simple_margin,False,safe_early_stop,468,False,True,False,2,False,False,False
True,10,False,0.0,False,10,False,True,0,simple_margin,False,safe_early_stop,477,False,True,False,10,False,False,False
True,2,False,0.0,False,2,False,True,0,simple_margin,False,safe_early_stop,493,False,True,False,2,False,False,False
True,2,False,0.0,False,2,False,True,0,simple_margin,False,safe_early_stop,499,False,True,False,2,False,False,False
True,3,False,0.0,False,2,True,True,0,simple_margin,False,safe_early_stop,2,False,True,False,2,False,False,False
True,3,False,0.0,False,2,True,True,0,simple_margin,False,safe_early_stop,5,False,True,False,2,False,False,False
True,3,False,0.0,False,2,True,True,0,simple_margin,False,safe_early_stop,6,False,True,False,2,False,False,False
True,10,False,0.0,False,10,False,True,1,simple_margin,False,safe_early_stop,7,False,True,False,10,False,False,False
True,3,False,0.0,False,2,True,True,0,simple_margin,False,safe_early_stop,22,False,True,False,2,False,False,False
True,3,False,0.0,False,2,True,True,0,simple_margin,False,safe_early_stop,23,False,True,False,2,False,False,False
True,3,False,0.0,False,2,True,True,0,simple_margin,False,safe_early_stop,29,False,True,False,2,False,False,False
True,3,False,0.0,False,2,True,True,0,simple_margin,False,safe_early_stop,32,False,True,False,2,False,False,False
True,3,False,0.0,False,2,True,True,0,simple_margin,False,safe_early_stop,39,False,True,False,2,False,False,False
False,10,False,0.0,False,4,True,False,1,simple_margin,False,safe_early_stop,43,False,True,False,4,False,False,False
True,3,False,0.0,False,2,True,True,0,simple_margin,False,safe_early_stop,57,False,True,False,2,False,False,False
True,5,False,0.0,False,2,True,True,0,simple_margin,False,safe_early_stop,58,False,True,False,2,False,False,False
True,3,False,0.0,False,2,True,True,0,simple_margin,False,safe_early_stop,73,False,True,False,2,False,False,False
True,3,False,0.0,False,2,True,True,0,simple_margin,False,safe_early_stop,75,False,True,False,2,False,False,False
True,3,False,0.0,False,2,True,True,0,simple_margin,False,safe_early_stop,79,False,True,False,2,False,False,False
True,3,False,0.0,False,2,True,True,0,simple_margin,False,safe_early_stop,83,False,True,False,2,False,False,False
True,3,False,0.0,False,2,True,True,0,simple_margin,False,safe_early_stop,87,False,True,False,2,False,False,False
True,7,False,0.0,False,4,True,True,1,simple_margin,False,safe_early_stop,89,False,True,False,4,False,False,False
True,3,False,0.0,False,2,True,True,0,simple_margin,False,safe_early_stop,92,False,True,False,2,False,False,False
False,5,True,0.5,False,2,True,False,0,simple_margin,False,invalid_extraction_driven_uncertainty,99,False,True,True,2,False,False,False
True,3,False,0.0,False,2,True,True,0,simple_margin,False,safe_early_stop,106,False,True,False,2,False,False,False
False,7,True,0.75,False,4,True,False,1,simple_margin,False,invalid_extraction_driven_uncertainty,110,False,True,False,4,False,False,False
True,3,False,0.0,False,2,True,True,0,simple_margin,False,safe_early_stop,113,False,True,False,2,False,False,False
True,3,False,0.0,False,2,True,True,0,simple_margin,False,safe_early_stop,139,False,True,False,2,False,False,False
True,3,False,0.0,False,2,True,True,0,simple_margin,False,safe_early_stop,146,False,True,False,2,False,False,False
False,16,True,0.3125,False,16,False,False,3,simple_margin,False,unnecessary_continuation,147,False,False,False,16,False,True,True
True,3,False,0.0,False,2,True,True,0,simple_margin,False,safe_early_stop,155,False,True,False,2,False,False,False
False,14,False,0.0,False,2,True,False,0,simple_margin,False,stable_wrong_trajectory,156,False,True,True,2,False,False,False
True,3,False,0.0,False,2,True,True,0,simple_margin,False,safe_early_stop,160,False,True,False,2,False,False,False
False,16,False,0.0,False,2,True,False,4,simple_margin,False,unstable_trajectory,164,False,True,False,2,False,False,True
True,3,False,0.0,False,2,True,True,0,simple_margin,False,safe_early_stop,169,False,True,False,2,False,False,False
True,3,False,0.0,False,2,True,True,0,simple_margin,False,safe_early_stop,174,False,True,False,2,False,False,False
True,3,False,0.0,False,2,True,True,0,simple_margin,False,safe_early_stop,175,False,True,False,2,False,False,False
False,16,False,0.0,False,16,False,False,1,simple_margin,False,unnecessary_continuation,184,False,False,False,16,False,True,False
True,3,False,0.0,False,2,True,True,0,simple_margin,False,safe_early_stop,185,False,True,False,2,False,False,False
True,3,False,0.0,False,2,True,True,0,simple_margin,False,safe_early_stop,186,False,True,False,2,False,False,False
True,3,False,0.0,False,2,True,True,0,simple_margin,False,safe_early_stop,187,False,True,False,2,False,False,False
True,16,True,0.375,False,16,False,True,2,simple_margin,False,invalid_extraction_driven_uncertainty,189,False,False,False,16,False,False,True
True,3,False,0.0,False,2,True,True,0,simple_margin,False,safe_early_stop,193,False,True,False,2,False,False,False
True,3,False,0.0,False,2,True,True,0,simple_margin,False,safe_early_stop,199,False,True,False,2,False,False,False
True,3,False,0.0,False,2,True,True,0,simple_margin,False,safe_early_stop,203,False,True,False,2,False,False,False
False,16,False,0.0,False,4,True,False,1,simple_margin,False,safe_early_stop,204,False,True,False,4,False,False,False
False,3,False,0.0,False,2,True,False,0,simple_margin,False,stable_wrong_trajectory,217,False,True,True,2,False,False,False
True,3,False,0.0,False,2,True,True,0,simple_margin,False,safe_early_stop,230,False,True,False,2,False,False,False
False,8,False,0.0,True,2,True,True,1,simple_margin,True,premature_stop_with_missed_recovery,234,False,False,False,2,True,False,False
True,3,False,0.0,False,2,True,True,0,simple_margin,False,safe_early_stop,235,False,True,False,2,False,False,False
True,6,False,0.0,False,2,True,True,0,simple_margin,False,safe_early_stop,246,False,True,False,2,False,False,False
False,16,True,1.0,False,16,False,False,0,simple_margin,False,unnecessary_continuation,248,False,False,True,16,False,True,False
True,3,False,0.0,False,2,True,True,0,simple_margin,False,safe_early_stop,255,False,True,False,2,False,False,False
True,3,False,0.0,False,2,True,True,0,simple_margin,False,safe_early_stop,259,False,True,False,2,False,False,False
True,3,False,0.0,False,2,True,True,0,simple_margin,False,safe_early_stop,269,False,True,False,2,False,False,False
True,3,False,0.0,False,2,True,True,0,simple_margin,False,safe_early_stop,280,False,True,False,2,False,False,False
False,9,True,0.5,False,2,True,False,0,simple_margin,False,invalid_extraction_driven_uncertainty,292,False,True,True,2,False,False,False
True,6,False,0.0,False,4,True,True,1,simple_margin,False,safe_early_stop,294,False,True,False,4,False,False,False
True,3,False,0.0,False,2,True,True,0,simple_margin,False,safe_early_stop,300,False,True,False,2,False,False,False
False,3,False,0.0,False,2,True,False,0,simple_margin,False,stable_wrong_trajectory,301,False,True,True,2,False,False,False
True,16,True,0.375,False,16,False,True,2,simple_margin,False,unnecessary_continuation,302,False,False,False,16,False,True,True
True,4,False,0.0,False,2,True,True,0,simple_margin,False,safe_early_stop,304,False,True,False,2,False,False,False
True,3,False,0.0,False,2,True,True,0,simple_margin,False,safe_early_stop,307,False,True,False,2,False,False,False
False,16,False,0.0,False,16,False,False,3,simple_margin,False,unnecessary_continuation,309,False,False,False,16,False,True,True
True,3,False,0.0,False,2,True,True,0,simple_margin,False,safe_early_stop,311,False,True,False,2,False,False,False
False,3,False,0.0,False,2,True,False,0,simple_margin,False,stable_wrong_trajectory,317,False,True,True,2,False,False,False
True,3,False,0.0,False,2,True,True,0,simple_margin,False,safe_early_stop,318,False,True,False,2,False,False,False
True,3,False,0.0,False,2,True,True,0,simple_margin,False,safe_early_stop,319,False,True,False,2,False,False,False
True,3,False,0.0,False,2,True,True,0,simple_margin,False,safe_early_stop,321,False,True,False,2,False,False,False
False,16,True,0.5,False,2,True,False,0,simple_margin,False,invalid_extraction_driven_uncertainty,327,False,True,True,2,False,False,False
True,3,False,0.0,False,2,True,True,0,simple_margin,False,safe_early_stop,341,False,True,False,2,False,False,False
True,3,False,0.0,False,2,True,True,0,simple_margin,False,safe_early_stop,344,False,True,False,2,False,False,False
True,16,False,0.0,False,16,False,True,1,simple_margin,False,unnecessary_continuation,357,False,False,False,16,False,True,False
True,3,False,0.0,False,2,True,True,0,simple_margin,False,safe_early_stop,361,False,True,False,2,False,False,False
True,3,False,0.0,False,2,True,True,0,simple_margin,False,safe_early_stop,363,False,True,False,2,False,False,False
True,3,False,0.0,False,2,True,True,0,simple_margin,False,safe_early_stop,370,False,True,False,2,False,False,False
False,16,False,0.0,False,16,False,False,4,simple_margin,False,unnecessary_continuation,372,False,False,False,16,False,True,True
True,3,False,0.0,False,2,True,True,0,simple_margin,False,safe_early_stop,375,False,True,False,2,False,False,False
False,16,False,0.0,True,2,True,True,1,simple_margin,True,premature_stop_with_missed_recovery,380,False,False,False,2,True,False,False
True,3,False,0.0,False,2,True,True,0,simple_margin,False,safe_early_stop,384,False,True,False,2,False,False,False
True,3,False,0.0,False,2,True,True,0,simple_margin,False,safe_early_stop,399,False,True,False,2,False,False,False
True,3,False,0.0,False,2,True,True,0,simple_margin,False,safe_early_stop,411,False,True,False,2,False,False,False
True,3,False,0.0,False,2,True,True,0,simple_margin,False,safe_early_stop,413,False,True,False,2,False,False,False
False,16,True,0.75,False,4,True,False,1,simple_margin,False,invalid_extraction_driven_uncertainty,419,False,True,False,4,False,False,False
True,3,False,0.0,False,2,True,True,0,simple_margin,False,safe_early_stop,433,False,True,False,2,False,False,False
True,3,False,0.0,False,2,True,True,0,simple_margin,False,safe_early_stop,434,False,True,False,2,False,False,False
True,5,True,0.5,False,2,True,True,0,simple_margin,False,invalid_extraction_driven_uncertainty,436,False,True,False,2,False,False,False
True,3,False,0.0,False,2,True,True,0,simple_margin,False,safe_early_stop,452,False,True,False,2,False,False,False
True,4,False,0.0,False,2,True,True,0,simple_margin,False,safe_early_stop,459,False,True,False,2,False,False,False
True,16,False,0.0,False,4,True,False,3,simple_margin,False,regression_avoided,460,True,True,False,4,False,False,True
True,3,False,0.0,False,2,True,True,0,simple_margin,False,safe_early_stop,462,False,True,False,2,False,False,False
True,3,False,0.0,False,2,True,True,0,simple_margin,False,safe_early_stop,463,False,True,False,2,False,False,False
False,16,False,0.0,False,16,False,False,3,simple_margin,False,unnecessary_continuation,466,False,False,False,16,False,True,True
True,3,False,0.0,False,2,True,True,0,simple_margin,False,safe_early_stop,471,False,True,False,2,False,False,False
True,3,False,0.0,False,2,True,True,0,simple_margin,False,safe_early_stop,472,False,True,False,2,False,False,False
False,16,True,0.8888888888888888,False,9,True,False,1,simple_margin,False,invalid_extraction_driven_uncertainty,475,False,True,False,9,False,False,False
True,3,False,0.0,False,2,True,True,0,simple_margin,False,safe_early_stop,479,False,True,False,2,False,False,False
True,16,True,0.0625,False,16,False,True,2,simple_margin,False,unnecessary_continuation,482,False,False,False,16,False,True,True
True,15,True,0.9285714285714286,False,14,True,True,1,simple_margin,False,invalid_extraction_driven_uncertainty,483,False,True,False,14,False,False,False
True,3,False,0.0,False,2,True,True,0,simple_margin,False,safe_early_stop,484,False,True,False,2,False,False,False
False,16,True,0.125,False,16,False,False,0,simple_margin,False,unnecessary_continuation,490,False,False,True,16,False,True,False
True,3,False,0.0,False,2,True,True,0,simple_margin,False,safe_early_stop,492,False,True,False,2,False,False,False
True,16,True,0.5,False,2,True,False,1,simple_margin,False,regression_avoided,494,True,True,False,2,False,False,False
False,16,False,0.0,False,16,False,False,1,simple_margin,False,unnecessary_continuation,497,False,False,False,16,False,True,False
True,2,False,0.0,False,2,False,False,3,simple_margin,False,regression_avoided,18,True,True,False,2,False,False,True
True,16,False,0.0,False,16,False,True,0,simple_margin,False,unnecessary_continuation,24,False,False,False,16,False,True,False
False,2,True,0.5,False,2,False,False,1,simple_margin,False,invalid_extraction_driven_uncertainty,25,False,True,False,2,False,False,False
False,16,False,0.0,False,16,False,False,0,simple_margin,False,unnecessary_continuation,26,False,False,True,16,False,True,False
True,2,False,0.0,False,2,False,True,0,simple_margin,False,safe_early_stop,27,False,True,False,2,False,False,False
True,2,False,0.0,False,2,False,True,0,simple_margin,False,safe_early_stop,35,False,True,False,2,False,False,False
True,4,False,0.0,False,4,False,True,1,simple_margin,False,safe_early_stop,36,False,True,False,4,False,False,False
True,2,False,0.0,False,2,False,True,0,simple_margin,False,safe_early_stop,37,False,True,False,2,False,False,False
True,2,False,0.0,False,2,False,True,0,simple_margin,False,safe_early_stop,44,False,True,False,2,False,False,False
True,2,False,0.0,False,2,False,True,0,simple_margin,False,safe_early_stop,53,False,True,False,2,False,False,False
True,2,False,0.0,False,2,False,True,0,simple_margin,False,safe_early_stop,54,False,True,False,2,False,False,False
True,2,False,0.0,False,2,False,True,0,simple_margin,False,safe_early_stop,56,False,True,False,2,False,False,False
False,2,True,0.5,False,2,False,True,1,simple_margin,True,premature_stop_with_missed_recovery,64,False,False,False,2,False,False,False
True,2,False,0.0,False,2,False,True,0,simple_margin,False,safe_early_stop,65,False,True,False,2,False,False,False
True,2,False,0.0,False,2,False,True,0,simple_margin,False,safe_early_stop,68,False,True,False,2,False,False,False
True,2,False,0.0,False,2,False,True,0,simple_margin,False,safe_early_stop,70,False,True,False,2,False,False,False
True,2,False,0.0,False,2,False,True,0,simple_margin,False,safe_early_stop,81,False,True,False,2,False,False,False
True,16,False,0.0,False,16,False,True,3,simple_margin,False,unnecessary_continuation,82,False,False,False,16,False,True,True
True,2,False,0.0,False,2,False,True,0,simple_margin,False,safe_early_stop,95,False,True,False,2,False,False,False
True,2,False,0.0,False,2,False,True,0,simple_margin,False,safe_early_stop,98,False,True,False,2,False,False,False
False,2,True,0.5,False,2,False,False,0,simple_margin,False,invalid_extraction_driven_uncertainty,101,False,True,True,2,False,False,False
True,4,False,0.0,False,4,False,True,0,simple_margin,False,safe_early_stop,108,False,True,False,4,False,False,False
True,2,False,0.0,False,2,False,True,0,simple_margin,False,safe_early_stop,116,False,True,False,2,False,False,False
False,4,False,0.0,False,4,False,False,0,simple_margin,False,stable_wrong_trajectory,120,False,True,True,4,False,False,False
True,2,False,0.0,False,2,False,True,0,simple_margin,False,safe_early_stop,124,False,True,False,2,False,False,False
True,2,False,0.0,False,2,False,True,0,simple_margin,False,safe_early_stop,125,False,True,False,2,False,False,False
False,2,True,0.5,False,2,False,False,0,simple_margin,False,invalid_extraction_driven_uncertainty,126,False,True,True,2,False,False,False
True,2,False,0.0,False,2,False,True,0,simple_margin,False,safe_early_stop,130,False,True,False,2,False,False,False
True,2,False,0.0,False,2,False,True,0,simple_margin,False,safe_early_stop,131,False,True,False,2,False,False,False
True,2,False,0.0,False,2,False,True,0,simple_margin,False,safe_early_stop,134,False,True,False,2,False,False,False
True,2,False,0.0,False,2,False,True,0,simple_margin,False,safe_early_stop,137,False,True,False,2,False,False,False
True,2,False,0.0,False,2,False,True,0,simple_margin,False,safe_early_stop,140,False,True,False,2,False,False,False
True,2,False,0.0,False,2,False,True,0,simple_margin,False,safe_early_stop,144,False,True,False,2,False,False,False
False,16,True,0.125,False,16,False,False,3,simple_margin,False,unnecessary_continuation,152,False,False,False,16,False,True,True
True,2,False,0.0,False,2,False,True,0,simple_margin,False,safe_early_stop,153,False,True,False,2,False,False,False
True,2,False,0.0,False,2,False,True,0,simple_margin,False,safe_early_stop,157,False,True,False,2,False,False,False
True,2,False,0.0,False,2,False,True,0,simple_margin,False,safe_early_stop,159,False,True,False,2,False,False,False
True,10,False,0.0,False,10,False,True,1,simple_margin,False,safe_early_stop,166,False,True,False,10,False,False,False
False,2,True,0.5,False,2,False,False,0,simple_margin,False,invalid_extraction_driven_uncertainty,168,False,True,True,2,False,False,False
True,2,False,0.0,False,2,False,True,0,simple_margin,False,safe_early_stop,171,False,True,False,2,False,False,False
False,8,False,0.0,False,8,False,True,2,simple_margin,True,premature_stop_with_missed_recovery,180,False,False,False,8,False,False,True
True,2,False,0.0,False,2,False,True,0,simple_margin,False,safe_early_stop,182,False,True,False,2,False,False,False
True,2,False,0.0,False,2,False,True,0,simple_margin,False,safe_early_stop,192,False,True,False,2,False,False,False
True,2,False,0.0,False,2,False,True,0,simple_margin,False,safe_early_stop,194,False,True,False,2,False,False,False
True,4,False,0.0,False,4,False,True,0,simple_margin,False,safe_early_stop,197,False,True,False,4,False,False,False
True,2,False,0.0,False,2,False,True,0,simple_margin,False,safe_early_stop,201,False,True,False,2,False,False,False
True,2,False,0.0,False,2,False,True,0,simple_margin,False,safe_early_stop,206,False,True,False,2,False,False,False
True,2,False,0.0,False,2,False,True,0,simple_margin,False,safe_early_stop,207,False,True,False,2,False,False,False
True,2,False,0.0,False,2,False,True,0,simple_margin,False,safe_early_stop,229,False,True,False,2,False,False,False
True,2,False,0.0,False,2,False,True,0,simple_margin,False,safe_early_stop,237,False,True,False,2,False,False,False
True,2,False,0.0,False,2,False,True,0,simple_margin,False,safe_early_stop,241,False,True,False,2,False,False,False
False,6,False,0.0,False,6,False,False,1,simple_margin,False,safe_early_stop,242,False,True,False,6,False,False,False
False,2,True,0.5,False,2,False,False,1,simple_margin,False,invalid_extraction_driven_uncertainty,249,False,True,False,2,False,False,False
True,2,False,0.0,False,2,False,True,0,simple_margin,False,safe_early_stop,263,False,True,False,2,False,False,False
True,2,False,0.0,False,2,False,True,0,simple_margin,False,safe_early_stop,268,False,True,False,2,False,False,False
True,2,False,0.0,False,2,False,True,0,simple_margin,False,safe_early_stop,270,False,True,False,2,False,False,False
True,2,False,0.0,False,2,False,True,0,simple_margin,False,safe_early_stop,271,False,True,False,2,False,False,False
True,2,False,0.0,False,2,False,True,2,simple_margin,False,unstable_trajectory,272,False,True,False,2,False,False,True
False,16,False,0.0,False,16,False,False,1,simple_margin,False,unnecessary_continuation,274,False,False,False,16,False,True,False
True,2,False,0.0,False,2,False,True,0,simple_margin,False,safe_early_stop,275,False,True,False,2,False,False,False
True,2,False,0.0,False,2,False,True,0,simple_margin,False,safe_early_stop,276,False,True,False,2,False,False,False
True,16,False,0.0,False,16,False,True,3,simple_margin,False,unnecessary_continuation,281,False,False,False,16,False,True,True
False,2,False,0.0,False,2,False,False,0,simple_margin,False,stable_wrong_trajectory,282,False,True,True,2,False,False,False
True,2,False,0.0,False,2,False,True,0,simple_margin,False,safe_early_stop,283,False,True,False,2,False,False,False
False,2,True,0.5,False,2,False,False,0,simple_margin,False,invalid_extraction_driven_uncertainty,286,False,True,True,2,False,False,False
False,2,True,0.5,False,2,False,False,0,simple_margin,False,invalid_extraction_driven_uncertainty,288,False,True,True,2,False,False,False
False,2,False,0.0,False,2,False,False,0,simple_margin,False,stable_wrong_trajectory,296,False,True,True,2,False,False,False
True,2,False,0.0,False,2,False,True,0,simple_margin,False,safe_early_stop,312,False,True,False,2,False,False,False
True,2,False,0.0,False,2,False,True,0,simple_margin,False,safe_early_stop,313,False,True,False,2,False,False,False
True,2,False,0.0,False,2,False,True,0,simple_margin,False,safe_early_stop,320,False,True,False,2,False,False,False
True,16,True,0.0625,False,16,False,True,6,simple_margin,False,unnecessary_continuation,332,False,False,False,16,False,True,True
False,16,True,1.0,False,16,False,False,0,simple_margin,False,unnecessary_continuation,340,False,False,True,16,False,True,False
True,2,False,0.0,False,2,False,True,0,simple_margin,False,safe_early_stop,342,False,True,False,2,False,False,False
True,2,False,0.0,False,2,False,True,0,simple_margin,False,safe_early_stop,343,False,True,False,2,False,False,False
True,2,False,0.0,False,2,False,True,0,simple_margin,False,safe_early_stop,346,False,True,False,2,False,False,False
False,2,False,0.0,False,2,False,False,0,simple_margin,False,stable_wrong_trajectory,351,False,True,True,2,False,False,False
True,2,False,0.0,False,2,False,True,0,simple_margin,False,safe_early_stop,359,False,True,False,2,False,False,False
True,2,False,0.0,False,2,False,True,0,simple_margin,False,safe_early_stop,362,False,True,False,2,False,False,False
False,16,True,0.125,False,16,False,False,0,simple_margin,False,unnecessary_continuation,381,False,False,True,16,False,True,False
True,2,False,0.0,False,2,False,True,0,simple_margin,False,safe_early_stop,386,False,True,False,2,False,False,False
True,2,False,0.0,False,2,False,True,0,simple_margin,False,safe_early_stop,387,False,True,False,2,False,False,False
True,16,False,0.0,False,16,False,True,3,simple_margin,False,unnecessary_continuation,388,False,False,False,16,False,True,True
False,16,False,0.0,False,16,False,False,1,simple_margin,False,unnecessary_continuation,398,False,False,False,16,False,True,False
True,16,False,0.0,False,16,False,True,6,simple_margin,False,unnecessary_continuation,400,False,False,False,16,False,True,True
False,6,True,0.8333333333333334,False,6,False,False,1,simple_margin,False,invalid_extraction_driven_uncertainty,401,False,True,False,6,False,False,False
False,2,False,0.0,False,2,False,False,0,simple_margin,False,stable_wrong_trajectory,403,False,True,True,2,False,False,False
True,2,False,0.0,False,2,False,True,0,simple_margin,False,safe_early_stop,406,False,True,False,2,False,False,False
False,7,True,0.8571428571428571,False,7,False,False,1,simple_margin,False,invalid_extraction_driven_uncertainty,422,False,True,False,7,False,False,False
True,2,False,0.0,False,2,False,True,0,simple_margin,False,safe_early_stop,427,False,True,False,2,False,False,False
True,2,False,0.0,False,2,False,True,0,simple_margin,False,safe_early_stop,429,False,True,False,2,False,False,False
True,2,False,0.0,False,2,False,True,0,simple_margin,False,safe_early_stop,430,False,True,False,2,False,False,False
True,2,False,0.0,False,2,False,True,0,simple_margin,False,safe_early_stop,441,False,True,False,2,False,False,False
True,2,False,0.0,False,2,False,True,0,simple_margin,False,safe_early_stop,446,False,True,False,2,False,False,False
True,2,False,0.0,False,2,False,True,0,simple_margin,False,safe_early_stop,448,False,True,False,2,False,False,False
True,2,False,0.0,False,2,False,True,0,simple_margin,False,safe_early_stop,449,False,True,False,2,False,False,False
True,2,False,0.0,False,2,False,True,0,simple_margin,False,safe_early_stop,457,False,True,False,2,False,False,False
True,2,False,0.0,False,2,False,True,0,simple_margin,False,safe_early_stop,465,False,True,False,2,False,False,False
False,4,False,0.0,False,4,False,True,3,simple_margin,True,premature_stop_with_missed_recovery,473,False,False,False,4,False,False,True
True,2,False,0.0,False,2,False,True,0,simple_margin,False,safe_early_stop,487,False,True,False,2,False,False,False
False,16,False,0.0,False,16,False,False,2,simple_margin,False,unnecessary_continuation,491,False,False,False,16,False,True,True
True,2,False,0.0,False,2,False,True,0,simple_margin,False,safe_early_stop,0,False,True,False,2,False,False,False
True,2,False,0.0,False,2,False,True,0,simple_margin,False,safe_early_stop,1,False,True,False,2,False,False,False
True,2,False,0.0,False,2,False,True,0,simple_margin,False,safe_early_stop,3,False,True,False,2,False,False,False
True,2,False,0.0,False,2,False,True,0,simple_margin,False,safe_early_stop,12,False,True,False,2,False,False,False
False,4,False,0.0,False,4,False,False,0,simple_margin,False,stable_wrong_trajectory,14,False,True,True,4,False,False,False
True,2,False,0.0,False,2,False,True,0,simple_margin,False,safe_early_stop,15,False,True,False,2,False,False,False
True,4,False,0.0,False,4,False,False,6,simple_margin,False,regression_avoided,17,True,True,False,4,False,False,True
True,2,False,0.0,False,2,False,True,0,simple_margin,False,safe_early_stop,30,False,True,False,2,False,False,False
True,2,False,0.0,False,2,False,True,0,simple_margin,False,safe_early_stop,31,False,True,False,2,False,False,False
True,2,False,0.0,False,2,False,True,0,simple_margin,False,safe_early_stop,51,False,True,False,2,False,False,False
True,2,False,0.0,False,2,False,True,0,simple_margin,False,safe_early_stop,52,False,True,False,2,False,False,False
True,2,False,0.0,False,2,False,True,0,simple_margin,False,safe_early_stop,59,False,True,False,2,False,False,False
False,4,True,0.75,False,4,False,False,2,simple_margin,False,invalid_extraction_driven_uncertainty,60,False,True,False,4,False,False,True
True,2,False,0.0,False,2,False,True,0,simple_margin,False,safe_early_stop,61,False,True,False,2,False,False,False
True,2,False,0.0,False,2,False,True,0,simple_margin,False,safe_early_stop,66,False,True,False,2,False,False,False
True,2,False,0.0,False,2,False,True,0,simple_margin,False,safe_early_stop,69,False,True,False,2,False,False,False
True,16,False,0.0,False,16,False,True,1,simple_margin,False,unnecessary_continuation,71,False,False,False,16,False,True,False
True,2,False,0.0,False,2,False,True,0,simple_margin,False,safe_early_stop,91,False,True,False,2,False,False,False
False,2,True,0.5,False,2,False,False,0,simple_margin,False,invalid_extraction_driven_uncertainty,94,False,True,True,2,False,False,False
False,2,True,0.5,False,2,False,False,1,simple_margin,False,invalid_extraction_driven_uncertainty,96,False,True,False,2,False,False,False
True,2,False,0.0,False,2,False,True,0,simple_margin,False,safe_early_stop,97,False,True,False,2,False,False,False
False,16,True,0.125,False,16,False,False,1,simple_margin,False,unnecessary_continuation,100,False,False,False,16,False,True,False
True,2,False,0.0,False,2,False,True,0,simple_margin,False,safe_early_stop,111,False,True,False,2,False,False,False
True,2,True,0.5,False,2,False,False,1,simple_margin,False,regression_avoided,123,True,True,False,2,False,False,False
True,16,False,0.0,False,16,False,True,3,simple_margin,False,unnecessary_continuation,129,False,False,False,16,False,True,True
True,2,False,0.0,False,2,False,True,0,simple_margin,False,safe_early_stop,133,False,True,False,2,False,False,False
True,2,False,0.0,False,2,False,True,0,simple_margin,False,safe_early_stop,135,False,True,False,2,False,False,False
True,4,False,0.0,False,4,False,True,4,simple_margin,False,unstable_trajectory,142,False,True,False,4,False,False,True
True,16,True,0.0625,False,16,False,True,2,simple_margin,False,unnecessary_continuation,145,False,False,False,16,False,True,True
True,2,False,0.0,False,2,False,True,0,simple_margin,False,safe_early_stop,151,False,True,False,2,False,False,False
False,16,False,0.0,False,16,False,False,2,simple_margin,False,unnecessary_continuation,154,False,False,False,16,False,True,True
True,2,False,0.0,False,2,False,True,0,simple_margin,False,safe_early_stop,161,False,True,False,2,False,False,False
True,2,False,0.0,False,2,False,True,0,simple_margin,False,safe_early_stop,163,False,True,False,2,False,False,False
True,2,False,0.0,False,2,False,True,0,simple_margin,False,safe_early_stop,165,False,True,False,2,False,False,False
True,2,False,0.0,False,2,False,True,0,simple_margin,False,safe_early_stop,178,False,True,False,2,False,False,False
True,2,False,0.0,False,2,False,True,0,simple_margin,False,safe_early_stop,188,False,True,False,2,False,False,False
True,4,False,0.0,False,4,False,False,3,simple_margin,False,regression_avoided,190,True,True,False,4,False,False,True
True,2,False,0.0,False,2,False,True,0,simple_margin,False,safe_early_stop,191,False,True,False,2,False,False,False
True,2,False,0.0,False,2,False,True,0,simple_margin,False,safe_early_stop,196,False,True,False,2,False,False,False
True,2,False,0.0,False,2,False,True,0,simple_margin,False,safe_early_stop,200,False,True,False,2,False,False,False
True,2,False,0.0,False,2,False,True,0,simple_margin,False,safe_early_stop,208,False,True,False,2,False,False,False
False,2,True,0.5,False,2,False,False,0,simple_margin,False,invalid_extraction_driven_uncertainty,213,False,True,True,2,False,False,False
False,16,True,0.0625,False,16,False,False,3,simple_margin,False,unnecessary_continuation,214,False,False,False,16,False,True,True
True,2,False,0.0,False,2,False,True,0,simple_margin,False,safe_early_stop,216,False,True,False,2,False,False,False
True,16,False,0.0,False,16,False,True,0,simple_margin,False,unnecessary_continuation,219,False,False,False,16,False,True,False
False,2,True,0.5,False,2,False,False,0,simple_margin,False,invalid_extraction_driven_uncertainty,224,False,True,True,2,False,False,False
True,2,False,0.0,False,2,False,True,0,simple_margin,False,safe_early_stop,226,False,True,False,2,False,False,False
True,2,False,0.0,False,2,False,True,0,simple_margin,False,safe_early_stop,233,False,True,False,2,False,False,False
False,14,False,0.0,False,14,False,False,1,simple_margin,False,safe_early_stop,240,False,True,False,14,False,False,False
True,2,False,0.0,False,2,False,True,0,simple_margin,False,safe_early_stop,244,False,True,False,2,False,False,False
False,16,True,0.125,False,16,False,False,1,simple_margin,False,unnecessary_continuation,245,False,False,False,16,False,True,False
True,2,False,0.0,False,2,False,True,0,simple_margin,False,safe_early_stop,247,False,True,False,2,False,False,False
True,2,False,0.0,False,2,False,True,0,simple_margin,False,safe_early_stop,250,False,True,False,2,False,False,False
True,2,False,0.0,False,2,False,True,0,simple_margin,False,safe_early_stop,252,False,True,False,2,False,False,False
True,2,False,0.0,False,2,False,True,0,simple_margin,False,safe_early_stop,258,False,True,False,2,False,False,False
True,2,False,0.0,False,2,False,True,0,simple_margin,False,safe_early_stop,262,False,True,False,2,False,False,False
False,2,False,0.0,False,2,False,True,5,simple_margin,True,premature_stop_with_missed_recovery,266,False,False,False,2,False,False,True
True,2,False,0.0,False,2,False,True,0,simple_margin,False,safe_early_stop,278,False,True,False,2,False,False,False
False,2,False,0.0,False,2,False,True,1,simple_margin,True,premature_stop_with_missed_recovery,279,False,False,False,2,False,False,False
False,4,False,0.0,False,4,False,False,0,simple_margin,False,stable_wrong_trajectory,295,False,True,True,4,False,False,False
False,2,True,0.5,False,2,False,True,3,simple_margin,True,premature_stop_with_missed_recovery,298,False,False,False,2,False,False,True
False,16,True,0.125,False,16,False,False,1,simple_margin,False,unnecessary_continuation,306,False,False,False,16,False,True,False
True,2,False,0.0,False,2,False,True,0,simple_margin,False,safe_early_stop,310,False,True,False,2,False,False,False
True,2,False,0.0,False,2,False,True,0,simple_margin,False,safe_early_stop,316,False,True,False,2,False,False,False
True,2,False,0.0,False,2,False,True,0,simple_margin,False,safe_early_stop,323,False,True,False,2,False,False,False
True,16,True,0.125,False,16,False,True,1,simple_margin,False,unnecessary_continuation,324,False,False,False,16,False,True,False
True,2,False,0.0,False,2,False,True,0,simple_margin,False,safe_early_stop,325,False,True,False,2,False,False,False
True,2,False,0.0,False,2,False,True,0,simple_margin,False,safe_early_stop,330,False,True,False,2,False,False,False
True,2,False,0.0,False,2,False,True,0,simple_margin,False,safe_early_stop,338,False,True,False,2,False,False,False
False,2,False,0.0,False,2,False,False,0,simple_margin,False,stable_wrong_trajectory,349,False,True,True,2,False,False,False
True,2,False,0.0,False,2,False,True,0,simple_margin,False,safe_early_stop,350,False,True,False,2,False,False,False
True,2,False,0.0,False,2,False,True,0,simple_margin,False,safe_early_stop,353,False,True,False,2,False,False,False
False,16,False,0.0,False,16,False,False,2,simple_margin,False,unnecessary_continuation,358,False,False,False,16,False,True,True
True,2,False,0.0,False,2,False,True,0,simple_margin,False,safe_early_stop,364,False,True,False,2,False,False,False
False,2,False,0.0,False,2,False,False,0,simple_margin,False,stable_wrong_trajectory,365,False,True,True,2,False,False,False
True,2,False,0.0,False,2,False,True,0,simple_margin,False,safe_early_stop,366,False,True,False,2,False,False,False
True,2,False,0.0,False,2,False,True,0,simple_margin,False,safe_early_stop,374,False,True,False,2,False,False,False
True,4,False,0.0,False,4,False,True,0,simple_margin,False,safe_early_stop,382,False,True,False,4,False,False,False
True,16,False,0.0,False,16,False,True,1,simple_margin,False,unnecessary_continuation,389,False,False,False,16,False,True,False
True,2,False,0.0,False,2,False,True,0,simple_margin,False,safe_early_stop,396,False,True,False,2,False,False,False
True,2,False,0.0,False,2,False,True,0,simple_margin,False,safe_early_stop,405,False,True,False,2,False,False,False
True,2,False,0.0,False,2,False,True,0,simple_margin,False,safe_early_stop,409,False,True,False,2,False,False,False
True,2,False,0.0,False,2,False,True,0,simple_margin,False,safe_early_stop,414,False,True,False,2,False,False,False
False,2,False,0.0,False,2,False,False,0,simple_margin,False,stable_wrong_trajectory,420,False,True,True,2,False,False,False
True,2,False,0.0,False,2,False,False,5,simple_margin,False,regression_avoided,423,True,True,False,2,False,False,True
True,2,False,0.0,False,2,False,True,0,simple_margin,False,safe_early_stop,424,False,True,False,2,False,False,False
True,2,False,0.0,False,2,False,True,0,simple_margin,False,safe_early_stop,437,False,True,False,2,False,False,False
True,2,False,0.0,False,2,False,True,0,simple_margin,False,safe_early_stop,443,False,True,False,2,False,False,False
True,2,False,0.0,False,2,False,True,0,simple_margin,False,safe_early_stop,450,False,True,False,2,False,False,False
True,2,False,0.0,False,2,False,True,0,simple_margin,False,safe_early_stop,455,False,True,False,2,False,False,False
True,2,False,0.0,False,2,False,True,0,simple_margin,False,safe_early_stop,469,False,True,False,2,False,False,False
False,4,True,0.75,False,4,False,True,2,simple_margin,True,premature_stop_with_missed_recovery,470,False,False,False,4,False,False,True
True,2,False,0.0,False,2,False,True,0,simple_margin,False,safe_early_stop,474,False,True,False,2,False,False,False
True,2,False,0.0,False,2,False,True,0,simple_margin,False,safe_early_stop,476,False,True,False,2,False,False,False
True,2,False,0.0,False,2,False,True,0,simple_margin,False,safe_early_stop,480,False,True,False,2,False,False,False
False,16,True,0.3125,False,16,False,False,1,simple_margin,False,unnecessary_continuation,481,False,False,False,16,False,True,False
False,2,True,0.5,False,2,False,True,1,simple_margin,True,premature_stop_with_missed_recovery,485,False,False,False,2,False,False,False
True,4,False,0.0,False,4,False,True,0,simple_margin,False,safe_early_stop,486,False,True,False,4,False,False,False
True,2,False,0.0,False,2,False,True,0,simple_margin,False,safe_early_stop,488,False,True,False,2,False,False,False
False,2,True,0.5,False,2,False,False,0,simple_margin,False,invalid_extraction_driven_uncertainty,498,False,True,True,2,False,False,False
True,2,False,0.0,False,2,False,True,0,fixed_n8,False,safe_early_stop,4,False,True,False,8,False,False,False
True,2,False,0.0,False,2,False,True,0,fixed_n8,False,safe_early_stop,8,False,True,False,8,False,False,False
True,16,True,0.125,False,16,False,False,4,fixed_n8,False,regression_avoided,9,True,True,False,8,False,False,True
False,16,True,0.25,False,2,True,False,0,fixed_n8,False,invalid_extraction_driven_uncertainty,11,False,True,True,8,False,False,False
True,2,False,0.0,False,2,False,True,0,fixed_n8,False,safe_early_stop,16,False,True,False,8,False,False,False
True,16,True,0.125,False,16,False,True,1,fixed_n8,False,invalid_extraction_driven_uncertainty,21,False,True,False,8,False,False,False
True,2,False,0.0,False,2,False,True,0,fixed_n8,False,safe_early_stop,28,False,True,False,8,False,False,False
False,16,False,0.0,False,16,False,False,2,fixed_n8,False,unstable_trajectory,33,False,True,False,8,False,False,True
True,2,False,0.0,False,2,False,True,0,fixed_n8,False,safe_early_stop,42,False,True,False,8,False,False,False
True,2,False,0.0,False,2,False,True,0,fixed_n8,False,safe_early_stop,45,False,True,False,8,False,False,False
True,2,False,0.0,False,2,False,True,0,fixed_n8,False,safe_early_stop,48,False,True,False,8,False,False,False
True,16,False,0.0,False,16,False,False,6,fixed_n8,False,regression_avoided,62,True,True,False,8,False,False,True
False,4,False,0.0,False,4,False,False,1,fixed_n8,False,safe_early_stop,63,False,True,False,8,False,False,False
True,4,False,0.0,False,4,False,True,0,fixed_n8,False,safe_early_stop,67,False,True,False,8,False,False,False
True,2,False,0.0,False,2,False,True,0,fixed_n8,False,safe_early_stop,72,False,True,False,8,False,False,False
True,2,False,0.0,False,2,False,True,0,fixed_n8,False,safe_early_stop,74,False,True,False,8,False,False,False
True,2,False,0.0,False,2,False,True,0,fixed_n8,False,safe_early_stop,76,False,True,False,8,False,False,False
False,2,False,0.0,False,2,False,False,0,fixed_n8,False,stable_wrong_trajectory,80,False,True,True,8,False,False,False
True,2,True,0.125,False,2,False,True,0,fixed_n8,False,invalid_extraction_driven_uncertainty,88,False,True,False,8,False,False,False
False,2,False,0.0,False,2,False,False,0,fixed_n8,False,stable_wrong_trajectory,90,False,True,True,8,False,False,False
True,2,False,0.0,False,2,False,True,0,fixed_n8,False,safe_early_stop,102,False,True,False,8,False,False,False
False,3,True,0.625,False,2,True,False,1,fixed_n8,False,invalid_extraction_driven_uncertainty,103,False,True,False,8,False,False,False
True,4,False,0.0,False,4,False,True,0,fixed_n8,False,safe_early_stop,107,False,True,False,8,False,False,False
False,6,True,0.625,False,5,True,False,1,fixed_n8,False,invalid_extraction_driven_uncertainty,109,False,True,False,8,False,False,False
True,2,False,0.0,False,2,False,True,0,fixed_n8,False,safe_early_stop,117,False,True,False,8,False,False,False
True,3,True,0.25,False,2,True,True,0,fixed_n8,False,invalid_extraction_driven_uncertainty,118,False,True,False,8,False,False,False
True,2,False,0.0,False,2,False,True,0,fixed_n8,False,safe_early_stop,128,False,True,False,8,False,False,False
True,2,False,0.0,False,2,False,True,0,fixed_n8,False,safe_early_stop,141,False,True,False,8,False,False,False
True,2,False,0.0,False,2,False,True,0,fixed_n8,False,safe_early_stop,143,False,True,False,8,False,False,False
True,2,False,0.0,False,2,False,True,0,fixed_n8,False,safe_early_stop,148,False,True,False,8,False,False,False
True,2,True,0.125,False,2,False,True,0,fixed_n8,False,invalid_extraction_driven_uncertainty,149,False,True,False,8,False,False,False
False,4,True,0.75,False,3,True,False,1,fixed_n8,False,invalid_extraction_driven_uncertainty,150,False,True,False,8,False,False,False
True,2,False,0.0,False,2,False,True,0,fixed_n8,False,safe_early_stop,167,False,True,False,8,False,False,False
True,2,False,0.0,False,2,False,True,0,fixed_n8,False,safe_early_stop,173,False,True,False,8,False,False,False
False,2,False,0.0,False,2,False,False,0,fixed_n8,False,stable_wrong_trajectory,177,False,True,True,8,False,False,False
True,2,True,0.25,False,2,False,True,0,fixed_n8,False,invalid_extraction_driven_uncertainty,179,False,True,False,8,False,False,False
True,2,False,0.0,False,2,False,True,0,fixed_n8,False,safe_early_stop,181,False,True,False,8,False,False,False
True,2,False,0.0,False,2,False,True,0,fixed_n8,False,safe_early_stop,195,False,True,False,8,False,False,False
True,2,False,0.0,False,2,False,True,0,fixed_n8,False,safe_early_stop,209,False,True,False,8,False,False,False
True,2,False,0.0,False,2,False,True,0,fixed_n8,False,safe_early_stop,211,False,True,False,8,False,False,False
True,2,False,0.0,False,2,False,True,0,fixed_n8,False,safe_early_stop,221,False,True,False,8,False,False,False
False,4,False,0.0,False,4,False,False,1,fixed_n8,False,safe_early_stop,222,False,True,False,8,False,False,False
True,2,False,0.0,False,2,False,True,0,fixed_n8,False,safe_early_stop,225,False,True,False,8,False,False,False
True,2,False,0.0,False,2,False,True,0,fixed_n8,False,safe_early_stop,227,False,True,False,8,False,False,False
True,14,True,0.5,False,14,False,True,1,fixed_n8,False,invalid_extraction_driven_uncertainty,228,False,True,False,8,False,False,False
False,16,True,0.375,False,16,False,False,5,fixed_n8,False,invalid_extraction_driven_uncertainty,236,False,True,False,8,False,False,True
True,2,False,0.0,False,2,False,True,0,fixed_n8,False,safe_early_stop,251,False,True,False,8,False,False,False
True,2,False,0.0,False,2,False,True,0,fixed_n8,False,safe_early_stop,253,False,True,False,8,False,False,False
True,2,False,0.0,False,2,False,True,0,fixed_n8,False,safe_early_stop,254,False,True,False,8,False,False,False
True,2,False,0.0,False,2,False,True,0,fixed_n8,False,safe_early_stop,257,False,True,False,8,False,False,False
True,2,False,0.0,False,2,False,True,0,fixed_n8,False,safe_early_stop,260,False,True,False,8,False,False,False
True,2,False,0.0,False,2,False,True,0,fixed_n8,False,safe_early_stop,261,False,True,False,8,False,False,False
False,2,True,0.125,False,2,False,False,0,fixed_n8,False,invalid_extraction_driven_uncertainty,264,False,True,True,8,False,False,False
True,2,False,0.0,False,2,False,True,0,fixed_n8,False,safe_early_stop,273,False,True,False,8,False,False,False
True,2,True,0.125,False,2,False,False,3,fixed_n8,False,regression_avoided,284,True,True,False,8,False,False,True
False,4,True,0.75,False,3,True,False,1,fixed_n8,False,invalid_extraction_driven_uncertainty,285,False,True,False,8,False,False,False
True,11,True,0.5,False,11,False,True,0,fixed_n8,False,invalid_extraction_driven_uncertainty,290,False,True,False,8,False,False,False
True,16,False,0.0,False,16,False,True,2,fixed_n8,False,unstable_trajectory,291,False,True,False,8,False,False,True
True,2,False,0.0,False,2,False,True,0,fixed_n8,False,safe_early_stop,293,False,True,False,8,False,False,False
True,2,False,0.0,False,2,False,True,0,fixed_n8,False,safe_early_stop,299,False,True,False,8,False,False,False
False,2,True,0.25,False,2,False,False,0,fixed_n8,False,invalid_extraction_driven_uncertainty,303,False,True,True,8,False,False,False
True,2,False,0.0,False,2,False,True,0,fixed_n8,False,safe_early_stop,315,False,True,False,8,False,False,False
True,4,True,0.625,False,3,True,True,1,fixed_n8,False,invalid_extraction_driven_uncertainty,326,False,True,False,8,False,False,False
True,4,False,0.0,False,4,False,True,0,fixed_n8,False,safe_early_stop,328,False,True,False,8,False,False,False
True,2,False,0.0,False,2,False,True,0,fixed_n8,False,safe_early_stop,331,False,True,False,8,False,False,False
True,2,False,0.0,False,2,False,True,0,fixed_n8,False,safe_early_stop,335,False,True,False,8,False,False,False
True,2,False,0.0,False,2,False,True,0,fixed_n8,False,safe_early_stop,337,False,True,False,8,False,False,False
True,4,False,0.0,False,4,False,True,0,fixed_n8,False,safe_early_stop,339,False,True,False,8,False,False,False
True,2,False,0.0,False,2,False,True,0,fixed_n8,False,safe_early_stop,348,False,True,False,8,False,False,False
True,2,False,0.0,False,2,False,True,0,fixed_n8,False,safe_early_stop,367,False,True,False,8,False,False,False
False,2,False,0.0,False,2,False,False,1,fixed_n8,False,safe_early_stop,369,False,True,False,8,False,False,False
True,16,True,0.25,False,16,False,True,5,fixed_n8,False,invalid_extraction_driven_uncertainty,371,False,True,False,8,False,False,True
True,2,False,0.0,False,2,False,True,0,fixed_n8,False,safe_early_stop,373,False,True,False,8,False,False,False
True,3,True,0.25,False,2,True,True,0,fixed_n8,False,invalid_extraction_driven_uncertainty,376,False,True,False,8,False,False,False
True,2,False,0.0,False,2,False,True,0,fixed_n8,False,safe_early_stop,377,False,True,False,8,False,False,False
True,4,True,0.125,False,4,False,True,0,fixed_n8,False,invalid_extraction_driven_uncertainty,378,False,True,False,8,False,False,False
True,2,False,0.0,False,2,False,True,0,fixed_n8,False,safe_early_stop,383,False,True,False,8,False,False,False
True,4,False,0.0,False,4,False,True,1,fixed_n8,False,safe_early_stop,390,False,True,False,8,False,False,False
True,2,True,0.25,False,2,False,True,0,fixed_n8,False,invalid_extraction_driven_uncertainty,391,False,True,False,8,False,False,False
True,2,False,0.0,False,2,False,True,0,fixed_n8,False,safe_early_stop,395,False,True,False,8,False,False,False
True,2,False,0.0,False,2,False,True,0,fixed_n8,False,safe_early_stop,407,False,True,False,8,False,False,False
False,10,True,1.0,False,10,False,True,1,fixed_n8,True,premature_stop_with_missed_recovery,408,False,False,False,8,False,False,False
True,16,True,0.75,False,4,True,False,3,fixed_n8,False,regression_avoided,412,True,True,False,8,False,False,True
True,2,False,0.0,False,2,False,True,0,fixed_n8,False,safe_early_stop,418,False,True,False,8,False,False,False
True,2,True,0.375,False,2,False,True,0,fixed_n8,False,invalid_extraction_driven_uncertainty,421,False,True,False,8,False,False,False
False,16,True,0.125,False,16,False,True,1,fixed_n8,True,premature_stop_with_missed_recovery,425,False,False,False,8,False,False,False
True,2,False,0.0,False,2,False,True,0,fixed_n8,False,safe_early_stop,438,False,True,False,8,False,False,False
True,2,True,0.125,False,2,False,True,0,fixed_n8,False,invalid_extraction_driven_uncertainty,439,False,True,False,8,False,False,False
False,3,True,0.375,False,2,True,False,0,fixed_n8,False,invalid_extraction_driven_uncertainty,444,False,True,True,8,False,False,False
False,16,True,0.5,False,16,False,False,4,fixed_n8,False,invalid_extraction_driven_uncertainty,445,False,True,False,8,False,False,True
True,4,False,0.0,False,4,False,True,0,fixed_n8,False,safe_early_stop,447,False,True,False,8,False,False,False
True,2,False,0.0,False,2,False,True,0,fixed_n8,False,safe_early_stop,451,False,True,False,8,False,False,False
True,2,False,0.0,False,2,False,True,0,fixed_n8,False,safe_early_stop,453,False,True,False,8,False,False,False
False,16,True,1.0,False,16,False,False,0,fixed_n8,False,invalid_extraction_driven_uncertainty,454,False,True,True,8,False,False,False
True,2,True,0.25,False,2,False,True,0,fixed_n8,False,invalid_extraction_driven_uncertainty,456,False,True,False,8,False,False,False
True,2,False,0.0,False,2,False,True,0,fixed_n8,False,safe_early_stop,467,False,True,False,8,False,False,False
False,2,False,0.0,False,2,False,False,0,fixed_n8,False,stable_wrong_trajectory,478,False,True,True,8,False,False,False
True,2,False,0.0,False,2,False,True,0,fixed_n8,False,safe_early_stop,489,False,True,False,8,False,False,False
True,2,False,0.0,False,2,False,True,0,fixed_n8,False,safe_early_stop,495,False,True,False,8,False,False,False
True,2,False,0.0,False,2,False,True,0,fixed_n8,False,safe_early_stop,496,False,True,False,8,False,False,False
True,2,False,0.0,False,2,False,True,0,fixed_n8,False,safe_early_stop,10,False,True,False,8,False,False,False
True,2,False,0.0,False,2,False,True,0,fixed_n8,False,safe_early_stop,13,False,True,False,8,False,False,False
True,2,False,0.0,False,2,False,True,0,fixed_n8,False,safe_early_stop,19,False,True,False,8,False,False,False
True,2,False,0.0,False,2,False,True,0,fixed_n8,False,safe_early_stop,20,False,True,False,8,False,False,False
True,2,False,0.0,False,2,False,True,0,fixed_n8,False,safe_early_stop,34,False,True,False,8,False,False,False
True,2,False,0.0,False,2,False,True,0,fixed_n8,False,safe_early_stop,38,False,True,False,8,False,False,False
True,2,False,0.0,False,2,False,True,0,fixed_n8,False,safe_early_stop,40,False,True,False,8,False,False,False
True,16,False,0.0,False,16,False,False,1,fixed_n8,False,regression_avoided,41,True,True,False,8,False,False,False
True,7,True,0.375,False,2,True,True,0,fixed_n8,False,invalid_extraction_driven_uncertainty,46,False,True,False,8,False,False,False
True,2,False,0.0,False,2,False,True,0,fixed_n8,False,safe_early_stop,47,False,True,False,8,False,False,False
True,2,False,0.0,False,2,False,True,0,fixed_n8,False,safe_early_stop,49,False,True,False,8,False,False,False
True,16,False,0.0,False,16,False,True,2,fixed_n8,False,unstable_trajectory,50,False,True,False,8,False,False,True
True,2,False,0.0,False,2,False,True,0,fixed_n8,False,safe_early_stop,55,False,True,False,8,False,False,False
True,2,False,0.0,False,2,False,True,0,fixed_n8,False,safe_early_stop,77,False,True,False,8,False,False,False
True,2,False,0.0,False,2,False,True,0,fixed_n8,False,safe_early_stop,78,False,True,False,8,False,False,False
True,2,False,0.0,False,2,False,True,0,fixed_n8,False,safe_early_stop,84,False,True,False,8,False,False,False
True,2,False,0.0,False,2,False,True,0,fixed_n8,False,safe_early_stop,85,False,True,False,8,False,False,False
True,2,False,0.0,False,2,False,True,0,fixed_n8,False,safe_early_stop,86,False,True,False,8,False,False,False
True,2,False,0.0,False,2,False,True,0,fixed_n8,False,safe_early_stop,93,False,True,False,8,False,False,False
False,2,True,0.125,False,2,False,False,0,fixed_n8,False,invalid_extraction_driven_uncertainty,104,False,True,True,8,False,False,False
False,16,False,0.0,False,16,False,False,2,fixed_n8,False,unstable_trajectory,105,False,True,False,8,False,False,True
True,5,False,0.0,False,4,True,True,1,fixed_n8,False,safe_early_stop,112,False,True,False,8,False,False,False
True,2,False,0.0,False,2,False,True,0,fixed_n8,False,safe_early_stop,114,False,True,False,8,False,False,False
False,16,False,0.0,False,16,False,False,0,fixed_n8,False,stable_wrong_trajectory,115,False,True,True,8,False,False,False
True,16,False,0.0,False,16,False,True,2,fixed_n8,False,unstable_trajectory,119,False,True,False,8,False,False,True
True,2,False,0.0,False,2,False,True,0,fixed_n8,False,safe_early_stop,121,False,True,False,8,False,False,False
True,2,False,0.0,False,2,False,True,0,fixed_n8,False,safe_early_stop,122,False,True,False,8,False,False,False
True,2,False,0.0,False,2,False,True,0,fixed_n8,False,safe_early_stop,127,False,True,False,8,False,False,False
True,2,False,0.0,False,2,False,True,0,fixed_n8,False,safe_early_stop,132,False,True,False,8,False,False,False
True,7,True,0.75,False,6,True,True,1,fixed_n8,False,invalid_extraction_driven_uncertainty,136,False,True,False,8,False,False,False
False,16,True,0.375,False,2,True,False,2,fixed_n8,False,invalid_extraction_driven_uncertainty,138,False,True,False,8,False,False,True
True,2,False,0.0,False,2,False,True,0,fixed_n8,False,safe_early_stop,158,False,True,False,8,False,False,False
True,2,False,0.0,False,2,False,True,0,fixed_n8,False,safe_early_stop,162,False,True,False,8,False,False,False
False,16,True,0.625,False,2,True,False,0,fixed_n8,False,invalid_extraction_driven_uncertainty,170,False,True,True,8,False,False,False
True,2,False,0.0,False,2,False,True,0,fixed_n8,False,safe_early_stop,172,False,True,False,8,False,False,False
True,5,False,0.0,False,4,True,True,0,fixed_n8,False,safe_early_stop,176,False,True,False,8,False,False,False
True,2,False,0.0,False,2,False,True,0,fixed_n8,False,safe_early_stop,183,False,True,False,8,False,False,False
True,2,False,0.0,False,2,False,True,0,fixed_n8,False,safe_early_stop,198,False,True,False,8,False,False,False
True,2,False,0.0,False,2,False,True,0,fixed_n8,False,safe_early_stop,202,False,True,False,8,False,False,False
True,2,False,0.0,False,2,False,True,0,fixed_n8,False,safe_early_stop,205,False,True,False,8,False,False,False
True,16,False,0.0,False,16,False,True,2,fixed_n8,False,unstable_trajectory,210,False,True,False,8,False,False,True
True,4,False,0.0,False,4,False,True,0,fixed_n8,False,safe_early_stop,212,False,True,False,8,False,False,False
True,2,False,0.0,False,2,False,True,0,fixed_n8,False,safe_early_stop,215,False,True,False,8,False,False,False
True,2,True,0.125,False,2,False,True,0,fixed_n8,False,invalid_extraction_driven_uncertainty,218,False,True,False,8,False,False,False
False,2,False,0.0,False,2,False,False,0,fixed_n8,False,stable_wrong_trajectory,220,False,True,True,8,False,False,False
True,2,False,0.0,False,2,False,True,0,fixed_n8,False,safe_early_stop,223,False,True,False,8,False,False,False
True,2,False,0.0,False,2,False,True,0,fixed_n8,False,safe_early_stop,231,False,True,False,8,False,False,False
True,6,False,0.0,False,6,False,True,1,fixed_n8,False,safe_early_stop,232,False,True,False,8,False,False,False
True,2,False,0.0,False,2,False,True,0,fixed_n8,False,safe_early_stop,238,False,True,False,8,False,False,False
False,16,True,1.0,False,16,False,False,0,fixed_n8,False,invalid_extraction_driven_uncertainty,239,False,True,True,8,False,False,False
True,2,False,0.0,False,2,False,True,0,fixed_n8,False,safe_early_stop,243,False,True,False,8,False,False,False
True,2,False,0.0,False,2,False,True,0,fixed_n8,False,safe_early_stop,256,False,True,False,8,False,False,False
True,2,False,0.0,False,2,False,True,0,fixed_n8,False,safe_early_stop,265,False,True,False,8,False,False,False
True,10,False,0.0,False,10,False,True,1,fixed_n8,False,safe_early_stop,267,False,True,False,8,False,False,False
True,2,False,0.0,False,2,False,True,0,fixed_n8,False,safe_early_stop,277,False,True,False,8,False,False,False
True,2,False,0.0,False,2,False,True,0,fixed_n8,False,safe_early_stop,287,False,True,False,8,False,False,False
True,2,False,0.0,False,2,False,True,0,fixed_n8,False,safe_early_stop,289,False,True,False,8,False,False,False
True,2,False,0.0,False,2,False,True,0,fixed_n8,False,safe_early_stop,297,False,True,False,8,False,False,False
True,2,False,0.0,False,2,False,True,0,fixed_n8,False,safe_early_stop,305,False,True,False,8,False,False,False
False,16,False,0.0,False,16,False,False,2,fixed_n8,False,unstable_trajectory,308,False,True,False,8,False,False,True
True,2,False,0.0,False,2,False,True,0,fixed_n8,False,safe_early_stop,314,False,True,False,8,False,False,False
True,2,False,0.0,False,2,False,True,0,fixed_n8,False,safe_early_stop,322,False,True,False,8,False,False,False
True,2,False,0.0,False,2,False,True,0,fixed_n8,False,safe_early_stop,329,False,True,False,8,False,False,False
True,4,True,0.375,False,2,True,True,0,fixed_n8,False,invalid_extraction_driven_uncertainty,333,False,True,False,8,False,False,False
True,2,False,0.0,False,2,False,True,0,fixed_n8,False,safe_early_stop,334,False,True,False,8,False,False,False
True,2,False,0.0,False,2,False,True,0,fixed_n8,False,safe_early_stop,336,False,True,False,8,False,False,False
True,2,False,0.0,False,2,False,True,0,fixed_n8,False,safe_early_stop,345,False,True,False,8,False,False,False
True,2,False,0.0,False,2,False,True,0,fixed_n8,False,safe_early_stop,347,False,True,False,8,False,False,False
False,14,True,0.5,False,2,True,False,1,fixed_n8,False,invalid_extraction_driven_uncertainty,352,False,True,False,8,False,False,False
True,2,False,0.0,False,2,False,True,0,fixed_n8,False,safe_early_stop,354,False,True,False,8,False,False,False
False,16,True,0.125,False,16,False,False,1,fixed_n8,False,invalid_extraction_driven_uncertainty,355,False,True,False,8,False,False,False
True,2,False,0.0,False,2,False,True,0,fixed_n8,False,safe_early_stop,356,False,True,False,8,False,False,False
True,2,False,0.0,False,2,False,True,0,fixed_n8,False,safe_early_stop,360,False,True,False,8,False,False,False
True,2,False,0.0,False,2,False,True,0,fixed_n8,False,safe_early_stop,368,False,True,False,8,False,False,False
True,2,True,0.125,False,2,False,True,0,fixed_n8,False,invalid_extraction_driven_uncertainty,379,False,True,False,8,False,False,False
True,2,False,0.0,False,2,False,True,1,fixed_n8,False,safe_early_stop,385,False,True,False,8,False,False,False
False,2,True,0.25,False,2,False,False,0,fixed_n8,False,invalid_extraction_driven_uncertainty,392,False,True,True,8,False,False,False
True,2,False,0.0,False,2,False,True,0,fixed_n8,False,safe_early_stop,393,False,True,False,8,False,False,False
True,14,True,0.375,False,14,False,True,1,fixed_n8,False,invalid_extraction_driven_uncertainty,394,False,True,False,8,False,False,False
True,2,False,0.0,False,2,False,True,0,fixed_n8,False,safe_early_stop,397,False,True,False,8,False,False,False
True,2,False,0.0,False,2,False,True,0,fixed_n8,False,safe_early_stop,402,False,True,False,8,False,False,False
True,2,False,0.0,False,2,False,True,0,fixed_n8,False,safe_early_stop,404,False,True,False,8,False,False,False
True,2,False,0.0,False,2,False,True,0,fixed_n8,False,safe_early_stop,410,False,True,False,8,False,False,False
True,2,False,0.0,False,2,False,True,0,fixed_n8,False,safe_early_stop,415,False,True,False,8,False,False,False
True,2,True,0.125,False,2,False,True,0,fixed_n8,False,invalid_extraction_driven_uncertainty,416,False,True,False,8,False,False,False
True,2,False,0.0,False,2,False,True,0,fixed_n8,False,safe_early_stop,417,False,True,False,8,False,False,False
True,2,False,0.0,False,2,False,True,0,fixed_n8,False,safe_early_stop,426,False,True,False,8,False,False,False
True,4,False,0.0,False,4,False,True,0,fixed_n8,False,safe_early_stop,428,False,True,False,8,False,False,False
False,16,False,0.0,False,16,False,False,4,fixed_n8,False,unstable_trajectory,431,False,True,False,8,False,False,True
False,16,True,0.75,False,2,True,False,0,fixed_n8,False,invalid_extraction_driven_uncertainty,432,False,True,True,8,False,False,False
True,2,False,0.0,False,2,False,True,0,fixed_n8,False,safe_early_stop,435,False,True,False,8,False,False,False
True,2,False,0.0,False,2,False,True,0,fixed_n8,False,safe_early_stop,440,False,True,False,8,False,False,False
True,2,False,0.0,False,2,False,True,0,fixed_n8,False,safe_early_stop,442,False,True,False,8,False,False,False
True,3,True,0.375,False,2,True,True,0,fixed_n8,False,invalid_extraction_driven_uncertainty,458,False,True,False,8,False,False,False
True,2,False,0.0,False,2,False,True,0,fixed_n8,False,safe_early_stop,461,False,True,False,8,False,False,False
True,2,False,0.0,False,2,False,True,0,fixed_n8,False,safe_early_stop,464,False,True,False,8,False,False,False
True,2,False,0.0,False,2,False,True,0,fixed_n8,False,safe_early_stop,468,False,True,False,8,False,False,False
True,10,False,0.0,False,10,False,True,0,fixed_n8,False,safe_early_stop,477,False,True,False,8,False,False,False
True,2,False,0.0,False,2,False,True,0,fixed_n8,False,safe_early_stop,493,False,True,False,8,False,False,False
True,2,False,0.0,False,2,False,True,0,fixed_n8,False,safe_early_stop,499,False,True,False,8,False,False,False
True,3,False,0.0,False,2,True,True,0,fixed_n8,False,safe_early_stop,2,False,True,False,8,False,False,False
True,3,False,0.0,False,2,True,True,0,fixed_n8,False,safe_early_stop,5,False,True,False,8,False,False,False
True,3,False,0.0,False,2,True,True,0,fixed_n8,False,safe_early_stop,6,False,True,False,8,False,False,False
True,10,False,0.0,False,10,False,True,1,fixed_n8,False,safe_early_stop,7,False,True,False,8,False,False,False
True,3,False,0.0,False,2,True,True,0,fixed_n8,False,safe_early_stop,22,False,True,False,8,False,False,False
True,3,False,0.0,False,2,True,True,0,fixed_n8,False,safe_early_stop,23,False,True,False,8,False,False,False
True,3,False,0.0,False,2,True,True,0,fixed_n8,False,safe_early_stop,29,False,True,False,8,False,False,False
True,3,False,0.0,False,2,True,True,0,fixed_n8,False,safe_early_stop,32,False,True,False,8,False,False,False
True,3,False,0.0,False,2,True,True,0,fixed_n8,False,safe_early_stop,39,False,True,False,8,False,False,False
False,10,False,0.0,False,4,True,False,1,fixed_n8,False,safe_early_stop,43,False,True,False,8,False,False,False
True,3,False,0.0,False,2,True,True,0,fixed_n8,False,safe_early_stop,57,False,True,False,8,False,False,False
True,5,False,0.0,False,2,True,True,0,fixed_n8,False,safe_early_stop,58,False,True,False,8,False,False,False
True,3,False,0.0,False,2,True,True,0,fixed_n8,False,safe_early_stop,73,False,True,False,8,False,False,False
True,3,False,0.0,False,2,True,True,0,fixed_n8,False,safe_early_stop,75,False,True,False,8,False,False,False
True,3,False,0.0,False,2,True,True,0,fixed_n8,False,safe_early_stop,79,False,True,False,8,False,False,False
True,3,False,0.0,False,2,True,True,0,fixed_n8,False,safe_early_stop,83,False,True,False,8,False,False,False
True,3,False,0.0,False,2,True,True,0,fixed_n8,False,safe_early_stop,87,False,True,False,8,False,False,False
True,7,False,0.0,False,4,True,True,1,fixed_n8,False,safe_early_stop,89,False,True,False,8,False,False,False
True,3,True,0.125,False,2,True,True,0,fixed_n8,False,invalid_extraction_driven_uncertainty,92,False,True,False,8,False,False,False
False,5,True,0.375,False,2,True,False,0,fixed_n8,False,invalid_extraction_driven_uncertainty,99,False,True,True,8,False,False,False
True,3,False,0.0,False,2,True,True,0,fixed_n8,False,safe_early_stop,106,False,True,False,8,False,False,False
False,7,True,0.625,False,4,True,False,1,fixed_n8,False,invalid_extraction_driven_uncertainty,110,False,True,False,8,False,False,False
True,3,False,0.0,False,2,True,True,0,fixed_n8,False,safe_early_stop,113,False,True,False,8,False,False,False
True,3,True,0.125,False,2,True,True,0,fixed_n8,False,invalid_extraction_driven_uncertainty,139,False,True,False,8,False,False,False
True,3,False,0.0,False,2,True,True,0,fixed_n8,False,safe_early_stop,146,False,True,False,8,False,False,False
True,16,True,0.25,False,16,False,False,3,fixed_n8,False,regression_avoided,147,True,True,False,8,False,False,True
True,3,False,0.0,False,2,True,True,0,fixed_n8,False,safe_early_stop,155,False,True,False,8,False,False,False
False,14,True,0.25,False,2,True,False,0,fixed_n8,False,invalid_extraction_driven_uncertainty,156,False,True,True,8,False,False,False
True,3,False,0.0,False,2,True,True,0,fixed_n8,False,safe_early_stop,160,False,True,False,8,False,False,False
True,16,True,0.125,False,2,True,False,4,fixed_n8,False,regression_avoided,164,True,True,False,8,False,False,True
True,3,False,0.0,False,2,True,True,0,fixed_n8,False,safe_early_stop,169,False,True,False,8,False,False,False
True,3,False,0.0,False,2,True,True,0,fixed_n8,False,safe_early_stop,174,False,True,False,8,False,False,False
True,3,True,0.125,False,2,True,True,0,fixed_n8,False,invalid_extraction_driven_uncertainty,175,False,True,False,8,False,False,False
False,16,False,0.0,False,16,False,False,1,fixed_n8,False,safe_early_stop,184,False,True,False,8,False,False,False
True,3,False,0.0,False,2,True,True,0,fixed_n8,False,safe_early_stop,185,False,True,False,8,False,False,False
True,3,False,0.0,False,2,True,True,0,fixed_n8,False,safe_early_stop,186,False,True,False,8,False,False,False
True,3,False,0.0,False,2,True,True,0,fixed_n8,False,safe_early_stop,187,False,True,False,8,False,False,False
False,16,True,0.375,False,16,False,True,2,fixed_n8,True,premature_stop_with_missed_recovery,189,False,False,False,8,False,False,True
True,3,False,0.0,False,2,True,True,0,fixed_n8,False,safe_early_stop,193,False,True,False,8,False,False,False
True,3,False,0.0,False,2,True,True,0,fixed_n8,False,safe_early_stop,199,False,True,False,8,False,False,False
True,3,False,0.0,False,2,True,True,0,fixed_n8,False,safe_early_stop,203,False,True,False,8,False,False,False
False,16,False,0.0,False,4,True,False,1,fixed_n8,False,safe_early_stop,204,False,True,False,8,False,False,False
False,3,False,0.0,False,2,True,False,0,fixed_n8,False,stable_wrong_trajectory,217,False,True,True,8,False,False,False
True,3,False,0.0,False,2,True,True,0,fixed_n8,False,safe_early_stop,230,False,True,False,8,False,False,False
True,8,False,0.0,True,2,True,True,1,fixed_n8,False,safe_early_stop,234,False,True,False,8,True,False,False
True,3,False,0.0,False,2,True,True,0,fixed_n8,False,safe_early_stop,235,False,True,False,8,False,False,False
True,6,False,0.0,False,2,True,True,0,fixed_n8,False,safe_early_stop,246,False,True,False,8,False,False,False
False,16,True,1.0,False,16,False,False,0,fixed_n8,False,invalid_extraction_driven_uncertainty,248,False,True,True,8,False,False,False
True,3,False,0.0,False,2,True,True,0,fixed_n8,False,safe_early_stop,255,False,True,False,8,False,False,False
True,3,False,0.0,False,2,True,True,0,fixed_n8,False,safe_early_stop,259,False,True,False,8,False,False,False
True,3,False,0.0,False,2,True,True,0,fixed_n8,False,safe_early_stop,269,False,True,False,8,False,False,False
True,3,False,0.0,False,2,True,True,0,fixed_n8,False,safe_early_stop,280,False,True,False,8,False,False,False
False,9,True,0.875,False,2,True,False,0,fixed_n8,False,invalid_extraction_driven_uncertainty,292,False,True,True,8,False,False,False
True,6,True,0.125,False,4,True,True,1,fixed_n8,False,invalid_extraction_driven_uncertainty,294,False,True,False,8,False,False,False
True,3,False,0.0,False,2,True,True,0,fixed_n8,False,safe_early_stop,300,False,True,False,8,False,False,False
False,3,False,0.0,False,2,True,False,0,fixed_n8,False,stable_wrong_trajectory,301,False,True,True,8,False,False,False
False,16,False,0.0,False,16,False,True,2,fixed_n8,True,premature_stop_with_missed_recovery,302,False,False,False,8,False,False,True
True,4,True,0.125,False,2,True,True,0,fixed_n8,False,invalid_extraction_driven_uncertainty,304,False,True,False,8,False,False,False
True,3,False,0.0,False,2,True,True,0,fixed_n8,False,safe_early_stop,307,False,True,False,8,False,False,False
True,16,False,0.0,False,16,False,False,3,fixed_n8,False,regression_avoided,309,True,True,False,8,False,False,True
True,3,False,0.0,False,2,True,True,0,fixed_n8,False,safe_early_stop,311,False,True,False,8,False,False,False
False,3,False,0.0,False,2,True,False,0,fixed_n8,False,stable_wrong_trajectory,317,False,True,True,8,False,False,False
True,3,False,0.0,False,2,True,True,0,fixed_n8,False,safe_early_stop,318,False,True,False,8,False,False,False
True,3,False,0.0,False,2,True,True,0,fixed_n8,False,safe_early_stop,319,False,True,False,8,False,False,False
True,3,False,0.0,False,2,True,True,0,fixed_n8,False,safe_early_stop,321,False,True,False,8,False,False,False
False,16,True,0.625,False,2,True,False,0,fixed_n8,False,invalid_extraction_driven_uncertainty,327,False,True,True,8,False,False,False
True,3,False,0.0,False,2,True,True,0,fixed_n8,False,safe_early_stop,341,False,True,False,8,False,False,False
True,3,False,0.0,False,2,True,True,0,fixed_n8,False,safe_early_stop,344,False,True,False,8,False,False,False
False,16,False,0.0,False,16,False,True,1,fixed_n8,True,premature_stop_with_missed_recovery,357,False,False,False,8,False,False,False
True,3,False,0.0,False,2,True,True,0,fixed_n8,False,safe_early_stop,361,False,True,False,8,False,False,False
True,3,False,0.0,False,2,True,True,0,fixed_n8,False,safe_early_stop,363,False,True,False,8,False,False,False
True,3,False,0.0,False,2,True,True,0,fixed_n8,False,safe_early_stop,370,False,True,False,8,False,False,False
False,16,False,0.0,False,16,False,False,4,fixed_n8,False,unstable_trajectory,372,False,True,False,8,False,False,True
True,3,False,0.0,False,2,True,True,0,fixed_n8,False,safe_early_stop,375,False,True,False,8,False,False,False
True,16,False,0.0,True,2,True,True,1,fixed_n8,False,safe_early_stop,380,False,True,False,8,True,False,False
True,3,False,0.0,False,2,True,True,0,fixed_n8,False,safe_early_stop,384,False,True,False,8,False,False,False
True,3,False,0.0,False,2,True,True,0,fixed_n8,False,safe_early_stop,399,False,True,False,8,False,False,False
True,3,False,0.0,False,2,True,True,0,fixed_n8,False,safe_early_stop,411,False,True,False,8,False,False,False
True,3,False,0.0,False,2,True,True,0,fixed_n8,False,safe_early_stop,413,False,True,False,8,False,False,False
False,16,True,0.75,False,4,True,False,1,fixed_n8,False,invalid_extraction_driven_uncertainty,419,False,True,False,8,False,False,False
True,3,False,0.0,False,2,True,True,0,fixed_n8,False,safe_early_stop,433,False,True,False,8,False,False,False
True,3,False,0.0,False,2,True,True,0,fixed_n8,False,safe_early_stop,434,False,True,False,8,False,False,False
True,5,True,0.625,False,2,True,True,0,fixed_n8,False,invalid_extraction_driven_uncertainty,436,False,True,False,8,False,False,False
True,3,False,0.0,False,2,True,True,0,fixed_n8,False,safe_early_stop,452,False,True,False,8,False,False,False
True,4,True,0.125,False,2,True,True,0,fixed_n8,False,invalid_extraction_driven_uncertainty,459,False,True,False,8,False,False,False
True,16,False,0.0,False,4,True,False,3,fixed_n8,False,regression_avoided,460,True,True,False,8,False,False,True
True,3,False,0.0,False,2,True,True,0,fixed_n8,False,safe_early_stop,462,False,True,False,8,False,False,False
True,3,False,0.0,False,2,True,True,0,fixed_n8,False,safe_early_stop,463,False,True,False,8,False,False,False
False,16,False,0.0,False,16,False,False,3,fixed_n8,False,unstable_trajectory,466,False,True,False,8,False,False,True
True,3,False,0.0,False,2,True,True,0,fixed_n8,False,safe_early_stop,471,False,True,False,8,False,False,False
True,3,False,0.0,False,2,True,True,0,fixed_n8,False,safe_early_stop,472,False,True,False,8,False,False,False
False,16,True,1.0,False,9,True,False,1,fixed_n8,False,invalid_extraction_driven_uncertainty,475,False,True,False,8,False,False,False
True,3,False,0.0,False,2,True,True,0,fixed_n8,False,safe_early_stop,479,False,True,False,8,False,False,False
False,16,False,0.0,False,16,False,True,2,fixed_n8,True,premature_stop_with_missed_recovery,482,False,False,False,8,False,False,True
False,15,True,1.0,False,14,True,True,1,fixed_n8,True,premature_stop_with_missed_recovery,483,False,False,False,8,False,False,False
True,3,True,0.125,False,2,True,True,0,fixed_n8,False,invalid_extraction_driven_uncertainty,484,False,True,False,8,False,False,False
False,16,True,0.125,False,16,False,False,0,fixed_n8,False,invalid_extraction_driven_uncertainty,490,False,True,True,8,False,False,False
True,3,False,0.0,False,2,True,True,0,fixed_n8,False,safe_early_stop,492,False,True,False,8,False,False,False
True,16,True,0.125,False,2,True,False,1,fixed_n8,False,regression_avoided,494,True,True,False,8,False,False,False
False,16,False,0.0,False,16,False,False,1,fixed_n8,False,safe_early_stop,497,False,True,False,8,False,False,False
False,2,False,0.0,False,2,False,False,3,fixed_n8,False,unstable_trajectory,18,False,True,False,8,False,False,True
True,16,False,0.0,False,16,False,True,0,fixed_n8,False,safe_early_stop,24,False,True,False,8,False,False,False
False,2,True,0.5,False,2,False,False,1,fixed_n8,False,invalid_extraction_driven_uncertainty,25,False,True,False,8,False,False,False
False,16,False,0.0,False,16,False,False,0,fixed_n8,False,stable_wrong_trajectory,26,False,True,True,8,False,False,False
True,2,False,0.0,False,2,False,True,0,fixed_n8,False,safe_early_stop,27,False,True,False,8,False,False,False
True,2,False,0.0,False,2,False,True,0,fixed_n8,False,safe_early_stop,35,False,True,False,8,False,False,False
True,4,False,0.0,False,4,False,True,1,fixed_n8,False,safe_early_stop,36,False,True,False,8,False,False,False
True,2,False,0.0,False,2,False,True,0,fixed_n8,False,safe_early_stop,37,False,True,False,8,False,False,False
True,2,False,0.0,False,2,False,True,0,fixed_n8,False,safe_early_stop,44,False,True,False,8,False,False,False
True,2,False,0.0,False,2,False,True,0,fixed_n8,False,safe_early_stop,53,False,True,False,8,False,False,False
True,2,False,0.0,False,2,False,True,0,fixed_n8,False,safe_early_stop,54,False,True,False,8,False,False,False
True,2,False,0.0,False,2,False,True,0,fixed_n8,False,safe_early_stop,56,False,True,False,8,False,False,False
True,2,True,0.375,False,2,False,True,1,fixed_n8,False,invalid_extraction_driven_uncertainty,64,False,True,False,8,False,False,False
True,2,False,0.0,False,2,False,True,0,fixed_n8,False,safe_early_stop,65,False,True,False,8,False,False,False
True,2,True,0.25,False,2,False,True,0,fixed_n8,False,invalid_extraction_driven_uncertainty,68,False,True,False,8,False,False,False
True,2,False,0.0,False,2,False,True,0,fixed_n8,False,safe_early_stop,70,False,True,False,8,False,False,False
True,2,False,0.0,False,2,False,True,0,fixed_n8,False,safe_early_stop,81,False,True,False,8,False,False,False
True,16,False,0.0,False,16,False,True,3,fixed_n8,False,unstable_trajectory,82,False,True,False,8,False,False,True
True,2,False,0.0,False,2,False,True,0,fixed_n8,False,safe_early_stop,95,False,True,False,8,False,False,False
True,2,False,0.0,False,2,False,True,0,fixed_n8,False,safe_early_stop,98,False,True,False,8,False,False,False
False,2,True,0.625,False,2,False,False,0,fixed_n8,False,invalid_extraction_driven_uncertainty,101,False,True,True,8,False,False,False
True,4,True,0.125,False,4,False,True,0,fixed_n8,False,invalid_extraction_driven_uncertainty,108,False,True,False,8,False,False,False
True,2,False,0.0,False,2,False,True,0,fixed_n8,False,safe_early_stop,116,False,True,False,8,False,False,False
False,4,False,0.0,False,4,False,False,0,fixed_n8,False,stable_wrong_trajectory,120,False,True,True,8,False,False,False
True,2,False,0.0,False,2,False,True,0,fixed_n8,False,safe_early_stop,124,False,True,False,8,False,False,False
True,2,False,0.0,False,2,False,True,0,fixed_n8,False,safe_early_stop,125,False,True,False,8,False,False,False
False,2,True,0.5,False,2,False,False,0,fixed_n8,False,invalid_extraction_driven_uncertainty,126,False,True,True,8,False,False,False
True,2,False,0.0,False,2,False,True,0,fixed_n8,False,safe_early_stop,130,False,True,False,8,False,False,False
True,2,False,0.0,False,2,False,True,0,fixed_n8,False,safe_early_stop,131,False,True,False,8,False,False,False
True,2,False,0.0,False,2,False,True,0,fixed_n8,False,safe_early_stop,134,False,True,False,8,False,False,False
True,2,False,0.0,False,2,False,True,0,fixed_n8,False,safe_early_stop,137,False,True,False,8,False,False,False
True,2,False,0.0,False,2,False,True,0,fixed_n8,False,safe_early_stop,140,False,True,False,8,False,False,False
True,2,False,0.0,False,2,False,True,0,fixed_n8,False,safe_early_stop,144,False,True,False,8,False,False,False
False,16,False,0.0,False,16,False,False,3,fixed_n8,False,unstable_trajectory,152,False,True,False,8,False,False,True
True,2,False,0.0,False,2,False,True,0,fixed_n8,False,safe_early_stop,153,False,True,False,8,False,False,False
True,2,False,0.0,False,2,False,True,0,fixed_n8,False,safe_early_stop,157,False,True,False,8,False,False,False
True,2,False,0.0,False,2,False,True,0,fixed_n8,False,safe_early_stop,159,False,True,False,8,False,False,False
True,10,False,0.0,False,10,False,True,1,fixed_n8,False,safe_early_stop,166,False,True,False,8,False,False,False
False,2,True,0.125,False,2,False,False,0,fixed_n8,False,invalid_extraction_driven_uncertainty,168,False,True,True,8,False,False,False
True,2,False,0.0,False,2,False,True,0,fixed_n8,False,safe_early_stop,171,False,True,False,8,False,False,False
False,8,False,0.0,False,8,False,True,2,fixed_n8,True,premature_stop_with_missed_recovery,180,False,False,False,8,False,False,True
True,2,False,0.0,False,2,False,True,0,fixed_n8,False,safe_early_stop,182,False,True,False,8,False,False,False
True,2,False,0.0,False,2,False,True,0,fixed_n8,False,safe_early_stop,192,False,True,False,8,False,False,False
True,2,True,0.125,False,2,False,True,0,fixed_n8,False,invalid_extraction_driven_uncertainty,194,False,True,False,8,False,False,False
True,4,False,0.0,False,4,False,True,0,fixed_n8,False,safe_early_stop,197,False,True,False,8,False,False,False
True,2,False,0.0,False,2,False,True,0,fixed_n8,False,safe_early_stop,201,False,True,False,8,False,False,False
True,2,False,0.0,False,2,False,True,0,fixed_n8,False,safe_early_stop,206,False,True,False,8,False,False,False
True,2,False,0.0,False,2,False,True,0,fixed_n8,False,safe_early_stop,207,False,True,False,8,False,False,False
True,2,False,0.0,False,2,False,True,0,fixed_n8,False,safe_early_stop,229,False,True,False,8,False,False,False
True,2,False,0.0,False,2,False,True,0,fixed_n8,False,safe_early_stop,237,False,True,False,8,False,False,False
True,2,False,0.0,False,2,False,True,0,fixed_n8,False,safe_early_stop,241,False,True,False,8,False,False,False
False,6,False,0.0,False,6,False,False,1,fixed_n8,False,safe_early_stop,242,False,True,False,8,False,False,False
False,2,True,0.25,False,2,False,False,1,fixed_n8,False,invalid_extraction_driven_uncertainty,249,False,True,False,8,False,False,False
True,2,False,0.0,False,2,False,True,0,fixed_n8,False,safe_early_stop,263,False,True,False,8,False,False,False
True,2,False,0.0,False,2,False,True,0,fixed_n8,False,safe_early_stop,268,False,True,False,8,False,False,False
True,2,False,0.0,False,2,False,True,0,fixed_n8,False,safe_early_stop,270,False,True,False,8,False,False,False
True,2,False,0.0,False,2,False,True,0,fixed_n8,False,safe_early_stop,271,False,True,False,8,False,False,False
False,2,False,0.0,False,2,False,True,2,fixed_n8,True,premature_stop_with_missed_recovery,272,False,False,False,8,False,False,True
False,16,False,0.0,False,16,False,False,1,fixed_n8,False,safe_early_stop,274,False,True,False,8,False,False,False
True,2,False,0.0,False,2,False,True,0,fixed_n8,False,safe_early_stop,275,False,True,False,8,False,False,False
True,2,False,0.0,False,2,False,True,0,fixed_n8,False,safe_early_stop,276,False,True,False,8,False,False,False
True,16,False,0.0,False,16,False,True,3,fixed_n8,False,unstable_trajectory,281,False,True,False,8,False,False,True
False,2,False,0.0,False,2,False,False,0,fixed_n8,False,stable_wrong_trajectory,282,False,True,True,8,False,False,False
True,2,False,0.0,False,2,False,True,0,fixed_n8,False,safe_early_stop,283,False,True,False,8,False,False,False
False,2,True,0.5,False,2,False,False,0,fixed_n8,False,invalid_extraction_driven_uncertainty,286,False,True,True,8,False,False,False
False,2,True,0.75,False,2,False,False,0,fixed_n8,False,invalid_extraction_driven_uncertainty,288,False,True,True,8,False,False,False
False,2,True,0.125,False,2,False,False,0,fixed_n8,False,invalid_extraction_driven_uncertainty,296,False,True,True,8,False,False,False
True,2,False,0.0,False,2,False,True,0,fixed_n8,False,safe_early_stop,312,False,True,False,8,False,False,False
True,2,False,0.0,False,2,False,True,0,fixed_n8,False,safe_early_stop,313,False,True,False,8,False,False,False
True,2,False,0.0,False,2,False,True,0,fixed_n8,False,safe_early_stop,320,False,True,False,8,False,False,False
False,16,False,0.0,False,16,False,True,6,fixed_n8,True,premature_stop_with_missed_recovery,332,False,False,False,8,False,False,True
False,16,True,1.0,False,16,False,False,0,fixed_n8,False,invalid_extraction_driven_uncertainty,340,False,True,True,8,False,False,False
True,2,False,0.0,False,2,False,True,0,fixed_n8,False,safe_early_stop,342,False,True,False,8,False,False,False
True,2,False,0.0,False,2,False,True,0,fixed_n8,False,safe_early_stop,343,False,True,False,8,False,False,False
True,2,False,0.0,False,2,False,True,0,fixed_n8,False,safe_early_stop,346,False,True,False,8,False,False,False
False,2,False,0.0,False,2,False,False,0,fixed_n8,False,stable_wrong_trajectory,351,False,True,True,8,False,False,False
True,2,True,0.25,False,2,False,True,0,fixed_n8,False,invalid_extraction_driven_uncertainty,359,False,True,False,8,False,False,False
True,2,False,0.0,False,2,False,True,0,fixed_n8,False,safe_early_stop,362,False,True,False,8,False,False,False
False,16,True,0.125,False,16,False,False,0,fixed_n8,False,invalid_extraction_driven_uncertainty,381,False,True,True,8,False,False,False
True,2,False,0.0,False,2,False,True,0,fixed_n8,False,safe_early_stop,386,False,True,False,8,False,False,False
True,2,False,0.0,False,2,False,True,0,fixed_n8,False,safe_early_stop,387,False,True,False,8,False,False,False
True,16,False,0.0,False,16,False,True,3,fixed_n8,False,unstable_trajectory,388,False,True,False,8,False,False,True
False,16,False,0.0,False,16,False,False,1,fixed_n8,False,safe_early_stop,398,False,True,False,8,False,False,False
False,16,False,0.0,False,16,False,True,6,fixed_n8,True,premature_stop_with_missed_recovery,400,False,False,False,8,False,False,True
False,6,True,0.75,False,6,False,False,1,fixed_n8,False,invalid_extraction_driven_uncertainty,401,False,True,False,8,False,False,False
False,2,False,0.0,False,2,False,False,0,fixed_n8,False,stable_wrong_trajectory,403,False,True,True,8,False,False,False
True,2,False,0.0,False,2,False,True,0,fixed_n8,False,safe_early_stop,406,False,True,False,8,False,False,False
False,7,True,0.875,False,7,False,False,1,fixed_n8,False,invalid_extraction_driven_uncertainty,422,False,True,False,8,False,False,False
True,2,False,0.0,False,2,False,True,0,fixed_n8,False,safe_early_stop,427,False,True,False,8,False,False,False
True,2,False,0.0,False,2,False,True,0,fixed_n8,False,safe_early_stop,429,False,True,False,8,False,False,False
True,2,False,0.0,False,2,False,True,0,fixed_n8,False,safe_early_stop,430,False,True,False,8,False,False,False
True,2,False,0.0,False,2,False,True,0,fixed_n8,False,safe_early_stop,441,False,True,False,8,False,False,False
True,2,False,0.0,False,2,False,True,0,fixed_n8,False,safe_early_stop,446,False,True,False,8,False,False,False
True,2,False,0.0,False,2,False,True,0,fixed_n8,False,safe_early_stop,448,False,True,False,8,False,False,False
True,2,False,0.0,False,2,False,True,0,fixed_n8,False,safe_early_stop,449,False,True,False,8,False,False,False
True,2,False,0.0,False,2,False,True,0,fixed_n8,False,safe_early_stop,457,False,True,False,8,False,False,False
True,2,False,0.0,False,2,False,True,0,fixed_n8,False,safe_early_stop,465,False,True,False,8,False,False,False
False,4,True,0.125,False,4,False,True,3,fixed_n8,True,premature_stop_with_missed_recovery,473,False,False,False,8,False,False,True
True,2,False,0.0,False,2,False,True,0,fixed_n8,False,safe_early_stop,487,False,True,False,8,False,False,False
False,16,False,0.0,False,16,False,False,2,fixed_n8,False,unstable_trajectory,491,False,True,False,8,False,False,True
True,2,False,0.0,False,2,False,True,0,fixed_n8,False,safe_early_stop,0,False,True,False,8,False,False,False
True,2,False,0.0,False,2,False,True,0,fixed_n8,False,safe_early_stop,1,False,True,False,8,False,False,False
True,2,False,0.0,False,2,False,True,0,fixed_n8,False,safe_early_stop,3,False,True,False,8,False,False,False
True,2,False,0.0,False,2,False,True,0,fixed_n8,False,safe_early_stop,12,False,True,False,8,False,False,False
False,4,False,0.0,False,4,False,False,0,fixed_n8,False,stable_wrong_trajectory,14,False,True,True,8,False,False,False
True,2,False,0.0,False,2,False,True,0,fixed_n8,False,safe_early_stop,15,False,True,False,8,False,False,False
False,4,False,0.0,False,4,False,False,6,fixed_n8,False,unstable_trajectory,17,False,True,False,8,False,False,True
True,2,False,0.0,False,2,False,True,0,fixed_n8,False,safe_early_stop,30,False,True,False,8,False,False,False
True,2,False,0.0,False,2,False,True,0,fixed_n8,False,safe_early_stop,31,False,True,False,8,False,False,False
True,2,True,0.25,False,2,False,True,0,fixed_n8,False,invalid_extraction_driven_uncertainty,51,False,True,False,8,False,False,False
True,2,False,0.0,False,2,False,True,0,fixed_n8,False,safe_early_stop,52,False,True,False,8,False,False,False
True,2,False,0.0,False,2,False,True,0,fixed_n8,False,safe_early_stop,59,False,True,False,8,False,False,False
False,4,True,0.375,False,4,False,False,2,fixed_n8,False,invalid_extraction_driven_uncertainty,60,False,True,False,8,False,False,True
True,2,False,0.0,False,2,False,True,0,fixed_n8,False,safe_early_stop,61,False,True,False,8,False,False,False
True,2,False,0.0,False,2,False,True,0,fixed_n8,False,safe_early_stop,66,False,True,False,8,False,False,False
True,2,False,0.0,False,2,False,True,0,fixed_n8,False,safe_early_stop,69,False,True,False,8,False,False,False
True,16,False,0.0,False,16,False,True,1,fixed_n8,False,safe_early_stop,71,False,True,False,8,False,False,False
True,2,False,0.0,False,2,False,True,0,fixed_n8,False,safe_early_stop,91,False,True,False,8,False,False,False
False,2,True,0.25,False,2,False,False,0,fixed_n8,False,invalid_extraction_driven_uncertainty,94,False,True,True,8,False,False,False
False,2,True,0.75,False,2,False,False,1,fixed_n8,False,invalid_extraction_driven_uncertainty,96,False,True,False,8,False,False,False
True,2,False,0.0,False,2,False,True,0,fixed_n8,False,safe_early_stop,97,False,True,False,8,False,False,False
False,16,True,0.25,False,16,False,False,1,fixed_n8,False,invalid_extraction_driven_uncertainty,100,False,True,False,8,False,False,False
True,2,False,0.0,False,2,False,True,0,fixed_n8,False,safe_early_stop,111,False,True,False,8,False,False,False
False,2,True,0.25,False,2,False,False,1,fixed_n8,False,invalid_extraction_driven_uncertainty,123,False,True,False,8,False,False,False
True,16,False,0.0,False,16,False,True,3,fixed_n8,False,unstable_trajectory,129,False,True,False,8,False,False,True
True,2,False,0.0,False,2,False,True,0,fixed_n8,False,safe_early_stop,133,False,True,False,8,False,False,False
True,2,False,0.0,False,2,False,True,0,fixed_n8,False,safe_early_stop,135,False,True,False,8,False,False,False
True,4,False,0.0,False,4,False,True,4,fixed_n8,False,unstable_trajectory,142,False,True,False,8,False,False,True
True,16,False,0.0,False,16,False,True,2,fixed_n8,False,unstable_trajectory,145,False,True,False,8,False,False,True
True,2,False,0.0,False,2,False,True,0,fixed_n8,False,safe_early_stop,151,False,True,False,8,False,False,False
False,16,False,0.0,False,16,False,False,2,fixed_n8,False,unstable_trajectory,154,False,True,False,8,False,False,True
True,2,False,0.0,False,2,False,True,0,fixed_n8,False,safe_early_stop,161,False,True,False,8,False,False,False
True,2,False,0.0,False,2,False,True,0,fixed_n8,False,safe_early_stop,163,False,True,False,8,False,False,False
True,2,False,0.0,False,2,False,True,0,fixed_n8,False,safe_early_stop,165,False,True,False,8,False,False,False
True,2,False,0.0,False,2,False,True,0,fixed_n8,False,safe_early_stop,178,False,True,False,8,False,False,False
True,2,True,0.75,False,2,False,True,0,fixed_n8,False,invalid_extraction_driven_uncertainty,188,False,True,False,8,False,False,False
True,4,False,0.0,False,4,False,False,3,fixed_n8,False,regression_avoided,190,True,True,False,8,False,False,True
True,2,False,0.0,False,2,False,True,0,fixed_n8,False,safe_early_stop,191,False,True,False,8,False,False,False
True,2,False,0.0,False,2,False,True,0,fixed_n8,False,safe_early_stop,196,False,True,False,8,False,False,False
True,2,False,0.0,False,2,False,True,0,fixed_n8,False,safe_early_stop,200,False,True,False,8,False,False,False
True,2,False,0.0,False,2,False,True,0,fixed_n8,False,safe_early_stop,208,False,True,False,8,False,False,False
False,2,True,0.25,False,2,False,False,0,fixed_n8,False,invalid_extraction_driven_uncertainty,213,False,True,True,8,False,False,False
False,16,False,0.0,False,16,False,False,3,fixed_n8,False,unstable_trajectory,214,False,True,False,8,False,False,True
True,2,False,0.0,False,2,False,True,0,fixed_n8,False,safe_early_stop,216,False,True,False,8,False,False,False
True,16,False,0.0,False,16,False,True,0,fixed_n8,False,safe_early_stop,219,False,True,False,8,False,False,False
False,2,True,0.375,False,2,False,False,0,fixed_n8,False,invalid_extraction_driven_uncertainty,224,False,True,True,8,False,False,False
True,2,False,0.0,False,2,False,True,0,fixed_n8,False,safe_early_stop,226,False,True,False,8,False,False,False
True,2,False,0.0,False,2,False,True,0,fixed_n8,False,safe_early_stop,233,False,True,False,8,False,False,False
False,14,False,0.0,False,14,False,False,1,fixed_n8,False,safe_early_stop,240,False,True,False,8,False,False,False
True,2,False,0.0,False,2,False,True,0,fixed_n8,False,safe_early_stop,244,False,True,False,8,False,False,False
False,16,False,0.0,False,16,False,False,1,fixed_n8,False,safe_early_stop,245,False,True,False,8,False,False,False
True,2,False,0.0,False,2,False,True,0,fixed_n8,False,safe_early_stop,247,False,True,False,8,False,False,False
True,2,False,0.0,False,2,False,True,0,fixed_n8,False,safe_early_stop,250,False,True,False,8,False,False,False
True,2,False,0.0,False,2,False,True,0,fixed_n8,False,safe_early_stop,252,False,True,False,8,False,False,False
True,2,False,0.0,False,2,False,True,0,fixed_n8,False,safe_early_stop,258,False,True,False,8,False,False,False
True,2,False,0.0,False,2,False,True,0,fixed_n8,False,safe_early_stop,262,False,True,False,8,False,False,False
True,2,False,0.0,False,2,False,True,5,fixed_n8,False,unstable_trajectory,266,False,True,False,8,False,False,True
True,2,False,0.0,False,2,False,True,0,fixed_n8,False,safe_early_stop,278,False,True,False,8,False,False,False
True,2,False,0.0,False,2,False,True,1,fixed_n8,False,safe_early_stop,279,False,True,False,8,False,False,False
False,4,False,0.0,False,4,False,False,0,fixed_n8,False,stable_wrong_trajectory,295,False,True,True,8,False,False,False
True,2,True,0.25,False,2,False,True,3,fixed_n8,False,invalid_extraction_driven_uncertainty,298,False,True,False,8,False,False,True
False,16,False,0.0,False,16,False,False,1,fixed_n8,False,safe_early_stop,306,False,True,False,8,False,False,False
True,2,False,0.0,False,2,False,True,0,fixed_n8,False,safe_early_stop,310,False,True,False,8,False,False,False
True,2,False,0.0,False,2,False,True,0,fixed_n8,False,safe_early_stop,316,False,True,False,8,False,False,False
True,2,False,0.0,False,2,False,True,0,fixed_n8,False,safe_early_stop,323,False,True,False,8,False,False,False
True,16,False,0.0,False,16,False,True,1,fixed_n8,False,safe_early_stop,324,False,True,False,8,False,False,False
True,2,False,0.0,False,2,False,True,0,fixed_n8,False,safe_early_stop,325,False,True,False,8,False,False,False
True,2,False,0.0,False,2,False,True,0,fixed_n8,False,safe_early_stop,330,False,True,False,8,False,False,False
True,2,False,0.0,False,2,False,True,0,fixed_n8,False,safe_early_stop,338,False,True,False,8,False,False,False
False,2,False,0.0,False,2,False,False,0,fixed_n8,False,stable_wrong_trajectory,349,False,True,True,8,False,False,False
True,2,False,0.0,False,2,False,True,0,fixed_n8,False,safe_early_stop,350,False,True,False,8,False,False,False
True,2,False,0.0,False,2,False,True,0,fixed_n8,False,safe_early_stop,353,False,True,False,8,False,False,False
False,16,False,0.0,False,16,False,False,2,fixed_n8,False,unstable_trajectory,358,False,True,False,8,False,False,True
True,2,False,0.0,False,2,False,True,0,fixed_n8,False,safe_early_stop,364,False,True,False,8,False,False,False
False,2,False,0.0,False,2,False,False,0,fixed_n8,False,stable_wrong_trajectory,365,False,True,True,8,False,False,False
True,2,False,0.0,False,2,False,True,0,fixed_n8,False,safe_early_stop,366,False,True,False,8,False,False,False
True,2,False,0.0,False,2,False,True,0,fixed_n8,False,safe_early_stop,374,False,True,False,8,False,False,False
True,4,False,0.0,False,4,False,True,0,fixed_n8,False,safe_early_stop,382,False,True,False,8,False,False,False
True,16,False,0.0,False,16,False,True,1,fixed_n8,False,safe_early_stop,389,False,True,False,8,False,False,False
True,2,False,0.0,False,2,False,True,0,fixed_n8,False,safe_early_stop,396,False,True,False,8,False,False,False
True,2,False,0.0,False,2,False,True,0,fixed_n8,False,safe_early_stop,405,False,True,False,8,False,False,False
True,2,False,0.0,False,2,False,True,0,fixed_n8,False,safe_early_stop,409,False,True,False,8,False,False,False
True,2,False,0.0,False,2,False,True,0,fixed_n8,False,safe_early_stop,414,False,True,False,8,False,False,False
False,2,False,0.0,False,2,False,False,0,fixed_n8,False,stable_wrong_trajectory,420,False,True,True,8,False,False,False
False,2,False,0.0,False,2,False,False,5,fixed_n8,False,unstable_trajectory,423,False,True,False,8,False,False,True
True,2,False,0.0,False,2,False,True,0,fixed_n8,False,safe_early_stop,424,False,True,False,8,False,False,False
True,2,False,0.0,False,2,False,True,0,fixed_n8,False,safe_early_stop,437,False,True,False,8,False,False,False
True,2,False,0.0,False,2,False,True,0,fixed_n8,False,safe_early_stop,443,False,True,False,8,False,False,False
True,2,False,0.0,False,2,False,True,0,fixed_n8,False,safe_early_stop,450,False,True,False,8,False,False,False
True,2,False,0.0,False,2,False,True,0,fixed_n8,False,safe_early_stop,455,False,True,False,8,False,False,False
True,2,False,0.0,False,2,False,True,0,fixed_n8,False,safe_early_stop,469,False,True,False,8,False,False,False
False,4,True,0.75,False,4,False,True,2,fixed_n8,True,premature_stop_with_missed_recovery,470,False,False,False,8,False,False,True
True,2,False,0.0,False,2,False,True,0,fixed_n8,False,safe_early_stop,474,False,True,False,8,False,False,False
True,2,False,0.0,False,2,False,True,0,fixed_n8,False,safe_early_stop,476,False,True,False,8,False,False,False
True,2,False,0.0,False,2,False,True,0,fixed_n8,False,safe_early_stop,480,False,True,False,8,False,False,False
False,16,True,0.375,False,16,False,False,1,fixed_n8,False,invalid_extraction_driven_uncertainty,481,False,True,False,8,False,False,False
True,2,True,0.375,False,2,False,True,1,fixed_n8,False,invalid_extraction_driven_uncertainty,485,False,True,False,8,False,False,False
True,4,False,0.0,False,4,False,True,0,fixed_n8,False,safe_early_stop,486,False,True,False,8,False,False,False
True,2,False,0.0,False,2,False,True,0,fixed_n8,False,safe_early_stop,488,False,True,False,8,False,False,False
False,2,True,0.25,False,2,False,False,0,fixed_n8,False,invalid_extraction_driven_uncertainty,498,False,True,True,8,False,False,False
True,2,False,0.0,False,2,False,True,0,fixed_n16,False,unnecessary_continuation,4,False,False,False,16,False,True,False
True,2,False,0.0,False,2,False,True,0,fixed_n16,False,unnecessary_continuation,8,False,False,False,16,False,True,False
False,16,True,0.125,False,16,False,False,4,fixed_n16,False,unnecessary_continuation,9,False,False,False,16,False,True,True
False,16,True,0.375,False,2,True,False,0,fixed_n16,False,unnecessary_continuation,11,False,False,True,16,False,True,False
True,2,False,0.0,False,2,False,True,0,fixed_n16,False,unnecessary_continuation,16,False,False,False,16,False,True,False
True,16,True,0.125,False,16,False,True,1,fixed_n16,False,unnecessary_continuation,21,False,False,False,16,False,True,False
True,2,False,0.0,False,2,False,True,0,fixed_n16,False,unnecessary_continuation,28,False,False,False,16,False,True,False
False,16,False,0.0,False,16,False,False,2,fixed_n16,False,unnecessary_continuation,33,False,False,False,16,False,True,True
True,2,False,0.0,False,2,False,True,0,fixed_n16,False,unnecessary_continuation,42,False,False,False,16,False,True,False
True,2,False,0.0,False,2,False,True,0,fixed_n16,False,unnecessary_continuation,45,False,False,False,16,False,True,False
True,2,False,0.0,False,2,False,True,0,fixed_n16,False,unnecessary_continuation,48,False,False,False,16,False,True,False
False,16,False,0.0,False,16,False,False,6,fixed_n16,False,unnecessary_continuation,62,False,False,False,16,False,True,True
False,4,False,0.0,False,4,False,False,1,fixed_n16,False,unnecessary_continuation,63,False,False,False,16,False,True,False
True,4,False,0.0,False,4,False,True,0,fixed_n16,False,unnecessary_continuation,67,False,False,False,16,False,True,False
True,2,False,0.0,False,2,False,True,0,fixed_n16,False,unnecessary_continuation,72,False,False,False,16,False,True,False
True,2,False,0.0,False,2,False,True,0,fixed_n16,False,unnecessary_continuation,74,False,False,False,16,False,True,False
True,2,False,0.0,False,2,False,True,0,fixed_n16,False,unnecessary_continuation,76,False,False,False,16,False,True,False
False,2,False,0.0,False,2,False,False,0,fixed_n16,False,unnecessary_continuation,80,False,False,True,16,False,True,False
True,2,True,0.125,False,2,False,True,0,fixed_n16,False,unnecessary_continuation,88,False,False,False,16,False,True,False
False,2,False,0.0,False,2,False,False,0,fixed_n16,False,unnecessary_continuation,90,False,False,True,16,False,True,False
True,2,False,0.0,False,2,False,True,0,fixed_n16,False,unnecessary_continuation,102,False,False,False,16,False,True,False
False,3,True,0.5625,False,2,True,False,1,fixed_n16,False,unnecessary_continuation,103,False,False,False,16,False,True,False
True,4,False,0.0,False,4,False,True,0,fixed_n16,False,unnecessary_continuation,107,False,False,False,16,False,True,False
False,6,True,0.5625,False,5,True,False,1,fixed_n16,False,unnecessary_continuation,109,False,False,False,16,False,True,False
True,2,False,0.0,False,2,False,True,0,fixed_n16,False,unnecessary_continuation,117,False,False,False,16,False,True,False
True,3,True,0.375,False,2,True,True,0,fixed_n16,False,unnecessary_continuation,118,False,False,False,16,False,True,False
True,2,False,0.0,False,2,False,True,0,fixed_n16,False,unnecessary_continuation,128,False,False,False,16,False,True,False
True,2,False,0.0,False,2,False,True,0,fixed_n16,False,unnecessary_continuation,141,False,False,False,16,False,True,False
True,2,False,0.0,False,2,False,True,0,fixed_n16,False,unnecessary_continuation,143,False,False,False,16,False,True,False
True,2,False,0.0,False,2,False,True,0,fixed_n16,False,unnecessary_continuation,148,False,False,False,16,False,True,False
True,2,True,0.1875,False,2,False,True,0,fixed_n16,False,unnecessary_continuation,149,False,False,False,16,False,True,False
False,4,True,0.5,False,3,True,False,1,fixed_n16,False,unnecessary_continuation,150,False,False,False,16,False,True,False
True,2,False,0.0,False,2,False,True,0,fixed_n16,False,unnecessary_continuation,167,False,False,False,16,False,True,False
True,2,False,0.0,False,2,False,True,0,fixed_n16,False,unnecessary_continuation,173,False,False,False,16,False,True,False
False,2,False,0.0,False,2,False,False,0,fixed_n16,False,unnecessary_continuation,177,False,False,True,16,False,True,False
True,2,True,0.1875,False,2,False,True,0,fixed_n16,False,unnecessary_continuation,179,False,False,False,16,False,True,False
True,2,False,0.0,False,2,False,True,0,fixed_n16,False,unnecessary_continuation,181,False,False,False,16,False,True,False
True,2,False,0.0,False,2,False,True,0,fixed_n16,False,unnecessary_continuation,195,False,False,False,16,False,True,False
True,2,False,0.0,False,2,False,True,0,fixed_n16,False,unnecessary_continuation,209,False,False,False,16,False,True,False
True,2,False,0.0,False,2,False,True,0,fixed_n16,False,unnecessary_continuation,211,False,False,False,16,False,True,False
True,2,False,0.0,False,2,False,True,0,fixed_n16,False,unnecessary_continuation,221,False,False,False,16,False,True,False
False,4,False,0.0,False,4,False,False,1,fixed_n16,False,unnecessary_continuation,222,False,False,False,16,False,True,False
True,2,False,0.0,False,2,False,True,0,fixed_n16,False,unnecessary_continuation,225,False,False,False,16,False,True,False
True,2,False,0.0,False,2,False,True,0,fixed_n16,False,unnecessary_continuation,227,False,False,False,16,False,True,False
True,14,True,0.625,False,14,False,True,1,fixed_n16,False,unnecessary_continuation,228,False,False,False,16,False,True,False
False,16,True,0.25,False,16,False,False,5,fixed_n16,False,invalid_extraction_driven_uncertainty,236,False,False,False,16,False,False,True
True,2,False,0.0,False,2,False,True,0,fixed_n16,False,unnecessary_continuation,251,False,False,False,16,False,True,False
True,2,False,0.0,False,2,False,True,0,fixed_n16,False,unnecessary_continuation,253,False,False,False,16,False,True,False
True,2,False,0.0,False,2,False,True,0,fixed_n16,False,unnecessary_continuation,254,False,False,False,16,False,True,False
True,2,False,0.0,False,2,False,True,0,fixed_n16,False,unnecessary_continuation,257,False,False,False,16,False,True,False
True,2,False,0.0,False,2,False,True,0,fixed_n16,False,unnecessary_continuation,260,False,False,False,16,False,True,False
True,2,False,0.0,False,2,False,True,0,fixed_n16,False,unnecessary_continuation,261,False,False,False,16,False,True,False
False,2,True,0.0625,False,2,False,False,0,fixed_n16,False,unnecessary_continuation,264,False,False,True,16,False,True,False
True,2,False,0.0,False,2,False,True,0,fixed_n16,False,unnecessary_continuation,273,False,False,False,16,False,True,False
False,2,True,0.0625,False,2,False,False,3,fixed_n16,False,unnecessary_continuation,284,False,False,False,16,False,True,True
False,4,True,0.8125,False,3,True,False,1,fixed_n16,False,unnecessary_continuation,285,False,False,False,16,False,True,False
True,11,True,0.5,False,11,False,True,0,fixed_n16,False,unnecessary_continuation,290,False,False,False,16,False,True,False
True,16,False,0.0,False,16,False,True,2,fixed_n16,False,unnecessary_continuation,291,False,False,False,16,False,True,True
True,2,False,0.0,False,2,False,True,0,fixed_n16,False,unnecessary_continuation,293,False,False,False,16,False,True,False
True,2,False,0.0,False,2,False,True,0,fixed_n16,False,unnecessary_continuation,299,False,False,False,16,False,True,False
False,2,True,0.25,False,2,False,False,0,fixed_n16,False,unnecessary_continuation,303,False,False,True,16,False,True,False
True,2,False,0.0,False,2,False,True,0,fixed_n16,False,unnecessary_continuation,315,False,False,False,16,False,True,False
True,4,True,0.6875,False,3,True,True,1,fixed_n16,False,unnecessary_continuation,326,False,False,False,16,False,True,False
True,4,True,0.0625,False,4,False,True,0,fixed_n16,False,unnecessary_continuation,328,False,False,False,16,False,True,False
True,2,False,0.0,False,2,False,True,0,fixed_n16,False,unnecessary_continuation,331,False,False,False,16,False,True,False
True,2,False,0.0,False,2,False,True,0,fixed_n16,False,unnecessary_continuation,335,False,False,False,16,False,True,False
True,2,False,0.0,False,2,False,True,0,fixed_n16,False,unnecessary_continuation,337,False,False,False,16,False,True,False
True,4,False,0.0,False,4,False,True,0,fixed_n16,False,unnecessary_continuation,339,False,False,False,16,False,True,False
True,2,False,0.0,False,2,False,True,0,fixed_n16,False,unnecessary_continuation,348,False,False,False,16,False,True,False
True,2,False,0.0,False,2,False,True,0,fixed_n16,False,unnecessary_continuation,367,False,False,False,16,False,True,False
False,2,False,0.0,False,2,False,False,1,fixed_n16,False,unnecessary_continuation,369,False,False,False,16,False,True,False
True,16,True,0.1875,False,16,False,True,5,fixed_n16,False,unnecessary_continuation,371,False,False,False,16,False,True,True
True,2,False,0.0,False,2,False,True,0,fixed_n16,False,unnecessary_continuation,373,False,False,False,16,False,True,False
True,3,True,0.125,False,2,True,True,0,fixed_n16,False,unnecessary_continuation,376,False,False,False,16,False,True,False
True,2,False,0.0,False,2,False,True,0,fixed_n16,False,unnecessary_continuation,377,False,False,False,16,False,True,False
True,4,True,0.0625,False,4,False,True,0,fixed_n16,False,unnecessary_continuation,378,False,False,False,16,False,True,False
True,2,False,0.0,False,2,False,True,0,fixed_n16,False,unnecessary_continuation,383,False,False,False,16,False,True,False
True,4,False,0.0,False,4,False,True,1,fixed_n16,False,unnecessary_continuation,390,False,False,False,16,False,True,False
True,2,True,0.1875,False,2,False,True,0,fixed_n16,False,unnecessary_continuation,391,False,False,False,16,False,True,False
True,2,False,0.0,False,2,False,True,0,fixed_n16,False,unnecessary_continuation,395,False,False,False,16,False,True,False
True,2,False,0.0,False,2,False,True,0,fixed_n16,False,unnecessary_continuation,407,False,False,False,16,False,True,False
True,10,True,0.875,False,10,False,True,1,fixed_n16,False,unnecessary_continuation,408,False,False,False,16,False,True,False
False,16,True,0.625,False,4,True,False,3,fixed_n16,False,invalid_extraction_driven_uncertainty,412,False,False,False,16,False,False,True
True,2,False,0.0,False,2,False,True,0,fixed_n16,False,unnecessary_continuation,418,False,False,False,16,False,True,False
True,2,True,0.3125,False,2,False,True,0,fixed_n16,False,unnecessary_continuation,421,False,False,False,16,False,True,False
True,16,True,0.0625,False,16,False,True,1,fixed_n16,False,unnecessary_continuation,425,False,False,False,16,False,True,False
True,2,False,0.0,False,2,False,True,0,fixed_n16,False,unnecessary_continuation,438,False,False,False,16,False,True,False
True,2,True,0.0625,False,2,False,True,0,fixed_n16,False,unnecessary_continuation,439,False,False,False,16,False,True,False
False,3,True,0.3125,False,2,True,False,0,fixed_n16,False,unnecessary_continuation,444,False,False,True,16,False,True,False
False,16,True,0.5,False,16,False,False,4,fixed_n16,False,unnecessary_continuation,445,False,False,False,16,False,True,True
True,4,False,0.0,False,4,False,True,0,fixed_n16,False,unnecessary_continuation,447,False,False,False,16,False,True,False
True,2,False,0.0,False,2,False,True,0,fixed_n16,False,unnecessary_continuation,451,False,False,False,16,False,True,False
True,2,False,0.0,False,2,False,True,0,fixed_n16,False,unnecessary_continuation,453,False,False,False,16,False,True,False
False,16,True,1.0,False,16,False,False,0,fixed_n16,False,unnecessary_continuation,454,False,False,True,16,False,True,False
True,2,True,0.125,False,2,False,True,0,fixed_n16,False,unnecessary_continuation,456,False,False,False,16,False,True,False
True,2,False,0.0,False,2,False,True,0,fixed_n16,False,unnecessary_continuation,467,False,False,False,16,False,True,False
False,2,False,0.0,False,2,False,False,0,fixed_n16,False,unnecessary_continuation,478,False,False,True,16,False,True,False
True,2,True,0.0625,False,2,False,True,0,fixed_n16,False,unnecessary_continuation,489,False,False,False,16,False,True,False
True,2,False,0.0,False,2,False,True,0,fixed_n16,False,unnecessary_continuation,495,False,False,False,16,False,True,False
True,2,False,0.0,False,2,False,True,0,fixed_n16,False,unnecessary_continuation,496,False,False,False,16,False,True,False
True,2,False,0.0,False,2,False,True,0,fixed_n16,False,unnecessary_continuation,10,False,False,False,16,False,True,False
True,2,False,0.0,False,2,False,True,0,fixed_n16,False,unnecessary_continuation,13,False,False,False,16,False,True,False
True,2,True,0.0625,False,2,False,True,0,fixed_n16,False,unnecessary_continuation,19,False,False,False,16,False,True,False
True,2,False,0.0,False,2,False,True,0,fixed_n16,False,unnecessary_continuation,20,False,False,False,16,False,True,False
True,2,False,0.0,False,2,False,True,0,fixed_n16,False,unnecessary_continuation,34,False,False,False,16,False,True,False
True,2,False,0.0,False,2,False,True,0,fixed_n16,False,unnecessary_continuation,38,False,False,False,16,False,True,False
True,2,False,0.0,False,2,False,True,0,fixed_n16,False,unnecessary_continuation,40,False,False,False,16,False,True,False
False,16,False,0.0,False,16,False,False,1,fixed_n16,False,unnecessary_continuation,41,False,False,False,16,False,True,False
True,7,True,0.1875,False,2,True,True,0,fixed_n16,False,unnecessary_continuation,46,False,False,False,16,False,True,False
True,2,False,0.0,False,2,False,True,0,fixed_n16,False,unnecessary_continuation,47,False,False,False,16,False,True,False
True,2,False,0.0,False,2,False,True,0,fixed_n16,False,unnecessary_continuation,49,False,False,False,16,False,True,False
True,16,False,0.0,False,16,False,True,2,fixed_n16,False,unnecessary_continuation,50,False,False,False,16,False,True,True
True,2,False,0.0,False,2,False,True,0,fixed_n16,False,unnecessary_continuation,55,False,False,False,16,False,True,False
True,2,False,0.0,False,2,False,True,0,fixed_n16,False,unnecessary_continuation,77,False,False,False,16,False,True,False
True,2,False,0.0,False,2,False,True,0,fixed_n16,False,unnecessary_continuation,78,False,False,False,16,False,True,False
True,2,False,0.0,False,2,False,True,0,fixed_n16,False,unnecessary_continuation,84,False,False,False,16,False,True,False
True,2,False,0.0,False,2,False,True,0,fixed_n16,False,unnecessary_continuation,85,False,False,False,16,False,True,False
True,2,False,0.0,False,2,False,True,0,fixed_n16,False,unnecessary_continuation,86,False,False,False,16,False,True,False
True,2,False,0.0,False,2,False,True,0,fixed_n16,False,unnecessary_continuation,93,False,False,False,16,False,True,False
False,2,True,0.0625,False,2,False,False,0,fixed_n16,False,unnecessary_continuation,104,False,False,True,16,False,True,False
False,16,False,0.0,False,16,False,False,2,fixed_n16,False,unnecessary_continuation,105,False,False,False,16,False,True,True
True,5,False,0.0,False,4,True,True,1,fixed_n16,False,unnecessary_continuation,112,False,False,False,16,False,True,False
True,2,False,0.0,False,2,False,True,0,fixed_n16,False,unnecessary_continuation,114,False,False,False,16,False,True,False
False,16,False,0.0,False,16,False,False,0,fixed_n16,False,unnecessary_continuation,115,False,False,True,16,False,True,False
True,16,False,0.0,False,16,False,True,2,fixed_n16,False,unnecessary_continuation,119,False,False,False,16,False,True,True
True,2,False,0.0,False,2,False,True,0,fixed_n16,False,unnecessary_continuation,121,False,False,False,16,False,True,False
True,2,False,0.0,False,2,False,True,0,fixed_n16,False,unnecessary_continuation,122,False,False,False,16,False,True,False
True,2,False,0.0,False,2,False,True,0,fixed_n16,False,unnecessary_continuation,127,False,False,False,16,False,True,False
True,2,False,0.0,False,2,False,True,0,fixed_n16,False,unnecessary_continuation,132,False,False,False,16,False,True,False
True,7,True,0.5,False,6,True,True,1,fixed_n16,False,unnecessary_continuation,136,False,False,False,16,False,True,False
False,16,True,0.3125,False,2,True,False,2,fixed_n16,False,unnecessary_continuation,138,False,False,False,16,False,True,True
True,2,False,0.0,False,2,False,True,0,fixed_n16,False,unnecessary_continuation,158,False,False,False,16,False,True,False
True,2,False,0.0,False,2,False,True,0,fixed_n16,False,unnecessary_continuation,162,False,False,False,16,False,True,False
False,16,True,0.5625,False,2,True,False,0,fixed_n16,False,unnecessary_continuation,170,False,False,True,16,False,True,False
True,2,False,0.0,False,2,False,True,0,fixed_n16,False,unnecessary_continuation,172,False,False,False,16,False,True,False
True,5,False,0.0,False,4,True,True,0,fixed_n16,False,unnecessary_continuation,176,False,False,False,16,False,True,False
True,2,False,0.0,False,2,False,True,0,fixed_n16,False,unnecessary_continuation,183,False,False,False,16,False,True,False
True,2,False,0.0,False,2,False,True,0,fixed_n16,False,unnecessary_continuation,198,False,False,False,16,False,True,False
True,2,False,0.0,False,2,False,True,0,fixed_n16,False,unnecessary_continuation,202,False,False,False,16,False,True,False
True,2,False,0.0,False,2,False,True,0,fixed_n16,False,unnecessary_continuation,205,False,False,False,16,False,True,False
True,16,False,0.0,False,16,False,True,2,fixed_n16,False,unnecessary_continuation,210,False,False,False,16,False,True,True
True,4,True,0.0625,False,4,False,True,0,fixed_n16,False,unnecessary_continuation,212,False,False,False,16,False,True,False
True,2,False,0.0,False,2,False,True,0,fixed_n16,False,unnecessary_continuation,215,False,False,False,16,False,True,False
True,2,True,0.0625,False,2,False,True,0,fixed_n16,False,unnecessary_continuation,218,False,False,False,16,False,True,False
False,2,False,0.0,False,2,False,False,0,fixed_n16,False,unnecessary_continuation,220,False,False,True,16,False,True,False
True,2,False,0.0,False,2,False,True,0,fixed_n16,False,unnecessary_continuation,223,False,False,False,16,False,True,False
True,2,False,0.0,False,2,False,True,0,fixed_n16,False,unnecessary_continuation,231,False,False,False,16,False,True,False
True,6,False,0.0,False,6,False,True,1,fixed_n16,False,unnecessary_continuation,232,False,False,False,16,False,True,False
True,2,False,0.0,False,2,False,True,0,fixed_n16,False,unnecessary_continuation,238,False,False,False,16,False,True,False
False,16,True,1.0,False,16,False,False,0,fixed_n16,False,unnecessary_continuation,239,False,False,True,16,False,True,False
True,2,False,0.0,False,2,False,True,0,fixed_n16,False,unnecessary_continuation,243,False,False,False,16,False,True,False
True,2,False,0.0,False,2,False,True,0,fixed_n16,False,unnecessary_continuation,256,False,False,False,16,False,True,False
True,2,False,0.0,False,2,False,True,0,fixed_n16,False,unnecessary_continuation,265,False,False,False,16,False,True,False
True,10,False,0.0,False,10,False,True,1,fixed_n16,False,unnecessary_continuation,267,False,False,False,16,False,True,False
True,2,False,0.0,False,2,False,True,0,fixed_n16,False,unnecessary_continuation,277,False,False,False,16,False,True,False
True,2,False,0.0,False,2,False,True,0,fixed_n16,False,unnecessary_continuation,287,False,False,False,16,False,True,False
True,2,False,0.0,False,2,False,True,0,fixed_n16,False,unnecessary_continuation,289,False,False,False,16,False,True,False
True,2,False,0.0,False,2,False,True,0,fixed_n16,False,unnecessary_continuation,297,False,False,False,16,False,True,False
True,2,False,0.0,False,2,False,True,0,fixed_n16,False,unnecessary_continuation,305,False,False,False,16,False,True,False
False,16,False,0.0,False,16,False,False,2,fixed_n16,False,unnecessary_continuation,308,False,False,False,16,False,True,True
True,2,False,0.0,False,2,False,True,0,fixed_n16,False,unnecessary_continuation,314,False,False,False,16,False,True,False
True,2,False,0.0,False,2,False,True,0,fixed_n16,False,unnecessary_continuation,322,False,False,False,16,False,True,False
True,2,False,0.0,False,2,False,True,0,fixed_n16,False,unnecessary_continuation,329,False,False,False,16,False,True,False
True,4,True,0.3125,False,2,True,True,0,fixed_n16,False,unnecessary_continuation,333,False,False,False,16,False,True,False
True,2,False,0.0,False,2,False,True,0,fixed_n16,False,unnecessary_continuation,334,False,False,False,16,False,True,False
True,2,False,0.0,False,2,False,True,0,fixed_n16,False,unnecessary_continuation,336,False,False,False,16,False,True,False
True,2,False,0.0,False,2,False,True,0,fixed_n16,False,unnecessary_continuation,345,False,False,False,16,False,True,False
True,2,False,0.0,False,2,False,True,0,fixed_n16,False,unnecessary_continuation,347,False,False,False,16,False,True,False
False,14,True,0.5,False,2,True,False,1,fixed_n16,False,unnecessary_continuation,352,False,False,False,16,False,True,False
True,2,False,0.0,False,2,False,True,0,fixed_n16,False,unnecessary_continuation,354,False,False,False,16,False,True,False
False,16,True,0.125,False,16,False,False,1,fixed_n16,False,unnecessary_continuation,355,False,False,False,16,False,True,False
True,2,True,0.0625,False,2,False,True,0,fixed_n16,False,unnecessary_continuation,356,False,False,False,16,False,True,False
True,2,False,0.0,False,2,False,True,0,fixed_n16,False,unnecessary_continuation,360,False,False,False,16,False,True,False
True,2,False,0.0,False,2,False,True,0,fixed_n16,False,unnecessary_continuation,368,False,False,False,16,False,True,False
True,2,True,0.0625,False,2,False,True,0,fixed_n16,False,unnecessary_continuation,379,False,False,False,16,False,True,False
True,2,False,0.0,False,2,False,True,1,fixed_n16,False,unnecessary_continuation,385,False,False,False,16,False,True,False
False,2,True,0.375,False,2,False,False,0,fixed_n16,False,unnecessary_continuation,392,False,False,True,16,False,True,False
True,2,False,0.0,False,2,False,True,0,fixed_n16,False,unnecessary_continuation,393,False,False,False,16,False,True,False
True,14,True,0.4375,False,14,False,True,1,fixed_n16,False,unnecessary_continuation,394,False,False,False,16,False,True,False
True,2,False,0.0,False,2,False,True,0,fixed_n16,False,unnecessary_continuation,397,False,False,False,16,False,True,False
True,2,False,0.0,False,2,False,True,0,fixed_n16,False,unnecessary_continuation,402,False,False,False,16,False,True,False
True,2,False,0.0,False,2,False,True,0,fixed_n16,False,unnecessary_continuation,404,False,False,False,16,False,True,False
True,2,False,0.0,False,2,False,True,0,fixed_n16,False,unnecessary_continuation,410,False,False,False,16,False,True,False
True,2,False,0.0,False,2,False,True,0,fixed_n16,False,unnecessary_continuation,415,False,False,False,16,False,True,False
True,2,True,0.0625,False,2,False,True,0,fixed_n16,False,unnecessary_continuation,416,False,False,False,16,False,True,False
True,2,False,0.0,False,2,False,True,0,fixed_n16,False,unnecessary_continuation,417,False,False,False,16,False,True,False
True,2,False,0.0,False,2,False,True,0,fixed_n16,False,unnecessary_continuation,426,False,False,False,16,False,True,False
True,4,False,0.0,False,4,False,True,0,fixed_n16,False,unnecessary_continuation,428,False,False,False,16,False,True,False
False,16,False,0.0,False,16,False,False,4,fixed_n16,False,unnecessary_continuation,431,False,False,False,16,False,True,True
False,16,True,0.8125,False,2,True,False,0,fixed_n16,False,unnecessary_continuation,432,False,False,True,16,False,True,False
True,2,False,0.0,False,2,False,True,0,fixed_n16,False,unnecessary_continuation,435,False,False,False,16,False,True,False
True,2,False,0.0,False,2,False,True,0,fixed_n16,False,unnecessary_continuation,440,False,False,False,16,False,True,False
True,2,False,0.0,False,2,False,True,0,fixed_n16,False,unnecessary_continuation,442,False,False,False,16,False,True,False
True,3,True,0.25,False,2,True,True,0,fixed_n16,False,unnecessary_continuation,458,False,False,False,16,False,True,False
True,2,False,0.0,False,2,False,True,0,fixed_n16,False,unnecessary_continuation,461,False,False,False,16,False,True,False
True,2,False,0.0,False,2,False,True,0,fixed_n16,False,unnecessary_continuation,464,False,False,False,16,False,True,False
True,2,False,0.0,False,2,False,True,0,fixed_n16,False,unnecessary_continuation,468,False,False,False,16,False,True,False
True,10,False,0.0,False,10,False,True,0,fixed_n16,False,unnecessary_continuation,477,False,False,False,16,False,True,False
True,2,False,0.0,False,2,False,True,0,fixed_n16,False,unnecessary_continuation,493,False,False,False,16,False,True,False
True,2,False,0.0,False,2,False,True,0,fixed_n16,False,unnecessary_continuation,499,False,False,False,16,False,True,False
True,3,False,0.0,False,2,True,True,0,fixed_n16,False,unnecessary_continuation,2,False,False,False,16,False,True,False
True,3,False,0.0,False,2,True,True,0,fixed_n16,False,unnecessary_continuation,5,False,False,False,16,False,True,False
True,3,False,0.0,False,2,True,True,0,fixed_n16,False,unnecessary_continuation,6,False,False,False,16,False,True,False
True,10,False,0.0,False,10,False,True,1,fixed_n16,False,unnecessary_continuation,7,False,False,False,16,False,True,False
True,3,True,0.0625,False,2,True,True,0,fixed_n16,False,unnecessary_continuation,22,False,False,False,16,False,True,False
True,3,True,0.0625,False,2,True,True,0,fixed_n16,False,unnecessary_continuation,23,False,False,False,16,False,True,False
True,3,False,0.0,False,2,True,True,0,fixed_n16,False,unnecessary_continuation,29,False,False,False,16,False,True,False
True,3,False,0.0,False,2,True,True,0,fixed_n16,False,unnecessary_continuation,32,False,False,False,16,False,True,False
True,3,False,0.0,False,2,True,True,0,fixed_n16,False,unnecessary_continuation,39,False,False,False,16,False,True,False
False,10,False,0.0,False,4,True,False,1,fixed_n16,False,unnecessary_continuation,43,False,False,False,16,False,True,False
True,3,False,0.0,False,2,True,True,0,fixed_n16,False,unnecessary_continuation,57,False,False,False,16,False,True,False
True,5,False,0.0,False,2,True,True,0,fixed_n16,False,unnecessary_continuation,58,False,False,False,16,False,True,False
True,3,False,0.0,False,2,True,True,0,fixed_n16,False,unnecessary_continuation,73,False,False,False,16,False,True,False
True,3,False,0.0,False,2,True,True,0,fixed_n16,False,unnecessary_continuation,75,False,False,False,16,False,True,False
True,3,False,0.0,False,2,True,True,0,fixed_n16,False,unnecessary_continuation,79,False,False,False,16,False,True,False
True,3,False,0.0,False,2,True,True,0,fixed_n16,False,unnecessary_continuation,83,False,False,False,16,False,True,False
True,3,False,0.0,False,2,True,True,0,fixed_n16,False,unnecessary_continuation,87,False,False,False,16,False,True,False
True,7,False,0.0,False,4,True,True,1,fixed_n16,False,unnecessary_continuation,89,False,False,False,16,False,True,False
True,3,True,0.0625,False,2,True,True,0,fixed_n16,False,unnecessary_continuation,92,False,False,False,16,False,True,False
False,5,True,0.375,False,2,True,False,0,fixed_n16,False,unnecessary_continuation,99,False,False,True,16,False,True,False
True,3,False,0.0,False,2,True,True,0,fixed_n16,False,unnecessary_continuation,106,False,False,False,16,False,True,False
False,7,True,0.75,False,4,True,False,1,fixed_n16,False,unnecessary_continuation,110,False,False,False,16,False,True,False
True,3,False,0.0,False,2,True,True,0,fixed_n16,False,unnecessary_continuation,113,False,False,False,16,False,True,False
True,3,True,0.125,False,2,True,True,0,fixed_n16,False,unnecessary_continuation,139,False,False,False,16,False,True,False
True,3,False,0.0,False,2,True,True,0,fixed_n16,False,unnecessary_continuation,146,False,False,False,16,False,True,False
False,16,True,0.3125,False,16,False,False,3,fixed_n16,False,unnecessary_continuation,147,False,False,False,16,False,True,True
True,3,False,0.0,False,2,True,True,0,fixed_n16,False,unnecessary_continuation,155,False,False,False,16,False,True,False
False,14,True,0.3125,False,2,True,False,0,fixed_n16,False,unnecessary_continuation,156,False,False,True,16,False,True,False
True,3,False,0.0,False,2,True,True,0,fixed_n16,False,unnecessary_continuation,160,False,False,False,16,False,True,False
False,16,True,0.0625,False,2,True,False,4,fixed_n16,False,unnecessary_continuation,164,False,False,False,16,False,True,True
True,3,False,0.0,False,2,True,True,0,fixed_n16,False,unnecessary_continuation,169,False,False,False,16,False,True,False
True,3,False,0.0,False,2,True,True,0,fixed_n16,False,unnecessary_continuation,174,False,False,False,16,False,True,False
True,3,True,0.0625,False,2,True,True,0,fixed_n16,False,unnecessary_continuation,175,False,False,False,16,False,True,False
False,16,False,0.0,False,16,False,False,1,fixed_n16,False,unnecessary_continuation,184,False,False,False,16,False,True,False
True,3,False,0.0,False,2,True,True,0,fixed_n16,False,unnecessary_continuation,185,False,False,False,16,False,True,False
True,3,False,0.0,False,2,True,True,0,fixed_n16,False,unnecessary_continuation,186,False,False,False,16,False,True,False
True,3,False,0.0,False,2,True,True,0,fixed_n16,False,unnecessary_continuation,187,False,False,False,16,False,True,False
True,16,True,0.375,False,16,False,True,2,fixed_n16,False,invalid_extraction_driven_uncertainty,189,False,False,False,16,False,False,True
True,3,False,0.0,False,2,True,True,0,fixed_n16,False,unnecessary_continuation,193,False,False,False,16,False,True,False
True,3,False,0.0,False,2,True,True,0,fixed_n16,False,unnecessary_continuation,199,False,False,False,16,False,True,False
True,3,False,0.0,False,2,True,True,0,fixed_n16,False,unnecessary_continuation,203,False,False,False,16,False,True,False
False,16,False,0.0,False,4,True,False,1,fixed_n16,False,unnecessary_continuation,204,False,False,False,16,False,True,False
False,3,False,0.0,False,2,True,False,0,fixed_n16,False,unnecessary_continuation,217,False,False,True,16,False,True,False
True,3,False,0.0,False,2,True,True,0,fixed_n16,False,unnecessary_continuation,230,False,False,False,16,False,True,False
True,8,False,0.0,True,2,True,True,1,fixed_n16,False,unnecessary_continuation,234,False,False,False,16,True,True,False
True,3,False,0.0,False,2,True,True,0,fixed_n16,False,unnecessary_continuation,235,False,False,False,16,False,True,False
True,6,False,0.0,False,2,True,True,0,fixed_n16,False,unnecessary_continuation,246,False,False,False,16,False,True,False
False,16,True,1.0,False,16,False,False,0,fixed_n16,False,unnecessary_continuation,248,False,False,True,16,False,True,False
True,3,False,0.0,False,2,True,True,0,fixed_n16,False,unnecessary_continuation,255,False,False,False,16,False,True,False
True,3,False,0.0,False,2,True,True,0,fixed_n16,False,unnecessary_continuation,259,False,False,False,16,False,True,False
True,3,False,0.0,False,2,True,True,0,fixed_n16,False,unnecessary_continuation,269,False,False,False,16,False,True,False
True,3,False,0.0,False,2,True,True,0,fixed_n16,False,unnecessary_continuation,280,False,False,False,16,False,True,False
False,9,True,0.875,False,2,True,False,0,fixed_n16,False,unnecessary_continuation,292,False,False,True,16,False,True,False
True,6,True,0.1875,False,4,True,True,1,fixed_n16,False,unnecessary_continuation,294,False,False,False,16,False,True,False
True,3,False,0.0,False,2,True,True,0,fixed_n16,False,unnecessary_continuation,300,False,False,False,16,False,True,False
False,3,False,0.0,False,2,True,False,0,fixed_n16,False,unnecessary_continuation,301,False,False,True,16,False,True,False
True,16,True,0.375,False,16,False,True,2,fixed_n16,False,unnecessary_continuation,302,False,False,False,16,False,True,True
True,4,True,0.125,False,2,True,True,0,fixed_n16,False,unnecessary_continuation,304,False,False,False,16,False,True,False
True,3,False,0.0,False,2,True,True,0,fixed_n16,False,unnecessary_continuation,307,False,False,False,16,False,True,False
False,16,False,0.0,False,16,False,False,3,fixed_n16,False,unnecessary_continuation,309,False,False,False,16,False,True,True
True,3,False,0.0,False,2,True,True,0,fixed_n16,False,unnecessary_continuation,311,False,False,False,16,False,True,False
False,3,True,0.0625,False,2,True,False,0,fixed_n16,False,unnecessary_continuation,317,False,False,True,16,False,True,False
True,3,False,0.0,False,2,True,True,0,fixed_n16,False,unnecessary_continuation,318,False,False,False,16,False,True,False
True,3,False,0.0,False,2,True,True,0,fixed_n16,False,unnecessary_continuation,319,False,False,False,16,False,True,False
True,3,False,0.0,False,2,True,True,0,fixed_n16,False,unnecessary_continuation,321,False,False,False,16,False,True,False
False,16,True,0.75,False,2,True,False,0,fixed_n16,False,unnecessary_continuation,327,False,False,True,16,False,True,False
True,3,False,0.0,False,2,True,True,0,fixed_n16,False,unnecessary_continuation,341,False,False,False,16,False,True,False
True,3,False,0.0,False,2,True,True,0,fixed_n16,False,unnecessary_continuation,344,False,False,False,16,False,True,False
True,16,False,0.0,False,16,False,True,1,fixed_n16,False,unnecessary_continuation,357,False,False,False,16,False,True,False
True,3,True,0.1875,False,2,True,True,0,fixed_n16,False,unnecessary_continuation,361,False,False,False,16,False,True,False
True,3,False,0.0,False,2,True,True,0,fixed_n16,False,unnecessary_continuation,363,False,False,False,16,False,True,False
True,3,False,0.0,False,2,True,True,0,fixed_n16,False,unnecessary_continuation,370,False,False,False,16,False,True,False
False,16,False,0.0,False,16,False,False,4,fixed_n16,False,unnecessary_continuation,372,False,False,False,16,False,True,True
True,3,False,0.0,False,2,True,True,0,fixed_n16,False,unnecessary_continuation,375,False,False,False,16,False,True,False
True,16,True,0.1875,True,2,True,True,1,fixed_n16,False,unnecessary_continuation,380,False,False,False,16,True,True,False
True,3,False,0.0,False,2,True,True,0,fixed_n16,False,unnecessary_continuation,384,False,False,False,16,False,True,False
True,3,False,0.0,False,2,True,True,0,fixed_n16,False,unnecessary_continuation,399,False,False,False,16,False,True,False
True,3,False,0.0,False,2,True,True,0,fixed_n16,False,unnecessary_continuation,411,False,False,False,16,False,True,False
True,3,False,0.0,False,2,True,True,0,fixed_n16,False,unnecessary_continuation,413,False,False,False,16,False,True,False
False,16,True,0.75,False,4,True,False,1,fixed_n16,False,unnecessary_continuation,419,False,False,False,16,False,True,False
True,3,False,0.0,False,2,True,True,0,fixed_n16,False,unnecessary_continuation,433,False,False,False,16,False,True,False
True,3,False,0.0,False,2,True,True,0,fixed_n16,False,unnecessary_continuation,434,False,False,False,16,False,True,False
True,5,True,0.625,False,2,True,True,0,fixed_n16,False,unnecessary_continuation,436,False,False,False,16,False,True,False
True,3,False,0.0,False,2,True,True,0,fixed_n16,False,unnecessary_continuation,452,False,False,False,16,False,True,False
True,4,True,0.0625,False,2,True,True,0,fixed_n16,False,unnecessary_continuation,459,False,False,False,16,False,True,False
False,16,False,0.0,False,4,True,False,3,fixed_n16,False,unnecessary_continuation,460,False,False,False,16,False,True,True
True,3,True,0.125,False,2,True,True,0,fixed_n16,False,unnecessary_continuation,462,False,False,False,16,False,True,False
True,3,False,0.0,False,2,True,True,0,fixed_n16,False,unnecessary_continuation,463,False,False,False,16,False,True,False
False,16,False,0.0,False,16,False,False,3,fixed_n16,False,unnecessary_continuation,466,False,False,False,16,False,True,True
True,3,False,0.0,False,2,True,True,0,fixed_n16,False,unnecessary_continuation,471,False,False,False,16,False,True,False
True,3,False,0.0,False,2,True,True,0,fixed_n16,False,unnecessary_continuation,472,False,False,False,16,False,True,False
False,16,True,0.875,False,9,True,False,1,fixed_n16,False,unnecessary_continuation,475,False,False,False,16,False,True,False
True,3,False,0.0,False,2,True,True,0,fixed_n16,False,unnecessary_continuation,479,False,False,False,16,False,True,False
True,16,True,0.0625,False,16,False,True,2,fixed_n16,False,unnecessary_continuation,482,False,False,False,16,False,True,True
True,15,True,0.9375,False,14,True,True,1,fixed_n16,False,unnecessary_continuation,483,False,False,False,16,False,True,False
True,3,True,0.125,False,2,True,True,0,fixed_n16,False,unnecessary_continuation,484,False,False,False,16,False,True,False
False,16,True,0.125,False,16,False,False,0,fixed_n16,False,unnecessary_continuation,490,False,False,True,16,False,True,False
True,3,False,0.0,False,2,True,True,0,fixed_n16,False,unnecessary_continuation,492,False,False,False,16,False,True,False
False,16,True,0.25,False,2,True,False,1,fixed_n16,False,unnecessary_continuation,494,False,False,False,16,False,True,False
False,16,False,0.0,False,16,False,False,1,fixed_n16,False,unnecessary_continuation,497,False,False,False,16,False,True,False
False,2,False,0.0,False,2,False,False,3,fixed_n16,False,unstable_trajectory,18,False,False,False,16,False,False,True
True,16,False,0.0,False,16,False,True,0,fixed_n16,False,unnecessary_continuation,24,False,False,False,16,False,True,False
False,2,True,0.4375,False,2,False,False,1,fixed_n16,False,unnecessary_continuation,25,False,False,False,16,False,True,False
False,16,False,0.0,False,16,False,False,0,fixed_n16,False,unnecessary_continuation,26,False,False,True,16,False,True,False
True,2,False,0.0,False,2,False,True,0,fixed_n16,False,unnecessary_continuation,27,False,False,False,16,False,True,False
True,2,False,0.0,False,2,False,True,0,fixed_n16,False,unnecessary_continuation,35,False,False,False,16,False,True,False
True,4,True,0.1875,False,4,False,True,1,fixed_n16,False,unnecessary_continuation,36,False,False,False,16,False,True,False
True,2,False,0.0,False,2,False,True,0,fixed_n16,False,unnecessary_continuation,37,False,False,False,16,False,True,False
True,2,False,0.0,False,2,False,True,0,fixed_n16,False,unnecessary_continuation,44,False,False,False,16,False,True,False
True,2,False,0.0,False,2,False,True,0,fixed_n16,False,unnecessary_continuation,53,False,False,False,16,False,True,False
True,2,False,0.0,False,2,False,True,0,fixed_n16,False,unnecessary_continuation,54,False,False,False,16,False,True,False
True,2,False,0.0,False,2,False,True,0,fixed_n16,False,unnecessary_continuation,56,False,False,False,16,False,True,False
True,2,True,0.4375,False,2,False,True,1,fixed_n16,False,unnecessary_continuation,64,False,False,False,16,False,True,False
True,2,False,0.0,False,2,False,True,0,fixed_n16,False,unnecessary_continuation,65,False,False,False,16,False,True,False
True,2,True,0.1875,False,2,False,True,0,fixed_n16,False,unnecessary_continuation,68,False,False,False,16,False,True,False
True,2,False,0.0,False,2,False,True,0,fixed_n16,False,unnecessary_continuation,70,False,False,False,16,False,True,False
True,2,False,0.0,False,2,False,True,0,fixed_n16,False,unnecessary_continuation,81,False,False,False,16,False,True,False
True,16,False,0.0,False,16,False,True,3,fixed_n16,False,unnecessary_continuation,82,False,False,False,16,False,True,True
True,2,False,0.0,False,2,False,True,0,fixed_n16,False,unnecessary_continuation,95,False,False,False,16,False,True,False
True,2,False,0.0,False,2,False,True,0,fixed_n16,False,unnecessary_continuation,98,False,False,False,16,False,True,False
False,2,True,0.8125,False,2,False,False,0,fixed_n16,False,unnecessary_continuation,101,False,False,True,16,False,True,False
True,4,True,0.25,False,4,False,True,0,fixed_n16,False,unnecessary_continuation,108,False,False,False,16,False,True,False
True,2,False,0.0,False,2,False,True,0,fixed_n16,False,unnecessary_continuation,116,False,False,False,16,False,True,False
False,4,False,0.0,False,4,False,False,0,fixed_n16,False,unnecessary_continuation,120,False,False,True,16,False,True,False
True,2,False,0.0,False,2,False,True,0,fixed_n16,False,unnecessary_continuation,124,False,False,False,16,False,True,False
True,2,False,0.0,False,2,False,True,0,fixed_n16,False,unnecessary_continuation,125,False,False,False,16,False,True,False
False,2,True,0.5,False,2,False,False,0,fixed_n16,False,unnecessary_continuation,126,False,False,True,16,False,True,False
True,2,False,0.0,False,2,False,True,0,fixed_n16,False,unnecessary_continuation,130,False,False,False,16,False,True,False
True,2,False,0.0,False,2,False,True,0,fixed_n16,False,unnecessary_continuation,131,False,False,False,16,False,True,False
True,2,False,0.0,False,2,False,True,0,fixed_n16,False,unnecessary_continuation,134,False,False,False,16,False,True,False
True,2,False,0.0,False,2,False,True,0,fixed_n16,False,unnecessary_continuation,137,False,False,False,16,False,True,False
True,2,False,0.0,False,2,False,True,0,fixed_n16,False,unnecessary_continuation,140,False,False,False,16,False,True,False
True,2,False,0.0,False,2,False,True,0,fixed_n16,False,unnecessary_continuation,144,False,False,False,16,False,True,False
False,16,True,0.125,False,16,False,False,3,fixed_n16,False,unnecessary_continuation,152,False,False,False,16,False,True,True
True,2,False,0.0,False,2,False,True,0,fixed_n16,False,unnecessary_continuation,153,False,False,False,16,False,True,False
True,2,False,0.0,False,2,False,True,0,fixed_n16,False,unnecessary_continuation,157,False,False,False,16,False,True,False
True,2,False,0.0,False,2,False,True,0,fixed_n16,False,unnecessary_continuation,159,False,False,False,16,False,True,False
True,10,False,0.0,False,10,False,True,1,fixed_n16,False,unnecessary_continuation,166,False,False,False,16,False,True,False
False,2,True,0.0625,False,2,False,False,0,fixed_n16,False,unnecessary_continuation,168,False,False,True,16,False,True,False
True,2,False,0.0,False,2,False,True,0,fixed_n16,False,unnecessary_continuation,171,False,False,False,16,False,True,False
True,8,False,0.0,False,8,False,True,2,fixed_n16,False,unnecessary_continuation,180,False,False,False,16,False,True,True
True,2,False,0.0,False,2,False,True,0,fixed_n16,False,unnecessary_continuation,182,False,False,False,16,False,True,False
True,2,False,0.0,False,2,False,True,0,fixed_n16,False,unnecessary_continuation,192,False,False,False,16,False,True,False
True,2,True,0.125,False,2,False,True,0,fixed_n16,False,unnecessary_continuation,194,False,False,False,16,False,True,False
True,4,False,0.0,False,4,False,True,0,fixed_n16,False,unnecessary_continuation,197,False,False,False,16,False,True,False
True,2,True,0.0625,False,2,False,True,0,fixed_n16,False,unnecessary_continuation,201,False,False,False,16,False,True,False
True,2,False,0.0,False,2,False,True,0,fixed_n16,False,unnecessary_continuation,206,False,False,False,16,False,True,False
True,2,False,0.0,False,2,False,True,0,fixed_n16,False,unnecessary_continuation,207,False,False,False,16,False,True,False
True,2,False,0.0,False,2,False,True,0,fixed_n16,False,unnecessary_continuation,229,False,False,False,16,False,True,False
True,2,False,0.0,False,2,False,True,0,fixed_n16,False,unnecessary_continuation,237,False,False,False,16,False,True,False
True,2,False,0.0,False,2,False,True,0,fixed_n16,False,unnecessary_continuation,241,False,False,False,16,False,True,False
False,6,False,0.0,False,6,False,False,1,fixed_n16,False,unnecessary_continuation,242,False,False,False,16,False,True,False
False,2,True,0.1875,False,2,False,False,1,fixed_n16,False,unnecessary_continuation,249,False,False,False,16,False,True,False
True,2,False,0.0,False,2,False,True,0,fixed_n16,False,unnecessary_continuation,263,False,False,False,16,False,True,False
True,2,False,0.0,False,2,False,True,0,fixed_n16,False,unnecessary_continuation,268,False,False,False,16,False,True,False
True,2,False,0.0,False,2,False,True,0,fixed_n16,False,unnecessary_continuation,270,False,False,False,16,False,True,False
True,2,False,0.0,False,2,False,True,0,fixed_n16,False,unnecessary_continuation,271,False,False,False,16,False,True,False
True,2,False,0.0,False,2,False,True,2,fixed_n16,False,unnecessary_continuation,272,False,False,False,16,False,True,True
False,16,False,0.0,False,16,False,False,1,fixed_n16,False,unnecessary_continuation,274,False,False,False,16,False,True,False
True,2,False,0.0,False,2,False,True,0,fixed_n16,False,unnecessary_continuation,275,False,False,False,16,False,True,False
True,2,False,0.0,False,2,False,True,0,fixed_n16,False,unnecessary_continuation,276,False,False,False,16,False,True,False
True,16,False,0.0,False,16,False,True,3,fixed_n16,False,unnecessary_continuation,281,False,False,False,16,False,True,True
False,2,False,0.0,False,2,False,False,0,fixed_n16,False,unnecessary_continuation,282,False,False,True,16,False,True,False
True,2,False,0.0,False,2,False,True,0,fixed_n16,False,unnecessary_continuation,283,False,False,False,16,False,True,False
False,2,True,0.375,False,2,False,False,0,fixed_n16,False,unnecessary_continuation,286,False,False,True,16,False,True,False
False,2,True,0.5625,False,2,False,False,0,fixed_n16,False,unnecessary_continuation,288,False,False,True,16,False,True,False
False,2,True,0.25,False,2,False,False,0,fixed_n16,False,unnecessary_continuation,296,False,False,True,16,False,True,False
True,2,False,0.0,False,2,False,True,0,fixed_n16,False,unnecessary_continuation,312,False,False,False,16,False,True,False
True,2,False,0.0,False,2,False,True,0,fixed_n16,False,unnecessary_continuation,313,False,False,False,16,False,True,False
True,2,False,0.0,False,2,False,True,0,fixed_n16,False,unnecessary_continuation,320,False,False,False,16,False,True,False
True,16,True,0.0625,False,16,False,True,6,fixed_n16,False,unnecessary_continuation,332,False,False,False,16,False,True,True
False,16,True,1.0,False,16,False,False,0,fixed_n16,False,unnecessary_continuation,340,False,False,True,16,False,True,False
True,2,False,0.0,False,2,False,True,0,fixed_n16,False,unnecessary_continuation,342,False,False,False,16,False,True,False
True,2,False,0.0,False,2,False,True,0,fixed_n16,False,unnecessary_continuation,343,False,False,False,16,False,True,False
True,2,False,0.0,False,2,False,True,0,fixed_n16,False,unnecessary_continuation,346,False,False,False,16,False,True,False
False,2,False,0.0,False,2,False,False,0,fixed_n16,False,unnecessary_continuation,351,False,False,True,16,False,True,False
True,2,True,0.1875,False,2,False,True,0,fixed_n16,False,unnecessary_continuation,359,False,False,False,16,False,True,False
True,2,False,0.0,False,2,False,True,0,fixed_n16,False,unnecessary_continuation,362,False,False,False,16,False,True,False
False,16,True,0.125,False,16,False,False,0,fixed_n16,False,unnecessary_continuation,381,False,False,True,16,False,True,False
True,2,False,0.0,False,2,False,True,0,fixed_n16,False,unnecessary_continuation,386,False,False,False,16,False,True,False
True,2,False,0.0,False,2,False,True,0,fixed_n16,False,unnecessary_continuation,387,False,False,False,16,False,True,False
True,16,False,0.0,False,16,False,True,3,fixed_n16,False,unnecessary_continuation,388,False,False,False,16,False,True,True
False,16,False,0.0,False,16,False,False,1,fixed_n16,False,unnecessary_continuation,398,False,False,False,16,False,True,False
True,16,False,0.0,False,16,False,True,6,fixed_n16,False,unnecessary_continuation,400,False,False,False,16,False,True,True
False,6,True,0.6875,False,6,False,False,1,fixed_n16,False,unnecessary_continuation,401,False,False,False,16,False,True,False
False,2,False,0.0,False,2,False,False,0,fixed_n16,False,unnecessary_continuation,403,False,False,True,16,False,True,False
True,2,False,0.0,False,2,False,True,0,fixed_n16,False,unnecessary_continuation,406,False,False,False,16,False,True,False
False,7,True,0.9375,False,7,False,False,1,fixed_n16,False,unnecessary_continuation,422,False,False,False,16,False,True,False
True,2,False,0.0,False,2,False,True,0,fixed_n16,False,unnecessary_continuation,427,False,False,False,16,False,True,False
True,2,False,0.0,False,2,False,True,0,fixed_n16,False,unnecessary_continuation,429,False,False,False,16,False,True,False
True,2,False,0.0,False,2,False,True,0,fixed_n16,False,unnecessary_continuation,430,False,False,False,16,False,True,False
True,2,False,0.0,False,2,False,True,0,fixed_n16,False,unnecessary_continuation,441,False,False,False,16,False,True,False
True,2,False,0.0,False,2,False,True,0,fixed_n16,False,unnecessary_continuation,446,False,False,False,16,False,True,False
True,2,False,0.0,False,2,False,True,0,fixed_n16,False,unnecessary_continuation,448,False,False,False,16,False,True,False
True,2,False,0.0,False,2,False,True,0,fixed_n16,False,unnecessary_continuation,449,False,False,False,16,False,True,False
True,2,False,0.0,False,2,False,True,0,fixed_n16,False,unnecessary_continuation,457,False,False,False,16,False,True,False
True,2,False,0.0,False,2,False,True,0,fixed_n16,False,unnecessary_continuation,465,False,False,False,16,False,True,False
True,4,True,0.125,False,4,False,True,3,fixed_n16,False,invalid_extraction_driven_uncertainty,473,False,False,False,16,False,False,True
True,2,False,0.0,False,2,False,True,0,fixed_n16,False,unnecessary_continuation,487,False,False,False,16,False,True,False
False,16,False,0.0,False,16,False,False,2,fixed_n16,False,unnecessary_continuation,491,False,False,False,16,False,True,True
True,2,False,0.0,False,2,False,True,0,fixed_n16,False,unnecessary_continuation,0,False,False,False,16,False,True,False
True,2,False,0.0,False,2,False,True,0,fixed_n16,False,unnecessary_continuation,1,False,False,False,16,False,True,False
True,2,False,0.0,False,2,False,True,0,fixed_n16,False,unnecessary_continuation,3,False,False,False,16,False,True,False
True,2,False,0.0,False,2,False,True,0,fixed_n16,False,unnecessary_continuation,12,False,False,False,16,False,True,False
False,4,False,0.0,False,4,False,False,0,fixed_n16,False,unnecessary_continuation,14,False,False,True,16,False,True,False
True,2,False,0.0,False,2,False,True,0,fixed_n16,False,unnecessary_continuation,15,False,False,False,16,False,True,False
False,4,False,0.0,False,4,False,False,6,fixed_n16,False,unnecessary_continuation,17,False,False,False,16,False,True,True
True,2,False,0.0,False,2,False,True,0,fixed_n16,False,unnecessary_continuation,30,False,False,False,16,False,True,False
True,2,False,0.0,False,2,False,True,0,fixed_n16,False,unnecessary_continuation,31,False,False,False,16,False,True,False
True,2,True,0.1875,False,2,False,True,0,fixed_n16,False,unnecessary_continuation,51,False,False,False,16,False,True,False
True,2,False,0.0,False,2,False,True,0,fixed_n16,False,unnecessary_continuation,52,False,False,False,16,False,True,False
True,2,False,0.0,False,2,False,True,0,fixed_n16,False,unnecessary_continuation,59,False,False,False,16,False,True,False
False,4,True,0.5625,False,4,False,False,2,fixed_n16,False,unnecessary_continuation,60,False,False,False,16,False,True,True
True,2,False,0.0,False,2,False,True,0,fixed_n16,False,unnecessary_continuation,61,False,False,False,16,False,True,False
True,2,False,0.0,False,2,False,True,0,fixed_n16,False,unnecessary_continuation,66,False,False,False,16,False,True,False
True,2,False,0.0,False,2,False,True,0,fixed_n16,False,unnecessary_continuation,69,False,False,False,16,False,True,False
True,16,False,0.0,False,16,False,True,1,fixed_n16,False,unnecessary_continuation,71,False,False,False,16,False,True,False
True,2,False,0.0,False,2,False,True,0,fixed_n16,False,unnecessary_continuation,91,False,False,False,16,False,True,False
False,2,True,0.375,False,2,False,False,0,fixed_n16,False,unnecessary_continuation,94,False,False,True,16,False,True,False
False,2,True,0.6875,False,2,False,False,1,fixed_n16,False,unnecessary_continuation,96,False,False,False,16,False,True,False
True,2,False,0.0,False,2,False,True,0,fixed_n16,False,unnecessary_continuation,97,False,False,False,16,False,True,False
False,16,True,0.125,False,16,False,False,1,fixed_n16,False,unnecessary_continuation,100,False,False,False,16,False,True,False
True,2,True,0.0625,False,2,False,True,0,fixed_n16,False,unnecessary_continuation,111,False,False,False,16,False,True,False
False,2,True,0.4375,False,2,False,False,1,fixed_n16,False,unnecessary_continuation,123,False,False,False,16,False,True,False
True,16,False,0.0,False,16,False,True,3,fixed_n16,False,unnecessary_continuation,129,False,False,False,16,False,True,True
True,2,False,0.0,False,2,False,True,0,fixed_n16,False,unnecessary_continuation,133,False,False,False,16,False,True,False
True,2,False,0.0,False,2,False,True,0,fixed_n16,False,unnecessary_continuation,135,False,False,False,16,False,True,False
True,4,False,0.0,False,4,False,True,4,fixed_n16,False,unstable_trajectory,142,False,False,False,16,False,False,True
True,16,True,0.0625,False,16,False,True,2,fixed_n16,False,unnecessary_continuation,145,False,False,False,16,False,True,True
True,2,False,0.0,False,2,False,True,0,fixed_n16,False,unnecessary_continuation,151,False,False,False,16,False,True,False
False,16,False,0.0,False,16,False,False,2,fixed_n16,False,unnecessary_continuation,154,False,False,False,16,False,True,True
True,2,False,0.0,False,2,False,True,0,fixed_n16,False,unnecessary_continuation,161,False,False,False,16,False,True,False
True,2,False,0.0,False,2,False,True,0,fixed_n16,False,unnecessary_continuation,163,False,False,False,16,False,True,False
True,2,False,0.0,False,2,False,True,0,fixed_n16,False,unnecessary_continuation,165,False,False,False,16,False,True,False
True,2,False,0.0,False,2,False,True,0,fixed_n16,False,unnecessary_continuation,178,False,False,False,16,False,True,False
True,2,True,0.8125,False,2,False,True,0,fixed_n16,False,unnecessary_continuation,188,False,False,False,16,False,True,False
False,4,False,0.0,False,4,False,False,3,fixed_n16,False,unstable_trajectory,190,False,False,False,16,False,False,True
True,2,False,0.0,False,2,False,True,0,fixed_n16,False,unnecessary_continuation,191,False,False,False,16,False,True,False
True,2,False,0.0,False,2,False,True,0,fixed_n16,False,unnecessary_continuation,196,False,False,False,16,False,True,False
True,2,False,0.0,False,2,False,True,0,fixed_n16,False,unnecessary_continuation,200,False,False,False,16,False,True,False
True,2,False,0.0,False,2,False,True,0,fixed_n16,False,unnecessary_continuation,208,False,False,False,16,False,True,False
False,2,True,0.125,False,2,False,False,0,fixed_n16,False,unnecessary_continuation,213,False,False,True,16,False,True,False
False,16,True,0.0625,False,16,False,False,3,fixed_n16,False,unnecessary_continuation,214,False,False,False,16,False,True,True
True,2,False,0.0,False,2,False,True,0,fixed_n16,False,unnecessary_continuation,216,False,False,False,16,False,True,False
True,16,False,0.0,False,16,False,True,0,fixed_n16,False,unnecessary_continuation,219,False,False,False,16,False,True,False
False,2,True,0.25,False,2,False,False,0,fixed_n16,False,unnecessary_continuation,224,False,False,True,16,False,True,False
True,2,False,0.0,False,2,False,True,0,fixed_n16,False,unnecessary_continuation,226,False,False,False,16,False,True,False
True,2,False,0.0,False,2,False,True,0,fixed_n16,False,unnecessary_continuation,233,False,False,False,16,False,True,False
False,14,False,0.0,False,14,False,False,1,fixed_n16,False,unnecessary_continuation,240,False,False,False,16,False,True,False
True,2,False,0.0,False,2,False,True,0,fixed_n16,False,unnecessary_continuation,244,False,False,False,16,False,True,False
False,16,True,0.125,False,16,False,False,1,fixed_n16,False,unnecessary_continuation,245,False,False,False,16,False,True,False
True,2,False,0.0,False,2,False,True,0,fixed_n16,False,unnecessary_continuation,247,False,False,False,16,False,True,False
True,2,False,0.0,False,2,False,True,0,fixed_n16,False,unnecessary_continuation,250,False,False,False,16,False,True,False
True,2,False,0.0,False,2,False,True,0,fixed_n16,False,unnecessary_continuation,252,False,False,False,16,False,True,False
True,2,False,0.0,False,2,False,True,0,fixed_n16,False,unnecessary_continuation,258,False,False,False,16,False,True,False
True,2,False,0.0,False,2,False,True,0,fixed_n16,False,unnecessary_continuation,262,False,False,False,16,False,True,False
True,2,False,0.0,False,2,False,True,5,fixed_n16,False,unnecessary_continuation,266,False,False,False,16,False,True,True
True,2,False,0.0,False,2,False,True,0,fixed_n16,False,unnecessary_continuation,278,False,False,False,16,False,True,False
True,2,False,0.0,False,2,False,True,1,fixed_n16,False,unnecessary_continuation,279,False,False,False,16,False,True,False
False,4,True,0.0625,False,4,False,False,0,fixed_n16,False,unnecessary_continuation,295,False,False,True,16,False,True,False
True,2,True,0.25,False,2,False,True,3,fixed_n16,False,unnecessary_continuation,298,False,False,False,16,False,True,True
False,16,True,0.125,False,16,False,False,1,fixed_n16,False,unnecessary_continuation,306,False,False,False,16,False,True,False
True,2,False,0.0,False,2,False,True,0,fixed_n16,False,unnecessary_continuation,310,False,False,False,16,False,True,False
True,2,False,0.0,False,2,False,True,0,fixed_n16,False,unnecessary_continuation,316,False,False,False,16,False,True,False
True,2,False,0.0,False,2,False,True,0,fixed_n16,False,unnecessary_continuation,323,False,False,False,16,False,True,False
True,16,True,0.125,False,16,False,True,1,fixed_n16,False,unnecessary_continuation,324,False,False,False,16,False,True,False
True,2,False,0.0,False,2,False,True,0,fixed_n16,False,unnecessary_continuation,325,False,False,False,16,False,True,False
True,2,False,0.0,False,2,False,True,0,fixed_n16,False,unnecessary_continuation,330,False,False,False,16,False,True,False
True,2,False,0.0,False,2,False,True,0,fixed_n16,False,unnecessary_continuation,338,False,False,False,16,False,True,False
False,2,False,0.0,False,2,False,False,0,fixed_n16,False,unnecessary_continuation,349,False,False,True,16,False,True,False
True,2,False,0.0,False,2,False,True,0,fixed_n16,False,unnecessary_continuation,350,False,False,False,16,False,True,False
True,2,False,0.0,False,2,False,True,0,fixed_n16,False,unnecessary_continuation,353,False,False,False,16,False,True,False
False,16,False,0.0,False,16,False,False,2,fixed_n16,False,unnecessary_continuation,358,False,False,False,16,False,True,True
True,2,False,0.0,False,2,False,True,0,fixed_n16,False,unnecessary_continuation,364,False,False,False,16,False,True,False
False,2,False,0.0,False,2,False,False,0,fixed_n16,False,unnecessary_continuation,365,False,False,True,16,False,True,False
True,2,False,0.0,False,2,False,True,0,fixed_n16,False,unnecessary_continuation,366,False,False,False,16,False,True,False
True,2,False,0.0,False,2,False,True,0,fixed_n16,False,unnecessary_continuation,374,False,False,False,16,False,True,False
True,4,False,0.0,False,4,False,True,0,fixed_n16,False,unnecessary_continuation,382,False,False,False,16,False,True,False
True,16,False,0.0,False,16,False,True,1,fixed_n16,False,unnecessary_continuation,389,False,False,False,16,False,True,False
True,2,False,0.0,False,2,False,True,0,fixed_n16,False,unnecessary_continuation,396,False,False,False,16,False,True,False
True,2,False,0.0,False,2,False,True,0,fixed_n16,False,unnecessary_continuation,405,False,False,False,16,False,True,False
True,2,False,0.0,False,2,False,True,0,fixed_n16,False,unnecessary_continuation,409,False,False,False,16,False,True,False
True,2,False,0.0,False,2,False,True,0,fixed_n16,False,unnecessary_continuation,414,False,False,False,16,False,True,False
False,2,False,0.0,False,2,False,False,0,fixed_n16,False,unnecessary_continuation,420,False,False,True,16,False,True,False
False,2,False,0.0,False,2,False,False,5,fixed_n16,False,unstable_trajectory,423,False,False,False,16,False,False,True
True,2,False,0.0,False,2,False,True,0,fixed_n16,False,unnecessary_continuation,424,False,False,False,16,False,True,False
True,2,True,0.0625,False,2,False,True,0,fixed_n16,False,unnecessary_continuation,437,False,False,False,16,False,True,False
True,2,False,0.0,False,2,False,True,0,fixed_n16,False,unnecessary_continuation,443,False,False,False,16,False,True,False
True,2,False,0.0,False,2,False,True,0,fixed_n16,False,unnecessary_continuation,450,False,False,False,16,False,True,False
True,2,False,0.0,False,2,False,True,0,fixed_n16,False,unnecessary_continuation,455,False,False,False,16,False,True,False
True,2,False,0.0,False,2,False,True,0,fixed_n16,False,unnecessary_continuation,469,False,False,False,16,False,True,False
True,4,True,0.6875,False,4,False,True,2,fixed_n16,False,unnecessary_continuation,470,False,False,False,16,False,True,True
True,2,False,0.0,False,2,False,True,0,fixed_n16,False,unnecessary_continuation,474,False,False,False,16,False,True,False
True,2,False,0.0,False,2,False,True,0,fixed_n16,False,unnecessary_continuation,476,False,False,False,16,False,True,False
True,2,False,0.0,False,2,False,True,0,fixed_n16,False,unnecessary_continuation,480,False,False,False,16,False,True,False
False,16,True,0.3125,False,16,False,False,1,fixed_n16,False,unnecessary_continuation,481,False,False,False,16,False,True,False
True,2,True,0.6875,False,2,False,True,1,fixed_n16,False,unnecessary_continuation,485,False,False,False,16,False,True,False
True,4,False,0.0,False,4,False,True,0,fixed_n16,False,unnecessary_continuation,486,False,False,False,16,False,True,False
True,2,False,0.0,False,2,False,True,0,fixed_n16,False,unnecessary_continuation,488,False,False,False,16,False,True,False
False,2,True,0.125,False,2,False,False,0,fixed_n16,False,unnecessary_continuation,498,False,False,True,16,False,True,False
True,2,False,0.0,False,2,False,True,0,fixed_n1,False,safe_early_stop,0,False,True,False,1,False,False,False
True,2,False,0.0,False,2,False,True,0,fixed_n1,False,safe_early_stop,1,False,True,False,1,False,False,False
True,3,False,0.0,False,2,True,True,0,fixed_n1,False,safe_early_stop,2,False,True,False,1,False,False,False
True,2,False,0.0,False,2,False,True,0,fixed_n1,False,safe_early_stop,3,False,True,False,1,False,False,False
True,2,False,0.0,False,2,False,True,0,fixed_n1,False,safe_early_stop,4,False,True,False,1,False,False,False
True,3,False,0.0,False,2,True,True,0,fixed_n1,False,safe_early_stop,5,False,True,False,1,False,False,False
True,3,False,0.0,False,2,True,True,0,fixed_n1,False,safe_early_stop,6,False,True,False,1,False,False,False
False,10,False,0.0,False,10,False,True,1,fixed_n1,True,premature_stop_with_missed_recovery,7,False,False,False,1,False,False,False
True,2,False,0.0,False,2,False,True,0,fixed_n1,False,safe_early_stop,8,False,True,False,1,False,False,False
False,16,False,0.0,False,16,False,False,4,fixed_n1,False,unstable_trajectory,9,False,True,False,1,False,False,True
True,2,False,0.0,False,2,False,True,0,fixed_n1,False,safe_early_stop,10,False,True,False,1,False,False,False
False,16,True,1.0,False,2,True,False,0,fixed_n1,False,invalid_extraction_driven_uncertainty,11,False,True,True,1,False,False,False
True,2,False,0.0,False,2,False,True,0,fixed_n1,False,safe_early_stop,12,False,True,False,1,False,False,False
True,2,False,0.0,False,2,False,True,0,fixed_n1,False,safe_early_stop,13,False,True,False,1,False,False,False
False,4,False,0.0,False,4,False,False,0,fixed_n1,False,stable_wrong_trajectory,14,False,True,True,1,False,False,False
True,2,False,0.0,False,2,False,True,0,fixed_n1,False,safe_early_stop,15,False,True,False,1,False,False,False
True,2,False,0.0,False,2,False,True,0,fixed_n1,False,safe_early_stop,16,False,True,False,1,False,False,False
False,4,False,0.0,False,4,False,False,6,fixed_n1,False,unstable_trajectory,17,False,True,False,1,False,False,True
True,2,False,0.0,False,2,False,False,3,fixed_n1,False,regression_avoided,18,True,True,False,1,False,False,True
True,2,False,0.0,False,2,False,True,0,fixed_n1,False,safe_early_stop,19,False,True,False,1,False,False,False
True,2,False,0.0,False,2,False,True,0,fixed_n1,False,safe_early_stop,20,False,True,False,1,False,False,False
False,16,False,0.0,False,16,False,True,1,fixed_n1,True,premature_stop_with_missed_recovery,21,False,False,False,1,False,False,False
True,3,False,0.0,False,2,True,True,0,fixed_n1,False,safe_early_stop,22,False,True,False,1,False,False,False
True,3,False,0.0,False,2,True,True,0,fixed_n1,False,safe_early_stop,23,False,True,False,1,False,False,False
True,16,False,0.0,False,16,False,True,0,fixed_n1,False,safe_early_stop,24,False,True,False,1,False,False,False
False,2,True,1.0,False,2,False,False,1,fixed_n1,False,invalid_extraction_driven_uncertainty,25,False,True,False,1,False,False,False
False,16,False,0.0,False,16,False,False,0,fixed_n1,False,stable_wrong_trajectory,26,False,True,True,1,False,False,False
True,2,False,0.0,False,2,False,True,0,fixed_n1,False,safe_early_stop,27,False,True,False,1,False,False,False
True,2,False,0.0,False,2,False,True,0,fixed_n1,False,safe_early_stop,28,False,True,False,1,False,False,False
True,3,False,0.0,False,2,True,True,0,fixed_n1,False,safe_early_stop,29,False,True,False,1,False,False,False
True,2,False,0.0,False,2,False,True,0,fixed_n1,False,safe_early_stop,30,False,True,False,1,False,False,False
True,2,False,0.0,False,2,False,True,0,fixed_n1,False,safe_early_stop,31,False,True,False,1,False,False,False
True,3,False,0.0,False,2,True,True,0,fixed_n1,False,safe_early_stop,32,False,True,False,1,False,False,False
False,16,False,0.0,False,16,False,False,2,fixed_n1,False,unstable_trajectory,33,False,True,False,1,False,False,True
True,2,False,0.0,False,2,False,True,0,fixed_n1,False,safe_early_stop,34,False,True,False,1,False,False,False
True,2,False,0.0,False,2,False,True,0,fixed_n1,False,safe_early_stop,35,False,True,False,1,False,False,False
False,4,False,0.0,False,4,False,True,1,fixed_n1,True,premature_stop_with_missed_recovery,36,False,False,False,1,False,False,False
True,2,False,0.0,False,2,False,True,0,fixed_n1,False,safe_early_stop,37,False,True,False,1,False,False,False
True,2,False,0.0,False,2,False,True,0,fixed_n1,False,safe_early_stop,38,False,True,False,1,False,False,False
True,3,False,0.0,False,2,True,True,0,fixed_n1,False,safe_early_stop,39,False,True,False,1,False,False,False
True,2,False,0.0,False,2,False,True,0,fixed_n1,False,safe_early_stop,40,False,True,False,1,False,False,False
True,16,False,0.0,False,16,False,False,1,fixed_n1,False,regression_avoided,41,True,True,False,1,False,False,False
True,2,False,0.0,False,2,False,True,0,fixed_n1,False,safe_early_stop,42,False,True,False,1,False,False,False
False,10,False,0.0,False,4,True,False,1,fixed_n1,False,safe_early_stop,43,False,True,False,1,False,False,False
True,2,False,0.0,False,2,False,True,0,fixed_n1,False,safe_early_stop,44,False,True,False,1,False,False,False
True,2,False,0.0,False,2,False,True,0,fixed_n1,False,safe_early_stop,45,False,True,False,1,False,False,False
True,7,False,0.0,False,2,True,True,0,fixed_n1,False,safe_early_stop,46,False,True,False,1,False,False,False
True,2,False,0.0,False,2,False,True,0,fixed_n1,False,safe_early_stop,47,False,True,False,1,False,False,False
True,2,False,0.0,False,2,False,True,0,fixed_n1,False,safe_early_stop,48,False,True,False,1,False,False,False
True,2,False,0.0,False,2,False,True,0,fixed_n1,False,safe_early_stop,49,False,True,False,1,False,False,False
False,16,False,0.0,False,16,False,True,2,fixed_n1,True,premature_stop_with_missed_recovery,50,False,False,False,1,False,False,True
True,2,False,0.0,False,2,False,True,0,fixed_n1,False,safe_early_stop,51,False,True,False,1,False,False,False
True,2,False,0.0,False,2,False,True,0,fixed_n1,False,safe_early_stop,52,False,True,False,1,False,False,False
True,2,False,0.0,False,2,False,True,0,fixed_n1,False,safe_early_stop,53,False,True,False,1,False,False,False
True,2,False,0.0,False,2,False,True,0,fixed_n1,False,safe_early_stop,54,False,True,False,1,False,False,False
True,2,False,0.0,False,2,False,True,0,fixed_n1,False,safe_early_stop,55,False,True,False,1,False,False,False
True,2,False,0.0,False,2,False,True,0,fixed_n1,False,safe_early_stop,56,False,True,False,1,False,False,False
True,3,False,0.0,False,2,True,True,0,fixed_n1,False,safe_early_stop,57,False,True,False,1,False,False,False
True,5,False,0.0,False,2,True,True,0,fixed_n1,False,safe_early_stop,58,False,True,False,1,False,False,False
True,2,False,0.0,False,2,False,True,0,fixed_n1,False,safe_early_stop,59,False,True,False,1,False,False,False
False,4,True,1.0,False,4,False,False,2,fixed_n1,False,invalid_extraction_driven_uncertainty,60,False,True,False,1,False,False,True
True,2,False,0.0,False,2,False,True,0,fixed_n1,False,safe_early_stop,61,False,True,False,1,False,False,False
False,16,False,0.0,False,16,False,False,6,fixed_n1,False,unstable_trajectory,62,False,True,False,1,False,False,True
False,4,False,0.0,False,4,False,False,1,fixed_n1,False,safe_early_stop,63,False,True,False,1,False,False,False
False,2,True,1.0,False,2,False,True,1,fixed_n1,True,premature_stop_with_missed_recovery,64,False,False,False,1,False,False,False
True,2,False,0.0,False,2,False,True,0,fixed_n1,False,safe_early_stop,65,False,True,False,1,False,False,False
True,2,False,0.0,False,2,False,True,0,fixed_n1,False,safe_early_stop,66,False,True,False,1,False,False,False
True,4,False,0.0,False,4,False,True,0,fixed_n1,False,safe_early_stop,67,False,True,False,1,False,False,False
True,2,False,0.0,False,2,False,True,0,fixed_n1,False,safe_early_stop,68,False,True,False,1,False,False,False
True,2,False,0.0,False,2,False,True,0,fixed_n1,False,safe_early_stop,69,False,True,False,1,False,False,False
True,2,False,0.0,False,2,False,True,0,fixed_n1,False,safe_early_stop,70,False,True,False,1,False,False,False
False,16,False,0.0,False,16,False,True,1,fixed_n1,True,premature_stop_with_missed_recovery,71,False,False,False,1,False,False,False
True,2,False,0.0,False,2,False,True,0,fixed_n1,False,safe_early_stop,72,False,True,False,1,False,False,False
True,3,False,0.0,False,2,True,True,0,fixed_n1,False,safe_early_stop,73,False,True,False,1,False,False,False
True,2,False,0.0,False,2,False,True,0,fixed_n1,False,safe_early_stop,74,False,True,False,1,False,False,False
True,3,False,0.0,False,2,True,True,0,fixed_n1,False,safe_early_stop,75,False,True,False,1,False,False,False
True,2,False,0.0,False,2,False,True,0,fixed_n1,False,safe_early_stop,76,False,True,False,1,False,False,False
True,2,False,0.0,False,2,False,True,0,fixed_n1,False,safe_early_stop,77,False,True,False,1,False,False,False
True,2,False,0.0,False,2,False,True,0,fixed_n1,False,safe_early_stop,78,False,True,False,1,False,False,False
True,3,False,0.0,False,2,True,True,0,fixed_n1,False,safe_early_stop,79,False,True,False,1,False,False,False
False,2,False,0.0,False,2,False,False,0,fixed_n1,False,stable_wrong_trajectory,80,False,True,True,1,False,False,False
True,2,False,0.0,False,2,False,True,0,fixed_n1,False,safe_early_stop,81,False,True,False,1,False,False,False
False,16,False,0.0,False,16,False,True,3,fixed_n1,True,premature_stop_with_missed_recovery,82,False,False,False,1,False,False,True
True,3,False,0.0,False,2,True,True,0,fixed_n1,False,safe_early_stop,83,False,True,False,1,False,False,False
True,2,False,0.0,False,2,False,True,0,fixed_n1,False,safe_early_stop,84,False,True,False,1,False,False,False
True,2,False,0.0,False,2,False,True,0,fixed_n1,False,safe_early_stop,85,False,True,False,1,False,False,False
True,2,False,0.0,False,2,False,True,0,fixed_n1,False,safe_early_stop,86,False,True,False,1,False,False,False
True,3,False,0.0,False,2,True,True,0,fixed_n1,False,safe_early_stop,87,False,True,False,1,False,False,False
True,2,False,0.0,False,2,False,True,0,fixed_n1,False,safe_early_stop,88,False,True,False,1,False,False,False
False,7,False,0.0,False,4,True,True,1,fixed_n1,True,premature_stop_with_missed_recovery,89,False,False,False,1,False,False,False
False,2,False,0.0,False,2,False,False,0,fixed_n1,False,stable_wrong_trajectory,90,False,True,True,1,False,False,False
True,2,False,0.0,False,2,False,True,0,fixed_n1,False,safe_early_stop,91,False,True,False,1,False,False,False
True,3,False,0.0,False,2,True,True,0,fixed_n1,False,safe_early_stop,92,False,True,False,1,False,False,False
True,2,False,0.0,False,2,False,True,0,fixed_n1,False,safe_early_stop,93,False,True,False,1,False,False,False
False,2,True,1.0,False,2,False,False,0,fixed_n1,False,invalid_extraction_driven_uncertainty,94,False,True,True,1,False,False,False
True,2,False,0.0,False,2,False,True,0,fixed_n1,False,safe_early_stop,95,False,True,False,1,False,False,False
False,2,False,0.0,False,2,False,False,1,fixed_n1,False,safe_early_stop,96,False,True,False,1,False,False,False
True,2,False,0.0,False,2,False,True,0,fixed_n1,False,safe_early_stop,97,False,True,False,1,False,False,False
True,2,False,0.0,False,2,False,True,0,fixed_n1,False,safe_early_stop,98,False,True,False,1,False,False,False
False,5,True,1.0,False,2,True,False,0,fixed_n1,False,invalid_extraction_driven_uncertainty,99,False,True,True,1,False,False,False
False,16,False,0.0,False,16,False,False,1,fixed_n1,False,safe_early_stop,100,False,True,False,1,False,False,False
False,2,False,0.0,False,2,False,False,0,fixed_n1,False,stable_wrong_trajectory,101,False,True,True,1,False,False,False
True,2,False,0.0,False,2,False,True,0,fixed_n1,False,safe_early_stop,102,False,True,False,1,False,False,False
False,3,True,1.0,False,2,True,False,1,fixed_n1,False,invalid_extraction_driven_uncertainty,103,False,True,False,1,False,False,False
False,2,False,0.0,False,2,False,False,0,fixed_n1,False,stable_wrong_trajectory,104,False,True,True,1,False,False,False
False,16,False,0.0,False,16,False,False,2,fixed_n1,False,unstable_trajectory,105,False,True,False,1,False,False,True
True,3,False,0.0,False,2,True,True,0,fixed_n1,False,safe_early_stop,106,False,True,False,1,False,False,False
True,4,False,0.0,False,4,False,True,0,fixed_n1,False,safe_early_stop,107,False,True,False,1,False,False,False
True,4,False,0.0,False,4,False,True,0,fixed_n1,False,safe_early_stop,108,False,True,False,1,False,False,False
False,6,True,1.0,False,5,True,False,1,fixed_n1,False,invalid_extraction_driven_uncertainty,109,False,True,False,1,False,False,False
False,7,True,1.0,False,4,True,False,1,fixed_n1,False,invalid_extraction_driven_uncertainty,110,False,True,False,1,False,False,False
True,2,False,0.0,False,2,False,True,0,fixed_n1,False,safe_early_stop,111,False,True,False,1,False,False,False
False,5,False,0.0,False,4,True,True,1,fixed_n1,True,premature_stop_with_missed_recovery,112,False,False,False,1,False,False,False
True,3,False,0.0,False,2,True,True,0,fixed_n1,False,safe_early_stop,113,False,True,False,1,False,False,False
True,2,False,0.0,False,2,False,True,0,fixed_n1,False,safe_early_stop,114,False,True,False,1,False,False,False
False,16,False,0.0,False,16,False,False,0,fixed_n1,False,stable_wrong_trajectory,115,False,True,True,1,False,False,False
True,2,False,0.0,False,2,False,True,0,fixed_n1,False,safe_early_stop,116,False,True,False,1,False,False,False
True,2,False,0.0,False,2,False,True,0,fixed_n1,False,safe_early_stop,117,False,True,False,1,False,False,False
False,3,True,1.0,False,2,True,True,0,fixed_n1,True,premature_stop_with_missed_recovery,118,False,False,False,1,False,False,False
True,16,False,0.0,False,16,False,True,2,fixed_n1,False,unstable_trajectory,119,False,True,False,1,False,False,True
False,4,False,0.0,False,4,False,False,0,fixed_n1,False,stable_wrong_trajectory,120,False,True,True,1,False,False,False
True,2,False,0.0,False,2,False,True,0,fixed_n1,False,safe_early_stop,121,False,True,False,1,False,False,False
True,2,False,0.0,False,2,False,True,0,fixed_n1,False,safe_early_stop,122,False,True,False,1,False,False,False
False,2,True,1.0,False,2,False,False,1,fixed_n1,False,invalid_extraction_driven_uncertainty,123,False,True,False,1,False,False,False
True,2,False,0.0,False,2,False,True,0,fixed_n1,False,safe_early_stop,124,False,True,False,1,False,False,False
True,2,False,0.0,False,2,False,True,0,fixed_n1,False,safe_early_stop,125,False,True,False,1,False,False,False
False,2,False,0.0,False,2,False,False,0,fixed_n1,False,stable_wrong_trajectory,126,False,True,True,1,False,False,False
True,2,False,0.0,False,2,False,True,0,fixed_n1,False,safe_early_stop,127,False,True,False,1,False,False,False
True,2,False,0.0,False,2,False,True,0,fixed_n1,False,safe_early_stop,128,False,True,False,1,False,False,False
False,16,False,0.0,False,16,False,True,3,fixed_n1,True,premature_stop_with_missed_recovery,129,False,False,False,1,False,False,True
True,2,False,0.0,False,2,False,True,0,fixed_n1,False,safe_early_stop,130,False,True,False,1,False,False,False
True,2,False,0.0,False,2,False,True,0,fixed_n1,False,safe_early_stop,131,False,True,False,1,False,False,False
True,2,False,0.0,False,2,False,True,0,fixed_n1,False,safe_early_stop,132,False,True,False,1,False,False,False
True,2,False,0.0,False,2,False,True,0,fixed_n1,False,safe_early_stop,133,False,True,False,1,False,False,False
True,2,False,0.0,False,2,False,True,0,fixed_n1,False,safe_early_stop,134,False,True,False,1,False,False,False
True,2,False,0.0,False,2,False,True,0,fixed_n1,False,safe_early_stop,135,False,True,False,1,False,False,False
False,7,True,1.0,False,6,True,True,1,fixed_n1,True,premature_stop_with_missed_recovery,136,False,False,False,1,False,False,False
True,2,False,0.0,False,2,False,True,0,fixed_n1,False,safe_early_stop,137,False,True,False,1,False,False,False
False,16,True,1.0,False,2,True,False,2,fixed_n1,False,invalid_extraction_driven_uncertainty,138,False,True,False,1,False,False,True
True,3,False,0.0,False,2,True,True,0,fixed_n1,False,safe_early_stop,139,False,True,False,1,False,False,False
True,2,False,0.0,False,2,False,True,0,fixed_n1,False,safe_early_stop,140,False,True,False,1,False,False,False
True,2,False,0.0,False,2,False,True,0,fixed_n1,False,safe_early_stop,141,False,True,False,1,False,False,False
True,4,False,0.0,False,4,False,True,4,fixed_n1,False,unstable_trajectory,142,False,True,False,1,False,False,True
True,2,False,0.0,False,2,False,True,0,fixed_n1,False,safe_early_stop,143,False,True,False,1,False,False,False
True,2,False,0.0,False,2,False,True,0,fixed_n1,False,safe_early_stop,144,False,True,False,1,False,False,False
True,16,False,0.0,False,16,False,True,2,fixed_n1,False,unstable_trajectory,145,False,True,False,1,False,False,True
True,3,False,0.0,False,2,True,True,0,fixed_n1,False,safe_early_stop,146,False,True,False,1,False,False,False
True,16,False,0.0,False,16,False,False,3,fixed_n1,False,regression_avoided,147,True,True,False,1,False,False,True
True,2,False,0.0,False,2,False,True,0,fixed_n1,False,safe_early_stop,148,False,True,False,1,False,False,False
True,2,False,0.0,False,2,False,True,0,fixed_n1,False,safe_early_stop,149,False,True,False,1,False,False,False
False,4,True,1.0,False,3,True,False,1,fixed_n1,False,invalid_extraction_driven_uncertainty,150,False,True,False,1,False,False,False
True,2,False,0.0,False,2,False,True,0,fixed_n1,False,safe_early_stop,151,False,True,False,1,False,False,False
True,16,False,0.0,False,16,False,False,3,fixed_n1,False,regression_avoided,152,True,True,False,1,False,False,True
True,2,False,0.0,False,2,False,True,0,fixed_n1,False,safe_early_stop,153,False,True,False,1,False,False,False
False,16,False,0.0,False,16,False,False,2,fixed_n1,False,unstable_trajectory,154,False,True,False,1,False,False,True
True,3,False,0.0,False,2,True,True,0,fixed_n1,False,safe_early_stop,155,False,True,False,1,False,False,False
False,14,False,0.0,False,2,True,False,0,fixed_n1,False,stable_wrong_trajectory,156,False,True,True,1,False,False,False
True,2,False,0.0,False,2,False,True,0,fixed_n1,False,safe_early_stop,157,False,True,False,1,False,False,False
True,2,False,0.0,False,2,False,True,0,fixed_n1,False,safe_early_stop,158,False,True,False,1,False,False,False
True,2,False,0.0,False,2,False,True,0,fixed_n1,False,safe_early_stop,159,False,True,False,1,False,False,False
True,3,False,0.0,False,2,True,True,0,fixed_n1,False,safe_early_stop,160,False,True,False,1,False,False,False
True,2,False,0.0,False,2,False,True,0,fixed_n1,False,safe_early_stop,161,False,True,False,1,False,False,False
True,2,False,0.0,False,2,False,True,0,fixed_n1,False,safe_early_stop,162,False,True,False,1,False,False,False
True,2,False,0.0,False,2,False,True,0,fixed_n1,False,safe_early_stop,163,False,True,False,1,False,False,False
False,16,False,0.0,False,2,True,False,4,fixed_n1,False,unstable_trajectory,164,False,True,False,1,False,False,True
True,2,False,0.0,False,2,False,True,0,fixed_n1,False,safe_early_stop,165,False,True,False,1,False,False,False
False,10,False,0.0,False,10,False,True,1,fixed_n1,True,premature_stop_with_missed_recovery,166,False,False,False,1,False,False,False
True,2,False,0.0,False,2,False,True,0,fixed_n1,False,safe_early_stop,167,False,True,False,1,False,False,False
False,2,False,0.0,False,2,False,False,0,fixed_n1,False,stable_wrong_trajectory,168,False,True,True,1,False,False,False
True,3,False,0.0,False,2,True,True,0,fixed_n1,False,safe_early_stop,169,False,True,False,1,False,False,False
False,16,False,0.0,False,2,True,False,0,fixed_n1,False,stable_wrong_trajectory,170,False,True,True,1,False,False,False
True,2,False,0.0,False,2,False,True,0,fixed_n1,False,safe_early_stop,171,False,True,False,1,False,False,False
True,2,False,0.0,False,2,False,True,0,fixed_n1,False,safe_early_stop,172,False,True,False,1,False,False,False
True,2,False,0.0,False,2,False,True,0,fixed_n1,False,safe_early_stop,173,False,True,False,1,False,False,False
True,3,False,0.0,False,2,True,True,0,fixed_n1,False,safe_early_stop,174,False,True,False,1,False,False,False
True,3,False,0.0,False,2,True,True,0,fixed_n1,False,safe_early_stop,175,False,True,False,1,False,False,False
True,5,False,0.0,False,4,True,True,0,fixed_n1,False,safe_early_stop,176,False,True,False,1,False,False,False
False,2,False,0.0,False,2,False,False,0,fixed_n1,False,stable_wrong_trajectory,177,False,True,True,1,False,False,False
True,2,False,0.0,False,2,False,True,0,fixed_n1,False,safe_early_stop,178,False,True,False,1,False,False,False
True,2,False,0.0,False,2,False,True,0,fixed_n1,False,safe_early_stop,179,False,True,False,1,False,False,False
True,8,False,0.0,False,8,False,True,2,fixed_n1,False,unstable_trajectory,180,False,True,False,1,False,False,True
True,2,False,0.0,False,2,False,True,0,fixed_n1,False,safe_early_stop,181,False,True,False,1,False,False,False
True,2,False,0.0,False,2,False,True,0,fixed_n1,False,safe_early_stop,182,False,True,False,1,False,False,False
True,2,False,0.0,False,2,False,True,0,fixed_n1,False,safe_early_stop,183,False,True,False,1,False,False,False
False,16,False,0.0,False,16,False,False,1,fixed_n1,False,safe_early_stop,184,False,True,False,1,False,False,False
True,3,False,0.0,False,2,True,True,0,fixed_n1,False,safe_early_stop,185,False,True,False,1,False,False,False
True,3,False,0.0,False,2,True,True,0,fixed_n1,False,safe_early_stop,186,False,True,False,1,False,False,False
True,3,False,0.0,False,2,True,True,0,fixed_n1,False,safe_early_stop,187,False,True,False,1,False,False,False
True,2,False,0.0,False,2,False,True,0,fixed_n1,False,safe_early_stop,188,False,True,False,1,False,False,False
False,16,False,0.0,False,16,False,True,2,fixed_n1,True,premature_stop_with_missed_recovery,189,False,False,False,1,False,False,True
True,4,False,0.0,False,4,False,False,3,fixed_n1,False,regression_avoided,190,True,True,False,1,False,False,True
True,2,False,0.0,False,2,False,True,0,fixed_n1,False,safe_early_stop,191,False,True,False,1,False,False,False
True,2,False,0.0,False,2,False,True,0,fixed_n1,False,safe_early_stop,192,False,True,False,1,False,False,False
True,3,False,0.0,False,2,True,True,0,fixed_n1,False,safe_early_stop,193,False,True,False,1,False,False,False
True,2,False,0.0,False,2,False,True,0,fixed_n1,False,safe_early_stop,194,False,True,False,1,False,False,False
True,2,False,0.0,False,2,False,True,0,fixed_n1,False,safe_early_stop,195,False,True,False,1,False,False,False
True,2,False,0.0,False,2,False,True,0,fixed_n1,False,safe_early_stop,196,False,True,False,1,False,False,False
True,4,False,0.0,False,4,False,True,0,fixed_n1,False,safe_early_stop,197,False,True,False,1,False,False,False
True,2,False,0.0,False,2,False,True,0,fixed_n1,False,safe_early_stop,198,False,True,False,1,False,False,False
True,3,False,0.0,False,2,True,True,0,fixed_n1,False,safe_early_stop,199,False,True,False,1,False,False,False
True,2,False,0.0,False,2,False,True,0,fixed_n1,False,safe_early_stop,200,False,True,False,1,False,False,False
True,2,False,0.0,False,2,False,True,0,fixed_n1,False,safe_early_stop,201,False,True,False,1,False,False,False
True,2,False,0.0,False,2,False,True,0,fixed_n1,False,safe_early_stop,202,False,True,False,1,False,False,False
True,3,False,0.0,False,2,True,True,0,fixed_n1,False,safe_early_stop,203,False,True,False,1,False,False,False
False,16,False,0.0,False,4,True,False,1,fixed_n1,False,safe_early_stop,204,False,True,False,1,False,False,False
True,2,False,0.0,False,2,False,True,0,fixed_n1,False,safe_early_stop,205,False,True,False,1,False,False,False
True,2,False,0.0,False,2,False,True,0,fixed_n1,False,safe_early_stop,206,False,True,False,1,False,False,False
True,2,False,0.0,False,2,False,True,0,fixed_n1,False,safe_early_stop,207,False,True,False,1,False,False,False
True,2,False,0.0,False,2,False,True,0,fixed_n1,False,safe_early_stop,208,False,True,False,1,False,False,False
True,2,False,0.0,False,2,False,True,0,fixed_n1,False,safe_early_stop,209,False,True,False,1,False,False,False
True,16,False,0.0,False,16,False,True,2,fixed_n1,False,unstable_trajectory,210,False,True,False,1,False,False,True
True,2,False,0.0,False,2,False,True,0,fixed_n1,False,safe_early_stop,211,False,True,False,1,False,False,False
True,4,False,0.0,False,4,False,True,0,fixed_n1,False,safe_early_stop,212,False,True,False,1,False,False,False
False,2,False,0.0,False,2,False,False,0,fixed_n1,False,stable_wrong_trajectory,213,False,True,True,1,False,False,False
False,16,False,0.0,False,16,False,False,3,fixed_n1,False,unstable_trajectory,214,False,True,False,1,False,False,True
True,2,False,0.0,False,2,False,True,0,fixed_n1,False,safe_early_stop,215,False,True,False,1,False,False,False
True,2,False,0.0,False,2,False,True,0,fixed_n1,False,safe_early_stop,216,False,True,False,1,False,False,False
False,3,False,0.0,False,2,True,False,0,fixed_n1,False,stable_wrong_trajectory,217,False,True,True,1,False,False,False
True,2,False,0.0,False,2,False,True,0,fixed_n1,False,safe_early_stop,218,False,True,False,1,False,False,False
True,16,False,0.0,False,16,False,True,0,fixed_n1,False,safe_early_stop,219,False,True,False,1,False,False,False
False,2,False,0.0,False,2,False,False,0,fixed_n1,False,stable_wrong_trajectory,220,False,True,True,1,False,False,False
True,2,False,0.0,False,2,False,True,0,fixed_n1,False,safe_early_stop,221,False,True,False,1,False,False,False
False,4,False,0.0,False,4,False,False,1,fixed_n1,False,safe_early_stop,222,False,True,False,1,False,False,False
True,2,False,0.0,False,2,False,True,0,fixed_n1,False,safe_early_stop,223,False,True,False,1,False,False,False
False,2,False,0.0,False,2,False,False,0,fixed_n1,False,stable_wrong_trajectory,224,False,True,True,1,False,False,False
True,2,False,0.0,False,2,False,True,0,fixed_n1,False,safe_early_stop,225,False,True,False,1,False,False,False
True,2,False,0.0,False,2,False,True,0,fixed_n1,False,safe_early_stop,226,False,True,False,1,False,False,False
True,2,False,0.0,False,2,False,True,0,fixed_n1,False,safe_early_stop,227,False,True,False,1,False,False,False
False,14,False,0.0,False,14,False,True,1,fixed_n1,True,premature_stop_with_missed_recovery,228,False,False,False,1,False,False,False
True,2,False,0.0,False,2,False,True,0,fixed_n1,False,safe_early_stop,229,False,True,False,1,False,False,False
True,3,False,0.0,False,2,True,True,0,fixed_n1,False,safe_early_stop,230,False,True,False,1,False,False,False
True,2,False,0.0,False,2,False,True,0,fixed_n1,False,safe_early_stop,231,False,True,False,1,False,False,False
False,6,False,0.0,False,6,False,True,1,fixed_n1,True,premature_stop_with_missed_recovery,232,False,False,False,1,False,False,False
True,2,False,0.0,False,2,False,True,0,fixed_n1,False,safe_early_stop,233,False,True,False,1,False,False,False
False,8,False,0.0,True,2,True,True,1,fixed_n1,True,premature_stop_with_missed_recovery,234,False,False,False,1,True,False,False
True,3,False,0.0,False,2,True,True,0,fixed_n1,False,safe_early_stop,235,False,True,False,1,False,False,False
False,16,False,0.0,False,16,False,False,5,fixed_n1,False,unstable_trajectory,236,False,True,False,1,False,False,True
True,2,False,0.0,False,2,False,True,0,fixed_n1,False,safe_early_stop,237,False,True,False,1,False,False,False
True,2,False,0.0,False,2,False,True,0,fixed_n1,False,safe_early_stop,238,False,True,False,1,False,False,False
False,16,True,1.0,False,16,False,False,0,fixed_n1,False,invalid_extraction_driven_uncertainty,239,False,True,True,1,False,False,False
False,14,False,0.0,False,14,False,False,1,fixed_n1,False,safe_early_stop,240,False,True,False,1,False,False,False
True,2,False,0.0,False,2,False,True,0,fixed_n1,False,safe_early_stop,241,False,True,False,1,False,False,False
False,6,False,0.0,False,6,False,False,1,fixed_n1,False,safe_early_stop,242,False,True,False,1,False,False,False
True,2,False,0.0,False,2,False,True,0,fixed_n1,False,safe_early_stop,243,False,True,False,1,False,False,False
True,2,False,0.0,False,2,False,True,0,fixed_n1,False,safe_early_stop,244,False,True,False,1,False,False,False
False,16,False,0.0,False,16,False,False,1,fixed_n1,False,safe_early_stop,245,False,True,False,1,False,False,False
True,6,False,0.0,False,2,True,True,0,fixed_n1,False,safe_early_stop,246,False,True,False,1,False,False,False
True,2,False,0.0,False,2,False,True,0,fixed_n1,False,safe_early_stop,247,False,True,False,1,False,False,False
False,16,True,1.0,False,16,False,False,0,fixed_n1,False,invalid_extraction_driven_uncertainty,248,False,True,True,1,False,False,False
False,2,False,0.0,False,2,False,False,1,fixed_n1,False,safe_early_stop,249,False,True,False,1,False,False,False
True,2,False,0.0,False,2,False,True,0,fixed_n1,False,safe_early_stop,250,False,True,False,1,False,False,False
True,2,False,0.0,False,2,False,True,0,fixed_n1,False,safe_early_stop,251,False,True,False,1,False,False,False
True,2,False,0.0,False,2,False,True,0,fixed_n1,False,safe_early_stop,252,False,True,False,1,False,False,False
True,2,False,0.0,False,2,False,True,0,fixed_n1,False,safe_early_stop,253,False,True,False,1,False,False,False
True,2,False,0.0,False,2,False,True,0,fixed_n1,False,safe_early_stop,254,False,True,False,1,False,False,False
True,3,False,0.0,False,2,True,True,0,fixed_n1,False,safe_early_stop,255,False,True,False,1,False,False,False
True,2,False,0.0,False,2,False,True,0,fixed_n1,False,safe_early_stop,256,False,True,False,1,False,False,False
True,2,False,0.0,False,2,False,True,0,fixed_n1,False,safe_early_stop,257,False,True,False,1,False,False,False
True,2,False,0.0,False,2,False,True,0,fixed_n1,False,safe_early_stop,258,False,True,False,1,False,False,False
True,3,False,0.0,False,2,True,True,0,fixed_n1,False,safe_early_stop,259,False,True,False,1,False,False,False
True,2,False,0.0,False,2,False,True,0,fixed_n1,False,safe_early_stop,260,False,True,False,1,False,False,False
True,2,False,0.0,False,2,False,True,0,fixed_n1,False,safe_early_stop,261,False,True,False,1,False,False,False
True,2,False,0.0,False,2,False,True,0,fixed_n1,False,safe_early_stop,262,False,True,False,1,False,False,False
True,2,False,0.0,False,2,False,True,0,fixed_n1,False,safe_early_stop,263,False,True,False,1,False,False,False
False,2,False,0.0,False,2,False,False,0,fixed_n1,False,stable_wrong_trajectory,264,False,True,True,1,False,False,False
True,2,False,0.0,False,2,False,True,0,fixed_n1,False,safe_early_stop,265,False,True,False,1,False,False,False
False,2,False,0.0,False,2,False,True,5,fixed_n1,True,premature_stop_with_missed_recovery,266,False,False,False,1,False,False,True
False,10,False,0.0,False,10,False,True,1,fixed_n1,True,premature_stop_with_missed_recovery,267,False,False,False,1,False,False,False
True,2,False,0.0,False,2,False,True,0,fixed_n1,False,safe_early_stop,268,False,True,False,1,False,False,False
True,3,False,0.0,False,2,True,True,0,fixed_n1,False,safe_early_stop,269,False,True,False,1,False,False,False
True,2,False,0.0,False,2,False,True,0,fixed_n1,False,safe_early_stop,270,False,True,False,1,False,False,False
True,2,False,0.0,False,2,False,True,0,fixed_n1,False,safe_early_stop,271,False,True,False,1,False,False,False
True,2,False,0.0,False,2,False,True,2,fixed_n1,False,unstable_trajectory,272,False,True,False,1,False,False,True
True,2,False,0.0,False,2,False,True,0,fixed_n1,False,safe_early_stop,273,False,True,False,1,False,False,False
False,16,False,0.0,False,16,False,False,1,fixed_n1,False,safe_early_stop,274,False,True,False,1,False,False,False
True,2,False,0.0,False,2,False,True,0,fixed_n1,False,safe_early_stop,275,False,True,False,1,False,False,False
True,2,False,0.0,False,2,False,True,0,fixed_n1,False,safe_early_stop,276,False,True,False,1,False,False,False
True,2,False,0.0,False,2,False,True,0,fixed_n1,False,safe_early_stop,277,False,True,False,1,False,False,False
True,2,False,0.0,False,2,False,True,0,fixed_n1,False,safe_early_stop,278,False,True,False,1,False,False,False
False,2,False,0.0,False,2,False,True,1,fixed_n1,True,premature_stop_with_missed_recovery,279,False,False,False,1,False,False,False
True,3,False,0.0,False,2,True,True,0,fixed_n1,False,safe_early_stop,280,False,True,False,1,False,False,False
False,16,False,0.0,False,16,False,True,3,fixed_n1,True,premature_stop_with_missed_recovery,281,False,False,False,1,False,False,True
False,2,False,0.0,False,2,False,False,0,fixed_n1,False,stable_wrong_trajectory,282,False,True,True,1,False,False,False
True,2,False,0.0,False,2,False,True,0,fixed_n1,False,safe_early_stop,283,False,True,False,1,False,False,False
True,2,False,0.0,False,2,False,False,3,fixed_n1,False,regression_avoided,284,True,True,False,1,False,False,True
False,4,True,1.0,False,3,True,False,1,fixed_n1,False,invalid_extraction_driven_uncertainty,285,False,True,False,1,False,False,False
False,2,True,1.0,False,2,False,False,0,fixed_n1,False,invalid_extraction_driven_uncertainty,286,False,True,True,1,False,False,False
True,2,False,0.0,False,2,False,True,0,fixed_n1,False,safe_early_stop,287,False,True,False,1,False,False,False
False,2,False,0.0,False,2,False,False,0,fixed_n1,False,stable_wrong_trajectory,288,False,True,True,1,False,False,False
True,2,False,0.0,False,2,False,True,0,fixed_n1,False,safe_early_stop,289,False,True,False,1,False,False,False
True,11,False,0.0,False,11,False,True,0,fixed_n1,False,safe_early_stop,290,False,True,False,1,False,False,False
True,16,False,0.0,False,16,False,True,2,fixed_n1,False,unstable_trajectory,291,False,True,False,1,False,False,True
False,9,False,0.0,False,2,True,False,0,fixed_n1,False,stable_wrong_trajectory,292,False,True,True,1,False,False,False
True,2,False,0.0,False,2,False,True,0,fixed_n1,False,safe_early_stop,293,False,True,False,1,False,False,False
False,6,False,0.0,False,4,True,True,1,fixed_n1,True,premature_stop_with_missed_recovery,294,False,False,False,1,False,False,False
False,4,False,0.0,False,4,False,False,0,fixed_n1,False,stable_wrong_trajectory,295,False,True,True,1,False,False,False
False,2,False,0.0,False,2,False,False,0,fixed_n1,False,stable_wrong_trajectory,296,False,True,True,1,False,False,False
True,2,False,0.0,False,2,False,True,0,fixed_n1,False,safe_early_stop,297,False,True,False,1,False,False,False
False,2,False,0.0,False,2,False,True,3,fixed_n1,True,premature_stop_with_missed_recovery,298,False,False,False,1,False,False,True
True,2,False,0.0,False,2,False,True,0,fixed_n1,False,safe_early_stop,299,False,True,False,1,False,False,False
True,3,False,0.0,False,2,True,True,0,fixed_n1,False,safe_early_stop,300,False,True,False,1,False,False,False
False,3,False,0.0,False,2,True,False,0,fixed_n1,False,stable_wrong_trajectory,301,False,True,True,1,False,False,False
False,16,False,0.0,False,16,False,True,2,fixed_n1,True,premature_stop_with_missed_recovery,302,False,False,False,1,False,False,True
False,2,False,0.0,False,2,False,False,0,fixed_n1,False,stable_wrong_trajectory,303,False,True,True,1,False,False,False
True,4,False,0.0,False,2,True,True,0,fixed_n1,False,safe_early_stop,304,False,True,False,1,False,False,False
True,2,False,0.0,False,2,False,True,0,fixed_n1,False,safe_early_stop,305,False,True,False,1,False,False,False
False,16,False,0.0,False,16,False,False,1,fixed_n1,False,safe_early_stop,306,False,True,False,1,False,False,False
True,3,False,0.0,False,2,True,True,0,fixed_n1,False,safe_early_stop,307,False,True,False,1,False,False,False
False,16,False,0.0,False,16,False,False,2,fixed_n1,False,unstable_trajectory,308,False,True,False,1,False,False,True
False,16,False,0.0,False,16,False,False,3,fixed_n1,False,unstable_trajectory,309,False,True,False,1,False,False,True
True,2,False,0.0,False,2,False,True,0,fixed_n1,False,safe_early_stop,310,False,True,False,1,False,False,False
True,3,False,0.0,False,2,True,True,0,fixed_n1,False,safe_early_stop,311,False,True,False,1,False,False,False
True,2,False,0.0,False,2,False,True,0,fixed_n1,False,safe_early_stop,312,False,True,False,1,False,False,False
True,2,False,0.0,False,2,False,True,0,fixed_n1,False,safe_early_stop,313,False,True,False,1,False,False,False
True,2,False,0.0,False,2,False,True,0,fixed_n1,False,safe_early_stop,314,False,True,False,1,False,False,False
True,2,False,0.0,False,2,False,True,0,fixed_n1,False,safe_early_stop,315,False,True,False,1,False,False,False
True,2,False,0.0,False,2,False,True,0,fixed_n1,False,safe_early_stop,316,False,True,False,1,False,False,False
False,3,False,0.0,False,2,True,False,0,fixed_n1,False,stable_wrong_trajectory,317,False,True,True,1,False,False,False
True,3,False,0.0,False,2,True,True,0,fixed_n1,False,safe_early_stop,318,False,True,False,1,False,False,False
True,3,False,0.0,False,2,True,True,0,fixed_n1,False,safe_early_stop,319,False,True,False,1,False,False,False
True,2,False,0.0,False,2,False,True,0,fixed_n1,False,safe_early_stop,320,False,True,False,1,False,False,False
True,3,False,0.0,False,2,True,True,0,fixed_n1,False,safe_early_stop,321,False,True,False,1,False,False,False
True,2,False,0.0,False,2,False,True,0,fixed_n1,False,safe_early_stop,322,False,True,False,1,False,False,False
True,2,False,0.0,False,2,False,True,0,fixed_n1,False,safe_early_stop,323,False,True,False,1,False,False,False
False,16,False,0.0,False,16,False,True,1,fixed_n1,True,premature_stop_with_missed_recovery,324,False,False,False,1,False,False,False
True,2,False,0.0,False,2,False,True,0,fixed_n1,False,safe_early_stop,325,False,True,False,1,False,False,False
False,4,True,1.0,False,3,True,True,1,fixed_n1,True,premature_stop_with_missed_recovery,326,False,False,False,1,False,False,False
False,16,False,0.0,False,2,True,False,0,fixed_n1,False,stable_wrong_trajectory,327,False,True,True,1,False,False,False
True,4,False,0.0,False,4,False,True,0,fixed_n1,False,safe_early_stop,328,False,True,False,1,False,False,False
True,2,False,0.0,False,2,False,True,0,fixed_n1,False,safe_early_stop,329,False,True,False,1,False,False,False
True,2,False,0.0,False,2,False,True,0,fixed_n1,False,safe_early_stop,330,False,True,False,1,False,False,False
True,2,False,0.0,False,2,False,True,0,fixed_n1,False,safe_early_stop,331,False,True,False,1,False,False,False
True,16,False,0.0,False,16,False,True,6,fixed_n1,False,unstable_trajectory,332,False,True,False,1,False,False,True
False,4,True,1.0,False,2,True,True,0,fixed_n1,True,premature_stop_with_missed_recovery,333,False,False,False,1,False,False,False
True,2,False,0.0,False,2,False,True,0,fixed_n1,False,safe_early_stop,334,False,True,False,1,False,False,False
True,2,False,0.0,False,2,False,True,0,fixed_n1,False,safe_early_stop,335,False,True,False,1,False,False,False
True,2,False,0.0,False,2,False,True,0,fixed_n1,False,safe_early_stop,336,False,True,False,1,False,False,False
True,2,False,0.0,False,2,False,True,0,fixed_n1,False,safe_early_stop,337,False,True,False,1,False,False,False
True,2,False,0.0,False,2,False,True,0,fixed_n1,False,safe_early_stop,338,False,True,False,1,False,False,False
True,4,False,0.0,False,4,False,True,0,fixed_n1,False,safe_early_stop,339,False,True,False,1,False,False,False
False,16,True,1.0,False,16,False,False,0,fixed_n1,False,invalid_extraction_driven_uncertainty,340,False,True,True,1,False,False,False
True,3,False,0.0,False,2,True,True,0,fixed_n1,False,safe_early_stop,341,False,True,False,1,False,False,False
True,2,False,0.0,False,2,False,True,0,fixed_n1,False,safe_early_stop,342,False,True,False,1,False,False,False
True,2,False,0.0,False,2,False,True,0,fixed_n1,False,safe_early_stop,343,False,True,False,1,False,False,False
True,3,False,0.0,False,2,True,True,0,fixed_n1,False,safe_early_stop,344,False,True,False,1,False,False,False
True,2,False,0.0,False,2,False,True,0,fixed_n1,False,safe_early_stop,345,False,True,False,1,False,False,False
True,2,False,0.0,False,2,False,True,0,fixed_n1,False,safe_early_stop,346,False,True,False,1,False,False,False
True,2,False,0.0,False,2,False,True,0,fixed_n1,False,safe_early_stop,347,False,True,False,1,False,False,False
True,2,False,0.0,False,2,False,True,0,fixed_n1,False,safe_early_stop,348,False,True,False,1,False,False,False
False,2,False,0.0,False,2,False,False,0,fixed_n1,False,stable_wrong_trajectory,349,False,True,True,1,False,False,False
True,2,False,0.0,False,2,False,True,0,fixed_n1,False,safe_early_stop,350,False,True,False,1,False,False,False
False,2,False,0.0,False,2,False,False,0,fixed_n1,False,stable_wrong_trajectory,351,False,True,True,1,False,False,False
False,14,False,0.0,False,2,True,False,1,fixed_n1,False,safe_early_stop,352,False,True,False,1,False,False,False
True,2,False,0.0,False,2,False,True,0,fixed_n1,False,safe_early_stop,353,False,True,False,1,False,False,False
True,2,False,0.0,False,2,False,True,0,fixed_n1,False,safe_early_stop,354,False,True,False,1,False,False,False
False,16,False,0.0,False,16,False,False,1,fixed_n1,False,safe_early_stop,355,False,True,False,1,False,False,False
True,2,False,0.0,False,2,False,True,0,fixed_n1,False,safe_early_stop,356,False,True,False,1,False,False,False
False,16,False,0.0,False,16,False,True,1,fixed_n1,True,premature_stop_with_missed_recovery,357,False,False,False,1,False,False,False
False,16,False,0.0,False,16,False,False,2,fixed_n1,False,unstable_trajectory,358,False,True,False,1,False,False,True
True,2,False,0.0,False,2,False,True,0,fixed_n1,False,safe_early_stop,359,False,True,False,1,False,False,False
True,2,False,0.0,False,2,False,True,0,fixed_n1,False,safe_early_stop,360,False,True,False,1,False,False,False
True,3,False,0.0,False,2,True,True,0,fixed_n1,False,safe_early_stop,361,False,True,False,1,False,False,False
True,2,False,0.0,False,2,False,True,0,fixed_n1,False,safe_early_stop,362,False,True,False,1,False,False,False
True,3,False,0.0,False,2,True,True,0,fixed_n1,False,safe_early_stop,363,False,True,False,1,False,False,False
True,2,False,0.0,False,2,False,True,0,fixed_n1,False,safe_early_stop,364,False,True,False,1,False,False,False
False,2,False,0.0,False,2,False,False,0,fixed_n1,False,stable_wrong_trajectory,365,False,True,True,1,False,False,False
True,2,False,0.0,False,2,False,True,0,fixed_n1,False,safe_early_stop,366,False,True,False,1,False,False,False
True,2,False,0.0,False,2,False,True,0,fixed_n1,False,safe_early_stop,367,False,True,False,1,False,False,False
True,2,False,0.0,False,2,False,True,0,fixed_n1,False,safe_early_stop,368,False,True,False,1,False,False,False
False,2,False,0.0,False,2,False,False,1,fixed_n1,False,safe_early_stop,369,False,True,False,1,False,False,False
True,3,False,0.0,False,2,True,True,0,fixed_n1,False,safe_early_stop,370,False,True,False,1,False,False,False
False,16,False,0.0,False,16,False,True,5,fixed_n1,True,premature_stop_with_missed_recovery,371,False,False,False,1,False,False,True
False,16,False,0.0,False,16,False,False,4,fixed_n1,False,unstable_trajectory,372,False,True,False,1,False,False,True
True,2,False,0.0,False,2,False,True,0,fixed_n1,False,safe_early_stop,373,False,True,False,1,False,False,False
True,2,False,0.0,False,2,False,True,0,fixed_n1,False,safe_early_stop,374,False,True,False,1,False,False,False
True,3,False,0.0,False,2,True,True,0,fixed_n1,False,safe_early_stop,375,False,True,False,1,False,False,False
False,3,True,1.0,False,2,True,True,0,fixed_n1,True,premature_stop_with_missed_recovery,376,False,False,False,1,False,False,False
True,2,False,0.0,False,2,False,True,0,fixed_n1,False,safe_early_stop,377,False,True,False,1,False,False,False
True,4,False,0.0,False,4,False,True,0,fixed_n1,False,safe_early_stop,378,False,True,False,1,False,False,False
True,2,False,0.0,False,2,False,True,0,fixed_n1,False,safe_early_stop,379,False,True,False,1,False,False,False
False,16,False,0.0,True,2,True,True,1,fixed_n1,True,premature_stop_with_missed_recovery,380,False,False,False,1,True,False,False
False,16,False,0.0,False,16,False,False,0,fixed_n1,False,stable_wrong_trajectory,381,False,True,True,1,False,False,False
True,4,False,0.0,False,4,False,True,0,fixed_n1,False,safe_early_stop,382,False,True,False,1,False,False,False
True,2,False,0.0,False,2,False,True,0,fixed_n1,False,safe_early_stop,383,False,True,False,1,False,False,False
True,3,False,0.0,False,2,True,True,0,fixed_n1,False,safe_early_stop,384,False,True,False,1,False,False,False
False,2,False,0.0,False,2,False,True,1,fixed_n1,True,premature_stop_with_missed_recovery,385,False,False,False,1,False,False,False
True,2,False,0.0,False,2,False,True,0,fixed_n1,False,safe_early_stop,386,False,True,False,1,False,False,False
True,2,False,0.0,False,2,False,True,0,fixed_n1,False,safe_early_stop,387,False,True,False,1,False,False,False
True,16,False,0.0,False,16,False,True,3,fixed_n1,False,unstable_trajectory,388,False,True,False,1,False,False,True
False,16,False,0.0,False,16,False,True,1,fixed_n1,True,premature_stop_with_missed_recovery,389,False,False,False,1,False,False,False
False,4,False,0.0,False,4,False,True,1,fixed_n1,True,premature_stop_with_missed_recovery,390,False,False,False,1,False,False,False
True,2,False,0.0,False,2,False,True,0,fixed_n1,False,safe_early_stop,391,False,True,False,1,False,False,False
False,2,False,0.0,False,2,False,False,0,fixed_n1,False,stable_wrong_trajectory,392,False,True,True,1,False,False,False
True,2,False,0.0,False,2,False,True,0,fixed_n1,False,safe_early_stop,393,False,True,False,1,False,False,False
False,14,False,0.0,False,14,False,True,1,fixed_n1,True,premature_stop_with_missed_recovery,394,False,False,False,1,False,False,False
True,2,False,0.0,False,2,False,True,0,fixed_n1,False,safe_early_stop,395,False,True,False,1,False,False,False
True,2,False,0.0,False,2,False,True,0,fixed_n1,False,safe_early_stop,396,False,True,False,1,False,False,False
True,2,False,0.0,False,2,False,True,0,fixed_n1,False,safe_early_stop,397,False,True,False,1,False,False,False
False,16,False,0.0,False,16,False,False,1,fixed_n1,False,safe_early_stop,398,False,True,False,1,False,False,False
True,3,False,0.0,False,2,True,True,0,fixed_n1,False,safe_early_stop,399,False,True,False,1,False,False,False
True,16,False,0.0,False,16,False,True,6,fixed_n1,False,unstable_trajectory,400,False,True,False,1,False,False,True
False,6,True,1.0,False,6,False,False,1,fixed_n1,False,invalid_extraction_driven_uncertainty,401,False,True,False,1,False,False,False
True,2,False,0.0,False,2,False,True,0,fixed_n1,False,safe_early_stop,402,False,True,False,1,False,False,False
False,2,False,0.0,False,2,False,False,0,fixed_n1,False,stable_wrong_trajectory,403,False,True,True,1,False,False,False
True,2,False,0.0,False,2,False,True,0,fixed_n1,False,safe_early_stop,404,False,True,False,1,False,False,False
True,2,False,0.0,False,2,False,True,0,fixed_n1,False,safe_early_stop,405,False,True,False,1,False,False,False
True,2,False,0.0,False,2,False,True,0,fixed_n1,False,safe_early_stop,406,False,True,False,1,False,False,False
True,2,False,0.0,False,2,False,True,0,fixed_n1,False,safe_early_stop,407,False,True,False,1,False,False,False
False,10,True,1.0,False,10,False,True,1,fixed_n1,True,premature_stop_with_missed_recovery,408,False,False,False,1,False,False,False
True,2,False,0.0,False,2,False,True,0,fixed_n1,False,safe_early_stop,409,False,True,False,1,False,False,False
True,2,False,0.0,False,2,False,True,0,fixed_n1,False,safe_early_stop,410,False,True,False,1,False,False,False
True,3,False,0.0,False,2,True,True,0,fixed_n1,False,safe_early_stop,411,False,True,False,1,False,False,False
False,16,True,1.0,False,4,True,False,3,fixed_n1,False,invalid_extraction_driven_uncertainty,412,False,True,False,1,False,False,True
True,3,False,0.0,False,2,True,True,0,fixed_n1,False,safe_early_stop,413,False,True,False,1,False,False,False
True,2,False,0.0,False,2,False,True,0,fixed_n1,False,safe_early_stop,414,False,True,False,1,False,False,False
True,2,False,0.0,False,2,False,True,0,fixed_n1,False,safe_early_stop,415,False,True,False,1,False,False,False
True,2,False,0.0,False,2,False,True,0,fixed_n1,False,safe_early_stop,416,False,True,False,1,False,False,False
True,2,False,0.0,False,2,False,True,0,fixed_n1,False,safe_early_stop,417,False,True,False,1,False,False,False
True,2,False,0.0,False,2,False,True,0,fixed_n1,False,safe_early_stop,418,False,True,False,1,False,False,False
False,16,True,1.0,False,4,True,False,1,fixed_n1,False,invalid_extraction_driven_uncertainty,419,False,True,False,1,False,False,False
False,2,False,0.0,False,2,False,False,0,fixed_n1,False,stable_wrong_trajectory,420,False,True,True,1,False,False,False
True,2,False,0.0,False,2,False,True,0,fixed_n1,False,safe_early_stop,421,False,True,False,1,False,False,False
False,7,True,1.0,False,7,False,False,1,fixed_n1,False,invalid_extraction_driven_uncertainty,422,False,True,False,1,False,False,False
True,2,False,0.0,False,2,False,False,5,fixed_n1,False,regression_avoided,423,True,True,False,1,False,False,True
True,2,False,0.0,False,2,False,True,0,fixed_n1,False,safe_early_stop,424,False,True,False,1,False,False,False
False,16,False,0.0,False,16,False,True,1,fixed_n1,True,premature_stop_with_missed_recovery,425,False,False,False,1,False,False,False
True,2,False,0.0,False,2,False,True,0,fixed_n1,False,safe_early_stop,426,False,True,False,1,False,False,False
True,2,False,0.0,False,2,False,True,0,fixed_n1,False,safe_early_stop,427,False,True,False,1,False,False,False
True,4,False,0.0,False,4,False,True,0,fixed_n1,False,safe_early_stop,428,False,True,False,1,False,False,False
True,2,False,0.0,False,2,False,True,0,fixed_n1,False,safe_early_stop,429,False,True,False,1,False,False,False
True,2,False,0.0,False,2,False,True,0,fixed_n1,False,safe_early_stop,430,False,True,False,1,False,False,False
False,16,False,0.0,False,16,False,False,4,fixed_n1,False,unstable_trajectory,431,False,True,False,1,False,False,True
False,16,False,0.0,False,2,True,False,0,fixed_n1,False,stable_wrong_trajectory,432,False,True,True,1,False,False,False
True,3,False,0.0,False,2,True,True,0,fixed_n1,False,safe_early_stop,433,False,True,False,1,False,False,False
True,3,False,0.0,False,2,True,True,0,fixed_n1,False,safe_early_stop,434,False,True,False,1,False,False,False
True,2,False,0.0,False,2,False,True,0,fixed_n1,False,safe_early_stop,435,False,True,False,1,False,False,False
True,5,False,0.0,False,2,True,True,0,fixed_n1,False,safe_early_stop,436,False,True,False,1,False,False,False
True,2,False,0.0,False,2,False,True,0,fixed_n1,False,safe_early_stop,437,False,True,False,1,False,False,False
True,2,False,0.0,False,2,False,True,0,fixed_n1,False,safe_early_stop,438,False,True,False,1,False,False,False
True,2,False,0.0,False,2,False,True,0,fixed_n1,False,safe_early_stop,439,False,True,False,1,False,False,False
True,2,False,0.0,False,2,False,True,0,fixed_n1,False,safe_early_stop,440,False,True,False,1,False,False,False
True,2,False,0.0,False,2,False,True,0,fixed_n1,False,safe_early_stop,441,False,True,False,1,False,False,False
True,2,False,0.0,False,2,False,True,0,fixed_n1,False,safe_early_stop,442,False,True,False,1,False,False,False
True,2,False,0.0,False,2,False,True,0,fixed_n1,False,safe_early_stop,443,False,True,False,1,False,False,False
False,3,True,1.0,False,2,True,False,0,fixed_n1,False,invalid_extraction_driven_uncertainty,444,False,True,True,1,False,False,False
False,16,False,0.0,False,16,False,False,4,fixed_n1,False,unstable_trajectory,445,False,True,False,1,False,False,True
True,2,False,0.0,False,2,False,True,0,fixed_n1,False,safe_early_stop,446,False,True,False,1,False,False,False
True,4,False,0.0,False,4,False,True,0,fixed_n1,False,safe_early_stop,447,False,True,False,1,False,False,False
True,2,False,0.0,False,2,False,True,0,fixed_n1,False,safe_early_stop,448,False,True,False,1,False,False,False
True,2,False,0.0,False,2,False,True,0,fixed_n1,False,safe_early_stop,449,False,True,False,1,False,False,False
True,2,False,0.0,False,2,False,True,0,fixed_n1,False,safe_early_stop,450,False,True,False,1,False,False,False
True,2,False,0.0,False,2,False,True,0,fixed_n1,False,safe_early_stop,451,False,True,False,1,False,False,False
True,3,False,0.0,False,2,True,True,0,fixed_n1,False,safe_early_stop,452,False,True,False,1,False,False,False
True,2,False,0.0,False,2,False,True,0,fixed_n1,False,safe_early_stop,453,False,True,False,1,False,False,False
False,16,True,1.0,False,16,False,False,0,fixed_n1,False,invalid_extraction_driven_uncertainty,454,False,True,True,1,False,False,False
True,2,False,0.0,False,2,False,True,0,fixed_n1,False,safe_early_stop,455,False,True,False,1,False,False,False
True,2,False,0.0,False,2,False,True,0,fixed_n1,False,safe_early_stop,456,False,True,False,1,False,False,False
True,2,False,0.0,False,2,False,True,0,fixed_n1,False,safe_early_stop,457,False,True,False,1,False,False,False
True,3,False,0.0,False,2,True,True,0,fixed_n1,False,safe_early_stop,458,False,True,False,1,False,False,False
True,4,False,0.0,False,2,True,True,0,fixed_n1,False,safe_early_stop,459,False,True,False,1,False,False,False
True,16,False,0.0,False,4,True,False,3,fixed_n1,False,regression_avoided,460,True,True,False,1,False,False,True
True,2,False,0.0,False,2,False,True,0,fixed_n1,False,safe_early_stop,461,False,True,False,1,False,False,False
True,3,False,0.0,False,2,True,True,0,fixed_n1,False,safe_early_stop,462,False,True,False,1,False,False,False
True,3,False,0.0,False,2,True,True,0,fixed_n1,False,safe_early_stop,463,False,True,False,1,False,False,False
True,2,False,0.0,False,2,False,True,0,fixed_n1,False,safe_early_stop,464,False,True,False,1,False,False,False
True,2,False,0.0,False,2,False,True,0,fixed_n1,False,safe_early_stop,465,False,True,False,1,False,False,False
False,16,False,0.0,False,16,False,False,3,fixed_n1,False,unstable_trajectory,466,False,True,False,1,False,False,True
True,2,False,0.0,False,2,False,True,0,fixed_n1,False,safe_early_stop,467,False,True,False,1,False,False,False
True,2,False,0.0,False,2,False,True,0,fixed_n1,False,safe_early_stop,468,False,True,False,1,False,False,False
True,2,False,0.0,False,2,False,True,0,fixed_n1,False,safe_early_stop,469,False,True,False,1,False,False,False
False,4,True,1.0,False,4,False,True,2,fixed_n1,True,premature_stop_with_missed_recovery,470,False,False,False,1,False,False,True
True,3,False,0.0,False,2,True,True,0,fixed_n1,False,safe_early_stop,471,False,True,False,1,False,False,False
True,3,False,0.0,False,2,True,True,0,fixed_n1,False,safe_early_stop,472,False,True,False,1,False,False,False
False,4,False,0.0,False,4,False,True,3,fixed_n1,True,premature_stop_with_missed_recovery,473,False,False,False,1,False,False,True
True,2,False,0.0,False,2,False,True,0,fixed_n1,False,safe_early_stop,474,False,True,False,1,False,False,False
False,16,True,1.0,False,9,True,False,1,fixed_n1,False,invalid_extraction_driven_uncertainty,475,False,True,False,1,False,False,False
True,2,False,0.0,False,2,False,True,0,fixed_n1,False,safe_early_stop,476,False,True,False,1,False,False,False
True,10,False,0.0,False,10,False,True,0,fixed_n1,False,safe_early_stop,477,False,True,False,1,False,False,False
False,2,False,0.0,False,2,False,False,0,fixed_n1,False,stable_wrong_trajectory,478,False,True,True,1,False,False,False
True,3,False,0.0,False,2,True,True,0,fixed_n1,False,safe_early_stop,479,False,True,False,1,False,False,False
True,2,False,0.0,False,2,False,True,0,fixed_n1,False,safe_early_stop,480,False,True,False,1,False,False,False
False,16,False,0.0,False,16,False,False,1,fixed_n1,False,safe_early_stop,481,False,True,False,1,False,False,False
False,16,False,0.0,False,16,False,True,2,fixed_n1,True,premature_stop_with_missed_recovery,482,False,False,False,1,False,False,True
False,15,True,1.0,False,14,True,True,1,fixed_n1,True,premature_stop_with_missed_recovery,483,False,False,False,1,False,False,False
True,3,False,0.0,False,2,True,True,0,fixed_n1,False,safe_early_stop,484,False,True,False,1,False,False,False
False,2,True,1.0,False,2,False,True,1,fixed_n1,True,premature_stop_with_missed_recovery,485,False,False,False,1,False,False,False
True,4,False,0.0,False,4,False,True,0,fixed_n1,False,safe_early_stop,486,False,True,False,1,False,False,False
True,2,False,0.0,False,2,False,True,0,fixed_n1,False,safe_early_stop,487,False,True,False,1,False,False,False
True,2,False,0.0,False,2,False,True,0,fixed_n1,False,safe_early_stop,488,False,True,False,1,False,False,False
True,2,False,0.0,False,2,False,True,0,fixed_n1,False,safe_early_stop,489,False,True,False,1,False,False,False
False,16,False,0.0,False,16,False,False,0,fixed_n1,False,stable_wrong_trajectory,490,False,True,True,1,False,False,False
False,16,False,0.0,False,16,False,False,2,fixed_n1,False,unstable_trajectory,491,False,True,False,1,False,False,True
True,3,False,0.0,False,2,True,True,0,fixed_n1,False,safe_early_stop,492,False,True,False,1,False,False,False
True,2,False,0.0,False,2,False,True,0,fixed_n1,False,safe_early_stop,493,False,True,False,1,False,False,False
False,16,True,1.0,False,2,True,False,1,fixed_n1,False,invalid_extraction_driven_uncertainty,494,False,True,False,1,False,False,False
True,2,False,0.0,False,2,False,True,0,fixed_n1,False,safe_early_stop,495,False,True,False,1,False,False,False
True,2,False,0.0,False,2,False,True,0,fixed_n1,False,safe_early_stop,496,False,True,False,1,False,False,False
False,16,False,0.0,False,16,False,False,1,fixed_n1,False,safe_early_stop,497,False,True,False,1,False,False,False
False,2,False,0.0,False,2,False,False,0,fixed_n1,False,stable_wrong_trajectory,498,False,True,True,1,False,False,False
True,2,False,0.0,False,2,False,True,0,fixed_n1,False,safe_early_stop,499,False,True,False,1,False,False,False
True,2,False,0.0,False,2,False,True,0,fixed_n2,False,safe_early_stop,0,False,True,False,2,False,False,False
True,2,False,0.0,False,2,False,True,0,fixed_n2,False,safe_early_stop,1,False,True,False,2,False,False,False
True,3,False,0.0,False,2,True,True,0,fixed_n2,False,safe_early_stop,2,False,True,False,2,False,False,False
True,2,False,0.0,False,2,False,True,0,fixed_n2,False,safe_early_stop,3,False,True,False,2,False,False,False
True,2,False,0.0,False,2,False,True,0,fixed_n2,False,safe_early_stop,4,False,True,False,2,False,False,False
True,3,False,0.0,False,2,True,True,0,fixed_n2,False,safe_early_stop,5,False,True,False,2,False,False,False
True,3,False,0.0,False,2,True,True,0,fixed_n2,False,safe_early_stop,6,False,True,False,2,False,False,False
False,10,False,0.0,False,10,False,True,1,fixed_n2,True,premature_stop_with_missed_recovery,7,False,False,False,2,False,False,False
True,2,False,0.0,False,2,False,True,0,fixed_n2,False,safe_early_stop,8,False,True,False,2,False,False,False
False,16,False,0.0,False,16,False,False,4,fixed_n2,False,unstable_trajectory,9,False,True,False,2,False,False,True
True,2,False,0.0,False,2,False,True,0,fixed_n2,False,safe_early_stop,10,False,True,False,2,False,False,False
False,16,True,0.5,False,2,True,False,0,fixed_n2,False,invalid_extraction_driven_uncertainty,11,False,True,True,2,False,False,False
True,2,False,0.0,False,2,False,True,0,fixed_n2,False,safe_early_stop,12,False,True,False,2,False,False,False
True,2,False,0.0,False,2,False,True,0,fixed_n2,False,safe_early_stop,13,False,True,False,2,False,False,False
False,4,False,0.0,False,4,False,False,0,fixed_n2,False,stable_wrong_trajectory,14,False,True,True,2,False,False,False
True,2,False,0.0,False,2,False,True,0,fixed_n2,False,safe_early_stop,15,False,True,False,2,False,False,False
True,2,False,0.0,False,2,False,True,0,fixed_n2,False,safe_early_stop,16,False,True,False,2,False,False,False
False,4,False,0.0,False,4,False,False,6,fixed_n2,False,unstable_trajectory,17,False,True,False,2,False,False,True
True,2,False,0.0,False,2,False,False,3,fixed_n2,False,regression_avoided,18,True,True,False,2,False,False,True
True,2,False,0.0,False,2,False,True,0,fixed_n2,False,safe_early_stop,19,False,True,False,2,False,False,False
True,2,False,0.0,False,2,False,True,0,fixed_n2,False,safe_early_stop,20,False,True,False,2,False,False,False
False,16,False,0.0,False,16,False,True,1,fixed_n2,True,premature_stop_with_missed_recovery,21,False,False,False,2,False,False,False
True,3,False,0.0,False,2,True,True,0,fixed_n2,False,safe_early_stop,22,False,True,False,2,False,False,False
True,3,False,0.0,False,2,True,True,0,fixed_n2,False,safe_early_stop,23,False,True,False,2,False,False,False
True,16,False,0.0,False,16,False,True,0,fixed_n2,False,safe_early_stop,24,False,True,False,2,False,False,False
False,2,True,0.5,False,2,False,False,1,fixed_n2,False,invalid_extraction_driven_uncertainty,25,False,True,False,2,False,False,False
False,16,False,0.0,False,16,False,False,0,fixed_n2,False,stable_wrong_trajectory,26,False,True,True,2,False,False,False
True,2,False,0.0,False,2,False,True,0,fixed_n2,False,safe_early_stop,27,False,True,False,2,False,False,False
True,2,False,0.0,False,2,False,True,0,fixed_n2,False,safe_early_stop,28,False,True,False,2,False,False,False
True,3,False,0.0,False,2,True,True,0,fixed_n2,False,safe_early_stop,29,False,True,False,2,False,False,False
True,2,False,0.0,False,2,False,True,0,fixed_n2,False,safe_early_stop,30,False,True,False,2,False,False,False
True,2,False,0.0,False,2,False,True,0,fixed_n2,False,safe_early_stop,31,False,True,False,2,False,False,False
True,3,False,0.0,False,2,True,True,0,fixed_n2,False,safe_early_stop,32,False,True,False,2,False,False,False
False,16,False,0.0,False,16,False,False,2,fixed_n2,False,unstable_trajectory,33,False,True,False,2,False,False,True
True,2,False,0.0,False,2,False,True,0,fixed_n2,False,safe_early_stop,34,False,True,False,2,False,False,False
True,2,False,0.0,False,2,False,True,0,fixed_n2,False,safe_early_stop,35,False,True,False,2,False,False,False
False,4,False,0.0,False,4,False,True,1,fixed_n2,True,premature_stop_with_missed_recovery,36,False,False,False,2,False,False,False
True,2,False,0.0,False,2,False,True,0,fixed_n2,False,safe_early_stop,37,False,True,False,2,False,False,False
True,2,False,0.0,False,2,False,True,0,fixed_n2,False,safe_early_stop,38,False,True,False,2,False,False,False
True,3,False,0.0,False,2,True,True,0,fixed_n2,False,safe_early_stop,39,False,True,False,2,False,False,False
True,2,False,0.0,False,2,False,True,0,fixed_n2,False,safe_early_stop,40,False,True,False,2,False,False,False
True,16,False,0.0,False,16,False,False,1,fixed_n2,False,regression_avoided,41,True,True,False,2,False,False,False
True,2,False,0.0,False,2,False,True,0,fixed_n2,False,safe_early_stop,42,False,True,False,2,False,False,False
False,10,False,0.0,False,4,True,False,1,fixed_n2,False,safe_early_stop,43,False,True,False,2,False,False,False
True,2,False,0.0,False,2,False,True,0,fixed_n2,False,safe_early_stop,44,False,True,False,2,False,False,False
True,2,False,0.0,False,2,False,True,0,fixed_n2,False,safe_early_stop,45,False,True,False,2,False,False,False
True,7,True,0.5,False,2,True,True,0,fixed_n2,False,invalid_extraction_driven_uncertainty,46,False,True,False,2,False,False,False
True,2,False,0.0,False,2,False,True,0,fixed_n2,False,safe_early_stop,47,False,True,False,2,False,False,False
True,2,False,0.0,False,2,False,True,0,fixed_n2,False,safe_early_stop,48,False,True,False,2,False,False,False
True,2,False,0.0,False,2,False,True,0,fixed_n2,False,safe_early_stop,49,False,True,False,2,False,False,False
False,16,False,0.0,False,16,False,True,2,fixed_n2,True,premature_stop_with_missed_recovery,50,False,False,False,2,False,False,True
True,2,False,0.0,False,2,False,True,0,fixed_n2,False,safe_early_stop,51,False,True,False,2,False,False,False
True,2,False,0.0,False,2,False,True,0,fixed_n2,False,safe_early_stop,52,False,True,False,2,False,False,False
True,2,False,0.0,False,2,False,True,0,fixed_n2,False,safe_early_stop,53,False,True,False,2,False,False,False
True,2,False,0.0,False,2,False,True,0,fixed_n2,False,safe_early_stop,54,False,True,False,2,False,False,False
True,2,False,0.0,False,2,False,True,0,fixed_n2,False,safe_early_stop,55,False,True,False,2,False,False,False
True,2,False,0.0,False,2,False,True,0,fixed_n2,False,safe_early_stop,56,False,True,False,2,False,False,False
True,3,False,0.0,False,2,True,True,0,fixed_n2,False,safe_early_stop,57,False,True,False,2,False,False,False
True,5,False,0.0,False,2,True,True,0,fixed_n2,False,safe_early_stop,58,False,True,False,2,False,False,False
True,2,False,0.0,False,2,False,True,0,fixed_n2,False,safe_early_stop,59,False,True,False,2,False,False,False
False,4,True,1.0,False,4,False,False,2,fixed_n2,False,invalid_extraction_driven_uncertainty,60,False,True,False,2,False,False,True
True,2,False,0.0,False,2,False,True,0,fixed_n2,False,safe_early_stop,61,False,True,False,2,False,False,False
False,16,False,0.0,False,16,False,False,6,fixed_n2,False,unstable_trajectory,62,False,True,False,2,False,False,True
False,4,False,0.0,False,4,False,False,1,fixed_n2,False,safe_early_stop,63,False,True,False,2,False,False,False
False,2,True,0.5,False,2,False,True,1,fixed_n2,True,premature_stop_with_missed_recovery,64,False,False,False,2,False,False,False
True,2,False,0.0,False,2,False,True,0,fixed_n2,False,safe_early_stop,65,False,True,False,2,False,False,False
True,2,False,0.0,False,2,False,True,0,fixed_n2,False,safe_early_stop,66,False,True,False,2,False,False,False
True,4,False,0.0,False,4,False,True,0,fixed_n2,False,safe_early_stop,67,False,True,False,2,False,False,False
True,2,False,0.0,False,2,False,True,0,fixed_n2,False,safe_early_stop,68,False,True,False,2,False,False,False
True,2,False,0.0,False,2,False,True,0,fixed_n2,False,safe_early_stop,69,False,True,False,2,False,False,False
True,2,False,0.0,False,2,False,True,0,fixed_n2,False,safe_early_stop,70,False,True,False,2,False,False,False
False,16,False,0.0,False,16,False,True,1,fixed_n2,True,premature_stop_with_missed_recovery,71,False,False,False,2,False,False,False
True,2,False,0.0,False,2,False,True,0,fixed_n2,False,safe_early_stop,72,False,True,False,2,False,False,False
True,3,False,0.0,False,2,True,True,0,fixed_n2,False,safe_early_stop,73,False,True,False,2,False,False,False
True,2,False,0.0,False,2,False,True,0,fixed_n2,False,safe_early_stop,74,False,True,False,2,False,False,False
True,3,False,0.0,False,2,True,True,0,fixed_n2,False,safe_early_stop,75,False,True,False,2,False,False,False
True,2,False,0.0,False,2,False,True,0,fixed_n2,False,safe_early_stop,76,False,True,False,2,False,False,False
True,2,False,0.0,False,2,False,True,0,fixed_n2,False,safe_early_stop,77,False,True,False,2,False,False,False
True,2,False,0.0,False,2,False,True,0,fixed_n2,False,safe_early_stop,78,False,True,False,2,False,False,False
True,3,False,0.0,False,2,True,True,0,fixed_n2,False,safe_early_stop,79,False,True,False,2,False,False,False
False,2,False,0.0,False,2,False,False,0,fixed_n2,False,stable_wrong_trajectory,80,False,True,True,2,False,False,False
True,2,False,0.0,False,2,False,True,0,fixed_n2,False,safe_early_stop,81,False,True,False,2,False,False,False
False,16,False,0.0,False,16,False,True,3,fixed_n2,True,premature_stop_with_missed_recovery,82,False,False,False,2,False,False,True
True,3,False,0.0,False,2,True,True,0,fixed_n2,False,safe_early_stop,83,False,True,False,2,False,False,False
True,2,False,0.0,False,2,False,True,0,fixed_n2,False,safe_early_stop,84,False,True,False,2,False,False,False
True,2,False,0.0,False,2,False,True,0,fixed_n2,False,safe_early_stop,85,False,True,False,2,False,False,False
True,2,False,0.0,False,2,False,True,0,fixed_n2,False,safe_early_stop,86,False,True,False,2,False,False,False
True,3,False,0.0,False,2,True,True,0,fixed_n2,False,safe_early_stop,87,False,True,False,2,False,False,False
True,2,False,0.0,False,2,False,True,0,fixed_n2,False,safe_early_stop,88,False,True,False,2,False,False,False
False,7,False,0.0,False,4,True,True,1,fixed_n2,True,premature_stop_with_missed_recovery,89,False,False,False,2,False,False,False
False,2,False,0.0,False,2,False,False,0,fixed_n2,False,stable_wrong_trajectory,90,False,True,True,2,False,False,False
True,2,False,0.0,False,2,False,True,0,fixed_n2,False,safe_early_stop,91,False,True,False,2,False,False,False
True,3,False,0.0,False,2,True,True,0,fixed_n2,False,safe_early_stop,92,False,True,False,2,False,False,False
True,2,False,0.0,False,2,False,True,0,fixed_n2,False,safe_early_stop,93,False,True,False,2,False,False,False
False,2,True,0.5,False,2,False,False,0,fixed_n2,False,invalid_extraction_driven_uncertainty,94,False,True,True,2,False,False,False
True,2,False,0.0,False,2,False,True,0,fixed_n2,False,safe_early_stop,95,False,True,False,2,False,False,False
False,2,True,0.5,False,2,False,False,1,fixed_n2,False,invalid_extraction_driven_uncertainty,96,False,True,False,2,False,False,False
True,2,False,0.0,False,2,False,True,0,fixed_n2,False,safe_early_stop,97,False,True,False,2,False,False,False
True,2,False,0.0,False,2,False,True,0,fixed_n2,False,safe_early_stop,98,False,True,False,2,False,False,False
False,5,True,0.5,False,2,True,False,0,fixed_n2,False,invalid_extraction_driven_uncertainty,99,False,True,True,2,False,False,False
False,16,False,0.0,False,16,False,False,1,fixed_n2,False,safe_early_stop,100,False,True,False,2,False,False,False
False,2,True,0.5,False,2,False,False,0,fixed_n2,False,invalid_extraction_driven_uncertainty,101,False,True,True,2,False,False,False
True,2,False,0.0,False,2,False,True,0,fixed_n2,False,safe_early_stop,102,False,True,False,2,False,False,False
False,3,True,0.5,False,2,True,False,1,fixed_n2,False,invalid_extraction_driven_uncertainty,103,False,True,False,2,False,False,False
False,2,False,0.0,False,2,False,False,0,fixed_n2,False,stable_wrong_trajectory,104,False,True,True,2,False,False,False
False,16,False,0.0,False,16,False,False,2,fixed_n2,False,unstable_trajectory,105,False,True,False,2,False,False,True
True,3,False,0.0,False,2,True,True,0,fixed_n2,False,safe_early_stop,106,False,True,False,2,False,False,False
True,4,False,0.0,False,4,False,True,0,fixed_n2,False,safe_early_stop,107,False,True,False,2,False,False,False
True,4,False,0.0,False,4,False,True,0,fixed_n2,False,safe_early_stop,108,False,True,False,2,False,False,False
False,6,True,1.0,False,5,True,False,1,fixed_n2,False,invalid_extraction_driven_uncertainty,109,False,True,False,2,False,False,False
False,7,True,1.0,False,4,True,False,1,fixed_n2,False,invalid_extraction_driven_uncertainty,110,False,True,False,2,False,False,False
True,2,False,0.0,False,2,False,True,0,fixed_n2,False,safe_early_stop,111,False,True,False,2,False,False,False
False,5,False,0.0,False,4,True,True,1,fixed_n2,True,premature_stop_with_missed_recovery,112,False,False,False,2,False,False,False
True,3,False,0.0,False,2,True,True,0,fixed_n2,False,safe_early_stop,113,False,True,False,2,False,False,False
True,2,False,0.0,False,2,False,True,0,fixed_n2,False,safe_early_stop,114,False,True,False,2,False,False,False
False,16,False,0.0,False,16,False,False,0,fixed_n2,False,stable_wrong_trajectory,115,False,True,True,2,False,False,False
True,2,False,0.0,False,2,False,True,0,fixed_n2,False,safe_early_stop,116,False,True,False,2,False,False,False
True,2,False,0.0,False,2,False,True,0,fixed_n2,False,safe_early_stop,117,False,True,False,2,False,False,False
True,3,True,0.5,False,2,True,True,0,fixed_n2,False,invalid_extraction_driven_uncertainty,118,False,True,False,2,False,False,False
True,16,False,0.0,False,16,False,True,2,fixed_n2,False,unstable_trajectory,119,False,True,False,2,False,False,True
False,4,False,0.0,False,4,False,False,0,fixed_n2,False,stable_wrong_trajectory,120,False,True,True,2,False,False,False
True,2,False,0.0,False,2,False,True,0,fixed_n2,False,safe_early_stop,121,False,True,False,2,False,False,False
True,2,False,0.0,False,2,False,True,0,fixed_n2,False,safe_early_stop,122,False,True,False,2,False,False,False
True,2,True,0.5,False,2,False,False,1,fixed_n2,False,regression_avoided,123,True,True,False,2,False,False,False
True,2,False,0.0,False,2,False,True,0,fixed_n2,False,safe_early_stop,124,False,True,False,2,False,False,False
True,2,False,0.0,False,2,False,True,0,fixed_n2,False,safe_early_stop,125,False,True,False,2,False,False,False
False,2,True,0.5,False,2,False,False,0,fixed_n2,False,invalid_extraction_driven_uncertainty,126,False,True,True,2,False,False,False
True,2,False,0.0,False,2,False,True,0,fixed_n2,False,safe_early_stop,127,False,True,False,2,False,False,False
True,2,False,0.0,False,2,False,True,0,fixed_n2,False,safe_early_stop,128,False,True,False,2,False,False,False
False,16,False,0.0,False,16,False,True,3,fixed_n2,True,premature_stop_with_missed_recovery,129,False,False,False,2,False,False,True
True,2,False,0.0,False,2,False,True,0,fixed_n2,False,safe_early_stop,130,False,True,False,2,False,False,False
True,2,False,0.0,False,2,False,True,0,fixed_n2,False,safe_early_stop,131,False,True,False,2,False,False,False
True,2,False,0.0,False,2,False,True,0,fixed_n2,False,safe_early_stop,132,False,True,False,2,False,False,False
True,2,False,0.0,False,2,False,True,0,fixed_n2,False,safe_early_stop,133,False,True,False,2,False,False,False
True,2,False,0.0,False,2,False,True,0,fixed_n2,False,safe_early_stop,134,False,True,False,2,False,False,False
True,2,False,0.0,False,2,False,True,0,fixed_n2,False,safe_early_stop,135,False,True,False,2,False,False,False
False,7,True,1.0,False,6,True,True,1,fixed_n2,True,premature_stop_with_missed_recovery,136,False,False,False,2,False,False,False
True,2,False,0.0,False,2,False,True,0,fixed_n2,False,safe_early_stop,137,False,True,False,2,False,False,False
False,16,True,0.5,False,2,True,False,2,fixed_n2,False,invalid_extraction_driven_uncertainty,138,False,True,False,2,False,False,True
True,3,False,0.0,False,2,True,True,0,fixed_n2,False,safe_early_stop,139,False,True,False,2,False,False,False
True,2,False,0.0,False,2,False,True,0,fixed_n2,False,safe_early_stop,140,False,True,False,2,False,False,False
True,2,False,0.0,False,2,False,True,0,fixed_n2,False,safe_early_stop,141,False,True,False,2,False,False,False
True,4,False,0.0,False,4,False,True,4,fixed_n2,False,unstable_trajectory,142,False,True,False,2,False,False,True
True,2,False,0.0,False,2,False,True,0,fixed_n2,False,safe_early_stop,143,False,True,False,2,False,False,False
True,2,False,0.0,False,2,False,True,0,fixed_n2,False,safe_early_stop,144,False,True,False,2,False,False,False
True,16,False,0.0,False,16,False,True,2,fixed_n2,False,unstable_trajectory,145,False,True,False,2,False,False,True
True,3,False,0.0,False,2,True,True,0,fixed_n2,False,safe_early_stop,146,False,True,False,2,False,False,False
True,16,False,0.0,False,16,False,False,3,fixed_n2,False,regression_avoided,147,True,True,False,2,False,False,True
True,2,False,0.0,False,2,False,True,0,fixed_n2,False,safe_early_stop,148,False,True,False,2,False,False,False
True,2,False,0.0,False,2,False,True,0,fixed_n2,False,safe_early_stop,149,False,True,False,2,False,False,False
False,4,True,1.0,False,3,True,False,1,fixed_n2,False,invalid_extraction_driven_uncertainty,150,False,True,False,2,False,False,False
True,2,False,0.0,False,2,False,True,0,fixed_n2,False,safe_early_stop,151,False,True,False,2,False,False,False
True,16,False,0.0,False,16,False,False,3,fixed_n2,False,regression_avoided,152,True,True,False,2,False,False,True
True,2,False,0.0,False,2,False,True,0,fixed_n2,False,safe_early_stop,153,False,True,False,2,False,False,False
False,16,False,0.0,False,16,False,False,2,fixed_n2,False,unstable_trajectory,154,False,True,False,2,False,False,True
True,3,False,0.0,False,2,True,True,0,fixed_n2,False,safe_early_stop,155,False,True,False,2,False,False,False
False,14,False,0.0,False,2,True,False,0,fixed_n2,False,stable_wrong_trajectory,156,False,True,True,2,False,False,False
True,2,False,0.0,False,2,False,True,0,fixed_n2,False,safe_early_stop,157,False,True,False,2,False,False,False
True,2,False,0.0,False,2,False,True,0,fixed_n2,False,safe_early_stop,158,False,True,False,2,False,False,False
True,2,False,0.0,False,2,False,True,0,fixed_n2,False,safe_early_stop,159,False,True,False,2,False,False,False
True,3,False,0.0,False,2,True,True,0,fixed_n2,False,safe_early_stop,160,False,True,False,2,False,False,False
True,2,False,0.0,False,2,False,True,0,fixed_n2,False,safe_early_stop,161,False,True,False,2,False,False,False
True,2,False,0.0,False,2,False,True,0,fixed_n2,False,safe_early_stop,162,False,True,False,2,False,False,False
True,2,False,0.0,False,2,False,True,0,fixed_n2,False,safe_early_stop,163,False,True,False,2,False,False,False
False,16,False,0.0,False,2,True,False,4,fixed_n2,False,unstable_trajectory,164,False,True,False,2,False,False,True
True,2,False,0.0,False,2,False,True,0,fixed_n2,False,safe_early_stop,165,False,True,False,2,False,False,False
False,10,False,0.0,False,10,False,True,1,fixed_n2,True,premature_stop_with_missed_recovery,166,False,False,False,2,False,False,False
True,2,False,0.0,False,2,False,True,0,fixed_n2,False,safe_early_stop,167,False,True,False,2,False,False,False
False,2,True,0.5,False,2,False,False,0,fixed_n2,False,invalid_extraction_driven_uncertainty,168,False,True,True,2,False,False,False
True,3,False,0.0,False,2,True,True,0,fixed_n2,False,safe_early_stop,169,False,True,False,2,False,False,False
False,16,True,0.5,False,2,True,False,0,fixed_n2,False,invalid_extraction_driven_uncertainty,170,False,True,True,2,False,False,False
True,2,False,0.0,False,2,False,True,0,fixed_n2,False,safe_early_stop,171,False,True,False,2,False,False,False
True,2,False,0.0,False,2,False,True,0,fixed_n2,False,safe_early_stop,172,False,True,False,2,False,False,False
True,2,False,0.0,False,2,False,True,0,fixed_n2,False,safe_early_stop,173,False,True,False,2,False,False,False
True,3,False,0.0,False,2,True,True,0,fixed_n2,False,safe_early_stop,174,False,True,False,2,False,False,False
True,3,False,0.0,False,2,True,True,0,fixed_n2,False,safe_early_stop,175,False,True,False,2,False,False,False
True,5,False,0.0,False,4,True,True,0,fixed_n2,False,safe_early_stop,176,False,True,False,2,False,False,False
False,2,False,0.0,False,2,False,False,0,fixed_n2,False,stable_wrong_trajectory,177,False,True,True,2,False,False,False
True,2,False,0.0,False,2,False,True,0,fixed_n2,False,safe_early_stop,178,False,True,False,2,False,False,False
True,2,True,0.5,False,2,False,True,0,fixed_n2,False,invalid_extraction_driven_uncertainty,179,False,True,False,2,False,False,False
True,8,False,0.0,False,8,False,True,2,fixed_n2,False,unstable_trajectory,180,False,True,False,2,False,False,True
True,2,False,0.0,False,2,False,True,0,fixed_n2,False,safe_early_stop,181,False,True,False,2,False,False,False
True,2,False,0.0,False,2,False,True,0,fixed_n2,False,safe_early_stop,182,False,True,False,2,False,False,False
True,2,False,0.0,False,2,False,True,0,fixed_n2,False,safe_early_stop,183,False,True,False,2,False,False,False
False,16,False,0.0,False,16,False,False,1,fixed_n2,False,safe_early_stop,184,False,True,False,2,False,False,False
True,3,False,0.0,False,2,True,True,0,fixed_n2,False,safe_early_stop,185,False,True,False,2,False,False,False
True,3,False,0.0,False,2,True,True,0,fixed_n2,False,safe_early_stop,186,False,True,False,2,False,False,False
True,3,False,0.0,False,2,True,True,0,fixed_n2,False,safe_early_stop,187,False,True,False,2,False,False,False
True,2,False,0.0,False,2,False,True,0,fixed_n2,False,safe_early_stop,188,False,True,False,2,False,False,False
False,16,False,0.0,False,16,False,True,2,fixed_n2,True,premature_stop_with_missed_recovery,189,False,False,False,2,False,False,True
True,4,False,0.0,False,4,False,False,3,fixed_n2,False,regression_avoided,190,True,True,False,2,False,False,True
True,2,False,0.0,False,2,False,True,0,fixed_n2,False,safe_early_stop,191,False,True,False,2,False,False,False
True,2,False,0.0,False,2,False,True,0,fixed_n2,False,safe_early_stop,192,False,True,False,2,False,False,False
True,3,False,0.0,False,2,True,True,0,fixed_n2,False,safe_early_stop,193,False,True,False,2,False,False,False
True,2,False,0.0,False,2,False,True,0,fixed_n2,False,safe_early_stop,194,False,True,False,2,False,False,False
True,2,False,0.0,False,2,False,True,0,fixed_n2,False,safe_early_stop,195,False,True,False,2,False,False,False
True,2,False,0.0,False,2,False,True,0,fixed_n2,False,safe_early_stop,196,False,True,False,2,False,False,False
True,4,False,0.0,False,4,False,True,0,fixed_n2,False,safe_early_stop,197,False,True,False,2,False,False,False
True,2,False,0.0,False,2,False,True,0,fixed_n2,False,safe_early_stop,198,False,True,False,2,False,False,False
True,3,False,0.0,False,2,True,True,0,fixed_n2,False,safe_early_stop,199,False,True,False,2,False,False,False
True,2,False,0.0,False,2,False,True,0,fixed_n2,False,safe_early_stop,200,False,True,False,2,False,False,False
True,2,False,0.0,False,2,False,True,0,fixed_n2,False,safe_early_stop,201,False,True,False,2,False,False,False
True,2,False,0.0,False,2,False,True,0,fixed_n2,False,safe_early_stop,202,False,True,False,2,False,False,False
True,3,False,0.0,False,2,True,True,0,fixed_n2,False,safe_early_stop,203,False,True,False,2,False,False,False
False,16,False,0.0,False,4,True,False,1,fixed_n2,False,safe_early_stop,204,False,True,False,2,False,False,False
True,2,False,0.0,False,2,False,True,0,fixed_n2,False,safe_early_stop,205,False,True,False,2,False,False,False
True,2,False,0.0,False,2,False,True,0,fixed_n2,False,safe_early_stop,206,False,True,False,2,False,False,False
True,2,False,0.0,False,2,False,True,0,fixed_n2,False,safe_early_stop,207,False,True,False,2,False,False,False
True,2,False,0.0,False,2,False,True,0,fixed_n2,False,safe_early_stop,208,False,True,False,2,False,False,False
True,2,False,0.0,False,2,False,True,0,fixed_n2,False,safe_early_stop,209,False,True,False,2,False,False,False
True,16,False,0.0,False,16,False,True,2,fixed_n2,False,unstable_trajectory,210,False,True,False,2,False,False,True
True,2,False,0.0,False,2,False,True,0,fixed_n2,False,safe_early_stop,211,False,True,False,2,False,False,False
True,4,False,0.0,False,4,False,True,0,fixed_n2,False,safe_early_stop,212,False,True,False,2,False,False,False
False,2,True,0.5,False,2,False,False,0,fixed_n2,False,invalid_extraction_driven_uncertainty,213,False,True,True,2,False,False,False
False,16,False,0.0,False,16,False,False,3,fixed_n2,False,unstable_trajectory,214,False,True,False,2,False,False,True
True,2,False,0.0,False,2,False,True,0,fixed_n2,False,safe_early_stop,215,False,True,False,2,False,False,False
True,2,False,0.0,False,2,False,True,0,fixed_n2,False,safe_early_stop,216,False,True,False,2,False,False,False
False,3,False,0.0,False,2,True,False,0,fixed_n2,False,stable_wrong_trajectory,217,False,True,True,2,False,False,False
True,2,False,0.0,False,2,False,True,0,fixed_n2,False,safe_early_stop,218,False,True,False,2,False,False,False
True,16,False,0.0,False,16,False,True,0,fixed_n2,False,safe_early_stop,219,False,True,False,2,False,False,False
False,2,False,0.0,False,2,False,False,0,fixed_n2,False,stable_wrong_trajectory,220,False,True,True,2,False,False,False
True,2,False,0.0,False,2,False,True,0,fixed_n2,False,safe_early_stop,221,False,True,False,2,False,False,False
False,4,False,0.0,False,4,False,False,1,fixed_n2,False,safe_early_stop,222,False,True,False,2,False,False,False
True,2,False,0.0,False,2,False,True,0,fixed_n2,False,safe_early_stop,223,False,True,False,2,False,False,False
False,2,True,0.5,False,2,False,False,0,fixed_n2,False,invalid_extraction_driven_uncertainty,224,False,True,True,2,False,False,False
True,2,False,0.0,False,2,False,True,0,fixed_n2,False,safe_early_stop,225,False,True,False,2,False,False,False
True,2,False,0.0,False,2,False,True,0,fixed_n2,False,safe_early_stop,226,False,True,False,2,False,False,False
True,2,False,0.0,False,2,False,True,0,fixed_n2,False,safe_early_stop,227,False,True,False,2,False,False,False
False,14,False,0.0,False,14,False,True,1,fixed_n2,True,premature_stop_with_missed_recovery,228,False,False,False,2,False,False,False
True,2,False,0.0,False,2,False,True,0,fixed_n2,False,safe_early_stop,229,False,True,False,2,False,False,False
True,3,False,0.0,False,2,True,True,0,fixed_n2,False,safe_early_stop,230,False,True,False,2,False,False,False
True,2,False,0.0,False,2,False,True,0,fixed_n2,False,safe_early_stop,231,False,True,False,2,False,False,False
False,6,False,0.0,False,6,False,True,1,fixed_n2,True,premature_stop_with_missed_recovery,232,False,False,False,2,False,False,False
True,2,False,0.0,False,2,False,True,0,fixed_n2,False,safe_early_stop,233,False,True,False,2,False,False,False
False,8,False,0.0,True,2,True,True,1,fixed_n2,True,premature_stop_with_missed_recovery,234,False,False,False,2,True,False,False
True,3,False,0.0,False,2,True,True,0,fixed_n2,False,safe_early_stop,235,False,True,False,2,False,False,False
False,16,False,0.0,False,16,False,False,5,fixed_n2,False,unstable_trajectory,236,False,True,False,2,False,False,True
True,2,False,0.0,False,2,False,True,0,fixed_n2,False,safe_early_stop,237,False,True,False,2,False,False,False
True,2,False,0.0,False,2,False,True,0,fixed_n2,False,safe_early_stop,238,False,True,False,2,False,False,False
False,16,True,1.0,False,16,False,False,0,fixed_n2,False,invalid_extraction_driven_uncertainty,239,False,True,True,2,False,False,False
False,14,False,0.0,False,14,False,False,1,fixed_n2,False,safe_early_stop,240,False,True,False,2,False,False,False
True,2,False,0.0,False,2,False,True,0,fixed_n2,False,safe_early_stop,241,False,True,False,2,False,False,False
False,6,False,0.0,False,6,False,False,1,fixed_n2,False,safe_early_stop,242,False,True,False,2,False,False,False
True,2,False,0.0,False,2,False,True,0,fixed_n2,False,safe_early_stop,243,False,True,False,2,False,False,False
True,2,False,0.0,False,2,False,True,0,fixed_n2,False,safe_early_stop,244,False,True,False,2,False,False,False
False,16,False,0.0,False,16,False,False,1,fixed_n2,False,safe_early_stop,245,False,True,False,2,False,False,False
True,6,False,0.0,False,2,True,True,0,fixed_n2,False,safe_early_stop,246,False,True,False,2,False,False,False
True,2,False,0.0,False,2,False,True,0,fixed_n2,False,safe_early_stop,247,False,True,False,2,False,False,False
False,16,True,1.0,False,16,False,False,0,fixed_n2,False,invalid_extraction_driven_uncertainty,248,False,True,True,2,False,False,False
False,2,True,0.5,False,2,False,False,1,fixed_n2,False,invalid_extraction_driven_uncertainty,249,False,True,False,2,False,False,False
True,2,False,0.0,False,2,False,True,0,fixed_n2,False,safe_early_stop,250,False,True,False,2,False,False,False
True,2,False,0.0,False,2,False,True,0,fixed_n2,False,safe_early_stop,251,False,True,False,2,False,False,False
True,2,False,0.0,False,2,False,True,0,fixed_n2,False,safe_early_stop,252,False,True,False,2,False,False,False
True,2,False,0.0,False,2,False,True,0,fixed_n2,False,safe_early_stop,253,False,True,False,2,False,False,False
True,2,False,0.0,False,2,False,True,0,fixed_n2,False,safe_early_stop,254,False,True,False,2,False,False,False
True,3,False,0.0,False,2,True,True,0,fixed_n2,False,safe_early_stop,255,False,True,False,2,False,False,False
True,2,False,0.0,False,2,False,True,0,fixed_n2,False,safe_early_stop,256,False,True,False,2,False,False,False
True,2,False,0.0,False,2,False,True,0,fixed_n2,False,safe_early_stop,257,False,True,False,2,False,False,False
True,2,False,0.0,False,2,False,True,0,fixed_n2,False,safe_early_stop,258,False,True,False,2,False,False,False
True,3,False,0.0,False,2,True,True,0,fixed_n2,False,safe_early_stop,259,False,True,False,2,False,False,False
True,2,False,0.0,False,2,False,True,0,fixed_n2,False,safe_early_stop,260,False,True,False,2,False,False,False
True,2,False,0.0,False,2,False,True,0,fixed_n2,False,safe_early_stop,261,False,True,False,2,False,False,False
True,2,False,0.0,False,2,False,True,0,fixed_n2,False,safe_early_stop,262,False,True,False,2,False,False,False
True,2,False,0.0,False,2,False,True,0,fixed_n2,False,safe_early_stop,263,False,True,False,2,False,False,False
False,2,False,0.0,False,2,False,False,0,fixed_n2,False,stable_wrong_trajectory,264,False,True,True,2,False,False,False
True,2,False,0.0,False,2,False,True,0,fixed_n2,False,safe_early_stop,265,False,True,False,2,False,False,False
False,2,False,0.0,False,2,False,True,5,fixed_n2,True,premature_stop_with_missed_recovery,266,False,False,False,2,False,False,True
False,10,False,0.0,False,10,False,True,1,fixed_n2,True,premature_stop_with_missed_recovery,267,False,False,False,2,False,False,False
True,2,False,0.0,False,2,False,True,0,fixed_n2,False,safe_early_stop,268,False,True,False,2,False,False,False
True,3,False,0.0,False,2,True,True,0,fixed_n2,False,safe_early_stop,269,False,True,False,2,False,False,False
True,2,False,0.0,False,2,False,True,0,fixed_n2,False,safe_early_stop,270,False,True,False,2,False,False,False
True,2,False,0.0,False,2,False,True,0,fixed_n2,False,safe_early_stop,271,False,True,False,2,False,False,False
True,2,False,0.0,False,2,False,True,2,fixed_n2,False,unstable_trajectory,272,False,True,False,2,False,False,True
True,2,False,0.0,False,2,False,True,0,fixed_n2,False,safe_early_stop,273,False,True,False,2,False,False,False
False,16,False,0.0,False,16,False,False,1,fixed_n2,False,safe_early_stop,274,False,True,False,2,False,False,False
True,2,False,0.0,False,2,False,True,0,fixed_n2,False,safe_early_stop,275,False,True,False,2,False,False,False
True,2,False,0.0,False,2,False,True,0,fixed_n2,False,safe_early_stop,276,False,True,False,2,False,False,False
True,2,False,0.0,False,2,False,True,0,fixed_n2,False,safe_early_stop,277,False,True,False,2,False,False,False
True,2,False,0.0,False,2,False,True,0,fixed_n2,False,safe_early_stop,278,False,True,False,2,False,False,False
False,2,False,0.0,False,2,False,True,1,fixed_n2,True,premature_stop_with_missed_recovery,279,False,False,False,2,False,False,False
True,3,False,0.0,False,2,True,True,0,fixed_n2,False,safe_early_stop,280,False,True,False,2,False,False,False
False,16,False,0.0,False,16,False,True,3,fixed_n2,True,premature_stop_with_missed_recovery,281,False,False,False,2,False,False,True
False,2,False,0.0,False,2,False,False,0,fixed_n2,False,stable_wrong_trajectory,282,False,True,True,2,False,False,False
True,2,False,0.0,False,2,False,True,0,fixed_n2,False,safe_early_stop,283,False,True,False,2,False,False,False
True,2,False,0.0,False,2,False,False,3,fixed_n2,False,regression_avoided,284,True,True,False,2,False,False,True
False,4,True,1.0,False,3,True,False,1,fixed_n2,False,invalid_extraction_driven_uncertainty,285,False,True,False,2,False,False,False
False,2,True,0.5,False,2,False,False,0,fixed_n2,False,invalid_extraction_driven_uncertainty,286,False,True,True,2,False,False,False
True,2,False,0.0,False,2,False,True,0,fixed_n2,False,safe_early_stop,287,False,True,False,2,False,False,False
False,2,True,0.5,False,2,False,False,0,fixed_n2,False,invalid_extraction_driven_uncertainty,288,False,True,True,2,False,False,False
True,2,False,0.0,False,2,False,True,0,fixed_n2,False,safe_early_stop,289,False,True,False,2,False,False,False
True,11,False,0.0,False,11,False,True,0,fixed_n2,False,safe_early_stop,290,False,True,False,2,False,False,False
True,16,False,0.0,False,16,False,True,2,fixed_n2,False,unstable_trajectory,291,False,True,False,2,False,False,True
False,9,True,0.5,False,2,True,False,0,fixed_n2,False,invalid_extraction_driven_uncertainty,292,False,True,True,2,False,False,False
True,2,False,0.0,False,2,False,True,0,fixed_n2,False,safe_early_stop,293,False,True,False,2,False,False,False
False,6,False,0.0,False,4,True,True,1,fixed_n2,True,premature_stop_with_missed_recovery,294,False,False,False,2,False,False,False
False,4,False,0.0,False,4,False,False,0,fixed_n2,False,stable_wrong_trajectory,295,False,True,True,2,False,False,False
False,2,False,0.0,False,2,False,False,0,fixed_n2,False,stable_wrong_trajectory,296,False,True,True,2,False,False,False
True,2,False,0.0,False,2,False,True,0,fixed_n2,False,safe_early_stop,297,False,True,False,2,False,False,False
False,2,True,0.5,False,2,False,True,3,fixed_n2,True,premature_stop_with_missed_recovery,298,False,False,False,2,False,False,True
True,2,False,0.0,False,2,False,True,0,fixed_n2,False,safe_early_stop,299,False,True,False,2,False,False,False
True,3,False,0.0,False,2,True,True,0,fixed_n2,False,safe_early_stop,300,False,True,False,2,False,False,False
False,3,False,0.0,False,2,True,False,0,fixed_n2,False,stable_wrong_trajectory,301,False,True,True,2,False,False,False
False,16,False,0.0,False,16,False,True,2,fixed_n2,True,premature_stop_with_missed_recovery,302,False,False,False,2,False,False,True
False,2,False,0.0,False,2,False,False,0,fixed_n2,False,stable_wrong_trajectory,303,False,True,True,2,False,False,False
True,4,False,0.0,False,2,True,True,0,fixed_n2,False,safe_early_stop,304,False,True,False,2,False,False,False
True,2,False,0.0,False,2,False,True,0,fixed_n2,False,safe_early_stop,305,False,True,False,2,False,False,False
False,16,False,0.0,False,16,False,False,1,fixed_n2,False,safe_early_stop,306,False,True,False,2,False,False,False
True,3,False,0.0,False,2,True,True,0,fixed_n2,False,safe_early_stop,307,False,True,False,2,False,False,False
False,16,False,0.0,False,16,False,False,2,fixed_n2,False,unstable_trajectory,308,False,True,False,2,False,False,True
False,16,False,0.0,False,16,False,False,3,fixed_n2,False,unstable_trajectory,309,False,True,False,2,False,False,True
True,2,False,0.0,False,2,False,True,0,fixed_n2,False,safe_early_stop,310,False,True,False,2,False,False,False
True,3,False,0.0,False,2,True,True,0,fixed_n2,False,safe_early_stop,311,False,True,False,2,False,False,False
True,2,False,0.0,False,2,False,True,0,fixed_n2,False,safe_early_stop,312,False,True,False,2,False,False,False
True,2,False,0.0,False,2,False,True,0,fixed_n2,False,safe_early_stop,313,False,True,False,2,False,False,False
True,2,False,0.0,False,2,False,True,0,fixed_n2,False,safe_early_stop,314,False,True,False,2,False,False,False
True,2,False,0.0,False,2,False,True,0,fixed_n2,False,safe_early_stop,315,False,True,False,2,False,False,False
True,2,False,0.0,False,2,False,True,0,fixed_n2,False,safe_early_stop,316,False,True,False,2,False,False,False
False,3,False,0.0,False,2,True,False,0,fixed_n2,False,stable_wrong_trajectory,317,False,True,True,2,False,False,False
True,3,False,0.0,False,2,True,True,0,fixed_n2,False,safe_early_stop,318,False,True,False,2,False,False,False
True,3,False,0.0,False,2,True,True,0,fixed_n2,False,safe_early_stop,319,False,True,False,2,False,False,False
True,2,False,0.0,False,2,False,True,0,fixed_n2,False,safe_early_stop,320,False,True,False,2,False,False,False
True,3,False,0.0,False,2,True,True,0,fixed_n2,False,safe_early_stop,321,False,True,False,2,False,False,False
True,2,False,0.0,False,2,False,True,0,fixed_n2,False,safe_early_stop,322,False,True,False,2,False,False,False
True,2,False,0.0,False,2,False,True,0,fixed_n2,False,safe_early_stop,323,False,True,False,2,False,False,False
False,16,False,0.0,False,16,False,True,1,fixed_n2,True,premature_stop_with_missed_recovery,324,False,False,False,2,False,False,False
True,2,False,0.0,False,2,False,True,0,fixed_n2,False,safe_early_stop,325,False,True,False,2,False,False,False
False,4,True,1.0,False,3,True,True,1,fixed_n2,True,premature_stop_with_missed_recovery,326,False,False,False,2,False,False,False
False,16,True,0.5,False,2,True,False,0,fixed_n2,False,invalid_extraction_driven_uncertainty,327,False,True,True,2,False,False,False
True,4,False,0.0,False,4,False,True,0,fixed_n2,False,safe_early_stop,328,False,True,False,2,False,False,False
True,2,False,0.0,False,2,False,True,0,fixed_n2,False,safe_early_stop,329,False,True,False,2,False,False,False
True,2,False,0.0,False,2,False,True,0,fixed_n2,False,safe_early_stop,330,False,True,False,2,False,False,False
True,2,False,0.0,False,2,False,True,0,fixed_n2,False,safe_early_stop,331,False,True,False,2,False,False,False
True,16,False,0.0,False,16,False,True,6,fixed_n2,False,unstable_trajectory,332,False,True,False,2,False,False,True
True,4,True,0.5,False,2,True,True,0,fixed_n2,False,invalid_extraction_driven_uncertainty,333,False,True,False,2,False,False,False
True,2,False,0.0,False,2,False,True,0,fixed_n2,False,safe_early_stop,334,False,True,False,2,False,False,False
True,2,False,0.0,False,2,False,True,0,fixed_n2,False,safe_early_stop,335,False,True,False,2,False,False,False
True,2,False,0.0,False,2,False,True,0,fixed_n2,False,safe_early_stop,336,False,True,False,2,False,False,False
True,2,False,0.0,False,2,False,True,0,fixed_n2,False,safe_early_stop,337,False,True,False,2,False,False,False
True,2,False,0.0,False,2,False,True,0,fixed_n2,False,safe_early_stop,338,False,True,False,2,False,False,False
True,4,False,0.0,False,4,False,True,0,fixed_n2,False,safe_early_stop,339,False,True,False,2,False,False,False
False,16,True,1.0,False,16,False,False,0,fixed_n2,False,invalid_extraction_driven_uncertainty,340,False,True,True,2,False,False,False
True,3,False,0.0,False,2,True,True,0,fixed_n2,False,safe_early_stop,341,False,True,False,2,False,False,False
True,2,False,0.0,False,2,False,True,0,fixed_n2,False,safe_early_stop,342,False,True,False,2,False,False,False
True,2,False,0.0,False,2,False,True,0,fixed_n2,False,safe_early_stop,343,False,True,False,2,False,False,False
True,3,False,0.0,False,2,True,True,0,fixed_n2,False,safe_early_stop,344,False,True,False,2,False,False,False
True,2,False,0.0,False,2,False,True,0,fixed_n2,False,safe_early_stop,345,False,True,False,2,False,False,False
True,2,False,0.0,False,2,False,True,0,fixed_n2,False,safe_early_stop,346,False,True,False,2,False,False,False
True,2,False,0.0,False,2,False,True,0,fixed_n2,False,safe_early_stop,347,False,True,False,2,False,False,False
True,2,False,0.0,False,2,False,True,0,fixed_n2,False,safe_early_stop,348,False,True,False,2,False,False,False
False,2,False,0.0,False,2,False,False,0,fixed_n2,False,stable_wrong_trajectory,349,False,True,True,2,False,False,False
True,2,False,0.0,False,2,False,True,0,fixed_n2,False,safe_early_stop,350,False,True,False,2,False,False,False
False,2,False,0.0,False,2,False,False,0,fixed_n2,False,stable_wrong_trajectory,351,False,True,True,2,False,False,False
False,14,True,0.5,False,2,True,False,1,fixed_n2,False,invalid_extraction_driven_uncertainty,352,False,True,False,2,False,False,False
True,2,False,0.0,False,2,False,True,0,fixed_n2,False,safe_early_stop,353,False,True,False,2,False,False,False
True,2,False,0.0,False,2,False,True,0,fixed_n2,False,safe_early_stop,354,False,True,False,2,False,False,False
False,16,False,0.0,False,16,False,False,1,fixed_n2,False,safe_early_stop,355,False,True,False,2,False,False,False
True,2,False,0.0,False,2,False,True,0,fixed_n2,False,safe_early_stop,356,False,True,False,2,False,False,False
False,16,False,0.0,False,16,False,True,1,fixed_n2,True,premature_stop_with_missed_recovery,357,False,False,False,2,False,False,False
False,16,False,0.0,False,16,False,False,2,fixed_n2,False,unstable_trajectory,358,False,True,False,2,False,False,True
True,2,False,0.0,False,2,False,True,0,fixed_n2,False,safe_early_stop,359,False,True,False,2,False,False,False
True,2,False,0.0,False,2,False,True,0,fixed_n2,False,safe_early_stop,360,False,True,False,2,False,False,False
True,3,False,0.0,False,2,True,True,0,fixed_n2,False,safe_early_stop,361,False,True,False,2,False,False,False
True,2,False,0.0,False,2,False,True,0,fixed_n2,False,safe_early_stop,362,False,True,False,2,False,False,False
True,3,False,0.0,False,2,True,True,0,fixed_n2,False,safe_early_stop,363,False,True,False,2,False,False,False
True,2,False,0.0,False,2,False,True,0,fixed_n2,False,safe_early_stop,364,False,True,False,2,False,False,False
False,2,False,0.0,False,2,False,False,0,fixed_n2,False,stable_wrong_trajectory,365,False,True,True,2,False,False,False
True,2,False,0.0,False,2,False,True,0,fixed_n2,False,safe_early_stop,366,False,True,False,2,False,False,False
True,2,False,0.0,False,2,False,True,0,fixed_n2,False,safe_early_stop,367,False,True,False,2,False,False,False
True,2,False,0.0,False,2,False,True,0,fixed_n2,False,safe_early_stop,368,False,True,False,2,False,False,False
False,2,False,0.0,False,2,False,False,1,fixed_n2,False,safe_early_stop,369,False,True,False,2,False,False,False
True,3,False,0.0,False,2,True,True,0,fixed_n2,False,safe_early_stop,370,False,True,False,2,False,False,False
False,16,False,0.0,False,16,False,True,5,fixed_n2,True,premature_stop_with_missed_recovery,371,False,False,False,2,False,False,True
False,16,False,0.0,False,16,False,False,4,fixed_n2,False,unstable_trajectory,372,False,True,False,2,False,False,True
True,2,False,0.0,False,2,False,True,0,fixed_n2,False,safe_early_stop,373,False,True,False,2,False,False,False
True,2,False,0.0,False,2,False,True,0,fixed_n2,False,safe_early_stop,374,False,True,False,2,False,False,False
True,3,False,0.0,False,2,True,True,0,fixed_n2,False,safe_early_stop,375,False,True,False,2,False,False,False
True,3,True,0.5,False,2,True,True,0,fixed_n2,False,invalid_extraction_driven_uncertainty,376,False,True,False,2,False,False,False
True,2,False,0.0,False,2,False,True,0,fixed_n2,False,safe_early_stop,377,False,True,False,2,False,False,False
True,4,False,0.0,False,4,False,True,0,fixed_n2,False,safe_early_stop,378,False,True,False,2,False,False,False
True,2,False,0.0,False,2,False,True,0,fixed_n2,False,safe_early_stop,379,False,True,False,2,False,False,False
False,16,False,0.0,True,2,True,True,1,fixed_n2,True,premature_stop_with_missed_recovery,380,False,False,False,2,True,False,False
False,16,False,0.0,False,16,False,False,0,fixed_n2,False,stable_wrong_trajectory,381,False,True,True,2,False,False,False
True,4,False,0.0,False,4,False,True,0,fixed_n2,False,safe_early_stop,382,False,True,False,2,False,False,False
True,2,False,0.0,False,2,False,True,0,fixed_n2,False,safe_early_stop,383,False,True,False,2,False,False,False
True,3,False,0.0,False,2,True,True,0,fixed_n2,False,safe_early_stop,384,False,True,False,2,False,False,False
False,2,False,0.0,False,2,False,True,1,fixed_n2,True,premature_stop_with_missed_recovery,385,False,False,False,2,False,False,False
True,2,False,0.0,False,2,False,True,0,fixed_n2,False,safe_early_stop,386,False,True,False,2,False,False,False
True,2,False,0.0,False,2,False,True,0,fixed_n2,False,safe_early_stop,387,False,True,False,2,False,False,False
True,16,False,0.0,False,16,False,True,3,fixed_n2,False,unstable_trajectory,388,False,True,False,2,False,False,True
False,16,False,0.0,False,16,False,True,1,fixed_n2,True,premature_stop_with_missed_recovery,389,False,False,False,2,False,False,False
False,4,False,0.0,False,4,False,True,1,fixed_n2,True,premature_stop_with_missed_recovery,390,False,False,False,2,False,False,False
True,2,True,0.5,False,2,False,True,0,fixed_n2,False,invalid_extraction_driven_uncertainty,391,False,True,False,2,False,False,False
False,2,False,0.0,False,2,False,False,0,fixed_n2,False,stable_wrong_trajectory,392,False,True,True,2,False,False,False
True,2,False,0.0,False,2,False,True,0,fixed_n2,False,safe_early_stop,393,False,True,False,2,False,False,False
False,14,False,0.0,False,14,False,True,1,fixed_n2,True,premature_stop_with_missed_recovery,394,False,False,False,2,False,False,False
True,2,False,0.0,False,2,False,True,0,fixed_n2,False,safe_early_stop,395,False,True,False,2,False,False,False
True,2,False,0.0,False,2,False,True,0,fixed_n2,False,safe_early_stop,396,False,True,False,2,False,False,False
True,2,False,0.0,False,2,False,True,0,fixed_n2,False,safe_early_stop,397,False,True,False,2,False,False,False
False,16,False,0.0,False,16,False,False,1,fixed_n2,False,safe_early_stop,398,False,True,False,2,False,False,False
True,3,False,0.0,False,2,True,True,0,fixed_n2,False,safe_early_stop,399,False,True,False,2,False,False,False
True,16,False,0.0,False,16,False,True,6,fixed_n2,False,unstable_trajectory,400,False,True,False,2,False,False,True
False,6,True,1.0,False,6,False,False,1,fixed_n2,False,invalid_extraction_driven_uncertainty,401,False,True,False,2,False,False,False
True,2,False,0.0,False,2,False,True,0,fixed_n2,False,safe_early_stop,402,False,True,False,2,False,False,False
False,2,False,0.0,False,2,False,False,0,fixed_n2,False,stable_wrong_trajectory,403,False,True,True,2,False,False,False
True,2,False,0.0,False,2,False,True,0,fixed_n2,False,safe_early_stop,404,False,True,False,2,False,False,False
True,2,False,0.0,False,2,False,True,0,fixed_n2,False,safe_early_stop,405,False,True,False,2,False,False,False
True,2,False,0.0,False,2,False,True,0,fixed_n2,False,safe_early_stop,406,False,True,False,2,False,False,False
True,2,False,0.0,False,2,False,True,0,fixed_n2,False,safe_early_stop,407,False,True,False,2,False,False,False
False,10,True,1.0,False,10,False,True,1,fixed_n2,True,premature_stop_with_missed_recovery,408,False,False,False,2,False,False,False
True,2,False,0.0,False,2,False,True,0,fixed_n2,False,safe_early_stop,409,False,True,False,2,False,False,False
True,2,False,0.0,False,2,False,True,0,fixed_n2,False,safe_early_stop,410,False,True,False,2,False,False,False
True,3,False,0.0,False,2,True,True,0,fixed_n2,False,safe_early_stop,411,False,True,False,2,False,False,False
False,16,True,1.0,False,4,True,False,3,fixed_n2,False,invalid_extraction_driven_uncertainty,412,False,True,False,2,False,False,True
True,3,False,0.0,False,2,True,True,0,fixed_n2,False,safe_early_stop,413,False,True,False,2,False,False,False
True,2,False,0.0,False,2,False,True,0,fixed_n2,False,safe_early_stop,414,False,True,False,2,False,False,False
True,2,False,0.0,False,2,False,True,0,fixed_n2,False,safe_early_stop,415,False,True,False,2,False,False,False
True,2,False,0.0,False,2,False,True,0,fixed_n2,False,safe_early_stop,416,False,True,False,2,False,False,False
True,2,False,0.0,False,2,False,True,0,fixed_n2,False,safe_early_stop,417,False,True,False,2,False,False,False
True,2,False,0.0,False,2,False,True,0,fixed_n2,False,safe_early_stop,418,False,True,False,2,False,False,False
False,16,True,1.0,False,4,True,False,1,fixed_n2,False,invalid_extraction_driven_uncertainty,419,False,True,False,2,False,False,False
False,2,False,0.0,False,2,False,False,0,fixed_n2,False,stable_wrong_trajectory,420,False,True,True,2,False,False,False
True,2,True,0.5,False,2,False,True,0,fixed_n2,False,invalid_extraction_driven_uncertainty,421,False,True,False,2,False,False,False
False,7,True,1.0,False,7,False,False,1,fixed_n2,False,invalid_extraction_driven_uncertainty,422,False,True,False,2,False,False,False
True,2,False,0.0,False,2,False,False,5,fixed_n2,False,regression_avoided,423,True,True,False,2,False,False,True
True,2,False,0.0,False,2,False,True,0,fixed_n2,False,safe_early_stop,424,False,True,False,2,False,False,False
False,16,False,0.0,False,16,False,True,1,fixed_n2,True,premature_stop_with_missed_recovery,425,False,False,False,2,False,False,False
True,2,False,0.0,False,2,False,True,0,fixed_n2,False,safe_early_stop,426,False,True,False,2,False,False,False
True,2,False,0.0,False,2,False,True,0,fixed_n2,False,safe_early_stop,427,False,True,False,2,False,False,False
True,4,False,0.0,False,4,False,True,0,fixed_n2,False,safe_early_stop,428,False,True,False,2,False,False,False
True,2,False,0.0,False,2,False,True,0,fixed_n2,False,safe_early_stop,429,False,True,False,2,False,False,False
True,2,False,0.0,False,2,False,True,0,fixed_n2,False,safe_early_stop,430,False,True,False,2,False,False,False
False,16,False,0.0,False,16,False,False,4,fixed_n2,False,unstable_trajectory,431,False,True,False,2,False,False,True
False,16,True,0.5,False,2,True,False,0,fixed_n2,False,invalid_extraction_driven_uncertainty,432,False,True,True,2,False,False,False
True,3,False,0.0,False,2,True,True,0,fixed_n2,False,safe_early_stop,433,False,True,False,2,False,False,False
True,3,False,0.0,False,2,True,True,0,fixed_n2,False,safe_early_stop,434,False,True,False,2,False,False,False
True,2,False,0.0,False,2,False,True,0,fixed_n2,False,safe_early_stop,435,False,True,False,2,False,False,False
True,5,True,0.5,False,2,True,True,0,fixed_n2,False,invalid_extraction_driven_uncertainty,436,False,True,False,2,False,False,False
True,2,False,0.0,False,2,False,True,0,fixed_n2,False,safe_early_stop,437,False,True,False,2,False,False,False
True,2,False,0.0,False,2,False,True,0,fixed_n2,False,safe_early_stop,438,False,True,False,2,False,False,False
True,2,False,0.0,False,2,False,True,0,fixed_n2,False,safe_early_stop,439,False,True,False,2,False,False,False
True,2,False,0.0,False,2,False,True,0,fixed_n2,False,safe_early_stop,440,False,True,False,2,False,False,False
True,2,False,0.0,False,2,False,True,0,fixed_n2,False,safe_early_stop,441,False,True,False,2,False,False,False
True,2,False,0.0,False,2,False,True,0,fixed_n2,False,safe_early_stop,442,False,True,False,2,False,False,False
True,2,False,0.0,False,2,False,True,0,fixed_n2,False,safe_early_stop,443,False,True,False,2,False,False,False
False,3,True,0.5,False,2,True,False,0,fixed_n2,False,invalid_extraction_driven_uncertainty,444,False,True,True,2,False,False,False
False,16,False,0.0,False,16,False,False,4,fixed_n2,False,unstable_trajectory,445,False,True,False,2,False,False,True
True,2,False,0.0,False,2,False,True,0,fixed_n2,False,safe_early_stop,446,False,True,False,2,False,False,False
True,4,False,0.0,False,4,False,True,0,fixed_n2,False,safe_early_stop,447,False,True,False,2,False,False,False
True,2,False,0.0,False,2,False,True,0,fixed_n2,False,safe_early_stop,448,False,True,False,2,False,False,False
True,2,False,0.0,False,2,False,True,0,fixed_n2,False,safe_early_stop,449,False,True,False,2,False,False,False
True,2,False,0.0,False,2,False,True,0,fixed_n2,False,safe_early_stop,450,False,True,False,2,False,False,False
True,2,False,0.0,False,2,False,True,0,fixed_n2,False,safe_early_stop,451,False,True,False,2,False,False,False
True,3,False,0.0,False,2,True,True,0,fixed_n2,False,safe_early_stop,452,False,True,False,2,False,False,False
True,2,False,0.0,False,2,False,True,0,fixed_n2,False,safe_early_stop,453,False,True,False,2,False,False,False
False,16,True,1.0,False,16,False,False,0,fixed_n2,False,invalid_extraction_driven_uncertainty,454,False,True,True,2,False,False,False
True,2,False,0.0,False,2,False,True,0,fixed_n2,False,safe_early_stop,455,False,True,False,2,False,False,False
True,2,False,0.0,False,2,False,True,0,fixed_n2,False,safe_early_stop,456,False,True,False,2,False,False,False
True,2,False,0.0,False,2,False,True,0,fixed_n2,False,safe_early_stop,457,False,True,False,2,False,False,False
True,3,True,0.5,False,2,True,True,0,fixed_n2,False,invalid_extraction_driven_uncertainty,458,False,True,False,2,False,False,False
True,4,False,0.0,False,2,True,True,0,fixed_n2,False,safe_early_stop,459,False,True,False,2,False,False,False
True,16,False,0.0,False,4,True,False,3,fixed_n2,False,regression_avoided,460,True,True,False,2,False,False,True
True,2,False,0.0,False,2,False,True,0,fixed_n2,False,safe_early_stop,461,False,True,False,2,False,False,False
True,3,False,0.0,False,2,True,True,0,fixed_n2,False,safe_early_stop,462,False,True,False,2,False,False,False
True,3,False,0.0,False,2,True,True,0,fixed_n2,False,safe_early_stop,463,False,True,False,2,False,False,False
True,2,False,0.0,False,2,False,True,0,fixed_n2,False,safe_early_stop,464,False,True,False,2,False,False,False
True,2,False,0.0,False,2,False,True,0,fixed_n2,False,safe_early_stop,465,False,True,False,2,False,False,False
False,16,False,0.0,False,16,False,False,3,fixed_n2,False,unstable_trajectory,466,False,True,False,2,False,False,True
True,2,False,0.0,False,2,False,True,0,fixed_n2,False,safe_early_stop,467,False,True,False,2,False,False,False
True,2,False,0.0,False,2,False,True,0,fixed_n2,False,safe_early_stop,468,False,True,False,2,False,False,False
True,2,False,0.0,False,2,False,True,0,fixed_n2,False,safe_early_stop,469,False,True,False,2,False,False,False
False,4,True,1.0,False,4,False,True,2,fixed_n2,True,premature_stop_with_missed_recovery,470,False,False,False,2,False,False,True
True,3,False,0.0,False,2,True,True,0,fixed_n2,False,safe_early_stop,471,False,True,False,2,False,False,False
True,3,False,0.0,False,2,True,True,0,fixed_n2,False,safe_early_stop,472,False,True,False,2,False,False,False
False,4,False,0.0,False,4,False,True,3,fixed_n2,True,premature_stop_with_missed_recovery,473,False,False,False,2,False,False,True
True,2,False,0.0,False,2,False,True,0,fixed_n2,False,safe_early_stop,474,False,True,False,2,False,False,False
False,16,True,1.0,False,9,True,False,1,fixed_n2,False,invalid_extraction_driven_uncertainty,475,False,True,False,2,False,False,False
True,2,False,0.0,False,2,False,True,0,fixed_n2,False,safe_early_stop,476,False,True,False,2,False,False,False
True,10,False,0.0,False,10,False,True,0,fixed_n2,False,safe_early_stop,477,False,True,False,2,False,False,False
False,2,False,0.0,False,2,False,False,0,fixed_n2,False,stable_wrong_trajectory,478,False,True,True,2,False,False,False
True,3,False,0.0,False,2,True,True,0,fixed_n2,False,safe_early_stop,479,False,True,False,2,False,False,False
True,2,False,0.0,False,2,False,True,0,fixed_n2,False,safe_early_stop,480,False,True,False,2,False,False,False
False,16,False,0.0,False,16,False,False,1,fixed_n2,False,safe_early_stop,481,False,True,False,2,False,False,False
False,16,False,0.0,False,16,False,True,2,fixed_n2,True,premature_stop_with_missed_recovery,482,False,False,False,2,False,False,True
False,15,True,1.0,False,14,True,True,1,fixed_n2,True,premature_stop_with_missed_recovery,483,False,False,False,2,False,False,False
True,3,False,0.0,False,2,True,True,0,fixed_n2,False,safe_early_stop,484,False,True,False,2,False,False,False
False,2,True,0.5,False,2,False,True,1,fixed_n2,True,premature_stop_with_missed_recovery,485,False,False,False,2,False,False,False
True,4,False,0.0,False,4,False,True,0,fixed_n2,False,safe_early_stop,486,False,True,False,2,False,False,False
True,2,False,0.0,False,2,False,True,0,fixed_n2,False,safe_early_stop,487,False,True,False,2,False,False,False
True,2,False,0.0,False,2,False,True,0,fixed_n2,False,safe_early_stop,488,False,True,False,2,False,False,False
True,2,False,0.0,False,2,False,True,0,fixed_n2,False,safe_early_stop,489,False,True,False,2,False,False,False
False,16,False,0.0,False,16,False,False,0,fixed_n2,False,stable_wrong_trajectory,490,False,True,True,2,False,False,False
False,16,False,0.0,False,16,False,False,2,fixed_n2,False,unstable_trajectory,491,False,True,False,2,False,False,True
True,3,False,0.0,False,2,True,True,0,fixed_n2,False,safe_early_stop,492,False,True,False,2,False,False,False
True,2,False,0.0,False,2,False,True,0,fixed_n2,False,safe_early_stop,493,False,True,False,2,False,False,False
True,16,True,0.5,False,2,True,False,1,fixed_n2,False,regression_avoided,494,True,True,False,2,False,False,False
True,2,False,0.0,False,2,False,True,0,fixed_n2,False,safe_early_stop,495,False,True,False,2,False,False,False
True,2,False,0.0,False,2,False,True,0,fixed_n2,False,safe_early_stop,496,False,True,False,2,False,False,False
False,16,False,0.0,False,16,False,False,1,fixed_n2,False,safe_early_stop,497,False,True,False,2,False,False,False
False,2,True,0.5,False,2,False,False,0,fixed_n2,False,invalid_extraction_driven_uncertainty,498,False,True,True,2,False,False,False
True,2,False,0.0,False,2,False,True,0,fixed_n2,False,safe_early_stop,499,False,True,False,2,False,False,False
True,2,False,0.0,False,2,False,True,0,fixed_n4,False,safe_early_stop,0,False,True,False,4,False,False,False
True,2,False,0.0,False,2,False,True,0,fixed_n4,False,safe_early_stop,1,False,True,False,4,False,False,False
True,3,False,0.0,False,2,True,True,0,fixed_n4,False,safe_early_stop,2,False,True,False,4,False,False,False
True,2,False,0.0,False,2,False,True,0,fixed_n4,False,safe_early_stop,3,False,True,False,4,False,False,False
True,2,False,0.0,False,2,False,True,0,fixed_n4,False,safe_early_stop,4,False,True,False,4,False,False,False
True,3,False,0.0,False,2,True,True,0,fixed_n4,False,safe_early_stop,5,False,True,False,4,False,False,False
True,3,False,0.0,False,2,True,True,0,fixed_n4,False,safe_early_stop,6,False,True,False,4,False,False,False
False,10,False,0.0,False,10,False,True,1,fixed_n4,True,premature_stop_with_missed_recovery,7,False,False,False,4,False,False,False
True,2,False,0.0,False,2,False,True,0,fixed_n4,False,safe_early_stop,8,False,True,False,4,False,False,False
False,16,False,0.0,False,16,False,False,4,fixed_n4,False,unstable_trajectory,9,False,True,False,4,False,False,True
True,2,False,0.0,False,2,False,True,0,fixed_n4,False,safe_early_stop,10,False,True,False,4,False,False,False
False,16,True,0.25,False,2,True,False,0,fixed_n4,False,invalid_extraction_driven_uncertainty,11,False,True,True,4,False,False,False
True,2,False,0.0,False,2,False,True,0,fixed_n4,False,safe_early_stop,12,False,True,False,4,False,False,False
True,2,False,0.0,False,2,False,True,0,fixed_n4,False,safe_early_stop,13,False,True,False,4,False,False,False
False,4,False,0.0,False,4,False,False,0,fixed_n4,False,stable_wrong_trajectory,14,False,True,True,4,False,False,False
True,2,False,0.0,False,2,False,True,0,fixed_n4,False,safe_early_stop,15,False,True,False,4,False,False,False
True,2,False,0.0,False,2,False,True,0,fixed_n4,False,safe_early_stop,16,False,True,False,4,False,False,False
True,4,False,0.0,False,4,False,False,6,fixed_n4,False,regression_avoided,17,True,True,False,4,False,False,True
True,2,False,0.0,False,2,False,False,3,fixed_n4,False,regression_avoided,18,True,True,False,4,False,False,True
True,2,False,0.0,False,2,False,True,0,fixed_n4,False,safe_early_stop,19,False,True,False,4,False,False,False
True,2,False,0.0,False,2,False,True,0,fixed_n4,False,safe_early_stop,20,False,True,False,4,False,False,False
False,16,True,0.25,False,16,False,True,1,fixed_n4,True,premature_stop_with_missed_recovery,21,False,False,False,4,False,False,False
True,3,False,0.0,False,2,True,True,0,fixed_n4,False,safe_early_stop,22,False,True,False,4,False,False,False
True,3,False,0.0,False,2,True,True,0,fixed_n4,False,safe_early_stop,23,False,True,False,4,False,False,False
True,16,False,0.0,False,16,False,True,0,fixed_n4,False,safe_early_stop,24,False,True,False,4,False,False,False
False,2,True,0.5,False,2,False,False,1,fixed_n4,False,invalid_extraction_driven_uncertainty,25,False,True,False,4,False,False,False
False,16,False,0.0,False,16,False,False,0,fixed_n4,False,stable_wrong_trajectory,26,False,True,True,4,False,False,False
True,2,False,0.0,False,2,False,True,0,fixed_n4,False,safe_early_stop,27,False,True,False,4,False,False,False
True,2,False,0.0,False,2,False,True,0,fixed_n4,False,safe_early_stop,28,False,True,False,4,False,False,False
True,3,False,0.0,False,2,True,True,0,fixed_n4,False,safe_early_stop,29,False,True,False,4,False,False,False
True,2,False,0.0,False,2,False,True,0,fixed_n4,False,safe_early_stop,30,False,True,False,4,False,False,False
True,2,False,0.0,False,2,False,True,0,fixed_n4,False,safe_early_stop,31,False,True,False,4,False,False,False
True,3,False,0.0,False,2,True,True,0,fixed_n4,False,safe_early_stop,32,False,True,False,4,False,False,False
False,16,False,0.0,False,16,False,False,2,fixed_n4,False,unstable_trajectory,33,False,True,False,4,False,False,True
True,2,False,0.0,False,2,False,True,0,fixed_n4,False,safe_early_stop,34,False,True,False,4,False,False,False
True,2,False,0.0,False,2,False,True,0,fixed_n4,False,safe_early_stop,35,False,True,False,4,False,False,False
True,4,False,0.0,False,4,False,True,1,fixed_n4,False,safe_early_stop,36,False,True,False,4,False,False,False
True,2,False,0.0,False,2,False,True,0,fixed_n4,False,safe_early_stop,37,False,True,False,4,False,False,False
True,2,False,0.0,False,2,False,True,0,fixed_n4,False,safe_early_stop,38,False,True,False,4,False,False,False
True,3,False,0.0,False,2,True,True,0,fixed_n4,False,safe_early_stop,39,False,True,False,4,False,False,False
True,2,False,0.0,False,2,False,True,0,fixed_n4,False,safe_early_stop,40,False,True,False,4,False,False,False
True,16,False,0.0,False,16,False,False,1,fixed_n4,False,regression_avoided,41,True,True,False,4,False,False,False
True,2,False,0.0,False,2,False,True,0,fixed_n4,False,safe_early_stop,42,False,True,False,4,False,False,False
False,10,False,0.0,False,4,True,False,1,fixed_n4,False,safe_early_stop,43,False,True,False,4,False,False,False
True,2,False,0.0,False,2,False,True,0,fixed_n4,False,safe_early_stop,44,False,True,False,4,False,False,False
True,2,False,0.0,False,2,False,True,0,fixed_n4,False,safe_early_stop,45,False,True,False,4,False,False,False
True,7,True,0.75,False,2,True,True,0,fixed_n4,False,invalid_extraction_driven_uncertainty,46,False,True,False,4,False,False,False
True,2,False,0.0,False,2,False,True,0,fixed_n4,False,safe_early_stop,47,False,True,False,4,False,False,False
True,2,False,0.0,False,2,False,True,0,fixed_n4,False,safe_early_stop,48,False,True,False,4,False,False,False
True,2,False,0.0,False,2,False,True,0,fixed_n4,False,safe_early_stop,49,False,True,False,4,False,False,False
False,16,False,0.0,False,16,False,True,2,fixed_n4,True,premature_stop_with_missed_recovery,50,False,False,False,4,False,False,True
True,2,True,0.25,False,2,False,True,0,fixed_n4,False,invalid_extraction_driven_uncertainty,51,False,True,False,4,False,False,False
True,2,False,0.0,False,2,False,True,0,fixed_n4,False,safe_early_stop,52,False,True,False,4,False,False,False
True,2,False,0.0,False,2,False,True,0,fixed_n4,False,safe_early_stop,53,False,True,False,4,False,False,False
True,2,False,0.0,False,2,False,True,0,fixed_n4,False,safe_early_stop,54,False,True,False,4,False,False,False
True,2,False,0.0,False,2,False,True,0,fixed_n4,False,safe_early_stop,55,False,True,False,4,False,False,False
True,2,False,0.0,False,2,False,True,0,fixed_n4,False,safe_early_stop,56,False,True,False,4,False,False,False
True,3,False,0.0,False,2,True,True,0,fixed_n4,False,safe_early_stop,57,False,True,False,4,False,False,False
True,5,False,0.0,False,2,True,True,0,fixed_n4,False,safe_early_stop,58,False,True,False,4,False,False,False
True,2,False,0.0,False,2,False,True,0,fixed_n4,False,safe_early_stop,59,False,True,False,4,False,False,False
False,4,True,0.75,False,4,False,False,2,fixed_n4,False,invalid_extraction_driven_uncertainty,60,False,True,False,4,False,False,True
True,2,False,0.0,False,2,False,True,0,fixed_n4,False,safe_early_stop,61,False,True,False,4,False,False,False
False,16,False,0.0,False,16,False,False,6,fixed_n4,False,unstable_trajectory,62,False,True,False,4,False,False,True
False,4,False,0.0,False,4,False,False,1,fixed_n4,False,safe_early_stop,63,False,True,False,4,False,False,False
False,2,True,0.5,False,2,False,True,1,fixed_n4,True,premature_stop_with_missed_recovery,64,False,False,False,4,False,False,False
True,2,False,0.0,False,2,False,True,0,fixed_n4,False,safe_early_stop,65,False,True,False,4,False,False,False
True,2,False,0.0,False,2,False,True,0,fixed_n4,False,safe_early_stop,66,False,True,False,4,False,False,False
True,4,False,0.0,False,4,False,True,0,fixed_n4,False,safe_early_stop,67,False,True,False,4,False,False,False
True,2,True,0.25,False,2,False,True,0,fixed_n4,False,invalid_extraction_driven_uncertainty,68,False,True,False,4,False,False,False
True,2,False,0.0,False,2,False,True,0,fixed_n4,False,safe_early_stop,69,False,True,False,4,False,False,False
True,2,False,0.0,False,2,False,True,0,fixed_n4,False,safe_early_stop,70,False,True,False,4,False,False,False
True,16,False,0.0,False,16,False,True,1,fixed_n4,False,safe_early_stop,71,False,True,False,4,False,False,False
True,2,False,0.0,False,2,False,True,0,fixed_n4,False,safe_early_stop,72,False,True,False,4,False,False,False
True,3,False,0.0,False,2,True,True,0,fixed_n4,False,safe_early_stop,73,False,True,False,4,False,False,False
True,2,False,0.0,False,2,False,True,0,fixed_n4,False,safe_early_stop,74,False,True,False,4,False,False,False
True,3,False,0.0,False,2,True,True,0,fixed_n4,False,safe_early_stop,75,False,True,False,4,False,False,False
True,2,False,0.0,False,2,False,True,0,fixed_n4,False,safe_early_stop,76,False,True,False,4,False,False,False
True,2,False,0.0,False,2,False,True,0,fixed_n4,False,safe_early_stop,77,False,True,False,4,False,False,False
True,2,False,0.0,False,2,False,True,0,fixed_n4,False,safe_early_stop,78,False,True,False,4,False,False,False
True,3,False,0.0,False,2,True,True,0,fixed_n4,False,safe_early_stop,79,False,True,False,4,False,False,False
False,2,False,0.0,False,2,False,False,0,fixed_n4,False,stable_wrong_trajectory,80,False,True,True,4,False,False,False
True,2,False,0.0,False,2,False,True,0,fixed_n4,False,safe_early_stop,81,False,True,False,4,False,False,False
False,16,False,0.0,False,16,False,True,3,fixed_n4,True,premature_stop_with_missed_recovery,82,False,False,False,4,False,False,True
True,3,False,0.0,False,2,True,True,0,fixed_n4,False,safe_early_stop,83,False,True,False,4,False,False,False
True,2,False,0.0,False,2,False,True,0,fixed_n4,False,safe_early_stop,84,False,True,False,4,False,False,False
True,2,False,0.0,False,2,False,True,0,fixed_n4,False,safe_early_stop,85,False,True,False,4,False,False,False
True,2,False,0.0,False,2,False,True,0,fixed_n4,False,safe_early_stop,86,False,True,False,4,False,False,False
True,3,False,0.0,False,2,True,True,0,fixed_n4,False,safe_early_stop,87,False,True,False,4,False,False,False
True,2,True,0.25,False,2,False,True,0,fixed_n4,False,invalid_extraction_driven_uncertainty,88,False,True,False,4,False,False,False
True,7,False,0.0,False,4,True,True,1,fixed_n4,False,safe_early_stop,89,False,True,False,4,False,False,False
False,2,False,0.0,False,2,False,False,0,fixed_n4,False,stable_wrong_trajectory,90,False,True,True,4,False,False,False
True,2,False,0.0,False,2,False,True,0,fixed_n4,False,safe_early_stop,91,False,True,False,4,False,False,False
True,3,False,0.0,False,2,True,True,0,fixed_n4,False,safe_early_stop,92,False,True,False,4,False,False,False
True,2,False,0.0,False,2,False,True,0,fixed_n4,False,safe_early_stop,93,False,True,False,4,False,False,False
False,2,True,0.25,False,2,False,False,0,fixed_n4,False,invalid_extraction_driven_uncertainty,94,False,True,True,4,False,False,False
True,2,False,0.0,False,2,False,True,0,fixed_n4,False,safe_early_stop,95,False,True,False,4,False,False,False
False,2,True,0.75,False,2,False,False,1,fixed_n4,False,invalid_extraction_driven_uncertainty,96,False,True,False,4,False,False,False
True,2,False,0.0,False,2,False,True,0,fixed_n4,False,safe_early_stop,97,False,True,False,4,False,False,False
True,2,False,0.0,False,2,False,True,0,fixed_n4,False,safe_early_stop,98,False,True,False,4,False,False,False
False,5,True,0.5,False,2,True,False,0,fixed_n4,False,invalid_extraction_driven_uncertainty,99,False,True,True,4,False,False,False
False,16,True,0.25,False,16,False,False,1,fixed_n4,False,invalid_extraction_driven_uncertainty,100,False,True,False,4,False,False,False
False,2,True,0.75,False,2,False,False,0,fixed_n4,False,invalid_extraction_driven_uncertainty,101,False,True,True,4,False,False,False
True,2,False,0.0,False,2,False,True,0,fixed_n4,False,safe_early_stop,102,False,True,False,4,False,False,False
False,3,True,0.5,False,2,True,False,1,fixed_n4,False,invalid_extraction_driven_uncertainty,103,False,True,False,4,False,False,False
False,2,False,0.0,False,2,False,False,0,fixed_n4,False,stable_wrong_trajectory,104,False,True,True,4,False,False,False
False,16,False,0.0,False,16,False,False,2,fixed_n4,False,unstable_trajectory,105,False,True,False,4,False,False,True
True,3,False,0.0,False,2,True,True,0,fixed_n4,False,safe_early_stop,106,False,True,False,4,False,False,False
True,4,False,0.0,False,4,False,True,0,fixed_n4,False,safe_early_stop,107,False,True,False,4,False,False,False
True,4,False,0.0,False,4,False,True,0,fixed_n4,False,safe_early_stop,108,False,True,False,4,False,False,False
False,6,True,1.0,False,5,True,False,1,fixed_n4,False,invalid_extraction_driven_uncertainty,109,False,True,False,4,False,False,False
False,7,True,0.75,False,4,True,False,1,fixed_n4,False,invalid_extraction_driven_uncertainty,110,False,True,False,4,False,False,False
True,2,False,0.0,False,2,False,True,0,fixed_n4,False,safe_early_stop,111,False,True,False,4,False,False,False
True,5,False,0.0,False,4,True,True,1,fixed_n4,False,safe_early_stop,112,False,True,False,4,False,False,False
True,3,False,0.0,False,2,True,True,0,fixed_n4,False,safe_early_stop,113,False,True,False,4,False,False,False
True,2,False,0.0,False,2,False,True,0,fixed_n4,False,safe_early_stop,114,False,True,False,4,False,False,False
False,16,False,0.0,False,16,False,False,0,fixed_n4,False,stable_wrong_trajectory,115,False,True,True,4,False,False,False
True,2,False,0.0,False,2,False,True,0,fixed_n4,False,safe_early_stop,116,False,True,False,4,False,False,False
True,2,False,0.0,False,2,False,True,0,fixed_n4,False,safe_early_stop,117,False,True,False,4,False,False,False
True,3,True,0.5,False,2,True,True,0,fixed_n4,False,invalid_extraction_driven_uncertainty,118,False,True,False,4,False,False,False
True,16,False,0.0,False,16,False,True,2,fixed_n4,False,unstable_trajectory,119,False,True,False,4,False,False,True
False,4,False,0.0,False,4,False,False,0,fixed_n4,False,stable_wrong_trajectory,120,False,True,True,4,False,False,False
True,2,False,0.0,False,2,False,True,0,fixed_n4,False,safe_early_stop,121,False,True,False,4,False,False,False
True,2,False,0.0,False,2,False,True,0,fixed_n4,False,safe_early_stop,122,False,True,False,4,False,False,False
True,2,True,0.25,False,2,False,False,1,fixed_n4,False,regression_avoided,123,True,True,False,4,False,False,False
True,2,False,0.0,False,2,False,True,0,fixed_n4,False,safe_early_stop,124,False,True,False,4,False,False,False
True,2,False,0.0,False,2,False,True,0,fixed_n4,False,safe_early_stop,125,False,True,False,4,False,False,False
False,2,True,0.75,False,2,False,False,0,fixed_n4,False,invalid_extraction_driven_uncertainty,126,False,True,True,4,False,False,False
True,2,False,0.0,False,2,False,True,0,fixed_n4,False,safe_early_stop,127,False,True,False,4,False,False,False
True,2,False,0.0,False,2,False,True,0,fixed_n4,False,safe_early_stop,128,False,True,False,4,False,False,False
True,16,False,0.0,False,16,False,True,3,fixed_n4,False,unstable_trajectory,129,False,True,False,4,False,False,True
True,2,False,0.0,False,2,False,True,0,fixed_n4,False,safe_early_stop,130,False,True,False,4,False,False,False
True,2,False,0.0,False,2,False,True,0,fixed_n4,False,safe_early_stop,131,False,True,False,4,False,False,False
True,2,False,0.0,False,2,False,True,0,fixed_n4,False,safe_early_stop,132,False,True,False,4,False,False,False
True,2,False,0.0,False,2,False,True,0,fixed_n4,False,safe_early_stop,133,False,True,False,4,False,False,False
True,2,False,0.0,False,2,False,True,0,fixed_n4,False,safe_early_stop,134,False,True,False,4,False,False,False
True,2,False,0.0,False,2,False,True,0,fixed_n4,False,safe_early_stop,135,False,True,False,4,False,False,False
False,7,True,1.0,False,6,True,True,1,fixed_n4,True,premature_stop_with_missed_recovery,136,False,False,False,4,False,False,False
True,2,False,0.0,False,2,False,True,0,fixed_n4,False,safe_early_stop,137,False,True,False,4,False,False,False
False,16,True,0.5,False,2,True,False,2,fixed_n4,False,invalid_extraction_driven_uncertainty,138,False,True,False,4,False,False,True
True,3,False,0.0,False,2,True,True,0,fixed_n4,False,safe_early_stop,139,False,True,False,4,False,False,False
True,2,False,0.0,False,2,False,True,0,fixed_n4,False,safe_early_stop,140,False,True,False,4,False,False,False
True,2,False,0.0,False,2,False,True,0,fixed_n4,False,safe_early_stop,141,False,True,False,4,False,False,False
True,4,False,0.0,False,4,False,True,4,fixed_n4,False,unstable_trajectory,142,False,True,False,4,False,False,True
True,2,False,0.0,False,2,False,True,0,fixed_n4,False,safe_early_stop,143,False,True,False,4,False,False,False
True,2,False,0.0,False,2,False,True,0,fixed_n4,False,safe_early_stop,144,False,True,False,4,False,False,False
True,16,False,0.0,False,16,False,True,2,fixed_n4,False,unstable_trajectory,145,False,True,False,4,False,False,True
True,3,False,0.0,False,2,True,True,0,fixed_n4,False,safe_early_stop,146,False,True,False,4,False,False,False
False,16,False,0.0,False,16,False,False,3,fixed_n4,False,unstable_trajectory,147,False,True,False,4,False,False,True
True,2,False,0.0,False,2,False,True,0,fixed_n4,False,safe_early_stop,148,False,True,False,4,False,False,False
True,2,False,0.0,False,2,False,True,0,fixed_n4,False,safe_early_stop,149,False,True,False,4,False,False,False
False,4,True,0.75,False,3,True,False,1,fixed_n4,False,invalid_extraction_driven_uncertainty,150,False,True,False,4,False,False,False
True,2,False,0.0,False,2,False,True,0,fixed_n4,False,safe_early_stop,151,False,True,False,4,False,False,False
False,16,False,0.0,False,16,False,False,3,fixed_n4,False,unstable_trajectory,152,False,True,False,4,False,False,True
True,2,False,0.0,False,2,False,True,0,fixed_n4,False,safe_early_stop,153,False,True,False,4,False,False,False
False,16,False,0.0,False,16,False,False,2,fixed_n4,False,unstable_trajectory,154,False,True,False,4,False,False,True
True,3,False,0.0,False,2,True,True,0,fixed_n4,False,safe_early_stop,155,False,True,False,4,False,False,False
False,14,True,0.25,False,2,True,False,0,fixed_n4,False,invalid_extraction_driven_uncertainty,156,False,True,True,4,False,False,False
True,2,False,0.0,False,2,False,True,0,fixed_n4,False,safe_early_stop,157,False,True,False,4,False,False,False
True,2,False,0.0,False,2,False,True,0,fixed_n4,False,safe_early_stop,158,False,True,False,4,False,False,False
True,2,False,0.0,False,2,False,True,0,fixed_n4,False,safe_early_stop,159,False,True,False,4,False,False,False
True,3,False,0.0,False,2,True,True,0,fixed_n4,False,safe_early_stop,160,False,True,False,4,False,False,False
True,2,False,0.0,False,2,False,True,0,fixed_n4,False,safe_early_stop,161,False,True,False,4,False,False,False
True,2,False,0.0,False,2,False,True,0,fixed_n4,False,safe_early_stop,162,False,True,False,4,False,False,False
True,2,False,0.0,False,2,False,True,0,fixed_n4,False,safe_early_stop,163,False,True,False,4,False,False,False
False,16,True,0.25,False,2,True,False,4,fixed_n4,False,invalid_extraction_driven_uncertainty,164,False,True,False,4,False,False,True
True,2,False,0.0,False,2,False,True,0,fixed_n4,False,safe_early_stop,165,False,True,False,4,False,False,False
False,10,False,0.0,False,10,False,True,1,fixed_n4,True,premature_stop_with_missed_recovery,166,False,False,False,4,False,False,False
True,2,False,0.0,False,2,False,True,0,fixed_n4,False,safe_early_stop,167,False,True,False,4,False,False,False
False,2,True,0.25,False,2,False,False,0,fixed_n4,False,invalid_extraction_driven_uncertainty,168,False,True,True,4,False,False,False
True,3,False,0.0,False,2,True,True,0,fixed_n4,False,safe_early_stop,169,False,True,False,4,False,False,False
False,16,True,0.75,False,2,True,False,0,fixed_n4,False,invalid_extraction_driven_uncertainty,170,False,True,True,4,False,False,False
True,2,False,0.0,False,2,False,True,0,fixed_n4,False,safe_early_stop,171,False,True,False,4,False,False,False
True,2,False,0.0,False,2,False,True,0,fixed_n4,False,safe_early_stop,172,False,True,False,4,False,False,False
True,2,False,0.0,False,2,False,True,0,fixed_n4,False,safe_early_stop,173,False,True,False,4,False,False,False
True,3,False,0.0,False,2,True,True,0,fixed_n4,False,safe_early_stop,174,False,True,False,4,False,False,False
True,3,False,0.0,False,2,True,True,0,fixed_n4,False,safe_early_stop,175,False,True,False,4,False,False,False
True,5,False,0.0,False,4,True,True,0,fixed_n4,False,safe_early_stop,176,False,True,False,4,False,False,False
False,2,False,0.0,False,2,False,False,0,fixed_n4,False,stable_wrong_trajectory,177,False,True,True,4,False,False,False
True,2,False,0.0,False,2,False,True,0,fixed_n4,False,safe_early_stop,178,False,True,False,4,False,False,False
True,2,True,0.5,False,2,False,True,0,fixed_n4,False,invalid_extraction_driven_uncertainty,179,False,True,False,4,False,False,False
True,8,False,0.0,False,8,False,True,2,fixed_n4,False,unstable_trajectory,180,False,True,False,4,False,False,True
True,2,False,0.0,False,2,False,True,0,fixed_n4,False,safe_early_stop,181,False,True,False,4,False,False,False
True,2,False,0.0,False,2,False,True,0,fixed_n4,False,safe_early_stop,182,False,True,False,4,False,False,False
True,2,False,0.0,False,2,False,True,0,fixed_n4,False,safe_early_stop,183,False,True,False,4,False,False,False
False,16,False,0.0,False,16,False,False,1,fixed_n4,False,safe_early_stop,184,False,True,False,4,False,False,False
True,3,False,0.0,False,2,True,True,0,fixed_n4,False,safe_early_stop,185,False,True,False,4,False,False,False
True,3,False,0.0,False,2,True,True,0,fixed_n4,False,safe_early_stop,186,False,True,False,4,False,False,False
True,3,False,0.0,False,2,True,True,0,fixed_n4,False,safe_early_stop,187,False,True,False,4,False,False,False
True,2,True,0.5,False,2,False,True,0,fixed_n4,False,invalid_extraction_driven_uncertainty,188,False,True,False,4,False,False,False
False,16,True,0.25,False,16,False,True,2,fixed_n4,True,premature_stop_with_missed_recovery,189,False,False,False,4,False,False,True
True,4,False,0.0,False,4,False,False,3,fixed_n4,False,regression_avoided,190,True,True,False,4,False,False,True
True,2,False,0.0,False,2,False,True,0,fixed_n4,False,safe_early_stop,191,False,True,False,4,False,False,False
True,2,False,0.0,False,2,False,True,0,fixed_n4,False,safe_early_stop,192,False,True,False,4,False,False,False
True,3,False,0.0,False,2,True,True,0,fixed_n4,False,safe_early_stop,193,False,True,False,4,False,False,False
True,2,True,0.25,False,2,False,True,0,fixed_n4,False,invalid_extraction_driven_uncertainty,194,False,True,False,4,False,False,False
True,2,False,0.0,False,2,False,True,0,fixed_n4,False,safe_early_stop,195,False,True,False,4,False,False,False
True,2,False,0.0,False,2,False,True,0,fixed_n4,False,safe_early_stop,196,False,True,False,4,False,False,False
True,4,False,0.0,False,4,False,True,0,fixed_n4,False,safe_early_stop,197,False,True,False,4,False,False,False
True,2,False,0.0,False,2,False,True,0,fixed_n4,False,safe_early_stop,198,False,True,False,4,False,False,False
True,3,False,0.0,False,2,True,True,0,fixed_n4,False,safe_early_stop,199,False,True,False,4,False,False,False
True,2,False,0.0,False,2,False,True,0,fixed_n4,False,safe_early_stop,200,False,True,False,4,False,False,False
True,2,False,0.0,False,2,False,True,0,fixed_n4,False,safe_early_stop,201,False,True,False,4,False,False,False
True,2,False,0.0,False,2,False,True,0,fixed_n4,False,safe_early_stop,202,False,True,False,4,False,False,False
True,3,False,0.0,False,2,True,True,0,fixed_n4,False,safe_early_stop,203,False,True,False,4,False,False,False
False,16,False,0.0,False,4,True,False,1,fixed_n4,False,safe_early_stop,204,False,True,False,4,False,False,False
True,2,False,0.0,False,2,False,True,0,fixed_n4,False,safe_early_stop,205,False,True,False,4,False,False,False
True,2,False,0.0,False,2,False,True,0,fixed_n4,False,safe_early_stop,206,False,True,False,4,False,False,False
True,2,False,0.0,False,2,False,True,0,fixed_n4,False,safe_early_stop,207,False,True,False,4,False,False,False
True,2,False,0.0,False,2,False,True,0,fixed_n4,False,safe_early_stop,208,False,True,False,4,False,False,False
True,2,False,0.0,False,2,False,True,0,fixed_n4,False,safe_early_stop,209,False,True,False,4,False,False,False
True,16,False,0.0,False,16,False,True,2,fixed_n4,False,unstable_trajectory,210,False,True,False,4,False,False,True
True,2,False,0.0,False,2,False,True,0,fixed_n4,False,safe_early_stop,211,False,True,False,4,False,False,False
True,4,False,0.0,False,4,False,True,0,fixed_n4,False,safe_early_stop,212,False,True,False,4,False,False,False
False,2,True,0.25,False,2,False,False,0,fixed_n4,False,invalid_extraction_driven_uncertainty,213,False,True,True,4,False,False,False
False,16,False,0.0,False,16,False,False,3,fixed_n4,False,unstable_trajectory,214,False,True,False,4,False,False,True
True,2,False,0.0,False,2,False,True,0,fixed_n4,False,safe_early_stop,215,False,True,False,4,False,False,False
True,2,False,0.0,False,2,False,True,0,fixed_n4,False,safe_early_stop,216,False,True,False,4,False,False,False
False,3,False,0.0,False,2,True,False,0,fixed_n4,False,stable_wrong_trajectory,217,False,True,True,4,False,False,False
True,2,True,0.25,False,2,False,True,0,fixed_n4,False,invalid_extraction_driven_uncertainty,218,False,True,False,4,False,False,False
True,16,False,0.0,False,16,False,True,0,fixed_n4,False,safe_early_stop,219,False,True,False,4,False,False,False
False,2,False,0.0,False,2,False,False,0,fixed_n4,False,stable_wrong_trajectory,220,False,True,True,4,False,False,False
True,2,False,0.0,False,2,False,True,0,fixed_n4,False,safe_early_stop,221,False,True,False,4,False,False,False
False,4,False,0.0,False,4,False,False,1,fixed_n4,False,safe_early_stop,222,False,True,False,4,False,False,False
True,2,False,0.0,False,2,False,True,0,fixed_n4,False,safe_early_stop,223,False,True,False,4,False,False,False
False,2,True,0.25,False,2,False,False,0,fixed_n4,False,invalid_extraction_driven_uncertainty,224,False,True,True,4,False,False,False
True,2,False,0.0,False,2,False,True,0,fixed_n4,False,safe_early_stop,225,False,True,False,4,False,False,False
True,2,False,0.0,False,2,False,True,0,fixed_n4,False,safe_early_stop,226,False,True,False,4,False,False,False
True,2,False,0.0,False,2,False,True,0,fixed_n4,False,safe_early_stop,227,False,True,False,4,False,False,False
True,14,True,0.25,False,14,False,True,1,fixed_n4,False,invalid_extraction_driven_uncertainty,228,False,True,False,4,False,False,False
True,2,False,0.0,False,2,False,True,0,fixed_n4,False,safe_early_stop,229,False,True,False,4,False,False,False
True,3,False,0.0,False,2,True,True,0,fixed_n4,False,safe_early_stop,230,False,True,False,4,False,False,False
True,2,False,0.0,False,2,False,True,0,fixed_n4,False,safe_early_stop,231,False,True,False,4,False,False,False
True,6,False,0.0,False,6,False,True,1,fixed_n4,False,safe_early_stop,232,False,True,False,4,False,False,False
True,2,False,0.0,False,2,False,True,0,fixed_n4,False,safe_early_stop,233,False,True,False,4,False,False,False
False,8,False,0.0,True,2,True,True,1,fixed_n4,True,premature_stop_with_missed_recovery,234,False,False,False,4,True,False,False
True,3,False,0.0,False,2,True,True,0,fixed_n4,False,safe_early_stop,235,False,True,False,4,False,False,False
False,16,True,0.5,False,16,False,False,5,fixed_n4,False,invalid_extraction_driven_uncertainty,236,False,True,False,4,False,False,True
True,2,False,0.0,False,2,False,True,0,fixed_n4,False,safe_early_stop,237,False,True,False,4,False,False,False
True,2,False,0.0,False,2,False,True,0,fixed_n4,False,safe_early_stop,238,False,True,False,4,False,False,False
False,16,True,1.0,False,16,False,False,0,fixed_n4,False,invalid_extraction_driven_uncertainty,239,False,True,True,4,False,False,False
False,14,False,0.0,False,14,False,False,1,fixed_n4,False,safe_early_stop,240,False,True,False,4,False,False,False
True,2,False,0.0,False,2,False,True,0,fixed_n4,False,safe_early_stop,241,False,True,False,4,False,False,False
False,6,False,0.0,False,6,False,False,1,fixed_n4,False,safe_early_stop,242,False,True,False,4,False,False,False
True,2,False,0.0,False,2,False,True,0,fixed_n4,False,safe_early_stop,243,False,True,False,4,False,False,False
True,2,False,0.0,False,2,False,True,0,fixed_n4,False,safe_early_stop,244,False,True,False,4,False,False,False
False,16,False,0.0,False,16,False,False,1,fixed_n4,False,safe_early_stop,245,False,True,False,4,False,False,False
True,6,False,0.0,False,2,True,True,0,fixed_n4,False,safe_early_stop,246,False,True,False,4,False,False,False
True,2,False,0.0,False,2,False,True,0,fixed_n4,False,safe_early_stop,247,False,True,False,4,False,False,False
False,16,True,1.0,False,16,False,False,0,fixed_n4,False,invalid_extraction_driven_uncertainty,248,False,True,True,4,False,False,False
False,2,True,0.25,False,2,False,False,1,fixed_n4,False,invalid_extraction_driven_uncertainty,249,False,True,False,4,False,False,False
True,2,False,0.0,False,2,False,True,0,fixed_n4,False,safe_early_stop,250,False,True,False,4,False,False,False
True,2,False,0.0,False,2,False,True,0,fixed_n4,False,safe_early_stop,251,False,True,False,4,False,False,False
True,2,False,0.0,False,2,False,True,0,fixed_n4,False,safe_early_stop,252,False,True,False,4,False,False,False
True,2,False,0.0,False,2,False,True,0,fixed_n4,False,safe_early_stop,253,False,True,False,4,False,False,False
True,2,False,0.0,False,2,False,True,0,fixed_n4,False,safe_early_stop,254,False,True,False,4,False,False,False
True,3,False,0.0,False,2,True,True,0,fixed_n4,False,safe_early_stop,255,False,True,False,4,False,False,False
True,2,False,0.0,False,2,False,True,0,fixed_n4,False,safe_early_stop,256,False,True,False,4,False,False,False
True,2,False,0.0,False,2,False,True,0,fixed_n4,False,safe_early_stop,257,False,True,False,4,False,False,False
True,2,False,0.0,False,2,False,True,0,fixed_n4,False,safe_early_stop,258,False,True,False,4,False,False,False
True,3,False,0.0,False,2,True,True,0,fixed_n4,False,safe_early_stop,259,False,True,False,4,False,False,False
True,2,False,0.0,False,2,False,True,0,fixed_n4,False,safe_early_stop,260,False,True,False,4,False,False,False
True,2,False,0.0,False,2,False,True,0,fixed_n4,False,safe_early_stop,261,False,True,False,4,False,False,False
True,2,False,0.0,False,2,False,True,0,fixed_n4,False,safe_early_stop,262,False,True,False,4,False,False,False
True,2,False,0.0,False,2,False,True,0,fixed_n4,False,safe_early_stop,263,False,True,False,4,False,False,False
False,2,False,0.0,False,2,False,False,0,fixed_n4,False,stable_wrong_trajectory,264,False,True,True,4,False,False,False
True,2,False,0.0,False,2,False,True,0,fixed_n4,False,safe_early_stop,265,False,True,False,4,False,False,False
False,2,False,0.0,False,2,False,True,5,fixed_n4,True,premature_stop_with_missed_recovery,266,False,False,False,4,False,False,True
False,10,False,0.0,False,10,False,True,1,fixed_n4,True,premature_stop_with_missed_recovery,267,False,False,False,4,False,False,False
True,2,False,0.0,False,2,False,True,0,fixed_n4,False,safe_early_stop,268,False,True,False,4,False,False,False
True,3,False,0.0,False,2,True,True,0,fixed_n4,False,safe_early_stop,269,False,True,False,4,False,False,False
True,2,False,0.0,False,2,False,True,0,fixed_n4,False,safe_early_stop,270,False,True,False,4,False,False,False
True,2,False,0.0,False,2,False,True,0,fixed_n4,False,safe_early_stop,271,False,True,False,4,False,False,False
True,2,False,0.0,False,2,False,True,2,fixed_n4,False,unstable_trajectory,272,False,True,False,4,False,False,True
True,2,False,0.0,False,2,False,True,0,fixed_n4,False,safe_early_stop,273,False,True,False,4,False,False,False
False,16,False,0.0,False,16,False,False,1,fixed_n4,False,safe_early_stop,274,False,True,False,4,False,False,False
True,2,False,0.0,False,2,False,True,0,fixed_n4,False,safe_early_stop,275,False,True,False,4,False,False,False
True,2,False,0.0,False,2,False,True,0,fixed_n4,False,safe_early_stop,276,False,True,False,4,False,False,False
True,2,False,0.0,False,2,False,True,0,fixed_n4,False,safe_early_stop,277,False,True,False,4,False,False,False
True,2,False,0.0,False,2,False,True,0,fixed_n4,False,safe_early_stop,278,False,True,False,4,False,False,False
False,2,False,0.0,False,2,False,True,1,fixed_n4,True,premature_stop_with_missed_recovery,279,False,False,False,4,False,False,False
True,3,False,0.0,False,2,True,True,0,fixed_n4,False,safe_early_stop,280,False,True,False,4,False,False,False
True,16,False,0.0,False,16,False,True,3,fixed_n4,False,unstable_trajectory,281,False,True,False,4,False,False,True
False,2,False,0.0,False,2,False,False,0,fixed_n4,False,stable_wrong_trajectory,282,False,True,True,4,False,False,False
True,2,False,0.0,False,2,False,True,0,fixed_n4,False,safe_early_stop,283,False,True,False,4,False,False,False
True,2,False,0.0,False,2,False,False,3,fixed_n4,False,regression_avoided,284,True,True,False,4,False,False,True
False,4,True,0.75,False,3,True,False,1,fixed_n4,False,invalid_extraction_driven_uncertainty,285,False,True,False,4,False,False,False
False,2,True,0.5,False,2,False,False,0,fixed_n4,False,invalid_extraction_driven_uncertainty,286,False,True,True,4,False,False,False
True,2,False,0.0,False,2,False,True,0,fixed_n4,False,safe_early_stop,287,False,True,False,4,False,False,False
False,2,True,0.75,False,2,False,False,0,fixed_n4,False,invalid_extraction_driven_uncertainty,288,False,True,True,4,False,False,False
True,2,False,0.0,False,2,False,True,0,fixed_n4,False,safe_early_stop,289,False,True,False,4,False,False,False
True,11,True,0.5,False,11,False,True,0,fixed_n4,False,invalid_extraction_driven_uncertainty,290,False,True,False,4,False,False,False
False,16,False,0.0,False,16,False,True,2,fixed_n4,True,premature_stop_with_missed_recovery,291,False,False,False,4,False,False,True
False,9,True,0.75,False,2,True,False,0,fixed_n4,False,invalid_extraction_driven_uncertainty,292,False,True,True,4,False,False,False
True,2,False,0.0,False,2,False,True,0,fixed_n4,False,safe_early_stop,293,False,True,False,4,False,False,False
True,6,False,0.0,False,4,True,True,1,fixed_n4,False,safe_early_stop,294,False,True,False,4,False,False,False
False,4,False,0.0,False,4,False,False,0,fixed_n4,False,stable_wrong_trajectory,295,False,True,True,4,False,False,False
False,2,True,0.25,False,2,False,False,0,fixed_n4,False,invalid_extraction_driven_uncertainty,296,False,True,True,4,False,False,False
True,2,False,0.0,False,2,False,True,0,fixed_n4,False,safe_early_stop,297,False,True,False,4,False,False,False
True,2,True,0.25,False,2,False,True,3,fixed_n4,False,invalid_extraction_driven_uncertainty,298,False,True,False,4,False,False,True
True,2,False,0.0,False,2,False,True,0,fixed_n4,False,safe_early_stop,299,False,True,False,4,False,False,False
True,3,False,0.0,False,2,True,True,0,fixed_n4,False,safe_early_stop,300,False,True,False,4,False,False,False
False,3,False,0.0,False,2,True,False,0,fixed_n4,False,stable_wrong_trajectory,301,False,True,True,4,False,False,False
False,16,False,0.0,False,16,False,True,2,fixed_n4,True,premature_stop_with_missed_recovery,302,False,False,False,4,False,False,True
False,2,True,0.25,False,2,False,False,0,fixed_n4,False,invalid_extraction_driven_uncertainty,303,False,True,True,4,False,False,False
True,4,True,0.25,False,2,True,True,0,fixed_n4,False,invalid_extraction_driven_uncertainty,304,False,True,False,4,False,False,False
True,2,False,0.0,False,2,False,True,0,fixed_n4,False,safe_early_stop,305,False,True,False,4,False,False,False
False,16,False,0.0,False,16,False,False,1,fixed_n4,False,safe_early_stop,306,False,True,False,4,False,False,False
True,3,False,0.0,False,2,True,True,0,fixed_n4,False,safe_early_stop,307,False,True,False,4,False,False,False
False,16,False,0.0,False,16,False,False,2,fixed_n4,False,unstable_trajectory,308,False,True,False,4,False,False,True
False,16,False,0.0,False,16,False,False,3,fixed_n4,False,unstable_trajectory,309,False,True,False,4,False,False,True
True,2,False,0.0,False,2,False,True,0,fixed_n4,False,safe_early_stop,310,False,True,False,4,False,False,False
True,3,False,0.0,False,2,True,True,0,fixed_n4,False,safe_early_stop,311,False,True,False,4,False,False,False
True,2,False,0.0,False,2,False,True,0,fixed_n4,False,safe_early_stop,312,False,True,False,4,False,False,False
True,2,False,0.0,False,2,False,True,0,fixed_n4,False,safe_early_stop,313,False,True,False,4,False,False,False
True,2,False,0.0,False,2,False,True,0,fixed_n4,False,safe_early_stop,314,False,True,False,4,False,False,False
True,2,False,0.0,False,2,False,True,0,fixed_n4,False,safe_early_stop,315,False,True,False,4,False,False,False
True,2,False,0.0,False,2,False,True,0,fixed_n4,False,safe_early_stop,316,False,True,False,4,False,False,False
False,3,False,0.0,False,2,True,False,0,fixed_n4,False,stable_wrong_trajectory,317,False,True,True,4,False,False,False
True,3,False,0.0,False,2,True,True,0,fixed_n4,False,safe_early_stop,318,False,True,False,4,False,False,False
True,3,False,0.0,False,2,True,True,0,fixed_n4,False,safe_early_stop,319,False,True,False,4,False,False,False
True,2,False,0.0,False,2,False,True,0,fixed_n4,False,safe_early_stop,320,False,True,False,4,False,False,False
True,3,False,0.0,False,2,True,True,0,fixed_n4,False,safe_early_stop,321,False,True,False,4,False,False,False
True,2,False,0.0,False,2,False,True,0,fixed_n4,False,safe_early_stop,322,False,True,False,4,False,False,False
True,2,False,0.0,False,2,False,True,0,fixed_n4,False,safe_early_stop,323,False,True,False,4,False,False,False
False,16,False,0.0,False,16,False,True,1,fixed_n4,True,premature_stop_with_missed_recovery,324,False,False,False,4,False,False,False
True,2,False,0.0,False,2,False,True,0,fixed_n4,False,safe_early_stop,325,False,True,False,4,False,False,False
True,4,True,0.75,False,3,True,True,1,fixed_n4,False,invalid_extraction_driven_uncertainty,326,False,True,False,4,False,False,False
False,16,True,0.25,False,2,True,False,0,fixed_n4,False,invalid_extraction_driven_uncertainty,327,False,True,True,4,False,False,False
True,4,False,0.0,False,4,False,True,0,fixed_n4,False,safe_early_stop,328,False,True,False,4,False,False,False
True,2,False,0.0,False,2,False,True,0,fixed_n4,False,safe_early_stop,329,False,True,False,4,False,False,False
True,2,False,0.0,False,2,False,True,0,fixed_n4,False,safe_early_stop,330,False,True,False,4,False,False,False
True,2,False,0.0,False,2,False,True,0,fixed_n4,False,safe_early_stop,331,False,True,False,4,False,False,False
False,16,False,0.0,False,16,False,True,6,fixed_n4,True,premature_stop_with_missed_recovery,332,False,False,False,4,False,False,True
True,4,True,0.5,False,2,True,True,0,fixed_n4,False,invalid_extraction_driven_uncertainty,333,False,True,False,4,False,False,False
True,2,False,0.0,False,2,False,True,0,fixed_n4,False,safe_early_stop,334,False,True,False,4,False,False,False
True,2,False,0.0,False,2,False,True,0,fixed_n4,False,safe_early_stop,335,False,True,False,4,False,False,False
True,2,False,0.0,False,2,False,True,0,fixed_n4,False,safe_early_stop,336,False,True,False,4,False,False,False
True,2,False,0.0,False,2,False,True,0,fixed_n4,False,safe_early_stop,337,False,True,False,4,False,False,False
True,2,False,0.0,False,2,False,True,0,fixed_n4,False,safe_early_stop,338,False,True,False,4,False,False,False
True,4,False,0.0,False,4,False,True,0,fixed_n4,False,safe_early_stop,339,False,True,False,4,False,False,False
False,16,True,1.0,False,16,False,False,0,fixed_n4,False,invalid_extraction_driven_uncertainty,340,False,True,True,4,False,False,False
True,3,False,0.0,False,2,True,True,0,fixed_n4,False,safe_early_stop,341,False,True,False,4,False,False,False
True,2,False,0.0,False,2,False,True,0,fixed_n4,False,safe_early_stop,342,False,True,False,4,False,False,False
True,2,False,0.0,False,2,False,True,0,fixed_n4,False,safe_early_stop,343,False,True,False,4,False,False,False
True,3,False,0.0,False,2,True,True,0,fixed_n4,False,safe_early_stop,344,False,True,False,4,False,False,False
True,2,False,0.0,False,2,False,True,0,fixed_n4,False,safe_early_stop,345,False,True,False,4,False,False,False
True,2,False,0.0,False,2,False,True,0,fixed_n4,False,safe_early_stop,346,False,True,False,4,False,False,False
True,2,False,0.0,False,2,False,True,0,fixed_n4,False,safe_early_stop,347,False,True,False,4,False,False,False
True,2,False,0.0,False,2,False,True,0,fixed_n4,False,safe_early_stop,348,False,True,False,4,False,False,False
False,2,False,0.0,False,2,False,False,0,fixed_n4,False,stable_wrong_trajectory,349,False,True,True,4,False,False,False
True,2,False,0.0,False,2,False,True,0,fixed_n4,False,safe_early_stop,350,False,True,False,4,False,False,False
False,2,False,0.0,False,2,False,False,0,fixed_n4,False,stable_wrong_trajectory,351,False,True,True,4,False,False,False
False,14,True,0.75,False,2,True,False,1,fixed_n4,False,invalid_extraction_driven_uncertainty,352,False,True,False,4,False,False,False
True,2,False,0.0,False,2,False,True,0,fixed_n4,False,safe_early_stop,353,False,True,False,4,False,False,False
True,2,False,0.0,False,2,False,True,0,fixed_n4,False,safe_early_stop,354,False,True,False,4,False,False,False
False,16,False,0.0,False,16,False,False,1,fixed_n4,False,safe_early_stop,355,False,True,False,4,False,False,False
True,2,False,0.0,False,2,False,True,0,fixed_n4,False,safe_early_stop,356,False,True,False,4,False,False,False
False,16,False,0.0,False,16,False,True,1,fixed_n4,True,premature_stop_with_missed_recovery,357,False,False,False,4,False,False,False
False,16,False,0.0,False,16,False,False,2,fixed_n4,False,unstable_trajectory,358,False,True,False,4,False,False,True
True,2,True,0.25,False,2,False,True,0,fixed_n4,False,invalid_extraction_driven_uncertainty,359,False,True,False,4,False,False,False
True,2,False,0.0,False,2,False,True,0,fixed_n4,False,safe_early_stop,360,False,True,False,4,False,False,False
True,3,False,0.0,False,2,True,True,0,fixed_n4,False,safe_early_stop,361,False,True,False,4,False,False,False
True,2,False,0.0,False,2,False,True,0,fixed_n4,False,safe_early_stop,362,False,True,False,4,False,False,False
True,3,False,0.0,False,2,True,True,0,fixed_n4,False,safe_early_stop,363,False,True,False,4,False,False,False
True,2,False,0.0,False,2,False,True,0,fixed_n4,False,safe_early_stop,364,False,True,False,4,False,False,False
False,2,False,0.0,False,2,False,False,0,fixed_n4,False,stable_wrong_trajectory,365,False,True,True,4,False,False,False
True,2,False,0.0,False,2,False,True,0,fixed_n4,False,safe_early_stop,366,False,True,False,4,False,False,False
True,2,False,0.0,False,2,False,True,0,fixed_n4,False,safe_early_stop,367,False,True,False,4,False,False,False
True,2,False,0.0,False,2,False,True,0,fixed_n4,False,safe_early_stop,368,False,True,False,4,False,False,False
False,2,False,0.0,False,2,False,False,1,fixed_n4,False,safe_early_stop,369,False,True,False,4,False,False,False
True,3,False,0.0,False,2,True,True,0,fixed_n4,False,safe_early_stop,370,False,True,False,4,False,False,False
False,16,True,0.25,False,16,False,True,5,fixed_n4,True,premature_stop_with_missed_recovery,371,False,False,False,4,False,False,True
False,16,False,0.0,False,16,False,False,4,fixed_n4,False,unstable_trajectory,372,False,True,False,4,False,False,True
True,2,False,0.0,False,2,False,True,0,fixed_n4,False,safe_early_stop,373,False,True,False,4,False,False,False
True,2,False,0.0,False,2,False,True,0,fixed_n4,False,safe_early_stop,374,False,True,False,4,False,False,False
True,3,False,0.0,False,2,True,True,0,fixed_n4,False,safe_early_stop,375,False,True,False,4,False,False,False
True,3,True,0.5,False,2,True,True,0,fixed_n4,False,invalid_extraction_driven_uncertainty,376,False,True,False,4,False,False,False
True,2,False,0.0,False,2,False,True,0,fixed_n4,False,safe_early_stop,377,False,True,False,4,False,False,False
True,4,False,0.0,False,4,False,True,0,fixed_n4,False,safe_early_stop,378,False,True,False,4,False,False,False
True,2,False,0.0,False,2,False,True,0,fixed_n4,False,safe_early_stop,379,False,True,False,4,False,False,False
False,16,False,0.0,True,2,True,True,1,fixed_n4,True,premature_stop_with_missed_recovery,380,False,False,False,4,True,False,False
False,16,False,0.0,False,16,False,False,0,fixed_n4,False,stable_wrong_trajectory,381,False,True,True,4,False,False,False
True,4,False,0.0,False,4,False,True,0,fixed_n4,False,safe_early_stop,382,False,True,False,4,False,False,False
True,2,False,0.0,False,2,False,True,0,fixed_n4,False,safe_early_stop,383,False,True,False,4,False,False,False
True,3,False,0.0,False,2,True,True,0,fixed_n4,False,safe_early_stop,384,False,True,False,4,False,False,False
False,2,False,0.0,False,2,False,True,1,fixed_n4,True,premature_stop_with_missed_recovery,385,False,False,False,4,False,False,False
True,2,False,0.0,False,2,False,True,0,fixed_n4,False,safe_early_stop,386,False,True,False,4,False,False,False
True,2,False,0.0,False,2,False,True,0,fixed_n4,False,safe_early_stop,387,False,True,False,4,False,False,False
True,16,False,0.0,False,16,False,True,3,fixed_n4,False,unstable_trajectory,388,False,True,False,4,False,False,True
False,16,False,0.0,False,16,False,True,1,fixed_n4,True,premature_stop_with_missed_recovery,389,False,False,False,4,False,False,False
True,4,False,0.0,False,4,False,True,1,fixed_n4,False,safe_early_stop,390,False,True,False,4,False,False,False
True,2,True,0.25,False,2,False,True,0,fixed_n4,False,invalid_extraction_driven_uncertainty,391,False,True,False,4,False,False,False
False,2,False,0.0,False,2,False,False,0,fixed_n4,False,stable_wrong_trajectory,392,False,True,True,4,False,False,False
True,2,False,0.0,False,2,False,True,0,fixed_n4,False,safe_early_stop,393,False,True,False,4,False,False,False
False,14,True,0.25,False,14,False,True,1,fixed_n4,True,premature_stop_with_missed_recovery,394,False,False,False,4,False,False,False
True,2,False,0.0,False,2,False,True,0,fixed_n4,False,safe_early_stop,395,False,True,False,4,False,False,False
True,2,False,0.0,False,2,False,True,0,fixed_n4,False,safe_early_stop,396,False,True,False,4,False,False,False
True,2,False,0.0,False,2,False,True,0,fixed_n4,False,safe_early_stop,397,False,True,False,4,False,False,False
False,16,False,0.0,False,16,False,False,1,fixed_n4,False,safe_early_stop,398,False,True,False,4,False,False,False
True,3,False,0.0,False,2,True,True,0,fixed_n4,False,safe_early_stop,399,False,True,False,4,False,False,False
False,16,False,0.0,False,16,False,True,6,fixed_n4,True,premature_stop_with_missed_recovery,400,False,False,False,4,False,False,True
False,6,True,1.0,False,6,False,False,1,fixed_n4,False,invalid_extraction_driven_uncertainty,401,False,True,False,4,False,False,False
True,2,False,0.0,False,2,False,True,0,fixed_n4,False,safe_early_stop,402,False,True,False,4,False,False,False
False,2,False,0.0,False,2,False,False,0,fixed_n4,False,stable_wrong_trajectory,403,False,True,True,4,False,False,False
True,2,False,0.0,False,2,False,True,0,fixed_n4,False,safe_early_stop,404,False,True,False,4,False,False,False
True,2,False,0.0,False,2,False,True,0,fixed_n4,False,safe_early_stop,405,False,True,False,4,False,False,False
True,2,False,0.0,False,2,False,True,0,fixed_n4,False,safe_early_stop,406,False,True,False,4,False,False,False
True,2,False,0.0,False,2,False,True,0,fixed_n4,False,safe_early_stop,407,False,True,False,4,False,False,False
False,10,True,1.0,False,10,False,True,1,fixed_n4,True,premature_stop_with_missed_recovery,408,False,False,False,4,False,False,False
True,2,False,0.0,False,2,False,True,0,fixed_n4,False,safe_early_stop,409,False,True,False,4,False,False,False
True,2,False,0.0,False,2,False,True,0,fixed_n4,False,safe_early_stop,410,False,True,False,4,False,False,False
True,3,False,0.0,False,2,True,True,0,fixed_n4,False,safe_early_stop,411,False,True,False,4,False,False,False
True,16,True,0.75,False,4,True,False,3,fixed_n4,False,regression_avoided,412,True,True,False,4,False,False,True
True,3,False,0.0,False,2,True,True,0,fixed_n4,False,safe_early_stop,413,False,True,False,4,False,False,False
True,2,False,0.0,False,2,False,True,0,fixed_n4,False,safe_early_stop,414,False,True,False,4,False,False,False
True,2,False,0.0,False,2,False,True,0,fixed_n4,False,safe_early_stop,415,False,True,False,4,False,False,False
True,2,False,0.0,False,2,False,True,0,fixed_n4,False,safe_early_stop,416,False,True,False,4,False,False,False
True,2,False,0.0,False,2,False,True,0,fixed_n4,False,safe_early_stop,417,False,True,False,4,False,False,False
True,2,False,0.0,False,2,False,True,0,fixed_n4,False,safe_early_stop,418,False,True,False,4,False,False,False
False,16,True,0.75,False,4,True,False,1,fixed_n4,False,invalid_extraction_driven_uncertainty,419,False,True,False,4,False,False,False
False,2,False,0.0,False,2,False,False,0,fixed_n4,False,stable_wrong_trajectory,420,False,True,True,4,False,False,False
True,2,True,0.25,False,2,False,True,0,fixed_n4,False,invalid_extraction_driven_uncertainty,421,False,True,False,4,False,False,False
False,7,True,1.0,False,7,False,False,1,fixed_n4,False,invalid_extraction_driven_uncertainty,422,False,True,False,4,False,False,False
True,2,False,0.0,False,2,False,False,5,fixed_n4,False,regression_avoided,423,True,True,False,4,False,False,True
True,2,False,0.0,False,2,False,True,0,fixed_n4,False,safe_early_stop,424,False,True,False,4,False,False,False
False,16,True,0.25,False,16,False,True,1,fixed_n4,True,premature_stop_with_missed_recovery,425,False,False,False,4,False,False,False
True,2,False,0.0,False,2,False,True,0,fixed_n4,False,safe_early_stop,426,False,True,False,4,False,False,False
True,2,False,0.0,False,2,False,True,0,fixed_n4,False,safe_early_stop,427,False,True,False,4,False,False,False
True,4,False,0.0,False,4,False,True,0,fixed_n4,False,safe_early_stop,428,False,True,False,4,False,False,False
True,2,False,0.0,False,2,False,True,0,fixed_n4,False,safe_early_stop,429,False,True,False,4,False,False,False
True,2,False,0.0,False,2,False,True,0,fixed_n4,False,safe_early_stop,430,False,True,False,4,False,False,False
False,16,False,0.0,False,16,False,False,4,fixed_n4,False,unstable_trajectory,431,False,True,False,4,False,False,True
False,16,True,0.5,False,2,True,False,0,fixed_n4,False,invalid_extraction_driven_uncertainty,432,False,True,True,4,False,False,False
True,3,False,0.0,False,2,True,True,0,fixed_n4,False,safe_early_stop,433,False,True,False,4,False,False,False
True,3,False,0.0,False,2,True,True,0,fixed_n4,False,safe_early_stop,434,False,True,False,4,False,False,False
True,2,False,0.0,False,2,False,True,0,fixed_n4,False,safe_early_stop,435,False,True,False,4,False,False,False
True,5,True,0.5,False,2,True,True,0,fixed_n4,False,invalid_extraction_driven_uncertainty,436,False,True,False,4,False,False,False
True,2,False,0.0,False,2,False,True,0,fixed_n4,False,safe_early_stop,437,False,True,False,4,False,False,False
True,2,False,0.0,False,2,False,True,0,fixed_n4,False,safe_early_stop,438,False,True,False,4,False,False,False
True,2,False,0.0,False,2,False,True,0,fixed_n4,False,safe_early_stop,439,False,True,False,4,False,False,False
True,2,False,0.0,False,2,False,True,0,fixed_n4,False,safe_early_stop,440,False,True,False,4,False,False,False
True,2,False,0.0,False,2,False,True,0,fixed_n4,False,safe_early_stop,441,False,True,False,4,False,False,False
True,2,False,0.0,False,2,False,True,0,fixed_n4,False,safe_early_stop,442,False,True,False,4,False,False,False
True,2,False,0.0,False,2,False,True,0,fixed_n4,False,safe_early_stop,443,False,True,False,4,False,False,False
False,3,True,0.5,False,2,True,False,0,fixed_n4,False,invalid_extraction_driven_uncertainty,444,False,True,True,4,False,False,False
False,16,False,0.0,False,16,False,False,4,fixed_n4,False,unstable_trajectory,445,False,True,False,4,False,False,True
True,2,False,0.0,False,2,False,True,0,fixed_n4,False,safe_early_stop,446,False,True,False,4,False,False,False
True,4,False,0.0,False,4,False,True,0,fixed_n4,False,safe_early_stop,447,False,True,False,4,False,False,False
True,2,False,0.0,False,2,False,True,0,fixed_n4,False,safe_early_stop,448,False,True,False,4,False,False,False
True,2,False,0.0,False,2,False,True,0,fixed_n4,False,safe_early_stop,449,False,True,False,4,False,False,False
True,2,False,0.0,False,2,False,True,0,fixed_n4,False,safe_early_stop,450,False,True,False,4,False,False,False
True,2,False,0.0,False,2,False,True,0,fixed_n4,False,safe_early_stop,451,False,True,False,4,False,False,False
True,3,False,0.0,False,2,True,True,0,fixed_n4,False,safe_early_stop,452,False,True,False,4,False,False,False
True,2,False,0.0,False,2,False,True,0,fixed_n4,False,safe_early_stop,453,False,True,False,4,False,False,False
False,16,True,1.0,False,16,False,False,0,fixed_n4,False,invalid_extraction_driven_uncertainty,454,False,True,True,4,False,False,False
True,2,False,0.0,False,2,False,True,0,fixed_n4,False,safe_early_stop,455,False,True,False,4,False,False,False
True,2,True,0.25,False,2,False,True,0,fixed_n4,False,invalid_extraction_driven_uncertainty,456,False,True,False,4,False,False,False
True,2,False,0.0,False,2,False,True,0,fixed_n4,False,safe_early_stop,457,False,True,False,4,False,False,False
True,3,True,0.25,False,2,True,True,0,fixed_n4,False,invalid_extraction_driven_uncertainty,458,False,True,False,4,False,False,False
True,4,True,0.25,False,2,True,True,0,fixed_n4,False,invalid_extraction_driven_uncertainty,459,False,True,False,4,False,False,False
True,16,False,0.0,False,4,True,False,3,fixed_n4,False,regression_avoided,460,True,True,False,4,False,False,True
True,2,False,0.0,False,2,False,True,0,fixed_n4,False,safe_early_stop,461,False,True,False,4,False,False,False
True,3,False,0.0,False,2,True,True,0,fixed_n4,False,safe_early_stop,462,False,True,False,4,False,False,False
True,3,False,0.0,False,2,True,True,0,fixed_n4,False,safe_early_stop,463,False,True,False,4,False,False,False
True,2,False,0.0,False,2,False,True,0,fixed_n4,False,safe_early_stop,464,False,True,False,4,False,False,False
True,2,False,0.0,False,2,False,True,0,fixed_n4,False,safe_early_stop,465,False,True,False,4,False,False,False
False,16,False,0.0,False,16,False,False,3,fixed_n4,False,unstable_trajectory,466,False,True,False,4,False,False,True
True,2,False,0.0,False,2,False,True,0,fixed_n4,False,safe_early_stop,467,False,True,False,4,False,False,False
True,2,False,0.0,False,2,False,True,0,fixed_n4,False,safe_early_stop,468,False,True,False,4,False,False,False
True,2,False,0.0,False,2,False,True,0,fixed_n4,False,safe_early_stop,469,False,True,False,4,False,False,False
False,4,True,0.75,False,4,False,True,2,fixed_n4,True,premature_stop_with_missed_recovery,470,False,False,False,4,False,False,True
True,3,False,0.0,False,2,True,True,0,fixed_n4,False,safe_early_stop,471,False,True,False,4,False,False,False
True,3,False,0.0,False,2,True,True,0,fixed_n4,False,safe_early_stop,472,False,True,False,4,False,False,False
False,4,False,0.0,False,4,False,True,3,fixed_n4,True,premature_stop_with_missed_recovery,473,False,False,False,4,False,False,True
True,2,False,0.0,False,2,False,True,0,fixed_n4,False,safe_early_stop,474,False,True,False,4,False,False,False
False,16,True,1.0,False,9,True,False,1,fixed_n4,False,invalid_extraction_driven_uncertainty,475,False,True,False,4,False,False,False
True,2,False,0.0,False,2,False,True,0,fixed_n4,False,safe_early_stop,476,False,True,False,4,False,False,False
True,10,False,0.0,False,10,False,True,0,fixed_n4,False,safe_early_stop,477,False,True,False,4,False,False,False
False,2,False,0.0,False,2,False,False,0,fixed_n4,False,stable_wrong_trajectory,478,False,True,True,4,False,False,False
True,3,False,0.0,False,2,True,True,0,fixed_n4,False,safe_early_stop,479,False,True,False,4,False,False,False
True,2,False,0.0,False,2,False,True,0,fixed_n4,False,safe_early_stop,480,False,True,False,4,False,False,False
False,16,True,0.25,False,16,False,False,1,fixed_n4,False,invalid_extraction_driven_uncertainty,481,False,True,False,4,False,False,False
False,16,False,0.0,False,16,False,True,2,fixed_n4,True,premature_stop_with_missed_recovery,482,False,False,False,4,False,False,True
False,15,True,1.0,False,14,True,True,1,fixed_n4,True,premature_stop_with_missed_recovery,483,False,False,False,4,False,False,False
True,3,False,0.0,False,2,True,True,0,fixed_n4,False,safe_early_stop,484,False,True,False,4,False,False,False
False,2,True,0.25,False,2,False,True,1,fixed_n4,True,premature_stop_with_missed_recovery,485,False,False,False,4,False,False,False
True,4,False,0.0,False,4,False,True,0,fixed_n4,False,safe_early_stop,486,False,True,False,4,False,False,False
True,2,False,0.0,False,2,False,True,0,fixed_n4,False,safe_early_stop,487,False,True,False,4,False,False,False
True,2,False,0.0,False,2,False,True,0,fixed_n4,False,safe_early_stop,488,False,True,False,4,False,False,False
True,2,False,0.0,False,2,False,True,0,fixed_n4,False,safe_early_stop,489,False,True,False,4,False,False,False
False,16,False,0.0,False,16,False,False,0,fixed_n4,False,stable_wrong_trajectory,490,False,True,True,4,False,False,False
False,16,False,0.0,False,16,False,False,2,fixed_n4,False,unstable_trajectory,491,False,True,False,4,False,False,True
True,3,False,0.0,False,2,True,True,0,fixed_n4,False,safe_early_stop,492,False,True,False,4,False,False,False
True,2,False,0.0,False,2,False,True,0,fixed_n4,False,safe_early_stop,493,False,True,False,4,False,False,False
True,16,True,0.25,False,2,True,False,1,fixed_n4,False,regression_avoided,494,True,True,False,4,False,False,False
True,2,False,0.0,False,2,False,True,0,fixed_n4,False,safe_early_stop,495,False,True,False,4,False,False,False
True,2,False,0.0,False,2,False,True,0,fixed_n4,False,safe_early_stop,496,False,True,False,4,False,False,False
False,16,False,0.0,False,16,False,False,1,fixed_n4,False,safe_early_stop,497,False,True,False,4,False,False,False
False,2,True,0.5,False,2,False,False,0,fixed_n4,False,invalid_extraction_driven_uncertainty,498,False,True,True,4,False,False,False
True,2,False,0.0,False,2,False,True,0,fixed_n4,False,safe_early_stop,499,False,True,False,4,False,False,False
True,2,False,0.0,False,2,False,True,0,simple_consensus,False,safe_early_stop,0,False,True,False,2,False,False,False
True,2,False,0.0,False,2,False,True,0,simple_consensus,False,safe_early_stop,1,False,True,False,2,False,False,False
True,3,False,0.0,False,2,True,True,0,simple_consensus,False,safe_early_stop,2,False,True,False,2,False,False,False
True,2,False,0.0,False,2,False,True,0,simple_consensus,False,safe_early_stop,3,False,True,False,2,False,False,False
True,2,False,0.0,False,2,False,True,0,simple_consensus,False,safe_early_stop,4,False,True,False,2,False,False,False
True,3,False,0.0,False,2,True,True,0,simple_consensus,False,safe_early_stop,5,False,True,False,2,False,False,False
True,3,False,0.0,False,2,True,True,0,simple_consensus,False,safe_early_stop,6,False,True,False,2,False,False,False
True,10,False,0.0,False,10,False,True,1,simple_consensus,False,safe_early_stop,7,False,True,False,10,False,False,False
True,2,False,0.0,False,2,False,True,0,simple_consensus,False,safe_early_stop,8,False,True,False,2,False,False,False
False,16,True,0.125,False,16,False,False,4,simple_consensus,False,unnecessary_continuation,9,False,False,False,16,False,True,True
True,2,False,0.0,False,2,False,True,0,simple_consensus,False,safe_early_stop,10,False,True,False,2,False,False,False
False,16,True,0.5,False,2,True,False,0,simple_consensus,False,invalid_extraction_driven_uncertainty,11,False,True,True,2,False,False,False
True,2,False,0.0,False,2,False,True,0,simple_consensus,False,safe_early_stop,12,False,True,False,2,False,False,False
True,2,False,0.0,False,2,False,True,0,simple_consensus,False,safe_early_stop,13,False,True,False,2,False,False,False
False,4,False,0.0,False,4,False,False,0,simple_consensus,False,stable_wrong_trajectory,14,False,True,True,3,False,False,False
True,2,False,0.0,False,2,False,True,0,simple_consensus,False,safe_early_stop,15,False,True,False,2,False,False,False
True,2,False,0.0,False,2,False,True,0,simple_consensus,False,safe_early_stop,16,False,True,False,2,False,False,False
True,4,False,0.0,False,4,False,False,6,simple_consensus,False,regression_avoided,17,True,True,False,3,False,False,True
True,2,False,0.0,False,2,False,False,3,simple_consensus,False,regression_avoided,18,True,True,False,2,False,False,True
True,2,False,0.0,False,2,False,True,0,simple_consensus,False,safe_early_stop,19,False,True,False,2,False,False,False
True,2,False,0.0,False,2,False,True,0,simple_consensus,False,safe_early_stop,20,False,True,False,2,False,False,False
True,16,True,0.125,False,16,False,True,1,simple_consensus,False,unnecessary_continuation,21,False,False,False,16,False,True,False
True,3,False,0.0,False,2,True,True,0,simple_consensus,False,safe_early_stop,22,False,True,False,2,False,False,False
True,3,False,0.0,False,2,True,True,0,simple_consensus,False,safe_early_stop,23,False,True,False,2,False,False,False
True,16,False,0.0,False,16,False,True,0,simple_consensus,False,safe_early_stop,24,False,True,False,3,False,False,False
False,2,True,0.5,False,2,False,False,1,simple_consensus,False,invalid_extraction_driven_uncertainty,25,False,True,False,2,False,False,False
False,16,False,0.0,False,16,False,False,0,simple_consensus,False,stable_wrong_trajectory,26,False,True,True,3,False,False,False
True,2,False,0.0,False,2,False,True,0,simple_consensus,False,safe_early_stop,27,False,True,False,2,False,False,False
True,2,False,0.0,False,2,False,True,0,simple_consensus,False,safe_early_stop,28,False,True,False,2,False,False,False
True,3,False,0.0,False,2,True,True,0,simple_consensus,False,safe_early_stop,29,False,True,False,2,False,False,False
True,2,False,0.0,False,2,False,True,0,simple_consensus,False,safe_early_stop,30,False,True,False,2,False,False,False
True,2,False,0.0,False,2,False,True,0,simple_consensus,False,safe_early_stop,31,False,True,False,2,False,False,False
True,3,False,0.0,False,2,True,True,0,simple_consensus,False,safe_early_stop,32,False,True,False,2,False,False,False
False,16,False,0.0,False,16,False,False,2,simple_consensus,False,unnecessary_continuation,33,False,False,False,16,False,True,True
True,2,False,0.0,False,2,False,True,0,simple_consensus,False,safe_early_stop,34,False,True,False,2,False,False,False
True,2,False,0.0,False,2,False,True,0,simple_consensus,False,safe_early_stop,35,False,True,False,2,False,False,False
True,4,False,0.0,False,4,False,True,1,simple_consensus,False,safe_early_stop,36,False,True,False,3,False,False,False
True,2,False,0.0,False,2,False,True,0,simple_consensus,False,safe_early_stop,37,False,True,False,2,False,False,False
True,2,False,0.0,False,2,False,True,0,simple_consensus,False,safe_early_stop,38,False,True,False,2,False,False,False
True,3,False,0.0,False,2,True,True,0,simple_consensus,False,safe_early_stop,39,False,True,False,2,False,False,False
True,2,False,0.0,False,2,False,True,0,simple_consensus,False,safe_early_stop,40,False,True,False,2,False,False,False
False,16,False,0.0,False,16,False,False,1,simple_consensus,False,unnecessary_continuation,41,False,False,False,16,False,True,False
True,2,False,0.0,False,2,False,True,0,simple_consensus,False,safe_early_stop,42,False,True,False,2,False,False,False
False,10,False,0.0,False,4,True,False,1,simple_consensus,False,safe_early_stop,43,False,True,False,3,False,False,False
True,2,False,0.0,False,2,False,True,0,simple_consensus,False,safe_early_stop,44,False,True,False,2,False,False,False
True,2,False,0.0,False,2,False,True,0,simple_consensus,False,safe_early_stop,45,False,True,False,2,False,False,False
True,7,True,0.5,False,2,True,True,0,simple_consensus,False,invalid_extraction_driven_uncertainty,46,False,True,False,2,False,False,False
True,2,False,0.0,False,2,False,True,0,simple_consensus,False,safe_early_stop,47,False,True,False,2,False,False,False
True,2,False,0.0,False,2,False,True,0,simple_consensus,False,safe_early_stop,48,False,True,False,2,False,False,False
True,2,False,0.0,False,2,False,True,0,simple_consensus,False,safe_early_stop,49,False,True,False,2,False,False,False
True,16,False,0.0,False,16,False,True,2,simple_consensus,False,unnecessary_continuation,50,False,False,False,16,False,True,True
True,2,False,0.0,False,2,False,True,0,simple_consensus,False,safe_early_stop,51,False,True,False,2,False,False,False
True,2,False,0.0,False,2,False,True,0,simple_consensus,False,safe_early_stop,52,False,True,False,2,False,False,False
True,2,False,0.0,False,2,False,True,0,simple_consensus,False,safe_early_stop,53,False,True,False,2,False,False,False
True,2,False,0.0,False,2,False,True,0,simple_consensus,False,safe_early_stop,54,False,True,False,2,False,False,False
True,2,False,0.0,False,2,False,True,0,simple_consensus,False,safe_early_stop,55,False,True,False,2,False,False,False
True,2,False,0.0,False,2,False,True,0,simple_consensus,False,safe_early_stop,56,False,True,False,2,False,False,False
True,3,False,0.0,False,2,True,True,0,simple_consensus,False,safe_early_stop,57,False,True,False,2,False,False,False
True,5,False,0.0,False,2,True,True,0,simple_consensus,False,safe_early_stop,58,False,True,False,2,False,False,False
True,2,False,0.0,False,2,False,True,0,simple_consensus,False,safe_early_stop,59,False,True,False,2,False,False,False
False,4,True,0.75,False,4,False,False,2,simple_consensus,False,invalid_extraction_driven_uncertainty,60,False,True,False,4,False,False,True
True,2,False,0.0,False,2,False,True,0,simple_consensus,False,safe_early_stop,61,False,True,False,2,False,False,False
False,16,False,0.0,False,16,False,False,6,simple_consensus,False,unnecessary_continuation,62,False,False,False,16,False,True,True
False,4,False,0.0,False,4,False,False,1,simple_consensus,False,safe_early_stop,63,False,True,False,4,False,False,False
False,2,True,0.5,False,2,False,True,1,simple_consensus,True,premature_stop_with_missed_recovery,64,False,False,False,2,False,False,False
True,2,False,0.0,False,2,False,True,0,simple_consensus,False,safe_early_stop,65,False,True,False,2,False,False,False
True,2,False,0.0,False,2,False,True,0,simple_consensus,False,safe_early_stop,66,False,True,False,2,False,False,False
True,4,False,0.0,False,4,False,True,0,simple_consensus,False,safe_early_stop,67,False,True,False,4,False,False,False
True,2,False,0.0,False,2,False,True,0,simple_consensus,False,safe_early_stop,68,False,True,False,2,False,False,False
True,2,False,0.0,False,2,False,True,0,simple_consensus,False,safe_early_stop,69,False,True,False,2,False,False,False
True,2,False,0.0,False,2,False,True,0,simple_consensus,False,safe_early_stop,70,False,True,False,2,False,False,False
True,16,False,0.0,False,16,False,True,1,simple_consensus,False,unnecessary_continuation,71,False,False,False,16,False,True,False
True,2,False,0.0,False,2,False,True,0,simple_consensus,False,safe_early_stop,72,False,True,False,2,False,False,False
True,3,False,0.0,False,2,True,True,0,simple_consensus,False,safe_early_stop,73,False,True,False,2,False,False,False
True,2,False,0.0,False,2,False,True,0,simple_consensus,False,safe_early_stop,74,False,True,False,2,False,False,False
True,3,False,0.0,False,2,True,True,0,simple_consensus,False,safe_early_stop,75,False,True,False,2,False,False,False
True,2,False,0.0,False,2,False,True,0,simple_consensus,False,safe_early_stop,76,False,True,False,2,False,False,False
True,2,False,0.0,False,2,False,True,0,simple_consensus,False,safe_early_stop,77,False,True,False,2,False,False,False
True,2,False,0.0,False,2,False,True,0,simple_consensus,False,safe_early_stop,78,False,True,False,2,False,False,False
True,3,False,0.0,False,2,True,True,0,simple_consensus,False,safe_early_stop,79,False,True,False,2,False,False,False
False,2,False,0.0,False,2,False,False,0,simple_consensus,False,stable_wrong_trajectory,80,False,True,True,2,False,False,False
True,2,False,0.0,False,2,False,True,0,simple_consensus,False,safe_early_stop,81,False,True,False,2,False,False,False
True,16,False,0.0,False,16,False,True,3,simple_consensus,False,unstable_trajectory,82,False,True,False,3,False,False,True
True,3,False,0.0,False,2,True,True,0,simple_consensus,False,safe_early_stop,83,False,True,False,2,False,False,False
True,2,False,0.0,False,2,False,True,0,simple_consensus,False,safe_early_stop,84,False,True,False,2,False,False,False
True,2,False,0.0,False,2,False,True,0,simple_consensus,False,safe_early_stop,85,False,True,False,2,False,False,False
True,2,False,0.0,False,2,False,True,0,simple_consensus,False,safe_early_stop,86,False,True,False,2,False,False,False
True,3,False,0.0,False,2,True,True,0,simple_consensus,False,safe_early_stop,87,False,True,False,2,False,False,False
True,2,False,0.0,False,2,False,True,0,simple_consensus,False,safe_early_stop,88,False,True,False,2,False,False,False
True,7,False,0.0,False,4,True,True,1,simple_consensus,False,safe_early_stop,89,False,True,False,3,False,False,False
False,2,False,0.0,False,2,False,False,0,simple_consensus,False,stable_wrong_trajectory,90,False,True,True,2,False,False,False
True,2,False,0.0,False,2,False,True,0,simple_consensus,False,safe_early_stop,91,False,True,False,2,False,False,False
True,3,False,0.0,False,2,True,True,0,simple_consensus,False,safe_early_stop,92,False,True,False,2,False,False,False
True,2,False,0.0,False,2,False,True,0,simple_consensus,False,safe_early_stop,93,False,True,False,2,False,False,False
False,2,True,0.5,False,2,False,False,0,simple_consensus,False,invalid_extraction_driven_uncertainty,94,False,True,True,2,False,False,False
True,2,False,0.0,False,2,False,True,0,simple_consensus,False,safe_early_stop,95,False,True,False,2,False,False,False
False,2,True,0.5,False,2,False,False,1,simple_consensus,False,invalid_extraction_driven_uncertainty,96,False,True,False,2,False,False,False
True,2,False,0.0,False,2,False,True,0,simple_consensus,False,safe_early_stop,97,False,True,False,2,False,False,False
True,2,False,0.0,False,2,False,True,0,simple_consensus,False,safe_early_stop,98,False,True,False,2,False,False,False
False,5,True,0.5,False,2,True,False,0,simple_consensus,False,invalid_extraction_driven_uncertainty,99,False,True,True,2,False,False,False
False,16,True,0.125,False,16,False,False,1,simple_consensus,False,unnecessary_continuation,100,False,False,False,16,False,True,False
False,2,True,0.5,False,2,False,False,0,simple_consensus,False,invalid_extraction_driven_uncertainty,101,False,True,True,2,False,False,False
True,2,False,0.0,False,2,False,True,0,simple_consensus,False,safe_early_stop,102,False,True,False,2,False,False,False
False,3,True,0.5,False,2,True,False,1,simple_consensus,False,invalid_extraction_driven_uncertainty,103,False,True,False,2,False,False,False
False,2,False,0.0,False,2,False,False,0,simple_consensus,False,stable_wrong_trajectory,104,False,True,True,2,False,False,False
False,16,False,0.0,False,16,False,False,2,simple_consensus,False,unnecessary_continuation,105,False,False,False,16,False,True,True
True,3,False,0.0,False,2,True,True,0,simple_consensus,False,safe_early_stop,106,False,True,False,2,False,False,False
True,4,False,0.0,False,4,False,True,0,simple_consensus,False,safe_early_stop,107,False,True,False,4,False,False,False
True,4,False,0.0,False,4,False,True,0,simple_consensus,False,safe_early_stop,108,False,True,False,3,False,False,False
False,6,True,0.8,False,5,True,False,1,simple_consensus,False,invalid_extraction_driven_uncertainty,109,False,True,False,5,False,False,False
False,7,True,0.75,False,4,True,False,1,simple_consensus,False,invalid_extraction_driven_uncertainty,110,False,True,False,4,False,False,False
True,2,False,0.0,False,2,False,True,0,simple_consensus,False,safe_early_stop,111,False,True,False,2,False,False,False
True,5,False,0.0,False,4,True,True,1,simple_consensus,False,safe_early_stop,112,False,True,False,4,False,False,False
True,3,False,0.0,False,2,True,True,0,simple_consensus,False,safe_early_stop,113,False,True,False,2,False,False,False
True,2,False,0.0,False,2,False,True,0,simple_consensus,False,safe_early_stop,114,False,True,False,2,False,False,False
False,16,False,0.0,False,16,False,False,0,simple_consensus,False,unnecessary_continuation,115,False,False,True,16,False,True,False
True,2,False,0.0,False,2,False,True,0,simple_consensus,False,safe_early_stop,116,False,True,False,2,False,False,False
True,2,False,0.0,False,2,False,True,0,simple_consensus,False,safe_early_stop,117,False,True,False,2,False,False,False
True,3,True,0.5,False,2,True,True,0,simple_consensus,False,invalid_extraction_driven_uncertainty,118,False,True,False,2,False,False,False
True,16,False,0.0,False,16,False,True,2,simple_consensus,False,unnecessary_continuation,119,False,False,False,16,False,True,True
False,4,False,0.0,False,4,False,False,0,simple_consensus,False,stable_wrong_trajectory,120,False,True,True,3,False,False,False
True,2,False,0.0,False,2,False,True,0,simple_consensus,False,safe_early_stop,121,False,True,False,2,False,False,False
True,2,False,0.0,False,2,False,True,0,simple_consensus,False,safe_early_stop,122,False,True,False,2,False,False,False
True,2,True,0.5,False,2,False,False,1,simple_consensus,False,regression_avoided,123,True,True,False,2,False,False,False
True,2,False,0.0,False,2,False,True,0,simple_consensus,False,safe_early_stop,124,False,True,False,2,False,False,False
True,2,False,0.0,False,2,False,True,0,simple_consensus,False,safe_early_stop,125,False,True,False,2,False,False,False
False,2,True,0.5,False,2,False,False,0,simple_consensus,False,invalid_extraction_driven_uncertainty,126,False,True,True,2,False,False,False
True,2,False,0.0,False,2,False,True,0,simple_consensus,False,safe_early_stop,127,False,True,False,2,False,False,False
True,2,False,0.0,False,2,False,True,0,simple_consensus,False,safe_early_stop,128,False,True,False,2,False,False,False
True,16,False,0.0,False,16,False,True,3,simple_consensus,False,unstable_trajectory,129,False,True,False,3,False,False,True
True,2,False,0.0,False,2,False,True,0,simple_consensus,False,safe_early_stop,130,False,True,False,2,False,False,False
True,2,False,0.0,False,2,False,True,0,simple_consensus,False,safe_early_stop,131,False,True,False,2,False,False,False
True,2,False,0.0,False,2,False,True,0,simple_consensus,False,safe_early_stop,132,False,True,False,2,False,False,False
True,2,False,0.0,False,2,False,True,0,simple_consensus,False,safe_early_stop,133,False,True,False,2,False,False,False
True,2,False,0.0,False,2,False,True,0,simple_consensus,False,safe_early_stop,134,False,True,False,2,False,False,False
True,2,False,0.0,False,2,False,True,0,simple_consensus,False,safe_early_stop,135,False,True,False,2,False,False,False
True,7,True,0.8333333333333334,False,6,True,True,1,simple_consensus,False,invalid_extraction_driven_uncertainty,136,False,True,False,6,False,False,False
True,2,False,0.0,False,2,False,True,0,simple_consensus,False,safe_early_stop,137,False,True,False,2,False,False,False
False,16,True,0.5,False,2,True,False,2,simple_consensus,False,invalid_extraction_driven_uncertainty,138,False,True,False,2,False,False,True
True,3,False,0.0,False,2,True,True,0,simple_consensus,False,safe_early_stop,139,False,True,False,2,False,False,False
True,2,False,0.0,False,2,False,True,0,simple_consensus,False,safe_early_stop,140,False,True,False,2,False,False,False
True,2,False,0.0,False,2,False,True,0,simple_consensus,False,safe_early_stop,141,False,True,False,2,False,False,False
True,4,False,0.0,False,4,False,True,4,simple_consensus,False,unstable_trajectory,142,False,True,False,3,False,False,True
True,2,False,0.0,False,2,False,True,0,simple_consensus,False,safe_early_stop,143,False,True,False,2,False,False,False
True,2,False,0.0,False,2,False,True,0,simple_consensus,False,safe_early_stop,144,False,True,False,2,False,False,False
True,16,False,0.0,False,16,False,True,2,simple_consensus,False,unstable_trajectory,145,False,True,False,3,False,False,True
True,3,False,0.0,False,2,True,True,0,simple_consensus,False,safe_early_stop,146,False,True,False,2,False,False,False
False,16,True,0.3125,False,16,False,False,3,simple_consensus,False,unnecessary_continuation,147,False,False,False,16,False,True,True
True,2,False,0.0,False,2,False,True,0,simple_consensus,False,safe_early_stop,148,False,True,False,2,False,False,False
True,2,False,0.0,False,2,False,True,0,simple_consensus,False,safe_early_stop,149,False,True,False,2,False,False,False
False,4,True,0.6666666666666666,False,3,True,False,1,simple_consensus,False,invalid_extraction_driven_uncertainty,150,False,True,False,3,False,False,False
True,2,False,0.0,False,2,False,True,0,simple_consensus,False,safe_early_stop,151,False,True,False,2,False,False,False
False,16,True,0.125,False,16,False,False,3,simple_consensus,False,unnecessary_continuation,152,False,False,False,16,False,True,True
True,2,False,0.0,False,2,False,True,0,simple_consensus,False,safe_early_stop,153,False,True,False,2,False,False,False
False,16,False,0.0,False,16,False,False,2,simple_consensus,False,unnecessary_continuation,154,False,False,False,16,False,True,True
True,3,False,0.0,False,2,True,True,0,simple_consensus,False,safe_early_stop,155,False,True,False,2,False,False,False
False,14,False,0.0,False,2,True,False,0,simple_consensus,False,stable_wrong_trajectory,156,False,True,True,2,False,False,False
True,2,False,0.0,False,2,False,True,0,simple_consensus,False,safe_early_stop,157,False,True,False,2,False,False,False
True,2,False,0.0,False,2,False,True,0,simple_consensus,False,safe_early_stop,158,False,True,False,2,False,False,False
True,2,False,0.0,False,2,False,True,0,simple_consensus,False,safe_early_stop,159,False,True,False,2,False,False,False
True,3,False,0.0,False,2,True,True,0,simple_consensus,False,safe_early_stop,160,False,True,False,2,False,False,False
True,2,False,0.0,False,2,False,True,0,simple_consensus,False,safe_early_stop,161,False,True,False,2,False,False,False
True,2,False,0.0,False,2,False,True,0,simple_consensus,False,safe_early_stop,162,False,True,False,2,False,False,False
True,2,False,0.0,False,2,False,True,0,simple_consensus,False,safe_early_stop,163,False,True,False,2,False,False,False
False,16,False,0.0,False,2,True,False,4,simple_consensus,False,unstable_trajectory,164,False,True,False,2,False,False,True
True,2,False,0.0,False,2,False,True,0,simple_consensus,False,safe_early_stop,165,False,True,False,2,False,False,False
True,10,False,0.0,False,10,False,True,1,simple_consensus,False,safe_early_stop,166,False,True,False,10,False,False,False
True,2,False,0.0,False,2,False,True,0,simple_consensus,False,safe_early_stop,167,False,True,False,2,False,False,False
False,2,True,0.5,False,2,False,False,0,simple_consensus,False,invalid_extraction_driven_uncertainty,168,False,True,True,2,False,False,False
True,3,False,0.0,False,2,True,True,0,simple_consensus,False,safe_early_stop,169,False,True,False,2,False,False,False
False,16,True,0.5,False,2,True,False,0,simple_consensus,False,invalid_extraction_driven_uncertainty,170,False,True,True,2,False,False,False
True,2,False,0.0,False,2,False,True,0,simple_consensus,False,safe_early_stop,171,False,True,False,2,False,False,False
True,2,False,0.0,False,2,False,True,0,simple_consensus,False,safe_early_stop,172,False,True,False,2,False,False,False
True,2,False,0.0,False,2,False,True,0,simple_consensus,False,safe_early_stop,173,False,True,False,2,False,False,False
True,3,False,0.0,False,2,True,True,0,simple_consensus,False,safe_early_stop,174,False,True,False,2,False,False,False
True,3,False,0.0,False,2,True,True,0,simple_consensus,False,safe_early_stop,175,False,True,False,2,False,False,False
True,5,False,0.0,False,4,True,True,0,simple_consensus,False,safe_early_stop,176,False,True,False,4,False,False,False
False,2,False,0.0,False,2,False,False,0,simple_consensus,False,stable_wrong_trajectory,177,False,True,True,2,False,False,False
True,2,False,0.0,False,2,False,True,0,simple_consensus,False,safe_early_stop,178,False,True,False,2,False,False,False
True,2,True,0.5,False,2,False,True,0,simple_consensus,False,invalid_extraction_driven_uncertainty,179,False,True,False,2,False,False,False
True,8,False,0.0,False,8,False,True,2,simple_consensus,False,unstable_trajectory,180,False,True,False,3,False,False,True
True,2,False,0.0,False,2,False,True,0,simple_consensus,False,safe_early_stop,181,False,True,False,2,False,False,False
True,2,False,0.0,False,2,False,True,0,simple_consensus,False,safe_early_stop,182,False,True,False,2,False,False,False
True,2,False,0.0,False,2,False,True,0,simple_consensus,False,safe_early_stop,183,False,True,False,2,False,False,False
False,16,False,0.0,False,16,False,False,1,simple_consensus,False,unnecessary_continuation,184,False,False,False,16,False,True,False
True,3,False,0.0,False,2,True,True,0,simple_consensus,False,safe_early_stop,185,False,True,False,2,False,False,False
True,3,False,0.0,False,2,True,True,0,simple_consensus,False,safe_early_stop,186,False,True,False,2,False,False,False
True,3,False,0.0,False,2,True,True,0,simple_consensus,False,safe_early_stop,187,False,True,False,2,False,False,False
True,2,False,0.0,False,2,False,True,0,simple_consensus,False,safe_early_stop,188,False,True,False,2,False,False,False
False,16,False,0.0,False,16,False,True,2,simple_consensus,True,premature_stop_with_missed_recovery,189,False,False,False,3,False,False,True
True,4,False,0.0,False,4,False,False,3,simple_consensus,False,regression_avoided,190,True,True,False,3,False,False,True
True,2,False,0.0,False,2,False,True,0,simple_consensus,False,safe_early_stop,191,False,True,False,2,False,False,False
True,2,False,0.0,False,2,False,True,0,simple_consensus,False,safe_early_stop,192,False,True,False,2,False,False,False
True,3,False,0.0,False,2,True,True,0,simple_consensus,False,safe_early_stop,193,False,True,False,2,False,False,False
True,2,False,0.0,False,2,False,True,0,simple_consensus,False,safe_early_stop,194,False,True,False,2,False,False,False
True,2,False,0.0,False,2,False,True,0,simple_consensus,False,safe_early_stop,195,False,True,False,2,False,False,False
True,2,False,0.0,False,2,False,True,0,simple_consensus,False,safe_early_stop,196,False,True,False,2,False,False,False
True,4,False,0.0,False,4,False,True,0,simple_consensus,False,safe_early_stop,197,False,True,False,3,False,False,False
True,2,False,0.0,False,2,False,True,0,simple_consensus,False,safe_early_stop,198,False,True,False,2,False,False,False
True,3,False,0.0,False,2,True,True,0,simple_consensus,False,safe_early_stop,199,False,True,False,2,False,False,False
True,2,False,0.0,False,2,False,True,0,simple_consensus,False,safe_early_stop,200,False,True,False,2,False,False,False
True,2,False,0.0,False,2,False,True,0,simple_consensus,False,safe_early_stop,201,False,True,False,2,False,False,False
True,2,False,0.0,False,2,False,True,0,simple_consensus,False,safe_early_stop,202,False,True,False,2,False,False,False
True,3,False,0.0,False,2,True,True,0,simple_consensus,False,safe_early_stop,203,False,True,False,2,False,False,False
False,16,False,0.0,False,4,True,False,1,simple_consensus,False,safe_early_stop,204,False,True,False,3,False,False,False
True,2,False,0.0,False,2,False,True,0,simple_consensus,False,safe_early_stop,205,False,True,False,2,False,False,False
True,2,False,0.0,False,2,False,True,0,simple_consensus,False,safe_early_stop,206,False,True,False,2,False,False,False
True,2,False,0.0,False,2,False,True,0,simple_consensus,False,safe_early_stop,207,False,True,False,2,False,False,False
True,2,False,0.0,False,2,False,True,0,simple_consensus,False,safe_early_stop,208,False,True,False,2,False,False,False
True,2,False,0.0,False,2,False,True,0,simple_consensus,False,safe_early_stop,209,False,True,False,2,False,False,False
True,16,False,0.0,False,16,False,True,2,simple_consensus,False,unnecessary_continuation,210,False,False,False,16,False,True,True
True,2,False,0.0,False,2,False,True,0,simple_consensus,False,safe_early_stop,211,False,True,False,2,False,False,False
True,4,False,0.0,False,4,False,True,0,simple_consensus,False,safe_early_stop,212,False,True,False,4,False,False,False
False,2,True,0.5,False,2,False,False,0,simple_consensus,False,invalid_extraction_driven_uncertainty,213,False,True,True,2,False,False,False
False,16,True,0.0625,False,16,False,False,3,simple_consensus,False,unnecessary_continuation,214,False,False,False,16,False,True,True
True,2,False,0.0,False,2,False,True,0,simple_consensus,False,safe_early_stop,215,False,True,False,2,False,False,False
True,2,False,0.0,False,2,False,True,0,simple_consensus,False,safe_early_stop,216,False,True,False,2,False,False,False
False,3,False,0.0,False,2,True,False,0,simple_consensus,False,stable_wrong_trajectory,217,False,True,True,2,False,False,False
True,2,False,0.0,False,2,False,True,0,simple_consensus,False,safe_early_stop,218,False,True,False,2,False,False,False
True,16,False,0.0,False,16,False,True,0,simple_consensus,False,unnecessary_continuation,219,False,False,False,16,False,True,False
False,2,False,0.0,False,2,False,False,0,simple_consensus,False,stable_wrong_trajectory,220,False,True,True,2,False,False,False
True,2,False,0.0,False,2,False,True,0,simple_consensus,False,safe_early_stop,221,False,True,False,2,False,False,False
False,4,False,0.0,False,4,False,False,1,simple_consensus,False,safe_early_stop,222,False,True,False,4,False,False,False
True,2,False,0.0,False,2,False,True,0,simple_consensus,False,safe_early_stop,223,False,True,False,2,False,False,False
False,2,True,0.5,False,2,False,False,0,simple_consensus,False,invalid_extraction_driven_uncertainty,224,False,True,True,2,False,False,False
True,2,False,0.0,False,2,False,True,0,simple_consensus,False,safe_early_stop,225,False,True,False,2,False,False,False
True,2,False,0.0,False,2,False,True,0,simple_consensus,False,safe_early_stop,226,False,True,False,2,False,False,False
True,2,False,0.0,False,2,False,True,0,simple_consensus,False,safe_early_stop,227,False,True,False,2,False,False,False
True,14,True,0.625,False,14,False,True,1,simple_consensus,False,unnecessary_continuation,228,False,False,False,16,False,True,False
True,2,False,0.0,False,2,False,True,0,simple_consensus,False,safe_early_stop,229,False,True,False,2,False,False,False
True,3,False,0.0,False,2,True,True,0,simple_consensus,False,safe_early_stop,230,False,True,False,2,False,False,False
True,2,False,0.0,False,2,False,True,0,simple_consensus,False,safe_early_stop,231,False,True,False,2,False,False,False
True,6,False,0.0,False,6,False,True,1,simple_consensus,False,unnecessary_continuation,232,False,False,False,16,False,True,False
True,2,False,0.0,False,2,False,True,0,simple_consensus,False,safe_early_stop,233,False,True,False,2,False,False,False
False,8,False,0.0,True,2,True,True,1,simple_consensus,True,premature_stop_with_missed_recovery,234,False,False,False,2,True,False,False
True,3,False,0.0,False,2,True,True,0,simple_consensus,False,safe_early_stop,235,False,True,False,2,False,False,False
False,16,True,0.25,False,16,False,False,5,simple_consensus,False,invalid_extraction_driven_uncertainty,236,False,False,False,16,False,False,True
True,2,False,0.0,False,2,False,True,0,simple_consensus,False,safe_early_stop,237,False,True,False,2,False,False,False
True,2,False,0.0,False,2,False,True,0,simple_consensus,False,safe_early_stop,238,False,True,False,2,False,False,False
False,16,True,1.0,False,16,False,False,0,simple_consensus,False,unnecessary_continuation,239,False,False,True,16,False,True,False
False,14,False,0.0,False,14,False,False,1,simple_consensus,False,unnecessary_continuation,240,False,False,False,16,False,True,False
True,2,False,0.0,False,2,False,True,0,simple_consensus,False,safe_early_stop,241,False,True,False,2,False,False,False
False,6,False,0.0,False,6,False,False,1,simple_consensus,False,safe_early_stop,242,False,True,False,3,False,False,False
True,2,False,0.0,False,2,False,True,0,simple_consensus,False,safe_early_stop,243,False,True,False,2,False,False,False
True,2,False,0.0,False,2,False,True,0,simple_consensus,False,safe_early_stop,244,False,True,False,2,False,False,False
False,16,True,0.125,False,16,False,False,1,simple_consensus,False,unnecessary_continuation,245,False,False,False,16,False,True,False
True,6,False,0.0,False,2,True,True,0,simple_consensus,False,safe_early_stop,246,False,True,False,2,False,False,False
True,2,False,0.0,False,2,False,True,0,simple_consensus,False,safe_early_stop,247,False,True,False,2,False,False,False
False,16,True,1.0,False,16,False,False,0,simple_consensus,False,unnecessary_continuation,248,False,False,True,16,False,True,False
False,2,True,0.5,False,2,False,False,1,simple_consensus,False,invalid_extraction_driven_uncertainty,249,False,True,False,2,False,False,False
True,2,False,0.0,False,2,False,True,0,simple_consensus,False,safe_early_stop,250,False,True,False,2,False,False,False
True,2,False,0.0,False,2,False,True,0,simple_consensus,False,safe_early_stop,251,False,True,False,2,False,False,False
True,2,False,0.0,False,2,False,True,0,simple_consensus,False,safe_early_stop,252,False,True,False,2,False,False,False
True,2,False,0.0,False,2,False,True,0,simple_consensus,False,safe_early_stop,253,False,True,False,2,False,False,False
True,2,False,0.0,False,2,False,True,0,simple_consensus,False,safe_early_stop,254,False,True,False,2,False,False,False
True,3,False,0.0,False,2,True,True,0,simple_consensus,False,safe_early_stop,255,False,True,False,2,False,False,False
True,2,False,0.0,False,2,False,True,0,simple_consensus,False,safe_early_stop,256,False,True,False,2,False,False,False
True,2,False,0.0,False,2,False,True,0,simple_consensus,False,safe_early_stop,257,False,True,False,2,False,False,False
True,2,False,0.0,False,2,False,True,0,simple_consensus,False,safe_early_stop,258,False,True,False,2,False,False,False
True,3,False,0.0,False,2,True,True,0,simple_consensus,False,safe_early_stop,259,False,True,False,2,False,False,False
True,2,False,0.0,False,2,False,True,0,simple_consensus,False,safe_early_stop,260,False,True,False,2,False,False,False
True,2,False,0.0,False,2,False,True,0,simple_consensus,False,safe_early_stop,261,False,True,False,2,False,False,False
True,2,False,0.0,False,2,False,True,0,simple_consensus,False,safe_early_stop,262,False,True,False,2,False,False,False
True,2,False,0.0,False,2,False,True,0,simple_consensus,False,safe_early_stop,263,False,True,False,2,False,False,False
False,2,False,0.0,False,2,False,False,0,simple_consensus,False,stable_wrong_trajectory,264,False,True,True,2,False,False,False
True,2,False,0.0,False,2,False,True,0,simple_consensus,False,safe_early_stop,265,False,True,False,2,False,False,False
False,2,False,0.0,False,2,False,True,5,simple_consensus,True,premature_stop_with_missed_recovery,266,False,False,False,2,False,False,True
True,10,False,0.0,False,10,False,True,1,simple_consensus,False,safe_early_stop,267,False,True,False,10,False,False,False
True,2,False,0.0,False,2,False,True,0,simple_consensus,False,safe_early_stop,268,False,True,False,2,False,False,False
True,3,False,0.0,False,2,True,True,0,simple_consensus,False,safe_early_stop,269,False,True,False,2,False,False,False
True,2,False,0.0,False,2,False,True,0,simple_consensus,False,safe_early_stop,270,False,True,False,2,False,False,False
True,2,False,0.0,False,2,False,True,0,simple_consensus,False,safe_early_stop,271,False,True,False,2,False,False,False
True,2,False,0.0,False,2,False,True,2,simple_consensus,False,unstable_trajectory,272,False,True,False,2,False,False,True
True,2,False,0.0,False,2,False,True,0,simple_consensus,False,safe_early_stop,273,False,True,False,2,False,False,False
False,16,False,0.0,False,16,False,False,1,simple_consensus,False,safe_early_stop,274,False,True,False,3,False,False,False
True,2,False,0.0,False,2,False,True,0,simple_consensus,False,safe_early_stop,275,False,True,False,2,False,False,False
True,2,False,0.0,False,2,False,True,0,simple_consensus,False,safe_early_stop,276,False,True,False,2,False,False,False
True,2,False,0.0,False,2,False,True,0,simple_consensus,False,safe_early_stop,277,False,True,False,2,False,False,False
True,2,False,0.0,False,2,False,True,0,simple_consensus,False,safe_early_stop,278,False,True,False,2,False,False,False
False,2,False,0.0,False,2,False,True,1,simple_consensus,True,premature_stop_with_missed_recovery,279,False,False,False,2,False,False,False
True,3,False,0.0,False,2,True,True,0,simple_consensus,False,safe_early_stop,280,False,True,False,2,False,False,False
True,16,False,0.0,False,16,False,True,3,simple_consensus,False,unstable_trajectory,281,False,True,False,3,False,False,True
False,2,False,0.0,False,2,False,False,0,simple_consensus,False,stable_wrong_trajectory,282,False,True,True,2,False,False,False
True,2,False,0.0,False,2,False,True,0,simple_consensus,False,safe_early_stop,283,False,True,False,2,False,False,False
True,2,False,0.0,False,2,False,False,3,simple_consensus,False,regression_avoided,284,True,True,False,2,False,False,True
False,4,True,0.6666666666666666,False,3,True,False,1,simple_consensus,False,invalid_extraction_driven_uncertainty,285,False,True,False,3,False,False,False
False,2,True,0.5,False,2,False,False,0,simple_consensus,False,invalid_extraction_driven_uncertainty,286,False,True,True,2,False,False,False
True,2,False,0.0,False,2,False,True,0,simple_consensus,False,safe_early_stop,287,False,True,False,2,False,False,False
False,2,True,0.5,False,2,False,False,0,simple_consensus,False,invalid_extraction_driven_uncertainty,288,False,True,True,2,False,False,False
True,2,False,0.0,False,2,False,True,0,simple_consensus,False,safe_early_stop,289,False,True,False,2,False,False,False
True,11,True,0.5,False,11,False,True,0,simple_consensus,False,unnecessary_continuation,290,False,False,False,16,False,True,False
True,16,False,0.0,False,16,False,True,2,simple_consensus,False,unnecessary_continuation,291,False,False,False,16,False,True,True
False,9,True,0.5,False,2,True,False,0,simple_consensus,False,invalid_extraction_driven_uncertainty,292,False,True,True,2,False,False,False
True,2,False,0.0,False,2,False,True,0,simple_consensus,False,safe_early_stop,293,False,True,False,2,False,False,False
True,6,False,0.0,False,4,True,True,1,simple_consensus,False,safe_early_stop,294,False,True,False,3,False,False,False
False,4,False,0.0,False,4,False,False,0,simple_consensus,False,stable_wrong_trajectory,295,False,True,True,3,False,False,False
False,2,False,0.0,False,2,False,False,0,simple_consensus,False,stable_wrong_trajectory,296,False,True,True,2,False,False,False
True,2,False,0.0,False,2,False,True,0,simple_consensus,False,safe_early_stop,297,False,True,False,2,False,False,False
False,2,True,0.5,False,2,False,True,3,simple_consensus,True,premature_stop_with_missed_recovery,298,False,False,False,2,False,False,True
True,2,False,0.0,False,2,False,True,0,simple_consensus,False,safe_early_stop,299,False,True,False,2,False,False,False
True,3,False,0.0,False,2,True,True,0,simple_consensus,False,safe_early_stop,300,False,True,False,2,False,False,False
False,3,False,0.0,False,2,True,False,0,simple_consensus,False,stable_wrong_trajectory,301,False,True,True,2,False,False,False
True,16,True,0.375,False,16,False,True,2,simple_consensus,False,unnecessary_continuation,302,False,False,False,16,False,True,True
False,2,False,0.0,False,2,False,False,0,simple_consensus,False,stable_wrong_trajectory,303,False,True,True,2,False,False,False
True,4,False,0.0,False,2,True,True,0,simple_consensus,False,safe_early_stop,304,False,True,False,2,False,False,False
True,2,False,0.0,False,2,False,True,0,simple_consensus,False,safe_early_stop,305,False,True,False,2,False,False,False
False,16,False,0.0,False,16,False,False,1,simple_consensus,False,safe_early_stop,306,False,True,False,3,False,False,False
True,3,False,0.0,False,2,True,True,0,simple_consensus,False,safe_early_stop,307,False,True,False,2,False,False,False
False,16,False,0.0,False,16,False,False,2,simple_consensus,False,unnecessary_continuation,308,False,False,False,16,False,True,True
False,16,False,0.0,False,16,False,False,3,simple_consensus,False,unnecessary_continuation,309,False,False,False,16,False,True,True
True,2,False,0.0,False,2,False,True,0,simple_consensus,False,safe_early_stop,310,False,True,False,2,False,False,False
True,3,False,0.0,False,2,True,True,0,simple_consensus,False,safe_early_stop,311,False,True,False,2,False,False,False
True,2,False,0.0,False,2,False,True,0,simple_consensus,False,safe_early_stop,312,False,True,False,2,False,False,False
True,2,False,0.0,False,2,False,True,0,simple_consensus,False,safe_early_stop,313,False,True,False,2,False,False,False
True,2,False,0.0,False,2,False,True,0,simple_consensus,False,safe_early_stop,314,False,True,False,2,False,False,False
True,2,False,0.0,False,2,False,True,0,simple_consensus,False,safe_early_stop,315,False,True,False,2,False,False,False
True,2,False,0.0,False,2,False,True,0,simple_consensus,False,safe_early_stop,316,False,True,False,2,False,False,False
False,3,False,0.0,False,2,True,False,0,simple_consensus,False,stable_wrong_trajectory,317,False,True,True,2,False,False,False
True,3,False,0.0,False,2,True,True,0,simple_consensus,False,safe_early_stop,318,False,True,False,2,False,False,False
True,3,False,0.0,False,2,True,True,0,simple_consensus,False,safe_early_stop,319,False,True,False,2,False,False,False
True,2,False,0.0,False,2,False,True,0,simple_consensus,False,safe_early_stop,320,False,True,False,2,False,False,False
True,3,False,0.0,False,2,True,True,0,simple_consensus,False,safe_early_stop,321,False,True,False,2,False,False,False
True,2,False,0.0,False,2,False,True,0,simple_consensus,False,safe_early_stop,322,False,True,False,2,False,False,False
True,2,False,0.0,False,2,False,True,0,simple_consensus,False,safe_early_stop,323,False,True,False,2,False,False,False
True,16,True,0.125,False,16,False,True,1,simple_consensus,False,unnecessary_continuation,324,False,False,False,16,False,True,False
True,2,False,0.0,False,2,False,True,0,simple_consensus,False,safe_early_stop,325,False,True,False,2,False,False,False
True,4,True,0.6666666666666666,False,3,True,True,1,simple_consensus,False,invalid_extraction_driven_uncertainty,326,False,True,False,3,False,False,False
False,16,True,0.5,False,2,True,False,0,simple_consensus,False,invalid_extraction_driven_uncertainty,327,False,True,True,2,False,False,False
True,4,False,0.0,False,4,False,True,0,simple_consensus,False,safe_early_stop,328,False,True,False,4,False,False,False
True,2,False,0.0,False,2,False,True,0,simple_consensus,False,safe_early_stop,329,False,True,False,2,False,False,False
True,2,False,0.0,False,2,False,True,0,simple_consensus,False,safe_early_stop,330,False,True,False,2,False,False,False
True,2,False,0.0,False,2,False,True,0,simple_consensus,False,safe_early_stop,331,False,True,False,2,False,False,False
False,16,False,0.0,False,16,False,True,6,simple_consensus,True,premature_stop_with_missed_recovery,332,False,False,False,5,False,False,True
True,4,True,0.5,False,2,True,True,0,simple_consensus,False,invalid_extraction_driven_uncertainty,333,False,True,False,2,False,False,False
True,2,False,0.0,False,2,False,True,0,simple_consensus,False,safe_early_stop,334,False,True,False,2,False,False,False
True,2,False,0.0,False,2,False,True,0,simple_consensus,False,safe_early_stop,335,False,True,False,2,False,False,False
True,2,False,0.0,False,2,False,True,0,simple_consensus,False,safe_early_stop,336,False,True,False,2,False,False,False
True,2,False,0.0,False,2,False,True,0,simple_consensus,False,safe_early_stop,337,False,True,False,2,False,False,False
True,2,False,0.0,False,2,False,True,0,simple_consensus,False,safe_early_stop,338,False,True,False,2,False,False,False
True,4,False,0.0,False,4,False,True,0,simple_consensus,False,safe_early_stop,339,False,True,False,4,False,False,False
False,16,True,1.0,False,16,False,False,0,simple_consensus,False,unnecessary_continuation,340,False,False,True,16,False,True,False
True,3,False,0.0,False,2,True,True,0,simple_consensus,False,safe_early_stop,341,False,True,False,2,False,False,False
True,2,False,0.0,False,2,False,True,0,simple_consensus,False,safe_early_stop,342,False,True,False,2,False,False,False
True,2,False,0.0,False,2,False,True,0,simple_consensus,False,safe_early_stop,343,False,True,False,2,False,False,False
True,3,False,0.0,False,2,True,True,0,simple_consensus,False,safe_early_stop,344,False,True,False,2,False,False,False
True,2,False,0.0,False,2,False,True,0,simple_consensus,False,safe_early_stop,345,False,True,False,2,False,False,False
True,2,False,0.0,False,2,False,True,0,simple_consensus,False,safe_early_stop,346,False,True,False,2,False,False,False
True,2,False,0.0,False,2,False,True,0,simple_consensus,False,safe_early_stop,347,False,True,False,2,False,False,False
True,2,False,0.0,False,2,False,True,0,simple_consensus,False,safe_early_stop,348,False,True,False,2,False,False,False
False,2,False,0.0,False,2,False,False,0,simple_consensus,False,stable_wrong_trajectory,349,False,True,True,2,False,False,False
True,2,False,0.0,False,2,False,True,0,simple_consensus,False,safe_early_stop,350,False,True,False,2,False,False,False
False,2,False,0.0,False,2,False,False,0,simple_consensus,False,stable_wrong_trajectory,351,False,True,True,2,False,False,False
False,14,True,0.5,False,2,True,False,1,simple_consensus,False,invalid_extraction_driven_uncertainty,352,False,True,False,2,False,False,False
True,2,False,0.0,False,2,False,True,0,simple_consensus,False,safe_early_stop,353,False,True,False,2,False,False,False
True,2,False,0.0,False,2,False,True,0,simple_consensus,False,safe_early_stop,354,False,True,False,2,False,False,False
False,16,True,0.125,False,16,False,False,1,simple_consensus,False,unnecessary_continuation,355,False,False,False,16,False,True,False
True,2,False,0.0,False,2,False,True,0,simple_consensus,False,safe_early_stop,356,False,True,False,2,False,False,False
True,16,False,0.0,False,16,False,True,1,simple_consensus,False,unnecessary_continuation,357,False,False,False,16,False,True,False
False,16,False,0.0,False,16,False,False,2,simple_consensus,False,unstable_trajectory,358,False,True,False,3,False,False,True
True,2,False,0.0,False,2,False,True,0,simple_consensus,False,safe_early_stop,359,False,True,False,2,False,False,False
True,2,False,0.0,False,2,False,True,0,simple_consensus,False,safe_early_stop,360,False,True,False,2,False,False,False
True,3,False,0.0,False,2,True,True,0,simple_consensus,False,safe_early_stop,361,False,True,False,2,False,False,False
True,2,False,0.0,False,2,False,True,0,simple_consensus,False,safe_early_stop,362,False,True,False,2,False,False,False
True,3,False,0.0,False,2,True,True,0,simple_consensus,False,safe_early_stop,363,False,True,False,2,False,False,False
True,2,False,0.0,False,2,False,True,0,simple_consensus,False,safe_early_stop,364,False,True,False,2,False,False,False
False,2,False,0.0,False,2,False,False,0,simple_consensus,False,stable_wrong_trajectory,365,False,True,True,2,False,False,False
True,2,False,0.0,False,2,False,True,0,simple_consensus,False,safe_early_stop,366,False,True,False,2,False,False,False
True,2,False,0.0,False,2,False,True,0,simple_consensus,False,safe_early_stop,367,False,True,False,2,False,False,False
True,2,False,0.0,False,2,False,True,0,simple_consensus,False,safe_early_stop,368,False,True,False,2,False,False,False
False,2,False,0.0,False,2,False,False,1,simple_consensus,False,safe_early_stop,369,False,True,False,2,False,False,False
True,3,False,0.0,False,2,True,True,0,simple_consensus,False,safe_early_stop,370,False,True,False,2,False,False,False
True,16,True,0.1875,False,16,False,True,5,simple_consensus,False,unnecessary_continuation,371,False,False,False,16,False,True,True
False,16,False,0.0,False,16,False,False,4,simple_consensus,False,unnecessary_continuation,372,False,False,False,16,False,True,True
True,2,False,0.0,False,2,False,True,0,simple_consensus,False,safe_early_stop,373,False,True,False,2,False,False,False
True,2,False,0.0,False,2,False,True,0,simple_consensus,False,safe_early_stop,374,False,True,False,2,False,False,False
True,3,False,0.0,False,2,True,True,0,simple_consensus,False,safe_early_stop,375,False,True,False,2,False,False,False
True,3,True,0.5,False,2,True,True,0,simple_consensus,False,invalid_extraction_driven_uncertainty,376,False,True,False,2,False,False,False
True,2,False,0.0,False,2,False,True,0,simple_consensus,False,safe_early_stop,377,False,True,False,2,False,False,False
True,4,False,0.0,False,4,False,True,0,simple_consensus,False,safe_early_stop,378,False,True,False,4,False,False,False
True,2,False,0.0,False,2,False,True,0,simple_consensus,False,safe_early_stop,379,False,True,False,2,False,False,False
False,16,False,0.0,True,2,True,True,1,simple_consensus,True,premature_stop_with_missed_recovery,380,False,False,False,2,True,False,False
False,16,False,0.0,False,16,False,False,0,simple_consensus,False,stable_wrong_trajectory,381,False,True,True,3,False,False,False
True,4,False,0.0,False,4,False,True,0,simple_consensus,False,safe_early_stop,382,False,True,False,3,False,False,False
True,2,False,0.0,False,2,False,True,0,simple_consensus,False,safe_early_stop,383,False,True,False,2,False,False,False
True,3,False,0.0,False,2,True,True,0,simple_consensus,False,safe_early_stop,384,False,True,False,2,False,False,False
False,2,False,0.0,False,2,False,True,1,simple_consensus,True,premature_stop_with_missed_recovery,385,False,False,False,2,False,False,False
True,2,False,0.0,False,2,False,True,0,simple_consensus,False,safe_early_stop,386,False,True,False,2,False,False,False
True,2,False,0.0,False,2,False,True,0,simple_consensus,False,safe_early_stop,387,False,True,False,2,False,False,False
True,16,False,0.0,False,16,False,True,3,simple_consensus,False,unstable_trajectory,388,False,True,False,3,False,False,True
False,16,False,0.0,False,16,False,True,1,simple_consensus,True,premature_stop_with_missed_recovery,389,False,False,False,3,False,False,False
True,4,False,0.0,False,4,False,True,1,simple_consensus,False,safe_early_stop,390,False,True,False,4,False,False,False
True,2,True,0.5,False,2,False,True,0,simple_consensus,False,invalid_extraction_driven_uncertainty,391,False,True,False,2,False,False,False
False,2,False,0.0,False,2,False,False,0,simple_consensus,False,stable_wrong_trajectory,392,False,True,True,2,False,False,False
True,2,False,0.0,False,2,False,True,0,simple_consensus,False,safe_early_stop,393,False,True,False,2,False,False,False
True,14,True,0.4375,False,14,False,True,1,simple_consensus,False,unnecessary_continuation,394,False,False,False,16,False,True,False
True,2,False,0.0,False,2,False,True,0,simple_consensus,False,safe_early_stop,395,False,True,False,2,False,False,False
True,2,False,0.0,False,2,False,True,0,simple_consensus,False,safe_early_stop,396,False,True,False,2,False,False,False
True,2,False,0.0,False,2,False,True,0,simple_consensus,False,safe_early_stop,397,False,True,False,2,False,False,False
False,16,False,0.0,False,16,False,False,1,simple_consensus,False,unnecessary_continuation,398,False,False,False,16,False,True,False
True,3,False,0.0,False,2,True,True,0,simple_consensus,False,safe_early_stop,399,False,True,False,2,False,False,False
False,16,False,0.0,False,16,False,True,6,simple_consensus,True,premature_stop_with_missed_recovery,400,False,False,False,3,False,False,True
False,6,True,0.8333333333333334,False,6,False,False,1,simple_consensus,False,invalid_extraction_driven_uncertainty,401,False,True,False,6,False,False,False
True,2,False,0.0,False,2,False,True,0,simple_consensus,False,safe_early_stop,402,False,True,False,2,False,False,False
False,2,False,0.0,False,2,False,False,0,simple_consensus,False,stable_wrong_trajectory,403,False,True,True,2,False,False,False
True,2,False,0.0,False,2,False,True,0,simple_consensus,False,safe_early_stop,404,False,True,False,2,False,False,False
True,2,False,0.0,False,2,False,True,0,simple_consensus,False,safe_early_stop,405,False,True,False,2,False,False,False
True,2,False,0.0,False,2,False,True,0,simple_consensus,False,safe_early_stop,406,False,True,False,2,False,False,False
True,2,False,0.0,False,2,False,True,0,simple_consensus,False,safe_early_stop,407,False,True,False,2,False,False,False
True,10,True,0.9,False,10,False,True,1,simple_consensus,False,invalid_extraction_driven_uncertainty,408,False,True,False,10,False,False,False
True,2,False,0.0,False,2,False,True,0,simple_consensus,False,safe_early_stop,409,False,True,False,2,False,False,False
True,2,False,0.0,False,2,False,True,0,simple_consensus,False,safe_early_stop,410,False,True,False,2,False,False,False
True,3,False,0.0,False,2,True,True,0,simple_consensus,False,safe_early_stop,411,False,True,False,2,False,False,False
True,16,True,0.75,False,4,True,False,3,simple_consensus,False,regression_avoided,412,True,True,False,4,False,False,True
True,3,False,0.0,False,2,True,True,0,simple_consensus,False,safe_early_stop,413,False,True,False,2,False,False,False
True,2,False,0.0,False,2,False,True,0,simple_consensus,False,safe_early_stop,414,False,True,False,2,False,False,False
True,2,False,0.0,False,2,False,True,0,simple_consensus,False,safe_early_stop,415,False,True,False,2,False,False,False
True,2,False,0.0,False,2,False,True,0,simple_consensus,False,safe_early_stop,416,False,True,False,2,False,False,False
True,2,False,0.0,False,2,False,True,0,simple_consensus,False,safe_early_stop,417,False,True,False,2,False,False,False
True,2,False,0.0,False,2,False,True,0,simple_consensus,False,safe_early_stop,418,False,True,False,2,False,False,False
False,16,True,0.75,False,4,True,False,1,simple_consensus,False,invalid_extraction_driven_uncertainty,419,False,True,False,4,False,False,False
False,2,False,0.0,False,2,False,False,0,simple_consensus,False,stable_wrong_trajectory,420,False,True,True,2,False,False,False
True,2,True,0.5,False,2,False,True,0,simple_consensus,False,invalid_extraction_driven_uncertainty,421,False,True,False,2,False,False,False
False,7,True,0.8571428571428571,False,7,False,False,1,simple_consensus,False,invalid_extraction_driven_uncertainty,422,False,True,False,7,False,False,False
True,2,False,0.0,False,2,False,False,5,simple_consensus,False,regression_avoided,423,True,True,False,2,False,False,True
True,2,False,0.0,False,2,False,True,0,simple_consensus,False,safe_early_stop,424,False,True,False,2,False,False,False
True,16,True,0.0625,False,16,False,True,1,simple_consensus,False,unnecessary_continuation,425,False,False,False,16,False,True,False
True,2,False,0.0,False,2,False,True,0,simple_consensus,False,safe_early_stop,426,False,True,False,2,False,False,False
True,2,False,0.0,False,2,False,True,0,simple_consensus,False,safe_early_stop,427,False,True,False,2,False,False,False
True,4,False,0.0,False,4,False,True,0,simple_consensus,False,safe_early_stop,428,False,True,False,4,False,False,False
True,2,False,0.0,False,2,False,True,0,simple_consensus,False,safe_early_stop,429,False,True,False,2,False,False,False
True,2,False,0.0,False,2,False,True,0,simple_consensus,False,safe_early_stop,430,False,True,False,2,False,False,False
False,16,False,0.0,False,16,False,False,4,simple_consensus,False,unnecessary_continuation,431,False,False,False,16,False,True,True
False,16,True,0.5,False,2,True,False,0,simple_consensus,False,invalid_extraction_driven_uncertainty,432,False,True,True,2,False,False,False
True,3,False,0.0,False,2,True,True,0,simple_consensus,False,safe_early_stop,433,False,True,False,2,False,False,False
True,3,False,0.0,False,2,True,True,0,simple_consensus,False,safe_early_stop,434,False,True,False,2,False,False,False
True,2,False,0.0,False,2,False,True,0,simple_consensus,False,safe_early_stop,435,False,True,False,2,False,False,False
True,5,True,0.5,False,2,True,True,0,simple_consensus,False,invalid_extraction_driven_uncertainty,436,False,True,False,2,False,False,False
True,2,False,0.0,False,2,False,True,0,simple_consensus,False,safe_early_stop,437,False,True,False,2,False,False,False
True,2,False,0.0,False,2,False,True,0,simple_consensus,False,safe_early_stop,438,False,True,False,2,False,False,False
True,2,False,0.0,False,2,False,True,0,simple_consensus,False,safe_early_stop,439,False,True,False,2,False,False,False
True,2,False,0.0,False,2,False,True,0,simple_consensus,False,safe_early_stop,440,False,True,False,2,False,False,False
True,2,False,0.0,False,2,False,True,0,simple_consensus,False,safe_early_stop,441,False,True,False,2,False,False,False
True,2,False,0.0,False,2,False,True,0,simple_consensus,False,safe_early_stop,442,False,True,False,2,False,False,False
True,2,False,0.0,False,2,False,True,0,simple_consensus,False,safe_early_stop,443,False,True,False,2,False,False,False
False,3,True,0.5,False,2,True,False,0,simple_consensus,False,invalid_extraction_driven_uncertainty,444,False,True,True,2,False,False,False
False,16,True,0.5,False,16,False,False,4,simple_consensus,False,unnecessary_continuation,445,False,False,False,16,False,True,True
True,2,False,0.0,False,2,False,True,0,simple_consensus,False,safe_early_stop,446,False,True,False,2,False,False,False
True,4,False,0.0,False,4,False,True,0,simple_consensus,False,safe_early_stop,447,False,True,False,4,False,False,False
True,2,False,0.0,False,2,False,True,0,simple_consensus,False,safe_early_stop,448,False,True,False,2,False,False,False
True,2,False,0.0,False,2,False,True,0,simple_consensus,False,safe_early_stop,449,False,True,False,2,False,False,False
True,2,False,0.0,False,2,False,True,0,simple_consensus,False,safe_early_stop,450,False,True,False,2,False,False,False
True,2,False,0.0,False,2,False,True,0,simple_consensus,False,safe_early_stop,451,False,True,False,2,False,False,False
True,3,False,0.0,False,2,True,True,0,simple_consensus,False,safe_early_stop,452,False,True,False,2,False,False,False
True,2,False,0.0,False,2,False,True,0,simple_consensus,False,safe_early_stop,453,False,True,False,2,False,False,False
False,16,True,1.0,False,16,False,False,0,simple_consensus,False,unnecessary_continuation,454,False,False,True,16,False,True,False
True,2,False,0.0,False,2,False,True,0,simple_consensus,False,safe_early_stop,455,False,True,False,2,False,False,False
True,2,False,0.0,False,2,False,True,0,simple_consensus,False,safe_early_stop,456,False,True,False,2,False,False,False
True,2,False,0.0,False,2,False,True,0,simple_consensus,False,safe_early_stop,457,False,True,False,2,False,False,False
True,3,True,0.5,False,2,True,True,0,simple_consensus,False,invalid_extraction_driven_uncertainty,458,False,True,False,2,False,False,False
True,4,False,0.0,False,2,True,True,0,simple_consensus,False,safe_early_stop,459,False,True,False,2,False,False,False
True,16,False,0.0,False,4,True,False,3,simple_consensus,False,regression_avoided,460,True,True,False,3,False,False,True
True,2,False,0.0,False,2,False,True,0,simple_consensus,False,safe_early_stop,461,False,True,False,2,False,False,False
True,3,False,0.0,False,2,True,True,0,simple_consensus,False,safe_early_stop,462,False,True,False,2,False,False,False
True,3,False,0.0,False,2,True,True,0,simple_consensus,False,safe_early_stop,463,False,True,False,2,False,False,False
True,2,False,0.0,False,2,False,True,0,simple_consensus,False,safe_early_stop,464,False,True,False,2,False,False,False
True,2,False,0.0,False,2,False,True,0,simple_consensus,False,safe_early_stop,465,False,True,False,2,False,False,False
False,16,False,0.0,False,16,False,False,3,simple_consensus,False,unstable_trajectory,466,False,True,False,3,False,False,True
True,2,False,0.0,False,2,False,True,0,simple_consensus,False,safe_early_stop,467,False,True,False,2,False,False,False
True,2,False,0.0,False,2,False,True,0,simple_consensus,False,safe_early_stop,468,False,True,False,2,False,False,False
True,2,False,0.0,False,2,False,True,0,simple_consensus,False,safe_early_stop,469,False,True,False,2,False,False,False
False,4,True,0.75,False,4,False,True,2,simple_consensus,True,premature_stop_with_missed_recovery,470,False,False,False,4,False,False,True
True,3,False,0.0,False,2,True,True,0,simple_consensus,False,safe_early_stop,471,False,True,False,2,False,False,False
True,3,False,0.0,False,2,True,True,0,simple_consensus,False,safe_early_stop,472,False,True,False,2,False,False,False
False,4,False,0.0,False,4,False,True,3,simple_consensus,True,premature_stop_with_missed_recovery,473,False,False,False,3,False,False,True
True,2,False,0.0,False,2,False,True,0,simple_consensus,False,safe_early_stop,474,False,True,False,2,False,False,False
False,16,True,0.8888888888888888,False,9,True,False,1,simple_consensus,False,invalid_extraction_driven_uncertainty,475,False,True,False,9,False,False,False
True,2,False,0.0,False,2,False,True,0,simple_consensus,False,safe_early_stop,476,False,True,False,2,False,False,False
True,10,False,0.0,False,10,False,True,0,simple_consensus,False,unnecessary_continuation,477,False,False,False,16,False,True,False
False,2,False,0.0,False,2,False,False,0,simple_consensus,False,stable_wrong_trajectory,478,False,True,True,2,False,False,False
True,3,False,0.0,False,2,True,True,0,simple_consensus,False,safe_early_stop,479,False,True,False,2,False,False,False
True,2,False,0.0,False,2,False,True,0,simple_consensus,False,safe_early_stop,480,False,True,False,2,False,False,False
False,16,True,0.2857142857142857,False,16,False,False,1,simple_consensus,False,invalid_extraction_driven_uncertainty,481,False,True,False,7,False,False,False
False,16,False,0.0,False,16,False,True,2,simple_consensus,True,premature_stop_with_missed_recovery,482,False,False,False,5,False,False,True
True,15,True,0.9285714285714286,False,14,True,True,1,simple_consensus,False,invalid_extraction_driven_uncertainty,483,False,True,False,14,False,False,False
True,3,False,0.0,False,2,True,True,0,simple_consensus,False,safe_early_stop,484,False,True,False,2,False,False,False
False,2,True,0.5,False,2,False,True,1,simple_consensus,True,premature_stop_with_missed_recovery,485,False,False,False,2,False,False,False
True,4,False,0.0,False,4,False,True,0,simple_consensus,False,safe_early_stop,486,False,True,False,3,False,False,False
True,2,False,0.0,False,2,False,True,0,simple_consensus,False,safe_early_stop,487,False,True,False,2,False,False,False
True,2,False,0.0,False,2,False,True,0,simple_consensus,False,safe_early_stop,488,False,True,False,2,False,False,False
True,2,False,0.0,False,2,False,True,0,simple_consensus,False,safe_early_stop,489,False,True,False,2,False,False,False
False,16,False,0.0,False,16,False,False,0,simple_consensus,False,stable_wrong_trajectory,490,False,True,True,3,False,False,False
False,16,False,0.0,False,16,False,False,2,simple_consensus,False,unstable_trajectory,491,False,True,False,3,False,False,True
True,3,False,0.0,False,2,True,True,0,simple_consensus,False,safe_early_stop,492,False,True,False,2,False,False,False
True,2,False,0.0,False,2,False,True,0,simple_consensus,False,safe_early_stop,493,False,True,False,2,False,False,False
True,16,True,0.5,False,2,True,False,1,simple_consensus,False,regression_avoided,494,True,True,False,2,False,False,False
True,2,False,0.0,False,2,False,True,0,simple_consensus,False,safe_early_stop,495,False,True,False,2,False,False,False
True,2,False,0.0,False,2,False,True,0,simple_consensus,False,safe_early_stop,496,False,True,False,2,False,False,False
False,16,False,0.0,False,16,False,False,1,simple_consensus,False,unnecessary_continuation,497,False,False,False,16,False,True,False
False,2,True,0.5,False,2,False,False,0,simple_consensus,False,invalid_extraction_driven_uncertainty,498,False,True,True,2,False,False,False
True,2,False,0.0,False,2,False,True,0,simple_consensus,False,safe_early_stop,499,False,True,False,2,False,False,False
True,2,False,0.0,False,2,False,True,0,simple_entropy,False,safe_early_stop,0,False,True,False,2,False,False,False
True,2,False,0.0,False,2,False,True,0,simple_entropy,False,safe_early_stop,1,False,True,False,2,False,False,False
True,3,False,0.0,False,2,True,True,0,simple_entropy,False,safe_early_stop,2,False,True,False,2,False,False,False
True,2,False,0.0,False,2,False,True,0,simple_entropy,False,safe_early_stop,3,False,True,False,2,False,False,False
True,2,False,0.0,False,2,False,True,0,simple_entropy,False,safe_early_stop,4,False,True,False,4,False,False,False
True,3,False,0.0,False,2,True,True,0,simple_entropy,False,safe_early_stop,5,False,True,False,2,False,False,False
True,3,False,0.0,False,2,True,True,0,simple_entropy,False,safe_early_stop,6,False,True,False,2,False,False,False
True,10,False,0.0,False,10,False,True,1,simple_entropy,False,unnecessary_continuation,7,False,False,False,16,False,True,False
True,2,False,0.0,False,2,False,True,0,simple_entropy,False,safe_early_stop,8,False,True,False,4,False,False,False
False,16,True,0.125,False,16,False,False,4,simple_entropy,False,unnecessary_continuation,9,False,False,False,16,False,True,True
True,2,False,0.0,False,2,False,True,0,simple_entropy,False,safe_early_stop,10,False,True,False,2,False,False,False
False,16,True,0.375,False,2,True,False,0,simple_entropy,False,unnecessary_continuation,11,False,False,True,16,False,True,False
True,2,False,0.0,False,2,False,True,0,simple_entropy,False,safe_early_stop,12,False,True,False,2,False,False,False
True,2,False,0.0,False,2,False,True,0,simple_entropy,False,safe_early_stop,13,False,True,False,2,False,False,False
False,4,False,0.0,False,4,False,False,0,simple_entropy,False,stable_wrong_trajectory,14,False,True,True,6,False,False,False
True,2,False,0.0,False,2,False,True,0,simple_entropy,False,safe_early_stop,15,False,True,False,2,False,False,False
True,2,False,0.0,False,2,False,True,0,simple_entropy,False,safe_early_stop,16,False,True,False,4,False,False,False
False,4,False,0.0,False,4,False,False,6,simple_entropy,False,unnecessary_continuation,17,False,False,False,16,False,True,True
True,2,False,0.0,False,2,False,False,3,simple_entropy,False,regression_avoided,18,True,True,False,2,False,False,True
True,2,False,0.0,False,2,False,True,0,simple_entropy,False,safe_early_stop,19,False,True,False,2,False,False,False
True,2,False,0.0,False,2,False,True,0,simple_entropy,False,safe_early_stop,20,False,True,False,2,False,False,False
True,16,True,0.125,False,16,False,True,1,simple_entropy,False,unnecessary_continuation,21,False,False,False,16,False,True,False
True,3,False,0.0,False,2,True,True,0,simple_entropy,False,safe_early_stop,22,False,True,False,2,False,False,False
True,3,False,0.0,False,2,True,True,0,simple_entropy,False,safe_early_stop,23,False,True,False,2,False,False,False
True,16,False,0.0,False,16,False,True,0,simple_entropy,False,unnecessary_continuation,24,False,False,False,16,False,True,False
False,2,True,0.5,False,2,False,False,1,simple_entropy,False,invalid_extraction_driven_uncertainty,25,False,True,False,2,False,False,False
False,16,False,0.0,False,16,False,False,0,simple_entropy,False,unnecessary_continuation,26,False,False,True,16,False,True,False
True,2,False,0.0,False,2,False,True,0,simple_entropy,False,safe_early_stop,27,False,True,False,2,False,False,False
True,2,False,0.0,False,2,False,True,0,simple_entropy,False,safe_early_stop,28,False,True,False,4,False,False,False
True,3,False,0.0,False,2,True,True,0,simple_entropy,False,safe_early_stop,29,False,True,False,2,False,False,False
True,2,False,0.0,False,2,False,True,0,simple_entropy,False,safe_early_stop,30,False,True,False,2,False,False,False
True,2,False,0.0,False,2,False,True,0,simple_entropy,False,safe_early_stop,31,False,True,False,2,False,False,False
True,3,False,0.0,False,2,True,True,0,simple_entropy,False,safe_early_stop,32,False,True,False,2,False,False,False
False,16,False,0.0,False,16,False,False,2,simple_entropy,False,unnecessary_continuation,33,False,False,False,16,False,True,True
True,2,False,0.0,False,2,False,True,0,simple_entropy,False,safe_early_stop,34,False,True,False,2,False,False,False
True,2,False,0.0,False,2,False,True,0,simple_entropy,False,safe_early_stop,35,False,True,False,2,False,False,False
True,4,True,0.1875,False,4,False,True,1,simple_entropy,False,unnecessary_continuation,36,False,False,False,16,False,True,False
True,2,False,0.0,False,2,False,True,0,simple_entropy,False,safe_early_stop,37,False,True,False,2,False,False,False
True,2,False,0.0,False,2,False,True,0,simple_entropy,False,safe_early_stop,38,False,True,False,2,False,False,False
True,3,False,0.0,False,2,True,True,0,simple_entropy,False,safe_early_stop,39,False,True,False,2,False,False,False
True,2,False,0.0,False,2,False,True,0,simple_entropy,False,safe_early_stop,40,False,True,False,2,False,False,False
False,16,False,0.0,False,16,False,False,1,simple_entropy,False,unnecessary_continuation,41,False,False,False,16,False,True,False
True,2,False,0.0,False,2,False,True,0,simple_entropy,False,safe_early_stop,42,False,True,False,4,False,False,False
False,10,False,0.0,False,4,True,False,1,simple_entropy,False,unnecessary_continuation,43,False,False,False,16,False,True,False
True,2,False,0.0,False,2,False,True,0,simple_entropy,False,safe_early_stop,44,False,True,False,2,False,False,False
True,2,False,0.0,False,2,False,True,0,simple_entropy,False,safe_early_stop,45,False,True,False,4,False,False,False
True,7,True,0.5,False,2,True,True,0,simple_entropy,False,invalid_extraction_driven_uncertainty,46,False,True,False,2,False,False,False
True,2,False,0.0,False,2,False,True,0,simple_entropy,False,safe_early_stop,47,False,True,False,2,False,False,False
True,2,False,0.0,False,2,False,True,0,simple_entropy,False,safe_early_stop,48,False,True,False,4,False,False,False
True,2,False,0.0,False,2,False,True,0,simple_entropy,False,safe_early_stop,49,False,True,False,2,False,False,False
True,16,False,0.0,False,16,False,True,2,simple_entropy,False,unnecessary_continuation,50,False,False,False,16,False,True,True
True,2,False,0.0,False,2,False,True,0,simple_entropy,False,safe_early_stop,51,False,True,False,2,False,False,False
True,2,False,0.0,False,2,False,True,0,simple_entropy,False,safe_early_stop,52,False,True,False,2,False,False,False
True,2,False,0.0,False,2,False,True,0,simple_entropy,False,safe_early_stop,53,False,True,False,2,False,False,False
True,2,False,0.0,False,2,False,True,0,simple_entropy,False,safe_early_stop,54,False,True,False,2,False,False,False
True,2,False,0.0,False,2,False,True,0,simple_entropy,False,safe_early_stop,55,False,True,False,2,False,False,False
True,2,False,0.0,False,2,False,True,0,simple_entropy,False,safe_early_stop,56,False,True,False,2,False,False,False
True,3,False,0.0,False,2,True,True,0,simple_entropy,False,safe_early_stop,57,False,True,False,2,False,False,False
True,5,False,0.0,False,2,True,True,0,simple_entropy,False,safe_early_stop,58,False,True,False,2,False,False,False
True,2,False,0.0,False,2,False,True,0,simple_entropy,False,safe_early_stop,59,False,True,False,2,False,False,False
False,4,True,0.75,False,4,False,False,2,simple_entropy,False,invalid_extraction_driven_uncertainty,60,False,True,False,4,False,False,True
True,2,False,0.0,False,2,False,True,0,simple_entropy,False,safe_early_stop,61,False,True,False,2,False,False,False
False,16,False,0.0,False,16,False,False,6,simple_entropy,False,unnecessary_continuation,62,False,False,False,16,False,True,True
False,4,False,0.0,False,4,False,False,1,simple_entropy,False,safe_early_stop,63,False,True,False,6,False,False,False
False,2,True,0.5,False,2,False,True,1,simple_entropy,True,premature_stop_with_missed_recovery,64,False,False,False,2,False,False,False
True,2,False,0.0,False,2,False,True,0,simple_entropy,False,safe_early_stop,65,False,True,False,2,False,False,False
True,2,False,0.0,False,2,False,True,0,simple_entropy,False,safe_early_stop,66,False,True,False,2,False,False,False
True,4,False,0.0,False,4,False,True,0,simple_entropy,False,unnecessary_continuation,67,False,False,False,16,False,True,False
True,2,False,0.0,False,2,False,True,0,simple_entropy,False,safe_early_stop,68,False,True,False,2,False,False,False
True,2,False,0.0,False,2,False,True,0,simple_entropy,False,safe_early_stop,69,False,True,False,2,False,False,False
True,2,False,0.0,False,2,False,True,0,simple_entropy,False,safe_early_stop,70,False,True,False,2,False,False,False
True,16,False,0.0,False,16,False,True,1,simple_entropy,False,unnecessary_continuation,71,False,False,False,16,False,True,False
True,2,False,0.0,False,2,False,True,0,simple_entropy,False,safe_early_stop,72,False,True,False,4,False,False,False
True,3,False,0.0,False,2,True,True,0,simple_entropy,False,safe_early_stop,73,False,True,False,2,False,False,False
True,2,False,0.0,False,2,False,True,0,simple_entropy,False,safe_early_stop,74,False,True,False,4,False,False,False
True,3,False,0.0,False,2,True,True,0,simple_entropy,False,safe_early_stop,75,False,True,False,2,False,False,False
True,2,False,0.0,False,2,False,True,0,simple_entropy,False,safe_early_stop,76,False,True,False,4,False,False,False
True,2,False,0.0,False,2,False,True,0,simple_entropy,False,safe_early_stop,77,False,True,False,2,False,False,False
True,2,False,0.0,False,2,False,True,0,simple_entropy,False,safe_early_stop,78,False,True,False,2,False,False,False
True,3,False,0.0,False,2,True,True,0,simple_entropy,False,safe_early_stop,79,False,True,False,2,False,False,False
False,2,False,0.0,False,2,False,False,0,simple_entropy,False,stable_wrong_trajectory,80,False,True,True,4,False,False,False
True,2,False,0.0,False,2,False,True,0,simple_entropy,False,safe_early_stop,81,False,True,False,2,False,False,False
True,16,False,0.0,False,16,False,True,3,simple_entropy,False,unnecessary_continuation,82,False,False,False,16,False,True,True
True,3,False,0.0,False,2,True,True,0,simple_entropy,False,safe_early_stop,83,False,True,False,2,False,False,False
True,2,False,0.0,False,2,False,True,0,simple_entropy,False,safe_early_stop,84,False,True,False,2,False,False,False
True,2,False,0.0,False,2,False,True,0,simple_entropy,False,safe_early_stop,85,False,True,False,2,False,False,False
True,2,False,0.0,False,2,False,True,0,simple_entropy,False,safe_early_stop,86,False,True,False,2,False,False,False
True,3,False,0.0,False,2,True,True,0,simple_entropy,False,safe_early_stop,87,False,True,False,2,False,False,False
True,2,True,0.25,False,2,False,True,0,simple_entropy,False,invalid_extraction_driven_uncertainty,88,False,True,False,4,False,False,False
True,7,False,0.0,False,4,True,True,1,simple_entropy,False,unnecessary_continuation,89,False,False,False,16,False,True,False
False,2,False,0.0,False,2,False,False,0,simple_entropy,False,stable_wrong_trajectory,90,False,True,True,4,False,False,False
True,2,False,0.0,False,2,False,True,0,simple_entropy,False,safe_early_stop,91,False,True,False,2,False,False,False
True,3,False,0.0,False,2,True,True,0,simple_entropy,False,safe_early_stop,92,False,True,False,2,False,False,False
True,2,False,0.0,False,2,False,True,0,simple_entropy,False,safe_early_stop,93,False,True,False,2,False,False,False
False,2,True,0.5,False,2,False,False,0,simple_entropy,False,invalid_extraction_driven_uncertainty,94,False,True,True,2,False,False,False
True,2,False,0.0,False,2,False,True,0,simple_entropy,False,safe_early_stop,95,False,True,False,2,False,False,False
False,2,True,0.5,False,2,False,False,1,simple_entropy,False,invalid_extraction_driven_uncertainty,96,False,True,False,2,False,False,False
True,2,False,0.0,False,2,False,True,0,simple_entropy,False,safe_early_stop,97,False,True,False,2,False,False,False
True,2,False,0.0,False,2,False,True,0,simple_entropy,False,safe_early_stop,98,False,True,False,2,False,False,False
False,5,True,0.5,False,2,True,False,0,simple_entropy,False,invalid_extraction_driven_uncertainty,99,False,True,True,2,False,False,False
False,16,True,0.125,False,16,False,False,1,simple_entropy,False,unnecessary_continuation,100,False,False,False,16,False,True,False
False,2,True,0.5,False,2,False,False,0,simple_entropy,False,invalid_extraction_driven_uncertainty,101,False,True,True,2,False,False,False
True,2,False,0.0,False,2,False,True,0,simple_entropy,False,safe_early_stop,102,False,True,False,4,False,False,False
False,3,True,0.5,False,2,True,False,1,simple_entropy,False,invalid_extraction_driven_uncertainty,103,False,True,False,4,False,False,False
False,2,False,0.0,False,2,False,False,0,simple_entropy,False,stable_wrong_trajectory,104,False,True,True,2,False,False,False
False,16,False,0.0,False,16,False,False,2,simple_entropy,False,unnecessary_continuation,105,False,False,False,16,False,True,True
True,3,False,0.0,False,2,True,True,0,simple_entropy,False,safe_early_stop,106,False,True,False,2,False,False,False
True,4,False,0.0,False,4,False,True,0,simple_entropy,False,safe_early_stop,107,False,True,False,6,False,False,False
True,4,True,0.25,False,4,False,True,0,simple_entropy,False,unnecessary_continuation,108,False,False,False,16,False,True,False
False,6,True,0.8,False,5,True,False,1,simple_entropy,False,invalid_extraction_driven_uncertainty,109,False,True,False,5,False,False,False
False,7,True,0.75,False,4,True,False,1,simple_entropy,False,invalid_extraction_driven_uncertainty,110,False,True,False,4,False,False,False
True,2,False,0.0,False,2,False,True,0,simple_entropy,False,safe_early_stop,111,False,True,False,2,False,False,False
True,5,False,0.0,False,4,True,True,1,simple_entropy,False,safe_early_stop,112,False,True,False,6,False,False,False
True,3,False,0.0,False,2,True,True,0,simple_entropy,False,safe_early_stop,113,False,True,False,2,False,False,False
True,2,False,0.0,False,2,False,True,0,simple_entropy,False,safe_early_stop,114,False,True,False,2,False,False,False
False,16,False,0.0,False,16,False,False,0,simple_entropy,False,unnecessary_continuation,115,False,False,True,16,False,True,False
True,2,False,0.0,False,2,False,True,0,simple_entropy,False,safe_early_stop,116,False,True,False,2,False,False,False
True,2,False,0.0,False,2,False,True,0,simple_entropy,False,safe_early_stop,117,False,True,False,4,False,False,False
True,3,True,0.5,False,2,True,True,0,simple_entropy,False,invalid_extraction_driven_uncertainty,118,False,True,False,4,False,False,False
True,16,False,0.0,False,16,False,True,2,simple_entropy,False,unnecessary_continuation,119,False,False,False,16,False,True,True
False,4,False,0.0,False,4,False,False,0,simple_entropy,False,stable_wrong_trajectory,120,False,True,True,6,False,False,False
True,2,False,0.0,False,2,False,True,0,simple_entropy,False,safe_early_stop,121,False,True,False,2,False,False,False
True,2,False,0.0,False,2,False,True,0,simple_entropy,False,safe_early_stop,122,False,True,False,2,False,False,False
True,2,True,0.5,False,2,False,False,1,simple_entropy,False,regression_avoided,123,True,True,False,2,False,False,False
True,2,False,0.0,False,2,False,True,0,simple_entropy,False,safe_early_stop,124,False,True,False,2,False,False,False
True,2,False,0.0,False,2,False,True,0,simple_entropy,False,safe_early_stop,125,False,True,False,2,False,False,False
False,2,True,0.5,False,2,False,False,0,simple_entropy,False,invalid_extraction_driven_uncertainty,126,False,True,True,2,False,False,False
True,2,False,0.0,False,2,False,True,0,simple_entropy,False,safe_early_stop,127,False,True,False,2,False,False,False
True,2,False,0.0,False,2,False,True,0,simple_entropy,False,safe_early_stop,128,False,True,False,4,False,False,False
True,16,False,0.0,False,16,False,True,3,simple_entropy,False,unnecessary_continuation,129,False,False,False,16,False,True,True
True,2,False,0.0,False,2,False,True,0,simple_entropy,False,safe_early_stop,130,False,True,False,2,False,False,False
True,2,False,0.0,False,2,False,True,0,simple_entropy,False,safe_early_stop,131,False,True,False,2,False,False,False
True,2,False,0.0,False,2,False,True,0,simple_entropy,False,safe_early_stop,132,False,True,False,2,False,False,False
True,2,False,0.0,False,2,False,True,0,simple_entropy,False,safe_early_stop,133,False,True,False,2,False,False,False
True,2,False,0.0,False,2,False,True,0,simple_entropy,False,safe_early_stop,134,False,True,False,2,False,False,False
True,2,False,0.0,False,2,False,True,0,simple_entropy,False,safe_early_stop,135,False,True,False,2,False,False,False
True,7,True,0.8333333333333334,False,6,True,True,1,simple_entropy,False,invalid_extraction_driven_uncertainty,136,False,True,False,6,False,False,False
True,2,False,0.0,False,2,False,True,0,simple_entropy,False,safe_early_stop,137,False,True,False,2,False,False,False
False,16,True,0.5,False,2,True,False,2,simple_entropy,False,invalid_extraction_driven_uncertainty,138,False,True,False,2,False,False,True
True,3,False,0.0,False,2,True,True,0,simple_entropy,False,safe_early_stop,139,False,True,False,2,False,False,False
True,2,False,0.0,False,2,False,True,0,simple_entropy,False,safe_early_stop,140,False,True,False,2,False,False,False
True,2,False,0.0,False,2,False,True,0,simple_entropy,False,safe_early_stop,141,False,True,False,4,False,False,False
True,4,False,0.0,False,4,False,True,4,simple_entropy,False,unstable_trajectory,142,False,False,False,16,False,False,True
True,2,False,0.0,False,2,False,True,0,simple_entropy,False,safe_early_stop,143,False,True,False,4,False,False,False
True,2,False,0.0,False,2,False,True,0,simple_entropy,False,safe_early_stop,144,False,True,False,2,False,False,False
True,16,True,0.0625,False,16,False,True,2,simple_entropy,False,unnecessary_continuation,145,False,False,False,16,False,True,True
True,3,False,0.0,False,2,True,True,0,simple_entropy,False,safe_early_stop,146,False,True,False,2,False,False,False
False,16,True,0.3125,False,16,False,False,3,simple_entropy,False,unnecessary_continuation,147,False,False,False,16,False,True,True
True,2,False,0.0,False,2,False,True,0,simple_entropy,False,safe_early_stop,148,False,True,False,4,False,False,False
True,2,False,0.0,False,2,False,True,0,simple_entropy,False,safe_early_stop,149,False,True,False,4,False,False,False
False,4,True,0.75,False,3,True,False,1,simple_entropy,False,invalid_extraction_driven_uncertainty,150,False,True,False,4,False,False,False
True,2,False,0.0,False,2,False,True,0,simple_entropy,False,safe_early_stop,151,False,True,False,2,False,False,False
False,16,True,0.125,False,16,False,False,3,simple_entropy,False,unnecessary_continuation,152,False,False,False,16,False,True,True
True,2,False,0.0,False,2,False,True,0,simple_entropy,False,safe_early_stop,153,False,True,False,2,False,False,False
False,16,False,0.0,False,16,False,False,2,simple_entropy,False,unnecessary_continuation,154,False,False,False,16,False,True,True
True,3,False,0.0,False,2,True,True,0,simple_entropy,False,safe_early_stop,155,False,True,False,2,False,False,False
False,14,False,0.0,False,2,True,False,0,simple_entropy,False,stable_wrong_trajectory,156,False,True,True,2,False,False,False
True,2,False,0.0,False,2,False,True,0,simple_entropy,False,safe_early_stop,157,False,True,False,2,False,False,False
True,2,False,0.0,False,2,False,True,0,simple_entropy,False,safe_early_stop,158,False,True,False,2,False,False,False
True,2,False,0.0,False,2,False,True,0,simple_entropy,False,safe_early_stop,159,False,True,False,2,False,False,False
True,3,False,0.0,False,2,True,True,0,simple_entropy,False,safe_early_stop,160,False,True,False,2,False,False,False
True,2,False,0.0,False,2,False,True,0,simple_entropy,False,safe_early_stop,161,False,True,False,2,False,False,False
True,2,False,0.0,False,2,False,True,0,simple_entropy,False,safe_early_stop,162,False,True,False,2,False,False,False
True,2,False,0.0,False,2,False,True,0,simple_entropy,False,safe_early_stop,163,False,True,False,2,False,False,False
False,16,False,0.0,False,2,True,False,4,simple_entropy,False,unstable_trajectory,164,False,True,False,2,False,False,True
True,2,False,0.0,False,2,False,True,0,simple_entropy,False,safe_early_stop,165,False,True,False,2,False,False,False
True,10,False,0.0,False,10,False,True,1,simple_entropy,False,unnecessary_continuation,166,False,False,False,16,False,True,False
True,2,False,0.0,False,2,False,True,0,simple_entropy,False,safe_early_stop,167,False,True,False,4,False,False,False
False,2,True,0.5,False,2,False,False,0,simple_entropy,False,invalid_extraction_driven_uncertainty,168,False,True,True,2,False,False,False
True,3,False,0.0,False,2,True,True,0,simple_entropy,False,safe_early_stop,169,False,True,False,2,False,False,False
False,16,True,0.5,False,2,True,False,0,simple_entropy,False,invalid_extraction_driven_uncertainty,170,False,True,True,2,False,False,False
True,2,False,0.0,False,2,False,True,0,simple_entropy,False,safe_early_stop,171,False,True,False,2,False,False,False
True,2,False,0.0,False,2,False,True,0,simple_entropy,False,safe_early_stop,172,False,True,False,2,False,False,False
True,2,False,0.0,False,2,False,True,0,simple_entropy,False,safe_early_stop,173,False,True,False,4,False,False,False
True,3,False,0.0,False,2,True,True,0,simple_entropy,False,safe_early_stop,174,False,True,False,2,False,False,False
True,3,False,0.0,False,2,True,True,0,simple_entropy,False,safe_early_stop,175,False,True,False,2,False,False,False
True,5,False,0.0,False,4,True,True,0,simple_entropy,False,safe_early_stop,176,False,True,False,6,False,False,False
False,2,False,0.0,False,2,False,False,0,simple_entropy,False,stable_wrong_trajectory,177,False,True,True,4,False,False,False
True,2,False,0.0,False,2,False,True,0,simple_entropy,False,safe_early_stop,178,False,True,False,2,False,False,False
True,2,True,0.5,False,2,False,True,0,simple_entropy,False,invalid_extraction_driven_uncertainty,179,False,True,False,4,False,False,False
True,8,False,0.0,False,8,False,True,2,simple_entropy,False,unnecessary_continuation,180,False,False,False,16,False,True,True
True,2,False,0.0,False,2,False,True,0,simple_entropy,False,safe_early_stop,181,False,True,False,4,False,False,False
True,2,False,0.0,False,2,False,True,0,simple_entropy,False,safe_early_stop,182,False,True,False,2,False,False,False
True,2,False,0.0,False,2,False,True,0,simple_entropy,False,safe_early_stop,183,False,True,False,2,False,False,False
False,16,False,0.0,False,16,False,False,1,simple_entropy,False,unnecessary_continuation,184,False,False,False,16,False,True,False
True,3,False,0.0,False,2,True,True,0,simple_entropy,False,safe_early_stop,185,False,True,False,2,False,False,False
True,3,False,0.0,False,2,True,True,0,simple_entropy,False,safe_early_stop,186,False,True,False,2,False,False,False
True,3,False,0.0,False,2,True,True,0,simple_entropy,False,safe_early_stop,187,False,True,False,2,False,False,False
True,2,False,0.0,False,2,False,True,0,simple_entropy,False,safe_early_stop,188,False,True,False,2,False,False,False
True,16,True,0.375,False,16,False,True,2,simple_entropy,False,invalid_extraction_driven_uncertainty,189,False,False,False,16,False,False,True
False,4,False,0.0,False,4,False,False,3,simple_entropy,False,unstable_trajectory,190,False,False,False,16,False,False,True
True,2,False,0.0,False,2,False,True,0,simple_entropy,False,safe_early_stop,191,False,True,False,2,False,False,False
True,2,False,0.0,False,2,False,True,0,simple_entropy,False,safe_early_stop,192,False,True,False,2,False,False,False
True,3,False,0.0,False,2,True,True,0,simple_entropy,False,safe_early_stop,193,False,True,False,2,False,False,False
True,2,False,0.0,False,2,False,True,0,simple_entropy,False,safe_early_stop,194,False,True,False,2,False,False,False
True,2,False,0.0,False,2,False,True,0,simple_entropy,False,safe_early_stop,195,False,True,False,4,False,False,False
True,2,False,0.0,False,2,False,True,0,simple_entropy,False,safe_early_stop,196,False,True,False,2,False,False,False
True,4,False,0.0,False,4,False,True,0,simple_entropy,False,safe_early_stop,197,False,True,False,6,False,False,False
True,2,False,0.0,False,2,False,True,0,simple_entropy,False,safe_early_stop,198,False,True,False,2,False,False,False
True,3,False,0.0,False,2,True,True,0,simple_entropy,False,safe_early_stop,199,False,True,False,2,False,False,False
True,2,False,0.0,False,2,False,True,0,simple_entropy,False,safe_early_stop,200,False,True,False,2,False,False,False
True,2,False,0.0,False,2,False,True,0,simple_entropy,False,safe_early_stop,201,False,True,False,2,False,False,False
True,2,False,0.0,False,2,False,True,0,simple_entropy,False,safe_early_stop,202,False,True,False,2,False,False,False
True,3,False,0.0,False,2,True,True,0,simple_entropy,False,safe_early_stop,203,False,True,False,2,False,False,False
False,16,False,0.0,False,4,True,False,1,simple_entropy,False,unnecessary_continuation,204,False,False,False,16,False,True,False
True,2,False,0.0,False,2,False,True,0,simple_entropy,False,safe_early_stop,205,False,True,False,2,False,False,False
True,2,False,0.0,False,2,False,True,0,simple_entropy,False,safe_early_stop,206,False,True,False,2,False,False,False
True,2,False,0.0,False,2,False,True,0,simple_entropy,False,safe_early_stop,207,False,True,False,2,False,False,False
True,2,False,0.0,False,2,False,True,0,simple_entropy,False,safe_early_stop,208,False,True,False,2,False,False,False
True,2,False,0.0,False,2,False,True,0,simple_entropy,False,safe_early_stop,209,False,True,False,4,False,False,False
True,16,False,0.0,False,16,False,True,2,simple_entropy,False,unnecessary_continuation,210,False,False,False,16,False,True,True
True,2,False,0.0,False,2,False,True,0,simple_entropy,False,safe_early_stop,211,False,True,False,4,False,False,False
True,4,False,0.0,False,4,False,True,0,simple_entropy,False,safe_early_stop,212,False,True,False,6,False,False,False
False,2,True,0.5,False,2,False,False,0,simple_entropy,False,invalid_extraction_driven_uncertainty,213,False,True,True,2,False,False,False
False,16,True,0.0625,False,16,False,False,3,simple_entropy,False,unnecessary_continuation,214,False,False,False,16,False,True,True
True,2,False,0.0,False,2,False,True,0,simple_entropy,False,safe_early_stop,215,False,True,False,2,False,False,False
True,2,False,0.0,False,2,False,True,0,simple_entropy,False,safe_early_stop,216,False,True,False,2,False,False,False
False,3,False,0.0,False,2,True,False,0,simple_entropy,False,stable_wrong_trajectory,217,False,True,True,2,False,False,False
True,2,False,0.0,False,2,False,True,0,simple_entropy,False,safe_early_stop,218,False,True,False,2,False,False,False
True,16,False,0.0,False,16,False,True,0,simple_entropy,False,unnecessary_continuation,219,False,False,False,16,False,True,False
False,2,False,0.0,False,2,False,False,0,simple_entropy,False,stable_wrong_trajectory,220,False,True,True,2,False,False,False
True,2,False,0.0,False,2,False,True,0,simple_entropy,False,safe_early_stop,221,False,True,False,4,False,False,False
False,4,False,0.0,False,4,False,False,1,simple_entropy,False,safe_early_stop,222,False,True,False,6,False,False,False
True,2,False,0.0,False,2,False,True,0,simple_entropy,False,safe_early_stop,223,False,True,False,2,False,False,False
False,2,True,0.5,False,2,False,False,0,simple_entropy,False,invalid_extraction_driven_uncertainty,224,False,True,True,2,False,False,False
True,2,False,0.0,False,2,False,True,0,simple_entropy,False,safe_early_stop,225,False,True,False,4,False,False,False
True,2,False,0.0,False,2,False,True,0,simple_entropy,False,safe_early_stop,226,False,True,False,2,False,False,False
True,2,False,0.0,False,2,False,True,0,simple_entropy,False,safe_early_stop,227,False,True,False,4,False,False,False
True,14,True,0.625,False,14,False,True,1,simple_entropy,False,unnecessary_continuation,228,False,False,False,16,False,True,False
True,2,False,0.0,False,2,False,True,0,simple_entropy,False,safe_early_stop,229,False,True,False,2,False,False,False
True,3,False,0.0,False,2,True,True,0,simple_entropy,False,safe_early_stop,230,False,True,False,2,False,False,False
True,2,False,0.0,False,2,False,True,0,simple_entropy,False,safe_early_stop,231,False,True,False,2,False,False,False
True,6,False,0.0,False,6,False,True,1,simple_entropy,False,unnecessary_continuation,232,False,False,False,16,False,True,False
True,2,False,0.0,False,2,False,True,0,simple_entropy,False,safe_early_stop,233,False,True,False,2,False,False,False
False,8,False,0.0,True,2,True,True,1,simple_entropy,True,premature_stop_with_missed_recovery,234,False,False,False,2,True,False,False
True,3,False,0.0,False,2,True,True,0,simple_entropy,False,safe_early_stop,235,False,True,False,2,False,False,False
False,16,True,0.25,False,16,False,False,5,simple_entropy,False,invalid_extraction_driven_uncertainty,236,False,False,False,16,False,False,True
True,2,False,0.0,False,2,False,True,0,simple_entropy,False,safe_early_stop,237,False,True,False,2,False,False,False
True,2,False,0.0,False,2,False,True,0,simple_entropy,False,safe_early_stop,238,False,True,False,2,False,False,False
False,16,True,1.0,False,16,False,False,0,simple_entropy,False,unnecessary_continuation,239,False,False,True,16,False,True,False
False,14,False,0.0,False,14,False,False,1,simple_entropy,False,unnecessary_continuation,240,False,False,False,16,False,True,False
True,2,False,0.0,False,2,False,True,0,simple_entropy,False,safe_early_stop,241,False,True,False,2,False,False,False
False,6,False,0.0,False,6,False,False,1,simple_entropy,False,unnecessary_continuation,242,False,False,False,16,False,True,False
True,2,False,0.0,False,2,False,True,0,simple_entropy,False,safe_early_stop,243,False,True,False,2,False,False,False
True,2,False,0.0,False,2,False,True,0,simple_entropy,False,safe_early_stop,244,False,True,False,2,False,False,False
False,16,True,0.125,False,16,False,False,1,simple_entropy,False,unnecessary_continuation,245,False,False,False,16,False,True,False
True,6,False,0.0,False,2,True,True,0,simple_entropy,False,safe_early_stop,246,False,True,False,2,False,False,False
True,2,False,0.0,False,2,False,True,0,simple_entropy,False,safe_early_stop,247,False,True,False,2,False,False,False
False,16,True,1.0,False,16,False,False,0,simple_entropy,False,unnecessary_continuation,248,False,False,True,16,False,True,False
False,2,True,0.5,False,2,False,False,1,simple_entropy,False,invalid_extraction_driven_uncertainty,249,False,True,False,2,False,False,False
True,2,False,0.0,False,2,False,True,0,simple_entropy,False,safe_early_stop,250,False,True,False,2,False,False,False
True,2,False,0.0,False,2,False,True,0,simple_entropy,False,safe_early_stop,251,False,True,False,4,False,False,False
True,2,False,0.0,False,2,False,True,0,simple_entropy,False,safe_early_stop,252,False,True,False,2,False,False,False
True,2,False,0.0,False,2,False,True,0,simple_entropy,False,safe_early_stop,253,False,True,False,4,False,False,False
True,2,False,0.0,False,2,False,True,0,simple_entropy,False,safe_early_stop,254,False,True,False,4,False,False,False
True,3,False,0.0,False,2,True,True,0,simple_entropy,False,safe_early_stop,255,False,True,False,2,False,False,False
True,2,False,0.0,False,2,False,True,0,simple_entropy,False,safe_early_stop,256,False,True,False,2,False,False,False
True,2,False,0.0,False,2,False,True,0,simple_entropy,False,safe_early_stop,257,False,True,False,4,False,False,False
True,2,False,0.0,False,2,False,True,0,simple_entropy,False,safe_early_stop,258,False,True,False,2,False,False,False
True,3,False,0.0,False,2,True,True,0,simple_entropy,False,safe_early_stop,259,False,True,False,2,False,False,False
True,2,False,0.0,False,2,False,True,0,simple_entropy,False,safe_early_stop,260,False,True,False,4,False,False,False
True,2,False,0.0,False,2,False,True,0,simple_entropy,False,safe_early_stop,261,False,True,False,4,False,False,False
True,2,False,0.0,False,2,False,True,0,simple_entropy,False,safe_early_stop,262,False,True,False,2,False,False,False
True,2,False,0.0,False,2,False,True,0,simple_entropy,False,safe_early_stop,263,False,True,False,2,False,False,False
False,2,True,0.0625,False,2,False,False,0,simple_entropy,False,unnecessary_continuation,264,False,False,True,16,False,True,False
True,2,False,0.0,False,2,False,True,0,simple_entropy,False,safe_early_stop,265,False,True,False,2,False,False,False
False,2,False,0.0,False,2,False,True,5,simple_entropy,True,premature_stop_with_missed_recovery,266,False,False,False,2,False,False,True
True,10,False,0.0,False,10,False,True,1,simple_entropy,False,unnecessary_continuation,267,False,False,False,16,False,True,False
True,2,False,0.0,False,2,False,True,0,simple_entropy,False,safe_early_stop,268,False,True,False,2,False,False,False
True,3,False,0.0,False,2,True,True,0,simple_entropy,False,safe_early_stop,269,False,True,False,2,False,False,False
True,2,False,0.0,False,2,False,True,0,simple_entropy,False,safe_early_stop,270,False,True,False,2,False,False,False
True,2,False,0.0,False,2,False,True,0,simple_entropy,False,safe_early_stop,271,False,True,False,2,False,False,False
True,2,False,0.0,False,2,False,True,2,simple_entropy,False,unstable_trajectory,272,False,True,False,2,False,False,True
True,2,False,0.0,False,2,False,True,0,simple_entropy,False,safe_early_stop,273,False,True,False,4,False,False,False
False,16,False,0.0,False,16,False,False,1,simple_entropy,False,unnecessary_continuation,274,False,False,False,16,False,True,False
True,2,False,0.0,False,2,False,True,0,simple_entropy,False,safe_early_stop,275,False,True,False,2,False,False,False
True,2,False,0.0,False,2,False,True,0,simple_entropy,False,safe_early_stop,276,False,True,False,2,False,False,False
True,2,False,0.0,False,2,False,True,0,simple_entropy,False,safe_early_stop,277,False,True,False,2,False,False,False
True,2,False,0.0,False,2,False,True,0,simple_entropy,False,safe_early_stop,278,False,True,False,2,False,False,False
False,2,False,0.0,False,2,False,True,1,simple_entropy,True,premature_stop_with_missed_recovery,279,False,False,False,2,False,False,False
True,3,False,0.0,False,2,True,True,0,simple_entropy,False,safe_early_stop,280,False,True,False,2,False,False,False
True,16,False,0.0,False,16,False,True,3,simple_entropy,False,unnecessary_continuation,281,False,False,False,16,False,True,True
False,2,False,0.0,False,2,False,False,0,simple_entropy,False,stable_wrong_trajectory,282,False,True,True,2,False,False,False
True,2,False,0.0,False,2,False,True,0,simple_entropy,False,safe_early_stop,283,False,True,False,2,False,False,False
False,2,True,0.0625,False,2,False,False,3,simple_entropy,False,unnecessary_continuation,284,False,False,False,16,False,True,True
False,4,True,0.75,False,3,True,False,1,simple_entropy,False,invalid_extraction_driven_uncertainty,285,False,True,False,4,False,False,False
False,2,True,0.5,False,2,False,False,0,simple_entropy,False,invalid_extraction_driven_uncertainty,286,False,True,True,2,False,False,False
True,2,False,0.0,False,2,False,True,0,simple_entropy,False,safe_early_stop,287,False,True,False,2,False,False,False
False,2,True,0.5,False,2,False,False,0,simple_entropy,False,invalid_extraction_driven_uncertainty,288,False,True,True,2,False,False,False
True,2,False,0.0,False,2,False,True,0,simple_entropy,False,safe_early_stop,289,False,True,False,2,False,False,False
True,11,True,0.5,False,11,False,True,0,simple_entropy,False,unnecessary_continuation,290,False,False,False,16,False,True,False
True,16,False,0.0,False,16,False,True,2,simple_entropy,False,unnecessary_continuation,291,False,False,False,16,False,True,True
False,9,True,0.5,False,2,True,False,0,simple_entropy,False,invalid_extraction_driven_uncertainty,292,False,True,True,2,False,False,False
True,2,False,0.0,False,2,False,True,0,simple_entropy,False,safe_early_stop,293,False,True,False,4,False,False,False
True,6,False,0.0,False,4,True,True,1,simple_entropy,False,safe_early_stop,294,False,True,False,6,False,False,False
False,4,True,0.0625,False,4,False,False,0,simple_entropy,False,unnecessary_continuation,295,False,False,True,16,False,True,False
False,2,False,0.0,False,2,False,False,0,simple_entropy,False,stable_wrong_trajectory,296,False,True,True,2,False,False,False
True,2,False,0.0,False,2,False,True,0,simple_entropy,False,safe_early_stop,297,False,True,False,2,False,False,False
False,2,True,0.5,False,2,False,True,3,simple_entropy,True,premature_stop_with_missed_recovery,298,False,False,False,2,False,False,True
True,2,False,0.0,False,2,False,True,0,simple_entropy,False,safe_early_stop,299,False,True,False,4,False,False,False
True,3,False,0.0,False,2,True,True,0,simple_entropy,False,safe_early_stop,300,False,True,False,2,False,False,False
False,3,False,0.0,False,2,True,False,0,simple_entropy,False,stable_wrong_trajectory,301,False,True,True,2,False,False,False
True,16,True,0.375,False,16,False,True,2,simple_entropy,False,unnecessary_continuation,302,False,False,False,16,False,True,True
False,2,True,0.25,False,2,False,False,0,simple_entropy,False,invalid_extraction_driven_uncertainty,303,False,True,True,4,False,False,False
True,4,False,0.0,False,2,True,True,0,simple_entropy,False,safe_early_stop,304,False,True,False,2,False,False,False
True,2,False,0.0,False,2,False,True,0,simple_entropy,False,safe_early_stop,305,False,True,False,2,False,False,False
False,16,True,0.125,False,16,False,False,1,simple_entropy,False,unnecessary_continuation,306,False,False,False,16,False,True,False
True,3,False,0.0,False,2,True,True,0,simple_entropy,False,safe_early_stop,307,False,True,False,2,False,False,False
False,16,False,0.0,False,16,False,False,2,simple_entropy,False,unnecessary_continuation,308,False,False,False,16,False,True,True
False,16,False,0.0,False,16,False,False,3,simple_entropy,False,unnecessary_continuation,309,False,False,False,16,False,True,True
True,2,False,0.0,False,2,False,True,0,simple_entropy,False,safe_early_stop,310,False,True,False,2,False,False,False
True,3,False,0.0,False,2,True,True,0,simple_entropy,False,safe_early_stop,311,False,True,False,2,False,False,False
True,2,False,0.0,False,2,False,True,0,simple_entropy,False,safe_early_stop,312,False,True,False,2,False,False,False
True,2,False,0.0,False,2,False,True,0,simple_entropy,False,safe_early_stop,313,False,True,False,2,False,False,False
True,2,False,0.0,False,2,False,True,0,simple_entropy,False,safe_early_stop,314,False,True,False,2,False,False,False
True,2,False,0.0,False,2,False,True,0,simple_entropy,False,safe_early_stop,315,False,True,False,4,False,False,False
True,2,False,0.0,False,2,False,True,0,simple_entropy,False,safe_early_stop,316,False,True,False,2,False,False,False
False,3,False,0.0,False,2,True,False,0,simple_entropy,False,stable_wrong_trajectory,317,False,True,True,2,False,False,False
True,3,False,0.0,False,2,True,True,0,simple_entropy,False,safe_early_stop,318,False,True,False,2,False,False,False
True,3,False,0.0,False,2,True,True,0,simple_entropy,False,safe_early_stop,319,False,True,False,2,False,False,False
True,2,False,0.0,False,2,False,True,0,simple_entropy,False,safe_early_stop,320,False,True,False,2,False,False,False
True,3,False,0.0,False,2,True,True,0,simple_entropy,False,safe_early_stop,321,False,True,False,2,False,False,False
True,2,False,0.0,False,2,False,True,0,simple_entropy,False,safe_early_stop,322,False,True,False,2,False,False,False
True,2,False,0.0,False,2,False,True,0,simple_entropy,False,safe_early_stop,323,False,True,False,2,False,False,False
True,16,True,0.125,False,16,False,True,1,simple_entropy,False,unnecessary_continuation,324,False,False,False,16,False,True,False
True,2,False,0.0,False,2,False,True,0,simple_entropy,False,safe_early_stop,325,False,True,False,2,False,False,False
True,4,True,0.75,False,3,True,True,1,simple_entropy,False,invalid_extraction_driven_uncertainty,326,False,True,False,4,False,False,False
False,16,True,0.5,False,2,True,False,0,simple_entropy,False,invalid_extraction_driven_uncertainty,327,False,True,True,2,False,False,False
True,4,True,0.0625,False,4,False,True,0,simple_entropy,False,unnecessary_continuation,328,False,False,False,16,False,True,False
True,2,False,0.0,False,2,False,True,0,simple_entropy,False,safe_early_stop,329,False,True,False,2,False,False,False
True,2,False,0.0,False,2,False,True,0,simple_entropy,False,safe_early_stop,330,False,True,False,2,False,False,False
True,2,False,0.0,False,2,False,True,0,simple_entropy,False,safe_early_stop,331,False,True,False,6,False,False,False
True,16,True,0.0625,False,16,False,True,6,simple_entropy,False,unnecessary_continuation,332,False,False,False,16,False,True,True
True,4,True,0.5,False,2,True,True,0,simple_entropy,False,invalid_extraction_driven_uncertainty,333,False,True,False,2,False,False,False
True,2,False,0.0,False,2,False,True,0,simple_entropy,False,safe_early_stop,334,False,True,False,2,False,False,False
True,2,False,0.0,False,2,False,True,0,simple_entropy,False,safe_early_stop,335,False,True,False,4,False,False,False
True,2,False,0.0,False,2,False,True,0,simple_entropy,False,safe_early_stop,336,False,True,False,2,False,False,False
True,2,False,0.0,False,2,False,True,0,simple_entropy,False,safe_early_stop,337,False,True,False,4,False,False,False
True,2,False,0.0,False,2,False,True,0,simple_entropy,False,safe_early_stop,338,False,True,False,2,False,False,False
True,4,False,0.0,False,4,False,True,0,simple_entropy,False,safe_early_stop,339,False,True,False,6,False,False,False
False,16,True,1.0,False,16,False,False,0,simple_entropy,False,unnecessary_continuation,340,False,False,True,16,False,True,False
True,3,False,0.0,False,2,True,True,0,simple_entropy,False,safe_early_stop,341,False,True,False,2,False,False,False
True,2,False,0.0,False,2,False,True,0,simple_entropy,False,safe_early_stop,342,False,True,False,2,False,False,False
True,2,False,0.0,False,2,False,True,0,simple_entropy,False,safe_early_stop,343,False,True,False,2,False,False,False
True,3,False,0.0,False,2,True,True,0,simple_entropy,False,safe_early_stop,344,False,True,False,2,False,False,False
True,2,False,0.0,False,2,False,True,0,simple_entropy,False,safe_early_stop,345,False,True,False,2,False,False,False
True,2,False,0.0,False,2,False,True,0,simple_entropy,False,safe_early_stop,346,False,True,False,2,False,False,False
True,2,False,0.0,False,2,False,True,0,simple_entropy,False,safe_early_stop,347,False,True,False,2,False,False,False
True,2,False,0.0,False,2,False,True,0,simple_entropy,False,safe_early_stop,348,False,True,False,4,False,False,False
False,2,False,0.0,False,2,False,False,0,simple_entropy,False,stable_wrong_trajectory,349,False,True,True,2,False,False,False
True,2,False,0.0,False,2,False,True,0,simple_entropy,False,safe_early_stop,350,False,True,False,2,False,False,False
False,2,False,0.0,False,2,False,False,0,simple_entropy,False,stable_wrong_trajectory,351,False,True,True,2,False,False,False
False,14,True,0.5,False,2,True,False,1,simple_entropy,False,invalid_extraction_driven_uncertainty,352,False,True,False,2,False,False,False
True,2,False,0.0,False,2,False,True,0,simple_entropy,False,safe_early_stop,353,False,True,False,2,False,False,False
True,2,False,0.0,False,2,False,True,0,simple_entropy,False,safe_early_stop,354,False,True,False,2,False,False,False
False,16,True,0.125,False,16,False,False,1,simple_entropy,False,unnecessary_continuation,355,False,False,False,16,False,True,False
True,2,False,0.0,False,2,False,True,0,simple_entropy,False,safe_early_stop,356,False,True,False,2,False,False,False
True,16,False,0.0,False,16,False,True,1,simple_entropy,False,unnecessary_continuation,357,False,False,False,16,False,True,False
False,16,False,0.0,False,16,False,False,2,simple_entropy,False,unnecessary_continuation,358,False,False,False,16,False,True,True
True,2,False,0.0,False,2,False,True,0,simple_entropy,False,safe_early_stop,359,False,True,False,2,False,False,False
True,2,False,0.0,False,2,False,True,0,simple_entropy,False,safe_early_stop,360,False,True,False,2,False,False,False
True,3,False,0.0,False,2,True,True,0,simple_entropy,False,safe_early_stop,361,False,True,False,2,False,False,False
True,2,False,0.0,False,2,False,True,0,simple_entropy,False,safe_early_stop,362,False,True,False,2,False,False,False
True,3,False,0.0,False,2,True,True,0,simple_entropy,False,safe_early_stop,363,False,True,False,2,False,False,False
True,2,False,0.0,False,2,False,True,0,simple_entropy,False,safe_early_stop,364,False,True,False,2,False,False,False
False,2,False,0.0,False,2,False,False,0,simple_entropy,False,stable_wrong_trajectory,365,False,True,True,2,False,False,False
True,2,False,0.0,False,2,False,True,0,simple_entropy,False,safe_early_stop,366,False,True,False,2,False,False,False
True,2,False,0.0,False,2,False,True,0,simple_entropy,False,safe_early_stop,367,False,True,False,4,False,False,False
True,2,False,0.0,False,2,False,True,0,simple_entropy,False,safe_early_stop,368,False,True,False,2,False,False,False
False,2,False,0.0,False,2,False,False,1,simple_entropy,False,unnecessary_continuation,369,False,False,False,16,False,True,False
True,3,False,0.0,False,2,True,True,0,simple_entropy,False,safe_early_stop,370,False,True,False,2,False,False,False
True,16,True,0.1875,False,16,False,True,5,simple_entropy,False,unnecessary_continuation,371,False,False,False,16,False,True,True
False,16,False,0.0,False,16,False,False,4,simple_entropy,False,unnecessary_continuation,372,False,False,False,16,False,True,True
True,2,False,0.0,False,2,False,True,0,simple_entropy,False,safe_early_stop,373,False,True,False,4,False,False,False
True,2,False,0.0,False,2,False,True,0,simple_entropy,False,safe_early_stop,374,False,True,False,2,False,False,False
True,3,False,0.0,False,2,True,True,0,simple_entropy,False,safe_early_stop,375,False,True,False,2,False,False,False
True,3,True,0.5,False,2,True,True,0,simple_entropy,False,invalid_extraction_driven_uncertainty,376,False,True,False,4,False,False,False
True,2,False,0.0,False,2,False,True,0,simple_entropy,False,safe_early_stop,377,False,True,False,4,False,False,False
True,4,True,0.14285714285714285,False,4,False,True,0,simple_entropy,False,invalid_extraction_driven_uncertainty,378,False,True,False,7,False,False,False
True,2,False,0.0,False,2,False,True,0,simple_entropy,False,safe_early_stop,379,False,True,False,2,False,False,False
False,16,False,0.0,True,2,True,True,1,simple_entropy,True,premature_stop_with_missed_recovery,380,False,False,False,2,True,False,False
False,16,True,0.125,False,16,False,False,0,simple_entropy,False,unnecessary_continuation,381,False,False,True,16,False,True,False
True,4,False,0.0,False,4,False,True,0,simple_entropy,False,safe_early_stop,382,False,True,False,6,False,False,False
True,2,False,0.0,False,2,False,True,0,simple_entropy,False,safe_early_stop,383,False,True,False,4,False,False,False
True,3,False,0.0,False,2,True,True,0,simple_entropy,False,safe_early_stop,384,False,True,False,2,False,False,False
False,2,False,0.0,False,2,False,True,1,simple_entropy,True,premature_stop_with_missed_recovery,385,False,False,False,2,False,False,False
True,2,False,0.0,False,2,False,True,0,simple_entropy,False,safe_early_stop,386,False,True,False,2,False,False,False
True,2,False,0.0,False,2,False,True,0,simple_entropy,False,safe_early_stop,387,False,True,False,2,False,False,False
True,16,False,0.0,False,16,False,True,3,simple_entropy,False,unnecessary_continuation,388,False,False,False,16,False,True,True
True,16,False,0.0,False,16,False,True,1,simple_entropy,False,unnecessary_continuation,389,False,False,False,16,False,True,False
True,4,False,0.0,False,4,False,True,1,simple_entropy,False,unnecessary_continuation,390,False,False,False,16,False,True,False
True,2,True,0.25,False,2,False,True,0,simple_entropy,False,invalid_extraction_driven_uncertainty,391,False,True,False,4,False,False,False
False,2,False,0.0,False,2,False,False,0,simple_entropy,False,stable_wrong_trajectory,392,False,True,True,2,False,False,False
True,2,False,0.0,False,2,False,True,0,simple_entropy,False,safe_early_stop,393,False,True,False,2,False,False,False
True,14,True,0.4375,False,14,False,True,1,simple_entropy,False,unnecessary_continuation,394,False,False,False,16,False,True,False
True,2,False,0.0,False,2,False,True,0,simple_entropy,False,safe_early_stop,395,False,True,False,4,False,False,False
True,2,False,0.0,False,2,False,True,0,simple_entropy,False,safe_early_stop,396,False,True,False,2,False,False,False
True,2,False,0.0,False,2,False,True,0,simple_entropy,False,safe_early_stop,397,False,True,False,2,False,False,False
False,16,False,0.0,False,16,False,False,1,simple_entropy,False,unnecessary_continuation,398,False,False,False,16,False,True,False
True,3,False,0.0,False,2,True,True,0,simple_entropy,False,safe_early_stop,399,False,True,False,2,False,False,False
True,16,False,0.0,False,16,False,True,6,simple_entropy,False,unnecessary_continuation,400,False,False,False,16,False,True,True
False,6,True,0.8333333333333334,False,6,False,False,1,simple_entropy,False,invalid_extraction_driven_uncertainty,401,False,True,False,6,False,False,False
True,2,False,0.0,False,2,False,True,0,simple_entropy,False,safe_early_stop,402,False,True,False,2,False,False,False
False,2,False,0.0,False,2,False,False,0,simple_entropy,False,stable_wrong_trajectory,403,False,True,True,2,False,False,False
True,2,False,0.0,False,2,False,True,0,simple_entropy,False,safe_early_stop,404,False,True,False,2,False,False,False
True,2,False,0.0,False,2,False,True,0,simple_entropy,False,safe_early_stop,405,False,True,False,2,False,False,False
True,2,False,0.0,False,2,False,True,0,simple_entropy,False,safe_early_stop,406,False,True,False,2,False,False,False
True,2,False,0.0,False,2,False,True,0,simple_entropy,False,safe_early_stop,407,False,True,False,4,False,False,False
True,10,True,0.9,False,10,False,True,1,simple_entropy,False,invalid_extraction_driven_uncertainty,408,False,True,False,10,False,False,False
True,2,False,0.0,False,2,False,True,0,simple_entropy,False,safe_early_stop,409,False,True,False,2,False,False,False
True,2,False,0.0,False,2,False,True,0,simple_entropy,False,safe_early_stop,410,False,True,False,2,False,False,False
True,3,False,0.0,False,2,True,True,0,simple_entropy,False,safe_early_stop,411,False,True,False,2,False,False,False
True,16,True,0.75,False,4,True,False,3,simple_entropy,False,regression_avoided,412,True,True,False,4,False,False,True
True,3,False,0.0,False,2,True,True,0,simple_entropy,False,safe_early_stop,413,False,True,False,2,False,False,False
True,2,False,0.0,False,2,False,True,0,simple_entropy,False,safe_early_stop,414,False,True,False,2,False,False,False
True,2,False,0.0,False,2,False,True,0,simple_entropy,False,safe_early_stop,415,False,True,False,2,False,False,False
True,2,False,0.0,False,2,False,True,0,simple_entropy,False,safe_early_stop,416,False,True,False,2,False,False,False
True,2,False,0.0,False,2,False,True,0,simple_entropy,False,safe_early_stop,417,False,True,False,2,False,False,False
True,2,False,0.0,False,2,False,True,0,simple_entropy,False,safe_early_stop,418,False,True,False,4,False,False,False
False,16,True,0.75,False,4,True,False,1,simple_entropy,False,invalid_extraction_driven_uncertainty,419,False,True,False,4,False,False,False
False,2,False,0.0,False,2,False,False,0,simple_entropy,False,stable_wrong_trajectory,420,False,True,True,2,False,False,False
True,2,True,0.3125,False,2,False,True,0,simple_entropy,False,unnecessary_continuation,421,False,False,False,16,False,True,False
False,7,True,0.8571428571428571,False,7,False,False,1,simple_entropy,False,invalid_extraction_driven_uncertainty,422,False,True,False,7,False,False,False
True,2,False,0.0,False,2,False,False,5,simple_entropy,False,regression_avoided,423,True,True,False,2,False,False,True
True,2,False,0.0,False,2,False,True,0,simple_entropy,False,safe_early_stop,424,False,True,False,2,False,False,False
True,16,True,0.0625,False,16,False,True,1,simple_entropy,False,unnecessary_continuation,425,False,False,False,16,False,True,False
True,2,False,0.0,False,2,False,True,0,simple_entropy,False,safe_early_stop,426,False,True,False,2,False,False,False
True,2,False,0.0,False,2,False,True,0,simple_entropy,False,safe_early_stop,427,False,True,False,2,False,False,False
True,4,False,0.0,False,4,False,True,0,simple_entropy,False,safe_early_stop,428,False,True,False,15,False,False,False
True,2,False,0.0,False,2,False,True,0,simple_entropy,False,safe_early_stop,429,False,True,False,2,False,False,False
True,2,False,0.0,False,2,False,True,0,simple_entropy,False,safe_early_stop,430,False,True,False,2,False,False,False
False,16,False,0.0,False,16,False,False,4,simple_entropy,False,unnecessary_continuation,431,False,False,False,16,False,True,True
False,16,True,0.5,False,2,True,False,0,simple_entropy,False,invalid_extraction_driven_uncertainty,432,False,True,True,2,False,False,False
True,3,False,0.0,False,2,True,True,0,simple_entropy,False,safe_early_stop,433,False,True,False,2,False,False,False
True,3,False,0.0,False,2,True,True,0,simple_entropy,False,safe_early_stop,434,False,True,False,2,False,False,False
True,2,False,0.0,False,2,False,True,0,simple_entropy,False,safe_early_stop,435,False,True,False,2,False,False,False
True,5,True,0.5,False,2,True,True,0,simple_entropy,False,invalid_extraction_driven_uncertainty,436,False,True,False,2,False,False,False
True,2,False,0.0,False,2,False,True,0,simple_entropy,False,safe_early_stop,437,False,True,False,2,False,False,False
True,2,False,0.0,False,2,False,True,0,simple_entropy,False,safe_early_stop,438,False,True,False,4,False,False,False
True,2,False,0.0,False,2,False,True,0,simple_entropy,False,safe_early_stop,439,False,True,False,4,False,False,False
True,2,False,0.0,False,2,False,True,0,simple_entropy,False,safe_early_stop,440,False,True,False,2,False,False,False
True,2,False,0.0,False,2,False,True,0,simple_entropy,False,safe_early_stop,441,False,True,False,2,False,False,False
True,2,False,0.0,False,2,False,True,0,simple_entropy,False,safe_early_stop,442,False,True,False,2,False,False,False
True,2,False,0.0,False,2,False,True,0,simple_entropy,False,safe_early_stop,443,False,True,False,2,False,False,False
False,3,True,0.5,False,2,True,False,0,simple_entropy,False,invalid_extraction_driven_uncertainty,444,False,True,True,4,False,False,False
False,16,True,0.5,False,16,False,False,4,simple_entropy,False,unnecessary_continuation,445,False,False,False,16,False,True,True
True,2,False,0.0,False,2,False,True,0,simple_entropy,False,safe_early_stop,446,False,True,False,2,False,False,False
True,4,False,0.0,False,4,False,True,0,simple_entropy,False,safe_early_stop,447,False,True,False,6,False,False,False
True,2,False,0.0,False,2,False,True,0,simple_entropy,False,safe_early_stop,448,False,True,False,2,False,False,False
True,2,False,0.0,False,2,False,True,0,simple_entropy,False,safe_early_stop,449,False,True,False,2,False,False,False
True,2,False,0.0,False,2,False,True,0,simple_entropy,False,safe_early_stop,450,False,True,False,2,False,False,False
True,2,False,0.0,False,2,False,True,0,simple_entropy,False,safe_early_stop,451,False,True,False,4,False,False,False
True,3,False,0.0,False,2,True,True,0,simple_entropy,False,safe_early_stop,452,False,True,False,2,False,False,False
True,2,False,0.0,False,2,False,True,0,simple_entropy,False,safe_early_stop,453,False,True,False,4,False,False,False
False,16,True,1.0,False,16,False,False,0,simple_entropy,False,unnecessary_continuation,454,False,False,True,16,False,True,False
True,2,False,0.0,False,2,False,True,0,simple_entropy,False,safe_early_stop,455,False,True,False,2,False,False,False
True,2,True,0.25,False,2,False,True,0,simple_entropy,False,invalid_extraction_driven_uncertainty,456,False,True,False,4,False,False,False
True,2,False,0.0,False,2,False,True,0,simple_entropy,False,safe_early_stop,457,False,True,False,2,False,False,False
True,3,True,0.5,False,2,True,True,0,simple_entropy,False,invalid_extraction_driven_uncertainty,458,False,True,False,2,False,False,False
True,4,False,0.0,False,2,True,True,0,simple_entropy,False,safe_early_stop,459,False,True,False,2,False,False,False
False,16,False,0.0,False,4,True,False,3,simple_entropy,False,unnecessary_continuation,460,False,False,False,16,False,True,True
True,2,False,0.0,False,2,False,True,0,simple_entropy,False,safe_early_stop,461,False,True,False,2,False,False,False
True,3,False,0.0,False,2,True,True,0,simple_entropy,False,safe_early_stop,462,False,True,False,2,False,False,False
True,3,False,0.0,False,2,True,True,0,simple_entropy,False,safe_early_stop,463,False,True,False,2,False,False,False
True,2,False,0.0,False,2,False,True,0,simple_entropy,False,safe_early_stop,464,False,True,False,2,False,False,False
True,2,False,0.0,False,2,False,True,0,simple_entropy,False,safe_early_stop,465,False,True,False,2,False,False,False
False,16,False,0.0,False,16,False,False,3,simple_entropy,False,unnecessary_continuation,466,False,False,False,16,False,True,True
True,2,False,0.0,False,2,False,True,0,simple_entropy,False,safe_early_stop,467,False,True,False,4,False,False,False
True,2,False,0.0,False,2,False,True,0,simple_entropy,False,safe_early_stop,468,False,True,False,2,False,False,False
True,2,False,0.0,False,2,False,True,0,simple_entropy,False,safe_early_stop,469,False,True,False,2,False,False,False
False,4,True,0.75,False,4,False,True,2,simple_entropy,True,premature_stop_with_missed_recovery,470,False,False,False,4,False,False,True
True,3,False,0.0,False,2,True,True,0,simple_entropy,False,safe_early_stop,471,False,True,False,2,False,False,False
True,3,False,0.0,False,2,True,True,0,simple_entropy,False,safe_early_stop,472,False,True,False,2,False,False,False
True,4,True,0.125,False,4,False,True,3,simple_entropy,False,invalid_extraction_driven_uncertainty,473,False,False,False,16,False,False,True
True,2,False,0.0,False,2,False,True,0,simple_entropy,False,safe_early_stop,474,False,True,False,2,False,False,False
False,16,True,0.8888888888888888,False,9,True,False,1,simple_entropy,False,invalid_extraction_driven_uncertainty,475,False,True,False,9,False,False,False
True,2,False,0.0,False,2,False,True,0,simple_entropy,False,safe_early_stop,476,False,True,False,2,False,False,False
True,10,False,0.0,False,10,False,True,0,simple_entropy,False,unnecessary_continuation,477,False,False,False,16,False,True,False
False,2,False,0.0,False,2,False,False,0,simple_entropy,False,stable_wrong_trajectory,478,False,True,True,4,False,False,False
True,3,False,0.0,False,2,True,True,0,simple_entropy,False,safe_early_stop,479,False,True,False,2,False,False,False
True,2,False,0.0,False,2,False,True,0,simple_entropy,False,safe_early_stop,480,False,True,False,2,False,False,False
False,16,True,0.3125,False,16,False,False,1,simple_entropy,False,unnecessary_continuation,481,False,False,False,16,False,True,False
True,16,True,0.0625,False,16,False,True,2,simple_entropy,False,unnecessary_continuation,482,False,False,False,16,False,True,True
True,15,True,0.9285714285714286,False,14,True,True,1,simple_entropy,False,invalid_extraction_driven_uncertainty,483,False,True,False,14,False,False,False
True,3,False,0.0,False,2,True,True,0,simple_entropy,False,safe_early_stop,484,False,True,False,2,False,False,False
False,2,True,0.5,False,2,False,True,1,simple_entropy,True,premature_stop_with_missed_recovery,485,False,False,False,2,False,False,False
True,4,False,0.0,False,4,False,True,0,simple_entropy,False,safe_early_stop,486,False,True,False,6,False,False,False
True,2,False,0.0,False,2,False,True,0,simple_entropy,False,safe_early_stop,487,False,True,False,2,False,False,False
True,2,False,0.0,False,2,False,True,0,simple_entropy,False,safe_early_stop,488,False,True,False,2,False,False,False
True,2,False,0.0,False,2,False,True,0,simple_entropy,False,safe_early_stop,489,False,True,False,4,False,False,False
False,16,True,0.125,False,16,False,False,0,simple_entropy,False,unnecessary_continuation,490,False,False,True,16,False,True,False
False,16,False,0.0,False,16,False,False,2,simple_entropy,False,unnecessary_continuation,491,False,False,False,16,False,True,True
True,3,False,0.0,False,2,True,True,0,simple_entropy,False,safe_early_stop,492,False,True,False,2,False,False,False
True,2,False,0.0,False,2,False,True,0,simple_entropy,False,safe_early_stop,493,False,True,False,2,False,False,False
True,16,True,0.5,False,2,True,False,1,simple_entropy,False,regression_avoided,494,True,True,False,2,False,False,False
True,2,False,0.0,False,2,False,True,0,simple_entropy,False,safe_early_stop,495,False,True,False,4,False,False,False
True,2,False,0.0,False,2,False,True,0,simple_entropy,False,safe_early_stop,496,False,True,False,4,False,False,False
False,16,False,0.0,False,16,False,False,1,simple_entropy,False,unnecessary_continuation,497,False,False,False,16,False,True,False
False,2,True,0.5,False,2,False,False,0,simple_entropy,False,invalid_extraction_driven_uncertainty,498,False,True,True,2,False,False,False
True,2,False,0.0,False,2,False,True,0,simple_entropy,False,safe_early_stop,499,False,True,False,2,False,False,False
True,2,False,0.0,False,2,False,True,0,simple_stability,False,safe_early_stop,0,False,True,False,2,False,False,False
True,2,False,0.0,False,2,False,True,0,simple_stability,False,safe_early_stop,1,False,True,False,2,False,False,False
True,3,False,0.0,False,2,True,True,0,simple_stability,False,safe_early_stop,2,False,True,False,2,False,False,False
True,2,False,0.0,False,2,False,True,0,simple_stability,False,safe_early_stop,3,False,True,False,2,False,False,False
True,2,False,0.0,False,2,False,True,0,simple_stability,False,safe_early_stop,4,False,True,False,2,False,False,False
True,3,False,0.0,False,2,True,True,0,simple_stability,False,safe_early_stop,5,False,True,False,2,False,False,False
True,3,False,0.0,False,2,True,True,0,simple_stability,False,safe_early_stop,6,False,True,False,2,False,False,False
False,10,False,0.0,False,10,False,True,1,simple_stability,True,premature_stop_with_missed_recovery,7,False,False,False,2,False,False,False
True,2,False,0.0,False,2,False,True,0,simple_stability,False,safe_early_stop,8,False,True,False,2,False,False,False
False,16,False,0.0,False,16,False,False,4,simple_stability,False,unstable_trajectory,9,False,True,False,2,False,False,True
True,2,False,0.0,False,2,False,True,0,simple_stability,False,safe_early_stop,10,False,True,False,2,False,False,False
False,16,True,0.3333333333333333,False,2,True,False,0,simple_stability,False,invalid_extraction_driven_uncertainty,11,False,True,True,3,False,False,False
True,2,False,0.0,False,2,False,True,0,simple_stability,False,safe_early_stop,12,False,True,False,2,False,False,False
True,2,False,0.0,False,2,False,True,0,simple_stability,False,safe_early_stop,13,False,True,False,2,False,False,False
False,4,False,0.0,False,4,False,False,0,simple_stability,False,stable_wrong_trajectory,14,False,True,True,2,False,False,False
True,2,False,0.0,False,2,False,True,0,simple_stability,False,safe_early_stop,15,False,True,False,2,False,False,False
True,2,False,0.0,False,2,False,True,0,simple_stability,False,safe_early_stop,16,False,True,False,2,False,False,False
False,4,False,0.0,False,4,False,False,6,simple_stability,False,unstable_trajectory,17,False,True,False,2,False,False,True
True,2,False,0.0,False,2,False,False,3,simple_stability,False,regression_avoided,18,True,True,False,5,False,False,True
True,2,False,0.0,False,2,False,True,0,simple_stability,False,safe_early_stop,19,False,True,False,2,False,False,False
True,2,False,0.0,False,2,False,True,0,simple_stability,False,safe_early_stop,20,False,True,False,2,False,False,False
False,16,False,0.0,False,16,False,True,1,simple_stability,True,premature_stop_with_missed_recovery,21,False,False,False,2,False,False,False
True,3,False,0.0,False,2,True,True,0,simple_stability,False,safe_early_stop,22,False,True,False,2,False,False,False
True,3,False,0.0,False,2,True,True,0,simple_stability,False,safe_early_stop,23,False,True,False,2,False,False,False
True,16,False,0.0,False,16,False,True,0,simple_stability,False,safe_early_stop,24,False,True,False,5,False,False,False
False,2,True,0.6666666666666666,False,2,False,False,1,simple_stability,False,invalid_extraction_driven_uncertainty,25,False,True,False,6,False,False,False
False,16,False,0.0,False,16,False,False,0,simple_stability,False,stable_wrong_trajectory,26,False,True,True,5,False,False,False
True,2,False,0.0,False,2,False,True,0,simple_stability,False,safe_early_stop,27,False,True,False,5,False,False,False
True,2,False,0.0,False,2,False,True,0,simple_stability,False,safe_early_stop,28,False,True,False,2,False,False,False
True,3,False,0.0,False,2,True,True,0,simple_stability,False,safe_early_stop,29,False,True,False,2,False,False,False
True,2,False,0.0,False,2,False,True,0,simple_stability,False,safe_early_stop,30,False,True,False,2,False,False,False
True,2,False,0.0,False,2,False,True,0,simple_stability,False,safe_early_stop,31,False,True,False,2,False,False,False
True,3,False,0.0,False,2,True,True,0,simple_stability,False,safe_early_stop,32,False,True,False,2,False,False,False
False,16,False,0.0,False,16,False,False,2,simple_stability,False,unstable_trajectory,33,False,True,False,2,False,False,True
True,2,False,0.0,False,2,False,True,0,simple_stability,False,safe_early_stop,34,False,True,False,2,False,False,False
True,2,False,0.0,False,2,False,True,0,simple_stability,False,safe_early_stop,35,False,True,False,5,False,False,False
True,4,False,0.0,False,4,False,True,1,simple_stability,False,safe_early_stop,36,False,True,False,7,False,False,False
True,2,False,0.0,False,2,False,True,0,simple_stability,False,safe_early_stop,37,False,True,False,5,False,False,False
True,2,False,0.0,False,2,False,True,0,simple_stability,False,safe_early_stop,38,False,True,False,2,False,False,False
True,3,False,0.0,False,2,True,True,0,simple_stability,False,safe_early_stop,39,False,True,False,2,False,False,False
True,2,False,0.0,False,2,False,True,0,simple_stability,False,safe_early_stop,40,False,True,False,2,False,False,False
True,16,False,0.0,False,16,False,False,1,simple_stability,False,regression_avoided,41,True,True,False,2,False,False,False
True,2,False,0.0,False,2,False,True,0,simple_stability,False,safe_early_stop,42,False,True,False,2,False,False,False
False,10,False,0.0,False,4,True,False,1,simple_stability,False,safe_early_stop,43,False,True,False,2,False,False,False
True,2,False,0.0,False,2,False,True,0,simple_stability,False,safe_early_stop,44,False,True,False,5,False,False,False
True,2,False,0.0,False,2,False,True,0,simple_stability,False,safe_early_stop,45,False,True,False,2,False,False,False
True,7,True,0.5,False,2,True,True,0,simple_stability,False,invalid_extraction_driven_uncertainty,46,False,True,False,2,False,False,False
True,2,False,0.0,False,2,False,True,0,simple_stability,False,safe_early_stop,47,False,True,False,2,False,False,False
True,2,False,0.0,False,2,False,True,0,simple_stability,False,safe_early_stop,48,False,True,False,2,False,False,False
True,2,False,0.0,False,2,False,True,0,simple_stability,False,safe_early_stop,49,False,True,False,2,False,False,False
False,16,False,0.0,False,16,False,True,2,simple_stability,True,premature_stop_with_missed_recovery,50,False,False,False,2,False,False,True
True,2,False,0.0,False,2,False,True,0,simple_stability,False,safe_early_stop,51,False,True,False,2,False,False,False
True,2,False,0.0,False,2,False,True,0,simple_stability,False,safe_early_stop,52,False,True,False,2,False,False,False
True,2,False,0.0,False,2,False,True,0,simple_stability,False,safe_early_stop,53,False,True,False,5,False,False,False
True,2,False,0.0,False,2,False,True,0,simple_stability,False,safe_early_stop,54,False,True,False,5,False,False,False
True,2,False,0.0,False,2,False,True,0,simple_stability,False,safe_early_stop,55,False,True,False,2,False,False,False
True,2,False,0.0,False,2,False,True,0,simple_stability,False,safe_early_stop,56,False,True,False,5,False,False,False
True,3,False,0.0,False,2,True,True,0,simple_stability,False,safe_early_stop,57,False,True,False,2,False,False,False
True,5,False,0.0,False,2,True,True,0,simple_stability,False,safe_early_stop,58,False,True,False,2,False,False,False
True,2,False,0.0,False,2,False,True,0,simple_stability,False,safe_early_stop,59,False,True,False,2,False,False,False
False,4,True,0.6,False,4,False,False,2,simple_stability,False,invalid_extraction_driven_uncertainty,60,False,True,False,5,False,False,True
True,2,False,0.0,False,2,False,True,0,simple_stability,False,safe_early_stop,61,False,True,False,2,False,False,False
False,16,False,0.0,False,16,False,False,6,simple_stability,False,unstable_trajectory,62,False,True,False,2,False,False,True
False,4,False,0.0,False,4,False,False,1,simple_stability,False,safe_early_stop,63,False,True,False,2,False,False,False
False,2,True,0.5,False,2,False,True,1,simple_stability,True,premature_stop_with_missed_recovery,64,False,False,False,6,False,False,False
True,2,False,0.0,False,2,False,True,0,simple_stability,False,safe_early_stop,65,False,True,False,5,False,False,False
True,2,False,0.0,False,2,False,True,0,simple_stability,False,safe_early_stop,66,False,True,False,2,False,False,False
True,4,False,0.0,False,4,False,True,0,simple_stability,False,safe_early_stop,67,False,True,False,2,False,False,False
True,2,True,0.4,False,2,False,True,0,simple_stability,False,invalid_extraction_driven_uncertainty,68,False,True,False,5,False,False,False
True,2,False,0.0,False,2,False,True,0,simple_stability,False,safe_early_stop,69,False,True,False,2,False,False,False
True,2,False,0.0,False,2,False,True,0,simple_stability,False,safe_early_stop,70,False,True,False,5,False,False,False
False,16,False,0.0,False,16,False,True,1,simple_stability,True,premature_stop_with_missed_recovery,71,False,False,False,2,False,False,False
True,2,False,0.0,False,2,False,True,0,simple_stability,False,safe_early_stop,72,False,True,False,2,False,False,False
True,3,False,0.0,False,2,True,True,0,simple_stability,False,safe_early_stop,73,False,True,False,2,False,False,False
True,2,False,0.0,False,2,False,True,0,simple_stability,False,safe_early_stop,74,False,True,False,2,False,False,False
True,3,False,0.0,False,2,True,True,0,simple_stability,False,safe_early_stop,75,False,True,False,2,False,False,False
True,2,False,0.0,False,2,False,True,0,simple_stability,False,safe_early_stop,76,False,True,False,2,False,False,False
True,2,False,0.0,False,2,False,True,0,simple_stability,False,safe_early_stop,77,False,True,False,2,False,False,False
True,2,False,0.0,False,2,False,True,0,simple_stability,False,safe_early_stop,78,False,True,False,2,False,False,False
True,3,False,0.0,False,2,True,True,0,simple_stability,False,safe_early_stop,79,False,True,False,2,False,False,False
False,2,False,0.0,False,2,False,False,0,simple_stability,False,stable_wrong_trajectory,80,False,True,True,2,False,False,False
True,2,False,0.0,False,2,False,True,0,simple_stability,False,safe_early_stop,81,False,True,False,5,False,False,False
True,16,False,0.0,False,16,False,True,3,simple_stability,False,unstable_trajectory,82,False,True,False,11,False,False,True
True,3,False,0.0,False,2,True,True,0,simple_stability,False,safe_early_stop,83,False,True,False,2,False,False,False
True,2,False,0.0,False,2,False,True,0,simple_stability,False,safe_early_stop,84,False,True,False,2,False,False,False
True,2,False,0.0,False,2,False,True,0,simple_stability,False,safe_early_stop,85,False,True,False,2,False,False,False
True,2,False,0.0,False,2,False,True,0,simple_stability,False,safe_early_stop,86,False,True,False,2,False,False,False
True,3,False,0.0,False,2,True,True,0,simple_stability,False,safe_early_stop,87,False,True,False,2,False,False,False
True,2,False,0.0,False,2,False,True,0,simple_stability,False,safe_early_stop,88,False,True,False,2,False,False,False
False,7,False,0.0,False,4,True,True,1,simple_stability,True,premature_stop_with_missed_recovery,89,False,False,False,2,False,False,False
False,2,False,0.0,False,2,False,False,0,simple_stability,False,stable_wrong_trajectory,90,False,True,True,2,False,False,False
True,2,False,0.0,False,2,False,True,0,simple_stability,False,safe_early_stop,91,False,True,False,2,False,False,False
True,3,False,0.0,False,2,True,True,0,simple_stability,False,safe_early_stop,92,False,True,False,2,False,False,False
True,2,False,0.0,False,2,False,True,0,simple_stability,False,safe_early_stop,93,False,True,False,2,False,False,False
False,2,True,0.3333333333333333,False,2,False,False,0,simple_stability,False,invalid_extraction_driven_uncertainty,94,False,True,True,3,False,False,False
True,2,False,0.0,False,2,False,True,0,simple_stability,False,safe_early_stop,95,False,True,False,5,False,False,False
False,2,True,0.5,False,2,False,False,1,simple_stability,False,invalid_extraction_driven_uncertainty,96,False,True,False,2,False,False,False
True,2,False,0.0,False,2,False,True,0,simple_stability,False,safe_early_stop,97,False,True,False,2,False,False,False
True,2,False,0.0,False,2,False,True,0,simple_stability,False,safe_early_stop,98,False,True,False,5,False,False,False
False,5,True,0.3333333333333333,False,2,True,False,0,simple_stability,False,invalid_extraction_driven_uncertainty,99,False,True,True,3,False,False,False
False,16,False,0.0,False,16,False,False,1,simple_stability,False,safe_early_stop,100,False,True,False,2,False,False,False
False,2,True,0.8,False,2,False,False,0,simple_stability,False,invalid_extraction_driven_uncertainty,101,False,True,True,5,False,False,False
True,2,False,0.0,False,2,False,True,0,simple_stability,False,safe_early_stop,102,False,True,False,2,False,False,False
False,3,True,0.6666666666666666,False,2,True,False,1,simple_stability,False,invalid_extraction_driven_uncertainty,103,False,True,False,3,False,False,False
False,2,False,0.0,False,2,False,False,0,simple_stability,False,stable_wrong_trajectory,104,False,True,True,2,False,False,False
False,16,False,0.0,False,16,False,False,2,simple_stability,False,unstable_trajectory,105,False,True,False,2,False,False,True
True,3,False,0.0,False,2,True,True,0,simple_stability,False,safe_early_stop,106,False,True,False,2,False,False,False
True,4,False,0.0,False,4,False,True,0,simple_stability,False,safe_early_stop,107,False,True,False,2,False,False,False
True,4,False,0.0,False,4,False,True,0,simple_stability,False,safe_early_stop,108,False,True,False,5,False,False,False
False,6,True,0.8333333333333334,False,5,True,False,1,simple_stability,False,invalid_extraction_driven_uncertainty,109,False,True,False,6,False,False,False
False,7,True,0.8,False,4,True,False,1,simple_stability,False,invalid_extraction_driven_uncertainty,110,False,True,False,5,False,False,False
True,2,False,0.0,False,2,False,True,0,simple_stability,False,safe_early_stop,111,False,True,False,2,False,False,False
False,5,False,0.0,False,4,True,True,1,simple_stability,True,premature_stop_with_missed_recovery,112,False,False,False,2,False,False,False
True,3,False,0.0,False,2,True,True,0,simple_stability,False,safe_early_stop,113,False,True,False,2,False,False,False
True,2,False,0.0,False,2,False,True,0,simple_stability,False,safe_early_stop,114,False,True,False,2,False,False,False
False,16,False,0.0,False,16,False,False,0,simple_stability,False,stable_wrong_trajectory,115,False,True,True,2,False,False,False
True,2,False,0.0,False,2,False,True,0,simple_stability,False,safe_early_stop,116,False,True,False,5,False,False,False
True,2,False,0.0,False,2,False,True,0,simple_stability,False,safe_early_stop,117,False,True,False,2,False,False,False
True,3,True,0.3333333333333333,False,2,True,True,0,simple_stability,False,invalid_extraction_driven_uncertainty,118,False,True,False,3,False,False,False
True,16,False,0.0,False,16,False,True,2,simple_stability,False,unstable_trajectory,119,False,True,False,2,False,False,True
False,4,False,0.0,False,4,False,False,0,simple_stability,False,stable_wrong_trajectory,120,False,True,True,5,False,False,False
True,2,False,0.0,False,2,False,True,0,simple_stability,False,safe_early_stop,121,False,True,False,2,False,False,False
True,2,False,0.0,False,2,False,True,0,simple_stability,False,safe_early_stop,122,False,True,False,2,False,False,False
True,2,True,0.3333333333333333,False,2,False,False,1,simple_stability,False,regression_avoided,123,True,True,False,3,False,False,False
True,2,False,0.0,False,2,False,True,0,simple_stability,False,safe_early_stop,124,False,True,False,5,False,False,False
True,2,False,0.0,False,2,False,True,0,simple_stability,False,safe_early_stop,125,False,True,False,5,False,False,False
False,2,True,0.6,False,2,False,False,0,simple_stability,False,invalid_extraction_driven_uncertainty,126,False,True,True,5,False,False,False
True,2,False,0.0,False,2,False,True,0,simple_stability,False,safe_early_stop,127,False,True,False,2,False,False,False
True,2,False,0.0,False,2,False,True,0,simple_stability,False,safe_early_stop,128,False,True,False,2,False,False,False
False,16,False,0.0,False,16,False,True,3,simple_stability,True,premature_stop_with_missed_recovery,129,False,False,False,2,False,False,True
True,2,False,0.0,False,2,False,True,0,simple_stability,False,safe_early_stop,130,False,True,False,5,False,False,False
True,2,False,0.0,False,2,False,True,0,simple_stability,False,safe_early_stop,131,False,True,False,5,False,False,False
True,2,False,0.0,False,2,False,True,0,simple_stability,False,safe_early_stop,132,False,True,False,2,False,False,False
True,2,False,0.0,False,2,False,True,0,simple_stability,False,safe_early_stop,133,False,True,False,2,False,False,False
True,2,False,0.0,False,2,False,True,0,simple_stability,False,safe_early_stop,134,False,True,False,5,False,False,False
True,2,False,0.0,False,2,False,True,0,simple_stability,False,safe_early_stop,135,False,True,False,2,False,False,False
True,7,True,0.8571428571428571,False,6,True,True,1,simple_stability,False,invalid_extraction_driven_uncertainty,136,False,True,False,7,False,False,False
True,2,False,0.0,False,2,False,True,0,simple_stability,False,safe_early_stop,137,False,True,False,5,False,False,False
False,16,True,0.3333333333333333,False,2,True,False,2,simple_stability,False,invalid_extraction_driven_uncertainty,138,False,True,False,3,False,False,True
True,3,False,0.0,False,2,True,True,0,simple_stability,False,safe_early_stop,139,False,True,False,2,False,False,False
True,2,False,0.0,False,2,False,True,0,simple_stability,False,safe_early_stop,140,False,True,False,5,False,False,False
True,2,False,0.0,False,2,False,True,0,simple_stability,False,safe_early_stop,141,False,True,False,2,False,False,False
True,4,False,0.0,False,4,False,True,4,simple_stability,False,unstable_trajectory,142,False,True,False,2,False,False,True
True,2,False,0.0,False,2,False,True,0,simple_stability,False,safe_early_stop,143,False,True,False,2,False,False,False
True,2,False,0.0,False,2,False,True,0,simple_stability,False,safe_early_stop,144,False,True,False,5,False,False,False
True,16,False,0.0,False,16,False,True,2,simple_stability,False,unstable_trajectory,145,False,True,False,2,False,False,True
True,3,False,0.0,False,2,True,True,0,simple_stability,False,safe_early_stop,146,False,True,False,2,False,False,False
True,16,False,0.0,False,16,False,False,3,simple_stability,False,regression_avoided,147,True,True,False,2,False,False,True
True,2,False,0.0,False,2,False,True,0,simple_stability,False,safe_early_stop,148,False,True,False,2,False,False,False
True,2,False,0.0,False,2,False,True,0,simple_stability,False,safe_early_stop,149,False,True,False,2,False,False,False
False,4,True,0.75,False,3,True,False,1,simple_stability,False,invalid_extraction_driven_uncertainty,150,False,True,False,4,False,False,False
True,2,False,0.0,False,2,False,True,0,simple_stability,False,safe_early_stop,151,False,True,False,2,False,False,False
False,16,False,0.0,False,16,False,False,3,simple_stability,False,unstable_trajectory,152,False,True,False,8,False,False,True
True,2,False,0.0,False,2,False,True,0,simple_stability,False,safe_early_stop,153,False,True,False,5,False,False,False
False,16,False,0.0,False,16,False,False,2,simple_stability,False,unstable_trajectory,154,False,True,False,2,False,False,True
True,3,False,0.0,False,2,True,True,0,simple_stability,False,safe_early_stop,155,False,True,False,2,False,False,False
False,14,False,0.0,False,2,True,False,0,simple_stability,False,stable_wrong_trajectory,156,False,True,True,2,False,False,False
True,2,False,0.0,False,2,False,True,0,simple_stability,False,safe_early_stop,157,False,True,False,5,False,False,False
True,2,False,0.0,False,2,False,True,0,simple_stability,False,safe_early_stop,158,False,True,False,2,False,False,False
True,2,False,0.0,False,2,False,True,0,simple_stability,False,safe_early_stop,159,False,True,False,5,False,False,False
True,3,False,0.0,False,2,True,True,0,simple_stability,False,safe_early_stop,160,False,True,False,2,False,False,False
True,2,False,0.0,False,2,False,True,0,simple_stability,False,safe_early_stop,161,False,True,False,2,False,False,False
True,2,False,0.0,False,2,False,True,0,simple_stability,False,safe_early_stop,162,False,True,False,2,False,False,False
True,2,False,0.0,False,2,False,True,0,simple_stability,False,safe_early_stop,163,False,True,False,2,False,False,False
False,16,False,0.0,False,2,True,False,4,simple_stability,False,unstable_trajectory,164,False,True,False,2,False,False,True
True,2,False,0.0,False,2,False,True,0,simple_stability,False,safe_early_stop,165,False,True,False,2,False,False,False
False,10,False,0.0,False,10,False,True,1,simple_stability,True,premature_stop_with_missed_recovery,166,False,False,False,5,False,False,False
True,2,False,0.0,False,2,False,True,0,simple_stability,False,safe_early_stop,167,False,True,False,2,False,False,False
False,2,True,0.2,False,2,False,False,0,simple_stability,False,invalid_extraction_driven_uncertainty,168,False,True,True,5,False,False,False
True,3,False,0.0,False,2,True,True,0,simple_stability,False,safe_early_stop,169,False,True,False,2,False,False,False
False,16,True,0.5,False,2,True,False,0,simple_stability,False,invalid_extraction_driven_uncertainty,170,False,True,True,2,False,False,False
True,2,False,0.0,False,2,False,True,0,simple_stability,False,safe_early_stop,171,False,True,False,5,False,False,False
True,2,False,0.0,False,2,False,True,0,simple_stability,False,safe_early_stop,172,False,True,False,2,False,False,False
True,2,False,0.0,False,2,False,True,0,simple_stability,False,safe_early_stop,173,False,True,False,2,False,False,False
True,3,False,0.0,False,2,True,True,0,simple_stability,False,safe_early_stop,174,False,True,False,2,False,False,False
True,3,False,0.0,False,2,True,True,0,simple_stability,False,safe_early_stop,175,False,True,False,2,False,False,False
True,5,False,0.0,False,4,True,True,0,simple_stability,False,safe_early_stop,176,False,True,False,2,False,False,False
False,2,False,0.0,False,2,False,False,0,simple_stability,False,stable_wrong_trajectory,177,False,True,True,2,False,False,False
True,2,False,0.0,False,2,False,True,0,simple_stability,False,safe_early_stop,178,False,True,False,2,False,False,False
True,2,True,0.5,False,2,False,True,0,simple_stability,False,invalid_extraction_driven_uncertainty,179,False,True,False,2,False,False,False
False,8,False,0.0,False,8,False,True,2,simple_stability,True,premature_stop_with_missed_recovery,180,False,False,False,9,False,False,True
True,2,False,0.0,False,2,False,True,0,simple_stability,False,safe_early_stop,181,False,True,False,2,False,False,False
True,2,False,0.0,False,2,False,True,0,simple_stability,False,safe_early_stop,182,False,True,False,5,False,False,False
True,2,False,0.0,False,2,False,True,0,simple_stability,False,safe_early_stop,183,False,True,False,2,False,False,False
False,16,False,0.0,False,16,False,False,1,simple_stability,False,safe_early_stop,184,False,True,False,2,False,False,False
True,3,False,0.0,False,2,True,True,0,simple_stability,False,safe_early_stop,185,False,True,False,2,False,False,False
True,3,False,0.0,False,2,True,True,0,simple_stability,False,safe_early_stop,186,False,True,False,2,False,False,False
True,3,False,0.0,False,2,True,True,0,simple_stability,False,safe_early_stop,187,False,True,False,2,False,False,False
True,2,False,0.0,False,2,False,True,0,simple_stability,False,safe_early_stop,188,False,True,False,2,False,False,False
False,16,False,0.0,False,16,False,True,2,simple_stability,True,premature_stop_with_missed_recovery,189,False,False,False,2,False,False,True
True,4,False,0.0,False,4,False,False,3,simple_stability,False,regression_avoided,190,True,True,False,2,False,False,True
True,2,False,0.0,False,2,False,True,0,simple_stability,False,safe_early_stop,191,False,True,False,2,False,False,False
True,2,False,0.0,False,2,False,True,0,simple_stability,False,safe_early_stop,192,False,True,False,5,False,False,False
True,3,False,0.0,False,2,True,True,0,simple_stability,False,safe_early_stop,193,False,True,False,2,False,False,False
True,2,True,0.2,False,2,False,True,0,simple_stability,False,invalid_extraction_driven_uncertainty,194,False,True,False,5,False,False,False
True,2,False,0.0,False,2,False,True,0,simple_stability,False,safe_early_stop,195,False,True,False,2,False,False,False
True,2,False,0.0,False,2,False,True,0,simple_stability,False,safe_early_stop,196,False,True,False,2,False,False,False
True,4,False,0.0,False,4,False,True,0,simple_stability,False,safe_early_stop,197,False,True,False,5,False,False,False
True,2,False,0.0,False,2,False,True,0,simple_stability,False,safe_early_stop,198,False,True,False,2,False,False,False
True,3,False,0.0,False,2,True,True,0,simple_stability,False,safe_early_stop,199,False,True,False,2,False,False,False
True,2,False,0.0,False,2,False,True,0,simple_stability,False,safe_early_stop,200,False,True,False,2,False,False,False
True,2,False,0.0,False,2,False,True,0,simple_stability,False,safe_early_stop,201,False,True,False,5,False,False,False
True,2,False,0.0,False,2,False,True,0,simple_stability,False,safe_early_stop,202,False,True,False,2,False,False,False
True,3,False,0.0,False,2,True,True,0,simple_stability,False,safe_early_stop,203,False,True,False,2,False,False,False
False,16,False,0.0,False,4,True,False,1,simple_stability,False,safe_early_stop,204,False,True,False,2,False,False,False
True,2,False,0.0,False,2,False,True,0,simple_stability,False,safe_early_stop,205,False,True,False,2,False,False,False
True,2,False,0.0,False,2,False,True,0,simple_stability,False,safe_early_stop,206,False,True,False,5,False,False,False
True,2,False,0.0,False,2,False,True,0,simple_stability,False,safe_early_stop,207,False,True,False,5,False,False,False
True,2,False,0.0,False,2,False,True,0,simple_stability,False,safe_early_stop,208,False,True,False,2,False,False,False
True,2,False,0.0,False,2,False,True,0,simple_stability,False,safe_early_stop,209,False,True,False,2,False,False,False
True,16,False,0.0,False,16,False,True,2,simple_stability,False,unstable_trajectory,210,False,True,False,2,False,False,True
True,2,False,0.0,False,2,False,True,0,simple_stability,False,safe_early_stop,211,False,True,False,2,False,False,False
True,4,False,0.0,False,4,False,True,0,simple_stability,False,safe_early_stop,212,False,True,False,2,False,False,False
False,2,True,0.5,False,2,False,False,0,simple_stability,False,invalid_extraction_driven_uncertainty,213,False,True,True,2,False,False,False
False,16,False,0.0,False,16,False,False,3,simple_stability,False,unstable_trajectory,214,False,True,False,2,False,False,True
True,2,False,0.0,False,2,False,True,0,simple_stability,False,safe_early_stop,215,False,True,False,2,False,False,False
True,2,False,0.0,False,2,False,True,0,simple_stability,False,safe_early_stop,216,False,True,False,2,False,False,False
False,3,False,0.0,False,2,True,False,0,simple_stability,False,stable_wrong_trajectory,217,False,True,True,2,False,False,False
True,2,False,0.0,False,2,False,True,0,simple_stability,False,safe_early_stop,218,False,True,False,2,False,False,False
True,16,False,0.0,False,16,False,True,0,simple_stability,False,safe_early_stop,219,False,True,False,2,False,False,False
False,2,False,0.0,False,2,False,False,0,simple_stability,False,stable_wrong_trajectory,220,False,True,True,2,False,False,False
True,2,False,0.0,False,2,False,True,0,simple_stability,False,safe_early_stop,221,False,True,False,2,False,False,False
False,4,False,0.0,False,4,False,False,1,simple_stability,False,safe_early_stop,222,False,True,False,2,False,False,False
True,2,False,0.0,False,2,False,True,0,simple_stability,False,safe_early_stop,223,False,True,False,2,False,False,False
False,2,True,0.5,False,2,False,False,0,simple_stability,False,invalid_extraction_driven_uncertainty,224,False,True,True,2,False,False,False
True,2,False,0.0,False,2,False,True,0,simple_stability,False,safe_early_stop,225,False,True,False,2,False,False,False
True,2,False,0.0,False,2,False,True,0,simple_stability,False,safe_early_stop,226,False,True,False,2,False,False,False
True,2,False,0.0,False,2,False,True,0,simple_stability,False,safe_early_stop,227,False,True,False,2,False,False,False
False,14,False,0.0,False,14,False,True,1,simple_stability,True,premature_stop_with_missed_recovery,228,False,False,False,2,False,False,False
True,2,False,0.0,False,2,False,True,0,simple_stability,False,safe_early_stop,229,False,True,False,5,False,False,False
True,3,False,0.0,False,2,True,True,0,simple_stability,False,safe_early_stop,230,False,True,False,2,False,False,False
True,2,False,0.0,False,2,False,True,0,simple_stability,False,safe_early_stop,231,False,True,False,2,False,False,False
False,6,False,0.0,False,6,False,True,1,simple_stability,True,premature_stop_with_missed_recovery,232,False,False,False,2,False,False,False
True,2,False,0.0,False,2,False,True,0,simple_stability,False,safe_early_stop,233,False,True,False,2,False,False,False
False,8,False,0.0,True,2,True,True,1,simple_stability,True,premature_stop_with_missed_recovery,234,False,False,False,2,True,False,False
True,3,False,0.0,False,2,True,True,0,simple_stability,False,safe_early_stop,235,False,True,False,2,False,False,False
False,16,False,0.0,False,16,False,False,5,simple_stability,False,unstable_trajectory,236,False,True,False,2,False,False,True
True,2,False,0.0,False,2,False,True,0,simple_stability,False,safe_early_stop,237,False,True,False,5,False,False,False
True,2,False,0.0,False,2,False,True,0,simple_stability,False,safe_early_stop,238,False,True,False,2,False,False,False
False,16,True,1.0,False,16,False,False,0,simple_stability,False,unnecessary_continuation,239,False,False,True,16,False,True,False
False,14,False,0.0,False,14,False,False,1,simple_stability,False,safe_early_stop,240,False,True,False,2,False,False,False
True,2,False,0.0,False,2,False,True,0,simple_stability,False,safe_early_stop,241,False,True,False,5,False,False,False
False,6,False,0.0,False,6,False,False,1,simple_stability,False,safe_early_stop,242,False,True,False,7,False,False,False
True,2,False,0.0,False,2,False,True,0,simple_stability,False,safe_early_stop,243,False,True,False,2,False,False,False
True,2,False,0.0,False,2,False,True,0,simple_stability,False,safe_early_stop,244,False,True,False,2,False,False,False
False,16,False,0.0,False,16,False,False,1,simple_stability,False,safe_early_stop,245,False,True,False,2,False,False,False
True,6,False,0.0,False,2,True,True,0,simple_stability,False,safe_early_stop,246,False,True,False,2,False,False,False
True,2,False,0.0,False,2,False,True,0,simple_stability,False,safe_early_stop,247,False,True,False,2,False,False,False
False,16,True,1.0,False,16,False,False,0,simple_stability,False,unnecessary_continuation,248,False,False,True,16,False,True,False
False,2,True,0.25,False,2,False,False,1,simple_stability,False,invalid_extraction_driven_uncertainty,249,False,True,False,8,False,False,False
True,2,False,0.0,False,2,False,True,0,simple_stability,False,safe_early_stop,250,False,True,False,2,False,False,False
True,2,False,0.0,False,2,False,True,0,simple_stability,False,safe_early_stop,251,False,True,False,2,False,False,False
True,2,False,0.0,False,2,False,True,0,simple_stability,False,safe_early_stop,252,False,True,False,2,False,False,False
True,2,False,0.0,False,2,False,True,0,simple_stability,False,safe_early_stop,253,False,True,False,2,False,False,False
True,2,False,0.0,False,2,False,True,0,simple_stability,False,safe_early_stop,254,False,True,False,2,False,False,False
True,3,False,0.0,False,2,True,True,0,simple_stability,False,safe_early_stop,255,False,True,False,2,False,False,False
True,2,False,0.0,False,2,False,True,0,simple_stability,False,safe_early_stop,256,False,True,False,2,False,False,False
True,2,False,0.0,False,2,False,True,0,simple_stability,False,safe_early_stop,257,False,True,False,2,False,False,False
True,2,False,0.0,False,2,False,True,0,simple_stability,False,safe_early_stop,258,False,True,False,2,False,False,False
True,3,False,0.0,False,2,True,True,0,simple_stability,False,safe_early_stop,259,False,True,False,2,False,False,False
True,2,False,0.0,False,2,False,True,0,simple_stability,False,safe_early_stop,260,False,True,False,2,False,False,False
True,2,False,0.0,False,2,False,True,0,simple_stability,False,safe_early_stop,261,False,True,False,2,False,False,False
True,2,False,0.0,False,2,False,True,0,simple_stability,False,safe_early_stop,262,False,True,False,2,False,False,False
True,2,False,0.0,False,2,False,True,0,simple_stability,False,safe_early_stop,263,False,True,False,5,False,False,False
False,2,False,0.0,False,2,False,False,0,simple_stability,False,stable_wrong_trajectory,264,False,True,True,2,False,False,False
True,2,False,0.0,False,2,False,True,0,simple_stability,False,safe_early_stop,265,False,True,False,2,False,False,False
False,2,False,0.0,False,2,False,True,5,simple_stability,True,premature_stop_with_missed_recovery,266,False,False,False,2,False,False,True
False,10,False,0.0,False,10,False,True,1,simple_stability,True,premature_stop_with_missed_recovery,267,False,False,False,2,False,False,False
True,2,False,0.0,False,2,False,True,0,simple_stability,False,safe_early_stop,268,False,True,False,5,False,False,False
True,3,False,0.0,False,2,True,True,0,simple_stability,False,safe_early_stop,269,False,True,False,2,False,False,False
True,2,False,0.0,False,2,False,True,0,simple_stability,False,safe_early_stop,270,False,True,False,5,False,False,False
True,2,False,0.0,False,2,False,True,0,simple_stability,False,safe_early_stop,271,False,True,False,5,False,False,False
True,2,False,0.0,False,2,False,True,2,simple_stability,False,unstable_trajectory,272,False,True,False,5,False,False,True
True,2,False,0.0,False,2,False,True,0,simple_stability,False,safe_early_stop,273,False,True,False,2,False,False,False
False,16,False,0.0,False,16,False,False,1,simple_stability,False,safe_early_stop,274,False,True,False,5,False,False,False
True,2,False,0.0,False,2,False,True,0,simple_stability,False,safe_early_stop,275,False,True,False,5,False,False,False
True,2,False,0.0,False,2,False,True,0,simple_stability,False,safe_early_stop,276,False,True,False,5,False,False,False
True,2,False,0.0,False,2,False,True,0,simple_stability,False,safe_early_stop,277,False,True,False,2,False,False,False
True,2,False,0.0,False,2,False,True,0,simple_stability,False,safe_early_stop,278,False,True,False,2,False,False,False
False,2,False,0.0,False,2,False,True,1,simple_stability,True,premature_stop_with_missed_recovery,279,False,False,False,2,False,False,False
True,3,False,0.0,False,2,True,True,0,simple_stability,False,safe_early_stop,280,False,True,False,2,False,False,False
True,16,False,0.0,False,16,False,True,3,simple_stability,False,unstable_trajectory,281,False,True,False,10,False,False,True
False,2,False,0.0,False,2,False,False,0,simple_stability,False,stable_wrong_trajectory,282,False,True,True,5,False,False,False
True,2,False,0.0,False,2,False,True,0,simple_stability,False,safe_early_stop,283,False,True,False,5,False,False,False
True,2,False,0.0,False,2,False,False,3,simple_stability,False,regression_avoided,284,True,True,False,2,False,False,True
False,4,True,0.75,False,3,True,False,1,simple_stability,False,invalid_extraction_driven_uncertainty,285,False,True,False,4,False,False,False
False,2,True,0.5,False,2,False,False,0,simple_stability,False,invalid_extraction_driven_uncertainty,286,False,True,True,6,False,False,False
True,2,False,0.0,False,2,False,True,0,simple_stability,False,safe_early_stop,287,False,True,False,2,False,False,False
False,2,True,0.8,False,2,False,False,0,simple_stability,False,invalid_extraction_driven_uncertainty,288,False,True,True,5,False,False,False
True,2,False,0.0,False,2,False,True,0,simple_stability,False,safe_early_stop,289,False,True,False,2,False,False,False
True,11,False,0.0,False,11,False,True,0,simple_stability,False,safe_early_stop,290,False,True,False,2,False,False,False
True,16,False,0.0,False,16,False,True,2,simple_stability,False,unstable_trajectory,291,False,True,False,2,False,False,True
False,9,True,0.5,False,2,True,False,0,simple_stability,False,invalid_extraction_driven_uncertainty,292,False,True,True,2,False,False,False
True,2,False,0.0,False,2,False,True,0,simple_stability,False,safe_early_stop,293,False,True,False,2,False,False,False
False,6,False,0.0,False,4,True,True,1,simple_stability,True,premature_stop_with_missed_recovery,294,False,False,False,2,False,False,False
False,4,False,0.0,False,4,False,False,0,simple_stability,False,stable_wrong_trajectory,295,False,True,True,2,False,False,False
False,2,True,0.2,False,2,False,False,0,simple_stability,False,invalid_extraction_driven_uncertainty,296,False,True,True,5,False,False,False
True,2,False,0.0,False,2,False,True,0,simple_stability,False,safe_early_stop,297,False,True,False,2,False,False,False
False,2,True,0.5,False,2,False,True,3,simple_stability,True,premature_stop_with_missed_recovery,298,False,False,False,2,False,False,True
True,2,False,0.0,False,2,False,True,0,simple_stability,False,safe_early_stop,299,False,True,False,2,False,False,False
True,3,False,0.0,False,2,True,True,0,simple_stability,False,safe_early_stop,300,False,True,False,2,False,False,False
False,3,False,0.0,False,2,True,False,0,simple_stability,False,stable_wrong_trajectory,301,False,True,True,2,False,False,False
False,16,False,0.0,False,16,False,True,2,simple_stability,True,premature_stop_with_missed_recovery,302,False,False,False,2,False,False,True
False,2,False,0.0,False,2,False,False,0,simple_stability,False,stable_wrong_trajectory,303,False,True,True,2,False,False,False
True,4,False,0.0,False,2,True,True,0,simple_stability,False,safe_early_stop,304,False,True,False,2,False,False,False
True,2,False,0.0,False,2,False,True,0,simple_stability,False,safe_early_stop,305,False,True,False,2,False,False,False
False,16,False,0.0,False,16,False,False,1,simple_stability,False,safe_early_stop,306,False,True,False,2,False,False,False
True,3,False,0.0,False,2,True,True,0,simple_stability,False,safe_early_stop,307,False,True,False,2,False,False,False
False,16,False,0.0,False,16,False,False,2,simple_stability,False,unstable_trajectory,308,False,True,False,2,False,False,True
False,16,False,0.0,False,16,False,False,3,simple_stability,False,unstable_trajectory,309,False,True,False,2,False,False,True
True,2,False,0.0,False,2,False,True,0,simple_stability,False,safe_early_stop,310,False,True,False,2,False,False,False
True,3,False,0.0,False,2,True,True,0,simple_stability,False,safe_early_stop,311,False,True,False,2,False,False,False
True,2,False,0.0,False,2,False,True,0,simple_stability,False,safe_early_stop,312,False,True,False,5,False,False,False
True,2,False,0.0,False,2,False,True,0,simple_stability,False,safe_early_stop,313,False,True,False,5,False,False,False
True,2,False,0.0,False,2,False,True,0,simple_stability,False,safe_early_stop,314,False,True,False,2,False,False,False
True,2,False,0.0,False,2,False,True,0,simple_stability,False,safe_early_stop,315,False,True,False,2,False,False,False
True,2,False,0.0,False,2,False,True,0,simple_stability,False,safe_early_stop,316,False,True,False,2,False,False,False
False,3,False,0.0,False,2,True,False,0,simple_stability,False,stable_wrong_trajectory,317,False,True,True,2,False,False,False
True,3,False,0.0,False,2,True,True,0,simple_stability,False,safe_early_stop,318,False,True,False,2,False,False,False
True,3,False,0.0,False,2,True,True,0,simple_stability,False,safe_early_stop,319,False,True,False,2,False,False,False
True,2,False,0.0,False,2,False,True,0,simple_stability,False,safe_early_stop,320,False,True,False,5,False,False,False
True,3,False,0.0,False,2,True,True,0,simple_stability,False,safe_early_stop,321,False,True,False,2,False,False,False
True,2,False,0.0,False,2,False,True,0,simple_stability,False,safe_early_stop,322,False,True,False,2,False,False,False
True,2,False,0.0,False,2,False,True,0,simple_stability,False,safe_early_stop,323,False,True,False,2,False,False,False
False,16,False,0.0,False,16,False,True,1,simple_stability,True,premature_stop_with_missed_recovery,324,False,False,False,2,False,False,False
True,2,False,0.0,False,2,False,True,0,simple_stability,False,safe_early_stop,325,False,True,False,2,False,False,False
True,4,True,0.75,False,3,True,True,1,simple_stability,False,invalid_extraction_driven_uncertainty,326,False,True,False,4,False,False,False
False,16,True,0.5,False,2,True,False,0,simple_stability,False,invalid_extraction_driven_uncertainty,327,False,True,True,2,False,False,False
True,4,False,0.0,False,4,False,True,0,simple_stability,False,safe_early_stop,328,False,True,False,2,False,False,False
True,2,False,0.0,False,2,False,True,0,simple_stability,False,safe_early_stop,329,False,True,False,2,False,False,False
True,2,False,0.0,False,2,False,True,0,simple_stability,False,safe_early_stop,330,False,True,False,2,False,False,False
True,2,False,0.0,False,2,False,True,0,simple_stability,False,safe_early_stop,331,False,True,False,2,False,False,False
True,16,True,0.0625,False,16,False,True,6,simple_stability,False,unnecessary_continuation,332,False,False,False,16,False,True,True
True,4,True,0.6666666666666666,False,2,True,True,0,simple_stability,False,invalid_extraction_driven_uncertainty,333,False,True,False,3,False,False,False
True,2,False,0.0,False,2,False,True,0,simple_stability,False,safe_early_stop,334,False,True,False,2,False,False,False
True,2,False,0.0,False,2,False,True,0,simple_stability,False,safe_early_stop,335,False,True,False,2,False,False,False
True,2,False,0.0,False,2,False,True,0,simple_stability,False,safe_early_stop,336,False,True,False,2,False,False,False
True,2,False,0.0,False,2,False,True,0,simple_stability,False,safe_early_stop,337,False,True,False,2,False,False,False
True,2,False,0.0,False,2,False,True,0,simple_stability,False,safe_early_stop,338,False,True,False,2,False,False,False
True,4,False,0.0,False,4,False,True,0,simple_stability,False,safe_early_stop,339,False,True,False,2,False,False,False
False,16,True,1.0,False,16,False,False,0,simple_stability,False,unnecessary_continuation,340,False,False,True,16,False,True,False
True,3,False,0.0,False,2,True,True,0,simple_stability,False,safe_early_stop,341,False,True,False,2,False,False,False
True,2,False,0.0,False,2,False,True,0,simple_stability,False,safe_early_stop,342,False,True,False,5,False,False,False
True,2,False,0.0,False,2,False,True,0,simple_stability,False,safe_early_stop,343,False,True,False,5,False,False,False
True,3,False,0.0,False,2,True,True,0,simple_stability,False,safe_early_stop,344,False,True,False,2,False,False,False
True,2,False,0.0,False,2,False,True,0,simple_stability,False,safe_early_stop,345,False,True,False,2,False,False,False
True,2,False,0.0,False,2,False,True,0,simple_stability,False,safe_early_stop,346,False,True,False,5,False,False,False
True,2,False,0.0,False,2,False,True,0,simple_stability,False,safe_early_stop,347,False,True,False,2,False,False,False
True,2,False,0.0,False,2,False,True,0,simple_stability,False,safe_early_stop,348,False,True,False,2,False,False,False
False,2,False,0.0,False,2,False,False,0,simple_stability,False,stable_wrong_trajectory,349,False,True,True,2,False,False,False
True,2,False,0.0,False,2,False,True,0,simple_stability,False,safe_early_stop,350,False,True,False,2,False,False,False
False,2,False,0.0,False,2,False,False,0,simple_stability,False,stable_wrong_trajectory,351,False,True,True,5,False,False,False
False,14,True,0.5,False,2,True,False,1,simple_stability,False,invalid_extraction_driven_uncertainty,352,False,True,False,2,False,False,False
True,2,False,0.0,False,2,False,True,0,simple_stability,False,safe_early_stop,353,False,True,False,2,False,False,False
True,2,False,0.0,False,2,False,True,0,simple_stability,False,safe_early_stop,354,False,True,False,2,False,False,False
False,16,False,0.0,False,16,False,False,1,simple_stability,False,safe_early_stop,355,False,True,False,2,False,False,False
True,2,False,0.0,False,2,False,True,0,simple_stability,False,safe_early_stop,356,False,True,False,2,False,False,False
False,16,False,0.0,False,16,False,True,1,simple_stability,True,premature_stop_with_missed_recovery,357,False,False,False,2,False,False,False
False,16,False,0.0,False,16,False,False,2,simple_stability,False,unstable_trajectory,358,False,True,False,2,False,False,True
True,2,True,0.2,False,2,False,True,0,simple_stability,False,invalid_extraction_driven_uncertainty,359,False,True,False,5,False,False,False
True,2,False,0.0,False,2,False,True,0,simple_stability,False,safe_early_stop,360,False,True,False,2,False,False,False
True,3,False,0.0,False,2,True,True,0,simple_stability,False,safe_early_stop,361,False,True,False,2,False,False,False
True,2,False,0.0,False,2,False,True,0,simple_stability,False,safe_early_stop,362,False,True,False,5,False,False,False
True,3,False,0.0,False,2,True,True,0,simple_stability,False,safe_early_stop,363,False,True,False,2,False,False,False
True,2,False,0.0,False,2,False,True,0,simple_stability,False,safe_early_stop,364,False,True,False,2,False,False,False
False,2,False,0.0,False,2,False,False,0,simple_stability,False,stable_wrong_trajectory,365,False,True,True,2,False,False,False
True,2,False,0.0,False,2,False,True,0,simple_stability,False,safe_early_stop,366,False,True,False,2,False,False,False
True,2,False,0.0,False,2,False,True,0,simple_stability,False,safe_early_stop,367,False,True,False,2,False,False,False
True,2,False,0.0,False,2,False,True,0,simple_stability,False,safe_early_stop,368,False,True,False,2,False,False,False
False,2,False,0.0,False,2,False,False,1,simple_stability,False,safe_early_stop,369,False,True,False,2,False,False,False
True,3,False,0.0,False,2,True,True,0,simple_stability,False,safe_early_stop,370,False,True,False,2,False,False,False
False,16,False,0.0,False,16,False,True,5,simple_stability,True,premature_stop_with_missed_recovery,371,False,False,False,2,False,False,True
False,16,False,0.0,False,16,False,False,4,simple_stability,False,unstable_trajectory,372,False,True,False,2,False,False,True
True,2,False,0.0,False,2,False,True,0,simple_stability,False,safe_early_stop,373,False,True,False,2,False,False,False
True,2,False,0.0,False,2,False,True,0,simple_stability,False,safe_early_stop,374,False,True,False,2,False,False,False
True,3,False,0.0,False,2,True,True,0,simple_stability,False,safe_early_stop,375,False,True,False,2,False,False,False
True,3,True,0.3333333333333333,False,2,True,True,0,simple_stability,False,invalid_extraction_driven_uncertainty,376,False,True,False,3,False,False,False
True,2,False,0.0,False,2,False,True,0,simple_stability,False,safe_early_stop,377,False,True,False,2,False,False,False
True,4,False,0.0,False,4,False,True,0,simple_stability,False,safe_early_stop,378,False,True,False,2,False,False,False
True,2,False,0.0,False,2,False,True,0,simple_stability,False,safe_early_stop,379,False,True,False,2,False,False,False
False,16,False,0.0,True,2,True,True,1,simple_stability,True,premature_stop_with_missed_recovery,380,False,False,False,2,True,False,False
False,16,True,0.2,False,16,False,False,0,simple_stability,False,invalid_extraction_driven_uncertainty,381,False,True,True,5,False,False,False
True,4,False,0.0,False,4,False,True,0,simple_stability,False,safe_early_stop,382,False,True,False,2,False,False,False
True,2,False,0.0,False,2,False,True,0,simple_stability,False,safe_early_stop,383,False,True,False,2,False,False,False
True,3,False,0.0,False,2,True,True,0,simple_stability,False,safe_early_stop,384,False,True,False,2,False,False,False
False,2,False,0.0,False,2,False,True,1,simple_stability,True,premature_stop_with_missed_recovery,385,False,False,False,2,False,False,False
True,2,False,0.0,False,2,False,True,0,simple_stability,False,safe_early_stop,386,False,True,False,5,False,False,False
True,2,False,0.0,False,2,False,True,0,simple_stability,False,safe_early_stop,387,False,True,False,5,False,False,False
True,16,False,0.0,False,16,False,True,3,simple_stability,False,unstable_trajectory,388,False,True,False,5,False,False,True
False,16,False,0.0,False,16,False,True,1,simple_stability,True,premature_stop_with_missed_recovery,389,False,False,False,2,False,False,False
False,4,False,0.0,False,4,False,True,1,simple_stability,True,premature_stop_with_missed_recovery,390,False,False,False,2,False,False,False
True,2,True,0.5,False,2,False,True,0,simple_stability,False,invalid_extraction_driven_uncertainty,391,False,True,False,2,False,False,False
False,2,False,0.0,False,2,False,False,0,simple_stability,False,stable_wrong_trajectory,392,False,True,True,2,False,False,False
True,2,False,0.0,False,2,False,True,0,simple_stability,False,safe_early_stop,393,False,True,False,2,False,False,False
False,14,False,0.0,False,14,False,True,1,simple_stability,True,premature_stop_with_missed_recovery,394,False,False,False,2,False,False,False
True,2,False,0.0,False,2,False,True,0,simple_stability,False,safe_early_stop,395,False,True,False,2,False,False,False
True,2,False,0.0,False,2,False,True,0,simple_stability,False,safe_early_stop,396,False,True,False,2,False,False,False
True,2,False,0.0,False,2,False,True,0,simple_stability,False,safe_early_stop,397,False,True,False,2,False,False,False
False,16,False,0.0,False,16,False,False,1,simple_stability,False,safe_early_stop,398,False,True,False,9,False,False,False
True,3,False,0.0,False,2,True,True,0,simple_stability,False,safe_early_stop,399,False,True,False,2,False,False,False
True,16,False,0.0,False,16,False,True,6,simple_stability,False,unstable_trajectory,400,False,True,False,13,False,False,True
False,6,True,0.7,False,6,False,False,1,simple_stability,False,invalid_extraction_driven_uncertainty,401,False,True,False,10,False,False,False
True,2,False,0.0,False,2,False,True,0,simple_stability,False,safe_early_stop,402,False,True,False,2,False,False,False
False,2,False,0.0,False,2,False,False,0,simple_stability,False,stable_wrong_trajectory,403,False,True,True,5,False,False,False
True,2,False,0.0,False,2,False,True,0,simple_stability,False,safe_early_stop,404,False,True,False,2,False,False,False
True,2,False,0.0,False,2,False,True,0,simple_stability,False,safe_early_stop,405,False,True,False,2,False,False,False
True,2,False,0.0,False,2,False,True,0,simple_stability,False,safe_early_stop,406,False,True,False,5,False,False,False
True,2,False,0.0,False,2,False,True,0,simple_stability,False,safe_early_stop,407,False,True,False,2,False,False,False
True,10,True,0.8181818181818182,False,10,False,True,1,simple_stability,False,invalid_extraction_driven_uncertainty,408,False,True,False,11,False,False,False
True,2,False,0.0,False,2,False,True,0,simple_stability,False,safe_early_stop,409,False,True,False,2,False,False,False
True,2,False,0.0,False,2,False,True,0,simple_stability,False,safe_early_stop,410,False,True,False,2,False,False,False
True,3,False,0.0,False,2,True,True,0,simple_stability,False,safe_early_stop,411,False,True,False,2,False,False,False
True,16,True,0.6,False,4,True,False,3,simple_stability,False,regression_avoided,412,True,True,False,5,False,False,True
True,3,False,0.0,False,2,True,True,0,simple_stability,False,safe_early_stop,413,False,True,False,2,False,False,False
True,2,False,0.0,False,2,False,True,0,simple_stability,False,safe_early_stop,414,False,True,False,2,False,False,False
True,2,False,0.0,False,2,False,True,0,simple_stability,False,safe_early_stop,415,False,True,False,2,False,False,False
True,2,False,0.0,False,2,False,True,0,simple_stability,False,safe_early_stop,416,False,True,False,2,False,False,False
True,2,False,0.0,False,2,False,True,0,simple_stability,False,safe_early_stop,417,False,True,False,2,False,False,False
True,2,False,0.0,False,2,False,True,0,simple_stability,False,safe_early_stop,418,False,True,False,2,False,False,False
False,16,True,0.8,False,4,True,False,1,simple_stability,False,invalid_extraction_driven_uncertainty,419,False,True,False,5,False,False,False
False,2,False,0.0,False,2,False,False,0,simple_stability,False,stable_wrong_trajectory,420,False,True,True,2,False,False,False
True,2,True,0.5,False,2,False,True,0,simple_stability,False,invalid_extraction_driven_uncertainty,421,False,True,False,2,False,False,False
False,7,True,0.9090909090909091,False,7,False,False,1,simple_stability,False,invalid_extraction_driven_uncertainty,422,False,True,False,11,False,False,False
True,2,False,0.0,False,2,False,False,5,simple_stability,False,regression_avoided,423,True,True,False,2,False,False,True
True,2,False,0.0,False,2,False,True,0,simple_stability,False,safe_early_stop,424,False,True,False,2,False,False,False
False,16,False,0.0,False,16,False,True,1,simple_stability,True,premature_stop_with_missed_recovery,425,False,False,False,2,False,False,False
True,2,False,0.0,False,2,False,True,0,simple_stability,False,safe_early_stop,426,False,True,False,2,False,False,False
True,2,False,0.0,False,2,False,True,0,simple_stability,False,safe_early_stop,427,False,True,False,5,False,False,False
True,4,False,0.0,False,4,False,True,0,simple_stability,False,safe_early_stop,428,False,True,False,2,False,False,False
True,2,False,0.0,False,2,False,True,0,simple_stability,False,safe_early_stop,429,False,True,False,5,False,False,False
True,2,False,0.0,False,2,False,True,0,simple_stability,False,safe_early_stop,430,False,True,False,5,False,False,False
False,16,False,0.0,False,16,False,False,4,simple_stability,False,unstable_trajectory,431,False,True,False,2,False,False,True
False,16,True,0.5,False,2,True,False,0,simple_stability,False,invalid_extraction_driven_uncertainty,432,False,True,True,2,False,False,False
True,3,False,0.0,False,2,True,True,0,simple_stability,False,safe_early_stop,433,False,True,False,2,False,False,False
True,3,False,0.0,False,2,True,True,0,simple_stability,False,safe_early_stop,434,False,True,False,2,False,False,False
True,2,False,0.0,False,2,False,True,0,simple_stability,False,safe_early_stop,435,False,True,False,2,False,False,False
True,5,True,0.5,False,2,True,True,0,simple_stability,False,invalid_extraction_driven_uncertainty,436,False,True,False,2,False,False,False
True,2,False,0.0,False,2,False,True,0,simple_stability,False,safe_early_stop,437,False,True,False,2,False,False,False
True,2,False,0.0,False,2,False,True,0,simple_stability,False,safe_early_stop,438,False,True,False,2,False,False,False
True,2,False,0.0,False,2,False,True,0,simple_stability,False,safe_early_stop,439,False,True,False,2,False,False,False
True,2,False,0.0,False,2,False,True,0,simple_stability,False,safe_early_stop,440,False,True,False,2,False,False,False
True,2,False,0.0,False,2,False,True,0,simple_stability,False,safe_early_stop,441,False,True,False,5,False,False,False
True,2,False,0.0,False,2,False,True,0,simple_stability,False,safe_early_stop,442,False,True,False,2,False,False,False
True,2,False,0.0,False,2,False,True,0,simple_stability,False,safe_early_stop,443,False,True,False,2,False,False,False
False,3,True,0.6666666666666666,False,2,True,False,0,simple_stability,False,invalid_extraction_driven_uncertainty,444,False,True,True,3,False,False,False
False,16,False,0.0,False,16,False,False,4,simple_stability,False,unstable_trajectory,445,False,True,False,2,False,False,True
True,2,False,0.0,False,2,False,True,0,simple_stability,False,safe_early_stop,446,False,True,False,5,False,False,False
True,4,False,0.0,False,4,False,True,0,simple_stability,False,safe_early_stop,447,False,True,False,2,False,False,False
True,2,False,0.0,False,2,False,True,0,simple_stability,False,safe_early_stop,448,False,True,False,5,False,False,False
True,2,False,0.0,False,2,False,True,0,simple_stability,False,safe_early_stop,449,False,True,False,5,False,False,False
True,2,False,0.0,False,2,False,True,0,simple_stability,False,safe_early_stop,450,False,True,False,2,False,False,False
True,2,False,0.0,False,2,False,True,0,simple_stability,False,safe_early_stop,451,False,True,False,2,False,False,False
True,3,False,0.0,False,2,True,True,0,simple_stability,False,safe_early_stop,452,False,True,False,2,False,False,False
True,2,False,0.0,False,2,False,True,0,simple_stability,False,safe_early_stop,453,False,True,False,2,False,False,False
False,16,True,1.0,False,16,False,False,0,simple_stability,False,unnecessary_continuation,454,False,False,True,16,False,True,False
True,2,False,0.0,False,2,False,True,0,simple_stability,False,safe_early_stop,455,False,True,False,2,False,False,False
True,2,False,0.0,False,2,False,True,0,simple_stability,False,safe_early_stop,456,False,True,False,2,False,False,False
True,2,False,0.0,False,2,False,True,0,simple_stability,False,safe_early_stop,457,False,True,False,5,False,False,False
True,3,True,0.5,False,2,True,True,0,simple_stability,False,invalid_extraction_driven_uncertainty,458,False,True,False,2,False,False,False
True,4,False,0.0,False,2,True,True,0,simple_stability,False,safe_early_stop,459,False,True,False,2,False,False,False
True,16,False,0.0,False,4,True,False,3,simple_stability,False,regression_avoided,460,True,True,False,2,False,False,True
True,2,False,0.0,False,2,False,True,0,simple_stability,False,safe_early_stop,461,False,True,False,2,False,False,False
True,3,False,0.0,False,2,True,True,0,simple_stability,False,safe_early_stop,462,False,True,False,2,False,False,False
True,3,False,0.0,False,2,True,True,0,simple_stability,False,safe_early_stop,463,False,True,False,2,False,False,False
True,2,False,0.0,False,2,False,True,0,simple_stability,False,safe_early_stop,464,False,True,False,2,False,False,False
True,2,False,0.0,False,2,False,True,0,simple_stability,False,safe_early_stop,465,False,True,False,5,False,False,False
False,16,False,0.0,False,16,False,False,3,simple_stability,False,unstable_trajectory,466,False,True,False,2,False,False,True
True,2,False,0.0,False,2,False,True,0,simple_stability,False,safe_early_stop,467,False,True,False,2,False,False,False
True,2,False,0.0,False,2,False,True,0,simple_stability,False,safe_early_stop,468,False,True,False,2,False,False,False
True,2,False,0.0,False,2,False,True,0,simple_stability,False,safe_early_stop,469,False,True,False,2,False,False,False
False,4,True,0.6,False,4,False,True,2,simple_stability,True,premature_stop_with_missed_recovery,470,False,False,False,5,False,False,True
True,3,False,0.0,False,2,True,True,0,simple_stability,False,safe_early_stop,471,False,True,False,2,False,False,False
True,3,False,0.0,False,2,True,True,0,simple_stability,False,safe_early_stop,472,False,True,False,2,False,False,False
False,4,False,0.0,False,4,False,True,3,simple_stability,True,premature_stop_with_missed_recovery,473,False,False,False,5,False,False,True
True,2,False,0.0,False,2,False,True,0,simple_stability,False,safe_early_stop,474,False,True,False,2,False,False,False
False,16,True,0.9,False,9,True,False,1,simple_stability,False,invalid_extraction_driven_uncertainty,475,False,True,False,10,False,False,False
True,2,False,0.0,False,2,False,True,0,simple_stability,False,safe_early_stop,476,False,True,False,2,False,False,False
True,10,False,0.0,False,10,False,True,0,simple_stability,False,safe_early_stop,477,False,True,False,2,False,False,False
False,2,False,0.0,False,2,False,False,0,simple_stability,False,stable_wrong_trajectory,478,False,True,True,2,False,False,False
True,3,False,0.0,False,2,True,True,0,simple_stability,False,safe_early_stop,479,False,True,False,2,False,False,False
True,2,False,0.0,False,2,False,True,0,simple_stability,False,safe_early_stop,480,False,True,False,2,False,False,False
False,16,False,0.0,False,16,False,False,1,simple_stability,False,safe_early_stop,481,False,True,False,2,False,False,False
False,16,False,0.0,False,16,False,True,2,simple_stability,True,premature_stop_with_missed_recovery,482,False,False,False,2,False,False,True
True,15,True,0.9333333333333333,False,14,True,True,1,simple_stability,False,invalid_extraction_driven_uncertainty,483,False,True,False,15,False,False,False
True,3,False,0.0,False,2,True,True,0,simple_stability,False,safe_early_stop,484,False,True,False,2,False,False,False
False,2,True,0.3333333333333333,False,2,False,True,1,simple_stability,True,premature_stop_with_missed_recovery,485,False,False,False,3,False,False,False
True,4,False,0.0,False,4,False,True,0,simple_stability,False,safe_early_stop,486,False,True,False,2,False,False,False
True,2,False,0.0,False,2,False,True,0,simple_stability,False,safe_early_stop,487,False,True,False,5,False,False,False
True,2,False,0.0,False,2,False,True,0,simple_stability,False,safe_early_stop,488,False,True,False,2,False,False,False
True,2,False,0.0,False,2,False,True,0,simple_stability,False,safe_early_stop,489,False,True,False,2,False,False,False
False,16,False,0.0,False,16,False,False,0,simple_stability,False,stable_wrong_trajectory,490,False,True,True,2,False,False,False
False,16,False,0.0,False,16,False,False,2,simple_stability,False,unstable_trajectory,491,False,True,False,5,False,False,True
True,3,False,0.0,False,2,True,True,0,simple_stability,False,safe_early_stop,492,False,True,False,2,False,False,False
True,2,False,0.0,False,2,False,True,0,simple_stability,False,safe_early_stop,493,False,True,False,2,False,False,False
True,16,True,0.3333333333333333,False,2,True,False,1,simple_stability,False,regression_avoided,494,True,True,False,3,False,False,False
True,2,False,0.0,False,2,False,True,0,simple_stability,False,safe_early_stop,495,False,True,False,2,False,False,False
True,2,False,0.0,False,2,False,True,0,simple_stability,False,safe_early_stop,496,False,True,False,2,False,False,False
False,16,False,0.0,False,16,False,False,1,simple_stability,False,safe_early_stop,497,False,True,False,2,False,False,False
False,2,True,0.5,False,2,False,False,0,simple_stability,False,invalid_extraction_driven_uncertainty,498,False,True,True,2,False,False,False
True,2,False,0.0,False,2,False,True,0,simple_stability,False,safe_early_stop,499,False,True,False,2,False,False,False
