correct,earliest_final_stable,final_correct,final_tokens,final_vote_key,invalid_rate_at_stop,policy_id,question_index,stop,tokens,vote_key
True,1,True,9658,sympy:E*e*l*n*v*y,0.0,safe_logistic_start2_every_sample_lambda10,4,3,1970,sympy:E*e*l*n*v*y
True,1,True,6649,sympy:3*sqrt(13),0.0,safe_logistic_start2_every_sample_lambda10,8,3,1309,sympy:3*sqrt(13)
False,15,False,13015,sympy:1,0.09090909090909091,safe_logistic_start2_every_sample_lambda10,9,11,9428,sympy:2
False,2,False,14860,sympy:8/63,0.375,safe_logistic_start2_every_sample_lambda10,11,16,14860,sympy:8/63
True,1,True,4186,sympy:-50,0.0,safe_logistic_start2_every_sample_lambda10,16,3,802,sympy:-50
True,6,True,13584,sympy:13535,0.08333333333333333,safe_logistic_start2_every_sample_lambda10,21,12,10048,sympy:13535
True,1,True,4707,sympy:7*i - 2,0.0,safe_logistic_start2_every_sample_lambda10,28,3,931,sympy:7*i - 2
False,14,False,11779,sympy:81/205,0.0,safe_logistic_start2_every_sample_lambda10,33,16,11779,sympy:81/205
True,1,True,4780,sympy:4,0.0,safe_logistic_start2_every_sample_lambda10,42,3,962,sympy:4
True,1,True,5689,sympy:2,0.0,safe_logistic_start2_every_sample_lambda10,45,3,1001,sympy:2
True,1,True,6349,sympy:3/2,0.0,safe_logistic_start2_every_sample_lambda10,48,3,725,sympy:3/2
False,11,False,12647,sympy:sqrt((sqrt(177) + 17)/2),0.0,safe_logistic_start2_every_sample_lambda10,62,11,9056,sympy:sqrt((sqrt(177) + 17)/2)
False,3,False,8883,sympy:9,0.0,safe_logistic_start2_every_sample_lambda10,63,5,2665,sympy:9
True,1,True,5543,sympy:10,0.0,safe_logistic_start2_every_sample_lambda10,67,7,2512,sympy:10
True,1,True,5836,sympy:3,0.0,safe_logistic_start2_every_sample_lambda10,72,3,1038,sympy:3
True,1,True,6863,sympy:cot(x),0.0,safe_logistic_start2_every_sample_lambda10,74,3,1260,sympy:cot(x)
True,1,True,4140,sympy:0,0.0,safe_logistic_start2_every_sample_lambda10,76,3,912,sympy:0
False,1,False,12046,sympy:1,0.0,safe_logistic_start2_every_sample_lambda10,80,3,2116,sympy:1
True,1,True,14346,sympy:2,0.25,safe_logistic_start2_every_sample_lambda10,88,4,3576,sympy:2
False,1,False,4036,sympy:15,0.0,safe_logistic_start2_every_sample_lambda10,90,3,783,sympy:15
True,1,True,5851,sympy:(a + 5)*(b + 2),0.0,safe_logistic_start2_every_sample_lambda10,102,3,953,sympy:(a + 5)*(b + 2)
False,13,False,15895,"sympy:Interval.open(1, 4)",0.5625,safe_logistic_start2_every_sample_lambda10,103,16,15895,"sympy:Interval.open(1, 4)"
True,1,True,6709,sympy:9,0.0,safe_logistic_start2_every_sample_lambda10,107,5,2248,sympy:9
False,5,False,14998,sympy:65,0.5625,safe_logistic_start2_every_sample_lambda10,109,16,14998,sympy:65
True,1,True,5499,sympy:3,0.0,safe_logistic_start2_every_sample_lambda10,117,3,1056,sympy:3
True,2,True,13513,sympy:81,0.4,safe_logistic_start2_every_sample_lambda10,118,5,4221,sympy:81
True,1,True,4172,sympy:36,0.0,safe_logistic_start2_every_sample_lambda10,128,3,597,sympy:36
True,1,True,4498,sympy:2,0.0,safe_logistic_start2_every_sample_lambda10,141,3,875,sympy:2
True,1,True,11397,sympy:3*sqrt(5),0.0,safe_logistic_start2_every_sample_lambda10,143,3,2177,sympy:3*sqrt(5)
True,1,True,6797,sympy:11,0.0,safe_logistic_start2_every_sample_lambda10,148,3,850,sympy:11
True,1,True,12603,sympy:49,0.0,safe_logistic_start2_every_sample_lambda10,149,3,2153,sympy:49
False,3,False,15152,sympy:3,0.6666666666666666,safe_logistic_start2_every_sample_lambda10,150,6,5970,sympy:3
True,1,True,3441,sympy:65,0.0,safe_logistic_start2_every_sample_lambda10,167,3,639,sympy:65
True,1,True,12517,sympy:4,0.0,safe_logistic_start2_every_sample_lambda10,173,3,2293,sympy:4
False,1,False,6373,sympy:60,0.0,safe_logistic_start2_every_sample_lambda10,177,3,637,sympy:60
True,1,True,13329,"sympy:Eq(5*x - 1*7*y + 11*z + 4, 0)",0.2222222222222222,safe_logistic_start2_every_sample_lambda10,179,9,7734,"sympy:Eq(5*x - 1*7*y + 11*z + 4, 0)"
True,1,True,5745,sympy:sqrt(3)/3,0.0,safe_logistic_start2_every_sample_lambda10,181,3,935,sympy:sqrt(3)/3
True,1,True,5923,sympy:24,0.0,safe_logistic_start2_every_sample_lambda10,195,3,1062,sympy:24
True,1,True,7149,sympy:16,0.0,safe_logistic_start2_every_sample_lambda10,209,3,1133,sympy:16
True,1,True,4589,sympy:5,0.0,safe_logistic_start2_every_sample_lambda10,211,3,787,sympy:5
True,1,True,8223,sympy:900,0.0,safe_logistic_start2_every_sample_lambda10,221,3,1440,sympy:900
False,3,False,8180,sympy:150,0.0,safe_logistic_start2_every_sample_lambda10,222,5,2255,sympy:150
True,1,True,5163,sympy:11,0.0,safe_logistic_start2_every_sample_lambda10,225,3,1034,sympy:11
True,1,True,4076,sympy:c,0.0,safe_logistic_start2_every_sample_lambda10,227,3,810,sympy:c
True,4,True,15835,sympy:288*pi,0.5,safe_logistic_start2_every_sample_lambda10,228,10,9772,sympy:288*pi
False,16,False,13087,sympy:15,0.25,safe_logistic_start2_every_sample_lambda10,236,16,13087,sympy:15
True,1,True,9216,sympy:540,0.0,safe_logistic_start2_every_sample_lambda10,251,3,2031,sympy:540
True,1,True,3614,sympy:1/8,0.0,safe_logistic_start2_every_sample_lambda10,253,3,690,sympy:1/8
True,1,True,6449,sympy:28,0.0,safe_logistic_start2_every_sample_lambda10,254,3,1275,sympy:28
True,1,True,5755,sympy:864,0.0,safe_logistic_start2_every_sample_lambda10,257,3,1059,sympy:864
True,1,True,9585,sympy:120,0.0,safe_logistic_start2_every_sample_lambda10,260,3,1820,sympy:120
True,1,True,5734,sympy:76,0.0,safe_logistic_start2_every_sample_lambda10,261,3,1094,sympy:76
False,1,False,11164,sympy:5,0.1,safe_logistic_start2_every_sample_lambda10,264,10,6926,sympy:5
True,1,True,5268,sympy:1250,0.0,safe_logistic_start2_every_sample_lambda10,273,3,1032,sympy:1250
True,12,False,9102,sympy:i*l*n*n*o*o*o*s*t*u,0.0,safe_logistic_start2_every_sample_lambda10,284,3,2162,"sympy:{2*sqrt(2) + 3, -1*2*sqrt(2) + 3}"
False,3,False,16306,sympy:280,0.8125,safe_logistic_start2_every_sample_lambda10,285,16,16306,sympy:280
True,1,True,16017,sympy:4,0.5,safe_logistic_start2_every_sample_lambda10,290,10,9970,sympy:4
True,5,True,7882,sympy:63,0.0,safe_logistic_start2_every_sample_lambda10,291,8,3556,sympy:63
True,1,True,8711,"sympy:Interval.Lopen(3/5, 8/3)",0.0,safe_logistic_start2_every_sample_lambda10,293,3,1688,"sympy:Interval.Lopen(3/5, 8/3)"
True,1,True,5947,sympy:63,0.0,safe_logistic_start2_every_sample_lambda10,299,3,1049,sympy:63
False,1,False,13978,sympy:21,0.0,safe_logistic_start2_every_sample_lambda10,303,3,2777,sympy:21
True,1,True,8086,sympy:41,0.0,safe_logistic_start2_every_sample_lambda10,315,3,1776,sympy:41
True,3,True,15866,sympy:0.0900000000000000,0.7142857142857143,safe_logistic_start2_every_sample_lambda10,326,7,6693,sympy:0.0900000000000000
True,1,True,11699,sympy:3,0.0,safe_logistic_start2_every_sample_lambda10,328,9,6576,sympy:3
True,1,True,11221,sympy:13/6,0.0,safe_logistic_start2_every_sample_lambda10,331,5,3598,sympy:13/6
True,1,True,11641,sympy:3,0.0,safe_logistic_start2_every_sample_lambda10,335,3,2276,sympy:3
True,1,True,7220,sympy:6,0.0,safe_logistic_start2_every_sample_lambda10,337,3,1192,sympy:6
True,1,True,9571,sympy:2*k,0.0,safe_logistic_start2_every_sample_lambda10,339,5,2867,sympy:2*k
True,1,True,7321,sympy:4495,0.0,safe_logistic_start2_every_sample_lambda10,348,3,1341,sympy:4495
True,1,True,3902,sympy:1,0.0,safe_logistic_start2_every_sample_lambda10,367,3,779,sympy:1
False,5,False,5002,sympy:144,0.0,safe_logistic_start2_every_sample_lambda10,369,7,2177,sympy:144
True,14,True,13804,sympy:17,0.14285714285714285,safe_logistic_start2_every_sample_lambda10,371,14,11756,sympy:17
True,1,True,6947,sympy:2*i + 1,0.0,safe_logistic_start2_every_sample_lambda10,373,3,1241,sympy:2*i + 1
True,2,True,13663,"sympy:(8, -2)",0.4,safe_logistic_start2_every_sample_lambda10,376,5,4245,"sympy:(8, -2)"
True,1,True,7211,sympy:6,0.0,safe_logistic_start2_every_sample_lambda10,377,3,1258,sympy:6
True,1,True,9604,sympy:3,0.0,safe_logistic_start2_every_sample_lambda10,378,5,3096,sympy:3
True,1,True,11266,"sympy:Interval(-2, 7)",0.0,safe_logistic_start2_every_sample_lambda10,383,3,2114,"sympy:Interval(-2, 7)"
True,3,True,13855,sympy:12,0.0,safe_logistic_start2_every_sample_lambda10,390,6,5194,sympy:12
True,1,True,14545,sympy:0,0.25,safe_logistic_start2_every_sample_lambda10,391,4,3536,sympy:0
True,1,True,5436,sympy:4,0.0,safe_logistic_start2_every_sample_lambda10,395,3,893,sympy:4
True,1,True,4366,sympy:9,0.0,safe_logistic_start2_every_sample_lambda10,407,3,886,sympy:9
True,10,True,15996,sympy:0.200000000000000,0.875,safe_logistic_start2_every_sample_lambda10,408,16,15996,sympy:0.200000000000000
False,16,False,15101,sympy:451,0.625,safe_logistic_start2_every_sample_lambda10,412,16,15101,sympy:451
True,1,True,8868,sympy:2*sqrt(5),0.0,safe_logistic_start2_every_sample_lambda10,418,3,1970,sympy:2*sqrt(5)
True,1,True,14487,sympy:27,0.3333333333333333,safe_logistic_start2_every_sample_lambda10,421,9,8326,sympy:27
True,11,True,9017,sympy:3*r**2,0.0625,safe_logistic_start2_every_sample_lambda10,425,16,9017,sympy:3*r**2
True,1,True,4651,sympy:4,0.0,safe_logistic_start2_every_sample_lambda10,438,3,800,sympy:4
True,1,True,11822,sympy:x**8 + x**7 + x**6 + x**5 + x**4 + x**3 + x**2 + x + 1,0.0,safe_logistic_start2_every_sample_lambda10,439,3,2055,sympy:x**8 + x**7 + x**6 + x**5 + x**4 + x**3 + x**2 + x + 1
False,2,False,12048,sympy:1/4,0.3333333333333333,safe_logistic_start2_every_sample_lambda10,444,9,7080,sympy:1/4
False,15,False,14317,sympy:8,0.5,safe_logistic_start2_every_sample_lambda10,445,16,14317,sympy:8
True,1,True,6606,sympy:9,0.0,safe_logistic_start2_every_sample_lambda10,447,5,1799,sympy:9
True,1,True,7788,sympy:639/40,0.0,safe_logistic_start2_every_sample_lambda10,451,3,1405,sympy:639/40
True,1,True,6699,sympy:10,0.0,safe_logistic_start2_every_sample_lambda10,453,3,1457,sympy:10
False,1,False,16384,,1.0,safe_logistic_start2_every_sample_lambda10,454,16,16384,
True,1,True,15498,"sympy:{-2, 1}",0.25,safe_logistic_start2_every_sample_lambda10,456,4,4038,"sympy:{-2, 1}"
True,1,True,4579,sympy:15,0.0,safe_logistic_start2_every_sample_lambda10,467,3,997,sympy:15
False,1,False,9964,sympy:0,0.0,safe_logistic_start2_every_sample_lambda10,478,3,2066,sympy:0
True,1,True,8814,sympy:15,0.0,safe_logistic_start2_every_sample_lambda10,489,3,1471,sympy:15
True,1,True,8618,"sympy:Union(Interval.open(2, 12), Interval.open(12, 102))",0.0,safe_logistic_start2_every_sample_lambda10,495,3,1677,"sympy:Union(Interval.open(2, 12), Interval.open(12, 102))"
True,1,True,8370,sympy:5/13,0.0,safe_logistic_start2_every_sample_lambda10,496,3,1514,sympy:5/13
True,1,True,6044,sympy:2220,0.0,safe_logistic_start2_every_sample_lambda10,10,2,755,sympy:2220
True,1,True,4601,sympy:5,0.0,safe_logistic_start2_every_sample_lambda10,13,2,479,sympy:5
True,1,True,10343,sympy:3,0.0,safe_logistic_start2_every_sample_lambda10,19,2,1926,sympy:3
True,1,True,3731,sympy:9*i + 6,0.0,safe_logistic_start2_every_sample_lambda10,20,2,1192,sympy:9*i + 6
True,1,True,12700,sympy:-125,0.0,safe_logistic_start2_every_sample_lambda10,34,2,1742,sympy:-125
True,1,True,3895,sympy:2000,0.0,safe_logistic_start2_every_sample_lambda10,38,2,467,sympy:2000
True,1,True,3969,sympy:12,0.0,safe_logistic_start2_every_sample_lambda10,40,2,507,sympy:12
False,10,False,8697,sympy:5,0.0,safe_logistic_start2_every_sample_lambda10,41,12,6602,sympy:5
True,1,True,13525,sympy:6,0.42857142857142855,safe_logistic_start2_every_sample_lambda10,46,7,6156,sympy:6
True,1,True,6960,sympy:5,0.0,safe_logistic_start2_every_sample_lambda10,47,2,787,sympy:5
True,1,True,4471,sympy:83,0.0,safe_logistic_start2_every_sample_lambda10,49,2,526,sympy:83
True,6,True,11954,sympy:203,0.0,safe_logistic_start2_every_sample_lambda10,50,9,6425,sympy:203
True,1,True,5608,sympy:3,0.0,safe_logistic_start2_every_sample_lambda10,55,2,808,sympy:3
True,1,True,3333,sympy:4,0.0,safe_logistic_start2_every_sample_lambda10,77,2,441,sympy:4
True,1,True,10741,"sympy:Interval.open(-2, 1)",0.0,safe_logistic_start2_every_sample_lambda10,78,2,1370,"sympy:Interval.open(-2, 1)"
True,1,True,13034,sympy:-1,0.0,safe_logistic_start2_every_sample_lambda10,84,2,1590,sympy:-1
True,1,True,5407,sympy:sqrt(5),0.0,safe_logistic_start2_every_sample_lambda10,85,2,717,sympy:sqrt(5)
True,1,True,4262,sympy:240,0.0,safe_logistic_start2_every_sample_lambda10,86,2,534,sympy:240
True,1,True,9752,sympy:33,0.0,safe_logistic_start2_every_sample_lambda10,93,2,1246,sympy:33
False,1,False,11403,sympy:36,0.0,safe_logistic_start2_every_sample_lambda10,104,2,1331,sympy:36
False,6,False,5286,sympy:15.5000000000000,0.0,safe_logistic_start2_every_sample_lambda10,105,13,4311,sympy:15.5000000000000
True,3,True,8946,sympy:13,0.0,safe_logistic_start2_every_sample_lambda10,112,5,2754,sympy:13
True,1,True,10396,sympy:-5,0.0,safe_logistic_start2_every_sample_lambda10,114,2,1333,sympy:-5
False,1,False,8457,sympy:30240,0.0,safe_logistic_start2_every_sample_lambda10,115,11,5862,sympy:30240
True,6,True,10657,sympy:-9,0.0,safe_logistic_start2_every_sample_lambda10,119,9,5712,sympy:-9
True,1,True,6037,sympy:6,0.0,safe_logistic_start2_every_sample_lambda10,121,2,674,sympy:6
True,1,True,5447,sympy:9,0.0,safe_logistic_start2_every_sample_lambda10,122,2,661,sympy:9
True,1,True,7240,sympy:4210,0.0,safe_logistic_start2_every_sample_lambda10,127,2,726,sympy:4210
True,1,True,5577,sympy:4,0.0,safe_logistic_start2_every_sample_lambda10,132,2,490,sympy:4
True,6,True,15107,sympy:64,0.8571428571428571,safe_logistic_start2_every_sample_lambda10,136,7,6875,sympy:64
False,15,False,13348,sympy:1/5,0.3333333333333333,safe_logistic_start2_every_sample_lambda10,138,15,12840,sympy:1/5
True,1,True,10692,sympy:2107,0.0,safe_logistic_start2_every_sample_lambda10,158,2,1434,sympy:2107
True,1,True,11995,sympy:17/50,0.0,safe_logistic_start2_every_sample_lambda10,162,2,1635,sympy:17/50
False,1,False,14898,sympy:20,0.6666666666666666,safe_logistic_start2_every_sample_lambda10,170,9,8606,sympy:20
True,1,True,7853,sympy:350,0.0,safe_logistic_start2_every_sample_lambda10,172,2,1052,sympy:350
True,1,True,6368,sympy:6.72000000000000e-5,0.0,safe_logistic_start2_every_sample_lambda10,176,5,1585,sympy:6.72000000000000e-5
True,1,True,11243,sympy:23,0.0,safe_logistic_start2_every_sample_lambda10,183,2,1283,sympy:23
True,1,True,5981,sympy:10080,0.0,safe_logistic_start2_every_sample_lambda10,198,2,779,sympy:10080
True,1,True,7335,sympy:2/3,0.0,safe_logistic_start2_every_sample_lambda10,202,2,1033,sympy:2/3
True,1,True,15297,sympy:-2,0.0,safe_logistic_start2_every_sample_lambda10,205,2,1901,sympy:-2
True,7,True,7282,sympy:10,0.0,safe_logistic_start2_every_sample_lambda10,210,13,5800,sympy:10
True,1,True,9065,sympy:56,0.0,safe_logistic_start2_every_sample_lambda10,212,4,2098,sympy:56
True,1,True,5639,sympy:2,0.0,safe_logistic_start2_every_sample_lambda10,215,2,611,sympy:2
True,1,True,4957,"sympy:Interval.open(-1, 6)",0.0,safe_logistic_start2_every_sample_lambda10,218,2,661,"sympy:Interval.open(-1, 6)"
False,1,False,6869,sympy:2/27,0.0,safe_logistic_start2_every_sample_lambda10,220,2,657,sympy:2/27
True,1,True,5864,sympy:14,0.0,safe_logistic_start2_every_sample_lambda10,223,2,661,sympy:14
True,1,True,12696,sympy:10,0.0,safe_logistic_start2_every_sample_lambda10,231,2,1646,sympy:10
True,4,True,13333,sympy:1997/2,0.0,safe_logistic_start2_every_sample_lambda10,232,6,5205,sympy:1997/2
True,1,True,7723,sympy:-4,0.0,safe_logistic_start2_every_sample_lambda10,238,2,909,sympy:-4
False,1,False,16384,,1.0,safe_logistic_start2_every_sample_lambda10,239,16,16384,
True,1,True,4690,sympy:3,0.0,safe_logistic_start2_every_sample_lambda10,243,2,578,sympy:3
True,1,True,6343,sympy:8/21,0.0,safe_logistic_start2_every_sample_lambda10,256,2,826,sympy:8/21
True,1,True,4389,sympy:4005,0.0,safe_logistic_start2_every_sample_lambda10,265,2,435,sympy:4005
True,6,True,10164,sympy:180,0.0,safe_logistic_start2_every_sample_lambda10,267,8,5276,sympy:180
True,1,True,4697,sympy:sqrt(53),0.0,safe_logistic_start2_every_sample_lambda10,277,2,561,sympy:sqrt(53)
True,1,True,8974,sympy:36,0.0,safe_logistic_start2_every_sample_lambda10,287,2,1225,sympy:36
True,1,True,10031,sympy:16,0.0,safe_logistic_start2_every_sample_lambda10,289,2,1210,sympy:16
True,1,True,10765,sympy:103,0.0,safe_logistic_start2_every_sample_lambda10,297,2,1381,sympy:103
True,1,True,10553,sympy:9/19,0.0,safe_logistic_start2_every_sample_lambda10,305,2,1570,sympy:9/19
False,9,False,10786,sympy:3*sqrt(3),0.0,safe_logistic_start2_every_sample_lambda10,308,16,10786,sympy:3*sqrt(3)
True,1,True,5972,"sympy:Interval.open(2, 4)",0.0,safe_logistic_start2_every_sample_lambda10,314,2,769,"sympy:Interval.open(2, 4)"
True,1,True,5550,sympy:-1,0.0,safe_logistic_start2_every_sample_lambda10,322,2,719,sympy:-1
True,1,True,3596,sympy:4,0.0,safe_logistic_start2_every_sample_lambda10,329,2,417,sympy:4
True,2,True,12764,sympy:3,0.5,safe_logistic_start2_every_sample_lambda10,333,4,3570,sympy:3
True,1,True,8013,sympy:-120,0.0,safe_logistic_start2_every_sample_lambda10,334,2,1013,sympy:-120
True,1,True,4253,sympy:26000,0.0,safe_logistic_start2_every_sample_lambda10,336,2,523,sympy:26000
True,1,True,6168,sympy:1,0.0,safe_logistic_start2_every_sample_lambda10,345,2,543,sympy:1
True,1,True,6751,sympy:6*r**2 - 1*4*r - 24,0.0,safe_logistic_start2_every_sample_lambda10,347,2,733,sympy:6*r**2 - 1*4*r - 24
False,8,False,16270,sympy:44,0.5454545454545454,safe_logistic_start2_every_sample_lambda10,352,11,11215,sympy:44
True,1,True,6924,sympy:81,0.0,safe_logistic_start2_every_sample_lambda10,354,2,754,sympy:81
False,9,False,11587,sympy:120,0.08333333333333333,safe_logistic_start2_every_sample_lambda10,355,12,8227,sympy:120
True,1,True,10263,"sympy:Interval.open(-sqrt(3), sqrt(3))",0.0,safe_logistic_start2_every_sample_lambda10,356,2,1482,"sympy:Interval.open(-sqrt(3), sqrt(3))"
True,1,True,6758,sympy:7/4,0.0,safe_logistic_start2_every_sample_lambda10,360,2,911,sympy:7/4
True,1,True,4305,sympy:31,0.0,safe_logistic_start2_every_sample_lambda10,368,2,503,sympy:31
True,1,True,12449,sympy:12,0.0,safe_logistic_start2_every_sample_lambda10,379,2,1443,sympy:12
False,8,True,9059,sympy:22,0.0,safe_logistic_start2_every_sample_lambda10,385,2,1559,sympy:48
False,1,False,14353,sympy:sqrt(82),0.0,safe_logistic_start2_every_sample_lambda10,392,2,1537,sympy:sqrt(82)
True,1,True,7340,sympy:3/4,0.0,safe_logistic_start2_every_sample_lambda10,393,2,961,sympy:3/4
True,6,True,14544,sympy:-3/8,0.4444444444444444,safe_logistic_start2_every_sample_lambda10,394,9,8114,sympy:-3/8
True,1,True,6101,sympy:23,0.0,safe_logistic_start2_every_sample_lambda10,397,2,878,sympy:23
True,1,True,7436,sympy:-1*12*i + 1,0.0,safe_logistic_start2_every_sample_lambda10,402,2,860,sympy:-1*12*i + 1
True,1,True,5207,sympy:3,0.0,safe_logistic_start2_every_sample_lambda10,404,2,651,sympy:3
True,1,True,6351,sympy:6,0.0,safe_logistic_start2_every_sample_lambda10,410,2,849,sympy:6
True,1,True,12375,sympy:9,0.0,safe_logistic_start2_every_sample_lambda10,415,2,1402,sympy:9
True,1,True,10426,sympy:1/8,0.0,safe_logistic_start2_every_sample_lambda10,416,2,1075,sympy:1/8
True,1,True,4793,sympy:-2,0.0,safe_logistic_start2_every_sample_lambda10,417,2,538,sympy:-2
True,1,True,8077,sympy:6*sqrt(2),0.0,safe_logistic_start2_every_sample_lambda10,426,2,1038,sympy:6*sqrt(2)
True,1,True,13390,sympy:64,0.0,safe_logistic_start2_every_sample_lambda10,428,4,3278,sympy:64
False,13,False,12782,"sympy:Interval(pi**2/8, pi**2/4)",0.0,safe_logistic_start2_every_sample_lambda10,431,7,5484,"sympy:Interval(pi**2/8, pi**2/4)"
False,1,False,16260,sympy:0,0.75,safe_logistic_start2_every_sample_lambda10,432,12,12164,sympy:0
True,1,True,8914,"sympy:Union(Interval.open(-oo, 2), Interval.open(3, oo))",0.0,safe_logistic_start2_every_sample_lambda10,435,2,1116,"sympy:Union(Interval.open(-oo, 2), Interval.open(3, oo))"
True,1,True,7099,sympy:14,0.0,safe_logistic_start2_every_sample_lambda10,440,2,873,sympy:14
True,1,True,4187,sympy:256,0.0,safe_logistic_start2_every_sample_lambda10,442,2,527,sympy:256
True,1,True,12471,sympy:41,0.3333333333333333,safe_logistic_start2_every_sample_lambda10,458,3,2578,sympy:41
True,1,True,9020,sympy:12,0.0,safe_logistic_start2_every_sample_lambda10,461,2,1137,sympy:12
True,1,True,12829,sympy:9,0.0,safe_logistic_start2_every_sample_lambda10,464,2,1645,sympy:9
True,1,True,3983,sympy:8,0.0,safe_logistic_start2_every_sample_lambda10,468,2,497,sympy:8
True,1,True,11294,sympy:2,0.0,safe_logistic_start2_every_sample_lambda10,477,7,5093,sympy:2
True,1,True,10384,sympy:20,0.0,safe_logistic_start2_every_sample_lambda10,493,2,1207,sympy:20
True,1,True,5023,sympy:106,0.0,safe_logistic_start2_every_sample_lambda10,499,2,549,sympy:106
True,1,True,7912,sympy:14/3,0.0,safe_logistic_start2_every_sample_lambda10,2,2,1038,sympy:14/3
True,1,True,4326,sympy:42,0.0,safe_logistic_start2_every_sample_lambda10,5,2,539,sympy:42
True,1,True,7256,sympy:27,0.0,safe_logistic_start2_every_sample_lambda10,6,2,814,sympy:27
True,5,True,11169,sympy:90,0.0,safe_logistic_start2_every_sample_lambda10,7,9,6064,sympy:90
True,1,True,12247,sympy:5,0.0,safe_logistic_start2_every_sample_lambda10,22,2,1239,sympy:5
True,1,True,9983,sympy:5,0.0,safe_logistic_start2_every_sample_lambda10,23,2,1100,sympy:5
True,1,True,7484,sympy:225,0.0,safe_logistic_start2_every_sample_lambda10,29,2,814,sympy:225
True,1,True,6398,sympy:720,0.0,safe_logistic_start2_every_sample_lambda10,32,2,682,sympy:720
True,1,True,9113,sympy:23,0.0,safe_logistic_start2_every_sample_lambda10,39,2,995,sympy:23
False,3,False,11238,sympy:20*sqrt(5) + 10*sqrt(34),0.0,safe_logistic_start2_every_sample_lambda10,43,8,5451,sympy:20*sqrt(5) + 10*sqrt(34)
True,1,True,8889,sympy:16,0.0,safe_logistic_start2_every_sample_lambda10,57,2,1256,sympy:16
True,1,True,4159,sympy:9901,0.0,safe_logistic_start2_every_sample_lambda10,58,2,582,sympy:9901
True,1,True,5777,sympy:(3*sqrt(3))/4,0.0,safe_logistic_start2_every_sample_lambda10,73,2,1295,sympy:(3*sqrt(3))/4
True,1,True,8083,sympy:11/36,0.0,safe_logistic_start2_every_sample_lambda10,75,2,1368,sympy:11/36
True,1,True,4361,sympy:2,0.0,safe_logistic_start2_every_sample_lambda10,79,2,509,sympy:2
True,1,True,6490,sympy:2,0.0,safe_logistic_start2_every_sample_lambda10,83,2,813,sympy:2
True,1,True,10302,sympy:1,0.0,safe_logistic_start2_every_sample_lambda10,87,2,1313,sympy:1
True,3,True,11987,sympy:21,0.0,safe_logistic_start2_every_sample_lambda10,89,7,5342,sympy:21
True,1,True,11457,sympy:448/15625,0.0,safe_logistic_start2_every_sample_lambda10,92,2,1338,sympy:448/15625
False,2,False,14886,"parsed:Matrix([[-1/3], [f*r*a*c*5], [f*r*a*c*8]])",0.5,safe_logistic_start2_every_sample_lambda10,99,4,3847,"parsed:Matrix([[-1/3], [f*r*a*c*5], [f*r*a*c*8]])"
True,1,True,5266,sympy:4/3,0.0,safe_logistic_start2_every_sample_lambda10,106,2,633,sympy:4/3
False,4,False,16262,sympy:3,0.7142857142857143,safe_logistic_start2_every_sample_lambda10,110,7,7046,sympy:3
True,1,True,6363,sympy:8000,0.0,safe_logistic_start2_every_sample_lambda10,113,2,534,sympy:8000
True,1,True,12452,sympy:1,0.0,safe_logistic_start2_every_sample_lambda10,139,2,1729,sympy:1
True,1,True,5783,sympy:sqrt(3)/3,0.0,safe_logistic_start2_every_sample_lambda10,146,2,618,sympy:sqrt(3)/3
False,9,False,14700,sympy:12,0.35714285714285715,safe_logistic_start2_every_sample_lambda10,147,14,13003,sympy:12
True,1,True,6375,sympy:1/4,0.0,safe_logistic_start2_every_sample_lambda10,155,2,828,sympy:1/4
False,1,False,14206,sympy:90,0.0,safe_logistic_start2_every_sample_lambda10,156,2,1456,sympy:90
True,1,True,7055,sympy:18,0.0,safe_logistic_start2_every_sample_lambda10,160,2,844,sympy:18
False,10,False,12749,sympy:sqrt(3),0.0,safe_logistic_start2_every_sample_lambda10,164,2,1238,sympy:sqrt(3)
True,1,True,5420,sympy:12,0.0,safe_logistic_start2_every_sample_lambda10,169,2,589,sympy:12
True,1,True,7155,sympy:2,0.0,safe_logistic_start2_every_sample_lambda10,174,2,907,sympy:2
True,1,True,13204,sympy:3,0.0,safe_logistic_start2_every_sample_lambda10,175,2,1672,sympy:3
False,4,False,12713,"sympy:Interval(3, oo)",0.0,safe_logistic_start2_every_sample_lambda10,184,13,10267,"sympy:Interval(3, oo)"
True,1,True,3760,sympy:1,0.0,safe_logistic_start2_every_sample_lambda10,185,2,450,sympy:1
True,1,True,9426,sympy:7,0.0,safe_logistic_start2_every_sample_lambda10,186,2,2048,sympy:7
True,1,True,8308,sympy:7,0.0,safe_logistic_start2_every_sample_lambda10,187,2,1461,sympy:7
True,16,True,16039,sympy:160,0.375,safe_logistic_start2_every_sample_lambda10,189,16,16039,sympy:160
True,1,True,5658,sympy:4,0.0,safe_logistic_start2_every_sample_lambda10,193,2,719,sympy:4
True,1,True,5219,sympy:17,0.0,safe_logistic_start2_every_sample_lambda10,199,2,635,sympy:17
True,1,True,8828,sympy:12,0.0,safe_logistic_start2_every_sample_lambda10,203,2,1122,sympy:12
False,11,False,13264,sympy:16,0.0,safe_logistic_start2_every_sample_lambda10,204,8,6775,sympy:256
False,1,False,7114,sympy:11111111100,0.0,safe_logistic_start2_every_sample_lambda10,217,2,856,sympy:11111111100
True,1,True,12338,sympy:16/5,0.0,safe_logistic_start2_every_sample_lambda10,230,2,1797,sympy:16/5
False,5,True,7457,sympy:34,0.0,safe_logistic_start2_every_sample_lambda10,234,2,651,sympy:49
True,1,True,9576,sympy:5/9,0.0,safe_logistic_start2_every_sample_lambda10,235,2,1208,sympy:5/9
True,1,True,4165,sympy:8,0.0,safe_logistic_start2_every_sample_lambda10,246,2,578,sympy:8
False,1,False,16384,,1.0,safe_logistic_start2_every_sample_lambda10,248,16,16384,
True,1,True,6009,sympy:e,0.0,safe_logistic_start2_every_sample_lambda10,255,2,711,sympy:e
True,1,True,4748,sympy:22,0.0,safe_logistic_start2_every_sample_lambda10,259,2,548,sympy:22
True,1,True,7821,sympy:6,0.0,safe_logistic_start2_every_sample_lambda10,269,2,1385,sympy:6
True,1,True,5818,sympy:8,0.0,safe_logistic_start2_every_sample_lambda10,280,2,811,sympy:8
False,1,False,16077,sympy:1260,0.875,safe_logistic_start2_every_sample_lambda10,292,8,7951,sympy:1260
True,3,True,13066,sympy:58,0.0,safe_logistic_start2_every_sample_lambda10,294,5,3790,sympy:58
True,1,True,4827,sympy:12,0.0,safe_logistic_start2_every_sample_lambda10,300,2,535,sympy:12
False,1,False,7534,sympy:5.50000000000000,0.0,safe_logistic_start2_every_sample_lambda10,301,2,940,sympy:5.50000000000000
True,14,True,13081,sympy:5,0.375,safe_logistic_start2_every_sample_lambda10,302,16,13081,sympy:5
True,1,True,13670,sympy:9,0.0,safe_logistic_start2_every_sample_lambda10,304,2,1731,sympy:9
True,1,True,8577,"sympy:Interval(-oo, 0)",0.0,safe_logistic_start2_every_sample_lambda10,307,2,1041,"sympy:Interval(-oo, 0)"
False,12,False,8953,sympy:15,0.0,safe_logistic_start2_every_sample_lambda10,309,16,8953,sympy:15
True,1,True,10845,sympy:3,0.0,safe_logistic_start2_every_sample_lambda10,311,2,1504,sympy:3
False,1,False,10137,sympy:2,0.0,safe_logistic_start2_every_sample_lambda10,317,2,1100,sympy:2
True,1,True,10623,sympy:(9*a + 11)/20,0.0,safe_logistic_start2_every_sample_lambda10,318,2,957,sympy:(9*a + 11)/20
True,1,True,5305,sympy:-128,0.0,safe_logistic_start2_every_sample_lambda10,319,2,661,sympy:-128
True,1,True,5171,sympy:10,0.0,safe_logistic_start2_every_sample_lambda10,321,2,640,sympy:10
False,1,False,16049,sympy:10,0.7333333333333333,safe_logistic_start2_every_sample_lambda10,327,15,15025,sympy:10
True,1,True,6903,sympy:-2,0.0,safe_logistic_start2_every_sample_lambda10,341,2,710,sympy:-2
True,1,True,6571,sympy:5,0.0,safe_logistic_start2_every_sample_lambda10,344,2,818,sympy:5
False,13,True,7239,sympy:4,0.0,safe_logistic_start2_every_sample_lambda10,357,12,5422,sympy:2
True,1,True,11510,sympy:16*sqrt(3),0.0,safe_logistic_start2_every_sample_lambda10,361,2,1352,sympy:16*sqrt(3)
True,1,True,4641,sympy:2,0.0,safe_logistic_start2_every_sample_lambda10,363,2,616,sympy:2
True,1,True,5644,sympy:-41,0.0,safe_logistic_start2_every_sample_lambda10,370,2,808,sympy:-41
False,12,False,9493,sympy:70,0.0,safe_logistic_start2_every_sample_lambda10,372,16,9493,sympy:70
True,1,True,8445,sympy:25,0.0,safe_logistic_start2_every_sample_lambda10,375,2,970,sympy:25
False,7,True,12623,"sympy:Union(Interval.open(0, 9), Interval.open(9, 36))",0.0,safe_logistic_start2_every_sample_lambda10,380,2,1277,"sympy:Interval.open(0, 36)"
True,1,True,2804,sympy:15*x - 80,0.0,safe_logistic_start2_every_sample_lambda10,384,2,370,sympy:15*x - 80
True,1,True,4587,sympy:326.500000000000,0.0,safe_logistic_start2_every_sample_lambda10,399,2,608,sympy:326.500000000000
True,1,True,2762,sympy:60,0.0,safe_logistic_start2_every_sample_lambda10,411,2,285,sympy:60
True,1,True,5320,sympy:5*r**5,0.0,safe_logistic_start2_every_sample_lambda10,413,2,670,sympy:5*r**5
False,4,False,15617,sympy:-30,0.7333333333333333,safe_logistic_start2_every_sample_lambda10,419,15,14593,sympy:-30
True,1,True,8746,sympy:0.356250000000000,0.0,safe_logistic_start2_every_sample_lambda10,433,2,1164,sympy:0.356250000000000
True,1,True,9106,sympy:32,0.0,safe_logistic_start2_every_sample_lambda10,434,2,1168,sympy:32
True,1,True,15820,sympy:4,0.5,safe_logistic_start2_every_sample_lambda10,436,4,3875,sympy:4
True,1,True,6812,sympy:143,0.0,safe_logistic_start2_every_sample_lambda10,452,2,867,sympy:143
True,1,True,12672,sympy:18.9000000000000,0.0,safe_logistic_start2_every_sample_lambda10,459,2,1601,sympy:18.9000000000000
False,12,False,7361,sympy:105,0.0,safe_logistic_start2_every_sample_lambda10,460,16,7361,sympy:105
True,1,True,8162,sympy:59,0.0,safe_logistic_start2_every_sample_lambda10,462,2,766,sympy:59
True,1,True,5063,sympy:2,0.0,safe_logistic_start2_every_sample_lambda10,463,2,637,sympy:2
False,10,False,12492,sympy:(64*pi)/9,0.0,safe_logistic_start2_every_sample_lambda10,466,16,12492,sympy:(64*pi)/9
True,1,True,4435,sympy:84,0.0,safe_logistic_start2_every_sample_lambda10,471,2,654,sympy:84
True,1,True,6498,sympy:275/2,0.0,safe_logistic_start2_every_sample_lambda10,472,2,878,sympy:275/2
False,9,False,16176,sympy:55,0.9090909090909091,safe_logistic_start2_every_sample_lambda10,475,11,11207,sympy:55
True,1,True,6274,sympy:2,0.0,safe_logistic_start2_every_sample_lambda10,479,2,833,sympy:2
True,11,True,10375,sympy:202,0.07142857142857142,safe_logistic_start2_every_sample_lambda10,482,14,8648,sympy:202
True,14,True,16323,sympy:8/15,0.9333333333333333,safe_logistic_start2_every_sample_lambda10,483,15,15299,sympy:8/15
True,1,True,14379,sympy:10,0.0,safe_logistic_start2_every_sample_lambda10,484,2,1762,sympy:10
False,1,False,12659,sympy:0,0.2222222222222222,safe_logistic_start2_every_sample_lambda10,490,9,6629,sympy:0
True,1,True,9512,"sympy:Eq(y, -1*2*x)",0.0,safe_logistic_start2_every_sample_lambda10,492,2,1085,"sympy:Eq(y, -1*2*x)"
False,11,False,12573,sympy:1,0.26666666666666666,safe_logistic_start2_every_sample_lambda10,494,15,11643,sympy:1
False,7,False,9097,sympy:2,0.0,safe_logistic_start2_every_sample_lambda10,497,12,6638,sympy:2
False,16,False,7761,sympy:56,0.0,safe_logistic_start2_every_sample_lambda10,18,11,5321,sympy:56
True,1,True,8919,sympy:10,0.0,safe_logistic_start2_every_sample_lambda10,24,11,5736,sympy:10
False,7,False,14561,"sympy:{0, 1}",0.4375,safe_logistic_start2_every_sample_lambda10,25,16,14561,"sympy:{0, 1}"
False,1,False,11174,sympy:576,0.0,safe_logistic_start2_every_sample_lambda10,26,15,10640,sympy:576
True,1,True,6528,sympy:78,0.0,safe_logistic_start2_every_sample_lambda10,27,3,1029,sympy:78
True,1,True,6655,sympy:3,0.0,safe_logistic_start2_every_sample_lambda10,35,3,1195,sympy:3
True,3,True,12476,"sympy:{3, 5, 7}",0.0,safe_logistic_start2_every_sample_lambda10,36,8,6094,"sympy:{3, 5, 7}"
True,1,True,3770,sympy:72,0.0,safe_logistic_start2_every_sample_lambda10,37,3,617,sympy:72
True,1,True,7763,sympy:1.25000000000000,0.0,safe_logistic_start2_every_sample_lambda10,44,3,1507,sympy:1.25000000000000
True,1,True,5920,sympy:-1*pi/6,0.0,safe_logistic_start2_every_sample_lambda10,53,3,1083,sympy:-1*pi/6
True,1,True,4796,sympy:0.150000000000000,0.0,safe_logistic_start2_every_sample_lambda10,54,3,865,sympy:0.150000000000000
True,1,True,3463,sympy:11,0.0,safe_logistic_start2_every_sample_lambda10,56,3,597,sympy:11
True,7,True,13342,sympy:35/64,0.4375,safe_logistic_start2_every_sample_lambda10,64,16,13342,sympy:35/64
True,1,True,3288,sympy:1,0.0,safe_logistic_start2_every_sample_lambda10,65,3,611,sympy:1
True,1,True,12048,sympy:46,0.2857142857142857,safe_logistic_start2_every_sample_lambda10,68,7,5163,sympy:46
True,1,True,7901,sympy:40,0.0,safe_logistic_start2_every_sample_lambda10,70,3,1404,sympy:40
True,1,True,6664,sympy:3,0.0,safe_logistic_start2_every_sample_lambda10,81,3,981,sympy:3
True,7,True,7856,sympy:3/2,0.0,safe_logistic_start2_every_sample_lambda10,82,13,6358,sympy:3/2
True,1,True,11916,sympy:-4,0.0,safe_logistic_start2_every_sample_lambda10,95,3,2247,sympy:-4
True,1,True,6146,sympy:2*k + 2,0.0,safe_logistic_start2_every_sample_lambda10,98,3,703,sympy:2*k + 2
False,1,False,16083,sympy:1,0.8125,safe_logistic_start2_every_sample_lambda10,101,16,16083,sympy:1
True,1,True,13195,sympy:2,0.0,safe_logistic_start2_every_sample_lambda10,108,7,5158,sympy:2
True,1,True,5288,sympy:2,0.0,safe_logistic_start2_every_sample_lambda10,116,3,1041,sympy:2
False,1,False,8515,sympy:dd*o,0.0,safe_logistic_start2_every_sample_lambda10,120,6,3131,sympy:dd*o
True,1,True,11783,sympy:11/2,0.0,safe_logistic_start2_every_sample_lambda10,124,3,2228,sympy:11/2
True,1,True,6630,sympy:-3,0.0,safe_logistic_start2_every_sample_lambda10,125,3,1024,sympy:-3
False,1,False,15083,sympy:2*i + 1,0.5,safe_logistic_start2_every_sample_lambda10,126,16,15083,sympy:2*i + 1
True,1,True,6871,sympy:13,0.0,safe_logistic_start2_every_sample_lambda10,130,3,1267,sympy:13
True,1,True,8989,sympy:8,0.0,safe_logistic_start2_every_sample_lambda10,131,3,1539,sympy:8
True,1,True,10206,sympy:16,0.0,safe_logistic_start2_every_sample_lambda10,134,3,1829,sympy:16
True,1,True,7509,sympy:204,0.0,safe_logistic_start2_every_sample_lambda10,137,3,1522,sympy:204
True,1,True,8003,sympy:13,0.0,safe_logistic_start2_every_sample_lambda10,140,3,1560,sympy:13
True,1,True,4176,"sympy:(15, -29)",0.0,safe_logistic_start2_every_sample_lambda10,144,3,813,"sympy:(15, -29)"
False,13,False,11470,sympy:16,0.125,safe_logistic_start2_every_sample_lambda10,152,16,11470,sympy:16
True,1,True,7534,sympy:2/21,0.0,safe_logistic_start2_every_sample_lambda10,153,3,1291,sympy:2/21
True,1,True,5705,sympy:6/5,0.0,safe_logistic_start2_every_sample_lambda10,157,3,1024,sympy:6/5
True,1,True,8012,sympy:3.21000000000000,0.0,safe_logistic_start2_every_sample_lambda10,159,3,1282,sympy:3.21000000000000
True,6,True,9906,sympy:270/7,0.0,safe_logistic_start2_every_sample_lambda10,166,10,6348,sympy:270/7
False,1,False,12664,sympy:12,0.25,safe_logistic_start2_every_sample_lambda10,168,4,2823,sympy:12
True,1,True,6758,sympy:13/15,0.0,safe_logistic_start2_every_sample_lambda10,171,3,1145,sympy:13/15
False,12,True,6042,sympy:3,0.0,safe_logistic_start2_every_sample_lambda10,180,7,3015,sympy:2
True,1,True,3970,sympy:1251,0.0,safe_logistic_start2_every_sample_lambda10,182,3,754,sympy:1251
True,1,True,7366,sympy:30,0.0,safe_logistic_start2_every_sample_lambda10,192,3,1254,sympy:30
True,1,True,12958,sympy:1/4,0.0,safe_logistic_start2_every_sample_lambda10,194,3,2321,sympy:1/4
True,1,True,11402,sympy:6,0.0,safe_logistic_start2_every_sample_lambda10,197,6,4536,sympy:6
True,1,True,10879,sympy:66,0.0,safe_logistic_start2_every_sample_lambda10,201,3,2321,sympy:66
True,1,True,7094,"sympy:(3/2, -13)",0.0,safe_logistic_start2_every_sample_lambda10,206,3,1299,"sympy:(3/2, -13)"
True,1,True,5808,sympy:28,0.0,safe_logistic_start2_every_sample_lambda10,207,3,873,sympy:28
True,1,True,3878,sympy:90,0.0,safe_logistic_start2_every_sample_lambda10,229,3,715,sympy:90
True,1,True,9574,sympy:22,0.0,safe_logistic_start2_every_sample_lambda10,237,3,2423,sympy:22
True,1,True,12784,sympy:17,0.0,safe_logistic_start2_every_sample_lambda10,241,3,2453,sympy:17
False,3,False,8088,sympy:32349,0.0,safe_logistic_start2_every_sample_lambda10,242,8,3915,sympy:32349
False,4,False,13699,sympy:11,0.1875,safe_logistic_start2_every_sample_lambda10,249,16,13699,sympy:11
True,1,True,6081,sympy:15,0.0,safe_logistic_start2_every_sample_lambda10,263,3,1080,sympy:15
True,1,True,4127,sympy:1,0.0,safe_logistic_start2_every_sample_lambda10,268,3,795,sympy:1
True,1,True,5722,sympy:10,0.0,safe_logistic_start2_every_sample_lambda10,270,3,1024,sympy:10
True,1,True,8217,sympy:333,0.0,safe_logistic_start2_every_sample_lambda10,271,3,1484,sympy:333
True,9,True,11355,sympy:1030,0.0,safe_logistic_start2_every_sample_lambda10,272,3,2265,sympy:1030
False,8,False,5600,sympy:36,0.0,safe_logistic_start2_every_sample_lambda10,274,11,3936,sympy:36
True,1,True,4512,sympy:7,0.0,safe_logistic_start2_every_sample_lambda10,275,3,833,sympy:7
True,1,True,7891,sympy:11,0.0,safe_logistic_start2_every_sample_lambda10,276,9,4954,sympy:11
True,6,True,9383,sympy:36,0.0,safe_logistic_start2_every_sample_lambda10,281,11,6911,sympy:36
False,1,False,5509,sympy:497,0.0,safe_logistic_start2_every_sample_lambda10,282,3,966,sympy:497
True,1,True,6977,sympy:1,0.0,safe_logistic_start2_every_sample_lambda10,283,3,1606,sympy:1
False,2,False,13758,sympy:1/2,0.375,safe_logistic_start2_every_sample_lambda10,286,16,13758,sympy:1/2
False,1,False,15299,sympy:sqrt(89),0.7142857142857143,safe_logistic_start2_every_sample_lambda10,288,7,6809,sympy:sqrt(89)
False,1,False,12612,sympy:c,0.25,safe_logistic_start2_every_sample_lambda10,296,4,3680,sympy:c
True,1,True,8261,"sympy:Interval.open(5, oo)",0.0,safe_logistic_start2_every_sample_lambda10,312,3,1326,"sympy:Interval.open(5, oo)"
True,1,True,7006,sympy:12*pi,0.0,safe_logistic_start2_every_sample_lambda10,313,3,1182,sympy:12*pi
True,1,True,8754,sympy:-24/25,0.0,safe_logistic_start2_every_sample_lambda10,320,6,2986,sympy:-24/25
True,12,True,10724,sympy:2,0.06666666666666667,safe_logistic_start2_every_sample_lambda10,332,15,9980,sympy:2
False,1,False,16384,,1.0,safe_logistic_start2_every_sample_lambda10,340,16,16384,
True,1,True,5717,sympy:2,0.0,safe_logistic_start2_every_sample_lambda10,342,3,1091,sympy:2
True,1,True,5929,sympy:58500,0.0,safe_logistic_start2_every_sample_lambda10,343,3,1128,sympy:58500
True,1,True,7229,sympy:66,0.0,safe_logistic_start2_every_sample_lambda10,346,3,1560,sympy:66
False,1,False,9558,sympy:-1/16,0.0,safe_logistic_start2_every_sample_lambda10,351,3,1941,sympy:-1/16
True,1,True,14038,sympy:6,0.3,safe_logistic_start2_every_sample_lambda10,359,10,8978,sympy:6
True,1,True,3091,sympy:1/4,0.0,safe_logistic_start2_every_sample_lambda10,362,3,540,sympy:1/4
False,1,False,14815,sympy:1/18,0.125,safe_logistic_start2_every_sample_lambda10,381,16,14815,sympy:1/18
True,1,True,5750,sympy:11,0.0,safe_logistic_start2_every_sample_lambda10,386,3,1026,sympy:11
True,1,True,5055,sympy:18,0.0,safe_logistic_start2_every_sample_lambda10,387,3,1045,sympy:18
True,11,True,8565,sympy:11/2,0.0,safe_logistic_start2_every_sample_lambda10,388,12,6934,sympy:11/2
False,5,False,13788,sympy:39.6800000000000,0.0,safe_logistic_start2_every_sample_lambda10,398,16,13788,sympy:39.6800000000000
True,9,True,10193,sympy:14/3,0.0,safe_logistic_start2_every_sample_lambda10,400,13,8532,sympy:14/3
False,6,False,15335,sympy:3,0.6923076923076923,safe_logistic_start2_every_sample_lambda10,401,13,12376,sympy:3
False,1,False,9786,sympy:1,0.0,safe_logistic_start2_every_sample_lambda10,403,3,2211,sympy:1
True,1,True,4479,sympy:0,0.0,safe_logistic_start2_every_sample_lambda10,406,3,777,sympy:0
False,7,False,16332,"sympy:{-2, 1}",0.9230769230769231,safe_logistic_start2_every_sample_lambda10,422,13,13260,"sympy:{-2, 1}"
True,1,True,6020,sympy:29,0.0,safe_logistic_start2_every_sample_lambda10,427,3,1160,sympy:29
True,1,True,9469,sympy:50,0.0,safe_logistic_start2_every_sample_lambda10,429,6,3567,sympy:50
True,1,True,3825,sympy:4.50000000000000,0.0,safe_logistic_start2_every_sample_lambda10,430,3,697,sympy:4.50000000000000
True,1,True,5827,sympy:550,0.0,safe_logistic_start2_every_sample_lambda10,441,3,1048,sympy:550
True,1,True,10475,sympy:8,0.0,safe_logistic_start2_every_sample_lambda10,446,3,2246,sympy:8
True,1,True,10239,sympy:44,0.0,safe_logistic_start2_every_sample_lambda10,448,3,1837,sympy:44
True,1,True,5194,sympy:47,0.0,safe_logistic_start2_every_sample_lambda10,449,3,1546,sympy:47
True,1,True,2738,sympy:0,0.0,safe_logistic_start2_every_sample_lambda10,457,3,524,sympy:0
True,1,True,7757,sympy:121,0.0,safe_logistic_start2_every_sample_lambda10,465,3,1553,sympy:121
True,16,True,13628,sympy:7,0.125,safe_logistic_start2_every_sample_lambda10,473,16,13628,sympy:7
True,1,True,5532,sympy:2,0.0,safe_logistic_start2_every_sample_lambda10,487,3,1025,sympy:2
False,12,False,5092,sympy:24,0.0,safe_logistic_start2_every_sample_lambda10,491,16,5092,sympy:24
True,1,True,4955,"sympy:(3, pi/2)",0.0,safe_logistic_start2_every_sample_lambda10,0,2,635,"sympy:(3, pi/2)"
True,1,True,9629,sympy:p - q,0.0,safe_logistic_start2_every_sample_lambda10,1,2,1087,sympy:p - q
True,1,True,7703,sympy:9,0.0,safe_logistic_start2_every_sample_lambda10,3,2,919,sympy:9
True,1,True,9542,sympy:284,0.0,safe_logistic_start2_every_sample_lambda10,12,2,1010,sympy:284
False,1,False,4200,sympy:10,0.0,safe_logistic_start2_every_sample_lambda10,14,5,1448,sympy:10
True,1,True,10480,sympy:-1*5*i + 6,0.0,safe_logistic_start2_every_sample_lambda10,15,2,1326,sympy:-1*5*i + 6
False,14,False,11137,sympy:pi/2,0.0,safe_logistic_start2_every_sample_lambda10,17,16,11137,sympy:pi/2
True,1,True,5538,sympy:52,0.0,safe_logistic_start2_every_sample_lambda10,30,2,654,sympy:52
True,1,True,7286,sympy:11*sqrt(2),0.0,safe_logistic_start2_every_sample_lambda10,31,2,1140,sympy:11*sqrt(2)
True,1,True,12186,sympy:x**5 - x**4 + x**3 - x**2 + x - 1,0.0,safe_logistic_start2_every_sample_lambda10,51,2,1357,sympy:x**5 - x**4 + x**3 - x**2 + x - 1
True,1,True,4963,sympy:12,0.0,safe_logistic_start2_every_sample_lambda10,52,2,567,sympy:12
True,1,True,7100,sympy:5,0.0,safe_logistic_start2_every_sample_lambda10,59,2,845,sympy:5
False,8,False,16007,"sympy:(-3, 3, -1)",0.5625,safe_logistic_start2_every_sample_lambda10,60,16,16007,"sympy:(-3, 3, -1)"
True,1,True,5913,sympy:-256,0.0,safe_logistic_start2_every_sample_lambda10,61,2,742,sympy:-256
True,1,True,6374,sympy:x**3 + 3*x - 6,0.0,safe_logistic_start2_every_sample_lambda10,66,2,775,sympy:x**3 + 3*x - 6
True,1,True,6862,sympy:-1,0.0,safe_logistic_start2_every_sample_lambda10,69,2,781,sympy:-1
True,4,True,6340,sympy:2516,0.0,safe_logistic_start2_every_sample_lambda10,71,12,4617,sympy:2516
True,1,True,6153,sympy:1,0.0,safe_logistic_start2_every_sample_lambda10,91,2,601,sympy:1
False,2,False,12589,sympy:70,0.3333333333333333,safe_logistic_start2_every_sample_lambda10,94,3,2243,sympy:70
False,13,False,15546,sympy:2,0.5,safe_logistic_start2_every_sample_lambda10,96,2,1981,"sympy:{-1, 7}"
True,1,True,5326,sympy:E*a*s*t,0.0,safe_logistic_start2_every_sample_lambda10,97,2,1325,sympy:E*a*s*t
False,8,False,10169,sympy:155,0.125,safe_logistic_start2_every_sample_lambda10,100,16,10169,sympy:155
True,1,True,9630,sympy:210,0.0,safe_logistic_start2_every_sample_lambda10,111,2,1039,sympy:210
False,7,False,14970,sympy:6,0.2727272727272727,safe_logistic_start2_every_sample_lambda10,123,11,10069,sympy:6
True,11,True,11188,sympy:3840/289,0.0,safe_logistic_start2_every_sample_lambda10,129,13,9023,sympy:3840/289
True,1,True,6408,sympy:120,0.0,safe_logistic_start2_every_sample_lambda10,133,2,734,sympy:120
True,1,True,7121,sympy:9,0.0,safe_logistic_start2_every_sample_lambda10,135,2,728,sympy:9
False,16,True,7128,sympy:28800,0.0,safe_logistic_start2_every_sample_lambda10,142,15,6749,sympy:3456000
False,15,True,11119,sympy:-2,0.07142857142857142,safe_logistic_start2_every_sample_lambda10,145,14,9973,sympy:2
True,1,True,9714,sympy:144,0.0,safe_logistic_start2_every_sample_lambda10,151,2,991,sympy:144
False,8,False,9394,sympy:2*sqrt(34),0.0,safe_logistic_start2_every_sample_lambda10,154,13,6933,sympy:2*sqrt(34)
True,1,True,4522,sympy:6,0.0,safe_logistic_start2_every_sample_lambda10,161,2,1175,sympy:6
True,1,True,8203,sympy:-35/9,0.0,safe_logistic_start2_every_sample_lambda10,163,2,999,sympy:-35/9
True,1,True,5194,sympy:4/9,0.0,safe_logistic_start2_every_sample_lambda10,165,2,628,sympy:4/9
True,1,True,4172,sympy:60,0.0,safe_logistic_start2_every_sample_lambda10,178,2,383,sympy:60
True,1,True,16113,sympy:6,0.0,safe_logistic_start2_every_sample_lambda10,188,2,1952,sympy:6
False,16,False,5942,sympy:25/36,0.0,safe_logistic_start2_every_sample_lambda10,190,16,5942,sympy:25/36
True,1,True,4350,sympy:0,0.0,safe_logistic_start2_every_sample_lambda10,191,2,501,sympy:0
True,1,True,4684,sympy:1600,0.0,safe_logistic_start2_every_sample_lambda10,196,2,681,sympy:1600
True,1,True,6226,sympy:40,0.0,safe_logistic_start2_every_sample_lambda10,200,2,999,sympy:40
True,1,True,6297,sympy:1,0.0,safe_logistic_start2_every_sample_lambda10,208,2,826,sympy:1
False,1,False,12138,sympy:1,0.5,safe_logistic_start2_every_sample_lambda10,213,2,1891,sympy:1
False,14,False,9381,sympy:100,0.0625,safe_logistic_start2_every_sample_lambda10,214,16,9381,sympy:100
True,1,True,6964,sympy:6,0.0,safe_logistic_start2_every_sample_lambda10,216,2,913,sympy:6
True,1,True,9562,sympy:1/2,0.0,safe_logistic_start2_every_sample_lambda10,219,16,9562,sympy:1/2
False,1,False,12914,sympy:1/16,0.5,safe_logistic_start2_every_sample_lambda10,224,2,1831,sympy:1/16
True,1,True,4035,sympy:3,0.0,safe_logistic_start2_every_sample_lambda10,226,2,582,sympy:3
True,1,True,7456,sympy:30,0.0,safe_logistic_start2_every_sample_lambda10,233,2,972,sympy:30
False,6,False,6794,sympy:52,0.0,safe_logistic_start2_every_sample_lambda10,240,9,3873,sympy:52
True,1,True,13527,sympy:8,0.0,safe_logistic_start2_every_sample_lambda10,244,2,1518,sympy:8
False,11,False,14984,sympy:-1*10*x,0.125,safe_logistic_start2_every_sample_lambda10,245,16,14984,sympy:-1*10*x
True,1,True,8419,sympy:10/11,0.0,safe_logistic_start2_every_sample_lambda10,247,2,1030,sympy:10/11
True,1,True,9915,sympy:13,0.0,safe_logistic_start2_every_sample_lambda10,250,2,1237,sympy:13
True,1,True,8556,sympy:81,0.0,safe_logistic_start2_every_sample_lambda10,252,2,1166,sympy:81
True,1,True,7929,sympy:16,0.0,safe_logistic_start2_every_sample_lambda10,258,2,894,sympy:16
True,1,True,3900,sympy:4,0.0,safe_logistic_start2_every_sample_lambda10,262,2,469,sympy:4
False,13,True,7702,sympy:33/100,0.0,safe_logistic_start2_every_sample_lambda10,266,2,921,parsed:**
True,1,True,6530,sympy:255,0.0,safe_logistic_start2_every_sample_lambda10,278,2,921,sympy:255
False,7,True,7559,sympy:7*pi,0.0,safe_logistic_start2_every_sample_lambda10,279,2,928,sympy:4*pi
False,1,False,10715,sympy:4,0.0,safe_logistic_start2_every_sample_lambda10,295,7,4550,sympy:4
False,7,True,15508,sympy:-18,0.5,safe_logistic_start2_every_sample_lambda10,298,2,1942,sympy:6
False,9,False,12981,sympy:2,0.14285714285714285,safe_logistic_start2_every_sample_lambda10,306,14,11381,sympy:2
True,1,True,6118,sympy:49,0.0,safe_logistic_start2_every_sample_lambda10,310,2,717,sympy:49
True,1,True,9825,sympy:12,0.0,safe_logistic_start2_every_sample_lambda10,316,2,1277,sympy:12
True,1,True,10329,sympy:1/3,0.0,safe_logistic_start2_every_sample_lambda10,323,2,1399,sympy:1/3
True,5,True,13528,sympy:120,0.0,safe_logistic_start2_every_sample_lambda10,324,9,7558,sympy:120
True,1,True,7255,sympy:4,0.0,safe_logistic_start2_every_sample_lambda10,325,2,919,sympy:4
True,1,True,7948,sympy:1940,0.0,safe_logistic_start2_every_sample_lambda10,330,2,1246,sympy:1940
True,1,True,5980,sympy:4343,0.0,safe_logistic_start2_every_sample_lambda10,338,2,690,sympy:4343
False,1,False,4706,sympy:5040,0.0,safe_logistic_start2_every_sample_lambda10,349,2,466,sympy:5040
True,1,True,5313,sympy:4,0.0,safe_logistic_start2_every_sample_lambda10,350,2,632,sympy:4
True,1,True,6869,sympy:480,0.0,safe_logistic_start2_every_sample_lambda10,353,2,739,sympy:480
False,6,False,7922,sympy:E*c*c*i*l*r,0.0,safe_logistic_start2_every_sample_lambda10,358,9,4118,sympy:E*c*c*i*l*r
True,1,True,9904,"sympy:(1, -16, -4, 43)",0.0,safe_logistic_start2_every_sample_lambda10,364,2,1201,"sympy:(1, -16, -4, 43)"
False,1,False,12156,sympy:40,0.0,safe_logistic_start2_every_sample_lambda10,365,2,1289,sympy:40
True,1,True,7133,sympy:4,0.0,safe_logistic_start2_every_sample_lambda10,366,2,1091,sympy:4
True,1,True,4382,sympy:4,0.0,safe_logistic_start2_every_sample_lambda10,374,2,559,sympy:4
True,1,True,9357,sympy:20000/pi,0.0,safe_logistic_start2_every_sample_lambda10,382,5,2818,sympy:20000/pi
True,6,True,8441,sympy:sqrt(21)/5,0.0,safe_logistic_start2_every_sample_lambda10,389,14,6919,sympy:sqrt(21)/5
True,1,True,9038,sympy:2,0.0,safe_logistic_start2_every_sample_lambda10,396,2,1513,sympy:2
True,1,True,5715,sympy:60,0.0,safe_logistic_start2_every_sample_lambda10,405,2,630,sympy:60
True,1,True,11856,sympy:2*sqrt(5),0.0,safe_logistic_start2_every_sample_lambda10,409,2,1384,sympy:2*sqrt(5)
True,1,True,7766,sympy:10,0.0,safe_logistic_start2_every_sample_lambda10,414,2,850,sympy:10
False,1,False,8441,"parsed:Matrix([[16/49], [f*r*a*c*97], [f*r*a*c*73]])",0.0,safe_logistic_start2_every_sample_lambda10,420,2,999,"parsed:Matrix([[16/49], [f*r*a*c*97], [f*r*a*c*73]])"
True,16,False,13836,sympy:1439,0.0,safe_logistic_start2_every_sample_lambda10,423,2,1766,sympy:1440
True,1,True,7380,sympy:600,0.0,safe_logistic_start2_every_sample_lambda10,424,2,873,sympy:600
True,1,True,7728,sympy:3,0.0,safe_logistic_start2_every_sample_lambda10,437,2,842,sympy:3
True,1,True,5477,sympy:45,0.0,safe_logistic_start2_every_sample_lambda10,443,2,735,sympy:45
True,1,True,10567,sympy:64,0.0,safe_logistic_start2_every_sample_lambda10,450,2,1120,sympy:64
True,1,True,5490,sympy:6,0.0,safe_logistic_start2_every_sample_lambda10,455,2,680,sympy:6
True,1,True,3922,sympy:25,0.0,safe_logistic_start2_every_sample_lambda10,469,2,470,sympy:25
True,13,True,16195,sympy:27648,0.6923076923076923,safe_logistic_start2_every_sample_lambda10,470,13,13123,sympy:27648
True,1,True,10374,sympy:3,0.0,safe_logistic_start2_every_sample_lambda10,474,2,1268,sympy:3
True,1,True,5591,sympy:200,0.0,safe_logistic_start2_every_sample_lambda10,476,2,697,sympy:200
True,1,True,8031,sympy:1,0.0,safe_logistic_start2_every_sample_lambda10,480,2,1235,sympy:1
False,5,False,13703,sympy:1,0.375,safe_logistic_start2_every_sample_lambda10,481,8,7221,sympy:1
False,8,True,15003,sympy:13,0.3333333333333333,safe_logistic_start2_every_sample_lambda10,485,3,2869,sympy:12
True,1,True,3747,sympy:216,0.0,safe_logistic_start2_every_sample_lambda10,486,5,1141,sympy:216
True,1,True,3636,sympy:36,0.0,safe_logistic_start2_every_sample_lambda10,488,2,473,sympy:36
False,1,False,14697,sympy:1,0.5,safe_logistic_start2_every_sample_lambda10,498,2,2048,sympy:1
True,1,True,9658,sympy:E*e*l*n*v*y,0.0,safe_histgb_start2_every_sample_lambda10,4,4,2466,sympy:E*e*l*n*v*y
True,1,True,6649,sympy:3*sqrt(13),0.0,safe_histgb_start2_every_sample_lambda10,8,4,1784,sympy:3*sqrt(13)
False,15,False,13015,sympy:1,0.16666666666666666,safe_histgb_start2_every_sample_lambda10,9,12,10452,sympy:2
False,2,False,14860,sympy:8/63,0.375,safe_histgb_start2_every_sample_lambda10,11,16,14860,sympy:8/63
True,1,True,4186,sympy:-50,0.0,safe_histgb_start2_every_sample_lambda10,16,3,802,sympy:-50
True,6,True,13584,sympy:13535,0.07142857142857142,safe_histgb_start2_every_sample_lambda10,21,14,11854,sympy:13535
True,1,True,4707,sympy:7*i - 2,0.0,safe_histgb_start2_every_sample_lambda10,28,4,1220,sympy:7*i - 2
False,14,False,11779,sympy:81/205,0.0,safe_histgb_start2_every_sample_lambda10,33,16,11779,sympy:81/205
True,1,True,4780,sympy:4,0.0,safe_histgb_start2_every_sample_lambda10,42,4,1382,sympy:4
True,1,True,5689,sympy:2,0.0,safe_histgb_start2_every_sample_lambda10,45,4,1286,sympy:2
True,1,True,6349,sympy:3/2,0.0,safe_histgb_start2_every_sample_lambda10,48,3,725,sympy:3/2
False,11,False,12647,sympy:sqrt((sqrt(177) + 17)/2),0.0,safe_histgb_start2_every_sample_lambda10,62,16,12647,sympy:sqrt((sqrt(177) + 17)/2)
False,3,False,8883,sympy:9,0.0,safe_histgb_start2_every_sample_lambda10,63,7,3703,sympy:9
True,1,True,5543,sympy:10,0.0,safe_histgb_start2_every_sample_lambda10,67,9,3104,sympy:10
True,1,True,5836,sympy:3,0.0,safe_histgb_start2_every_sample_lambda10,72,4,1474,sympy:3
True,1,True,6863,sympy:cot(x),0.0,safe_histgb_start2_every_sample_lambda10,74,4,1632,sympy:cot(x)
True,1,True,4140,sympy:0,0.0,safe_histgb_start2_every_sample_lambda10,76,3,912,sympy:0
False,1,False,12046,sympy:1,0.0,safe_histgb_start2_every_sample_lambda10,80,4,2818,sympy:1
True,1,True,14346,sympy:2,0.14285714285714285,safe_histgb_start2_every_sample_lambda10,88,7,6182,sympy:2
False,1,False,4036,sympy:15,0.0,safe_histgb_start2_every_sample_lambda10,90,3,783,sympy:15
True,1,True,5851,sympy:(a + 5)*(b + 2),0.0,safe_histgb_start2_every_sample_lambda10,102,4,1289,sympy:(a + 5)*(b + 2)
False,13,False,15895,"sympy:Interval.open(1, 4)",0.5625,safe_histgb_start2_every_sample_lambda10,103,16,15895,"sympy:Interval.open(1, 4)"
True,1,True,6709,sympy:9,0.0,safe_histgb_start2_every_sample_lambda10,107,6,2660,sympy:9
False,5,False,14998,sympy:65,0.5625,safe_histgb_start2_every_sample_lambda10,109,16,14998,sympy:65
True,1,True,5499,sympy:3,0.0,safe_histgb_start2_every_sample_lambda10,117,4,1408,sympy:3
True,2,True,13513,sympy:81,0.3333333333333333,safe_histgb_start2_every_sample_lambda10,118,6,4912,sympy:81
True,1,True,4172,sympy:36,0.0,safe_histgb_start2_every_sample_lambda10,128,3,597,sympy:36
True,1,True,4498,sympy:2,0.0,safe_histgb_start2_every_sample_lambda10,141,3,875,sympy:2
True,1,True,11397,sympy:3*sqrt(5),0.0,safe_histgb_start2_every_sample_lambda10,143,4,2824,sympy:3*sqrt(5)
True,1,True,6797,sympy:11,0.0,safe_histgb_start2_every_sample_lambda10,148,3,850,sympy:11
True,1,True,12603,sympy:49,0.0,safe_histgb_start2_every_sample_lambda10,149,4,2824,sympy:49
False,3,False,15152,sympy:3,0.5384615384615384,safe_histgb_start2_every_sample_lambda10,150,13,12188,sympy:3
True,1,True,3441,sympy:65,0.0,safe_histgb_start2_every_sample_lambda10,167,3,639,sympy:65
True,1,True,12517,sympy:4,0.0,safe_histgb_start2_every_sample_lambda10,173,4,3033,sympy:4
False,1,False,6373,sympy:60,0.0,safe_histgb_start2_every_sample_lambda10,177,3,637,sympy:60
True,1,True,13329,"sympy:Eq(5*x - 1*7*y + 11*z + 4, 0)",0.18181818181818182,safe_histgb_start2_every_sample_lambda10,179,11,9216,"sympy:Eq(5*x - 1*7*y + 11*z + 4, 0)"
True,1,True,5745,sympy:sqrt(3)/3,0.0,safe_histgb_start2_every_sample_lambda10,181,4,1299,sympy:sqrt(3)/3
True,1,True,5923,sympy:24,0.0,safe_histgb_start2_every_sample_lambda10,195,4,1335,sympy:24
True,1,True,7149,sympy:16,0.0,safe_histgb_start2_every_sample_lambda10,209,4,1700,sympy:16
True,1,True,4589,sympy:5,0.0,safe_histgb_start2_every_sample_lambda10,211,3,787,sympy:5
True,1,True,8223,sympy:900,0.0,safe_histgb_start2_every_sample_lambda10,221,4,2017,sympy:900
False,3,False,8180,sympy:150,0.0,safe_histgb_start2_every_sample_lambda10,222,8,3419,sympy:150
True,1,True,5163,sympy:11,0.0,safe_histgb_start2_every_sample_lambda10,225,4,1359,sympy:11
True,1,True,4076,sympy:c,0.0,safe_histgb_start2_every_sample_lambda10,227,3,810,sympy:c
True,4,True,15835,sympy:288*pi,0.5833333333333334,safe_histgb_start2_every_sample_lambda10,228,12,11820,sympy:288*pi
False,16,False,13087,sympy:15,0.25,safe_histgb_start2_every_sample_lambda10,236,16,13087,sympy:15
True,1,True,9216,sympy:540,0.0,safe_histgb_start2_every_sample_lambda10,251,4,2500,sympy:540
True,1,True,3614,sympy:1/8,0.0,safe_histgb_start2_every_sample_lambda10,253,3,690,sympy:1/8
True,1,True,6449,sympy:28,0.0,safe_histgb_start2_every_sample_lambda10,254,4,1702,sympy:28
True,1,True,5755,sympy:864,0.0,safe_histgb_start2_every_sample_lambda10,257,4,1407,sympy:864
True,1,True,9585,sympy:120,0.0,safe_histgb_start2_every_sample_lambda10,260,4,2444,sympy:120
True,1,True,5734,sympy:76,0.0,safe_histgb_start2_every_sample_lambda10,261,4,1489,sympy:76
False,1,False,11164,sympy:5,0.1,safe_histgb_start2_every_sample_lambda10,264,10,6926,sympy:5
True,1,True,5268,sympy:1250,0.0,safe_histgb_start2_every_sample_lambda10,273,4,1386,sympy:1250
False,12,False,9102,sympy:i*l*n*n*o*o*o*s*t*u,0.07142857142857142,safe_histgb_start2_every_sample_lambda10,284,14,7901,sympy:i*l*n*n*o*o*o*s*t*u
False,3,False,16306,sympy:280,0.8125,safe_histgb_start2_every_sample_lambda10,285,16,16306,sympy:280
True,1,True,16017,sympy:4,0.45454545454545453,safe_histgb_start2_every_sample_lambda10,290,11,10897,sympy:4
True,5,True,7882,sympy:63,0.0,safe_histgb_start2_every_sample_lambda10,291,10,5170,sympy:63
True,1,True,8711,"sympy:Interval.Lopen(3/5, 8/3)",0.0,safe_histgb_start2_every_sample_lambda10,293,4,2233,"sympy:Interval.Lopen(3/5, 8/3)"
True,1,True,5947,sympy:63,0.0,safe_histgb_start2_every_sample_lambda10,299,4,1424,sympy:63
False,1,False,13978,sympy:21,0.2,safe_histgb_start2_every_sample_lambda10,303,5,4528,sympy:21
True,1,True,8086,sympy:41,0.0,safe_histgb_start2_every_sample_lambda10,315,4,2269,sympy:41
True,3,True,15866,sympy:0.0900000000000000,0.625,safe_histgb_start2_every_sample_lambda10,326,8,7717,sympy:0.0900000000000000
True,1,True,11699,sympy:3,0.0,safe_histgb_start2_every_sample_lambda10,328,10,7318,sympy:3
True,1,True,11221,sympy:13/6,0.0,safe_histgb_start2_every_sample_lambda10,331,6,4302,sympy:13/6
True,1,True,11641,sympy:3,0.0,safe_histgb_start2_every_sample_lambda10,335,4,3012,sympy:3
True,1,True,7220,sympy:6,0.0,safe_histgb_start2_every_sample_lambda10,337,4,1514,sympy:6
True,1,True,9571,sympy:2*k,0.0,safe_histgb_start2_every_sample_lambda10,339,6,3444,sympy:2*k
True,1,True,7321,sympy:4495,0.0,safe_histgb_start2_every_sample_lambda10,348,4,1779,sympy:4495
True,1,True,3902,sympy:1,0.0,safe_histgb_start2_every_sample_lambda10,367,3,779,sympy:1
False,5,False,5002,sympy:144,0.0,safe_histgb_start2_every_sample_lambda10,369,11,3413,sympy:144
True,14,True,13804,sympy:17,0.13333333333333333,safe_histgb_start2_every_sample_lambda10,371,15,12780,sympy:17
True,1,True,6947,sympy:2*i + 1,0.0,safe_histgb_start2_every_sample_lambda10,373,4,1709,sympy:2*i + 1
True,2,True,13663,"sympy:(8, -2)",0.3333333333333333,safe_histgb_start2_every_sample_lambda10,376,6,5110,"sympy:(8, -2)"
True,1,True,7211,sympy:6,0.0,safe_histgb_start2_every_sample_lambda10,377,4,1859,sympy:6
True,1,True,9604,sympy:3,0.14285714285714285,safe_histgb_start2_every_sample_lambda10,378,7,4193,sympy:3
True,1,True,11266,"sympy:Interval(-2, 7)",0.0,safe_histgb_start2_every_sample_lambda10,383,4,2959,"sympy:Interval(-2, 7)"
True,3,True,13855,sympy:12,0.0,safe_histgb_start2_every_sample_lambda10,390,7,6088,sympy:12
True,1,True,14545,sympy:0,0.2,safe_histgb_start2_every_sample_lambda10,391,5,4496,sympy:0
True,1,True,5436,sympy:4,0.0,safe_histgb_start2_every_sample_lambda10,395,3,893,sympy:4
True,1,True,4366,sympy:9,0.0,safe_histgb_start2_every_sample_lambda10,407,3,886,sympy:9
True,10,True,15996,sympy:0.200000000000000,0.875,safe_histgb_start2_every_sample_lambda10,408,16,15996,sympy:0.200000000000000
False,16,False,15101,sympy:451,0.625,safe_histgb_start2_every_sample_lambda10,412,16,15101,sympy:451
True,1,True,8868,sympy:2*sqrt(5),0.0,safe_histgb_start2_every_sample_lambda10,418,4,2635,sympy:2*sqrt(5)
True,1,True,14487,sympy:27,0.3333333333333333,safe_histgb_start2_every_sample_lambda10,421,9,8326,sympy:27
True,11,True,9017,sympy:3*r**2,0.0625,safe_histgb_start2_every_sample_lambda10,425,16,9017,sympy:3*r**2
True,1,True,4651,sympy:4,0.0,safe_histgb_start2_every_sample_lambda10,438,3,800,sympy:4
True,1,True,11822,sympy:x**8 + x**7 + x**6 + x**5 + x**4 + x**3 + x**2 + x + 1,0.0,safe_histgb_start2_every_sample_lambda10,439,4,2726,sympy:x**8 + x**7 + x**6 + x**5 + x**4 + x**3 + x**2 + x + 1
False,2,False,12048,sympy:1/4,0.3333333333333333,safe_histgb_start2_every_sample_lambda10,444,9,7080,sympy:1/4
False,15,False,14317,sympy:8,0.5714285714285714,safe_histgb_start2_every_sample_lambda10,445,14,12700,sympy:16
True,1,True,6606,sympy:9,0.0,safe_histgb_start2_every_sample_lambda10,447,6,2115,sympy:9
True,1,True,7788,sympy:639/40,0.0,safe_histgb_start2_every_sample_lambda10,451,4,1916,sympy:639/40
True,1,True,6699,sympy:10,0.0,safe_histgb_start2_every_sample_lambda10,453,4,1909,sympy:10
False,1,False,16384,,1.0,safe_histgb_start2_every_sample_lambda10,454,16,16384,
True,1,True,15498,"sympy:{-2, 1}",0.2,safe_histgb_start2_every_sample_lambda10,456,5,4984,"sympy:{-2, 1}"
True,1,True,4579,sympy:15,0.0,safe_histgb_start2_every_sample_lambda10,467,4,1294,sympy:15
False,1,False,9964,sympy:0,0.0,safe_histgb_start2_every_sample_lambda10,478,4,2949,sympy:0
True,1,True,8814,sympy:15,0.0,safe_histgb_start2_every_sample_lambda10,489,4,1918,sympy:15
True,1,True,8618,"sympy:Union(Interval.open(2, 12), Interval.open(12, 102))",0.0,safe_histgb_start2_every_sample_lambda10,495,4,2145,"sympy:Union(Interval.open(2, 12), Interval.open(12, 102))"
True,1,True,8370,sympy:5/13,0.0,safe_histgb_start2_every_sample_lambda10,496,4,1951,sympy:5/13
True,1,True,6044,sympy:2220,0.0,safe_histgb_start2_every_sample_lambda10,10,2,755,sympy:2220
True,1,True,4601,sympy:5,0.0,safe_histgb_start2_every_sample_lambda10,13,2,479,sympy:5
True,1,True,10343,sympy:3,0.0,safe_histgb_start2_every_sample_lambda10,19,2,1926,sympy:3
True,1,True,3731,sympy:9*i + 6,0.0,safe_histgb_start2_every_sample_lambda10,20,2,1192,sympy:9*i + 6
True,1,True,12700,sympy:-125,0.0,safe_histgb_start2_every_sample_lambda10,34,2,1742,sympy:-125
True,1,True,3895,sympy:2000,0.0,safe_histgb_start2_every_sample_lambda10,38,2,467,sympy:2000
True,1,True,3969,sympy:12,0.0,safe_histgb_start2_every_sample_lambda10,40,2,507,sympy:12
True,10,False,8697,sympy:5,0.0,safe_histgb_start2_every_sample_lambda10,41,6,3309,sympy:17
True,1,True,13525,sympy:6,0.42857142857142855,safe_histgb_start2_every_sample_lambda10,46,7,6156,sympy:6
True,1,True,6960,sympy:5,0.0,safe_histgb_start2_every_sample_lambda10,47,2,787,sympy:5
True,1,True,4471,sympy:83,0.0,safe_histgb_start2_every_sample_lambda10,49,2,526,sympy:83
True,6,True,11954,sympy:203,0.0,safe_histgb_start2_every_sample_lambda10,50,11,7994,sympy:203
True,1,True,5608,sympy:3,0.0,safe_histgb_start2_every_sample_lambda10,55,2,808,sympy:3
True,1,True,3333,sympy:4,0.0,safe_histgb_start2_every_sample_lambda10,77,2,441,sympy:4
True,1,True,10741,"sympy:Interval.open(-2, 1)",0.0,safe_histgb_start2_every_sample_lambda10,78,2,1370,"sympy:Interval.open(-2, 1)"
True,1,True,13034,sympy:-1,0.0,safe_histgb_start2_every_sample_lambda10,84,2,1590,sympy:-1
True,1,True,5407,sympy:sqrt(5),0.0,safe_histgb_start2_every_sample_lambda10,85,2,717,sympy:sqrt(5)
True,1,True,4262,sympy:240,0.0,safe_histgb_start2_every_sample_lambda10,86,2,534,sympy:240
True,1,True,9752,sympy:33,0.0,safe_histgb_start2_every_sample_lambda10,93,2,1246,sympy:33
False,1,False,11403,sympy:36,0.0,safe_histgb_start2_every_sample_lambda10,104,2,1331,sympy:36
False,6,False,5286,sympy:15.5000000000000,0.0,safe_histgb_start2_every_sample_lambda10,105,13,4311,sympy:15.5000000000000
True,3,True,8946,sympy:13,0.0,safe_histgb_start2_every_sample_lambda10,112,5,2754,sympy:13
True,1,True,10396,sympy:-5,0.0,safe_histgb_start2_every_sample_lambda10,114,2,1333,sympy:-5
False,1,False,8457,sympy:30240,0.0,safe_histgb_start2_every_sample_lambda10,115,13,6759,sympy:30240
True,6,True,10657,sympy:-9,0.0,safe_histgb_start2_every_sample_lambda10,119,9,5712,sympy:-9
True,1,True,6037,sympy:6,0.0,safe_histgb_start2_every_sample_lambda10,121,2,674,sympy:6
True,1,True,5447,sympy:9,0.0,safe_histgb_start2_every_sample_lambda10,122,2,661,sympy:9
True,1,True,7240,sympy:4210,0.0,safe_histgb_start2_every_sample_lambda10,127,2,726,sympy:4210
True,1,True,5577,sympy:4,0.0,safe_histgb_start2_every_sample_lambda10,132,2,490,sympy:4
True,6,True,15107,sympy:64,0.8571428571428571,safe_histgb_start2_every_sample_lambda10,136,7,6875,sympy:64
False,15,False,13348,sympy:1/5,0.3125,safe_histgb_start2_every_sample_lambda10,138,16,13348,sympy:1/5
True,1,True,10692,sympy:2107,0.0,safe_histgb_start2_every_sample_lambda10,158,2,1434,sympy:2107
True,1,True,11995,sympy:17/50,0.0,safe_histgb_start2_every_sample_lambda10,162,2,1635,sympy:17/50
False,1,False,14898,sympy:20,0.625,safe_histgb_start2_every_sample_lambda10,170,8,7582,sympy:20
True,1,True,7853,sympy:350,0.0,safe_histgb_start2_every_sample_lambda10,172,2,1052,sympy:350
True,1,True,6368,sympy:6.72000000000000e-5,0.0,safe_histgb_start2_every_sample_lambda10,176,4,1385,sympy:6.72000000000000e-5
True,1,True,11243,sympy:23,0.0,safe_histgb_start2_every_sample_lambda10,183,2,1283,sympy:23
True,1,True,5981,sympy:10080,0.0,safe_histgb_start2_every_sample_lambda10,198,2,779,sympy:10080
True,1,True,7335,sympy:2/3,0.0,safe_histgb_start2_every_sample_lambda10,202,2,1033,sympy:2/3
True,1,True,15297,sympy:-2,0.0,safe_histgb_start2_every_sample_lambda10,205,2,1901,sympy:-2
True,7,True,7282,sympy:10,0.0,safe_histgb_start2_every_sample_lambda10,210,12,5343,sympy:10
True,1,True,9065,sympy:56,0.0,safe_histgb_start2_every_sample_lambda10,212,4,2098,sympy:56
True,1,True,5639,sympy:2,0.0,safe_histgb_start2_every_sample_lambda10,215,2,611,sympy:2
True,1,True,4957,"sympy:Interval.open(-1, 6)",0.0,safe_histgb_start2_every_sample_lambda10,218,2,661,"sympy:Interval.open(-1, 6)"
False,1,False,6869,sympy:2/27,0.0,safe_histgb_start2_every_sample_lambda10,220,2,657,sympy:2/27
True,1,True,5864,sympy:14,0.0,safe_histgb_start2_every_sample_lambda10,223,2,661,sympy:14
True,1,True,12696,sympy:10,0.0,safe_histgb_start2_every_sample_lambda10,231,2,1646,sympy:10
True,4,True,13333,sympy:1997/2,0.0,safe_histgb_start2_every_sample_lambda10,232,6,5205,sympy:1997/2
True,1,True,7723,sympy:-4,0.0,safe_histgb_start2_every_sample_lambda10,238,2,909,sympy:-4
False,1,False,16384,,1.0,safe_histgb_start2_every_sample_lambda10,239,16,16384,
True,1,True,4690,sympy:3,0.0,safe_histgb_start2_every_sample_lambda10,243,2,578,sympy:3
True,1,True,6343,sympy:8/21,0.0,safe_histgb_start2_every_sample_lambda10,256,2,826,sympy:8/21
True,1,True,4389,sympy:4005,0.0,safe_histgb_start2_every_sample_lambda10,265,2,435,sympy:4005
True,6,True,10164,sympy:180,0.0,safe_histgb_start2_every_sample_lambda10,267,8,5276,sympy:180
True,1,True,4697,sympy:sqrt(53),0.0,safe_histgb_start2_every_sample_lambda10,277,2,561,sympy:sqrt(53)
True,1,True,8974,sympy:36,0.0,safe_histgb_start2_every_sample_lambda10,287,2,1225,sympy:36
True,1,True,10031,sympy:16,0.0,safe_histgb_start2_every_sample_lambda10,289,2,1210,sympy:16
True,1,True,10765,sympy:103,0.0,safe_histgb_start2_every_sample_lambda10,297,2,1381,sympy:103
True,1,True,10553,sympy:9/19,0.0,safe_histgb_start2_every_sample_lambda10,305,2,1570,sympy:9/19
False,9,False,10786,sympy:3*sqrt(3),0.0,safe_histgb_start2_every_sample_lambda10,308,16,10786,sympy:3*sqrt(3)
True,1,True,5972,"sympy:Interval.open(2, 4)",0.0,safe_histgb_start2_every_sample_lambda10,314,2,769,"sympy:Interval.open(2, 4)"
True,1,True,5550,sympy:-1,0.0,safe_histgb_start2_every_sample_lambda10,322,2,719,sympy:-1
True,1,True,3596,sympy:4,0.0,safe_histgb_start2_every_sample_lambda10,329,2,417,sympy:4
True,2,True,12764,sympy:3,0.4,safe_histgb_start2_every_sample_lambda10,333,5,4404,sympy:3
True,1,True,8013,sympy:-120,0.0,safe_histgb_start2_every_sample_lambda10,334,2,1013,sympy:-120
True,1,True,4253,sympy:26000,0.0,safe_histgb_start2_every_sample_lambda10,336,2,523,sympy:26000
True,1,True,6168,sympy:1,0.0,safe_histgb_start2_every_sample_lambda10,345,2,543,sympy:1
True,1,True,6751,sympy:6*r**2 - 1*4*r - 24,0.0,safe_histgb_start2_every_sample_lambda10,347,2,733,sympy:6*r**2 - 1*4*r - 24
False,8,False,16270,sympy:44,0.5454545454545454,safe_histgb_start2_every_sample_lambda10,352,11,11215,sympy:44
True,1,True,6924,sympy:81,0.0,safe_histgb_start2_every_sample_lambda10,354,2,754,sympy:81
False,9,False,11587,sympy:120,0.1,safe_histgb_start2_every_sample_lambda10,355,10,7032,sympy:120
True,1,True,10263,"sympy:Interval.open(-sqrt(3), sqrt(3))",0.0,safe_histgb_start2_every_sample_lambda10,356,2,1482,"sympy:Interval.open(-sqrt(3), sqrt(3))"
True,1,True,6758,sympy:7/4,0.0,safe_histgb_start2_every_sample_lambda10,360,2,911,sympy:7/4
True,1,True,4305,sympy:31,0.0,safe_histgb_start2_every_sample_lambda10,368,2,503,sympy:31
True,1,True,12449,sympy:12,0.0,safe_histgb_start2_every_sample_lambda10,379,2,1443,sympy:12
False,8,True,9059,sympy:22,0.0,safe_histgb_start2_every_sample_lambda10,385,2,1559,sympy:48
False,1,False,14353,sympy:sqrt(82),0.0,safe_histgb_start2_every_sample_lambda10,392,2,1537,sympy:sqrt(82)
True,1,True,7340,sympy:3/4,0.0,safe_histgb_start2_every_sample_lambda10,393,2,961,sympy:3/4
True,6,True,14544,sympy:-3/8,0.375,safe_histgb_start2_every_sample_lambda10,394,8,7090,sympy:-3/8
True,1,True,6101,sympy:23,0.0,safe_histgb_start2_every_sample_lambda10,397,2,878,sympy:23
True,1,True,7436,sympy:-1*12*i + 1,0.0,safe_histgb_start2_every_sample_lambda10,402,2,860,sympy:-1*12*i + 1
True,1,True,5207,sympy:3,0.0,safe_histgb_start2_every_sample_lambda10,404,2,651,sympy:3
True,1,True,6351,sympy:6,0.0,safe_histgb_start2_every_sample_lambda10,410,2,849,sympy:6
True,1,True,12375,sympy:9,0.0,safe_histgb_start2_every_sample_lambda10,415,2,1402,sympy:9
True,1,True,10426,sympy:1/8,0.0,safe_histgb_start2_every_sample_lambda10,416,2,1075,sympy:1/8
True,1,True,4793,sympy:-2,0.0,safe_histgb_start2_every_sample_lambda10,417,2,538,sympy:-2
True,1,True,8077,sympy:6*sqrt(2),0.0,safe_histgb_start2_every_sample_lambda10,426,2,1038,sympy:6*sqrt(2)
True,1,True,13390,sympy:64,0.0,safe_histgb_start2_every_sample_lambda10,428,4,3278,sympy:64
False,13,False,12782,"sympy:Interval(pi**2/8, pi**2/4)",0.0,safe_histgb_start2_every_sample_lambda10,431,7,5484,"sympy:Interval(pi**2/8, pi**2/4)"
False,1,False,16260,sympy:0,0.75,safe_histgb_start2_every_sample_lambda10,432,12,12164,sympy:0
True,1,True,8914,"sympy:Union(Interval.open(-oo, 2), Interval.open(3, oo))",0.0,safe_histgb_start2_every_sample_lambda10,435,2,1116,"sympy:Union(Interval.open(-oo, 2), Interval.open(3, oo))"
True,1,True,7099,sympy:14,0.0,safe_histgb_start2_every_sample_lambda10,440,2,873,sympy:14
True,1,True,4187,sympy:256,0.0,safe_histgb_start2_every_sample_lambda10,442,2,527,sympy:256
True,1,True,12471,sympy:41,0.3333333333333333,safe_histgb_start2_every_sample_lambda10,458,3,2578,sympy:41
True,1,True,9020,sympy:12,0.0,safe_histgb_start2_every_sample_lambda10,461,2,1137,sympy:12
True,1,True,12829,sympy:9,0.0,safe_histgb_start2_every_sample_lambda10,464,2,1645,sympy:9
True,1,True,3983,sympy:8,0.0,safe_histgb_start2_every_sample_lambda10,468,2,497,sympy:8
True,1,True,11294,sympy:2,0.0,safe_histgb_start2_every_sample_lambda10,477,6,4668,sympy:2
True,1,True,10384,sympy:20,0.0,safe_histgb_start2_every_sample_lambda10,493,2,1207,sympy:20
True,1,True,5023,sympy:106,0.0,safe_histgb_start2_every_sample_lambda10,499,2,549,sympy:106
True,1,True,7912,sympy:14/3,0.0,safe_histgb_start2_every_sample_lambda10,2,2,1038,sympy:14/3
True,1,True,4326,sympy:42,0.0,safe_histgb_start2_every_sample_lambda10,5,2,539,sympy:42
True,1,True,7256,sympy:27,0.0,safe_histgb_start2_every_sample_lambda10,6,2,814,sympy:27
True,5,True,11169,sympy:90,0.0,safe_histgb_start2_every_sample_lambda10,7,8,5562,sympy:90
True,1,True,12247,sympy:5,0.0,safe_histgb_start2_every_sample_lambda10,22,2,1239,sympy:5
True,1,True,9983,sympy:5,0.0,safe_histgb_start2_every_sample_lambda10,23,2,1100,sympy:5
True,1,True,7484,sympy:225,0.0,safe_histgb_start2_every_sample_lambda10,29,2,814,sympy:225
True,1,True,6398,sympy:720,0.0,safe_histgb_start2_every_sample_lambda10,32,2,682,sympy:720
True,1,True,9113,sympy:23,0.0,safe_histgb_start2_every_sample_lambda10,39,2,995,sympy:23
False,3,False,11238,sympy:20*sqrt(5) + 10*sqrt(34),0.0,safe_histgb_start2_every_sample_lambda10,43,7,4820,sympy:20*sqrt(5) + 10*sqrt(34)
True,1,True,8889,sympy:16,0.0,safe_histgb_start2_every_sample_lambda10,57,2,1256,sympy:16
True,1,True,4159,sympy:9901,0.0,safe_histgb_start2_every_sample_lambda10,58,2,582,sympy:9901
True,1,True,5777,sympy:(3*sqrt(3))/4,0.0,safe_histgb_start2_every_sample_lambda10,73,2,1295,sympy:(3*sqrt(3))/4
True,1,True,8083,sympy:11/36,0.0,safe_histgb_start2_every_sample_lambda10,75,2,1368,sympy:11/36
True,1,True,4361,sympy:2,0.0,safe_histgb_start2_every_sample_lambda10,79,2,509,sympy:2
True,1,True,6490,sympy:2,0.0,safe_histgb_start2_every_sample_lambda10,83,2,813,sympy:2
True,1,True,10302,sympy:1,0.0,safe_histgb_start2_every_sample_lambda10,87,2,1313,sympy:1
True,3,True,11987,sympy:21,0.0,safe_histgb_start2_every_sample_lambda10,89,6,4432,sympy:21
True,1,True,11457,sympy:448/15625,0.0,safe_histgb_start2_every_sample_lambda10,92,2,1338,sympy:448/15625
False,2,False,14886,"parsed:Matrix([[-1/3], [f*r*a*c*5], [f*r*a*c*8]])",0.4,safe_histgb_start2_every_sample_lambda10,99,5,4781,"parsed:Matrix([[-1/3], [f*r*a*c*5], [f*r*a*c*8]])"
True,1,True,5266,sympy:4/3,0.0,safe_histgb_start2_every_sample_lambda10,106,2,633,sympy:4/3
False,4,False,16262,sympy:3,0.7142857142857143,safe_histgb_start2_every_sample_lambda10,110,7,7046,sympy:3
True,1,True,6363,sympy:8000,0.0,safe_histgb_start2_every_sample_lambda10,113,2,534,sympy:8000
True,1,True,12452,sympy:1,0.0,safe_histgb_start2_every_sample_lambda10,139,3,2195,sympy:1
True,1,True,5783,sympy:sqrt(3)/3,0.0,safe_histgb_start2_every_sample_lambda10,146,2,618,sympy:sqrt(3)/3
False,9,False,14700,sympy:12,0.3125,safe_histgb_start2_every_sample_lambda10,147,16,14700,sympy:12
True,1,True,6375,sympy:1/4,0.0,safe_histgb_start2_every_sample_lambda10,155,2,828,sympy:1/4
False,1,False,14206,sympy:90,0.25,safe_histgb_start2_every_sample_lambda10,156,8,6940,sympy:90
True,1,True,7055,sympy:18,0.0,safe_histgb_start2_every_sample_lambda10,160,2,844,sympy:18
False,10,False,12749,sympy:sqrt(3),0.0,safe_histgb_start2_every_sample_lambda10,164,2,1238,sympy:sqrt(3)
True,1,True,5420,sympy:12,0.0,safe_histgb_start2_every_sample_lambda10,169,2,589,sympy:12
True,1,True,7155,sympy:2,0.0,safe_histgb_start2_every_sample_lambda10,174,2,907,sympy:2
True,1,True,13204,sympy:3,0.0,safe_histgb_start2_every_sample_lambda10,175,3,2391,sympy:3
False,4,False,12713,"sympy:Interval(3, oo)",0.0,safe_histgb_start2_every_sample_lambda10,184,13,10267,"sympy:Interval(3, oo)"
True,1,True,3760,sympy:1,0.0,safe_histgb_start2_every_sample_lambda10,185,2,450,sympy:1
True,1,True,9426,sympy:7,0.0,safe_histgb_start2_every_sample_lambda10,186,3,2356,sympy:7
True,1,True,8308,sympy:7,0.0,safe_histgb_start2_every_sample_lambda10,187,3,1907,sympy:7
False,16,True,16039,sympy:160,0.4166666666666667,safe_histgb_start2_every_sample_lambda10,189,12,11943,sympy:20
True,1,True,5658,sympy:4,0.0,safe_histgb_start2_every_sample_lambda10,193,2,719,sympy:4
True,1,True,5219,sympy:17,0.0,safe_histgb_start2_every_sample_lambda10,199,2,635,sympy:17
True,1,True,8828,sympy:12,0.0,safe_histgb_start2_every_sample_lambda10,203,2,1122,sympy:12
False,11,False,13264,sympy:16,0.0,safe_histgb_start2_every_sample_lambda10,204,8,6775,sympy:256
False,1,False,7114,sympy:11111111100,0.0,safe_histgb_start2_every_sample_lambda10,217,2,856,sympy:11111111100
True,1,True,12338,sympy:16/5,0.0,safe_histgb_start2_every_sample_lambda10,230,3,2684,sympy:16/5
False,5,True,7457,sympy:34,0.0,safe_histgb_start2_every_sample_lambda10,234,2,651,sympy:49
True,1,True,9576,sympy:5/9,0.0,safe_histgb_start2_every_sample_lambda10,235,2,1208,sympy:5/9
True,1,True,4165,sympy:8,0.0,safe_histgb_start2_every_sample_lambda10,246,2,578,sympy:8
False,1,False,16384,,1.0,safe_histgb_start2_every_sample_lambda10,248,16,16384,
True,1,True,6009,sympy:e,0.0,safe_histgb_start2_every_sample_lambda10,255,2,711,sympy:e
True,1,True,4748,sympy:22,0.0,safe_histgb_start2_every_sample_lambda10,259,2,548,sympy:22
True,1,True,7821,sympy:6,0.0,safe_histgb_start2_every_sample_lambda10,269,2,1385,sympy:6
True,1,True,5818,sympy:8,0.0,safe_histgb_start2_every_sample_lambda10,280,2,811,sympy:8
False,1,False,16077,sympy:1260,0.8888888888888888,safe_histgb_start2_every_sample_lambda10,292,9,8975,sympy:1260
True,3,True,13066,sympy:58,0.0,safe_histgb_start2_every_sample_lambda10,294,6,4372,sympy:58
True,1,True,4827,sympy:12,0.0,safe_histgb_start2_every_sample_lambda10,300,2,535,sympy:12
False,1,False,7534,sympy:5.50000000000000,0.0,safe_histgb_start2_every_sample_lambda10,301,2,940,sympy:5.50000000000000
False,14,True,13081,sympy:5,0.1,safe_histgb_start2_every_sample_lambda10,302,10,7048,sympy:4
True,1,True,13670,sympy:9,0.25,safe_histgb_start2_every_sample_lambda10,304,4,3692,sympy:9
True,1,True,8577,"sympy:Interval(-oo, 0)",0.0,safe_histgb_start2_every_sample_lambda10,307,2,1041,"sympy:Interval(-oo, 0)"
False,12,False,8953,sympy:15,0.0,safe_histgb_start2_every_sample_lambda10,309,16,8953,sympy:15
True,1,True,10845,sympy:3,0.0,safe_histgb_start2_every_sample_lambda10,311,3,2338,sympy:3
False,1,False,10137,sympy:2,0.0,safe_histgb_start2_every_sample_lambda10,317,2,1100,sympy:2
True,1,True,10623,sympy:(9*a + 11)/20,0.0,safe_histgb_start2_every_sample_lambda10,318,2,957,sympy:(9*a + 11)/20
True,1,True,5305,sympy:-128,0.0,safe_histgb_start2_every_sample_lambda10,319,2,661,sympy:-128
True,1,True,5171,sympy:10,0.0,safe_histgb_start2_every_sample_lambda10,321,2,640,sympy:10
False,1,False,16049,sympy:10,0.6923076923076923,safe_histgb_start2_every_sample_lambda10,327,13,12977,sympy:10
True,1,True,6903,sympy:-2,0.0,safe_histgb_start2_every_sample_lambda10,341,2,710,sympy:-2
True,1,True,6571,sympy:5,0.0,safe_histgb_start2_every_sample_lambda10,344,2,818,sympy:5
False,13,True,7239,sympy:4,0.0,safe_histgb_start2_every_sample_lambda10,357,10,4562,sympy:2
True,1,True,11510,sympy:16*sqrt(3),0.0,safe_histgb_start2_every_sample_lambda10,361,2,1352,sympy:16*sqrt(3)
True,1,True,4641,sympy:2,0.0,safe_histgb_start2_every_sample_lambda10,363,2,616,sympy:2
True,1,True,5644,sympy:-41,0.0,safe_histgb_start2_every_sample_lambda10,370,2,808,sympy:-41
False,12,False,9493,sympy:70,0.0,safe_histgb_start2_every_sample_lambda10,372,16,9493,sympy:70
True,1,True,8445,sympy:25,0.0,safe_histgb_start2_every_sample_lambda10,375,2,970,sympy:25
False,7,True,12623,"sympy:Union(Interval.open(0, 9), Interval.open(9, 36))",0.0,safe_histgb_start2_every_sample_lambda10,380,2,1277,"sympy:Interval.open(0, 36)"
True,1,True,2804,sympy:15*x - 80,0.0,safe_histgb_start2_every_sample_lambda10,384,2,370,sympy:15*x - 80
True,1,True,4587,sympy:326.500000000000,0.0,safe_histgb_start2_every_sample_lambda10,399,2,608,sympy:326.500000000000
True,1,True,2762,sympy:60,0.0,safe_histgb_start2_every_sample_lambda10,411,2,285,sympy:60
True,1,True,5320,sympy:5*r**5,0.0,safe_histgb_start2_every_sample_lambda10,413,2,670,sympy:5*r**5
False,4,False,15617,sympy:-30,0.7333333333333333,safe_histgb_start2_every_sample_lambda10,419,15,14593,sympy:-30
True,1,True,8746,sympy:0.356250000000000,0.0,safe_histgb_start2_every_sample_lambda10,433,2,1164,sympy:0.356250000000000
True,1,True,9106,sympy:32,0.0,safe_histgb_start2_every_sample_lambda10,434,2,1168,sympy:32
True,1,True,15820,sympy:4,0.6666666666666666,safe_histgb_start2_every_sample_lambda10,436,9,8926,sympy:4
True,1,True,6812,sympy:143,0.0,safe_histgb_start2_every_sample_lambda10,452,2,867,sympy:143
True,1,True,12672,sympy:18.9000000000000,0.25,safe_histgb_start2_every_sample_lambda10,459,4,3344,sympy:18.9000000000000
True,12,False,7361,sympy:105,0.0,safe_histgb_start2_every_sample_lambda10,460,8,3717,sympy:75
True,1,True,8162,sympy:59,0.0,safe_histgb_start2_every_sample_lambda10,462,2,766,sympy:59
True,1,True,5063,sympy:2,0.0,safe_histgb_start2_every_sample_lambda10,463,2,637,sympy:2
False,10,False,12492,sympy:(64*pi)/9,0.0,safe_histgb_start2_every_sample_lambda10,466,16,12492,sympy:(64*pi)/9
True,1,True,4435,sympy:84,0.0,safe_histgb_start2_every_sample_lambda10,471,2,654,sympy:84
True,1,True,6498,sympy:275/2,0.0,safe_histgb_start2_every_sample_lambda10,472,2,878,sympy:275/2
False,9,False,16176,sympy:55,0.875,safe_histgb_start2_every_sample_lambda10,475,16,16176,sympy:55
True,1,True,6274,sympy:2,0.0,safe_histgb_start2_every_sample_lambda10,479,2,833,sympy:2
True,11,True,10375,sympy:202,0.07142857142857142,safe_histgb_start2_every_sample_lambda10,482,14,8648,sympy:202
True,14,True,16323,sympy:8/15,0.9375,safe_histgb_start2_every_sample_lambda10,483,16,16323,sympy:8/15
True,1,True,14379,sympy:10,0.0,safe_histgb_start2_every_sample_lambda10,484,3,2616,sympy:10
False,1,False,12659,sympy:0,0.125,safe_histgb_start2_every_sample_lambda10,490,8,5605,sympy:0
True,1,True,9512,"sympy:Eq(y, -1*2*x)",0.0,safe_histgb_start2_every_sample_lambda10,492,2,1085,"sympy:Eq(y, -1*2*x)"
False,11,False,12573,sympy:1,0.2857142857142857,safe_histgb_start2_every_sample_lambda10,494,14,10964,sympy:1
False,7,False,9097,sympy:2,0.0,safe_histgb_start2_every_sample_lambda10,497,12,6638,sympy:2
False,16,False,7761,sympy:56,0.0,safe_histgb_start2_every_sample_lambda10,18,11,5321,sympy:56
True,1,True,8919,sympy:10,0.0,safe_histgb_start2_every_sample_lambda10,24,11,5736,sympy:10
False,7,False,14561,"sympy:{0, 1}",0.4375,safe_histgb_start2_every_sample_lambda10,25,16,14561,"sympy:{0, 1}"
False,1,False,11174,sympy:576,0.0,safe_histgb_start2_every_sample_lambda10,26,16,11174,sympy:576
True,1,True,6528,sympy:78,0.0,safe_histgb_start2_every_sample_lambda10,27,3,1029,sympy:78
True,1,True,6655,sympy:3,0.0,safe_histgb_start2_every_sample_lambda10,35,3,1195,sympy:3
True,3,True,12476,"sympy:{3, 5, 7}",0.0,safe_histgb_start2_every_sample_lambda10,36,7,5415,"sympy:{3, 5, 7}"
True,1,True,3770,sympy:72,0.0,safe_histgb_start2_every_sample_lambda10,37,3,617,sympy:72
True,1,True,7763,sympy:1.25000000000000,0.0,safe_histgb_start2_every_sample_lambda10,44,3,1507,sympy:1.25000000000000
True,1,True,5920,sympy:-1*pi/6,0.0,safe_histgb_start2_every_sample_lambda10,53,3,1083,sympy:-1*pi/6
True,1,True,4796,sympy:0.150000000000000,0.0,safe_histgb_start2_every_sample_lambda10,54,3,865,sympy:0.150000000000000
True,1,True,3463,sympy:11,0.0,safe_histgb_start2_every_sample_lambda10,56,3,597,sympy:11
True,7,True,13342,sympy:35/64,0.4375,safe_histgb_start2_every_sample_lambda10,64,16,13342,sympy:35/64
True,1,True,3288,sympy:1,0.0,safe_histgb_start2_every_sample_lambda10,65,3,611,sympy:1
True,1,True,12048,sympy:46,0.2857142857142857,safe_histgb_start2_every_sample_lambda10,68,7,5163,sympy:46
True,1,True,7901,sympy:40,0.0,safe_histgb_start2_every_sample_lambda10,70,3,1404,sympy:40
True,1,True,6664,sympy:3,0.0,safe_histgb_start2_every_sample_lambda10,81,3,981,sympy:3
True,7,True,7856,sympy:3/2,0.0,safe_histgb_start2_every_sample_lambda10,82,13,6358,sympy:3/2
True,1,True,11916,sympy:-4,0.0,safe_histgb_start2_every_sample_lambda10,95,3,2247,sympy:-4
True,1,True,6146,sympy:2*k + 2,0.0,safe_histgb_start2_every_sample_lambda10,98,3,703,sympy:2*k + 2
False,1,False,16083,sympy:1,0.8125,safe_histgb_start2_every_sample_lambda10,101,16,16083,sympy:1
True,1,True,13195,sympy:2,0.0,safe_histgb_start2_every_sample_lambda10,108,6,4624,sympy:2
True,1,True,5288,sympy:2,0.0,safe_histgb_start2_every_sample_lambda10,116,3,1041,sympy:2
False,1,False,8515,sympy:dd*o,0.0,safe_histgb_start2_every_sample_lambda10,120,5,2536,sympy:dd*o
True,1,True,11783,sympy:11/2,0.0,safe_histgb_start2_every_sample_lambda10,124,3,2228,sympy:11/2
True,1,True,6630,sympy:-3,0.0,safe_histgb_start2_every_sample_lambda10,125,3,1024,sympy:-3
False,1,False,15083,sympy:2*i + 1,0.5,safe_histgb_start2_every_sample_lambda10,126,16,15083,sympy:2*i + 1
True,1,True,6871,sympy:13,0.0,safe_histgb_start2_every_sample_lambda10,130,3,1267,sympy:13
True,1,True,8989,sympy:8,0.0,safe_histgb_start2_every_sample_lambda10,131,3,1539,sympy:8
True,1,True,10206,sympy:16,0.0,safe_histgb_start2_every_sample_lambda10,134,3,1829,sympy:16
True,1,True,7509,sympy:204,0.0,safe_histgb_start2_every_sample_lambda10,137,3,1522,sympy:204
True,1,True,8003,sympy:13,0.0,safe_histgb_start2_every_sample_lambda10,140,3,1560,sympy:13
True,1,True,4176,"sympy:(15, -29)",0.0,safe_histgb_start2_every_sample_lambda10,144,3,813,"sympy:(15, -29)"
False,13,False,11470,sympy:16,0.125,safe_histgb_start2_every_sample_lambda10,152,16,11470,sympy:16
True,1,True,7534,sympy:2/21,0.0,safe_histgb_start2_every_sample_lambda10,153,3,1291,sympy:2/21
True,1,True,5705,sympy:6/5,0.0,safe_histgb_start2_every_sample_lambda10,157,3,1024,sympy:6/5
True,1,True,8012,sympy:3.21000000000000,0.0,safe_histgb_start2_every_sample_lambda10,159,3,1282,sympy:3.21000000000000
True,6,True,9906,sympy:270/7,0.0,safe_histgb_start2_every_sample_lambda10,166,8,5150,sympy:270/7
False,1,False,12664,sympy:12,0.25,safe_histgb_start2_every_sample_lambda10,168,4,2823,sympy:12
True,1,True,6758,sympy:13/15,0.0,safe_histgb_start2_every_sample_lambda10,171,3,1145,sympy:13/15
False,12,True,6042,sympy:3,0.0,safe_histgb_start2_every_sample_lambda10,180,7,3015,sympy:2
True,1,True,3970,sympy:1251,0.0,safe_histgb_start2_every_sample_lambda10,182,3,754,sympy:1251
True,1,True,7366,sympy:30,0.0,safe_histgb_start2_every_sample_lambda10,192,3,1254,sympy:30
True,1,True,12958,sympy:1/4,0.0,safe_histgb_start2_every_sample_lambda10,194,3,2321,sympy:1/4
True,1,True,11402,sympy:6,0.0,safe_histgb_start2_every_sample_lambda10,197,5,3900,sympy:6
True,1,True,10879,sympy:66,0.0,safe_histgb_start2_every_sample_lambda10,201,3,2321,sympy:66
True,1,True,7094,"sympy:(3/2, -13)",0.0,safe_histgb_start2_every_sample_lambda10,206,3,1299,"sympy:(3/2, -13)"
True,1,True,5808,sympy:28,0.0,safe_histgb_start2_every_sample_lambda10,207,3,873,sympy:28
True,1,True,3878,sympy:90,0.0,safe_histgb_start2_every_sample_lambda10,229,3,715,sympy:90
True,1,True,9574,sympy:22,0.0,safe_histgb_start2_every_sample_lambda10,237,3,2423,sympy:22
True,1,True,12784,sympy:17,0.0,safe_histgb_start2_every_sample_lambda10,241,3,2453,sympy:17
False,3,False,8088,sympy:32349,0.0,safe_histgb_start2_every_sample_lambda10,242,6,3020,sympy:32349
False,4,False,13699,sympy:11,0.1875,safe_histgb_start2_every_sample_lambda10,249,16,13699,sympy:11
True,1,True,6081,sympy:15,0.0,safe_histgb_start2_every_sample_lambda10,263,3,1080,sympy:15
True,1,True,4127,sympy:1,0.0,safe_histgb_start2_every_sample_lambda10,268,3,795,sympy:1
True,1,True,5722,sympy:10,0.0,safe_histgb_start2_every_sample_lambda10,270,3,1024,sympy:10
True,1,True,8217,sympy:333,0.0,safe_histgb_start2_every_sample_lambda10,271,3,1484,sympy:333
True,9,True,11355,sympy:1030,0.0,safe_histgb_start2_every_sample_lambda10,272,3,2265,sympy:1030
False,8,False,5600,sympy:36,0.0,safe_histgb_start2_every_sample_lambda10,274,11,3936,sympy:36
True,1,True,4512,sympy:7,0.0,safe_histgb_start2_every_sample_lambda10,275,3,833,sympy:7
True,1,True,7891,sympy:11,0.0,safe_histgb_start2_every_sample_lambda10,276,9,4954,sympy:11
True,6,True,9383,sympy:36,0.0,safe_histgb_start2_every_sample_lambda10,281,10,6450,sympy:36
False,1,False,5509,sympy:497,0.0,safe_histgb_start2_every_sample_lambda10,282,3,966,sympy:497
True,1,True,6977,sympy:1,0.0,safe_histgb_start2_every_sample_lambda10,283,3,1606,sympy:1
False,2,False,13758,sympy:1/2,0.375,safe_histgb_start2_every_sample_lambda10,286,16,13758,sympy:1/2
False,1,False,15299,sympy:sqrt(89),0.5625,safe_histgb_start2_every_sample_lambda10,288,16,15299,sympy:sqrt(89)
False,1,False,12612,sympy:c,0.25,safe_histgb_start2_every_sample_lambda10,296,4,3680,sympy:c
True,1,True,8261,"sympy:Interval.open(5, oo)",0.0,safe_histgb_start2_every_sample_lambda10,312,3,1326,"sympy:Interval.open(5, oo)"
True,1,True,7006,sympy:12*pi,0.0,safe_histgb_start2_every_sample_lambda10,313,3,1182,sympy:12*pi
True,1,True,8754,sympy:-24/25,0.0,safe_histgb_start2_every_sample_lambda10,320,5,2486,sympy:-24/25
True,12,True,10724,sympy:2,0.0625,safe_histgb_start2_every_sample_lambda10,332,16,10724,sympy:2
False,1,False,16384,,1.0,safe_histgb_start2_every_sample_lambda10,340,16,16384,
True,1,True,5717,sympy:2,0.0,safe_histgb_start2_every_sample_lambda10,342,3,1091,sympy:2
True,1,True,5929,sympy:58500,0.0,safe_histgb_start2_every_sample_lambda10,343,3,1128,sympy:58500
True,1,True,7229,sympy:66,0.0,safe_histgb_start2_every_sample_lambda10,346,3,1560,sympy:66
False,1,False,9558,sympy:-1/16,0.0,safe_histgb_start2_every_sample_lambda10,351,3,1941,sympy:-1/16
True,1,True,14038,sympy:6,0.16666666666666666,safe_histgb_start2_every_sample_lambda10,359,6,5151,sympy:6
True,1,True,3091,sympy:1/4,0.0,safe_histgb_start2_every_sample_lambda10,362,3,540,sympy:1/4
False,1,False,14815,sympy:1/18,0.125,safe_histgb_start2_every_sample_lambda10,381,16,14815,sympy:1/18
True,1,True,5750,sympy:11,0.0,safe_histgb_start2_every_sample_lambda10,386,3,1026,sympy:11
True,1,True,5055,sympy:18,0.0,safe_histgb_start2_every_sample_lambda10,387,3,1045,sympy:18
True,11,True,8565,sympy:11/2,0.0,safe_histgb_start2_every_sample_lambda10,388,13,7376,sympy:11/2
False,5,False,13788,sympy:39.6800000000000,0.0,safe_histgb_start2_every_sample_lambda10,398,9,7417,sympy:39.6800000000000
True,9,True,10193,sympy:14/3,0.0,safe_histgb_start2_every_sample_lambda10,400,13,8532,sympy:14/3
False,6,False,15335,sympy:3,0.6923076923076923,safe_histgb_start2_every_sample_lambda10,401,13,12376,sympy:3
False,1,False,9786,sympy:1,0.0,safe_histgb_start2_every_sample_lambda10,403,3,2211,sympy:1
True,1,True,4479,sympy:0,0.0,safe_histgb_start2_every_sample_lambda10,406,3,777,sympy:0
False,7,False,16332,"sympy:{-2, 1}",0.9375,safe_histgb_start2_every_sample_lambda10,422,16,16332,"sympy:{-2, 1}"
True,1,True,6020,sympy:29,0.0,safe_histgb_start2_every_sample_lambda10,427,3,1160,sympy:29
True,1,True,9469,sympy:50,0.0,safe_histgb_start2_every_sample_lambda10,429,5,3035,sympy:50
True,1,True,3825,sympy:4.50000000000000,0.0,safe_histgb_start2_every_sample_lambda10,430,3,697,sympy:4.50000000000000
True,1,True,5827,sympy:550,0.0,safe_histgb_start2_every_sample_lambda10,441,3,1048,sympy:550
True,1,True,10475,sympy:8,0.0,safe_histgb_start2_every_sample_lambda10,446,3,2246,sympy:8
True,1,True,10239,sympy:44,0.0,safe_histgb_start2_every_sample_lambda10,448,3,1837,sympy:44
True,1,True,5194,sympy:47,0.0,safe_histgb_start2_every_sample_lambda10,449,3,1546,sympy:47
True,1,True,2738,sympy:0,0.0,safe_histgb_start2_every_sample_lambda10,457,3,524,sympy:0
True,1,True,7757,sympy:121,0.0,safe_histgb_start2_every_sample_lambda10,465,3,1553,sympy:121
False,16,True,13628,sympy:7,0.0,safe_histgb_start2_every_sample_lambda10,473,5,4417,sympy:4
True,1,True,5532,sympy:2,0.0,safe_histgb_start2_every_sample_lambda10,487,3,1025,sympy:2
False,12,False,5092,sympy:24,0.0,safe_histgb_start2_every_sample_lambda10,491,16,5092,sympy:24
True,1,True,4955,"sympy:(3, pi/2)",0.0,safe_histgb_start2_every_sample_lambda10,0,2,635,"sympy:(3, pi/2)"
True,1,True,9629,sympy:p - q,0.0,safe_histgb_start2_every_sample_lambda10,1,2,1087,sympy:p - q
True,1,True,7703,sympy:9,0.0,safe_histgb_start2_every_sample_lambda10,3,2,919,sympy:9
True,1,True,9542,sympy:284,0.0,safe_histgb_start2_every_sample_lambda10,12,2,1010,sympy:284
False,1,False,4200,sympy:10,0.0,safe_histgb_start2_every_sample_lambda10,14,5,1448,sympy:10
True,1,True,10480,sympy:-1*5*i + 6,0.0,safe_histgb_start2_every_sample_lambda10,15,2,1326,sympy:-1*5*i + 6
False,14,False,11137,sympy:pi/2,0.0,safe_histgb_start2_every_sample_lambda10,17,11,7339,sympy:pi/2
True,1,True,5538,sympy:52,0.0,safe_histgb_start2_every_sample_lambda10,30,2,654,sympy:52
True,1,True,7286,sympy:11*sqrt(2),0.0,safe_histgb_start2_every_sample_lambda10,31,2,1140,sympy:11*sqrt(2)
True,1,True,12186,sympy:x**5 - x**4 + x**3 - x**2 + x - 1,0.0,safe_histgb_start2_every_sample_lambda10,51,2,1357,sympy:x**5 - x**4 + x**3 - x**2 + x - 1
True,1,True,4963,sympy:12,0.0,safe_histgb_start2_every_sample_lambda10,52,2,567,sympy:12
True,1,True,7100,sympy:5,0.0,safe_histgb_start2_every_sample_lambda10,59,2,845,sympy:5
False,8,False,16007,"sympy:(-3, 3, -1)",0.5625,safe_histgb_start2_every_sample_lambda10,60,16,16007,"sympy:(-3, 3, -1)"
True,1,True,5913,sympy:-256,0.0,safe_histgb_start2_every_sample_lambda10,61,2,742,sympy:-256
True,1,True,6374,sympy:x**3 + 3*x - 6,0.0,safe_histgb_start2_every_sample_lambda10,66,2,775,sympy:x**3 + 3*x - 6
True,1,True,6862,sympy:-1,0.0,safe_histgb_start2_every_sample_lambda10,69,2,781,sympy:-1
True,4,True,6340,sympy:2516,0.0,safe_histgb_start2_every_sample_lambda10,71,7,2754,sympy:2516
True,1,True,6153,sympy:1,0.0,safe_histgb_start2_every_sample_lambda10,91,2,601,sympy:1
False,2,False,12589,sympy:70,0.3333333333333333,safe_histgb_start2_every_sample_lambda10,94,3,2243,sympy:70
False,13,False,15546,sympy:2,0.7272727272727273,safe_histgb_start2_every_sample_lambda10,96,11,10843,"sympy:{-1, 7}"
True,1,True,5326,sympy:E*a*s*t,0.0,safe_histgb_start2_every_sample_lambda10,97,2,1325,sympy:E*a*s*t
False,8,False,10169,sympy:155,0.15384615384615385,safe_histgb_start2_every_sample_lambda10,100,13,8166,sympy:155
True,1,True,9630,sympy:210,0.0,safe_histgb_start2_every_sample_lambda10,111,2,1039,sympy:210
False,7,False,14970,sympy:6,0.3,safe_histgb_start2_every_sample_lambda10,123,10,9376,sympy:6
True,11,True,11188,sympy:3840/289,0.0,safe_histgb_start2_every_sample_lambda10,129,8,5664,sympy:3840/289
True,1,True,6408,sympy:120,0.0,safe_histgb_start2_every_sample_lambda10,133,2,734,sympy:120
True,1,True,7121,sympy:9,0.0,safe_histgb_start2_every_sample_lambda10,135,2,728,sympy:9
True,16,True,7128,sympy:28800,0.0,safe_histgb_start2_every_sample_lambda10,142,4,1792,sympy:28800
True,15,True,11119,sympy:-2,0.0,safe_histgb_start2_every_sample_lambda10,145,11,7424,sympy:-2
True,1,True,9714,sympy:144,0.0,safe_histgb_start2_every_sample_lambda10,151,2,991,sympy:144
False,8,False,9394,sympy:2*sqrt(34),0.0,safe_histgb_start2_every_sample_lambda10,154,9,5109,sympy:2*sqrt(34)
True,1,True,4522,sympy:6,0.0,safe_histgb_start2_every_sample_lambda10,161,2,1175,sympy:6
True,1,True,8203,sympy:-35/9,0.0,safe_histgb_start2_every_sample_lambda10,163,2,999,sympy:-35/9
True,1,True,5194,sympy:4/9,0.0,safe_histgb_start2_every_sample_lambda10,165,2,628,sympy:4/9
True,1,True,4172,sympy:60,0.0,safe_histgb_start2_every_sample_lambda10,178,2,383,sympy:60
True,1,True,16113,sympy:6,0.0,safe_histgb_start2_every_sample_lambda10,188,2,1952,sympy:6
True,16,False,5942,sympy:25/36,0.0,safe_histgb_start2_every_sample_lambda10,190,4,1661,sympy:13/18
True,1,True,4350,sympy:0,0.0,safe_histgb_start2_every_sample_lambda10,191,2,501,sympy:0
True,1,True,4684,sympy:1600,0.0,safe_histgb_start2_every_sample_lambda10,196,2,681,sympy:1600
True,1,True,6226,sympy:40,0.0,safe_histgb_start2_every_sample_lambda10,200,2,999,sympy:40
True,1,True,6297,sympy:1,0.0,safe_histgb_start2_every_sample_lambda10,208,2,826,sympy:1
False,1,False,12138,sympy:1,0.3333333333333333,safe_histgb_start2_every_sample_lambda10,213,3,2562,sympy:1
False,14,False,9381,sympy:100,0.08333333333333333,safe_histgb_start2_every_sample_lambda10,214,12,7012,sympy:65
True,1,True,6964,sympy:6,0.0,safe_histgb_start2_every_sample_lambda10,216,2,913,sympy:6
True,1,True,9562,sympy:1/2,0.0,safe_histgb_start2_every_sample_lambda10,219,14,8543,sympy:1/2
False,1,False,12914,sympy:1/16,0.3333333333333333,safe_histgb_start2_every_sample_lambda10,224,3,2716,sympy:1/16
True,1,True,4035,sympy:3,0.0,safe_histgb_start2_every_sample_lambda10,226,2,582,sympy:3
True,1,True,7456,sympy:30,0.0,safe_histgb_start2_every_sample_lambda10,233,2,972,sympy:30
False,6,False,6794,sympy:52,0.0,safe_histgb_start2_every_sample_lambda10,240,9,3873,sympy:52
True,1,True,13527,sympy:8,0.0,safe_histgb_start2_every_sample_lambda10,244,2,1518,sympy:8
False,11,False,14984,sympy:-1*10*x,0.125,safe_histgb_start2_every_sample_lambda10,245,16,14984,sympy:-1*10*x
True,1,True,8419,sympy:10/11,0.0,safe_histgb_start2_every_sample_lambda10,247,2,1030,sympy:10/11
True,1,True,9915,sympy:13,0.0,safe_histgb_start2_every_sample_lambda10,250,2,1237,sympy:13
True,1,True,8556,sympy:81,0.0,safe_histgb_start2_every_sample_lambda10,252,2,1166,sympy:81
True,1,True,7929,sympy:16,0.0,safe_histgb_start2_every_sample_lambda10,258,2,894,sympy:16
True,1,True,3900,sympy:4,0.0,safe_histgb_start2_every_sample_lambda10,262,2,469,sympy:4
False,13,True,7702,sympy:33/100,0.0,safe_histgb_start2_every_sample_lambda10,266,2,921,parsed:**
True,1,True,6530,sympy:255,0.0,safe_histgb_start2_every_sample_lambda10,278,2,921,sympy:255
False,7,True,7559,sympy:7*pi,0.0,safe_histgb_start2_every_sample_lambda10,279,2,928,sympy:4*pi
False,1,False,10715,sympy:4,0.0,safe_histgb_start2_every_sample_lambda10,295,7,4550,sympy:4
True,7,True,15508,sympy:-18,0.25,safe_histgb_start2_every_sample_lambda10,298,8,7583,sympy:-18
False,9,False,12981,sympy:2,0.08333333333333333,safe_histgb_start2_every_sample_lambda10,306,12,9354,sympy:2
True,1,True,6118,sympy:49,0.0,safe_histgb_start2_every_sample_lambda10,310,2,717,sympy:49
True,1,True,9825,sympy:12,0.0,safe_histgb_start2_every_sample_lambda10,316,2,1277,sympy:12
True,1,True,10329,sympy:1/3,0.0,safe_histgb_start2_every_sample_lambda10,323,2,1399,sympy:1/3
True,5,True,13528,sympy:120,0.0,safe_histgb_start2_every_sample_lambda10,324,7,6034,sympy:120
True,1,True,7255,sympy:4,0.0,safe_histgb_start2_every_sample_lambda10,325,2,919,sympy:4
True,1,True,7948,sympy:1940,0.0,safe_histgb_start2_every_sample_lambda10,330,2,1246,sympy:1940
True,1,True,5980,sympy:4343,0.0,safe_histgb_start2_every_sample_lambda10,338,2,690,sympy:4343
False,1,False,4706,sympy:5040,0.0,safe_histgb_start2_every_sample_lambda10,349,2,466,sympy:5040
True,1,True,5313,sympy:4,0.0,safe_histgb_start2_every_sample_lambda10,350,2,632,sympy:4
True,1,True,6869,sympy:480,0.0,safe_histgb_start2_every_sample_lambda10,353,2,739,sympy:480
False,6,False,7922,sympy:E*c*c*i*l*r,0.0,safe_histgb_start2_every_sample_lambda10,358,10,4643,sympy:E*c*c*i*l*r
True,1,True,9904,"sympy:(1, -16, -4, 43)",0.0,safe_histgb_start2_every_sample_lambda10,364,2,1201,"sympy:(1, -16, -4, 43)"
False,1,False,12156,sympy:40,0.0,safe_histgb_start2_every_sample_lambda10,365,2,1289,sympy:40
True,1,True,7133,sympy:4,0.0,safe_histgb_start2_every_sample_lambda10,366,2,1091,sympy:4
True,1,True,4382,sympy:4,0.0,safe_histgb_start2_every_sample_lambda10,374,2,559,sympy:4
True,1,True,9357,sympy:20000/pi,0.0,safe_histgb_start2_every_sample_lambda10,382,6,3364,sympy:20000/pi
True,6,True,8441,sympy:sqrt(21)/5,0.0,safe_histgb_start2_every_sample_lambda10,389,11,5367,sympy:sqrt(21)/5
True,1,True,9038,sympy:2,0.0,safe_histgb_start2_every_sample_lambda10,396,2,1513,sympy:2
True,1,True,5715,sympy:60,0.0,safe_histgb_start2_every_sample_lambda10,405,2,630,sympy:60
True,1,True,11856,sympy:2*sqrt(5),0.0,safe_histgb_start2_every_sample_lambda10,409,2,1384,sympy:2*sqrt(5)
True,1,True,7766,sympy:10,0.0,safe_histgb_start2_every_sample_lambda10,414,2,850,sympy:10
False,1,False,8441,"parsed:Matrix([[16/49], [f*r*a*c*97], [f*r*a*c*73]])",0.0,safe_histgb_start2_every_sample_lambda10,420,2,999,"parsed:Matrix([[16/49], [f*r*a*c*97], [f*r*a*c*73]])"
True,16,False,13836,sympy:1439,0.0,safe_histgb_start2_every_sample_lambda10,423,2,1766,sympy:1440
True,1,True,7380,sympy:600,0.0,safe_histgb_start2_every_sample_lambda10,424,2,873,sympy:600
True,1,True,7728,sympy:3,0.0,safe_histgb_start2_every_sample_lambda10,437,2,842,sympy:3
True,1,True,5477,sympy:45,0.0,safe_histgb_start2_every_sample_lambda10,443,2,735,sympy:45
True,1,True,10567,sympy:64,0.0,safe_histgb_start2_every_sample_lambda10,450,2,1120,sympy:64
True,1,True,5490,sympy:6,0.0,safe_histgb_start2_every_sample_lambda10,455,2,680,sympy:6
True,1,True,3922,sympy:25,0.0,safe_histgb_start2_every_sample_lambda10,469,2,470,sympy:25
False,13,True,16195,sympy:27648,0.7272727272727273,safe_histgb_start2_every_sample_lambda10,470,11,11100,sympy:5/1536
True,1,True,10374,sympy:3,0.0,safe_histgb_start2_every_sample_lambda10,474,2,1268,sympy:3
True,1,True,5591,sympy:200,0.0,safe_histgb_start2_every_sample_lambda10,476,2,697,sympy:200
True,1,True,8031,sympy:1,0.0,safe_histgb_start2_every_sample_lambda10,480,2,1235,sympy:1
False,5,False,13703,sympy:1,0.2857142857142857,safe_histgb_start2_every_sample_lambda10,481,7,6197,sympy:1
False,8,True,15003,sympy:13,0.3333333333333333,safe_histgb_start2_every_sample_lambda10,485,3,2869,sympy:12
True,1,True,3747,sympy:216,0.0,safe_histgb_start2_every_sample_lambda10,486,5,1141,sympy:216
True,1,True,3636,sympy:36,0.0,safe_histgb_start2_every_sample_lambda10,488,2,473,sympy:36
False,1,False,14697,sympy:1,0.3333333333333333,safe_histgb_start2_every_sample_lambda10,498,3,2838,sympy:1
True,1,True,9658,sympy:E*e*l*n*v*y,0.0,hybrid_logistic_start2_every_sample_lambda10,4,2,1513,sympy:E*e*l*n*v*y
True,1,True,6649,sympy:3*sqrt(13),0.0,hybrid_logistic_start2_every_sample_lambda10,8,2,847,sympy:3*sqrt(13)
False,15,False,13015,sympy:1,0.125,hybrid_logistic_start2_every_sample_lambda10,9,16,13015,sympy:1
False,2,False,14860,sympy:8/63,0.375,hybrid_logistic_start2_every_sample_lambda10,11,16,14860,sympy:8/63
True,1,True,4186,sympy:-50,0.0,hybrid_logistic_start2_every_sample_lambda10,16,2,546,sympy:-50
True,6,True,13584,sympy:13535,0.125,hybrid_logistic_start2_every_sample_lambda10,21,16,13584,sympy:13535
True,1,True,4707,sympy:7*i - 2,0.0,hybrid_logistic_start2_every_sample_lambda10,28,2,570,sympy:7*i - 2
False,14,False,11779,sympy:81/205,0.0,hybrid_logistic_start2_every_sample_lambda10,33,16,11779,sympy:81/205
True,1,True,4780,sympy:4,0.0,hybrid_logistic_start2_every_sample_lambda10,42,2,685,sympy:4
True,1,True,5689,sympy:2,0.0,hybrid_logistic_start2_every_sample_lambda10,45,2,703,sympy:2
True,1,True,6349,sympy:3/2,0.0,hybrid_logistic_start2_every_sample_lambda10,48,2,462,sympy:3/2
False,11,False,12647,sympy:sqrt((sqrt(177) + 17)/2),0.0,hybrid_logistic_start2_every_sample_lambda10,62,16,12647,sympy:sqrt((sqrt(177) + 17)/2)
False,3,False,8883,sympy:9,0.0,hybrid_logistic_start2_every_sample_lambda10,63,4,2169,sympy:9
True,1,True,5543,sympy:10,0.0,hybrid_logistic_start2_every_sample_lambda10,67,4,1539,sympy:10
True,1,True,5836,sympy:3,0.0,hybrid_logistic_start2_every_sample_lambda10,72,2,734,sympy:3
True,1,True,6863,sympy:cot(x),0.0,hybrid_logistic_start2_every_sample_lambda10,74,2,894,sympy:cot(x)
True,1,True,4140,sympy:0,0.0,hybrid_logistic_start2_every_sample_lambda10,76,2,651,sympy:0
False,1,False,12046,sympy:1,0.0,hybrid_logistic_start2_every_sample_lambda10,80,2,1393,sympy:1
True,1,True,14346,sympy:2,0.0,hybrid_logistic_start2_every_sample_lambda10,88,2,1866,sympy:2
False,1,False,4036,sympy:15,0.0,hybrid_logistic_start2_every_sample_lambda10,90,2,531,sympy:15
True,1,True,5851,sympy:(a + 5)*(b + 2),0.0,hybrid_logistic_start2_every_sample_lambda10,102,2,604,sympy:(a + 5)*(b + 2)
False,13,False,15895,"sympy:Interval.open(1, 4)",0.6666666666666666,hybrid_logistic_start2_every_sample_lambda10,103,3,3024,sympy:2
True,1,True,6709,sympy:9,0.0,hybrid_logistic_start2_every_sample_lambda10,107,4,1716,sympy:9
False,5,False,14998,sympy:65,0.8333333333333334,hybrid_logistic_start2_every_sample_lambda10,109,6,5913,sympy:65
True,1,True,5499,sympy:3,0.0,hybrid_logistic_start2_every_sample_lambda10,117,2,668,sympy:3
True,2,True,13513,sympy:81,0.3333333333333333,hybrid_logistic_start2_every_sample_lambda10,118,3,2496,sympy:81
True,1,True,4172,sympy:36,0.0,hybrid_logistic_start2_every_sample_lambda10,128,2,381,sympy:36
True,1,True,4498,sympy:2,0.0,hybrid_logistic_start2_every_sample_lambda10,141,2,584,sympy:2
True,1,True,11397,sympy:3*sqrt(5),0.0,hybrid_logistic_start2_every_sample_lambda10,143,2,1383,sympy:3*sqrt(5)
True,1,True,6797,sympy:11,0.0,hybrid_logistic_start2_every_sample_lambda10,148,2,578,sympy:11
True,1,True,12603,sympy:49,0.0,hybrid_logistic_start2_every_sample_lambda10,149,2,1518,sympy:49
False,3,False,15152,sympy:3,0.75,hybrid_logistic_start2_every_sample_lambda10,150,4,4096,sympy:3
True,1,True,3441,sympy:65,0.0,hybrid_logistic_start2_every_sample_lambda10,167,2,428,sympy:65
True,1,True,12517,sympy:4,0.0,hybrid_logistic_start2_every_sample_lambda10,173,2,1517,sympy:4
False,1,False,6373,sympy:60,0.0,hybrid_logistic_start2_every_sample_lambda10,177,2,410,sympy:60
True,1,True,13329,"sympy:Eq(5*x - 1*7*y + 11*z + 4, 0)",0.5,hybrid_logistic_start2_every_sample_lambda10,179,2,1739,"sympy:Eq(5*x - 1*7*y + 11*z + 4, 0)"
True,1,True,5745,sympy:sqrt(3)/3,0.0,hybrid_logistic_start2_every_sample_lambda10,181,2,608,sympy:sqrt(3)/3
True,1,True,5923,sympy:24,0.0,hybrid_logistic_start2_every_sample_lambda10,195,2,695,sympy:24
True,1,True,7149,sympy:16,0.0,hybrid_logistic_start2_every_sample_lambda10,209,2,710,sympy:16
True,1,True,4589,sympy:5,0.0,hybrid_logistic_start2_every_sample_lambda10,211,2,553,sympy:5
True,1,True,8223,sympy:900,0.0,hybrid_logistic_start2_every_sample_lambda10,221,2,925,sympy:900
False,3,False,8180,sympy:150,0.0,hybrid_logistic_start2_every_sample_lambda10,222,4,1799,sympy:150
True,1,True,5163,sympy:11,0.0,hybrid_logistic_start2_every_sample_lambda10,225,2,540,sympy:11
True,1,True,4076,sympy:c,0.0,hybrid_logistic_start2_every_sample_lambda10,227,2,555,sympy:c
True,4,True,15835,sympy:288*pi,0.5714285714285714,hybrid_logistic_start2_every_sample_lambda10,228,14,13787,sympy:288*pi
False,16,False,13087,sympy:15,0.25,hybrid_logistic_start2_every_sample_lambda10,236,16,13087,sympy:15
True,1,True,9216,sympy:540,0.0,hybrid_logistic_start2_every_sample_lambda10,251,2,1007,sympy:540
True,1,True,3614,sympy:1/8,0.0,hybrid_logistic_start2_every_sample_lambda10,253,2,494,sympy:1/8
True,1,True,6449,sympy:28,0.0,hybrid_logistic_start2_every_sample_lambda10,254,2,893,sympy:28
True,1,True,5755,sympy:864,0.0,hybrid_logistic_start2_every_sample_lambda10,257,2,680,sympy:864
True,1,True,9585,sympy:120,0.0,hybrid_logistic_start2_every_sample_lambda10,260,2,1160,sympy:120
True,1,True,5734,sympy:76,0.0,hybrid_logistic_start2_every_sample_lambda10,261,2,774,sympy:76
False,1,False,11164,sympy:5,0.0,hybrid_logistic_start2_every_sample_lambda10,264,2,1088,sympy:5
True,1,True,5268,sympy:1250,0.0,hybrid_logistic_start2_every_sample_lambda10,273,2,687,sympy:1250
True,12,False,9102,sympy:i*l*n*n*o*o*o*s*t*u,0.0,hybrid_logistic_start2_every_sample_lambda10,284,2,1425,"sympy:{2*sqrt(2) + 3, -1*2*sqrt(2) + 3}"
False,3,False,16306,sympy:280,0.75,hybrid_logistic_start2_every_sample_lambda10,285,4,4032,sympy:280
True,1,True,16017,sympy:4,0.45454545454545453,hybrid_logistic_start2_every_sample_lambda10,290,11,10897,sympy:4
True,5,True,7882,sympy:63,0.0,hybrid_logistic_start2_every_sample_lambda10,291,16,7882,sympy:63
True,1,True,8711,"sympy:Interval.Lopen(3/5, 8/3)",0.0,hybrid_logistic_start2_every_sample_lambda10,293,2,1122,"sympy:Interval.Lopen(3/5, 8/3)"
True,1,True,5947,sympy:63,0.0,hybrid_logistic_start2_every_sample_lambda10,299,2,722,sympy:63
False,1,False,13978,sympy:21,0.0,hybrid_logistic_start2_every_sample_lambda10,303,2,1963,sympy:21
True,1,True,8086,sympy:41,0.0,hybrid_logistic_start2_every_sample_lambda10,315,2,1196,sympy:41
True,3,True,15866,sympy:0.0900000000000000,0.75,hybrid_logistic_start2_every_sample_lambda10,326,4,3635,sympy:0.0900000000000000
True,1,True,11699,sympy:3,0.0,hybrid_logistic_start2_every_sample_lambda10,328,4,3099,sympy:3
True,1,True,11221,sympy:13/6,0.0,hybrid_logistic_start2_every_sample_lambda10,331,2,1483,sympy:13/6
True,1,True,11641,sympy:3,0.0,hybrid_logistic_start2_every_sample_lambda10,335,2,1564,sympy:3
True,1,True,7220,sympy:6,0.0,hybrid_logistic_start2_every_sample_lambda10,337,2,637,sympy:6
True,1,True,9571,sympy:2*k,0.0,hybrid_logistic_start2_every_sample_lambda10,339,4,2218,sympy:2*k
True,1,True,7321,sympy:4495,0.0,hybrid_logistic_start2_every_sample_lambda10,348,2,947,sympy:4495
True,1,True,3902,sympy:1,0.0,hybrid_logistic_start2_every_sample_lambda10,367,2,536,sympy:1
False,5,False,5002,sympy:144,0.0,hybrid_logistic_start2_every_sample_lambda10,369,2,620,sympy:36
True,14,True,13804,sympy:17,0.1875,hybrid_logistic_start2_every_sample_lambda10,371,16,13804,sympy:17
True,1,True,6947,sympy:2*i + 1,0.0,hybrid_logistic_start2_every_sample_lambda10,373,2,779,sympy:2*i + 1
True,2,True,13663,"sympy:(8, -2)",0.3333333333333333,hybrid_logistic_start2_every_sample_lambda10,376,3,2645,"sympy:(8, -2)"
True,1,True,7211,sympy:6,0.0,hybrid_logistic_start2_every_sample_lambda10,377,2,905,sympy:6
True,1,True,9604,sympy:3,0.0,hybrid_logistic_start2_every_sample_lambda10,378,4,2424,sympy:3
True,1,True,11266,"sympy:Interval(-2, 7)",0.0,hybrid_logistic_start2_every_sample_lambda10,383,2,1454,"sympy:Interval(-2, 7)"
True,3,True,13855,sympy:12,0.0,hybrid_logistic_start2_every_sample_lambda10,390,4,3263,sympy:12
True,1,True,14545,sympy:0,0.5,hybrid_logistic_start2_every_sample_lambda10,391,2,1954,sympy:0
True,1,True,5436,sympy:4,0.0,hybrid_logistic_start2_every_sample_lambda10,395,2,643,sympy:4
True,1,True,4366,sympy:9,0.0,hybrid_logistic_start2_every_sample_lambda10,407,2,571,sympy:9
True,10,True,15996,sympy:0.200000000000000,0.9,hybrid_logistic_start2_every_sample_lambda10,408,10,10155,sympy:0.200000000000000
False,16,False,15101,sympy:451,0.625,hybrid_logistic_start2_every_sample_lambda10,412,16,15101,sympy:451
True,1,True,8868,sympy:2*sqrt(5),0.0,hybrid_logistic_start2_every_sample_lambda10,418,2,1528,sympy:2*sqrt(5)
True,1,True,14487,sympy:27,0.5,hybrid_logistic_start2_every_sample_lambda10,421,2,1814,sympy:27
True,11,True,9017,sympy:3*r**2,0.0625,hybrid_logistic_start2_every_sample_lambda10,425,16,9017,sympy:3*r**2
True,1,True,4651,sympy:4,0.0,hybrid_logistic_start2_every_sample_lambda10,438,2,555,sympy:4
True,1,True,11822,sympy:x**8 + x**7 + x**6 + x**5 + x**4 + x**3 + x**2 + x + 1,0.0,hybrid_logistic_start2_every_sample_lambda10,439,2,1553,sympy:x**8 + x**7 + x**6 + x**5 + x**4 + x**3 + x**2 + x + 1
False,2,False,12048,sympy:1/4,0.6666666666666666,hybrid_logistic_start2_every_sample_lambda10,444,3,3072,sympy:1/4
False,15,False,14317,sympy:8,0.5,hybrid_logistic_start2_every_sample_lambda10,445,16,14317,sympy:8
True,1,True,6606,sympy:9,0.0,hybrid_logistic_start2_every_sample_lambda10,447,4,1373,sympy:9
True,1,True,7788,sympy:639/40,0.0,hybrid_logistic_start2_every_sample_lambda10,451,2,934,sympy:639/40
True,1,True,6699,sympy:10,0.0,hybrid_logistic_start2_every_sample_lambda10,453,2,963,sympy:10
False,1,False,16384,,1.0,hybrid_logistic_start2_every_sample_lambda10,454,16,16384,
True,1,True,15498,"sympy:{-2, 1}",0.0,hybrid_logistic_start2_every_sample_lambda10,456,2,1996,"sympy:{-2, 1}"
True,1,True,4579,sympy:15,0.0,hybrid_logistic_start2_every_sample_lambda10,467,2,683,sympy:15
False,1,False,9964,sympy:0,0.0,hybrid_logistic_start2_every_sample_lambda10,478,2,1481,sympy:0
True,1,True,8814,sympy:15,0.0,hybrid_logistic_start2_every_sample_lambda10,489,2,972,sympy:15
True,1,True,8618,"sympy:Union(Interval.open(2, 12), Interval.open(12, 102))",0.0,hybrid_logistic_start2_every_sample_lambda10,495,2,1189,"sympy:Union(Interval.open(2, 12), Interval.open(12, 102))"
True,1,True,8370,sympy:5/13,0.0,hybrid_logistic_start2_every_sample_lambda10,496,2,1079,sympy:5/13
True,1,True,6044,sympy:2220,0.0,hybrid_logistic_start2_every_sample_lambda10,10,2,755,sympy:2220
True,1,True,4601,sympy:5,0.0,hybrid_logistic_start2_every_sample_lambda10,13,2,479,sympy:5
True,1,True,10343,sympy:3,0.0,hybrid_logistic_start2_every_sample_lambda10,19,2,1926,sympy:3
True,1,True,3731,sympy:9*i + 6,0.0,hybrid_logistic_start2_every_sample_lambda10,20,2,1192,sympy:9*i + 6
True,1,True,12700,sympy:-125,0.0,hybrid_logistic_start2_every_sample_lambda10,34,2,1742,sympy:-125
True,1,True,3895,sympy:2000,0.0,hybrid_logistic_start2_every_sample_lambda10,38,2,467,sympy:2000
True,1,True,3969,sympy:12,0.0,hybrid_logistic_start2_every_sample_lambda10,40,2,507,sympy:12
False,10,False,8697,sympy:5,0.0,hybrid_logistic_start2_every_sample_lambda10,41,16,8697,sympy:5
True,1,True,13525,sympy:6,0.42857142857142855,hybrid_logistic_start2_every_sample_lambda10,46,7,6156,sympy:6
True,1,True,6960,sympy:5,0.0,hybrid_logistic_start2_every_sample_lambda10,47,2,787,sympy:5
True,1,True,4471,sympy:83,0.0,hybrid_logistic_start2_every_sample_lambda10,49,2,526,sympy:83
True,6,True,11954,sympy:203,0.0,hybrid_logistic_start2_every_sample_lambda10,50,16,11954,sympy:203
True,1,True,5608,sympy:3,0.0,hybrid_logistic_start2_every_sample_lambda10,55,2,808,sympy:3
True,1,True,3333,sympy:4,0.0,hybrid_logistic_start2_every_sample_lambda10,77,2,441,sympy:4
True,1,True,10741,"sympy:Interval.open(-2, 1)",0.0,hybrid_logistic_start2_every_sample_lambda10,78,2,1370,"sympy:Interval.open(-2, 1)"
True,1,True,13034,sympy:-1,0.0,hybrid_logistic_start2_every_sample_lambda10,84,2,1590,sympy:-1
True,1,True,5407,sympy:sqrt(5),0.0,hybrid_logistic_start2_every_sample_lambda10,85,2,717,sympy:sqrt(5)
True,1,True,4262,sympy:240,0.0,hybrid_logistic_start2_every_sample_lambda10,86,2,534,sympy:240
True,1,True,9752,sympy:33,0.0,hybrid_logistic_start2_every_sample_lambda10,93,2,1246,sympy:33
False,1,False,11403,sympy:36,0.0,hybrid_logistic_start2_every_sample_lambda10,104,2,1331,sympy:36
False,6,False,5286,sympy:15.5000000000000,0.0,hybrid_logistic_start2_every_sample_lambda10,105,16,5286,sympy:15.5000000000000
True,3,True,8946,sympy:13,0.0,hybrid_logistic_start2_every_sample_lambda10,112,5,2754,sympy:13
True,1,True,10396,sympy:-5,0.0,hybrid_logistic_start2_every_sample_lambda10,114,2,1333,sympy:-5
False,1,False,8457,sympy:30240,0.0,hybrid_logistic_start2_every_sample_lambda10,115,16,8457,sympy:30240
True,6,True,10657,sympy:-9,0.0,hybrid_logistic_start2_every_sample_lambda10,119,16,10657,sympy:-9
True,1,True,6037,sympy:6,0.0,hybrid_logistic_start2_every_sample_lambda10,121,2,674,sympy:6
True,1,True,5447,sympy:9,0.0,hybrid_logistic_start2_every_sample_lambda10,122,2,661,sympy:9
True,1,True,7240,sympy:4210,0.0,hybrid_logistic_start2_every_sample_lambda10,127,2,726,sympy:4210
True,1,True,5577,sympy:4,0.0,hybrid_logistic_start2_every_sample_lambda10,132,2,490,sympy:4
True,6,True,15107,sympy:64,0.8571428571428571,hybrid_logistic_start2_every_sample_lambda10,136,7,6875,sympy:64
False,15,False,13348,sympy:1/5,0.3125,hybrid_logistic_start2_every_sample_lambda10,138,16,13348,sympy:1/5
True,1,True,10692,sympy:2107,0.0,hybrid_logistic_start2_every_sample_lambda10,158,2,1434,sympy:2107
True,1,True,11995,sympy:17/50,0.0,hybrid_logistic_start2_every_sample_lambda10,162,2,1635,sympy:17/50
False,1,False,14898,sympy:20,0.5625,hybrid_logistic_start2_every_sample_lambda10,170,16,14898,sympy:20
True,1,True,7853,sympy:350,0.0,hybrid_logistic_start2_every_sample_lambda10,172,2,1052,sympy:350
True,1,True,6368,sympy:6.72000000000000e-5,0.0,hybrid_logistic_start2_every_sample_lambda10,176,5,1585,sympy:6.72000000000000e-5
True,1,True,11243,sympy:23,0.0,hybrid_logistic_start2_every_sample_lambda10,183,2,1283,sympy:23
True,1,True,5981,sympy:10080,0.0,hybrid_logistic_start2_every_sample_lambda10,198,2,779,sympy:10080
True,1,True,7335,sympy:2/3,0.0,hybrid_logistic_start2_every_sample_lambda10,202,2,1033,sympy:2/3
True,1,True,15297,sympy:-2,0.0,hybrid_logistic_start2_every_sample_lambda10,205,2,1901,sympy:-2
True,7,True,7282,sympy:10,0.0,hybrid_logistic_start2_every_sample_lambda10,210,16,7282,sympy:10
True,1,True,9065,sympy:56,0.0,hybrid_logistic_start2_every_sample_lambda10,212,4,2098,sympy:56
True,1,True,5639,sympy:2,0.0,hybrid_logistic_start2_every_sample_lambda10,215,2,611,sympy:2
True,1,True,4957,"sympy:Interval.open(-1, 6)",0.0,hybrid_logistic_start2_every_sample_lambda10,218,2,661,"sympy:Interval.open(-1, 6)"
False,1,False,6869,sympy:2/27,0.0,hybrid_logistic_start2_every_sample_lambda10,220,2,657,sympy:2/27
True,1,True,5864,sympy:14,0.0,hybrid_logistic_start2_every_sample_lambda10,223,2,661,sympy:14
True,1,True,12696,sympy:10,0.0,hybrid_logistic_start2_every_sample_lambda10,231,2,1646,sympy:10
True,4,True,13333,sympy:1997/2,0.0,hybrid_logistic_start2_every_sample_lambda10,232,6,5205,sympy:1997/2
True,1,True,7723,sympy:-4,0.0,hybrid_logistic_start2_every_sample_lambda10,238,2,909,sympy:-4
False,1,False,16384,,1.0,hybrid_logistic_start2_every_sample_lambda10,239,16,16384,
True,1,True,4690,sympy:3,0.0,hybrid_logistic_start2_every_sample_lambda10,243,2,578,sympy:3
True,1,True,6343,sympy:8/21,0.0,hybrid_logistic_start2_every_sample_lambda10,256,2,826,sympy:8/21
True,1,True,4389,sympy:4005,0.0,hybrid_logistic_start2_every_sample_lambda10,265,2,435,sympy:4005
True,6,True,10164,sympy:180,0.0,hybrid_logistic_start2_every_sample_lambda10,267,10,6509,sympy:180
True,1,True,4697,sympy:sqrt(53),0.0,hybrid_logistic_start2_every_sample_lambda10,277,2,561,sympy:sqrt(53)
True,1,True,8974,sympy:36,0.0,hybrid_logistic_start2_every_sample_lambda10,287,2,1225,sympy:36
True,1,True,10031,sympy:16,0.0,hybrid_logistic_start2_every_sample_lambda10,289,2,1210,sympy:16
True,1,True,10765,sympy:103,0.0,hybrid_logistic_start2_every_sample_lambda10,297,2,1381,sympy:103
True,1,True,10553,sympy:9/19,0.0,hybrid_logistic_start2_every_sample_lambda10,305,2,1570,sympy:9/19
False,9,False,10786,sympy:3*sqrt(3),0.0,hybrid_logistic_start2_every_sample_lambda10,308,16,10786,sympy:3*sqrt(3)
True,1,True,5972,"sympy:Interval.open(2, 4)",0.0,hybrid_logistic_start2_every_sample_lambda10,314,2,769,"sympy:Interval.open(2, 4)"
True,1,True,5550,sympy:-1,0.0,hybrid_logistic_start2_every_sample_lambda10,322,2,719,sympy:-1
True,1,True,3596,sympy:4,0.0,hybrid_logistic_start2_every_sample_lambda10,329,2,417,sympy:4
True,2,True,12764,sympy:3,0.5,hybrid_logistic_start2_every_sample_lambda10,333,4,3570,sympy:3
True,1,True,8013,sympy:-120,0.0,hybrid_logistic_start2_every_sample_lambda10,334,2,1013,sympy:-120
True,1,True,4253,sympy:26000,0.0,hybrid_logistic_start2_every_sample_lambda10,336,2,523,sympy:26000
True,1,True,6168,sympy:1,0.0,hybrid_logistic_start2_every_sample_lambda10,345,2,543,sympy:1
True,1,True,6751,sympy:6*r**2 - 1*4*r - 24,0.0,hybrid_logistic_start2_every_sample_lambda10,347,2,733,sympy:6*r**2 - 1*4*r - 24
False,8,False,16270,sympy:44,0.5714285714285714,hybrid_logistic_start2_every_sample_lambda10,352,14,14237,sympy:44
True,1,True,6924,sympy:81,0.0,hybrid_logistic_start2_every_sample_lambda10,354,2,754,sympy:81
False,9,False,11587,sympy:120,0.125,hybrid_logistic_start2_every_sample_lambda10,355,16,11587,sympy:120
True,1,True,10263,"sympy:Interval.open(-sqrt(3), sqrt(3))",0.0,hybrid_logistic_start2_every_sample_lambda10,356,2,1482,"sympy:Interval.open(-sqrt(3), sqrt(3))"
True,1,True,6758,sympy:7/4,0.0,hybrid_logistic_start2_every_sample_lambda10,360,2,911,sympy:7/4
True,1,True,4305,sympy:31,0.0,hybrid_logistic_start2_every_sample_lambda10,368,2,503,sympy:31
True,1,True,12449,sympy:12,0.0,hybrid_logistic_start2_every_sample_lambda10,379,2,1443,sympy:12
False,8,True,9059,sympy:22,0.0,hybrid_logistic_start2_every_sample_lambda10,385,2,1559,sympy:48
False,1,False,14353,sympy:sqrt(82),0.0,hybrid_logistic_start2_every_sample_lambda10,392,2,1537,sympy:sqrt(82)
True,1,True,7340,sympy:3/4,0.0,hybrid_logistic_start2_every_sample_lambda10,393,2,961,sympy:3/4
True,6,True,14544,sympy:-3/8,0.42857142857142855,hybrid_logistic_start2_every_sample_lambda10,394,14,12735,sympy:-3/8
True,1,True,6101,sympy:23,0.0,hybrid_logistic_start2_every_sample_lambda10,397,2,878,sympy:23
True,1,True,7436,sympy:-1*12*i + 1,0.0,hybrid_logistic_start2_every_sample_lambda10,402,2,860,sympy:-1*12*i + 1
True,1,True,5207,sympy:3,0.0,hybrid_logistic_start2_every_sample_lambda10,404,2,651,sympy:3
True,1,True,6351,sympy:6,0.0,hybrid_logistic_start2_every_sample_lambda10,410,2,849,sympy:6
True,1,True,12375,sympy:9,0.0,hybrid_logistic_start2_every_sample_lambda10,415,2,1402,sympy:9
True,1,True,10426,sympy:1/8,0.0,hybrid_logistic_start2_every_sample_lambda10,416,2,1075,sympy:1/8
True,1,True,4793,sympy:-2,0.0,hybrid_logistic_start2_every_sample_lambda10,417,2,538,sympy:-2
True,1,True,8077,sympy:6*sqrt(2),0.0,hybrid_logistic_start2_every_sample_lambda10,426,2,1038,sympy:6*sqrt(2)
True,1,True,13390,sympy:64,0.0,hybrid_logistic_start2_every_sample_lambda10,428,4,3278,sympy:64
False,13,False,12782,"sympy:Interval(pi**2/8, pi**2/4)",0.0,hybrid_logistic_start2_every_sample_lambda10,431,16,12782,"sympy:Interval(pi**2/8, pi**2/4)"
False,1,False,16260,sympy:0,0.8125,hybrid_logistic_start2_every_sample_lambda10,432,16,16260,sympy:0
True,1,True,8914,"sympy:Union(Interval.open(-oo, 2), Interval.open(3, oo))",0.0,hybrid_logistic_start2_every_sample_lambda10,435,2,1116,"sympy:Union(Interval.open(-oo, 2), Interval.open(3, oo))"
True,1,True,7099,sympy:14,0.0,hybrid_logistic_start2_every_sample_lambda10,440,2,873,sympy:14
True,1,True,4187,sympy:256,0.0,hybrid_logistic_start2_every_sample_lambda10,442,2,527,sympy:256
True,1,True,12471,sympy:41,0.3333333333333333,hybrid_logistic_start2_every_sample_lambda10,458,3,2578,sympy:41
True,1,True,9020,sympy:12,0.0,hybrid_logistic_start2_every_sample_lambda10,461,2,1137,sympy:12
True,1,True,12829,sympy:9,0.0,hybrid_logistic_start2_every_sample_lambda10,464,2,1645,sympy:9
True,1,True,3983,sympy:8,0.0,hybrid_logistic_start2_every_sample_lambda10,468,2,497,sympy:8
True,1,True,11294,sympy:2,0.0,hybrid_logistic_start2_every_sample_lambda10,477,10,6700,sympy:2
True,1,True,10384,sympy:20,0.0,hybrid_logistic_start2_every_sample_lambda10,493,2,1207,sympy:20
True,1,True,5023,sympy:106,0.0,hybrid_logistic_start2_every_sample_lambda10,499,2,549,sympy:106
True,1,True,7912,sympy:14/3,0.0,hybrid_logistic_start2_every_sample_lambda10,2,3,1543,sympy:14/3
True,1,True,4326,sympy:42,0.0,hybrid_logistic_start2_every_sample_lambda10,5,3,804,sympy:42
True,1,True,7256,sympy:27,0.0,hybrid_logistic_start2_every_sample_lambda10,6,3,1231,sympy:27
True,5,True,11169,sympy:90,0.0,hybrid_logistic_start2_every_sample_lambda10,7,10,6635,sympy:90
True,1,True,12247,sympy:5,0.0,hybrid_logistic_start2_every_sample_lambda10,22,3,1887,sympy:5
True,1,True,9983,sympy:5,0.0,hybrid_logistic_start2_every_sample_lambda10,23,3,1812,sympy:5
True,1,True,7484,sympy:225,0.0,hybrid_logistic_start2_every_sample_lambda10,29,3,1294,sympy:225
True,1,True,6398,sympy:720,0.0,hybrid_logistic_start2_every_sample_lambda10,32,3,1000,sympy:720
True,1,True,9113,sympy:23,0.0,hybrid_logistic_start2_every_sample_lambda10,39,3,1520,sympy:23
False,3,False,11238,sympy:20*sqrt(5) + 10*sqrt(34),0.0,hybrid_logistic_start2_every_sample_lambda10,43,10,6613,sympy:20*sqrt(5) + 10*sqrt(34)
True,1,True,8889,sympy:16,0.0,hybrid_logistic_start2_every_sample_lambda10,57,3,1491,sympy:16
True,1,True,4159,sympy:9901,0.0,hybrid_logistic_start2_every_sample_lambda10,58,5,1242,sympy:9901
True,1,True,5777,sympy:(3*sqrt(3))/4,0.0,hybrid_logistic_start2_every_sample_lambda10,73,3,1682,sympy:(3*sqrt(3))/4
True,1,True,8083,sympy:11/36,0.0,hybrid_logistic_start2_every_sample_lambda10,75,3,1744,sympy:11/36
True,1,True,4361,sympy:2,0.0,hybrid_logistic_start2_every_sample_lambda10,79,3,752,sympy:2
True,1,True,6490,sympy:2,0.0,hybrid_logistic_start2_every_sample_lambda10,83,3,1117,sympy:2
True,1,True,10302,sympy:1,0.0,hybrid_logistic_start2_every_sample_lambda10,87,3,1924,sympy:1
True,3,True,11987,sympy:21,0.0,hybrid_logistic_start2_every_sample_lambda10,89,7,5342,sympy:21
True,1,True,11457,sympy:448/15625,0.0,hybrid_logistic_start2_every_sample_lambda10,92,3,2005,sympy:448/15625
False,2,False,14886,"parsed:Matrix([[-1/3], [f*r*a*c*5], [f*r*a*c*8]])",0.4,hybrid_logistic_start2_every_sample_lambda10,99,5,4781,"parsed:Matrix([[-1/3], [f*r*a*c*5], [f*r*a*c*8]])"
True,1,True,5266,sympy:4/3,0.0,hybrid_logistic_start2_every_sample_lambda10,106,3,996,sympy:4/3
False,4,False,16262,sympy:3,0.7142857142857143,hybrid_logistic_start2_every_sample_lambda10,110,7,7046,sympy:3
True,1,True,6363,sympy:8000,0.0,hybrid_logistic_start2_every_sample_lambda10,113,3,793,sympy:8000
True,1,True,12452,sympy:1,0.0,hybrid_logistic_start2_every_sample_lambda10,139,3,2195,sympy:1
True,1,True,5783,sympy:sqrt(3)/3,0.0,hybrid_logistic_start2_every_sample_lambda10,146,3,939,sympy:sqrt(3)/3
False,9,False,14700,sympy:12,0.3125,hybrid_logistic_start2_every_sample_lambda10,147,16,14700,sympy:12
True,1,True,6375,sympy:1/4,0.0,hybrid_logistic_start2_every_sample_lambda10,155,3,1169,sympy:1/4
False,1,False,14206,sympy:90,0.2857142857142857,hybrid_logistic_start2_every_sample_lambda10,156,14,12197,sympy:90
True,1,True,7055,sympy:18,0.0,hybrid_logistic_start2_every_sample_lambda10,160,3,1204,sympy:18
False,10,False,12749,sympy:sqrt(3),0.0625,hybrid_logistic_start2_every_sample_lambda10,164,16,12749,sympy:sqrt(3)
True,1,True,5420,sympy:12,0.0,hybrid_logistic_start2_every_sample_lambda10,169,3,951,sympy:12
True,1,True,7155,sympy:2,0.0,hybrid_logistic_start2_every_sample_lambda10,174,3,1284,sympy:2
True,1,True,13204,sympy:3,0.0,hybrid_logistic_start2_every_sample_lambda10,175,3,2391,sympy:3
False,4,False,12713,"sympy:Interval(3, oo)",0.0,hybrid_logistic_start2_every_sample_lambda10,184,16,12713,"sympy:Interval(3, oo)"
True,1,True,3760,sympy:1,0.0,hybrid_logistic_start2_every_sample_lambda10,185,3,663,sympy:1
True,1,True,9426,sympy:7,0.0,hybrid_logistic_start2_every_sample_lambda10,186,3,2356,sympy:7
True,1,True,8308,sympy:7,0.0,hybrid_logistic_start2_every_sample_lambda10,187,3,1907,sympy:7
True,16,True,16039,sympy:160,0.375,hybrid_logistic_start2_every_sample_lambda10,189,16,16039,sympy:160
True,1,True,5658,sympy:4,0.0,hybrid_logistic_start2_every_sample_lambda10,193,3,1006,sympy:4
True,1,True,5219,sympy:17,0.0,hybrid_logistic_start2_every_sample_lambda10,199,3,972,sympy:17
True,1,True,8828,sympy:12,0.0,hybrid_logistic_start2_every_sample_lambda10,203,3,1766,sympy:12
False,11,False,13264,sympy:16,0.0,hybrid_logistic_start2_every_sample_lambda10,204,16,13264,sympy:16
False,1,False,7114,sympy:11111111100,0.0,hybrid_logistic_start2_every_sample_lambda10,217,3,1264,sympy:11111111100
True,1,True,12338,sympy:16/5,0.0,hybrid_logistic_start2_every_sample_lambda10,230,3,2684,sympy:16/5
True,5,True,7457,sympy:34,0.0,hybrid_logistic_start2_every_sample_lambda10,234,8,3634,sympy:34
True,1,True,9576,sympy:5/9,0.0,hybrid_logistic_start2_every_sample_lambda10,235,3,1753,sympy:5/9
True,1,True,4165,sympy:8,0.0,hybrid_logistic_start2_every_sample_lambda10,246,6,1572,sympy:8
False,1,False,16384,,1.0,hybrid_logistic_start2_every_sample_lambda10,248,16,16384,
True,1,True,6009,sympy:e,0.0,hybrid_logistic_start2_every_sample_lambda10,255,3,1024,sympy:e
True,1,True,4748,sympy:22,0.0,hybrid_logistic_start2_every_sample_lambda10,259,3,850,sympy:22
True,1,True,7821,sympy:6,0.0,hybrid_logistic_start2_every_sample_lambda10,269,3,2409,sympy:6
True,1,True,5818,sympy:8,0.0,hybrid_logistic_start2_every_sample_lambda10,280,3,1115,sympy:8
False,1,False,16077,sympy:1260,0.8888888888888888,hybrid_logistic_start2_every_sample_lambda10,292,9,8975,sympy:1260
True,3,True,13066,sympy:58,0.0,hybrid_logistic_start2_every_sample_lambda10,294,6,4372,sympy:58
True,1,True,4827,sympy:12,0.0,hybrid_logistic_start2_every_sample_lambda10,300,3,822,sympy:12
False,1,False,7534,sympy:5.50000000000000,0.0,hybrid_logistic_start2_every_sample_lambda10,301,3,1440,sympy:5.50000000000000
True,14,True,13081,sympy:5,0.375,hybrid_logistic_start2_every_sample_lambda10,302,16,13081,sympy:5
True,1,True,13670,sympy:9,0.25,hybrid_logistic_start2_every_sample_lambda10,304,4,3692,sympy:9
True,1,True,8577,"sympy:Interval(-oo, 0)",0.0,hybrid_logistic_start2_every_sample_lambda10,307,3,1541,"sympy:Interval(-oo, 0)"
False,12,False,8953,sympy:15,0.0,hybrid_logistic_start2_every_sample_lambda10,309,16,8953,sympy:15
True,1,True,10845,sympy:3,0.0,hybrid_logistic_start2_every_sample_lambda10,311,3,2338,sympy:3
False,1,False,10137,sympy:2,0.0,hybrid_logistic_start2_every_sample_lambda10,317,3,1736,sympy:2
True,1,True,10623,sympy:(9*a + 11)/20,0.0,hybrid_logistic_start2_every_sample_lambda10,318,3,1464,sympy:(9*a + 11)/20
True,1,True,5305,sympy:-128,0.0,hybrid_logistic_start2_every_sample_lambda10,319,3,961,sympy:-128
True,1,True,5171,sympy:10,0.0,hybrid_logistic_start2_every_sample_lambda10,321,3,964,sympy:10
False,1,False,16049,sympy:10,0.75,hybrid_logistic_start2_every_sample_lambda10,327,16,16049,sympy:10
True,1,True,6903,sympy:-2,0.0,hybrid_logistic_start2_every_sample_lambda10,341,3,1147,sympy:-2
True,1,True,6571,sympy:5,0.0,hybrid_logistic_start2_every_sample_lambda10,344,3,1217,sympy:5
True,13,True,7239,sympy:4,0.0,hybrid_logistic_start2_every_sample_lambda10,357,16,7239,sympy:4
True,1,True,11510,sympy:16*sqrt(3),0.0,hybrid_logistic_start2_every_sample_lambda10,361,3,2059,sympy:16*sqrt(3)
True,1,True,4641,sympy:2,0.0,hybrid_logistic_start2_every_sample_lambda10,363,3,1097,sympy:2
True,1,True,5644,sympy:-41,0.0,hybrid_logistic_start2_every_sample_lambda10,370,3,1302,sympy:-41
False,12,False,9493,sympy:70,0.0,hybrid_logistic_start2_every_sample_lambda10,372,16,9493,sympy:70
True,1,True,8445,sympy:25,0.0,hybrid_logistic_start2_every_sample_lambda10,375,3,1518,sympy:25
True,7,True,12623,"sympy:Union(Interval.open(0, 9), Interval.open(9, 36))",0.1875,hybrid_logistic_start2_every_sample_lambda10,380,16,12623,"sympy:Union(Interval.open(0, 9), Interval.open(9, 36))"
True,1,True,2804,sympy:15*x - 80,0.0,hybrid_logistic_start2_every_sample_lambda10,384,3,543,sympy:15*x - 80
True,1,True,4587,sympy:326.500000000000,0.0,hybrid_logistic_start2_every_sample_lambda10,399,3,836,sympy:326.500000000000
True,1,True,2762,sympy:60,0.0,hybrid_logistic_start2_every_sample_lambda10,411,3,480,sympy:60
True,1,True,5320,sympy:5*r**5,0.0,hybrid_logistic_start2_every_sample_lambda10,413,3,1694,sympy:5*r**5
False,4,False,15617,sympy:-30,0.75,hybrid_logistic_start2_every_sample_lambda10,419,16,15617,sympy:-30
True,1,True,8746,sympy:0.356250000000000,0.0,hybrid_logistic_start2_every_sample_lambda10,433,3,1725,sympy:0.356250000000000
True,1,True,9106,sympy:32,0.0,hybrid_logistic_start2_every_sample_lambda10,434,3,1730,sympy:32
True,1,True,15820,sympy:4,0.6,hybrid_logistic_start2_every_sample_lambda10,436,5,4899,sympy:4
True,1,True,6812,sympy:143,0.0,hybrid_logistic_start2_every_sample_lambda10,452,3,1302,sympy:143
True,1,True,12672,sympy:18.9000000000000,0.25,hybrid_logistic_start2_every_sample_lambda10,459,4,3344,sympy:18.9000000000000
False,12,False,7361,sympy:105,0.0,hybrid_logistic_start2_every_sample_lambda10,460,16,7361,sympy:105
True,1,True,8162,sympy:59,0.0,hybrid_logistic_start2_every_sample_lambda10,462,3,1151,sympy:59
True,1,True,5063,sympy:2,0.0,hybrid_logistic_start2_every_sample_lambda10,463,3,1000,sympy:2
False,10,False,12492,sympy:(64*pi)/9,0.0,hybrid_logistic_start2_every_sample_lambda10,466,16,12492,sympy:(64*pi)/9
True,1,True,4435,sympy:84,0.0,hybrid_logistic_start2_every_sample_lambda10,471,3,970,sympy:84
True,1,True,6498,sympy:275/2,0.0,hybrid_logistic_start2_every_sample_lambda10,472,3,1304,sympy:275/2
False,9,False,16176,sympy:55,0.875,hybrid_logistic_start2_every_sample_lambda10,475,16,16176,sympy:55
True,1,True,6274,sympy:2,0.0,hybrid_logistic_start2_every_sample_lambda10,479,3,1217,sympy:2
True,11,True,10375,sympy:202,0.0625,hybrid_logistic_start2_every_sample_lambda10,482,16,10375,sympy:202
True,14,True,16323,sympy:8/15,0.9333333333333333,hybrid_logistic_start2_every_sample_lambda10,483,15,15299,sympy:8/15
True,1,True,14379,sympy:10,0.0,hybrid_logistic_start2_every_sample_lambda10,484,3,2616,sympy:10
False,1,False,12659,sympy:0,0.125,hybrid_logistic_start2_every_sample_lambda10,490,16,12659,sympy:0
True,1,True,9512,"sympy:Eq(y, -1*2*x)",0.0,hybrid_logistic_start2_every_sample_lambda10,492,3,1974,"sympy:Eq(y, -1*2*x)"
False,11,False,12573,sympy:1,0.25,hybrid_logistic_start2_every_sample_lambda10,494,16,12573,sympy:1
False,7,False,9097,sympy:2,0.0,hybrid_logistic_start2_every_sample_lambda10,497,16,9097,sympy:2
True,16,False,7761,sympy:56,0.0,hybrid_logistic_start2_every_sample_lambda10,18,2,900,sympy:28
True,1,True,8919,sympy:10,0.0,hybrid_logistic_start2_every_sample_lambda10,24,16,8919,sympy:10
False,7,False,14561,"sympy:{0, 1}",0.5,hybrid_logistic_start2_every_sample_lambda10,25,2,2048,sympy:i*l*n*n*o*o*o*s*t*u
False,1,False,11174,sympy:576,0.0,hybrid_logistic_start2_every_sample_lambda10,26,16,11174,sympy:576
True,1,True,6528,sympy:78,0.0,hybrid_logistic_start2_every_sample_lambda10,27,2,669,sympy:78
True,1,True,6655,sympy:3,0.0,hybrid_logistic_start2_every_sample_lambda10,35,2,817,sympy:3
True,3,True,12476,"sympy:{3, 5, 7}",0.0,hybrid_logistic_start2_every_sample_lambda10,36,4,2866,"sympy:{3, 5, 7}"
True,1,True,3770,sympy:72,0.0,hybrid_logistic_start2_every_sample_lambda10,37,2,391,sympy:72
True,1,True,7763,sympy:1.25000000000000,0.0,hybrid_logistic_start2_every_sample_lambda10,44,2,1006,sympy:1.25000000000000
True,1,True,5920,sympy:-1*pi/6,0.0,hybrid_logistic_start2_every_sample_lambda10,53,2,757,sympy:-1*pi/6
True,1,True,4796,sympy:0.150000000000000,0.0,hybrid_logistic_start2_every_sample_lambda10,54,2,578,sympy:0.150000000000000
True,1,True,3463,sympy:11,0.0,hybrid_logistic_start2_every_sample_lambda10,56,2,399,sympy:11
False,7,True,13342,sympy:35/64,0.5,hybrid_logistic_start2_every_sample_lambda10,64,2,2048,sympy:1/16
True,1,True,3288,sympy:1,0.0,hybrid_logistic_start2_every_sample_lambda10,65,2,422,sympy:1
True,1,True,12048,sympy:46,0.0,hybrid_logistic_start2_every_sample_lambda10,68,2,1591,sympy:46
True,1,True,7901,sympy:40,0.0,hybrid_logistic_start2_every_sample_lambda10,70,2,874,sympy:40
True,1,True,6664,sympy:3,0.0,hybrid_logistic_start2_every_sample_lambda10,81,2,635,sympy:3
True,7,True,7856,sympy:3/2,0.0,hybrid_logistic_start2_every_sample_lambda10,82,16,7856,sympy:3/2
True,1,True,11916,sympy:-4,0.0,hybrid_logistic_start2_every_sample_lambda10,95,2,1372,sympy:-4
True,1,True,6146,sympy:2*k + 2,0.0,hybrid_logistic_start2_every_sample_lambda10,98,2,497,sympy:2*k + 2
False,1,False,16083,sympy:1,0.5,hybrid_logistic_start2_every_sample_lambda10,101,2,1897,sympy:1
True,1,True,13195,sympy:2,0.0,hybrid_logistic_start2_every_sample_lambda10,108,4,2946,sympy:2
True,1,True,5288,sympy:2,0.0,hybrid_logistic_start2_every_sample_lambda10,116,2,715,sympy:2
False,1,False,8515,sympy:dd*o,0.0,hybrid_logistic_start2_every_sample_lambda10,120,4,2086,sympy:dd*o
True,1,True,11783,sympy:11/2,0.0,hybrid_logistic_start2_every_sample_lambda10,124,2,1509,sympy:11/2
True,1,True,6630,sympy:-3,0.0,hybrid_logistic_start2_every_sample_lambda10,125,2,605,sympy:-3
False,1,False,15083,sympy:2*i + 1,0.5,hybrid_logistic_start2_every_sample_lambda10,126,2,1877,sympy:2*i + 1
True,1,True,6871,sympy:13,0.0,hybrid_logistic_start2_every_sample_lambda10,130,2,828,sympy:13
True,1,True,8989,sympy:8,0.0,hybrid_logistic_start2_every_sample_lambda10,131,2,1029,sympy:8
True,1,True,10206,sympy:16,0.0,hybrid_logistic_start2_every_sample_lambda10,134,2,1231,sympy:16
True,1,True,7509,sympy:204,0.0,hybrid_logistic_start2_every_sample_lambda10,137,2,966,sympy:204
True,1,True,8003,sympy:13,0.0,hybrid_logistic_start2_every_sample_lambda10,140,2,1071,sympy:13
True,1,True,4176,"sympy:(15, -29)",0.0,hybrid_logistic_start2_every_sample_lambda10,144,2,561,"sympy:(15, -29)"
False,13,False,11470,sympy:16,0.125,hybrid_logistic_start2_every_sample_lambda10,152,16,11470,sympy:16
True,1,True,7534,sympy:2/21,0.0,hybrid_logistic_start2_every_sample_lambda10,153,2,949,sympy:2/21
True,1,True,5705,sympy:6/5,0.0,hybrid_logistic_start2_every_sample_lambda10,157,2,666,sympy:6/5
True,1,True,8012,sympy:3.21000000000000,0.0,hybrid_logistic_start2_every_sample_lambda10,159,2,885,sympy:3.21000000000000
True,6,True,9906,sympy:270/7,0.0,hybrid_logistic_start2_every_sample_lambda10,166,10,6348,sympy:270/7
False,1,False,12664,sympy:12,0.5,hybrid_logistic_start2_every_sample_lambda10,168,2,1830,sympy:12
True,1,True,6758,sympy:13/15,0.0,hybrid_logistic_start2_every_sample_lambda10,171,2,754,sympy:13/15
False,12,True,6042,sympy:3,0.0,hybrid_logistic_start2_every_sample_lambda10,180,8,3433,sympy:2
True,1,True,3970,sympy:1251,0.0,hybrid_logistic_start2_every_sample_lambda10,182,2,502,sympy:1251
True,1,True,7366,sympy:30,0.0,hybrid_logistic_start2_every_sample_lambda10,192,2,839,sympy:30
True,1,True,12958,sympy:1/4,0.0,hybrid_logistic_start2_every_sample_lambda10,194,2,1524,sympy:1/4
True,1,True,11402,sympy:6,0.0,hybrid_logistic_start2_every_sample_lambda10,197,4,3093,sympy:6
True,1,True,10879,sympy:66,0.0,hybrid_logistic_start2_every_sample_lambda10,201,2,1687,sympy:66
True,1,True,7094,"sympy:(3/2, -13)",0.0,hybrid_logistic_start2_every_sample_lambda10,206,2,835,"sympy:(3/2, -13)"
True,1,True,5808,sympy:28,0.0,hybrid_logistic_start2_every_sample_lambda10,207,2,662,sympy:28
True,1,True,3878,sympy:90,0.0,hybrid_logistic_start2_every_sample_lambda10,229,2,464,sympy:90
True,1,True,9574,sympy:22,0.0,hybrid_logistic_start2_every_sample_lambda10,237,2,1399,sympy:22
True,1,True,12784,sympy:17,0.0,hybrid_logistic_start2_every_sample_lambda10,241,2,1603,sympy:17
False,3,False,8088,sympy:32349,0.0,hybrid_logistic_start2_every_sample_lambda10,242,6,3020,sympy:32349
False,4,False,13699,sympy:11,0.5,hybrid_logistic_start2_every_sample_lambda10,249,2,2048,sympy:14
True,1,True,6081,sympy:15,0.0,hybrid_logistic_start2_every_sample_lambda10,263,2,709,sympy:15
True,1,True,4127,sympy:1,0.0,hybrid_logistic_start2_every_sample_lambda10,268,2,558,sympy:1
True,1,True,5722,sympy:10,0.0,hybrid_logistic_start2_every_sample_lambda10,270,2,728,sympy:10
True,1,True,8217,sympy:333,0.0,hybrid_logistic_start2_every_sample_lambda10,271,2,1004,sympy:333
True,9,True,11355,sympy:1030,0.0,hybrid_logistic_start2_every_sample_lambda10,272,2,1584,sympy:1030
False,8,False,5600,sympy:36,0.0,hybrid_logistic_start2_every_sample_lambda10,274,16,5600,sympy:36
True,1,True,4512,sympy:7,0.0,hybrid_logistic_start2_every_sample_lambda10,275,2,564,sympy:7
True,1,True,7891,sympy:11,0.0,hybrid_logistic_start2_every_sample_lambda10,276,2,853,sympy:11
True,6,True,9383,sympy:36,0.0,hybrid_logistic_start2_every_sample_lambda10,281,16,9383,sympy:36
False,1,False,5509,sympy:497,0.0,hybrid_logistic_start2_every_sample_lambda10,282,2,610,sympy:497
True,1,True,6977,sympy:1,0.0,hybrid_logistic_start2_every_sample_lambda10,283,2,1302,sympy:1
False,2,False,13758,sympy:1/2,0.5,hybrid_logistic_start2_every_sample_lambda10,286,2,1668,sympy:1/2
False,1,False,15299,sympy:sqrt(89),0.5,hybrid_logistic_start2_every_sample_lambda10,288,2,2048,sympy:sqrt(89)
False,1,False,12612,sympy:c,0.0,hybrid_logistic_start2_every_sample_lambda10,296,2,1632,sympy:c
True,1,True,8261,"sympy:Interval.open(5, oo)",0.0,hybrid_logistic_start2_every_sample_lambda10,312,2,852,"sympy:Interval.open(5, oo)"
True,1,True,7006,sympy:12*pi,0.0,hybrid_logistic_start2_every_sample_lambda10,313,2,753,sympy:12*pi
True,1,True,8754,sympy:-24/25,0.0,hybrid_logistic_start2_every_sample_lambda10,320,2,1141,sympy:-24/25
True,12,True,10724,sympy:2,0.0625,hybrid_logistic_start2_every_sample_lambda10,332,16,10724,sympy:2
False,1,False,16384,,1.0,hybrid_logistic_start2_every_sample_lambda10,340,16,16384,
True,1,True,5717,sympy:2,0.0,hybrid_logistic_start2_every_sample_lambda10,342,2,651,sympy:2
True,1,True,5929,sympy:58500,0.0,hybrid_logistic_start2_every_sample_lambda10,343,2,775,sympy:58500
True,1,True,7229,sympy:66,0.0,hybrid_logistic_start2_every_sample_lambda10,346,2,859,sympy:66
False,1,False,9558,sympy:-1/16,0.0,hybrid_logistic_start2_every_sample_lambda10,351,2,1257,sympy:-1/16
True,1,True,14038,sympy:6,0.0,hybrid_logistic_start2_every_sample_lambda10,359,2,1698,sympy:6
True,1,True,3091,sympy:1/4,0.0,hybrid_logistic_start2_every_sample_lambda10,362,2,362,sympy:1/4
False,1,False,14815,sympy:1/18,0.125,hybrid_logistic_start2_every_sample_lambda10,381,16,14815,sympy:1/18
True,1,True,5750,sympy:11,0.0,hybrid_logistic_start2_every_sample_lambda10,386,2,734,sympy:11
True,1,True,5055,sympy:18,0.0,hybrid_logistic_start2_every_sample_lambda10,387,2,672,sympy:18
True,11,True,8565,sympy:11/2,0.0,hybrid_logistic_start2_every_sample_lambda10,388,16,8565,sympy:11/2
False,5,False,13788,sympy:39.6800000000000,0.0,hybrid_logistic_start2_every_sample_lambda10,398,16,13788,sympy:39.6800000000000
True,9,True,10193,sympy:14/3,0.0,hybrid_logistic_start2_every_sample_lambda10,400,16,10193,sympy:14/3
False,6,False,15335,sympy:3,0.8333333333333334,hybrid_logistic_start2_every_sample_lambda10,401,6,5713,sympy:3
False,1,False,9786,sympy:1,0.0,hybrid_logistic_start2_every_sample_lambda10,403,2,1638,sympy:1
True,1,True,4479,sympy:0,0.0,hybrid_logistic_start2_every_sample_lambda10,406,2,473,sympy:0
False,7,False,16332,"sympy:{-2, 1}",0.8571428571428571,hybrid_logistic_start2_every_sample_lambda10,422,7,7116,"sympy:{-2, 1}"
True,1,True,6020,sympy:29,0.0,hybrid_logistic_start2_every_sample_lambda10,427,2,814,sympy:29
True,1,True,9469,sympy:50,0.0,hybrid_logistic_start2_every_sample_lambda10,429,2,1144,sympy:50
True,1,True,3825,sympy:4.50000000000000,0.0,hybrid_logistic_start2_every_sample_lambda10,430,2,482,sympy:4.50000000000000
True,1,True,5827,sympy:550,0.0,hybrid_logistic_start2_every_sample_lambda10,441,2,713,sympy:550
True,1,True,10475,sympy:8,0.0,hybrid_logistic_start2_every_sample_lambda10,446,2,1558,sympy:8
True,1,True,10239,sympy:44,0.0,hybrid_logistic_start2_every_sample_lambda10,448,2,1221,sympy:44
True,1,True,5194,sympy:47,0.0,hybrid_logistic_start2_every_sample_lambda10,449,2,1265,sympy:47
True,1,True,2738,sympy:0,0.0,hybrid_logistic_start2_every_sample_lambda10,457,2,352,sympy:0
True,1,True,7757,sympy:121,0.0,hybrid_logistic_start2_every_sample_lambda10,465,2,529,sympy:121
False,16,True,13628,sympy:7,0.0,hybrid_logistic_start2_every_sample_lambda10,473,4,3545,sympy:4
True,1,True,5532,sympy:2,0.0,hybrid_logistic_start2_every_sample_lambda10,487,2,646,sympy:2
False,12,False,5092,sympy:24,0.0,hybrid_logistic_start2_every_sample_lambda10,491,16,5092,sympy:24
True,1,True,4955,"sympy:(3, pi/2)",0.0,hybrid_logistic_start2_every_sample_lambda10,0,2,635,"sympy:(3, pi/2)"
True,1,True,9629,sympy:p - q,0.0,hybrid_logistic_start2_every_sample_lambda10,1,2,1087,sympy:p - q
True,1,True,7703,sympy:9,0.0,hybrid_logistic_start2_every_sample_lambda10,3,2,919,sympy:9
True,1,True,9542,sympy:284,0.0,hybrid_logistic_start2_every_sample_lambda10,12,2,1010,sympy:284
False,1,False,4200,sympy:10,0.0,hybrid_logistic_start2_every_sample_lambda10,14,4,1190,sympy:10
True,1,True,10480,sympy:-1*5*i + 6,0.0,hybrid_logistic_start2_every_sample_lambda10,15,2,1326,sympy:-1*5*i + 6
True,14,False,11137,sympy:pi/2,0.0,hybrid_logistic_start2_every_sample_lambda10,17,4,2530,sympy:pi
True,1,True,5538,sympy:52,0.0,hybrid_logistic_start2_every_sample_lambda10,30,2,654,sympy:52
True,1,True,7286,sympy:11*sqrt(2),0.0,hybrid_logistic_start2_every_sample_lambda10,31,2,1140,sympy:11*sqrt(2)
True,1,True,12186,sympy:x**5 - x**4 + x**3 - x**2 + x - 1,0.0,hybrid_logistic_start2_every_sample_lambda10,51,2,1357,sympy:x**5 - x**4 + x**3 - x**2 + x - 1
True,1,True,4963,sympy:12,0.0,hybrid_logistic_start2_every_sample_lambda10,52,2,567,sympy:12
True,1,True,7100,sympy:5,0.0,hybrid_logistic_start2_every_sample_lambda10,59,2,845,sympy:5
False,8,False,16007,"sympy:(-3, 3, -1)",0.75,hybrid_logistic_start2_every_sample_lambda10,60,4,4072,"sympy:(0, -280, -244)"
True,1,True,5913,sympy:-256,0.0,hybrid_logistic_start2_every_sample_lambda10,61,2,742,sympy:-256
True,1,True,6374,sympy:x**3 + 3*x - 6,0.0,hybrid_logistic_start2_every_sample_lambda10,66,2,775,sympy:x**3 + 3*x - 6
True,1,True,6862,sympy:-1,0.0,hybrid_logistic_start2_every_sample_lambda10,69,2,781,sympy:-1
True,4,True,6340,sympy:2516,0.0,hybrid_logistic_start2_every_sample_lambda10,71,16,6340,sympy:2516
True,1,True,6153,sympy:1,0.0,hybrid_logistic_start2_every_sample_lambda10,91,2,601,sympy:1
False,2,False,12589,sympy:70,0.5,hybrid_logistic_start2_every_sample_lambda10,94,2,1731,sympy:70
False,13,False,15546,sympy:2,0.5,hybrid_logistic_start2_every_sample_lambda10,96,2,1981,"sympy:{-1, 7}"
True,1,True,5326,sympy:E*a*s*t,0.0,hybrid_logistic_start2_every_sample_lambda10,97,2,1325,sympy:E*a*s*t
False,8,False,10169,sympy:155,0.125,hybrid_logistic_start2_every_sample_lambda10,100,16,10169,sympy:155
True,1,True,9630,sympy:210,0.0,hybrid_logistic_start2_every_sample_lambda10,111,2,1039,sympy:210
True,7,False,14970,sympy:6,0.5,hybrid_logistic_start2_every_sample_lambda10,123,2,1986,sympy:8
True,11,True,11188,sympy:3840/289,0.0,hybrid_logistic_start2_every_sample_lambda10,129,16,11188,sympy:3840/289
True,1,True,6408,sympy:120,0.0,hybrid_logistic_start2_every_sample_lambda10,133,2,734,sympy:120
True,1,True,7121,sympy:9,0.0,hybrid_logistic_start2_every_sample_lambda10,135,2,728,sympy:9
True,16,True,7128,sympy:28800,0.0,hybrid_logistic_start2_every_sample_lambda10,142,4,1792,sympy:28800
True,15,True,11119,sympy:-2,0.0625,hybrid_logistic_start2_every_sample_lambda10,145,16,11119,sympy:-2
True,1,True,9714,sympy:144,0.0,hybrid_logistic_start2_every_sample_lambda10,151,2,991,sympy:144
False,8,False,9394,sympy:2*sqrt(34),0.0,hybrid_logistic_start2_every_sample_lambda10,154,16,9394,sympy:2*sqrt(34)
True,1,True,4522,sympy:6,0.0,hybrid_logistic_start2_every_sample_lambda10,161,2,1175,sympy:6
True,1,True,8203,sympy:-35/9,0.0,hybrid_logistic_start2_every_sample_lambda10,163,2,999,sympy:-35/9
True,1,True,5194,sympy:4/9,0.0,hybrid_logistic_start2_every_sample_lambda10,165,2,628,sympy:4/9
True,1,True,4172,sympy:60,0.0,hybrid_logistic_start2_every_sample_lambda10,178,2,383,sympy:60
True,1,True,16113,sympy:6,0.0,hybrid_logistic_start2_every_sample_lambda10,188,2,1952,sympy:6
True,16,False,5942,sympy:25/36,0.0,hybrid_logistic_start2_every_sample_lambda10,190,4,1661,sympy:13/18
True,1,True,4350,sympy:0,0.0,hybrid_logistic_start2_every_sample_lambda10,191,2,501,sympy:0
True,1,True,4684,sympy:1600,0.0,hybrid_logistic_start2_every_sample_lambda10,196,2,681,sympy:1600
True,1,True,6226,sympy:40,0.0,hybrid_logistic_start2_every_sample_lambda10,200,2,999,sympy:40
True,1,True,6297,sympy:1,0.0,hybrid_logistic_start2_every_sample_lambda10,208,2,826,sympy:1
False,1,False,12138,sympy:1,0.5,hybrid_logistic_start2_every_sample_lambda10,213,2,1891,sympy:1
False,14,False,9381,sympy:100,0.0625,hybrid_logistic_start2_every_sample_lambda10,214,16,9381,sympy:100
True,1,True,6964,sympy:6,0.0,hybrid_logistic_start2_every_sample_lambda10,216,2,913,sympy:6
True,1,True,9562,sympy:1/2,0.0,hybrid_logistic_start2_every_sample_lambda10,219,16,9562,sympy:1/2
False,1,False,12914,sympy:1/16,0.5,hybrid_logistic_start2_every_sample_lambda10,224,2,1831,sympy:1/16
True,1,True,4035,sympy:3,0.0,hybrid_logistic_start2_every_sample_lambda10,226,2,582,sympy:3
True,1,True,7456,sympy:30,0.0,hybrid_logistic_start2_every_sample_lambda10,233,2,972,sympy:30
False,6,False,6794,sympy:52,0.0,hybrid_logistic_start2_every_sample_lambda10,240,14,5878,sympy:52
True,1,True,13527,sympy:8,0.0,hybrid_logistic_start2_every_sample_lambda10,244,2,1518,sympy:8
False,11,False,14984,sympy:-1*10*x,0.125,hybrid_logistic_start2_every_sample_lambda10,245,16,14984,sympy:-1*10*x
True,1,True,8419,sympy:10/11,0.0,hybrid_logistic_start2_every_sample_lambda10,247,2,1030,sympy:10/11
True,1,True,9915,sympy:13,0.0,hybrid_logistic_start2_every_sample_lambda10,250,2,1237,sympy:13
True,1,True,8556,sympy:81,0.0,hybrid_logistic_start2_every_sample_lambda10,252,2,1166,sympy:81
True,1,True,7929,sympy:16,0.0,hybrid_logistic_start2_every_sample_lambda10,258,2,894,sympy:16
True,1,True,3900,sympy:4,0.0,hybrid_logistic_start2_every_sample_lambda10,262,2,469,sympy:4
False,13,True,7702,sympy:33/100,0.0,hybrid_logistic_start2_every_sample_lambda10,266,2,921,parsed:**
True,1,True,6530,sympy:255,0.0,hybrid_logistic_start2_every_sample_lambda10,278,2,921,sympy:255
False,7,True,7559,sympy:7*pi,0.0,hybrid_logistic_start2_every_sample_lambda10,279,2,928,sympy:4*pi
False,1,False,10715,sympy:4,0.0,hybrid_logistic_start2_every_sample_lambda10,295,4,2675,sympy:4
False,7,True,15508,sympy:-18,0.5,hybrid_logistic_start2_every_sample_lambda10,298,2,1942,sympy:6
False,9,False,12981,sympy:2,0.125,hybrid_logistic_start2_every_sample_lambda10,306,16,12981,sympy:2
True,1,True,6118,sympy:49,0.0,hybrid_logistic_start2_every_sample_lambda10,310,2,717,sympy:49
True,1,True,9825,sympy:12,0.0,hybrid_logistic_start2_every_sample_lambda10,316,2,1277,sympy:12
True,1,True,10329,sympy:1/3,0.0,hybrid_logistic_start2_every_sample_lambda10,323,2,1399,sympy:1/3
True,5,True,13528,sympy:120,0.125,hybrid_logistic_start2_every_sample_lambda10,324,16,13528,sympy:120
True,1,True,7255,sympy:4,0.0,hybrid_logistic_start2_every_sample_lambda10,325,2,919,sympy:4
True,1,True,7948,sympy:1940,0.0,hybrid_logistic_start2_every_sample_lambda10,330,2,1246,sympy:1940
True,1,True,5980,sympy:4343,0.0,hybrid_logistic_start2_every_sample_lambda10,338,2,690,sympy:4343
False,1,False,4706,sympy:5040,0.0,hybrid_logistic_start2_every_sample_lambda10,349,2,466,sympy:5040
True,1,True,5313,sympy:4,0.0,hybrid_logistic_start2_every_sample_lambda10,350,2,632,sympy:4
True,1,True,6869,sympy:480,0.0,hybrid_logistic_start2_every_sample_lambda10,353,2,739,sympy:480
False,6,False,7922,sympy:E*c*c*i*l*r,0.0,hybrid_logistic_start2_every_sample_lambda10,358,16,7922,sympy:E*c*c*i*l*r
True,1,True,9904,"sympy:(1, -16, -4, 43)",0.0,hybrid_logistic_start2_every_sample_lambda10,364,2,1201,"sympy:(1, -16, -4, 43)"
False,1,False,12156,sympy:40,0.0,hybrid_logistic_start2_every_sample_lambda10,365,2,1289,sympy:40
True,1,True,7133,sympy:4,0.0,hybrid_logistic_start2_every_sample_lambda10,366,2,1091,sympy:4
True,1,True,4382,sympy:4,0.0,hybrid_logistic_start2_every_sample_lambda10,374,2,559,sympy:4
True,1,True,9357,sympy:20000/pi,0.0,hybrid_logistic_start2_every_sample_lambda10,382,4,2294,sympy:20000/pi
True,6,True,8441,sympy:sqrt(21)/5,0.0,hybrid_logistic_start2_every_sample_lambda10,389,16,8441,sympy:sqrt(21)/5
True,1,True,9038,sympy:2,0.0,hybrid_logistic_start2_every_sample_lambda10,396,2,1513,sympy:2
True,1,True,5715,sympy:60,0.0,hybrid_logistic_start2_every_sample_lambda10,405,2,630,sympy:60
True,1,True,11856,sympy:2*sqrt(5),0.0,hybrid_logistic_start2_every_sample_lambda10,409,2,1384,sympy:2*sqrt(5)
True,1,True,7766,sympy:10,0.0,hybrid_logistic_start2_every_sample_lambda10,414,2,850,sympy:10
False,1,False,8441,"parsed:Matrix([[16/49], [f*r*a*c*97], [f*r*a*c*73]])",0.0,hybrid_logistic_start2_every_sample_lambda10,420,2,999,"parsed:Matrix([[16/49], [f*r*a*c*97], [f*r*a*c*73]])"
True,16,False,13836,sympy:1439,0.0,hybrid_logistic_start2_every_sample_lambda10,423,2,1766,sympy:1440
True,1,True,7380,sympy:600,0.0,hybrid_logistic_start2_every_sample_lambda10,424,2,873,sympy:600
True,1,True,7728,sympy:3,0.0,hybrid_logistic_start2_every_sample_lambda10,437,2,842,sympy:3
True,1,True,5477,sympy:45,0.0,hybrid_logistic_start2_every_sample_lambda10,443,2,735,sympy:45
True,1,True,10567,sympy:64,0.0,hybrid_logistic_start2_every_sample_lambda10,450,2,1120,sympy:64
True,1,True,5490,sympy:6,0.0,hybrid_logistic_start2_every_sample_lambda10,455,2,680,sympy:6
True,1,True,3922,sympy:25,0.0,hybrid_logistic_start2_every_sample_lambda10,469,2,470,sympy:25
False,13,True,16195,sympy:27648,0.75,hybrid_logistic_start2_every_sample_lambda10,470,4,3966,sympy:5/1536
True,1,True,10374,sympy:3,0.0,hybrid_logistic_start2_every_sample_lambda10,474,2,1268,sympy:3
True,1,True,5591,sympy:200,0.0,hybrid_logistic_start2_every_sample_lambda10,476,2,697,sympy:200
True,1,True,8031,sympy:1,0.0,hybrid_logistic_start2_every_sample_lambda10,480,2,1235,sympy:1
False,5,False,13703,sympy:1,0.3125,hybrid_logistic_start2_every_sample_lambda10,481,16,13703,sympy:1
False,8,True,15003,sympy:13,0.5,hybrid_logistic_start2_every_sample_lambda10,485,2,1936,sympy:12
True,1,True,3747,sympy:216,0.0,hybrid_logistic_start2_every_sample_lambda10,486,4,959,sympy:216
True,1,True,3636,sympy:36,0.0,hybrid_logistic_start2_every_sample_lambda10,488,2,473,sympy:36
False,1,False,14697,sympy:1,0.5,hybrid_logistic_start2_every_sample_lambda10,498,2,2048,sympy:1
True,1,True,9658,sympy:E*e*l*n*v*y,0.0,hybrid_histgb_start2_every_sample_lambda10,4,3,1970,sympy:E*e*l*n*v*y
True,1,True,6649,sympy:3*sqrt(13),0.0,hybrid_histgb_start2_every_sample_lambda10,8,3,1309,sympy:3*sqrt(13)
False,15,False,13015,sympy:1,0.125,hybrid_histgb_start2_every_sample_lambda10,9,16,13015,sympy:1
False,2,False,14860,sympy:8/63,0.375,hybrid_histgb_start2_every_sample_lambda10,11,16,14860,sympy:8/63
True,1,True,4186,sympy:-50,0.0,hybrid_histgb_start2_every_sample_lambda10,16,3,802,sympy:-50
True,6,True,13584,sympy:13535,0.125,hybrid_histgb_start2_every_sample_lambda10,21,16,13584,sympy:13535
True,1,True,4707,sympy:7*i - 2,0.0,hybrid_histgb_start2_every_sample_lambda10,28,3,931,sympy:7*i - 2
False,14,False,11779,sympy:81/205,0.0,hybrid_histgb_start2_every_sample_lambda10,33,16,11779,sympy:81/205
True,1,True,4780,sympy:4,0.0,hybrid_histgb_start2_every_sample_lambda10,42,3,962,sympy:4
True,1,True,5689,sympy:2,0.0,hybrid_histgb_start2_every_sample_lambda10,45,3,1001,sympy:2
True,1,True,6349,sympy:3/2,0.0,hybrid_histgb_start2_every_sample_lambda10,48,3,725,sympy:3/2
False,11,False,12647,sympy:sqrt((sqrt(177) + 17)/2),0.0,hybrid_histgb_start2_every_sample_lambda10,62,16,12647,sympy:sqrt((sqrt(177) + 17)/2)
False,3,False,8883,sympy:9,0.0,hybrid_histgb_start2_every_sample_lambda10,63,6,3178,sympy:9
True,1,True,5543,sympy:10,0.0,hybrid_histgb_start2_every_sample_lambda10,67,8,2799,sympy:10
True,1,True,5836,sympy:3,0.0,hybrid_histgb_start2_every_sample_lambda10,72,3,1038,sympy:3
True,1,True,6863,sympy:cot(x),0.0,hybrid_histgb_start2_every_sample_lambda10,74,3,1260,sympy:cot(x)
True,1,True,4140,sympy:0,0.0,hybrid_histgb_start2_every_sample_lambda10,76,3,912,sympy:0
False,1,False,12046,sympy:1,0.0,hybrid_histgb_start2_every_sample_lambda10,80,3,2116,sympy:1
True,1,True,14346,sympy:2,0.25,hybrid_histgb_start2_every_sample_lambda10,88,4,3576,sympy:2
False,1,False,4036,sympy:15,0.0,hybrid_histgb_start2_every_sample_lambda10,90,3,783,sympy:15
True,1,True,5851,sympy:(a + 5)*(b + 2),0.0,hybrid_histgb_start2_every_sample_lambda10,102,3,953,sympy:(a + 5)*(b + 2)
False,13,False,15895,"sympy:Interval.open(1, 4)",0.5625,hybrid_histgb_start2_every_sample_lambda10,103,16,15895,"sympy:Interval.open(1, 4)"
True,1,True,6709,sympy:9,0.0,hybrid_histgb_start2_every_sample_lambda10,107,5,2248,sympy:9
False,5,False,14998,sympy:65,0.5625,hybrid_histgb_start2_every_sample_lambda10,109,16,14998,sympy:65
True,1,True,5499,sympy:3,0.0,hybrid_histgb_start2_every_sample_lambda10,117,3,1056,sympy:3
True,2,True,13513,sympy:81,0.4,hybrid_histgb_start2_every_sample_lambda10,118,5,4221,sympy:81
True,1,True,4172,sympy:36,0.0,hybrid_histgb_start2_every_sample_lambda10,128,3,597,sympy:36
True,1,True,4498,sympy:2,0.0,hybrid_histgb_start2_every_sample_lambda10,141,3,875,sympy:2
True,1,True,11397,sympy:3*sqrt(5),0.0,hybrid_histgb_start2_every_sample_lambda10,143,3,2177,sympy:3*sqrt(5)
True,1,True,6797,sympy:11,0.0,hybrid_histgb_start2_every_sample_lambda10,148,3,850,sympy:11
True,1,True,12603,sympy:49,0.0,hybrid_histgb_start2_every_sample_lambda10,149,3,2153,sympy:49
False,3,False,15152,sympy:3,0.6666666666666666,hybrid_histgb_start2_every_sample_lambda10,150,6,5970,sympy:3
True,1,True,3441,sympy:65,0.0,hybrid_histgb_start2_every_sample_lambda10,167,3,639,sympy:65
True,1,True,12517,sympy:4,0.0,hybrid_histgb_start2_every_sample_lambda10,173,3,2293,sympy:4
False,1,False,6373,sympy:60,0.0,hybrid_histgb_start2_every_sample_lambda10,177,3,637,sympy:60
True,1,True,13329,"sympy:Eq(5*x - 1*7*y + 11*z + 4, 0)",0.2,hybrid_histgb_start2_every_sample_lambda10,179,10,8536,"sympy:Eq(5*x - 1*7*y + 11*z + 4, 0)"
True,1,True,5745,sympy:sqrt(3)/3,0.0,hybrid_histgb_start2_every_sample_lambda10,181,3,935,sympy:sqrt(3)/3
True,1,True,5923,sympy:24,0.0,hybrid_histgb_start2_every_sample_lambda10,195,3,1062,sympy:24
True,1,True,7149,sympy:16,0.0,hybrid_histgb_start2_every_sample_lambda10,209,3,1133,sympy:16
True,1,True,4589,sympy:5,0.0,hybrid_histgb_start2_every_sample_lambda10,211,3,787,sympy:5
True,1,True,8223,sympy:900,0.0,hybrid_histgb_start2_every_sample_lambda10,221,3,1440,sympy:900
False,3,False,8180,sympy:150,0.0,hybrid_histgb_start2_every_sample_lambda10,222,6,2669,sympy:150
True,1,True,5163,sympy:11,0.0,hybrid_histgb_start2_every_sample_lambda10,225,3,1034,sympy:11
True,1,True,4076,sympy:c,0.0,hybrid_histgb_start2_every_sample_lambda10,227,3,810,sympy:c
True,4,True,15835,sympy:288*pi,0.5714285714285714,hybrid_histgb_start2_every_sample_lambda10,228,14,13787,sympy:288*pi
False,16,False,13087,sympy:15,0.25,hybrid_histgb_start2_every_sample_lambda10,236,16,13087,sympy:15
True,1,True,9216,sympy:540,0.0,hybrid_histgb_start2_every_sample_lambda10,251,3,2031,sympy:540
True,1,True,3614,sympy:1/8,0.0,hybrid_histgb_start2_every_sample_lambda10,253,3,690,sympy:1/8
True,1,True,6449,sympy:28,0.0,hybrid_histgb_start2_every_sample_lambda10,254,3,1275,sympy:28
True,1,True,5755,sympy:864,0.0,hybrid_histgb_start2_every_sample_lambda10,257,3,1059,sympy:864
True,1,True,9585,sympy:120,0.0,hybrid_histgb_start2_every_sample_lambda10,260,3,1820,sympy:120
True,1,True,5734,sympy:76,0.0,hybrid_histgb_start2_every_sample_lambda10,261,3,1094,sympy:76
False,1,False,11164,sympy:5,0.0625,hybrid_histgb_start2_every_sample_lambda10,264,16,11164,sympy:5
True,1,True,5268,sympy:1250,0.0,hybrid_histgb_start2_every_sample_lambda10,273,3,1032,sympy:1250
True,12,False,9102,sympy:i*l*n*n*o*o*o*s*t*u,0.0,hybrid_histgb_start2_every_sample_lambda10,284,3,2162,"sympy:{2*sqrt(2) + 3, -1*2*sqrt(2) + 3}"
False,3,False,16306,sympy:280,0.8125,hybrid_histgb_start2_every_sample_lambda10,285,16,16306,sympy:280
True,1,True,16017,sympy:4,0.45454545454545453,hybrid_histgb_start2_every_sample_lambda10,290,11,10897,sympy:4
True,5,True,7882,sympy:63,0.0,hybrid_histgb_start2_every_sample_lambda10,291,16,7882,sympy:63
True,1,True,8711,"sympy:Interval.Lopen(3/5, 8/3)",0.0,hybrid_histgb_start2_every_sample_lambda10,293,3,1688,"sympy:Interval.Lopen(3/5, 8/3)"
True,1,True,5947,sympy:63,0.0,hybrid_histgb_start2_every_sample_lambda10,299,3,1049,sympy:63
False,1,False,13978,sympy:21,0.0,hybrid_histgb_start2_every_sample_lambda10,303,3,2777,sympy:21
True,1,True,8086,sympy:41,0.0,hybrid_histgb_start2_every_sample_lambda10,315,3,1776,sympy:41
True,3,True,15866,sympy:0.0900000000000000,0.7142857142857143,hybrid_histgb_start2_every_sample_lambda10,326,7,6693,sympy:0.0900000000000000
True,1,True,11699,sympy:3,0.07692307692307693,hybrid_histgb_start2_every_sample_lambda10,328,13,9644,sympy:3
True,1,True,11221,sympy:13/6,0.0,hybrid_histgb_start2_every_sample_lambda10,331,5,3598,sympy:13/6
True,1,True,11641,sympy:3,0.0,hybrid_histgb_start2_every_sample_lambda10,335,3,2276,sympy:3
True,1,True,7220,sympy:6,0.0,hybrid_histgb_start2_every_sample_lambda10,337,3,1192,sympy:6
True,1,True,9571,sympy:2*k,0.0,hybrid_histgb_start2_every_sample_lambda10,339,5,2867,sympy:2*k
True,1,True,7321,sympy:4495,0.0,hybrid_histgb_start2_every_sample_lambda10,348,3,1341,sympy:4495
True,1,True,3902,sympy:1,0.0,hybrid_histgb_start2_every_sample_lambda10,367,3,779,sympy:1
False,5,False,5002,sympy:144,0.0,hybrid_histgb_start2_every_sample_lambda10,369,16,5002,sympy:144
True,14,True,13804,sympy:17,0.1875,hybrid_histgb_start2_every_sample_lambda10,371,16,13804,sympy:17
True,1,True,6947,sympy:2*i + 1,0.0,hybrid_histgb_start2_every_sample_lambda10,373,3,1241,sympy:2*i + 1
True,2,True,13663,"sympy:(8, -2)",0.4,hybrid_histgb_start2_every_sample_lambda10,376,5,4245,"sympy:(8, -2)"
True,1,True,7211,sympy:6,0.0,hybrid_histgb_start2_every_sample_lambda10,377,3,1258,sympy:6
True,1,True,9604,sympy:3,0.0,hybrid_histgb_start2_every_sample_lambda10,378,5,3096,sympy:3
True,1,True,11266,"sympy:Interval(-2, 7)",0.0,hybrid_histgb_start2_every_sample_lambda10,383,3,2114,"sympy:Interval(-2, 7)"
True,3,True,13855,sympy:12,0.0,hybrid_histgb_start2_every_sample_lambda10,390,6,5194,sympy:12
True,1,True,14545,sympy:0,0.25,hybrid_histgb_start2_every_sample_lambda10,391,4,3536,sympy:0
True,1,True,5436,sympy:4,0.0,hybrid_histgb_start2_every_sample_lambda10,395,3,893,sympy:4
True,1,True,4366,sympy:9,0.0,hybrid_histgb_start2_every_sample_lambda10,407,3,886,sympy:9
True,10,True,15996,sympy:0.200000000000000,0.875,hybrid_histgb_start2_every_sample_lambda10,408,16,15996,sympy:0.200000000000000
False,16,False,15101,sympy:451,0.625,hybrid_histgb_start2_every_sample_lambda10,412,16,15101,sympy:451
True,1,True,8868,sympy:2*sqrt(5),0.0,hybrid_histgb_start2_every_sample_lambda10,418,3,1970,sympy:2*sqrt(5)
True,1,True,14487,sympy:27,0.3333333333333333,hybrid_histgb_start2_every_sample_lambda10,421,9,8326,sympy:27
True,11,True,9017,sympy:3*r**2,0.0625,hybrid_histgb_start2_every_sample_lambda10,425,16,9017,sympy:3*r**2
True,1,True,4651,sympy:4,0.0,hybrid_histgb_start2_every_sample_lambda10,438,3,800,sympy:4
True,1,True,11822,sympy:x**8 + x**7 + x**6 + x**5 + x**4 + x**3 + x**2 + x + 1,0.0,hybrid_histgb_start2_every_sample_lambda10,439,3,2055,sympy:x**8 + x**7 + x**6 + x**5 + x**4 + x**3 + x**2 + x + 1
False,2,False,12048,sympy:1/4,0.3333333333333333,hybrid_histgb_start2_every_sample_lambda10,444,9,7080,sympy:1/4
False,15,False,14317,sympy:8,0.5,hybrid_histgb_start2_every_sample_lambda10,445,16,14317,sympy:8
True,1,True,6606,sympy:9,0.0,hybrid_histgb_start2_every_sample_lambda10,447,5,1799,sympy:9
True,1,True,7788,sympy:639/40,0.0,hybrid_histgb_start2_every_sample_lambda10,451,3,1405,sympy:639/40
True,1,True,6699,sympy:10,0.0,hybrid_histgb_start2_every_sample_lambda10,453,3,1457,sympy:10
False,1,False,16384,,1.0,hybrid_histgb_start2_every_sample_lambda10,454,16,16384,
True,1,True,15498,"sympy:{-2, 1}",0.25,hybrid_histgb_start2_every_sample_lambda10,456,4,4038,"sympy:{-2, 1}"
True,1,True,4579,sympy:15,0.0,hybrid_histgb_start2_every_sample_lambda10,467,3,997,sympy:15
False,1,False,9964,sympy:0,0.0,hybrid_histgb_start2_every_sample_lambda10,478,3,2066,sympy:0
True,1,True,8814,sympy:15,0.0,hybrid_histgb_start2_every_sample_lambda10,489,3,1471,sympy:15
True,1,True,8618,"sympy:Union(Interval.open(2, 12), Interval.open(12, 102))",0.0,hybrid_histgb_start2_every_sample_lambda10,495,3,1677,"sympy:Union(Interval.open(2, 12), Interval.open(12, 102))"
True,1,True,8370,sympy:5/13,0.0,hybrid_histgb_start2_every_sample_lambda10,496,3,1514,sympy:5/13
True,1,True,6044,sympy:2220,0.0,hybrid_histgb_start2_every_sample_lambda10,10,2,755,sympy:2220
True,1,True,4601,sympy:5,0.0,hybrid_histgb_start2_every_sample_lambda10,13,2,479,sympy:5
True,1,True,10343,sympy:3,0.0,hybrid_histgb_start2_every_sample_lambda10,19,2,1926,sympy:3
True,1,True,3731,sympy:9*i + 6,0.0,hybrid_histgb_start2_every_sample_lambda10,20,2,1192,sympy:9*i + 6
True,1,True,12700,sympy:-125,0.0,hybrid_histgb_start2_every_sample_lambda10,34,2,1742,sympy:-125
True,1,True,3895,sympy:2000,0.0,hybrid_histgb_start2_every_sample_lambda10,38,2,467,sympy:2000
True,1,True,3969,sympy:12,0.0,hybrid_histgb_start2_every_sample_lambda10,40,2,507,sympy:12
False,10,False,8697,sympy:5,0.0,hybrid_histgb_start2_every_sample_lambda10,41,16,8697,sympy:5
True,1,True,13525,sympy:6,0.42857142857142855,hybrid_histgb_start2_every_sample_lambda10,46,7,6156,sympy:6
True,1,True,6960,sympy:5,0.0,hybrid_histgb_start2_every_sample_lambda10,47,2,787,sympy:5
True,1,True,4471,sympy:83,0.0,hybrid_histgb_start2_every_sample_lambda10,49,2,526,sympy:83
True,6,True,11954,sympy:203,0.0,hybrid_histgb_start2_every_sample_lambda10,50,16,11954,sympy:203
True,1,True,5608,sympy:3,0.0,hybrid_histgb_start2_every_sample_lambda10,55,2,808,sympy:3
True,1,True,3333,sympy:4,0.0,hybrid_histgb_start2_every_sample_lambda10,77,2,441,sympy:4
True,1,True,10741,"sympy:Interval.open(-2, 1)",0.0,hybrid_histgb_start2_every_sample_lambda10,78,2,1370,"sympy:Interval.open(-2, 1)"
True,1,True,13034,sympy:-1,0.0,hybrid_histgb_start2_every_sample_lambda10,84,2,1590,sympy:-1
True,1,True,5407,sympy:sqrt(5),0.0,hybrid_histgb_start2_every_sample_lambda10,85,2,717,sympy:sqrt(5)
True,1,True,4262,sympy:240,0.0,hybrid_histgb_start2_every_sample_lambda10,86,2,534,sympy:240
True,1,True,9752,sympy:33,0.0,hybrid_histgb_start2_every_sample_lambda10,93,2,1246,sympy:33
False,1,False,11403,sympy:36,0.0,hybrid_histgb_start2_every_sample_lambda10,104,2,1331,sympy:36
False,6,False,5286,sympy:15.5000000000000,0.0,hybrid_histgb_start2_every_sample_lambda10,105,16,5286,sympy:15.5000000000000
True,3,True,8946,sympy:13,0.0,hybrid_histgb_start2_every_sample_lambda10,112,4,2280,sympy:13
True,1,True,10396,sympy:-5,0.0,hybrid_histgb_start2_every_sample_lambda10,114,2,1333,sympy:-5
False,1,False,8457,sympy:30240,0.0,hybrid_histgb_start2_every_sample_lambda10,115,16,8457,sympy:30240
True,6,True,10657,sympy:-9,0.0,hybrid_histgb_start2_every_sample_lambda10,119,16,10657,sympy:-9
True,1,True,6037,sympy:6,0.0,hybrid_histgb_start2_every_sample_lambda10,121,2,674,sympy:6
True,1,True,5447,sympy:9,0.0,hybrid_histgb_start2_every_sample_lambda10,122,2,661,sympy:9
True,1,True,7240,sympy:4210,0.0,hybrid_histgb_start2_every_sample_lambda10,127,2,726,sympy:4210
True,1,True,5577,sympy:4,0.0,hybrid_histgb_start2_every_sample_lambda10,132,2,490,sympy:4
True,6,True,15107,sympy:64,0.8333333333333334,hybrid_histgb_start2_every_sample_lambda10,136,6,5851,sympy:64
False,15,False,13348,sympy:1/5,0.3125,hybrid_histgb_start2_every_sample_lambda10,138,16,13348,sympy:1/5
True,1,True,10692,sympy:2107,0.0,hybrid_histgb_start2_every_sample_lambda10,158,2,1434,sympy:2107
True,1,True,11995,sympy:17/50,0.0,hybrid_histgb_start2_every_sample_lambda10,162,2,1635,sympy:17/50
False,1,False,14898,sympy:20,0.5625,hybrid_histgb_start2_every_sample_lambda10,170,16,14898,sympy:20
True,1,True,7853,sympy:350,0.0,hybrid_histgb_start2_every_sample_lambda10,172,2,1052,sympy:350
True,1,True,6368,sympy:6.72000000000000e-5,0.0,hybrid_histgb_start2_every_sample_lambda10,176,4,1385,sympy:6.72000000000000e-5
True,1,True,11243,sympy:23,0.0,hybrid_histgb_start2_every_sample_lambda10,183,2,1283,sympy:23
True,1,True,5981,sympy:10080,0.0,hybrid_histgb_start2_every_sample_lambda10,198,2,779,sympy:10080
True,1,True,7335,sympy:2/3,0.0,hybrid_histgb_start2_every_sample_lambda10,202,2,1033,sympy:2/3
True,1,True,15297,sympy:-2,0.0,hybrid_histgb_start2_every_sample_lambda10,205,2,1901,sympy:-2
True,7,True,7282,sympy:10,0.0,hybrid_histgb_start2_every_sample_lambda10,210,16,7282,sympy:10
True,1,True,9065,sympy:56,0.0,hybrid_histgb_start2_every_sample_lambda10,212,4,2098,sympy:56
True,1,True,5639,sympy:2,0.0,hybrid_histgb_start2_every_sample_lambda10,215,2,611,sympy:2
True,1,True,4957,"sympy:Interval.open(-1, 6)",0.0,hybrid_histgb_start2_every_sample_lambda10,218,2,661,"sympy:Interval.open(-1, 6)"
False,1,False,6869,sympy:2/27,0.0,hybrid_histgb_start2_every_sample_lambda10,220,2,657,sympy:2/27
True,1,True,5864,sympy:14,0.0,hybrid_histgb_start2_every_sample_lambda10,223,2,661,sympy:14
True,1,True,12696,sympy:10,0.0,hybrid_histgb_start2_every_sample_lambda10,231,2,1646,sympy:10
True,4,True,13333,sympy:1997/2,0.0,hybrid_histgb_start2_every_sample_lambda10,232,6,5205,sympy:1997/2
True,1,True,7723,sympy:-4,0.0,hybrid_histgb_start2_every_sample_lambda10,238,2,909,sympy:-4
False,1,False,16384,,1.0,hybrid_histgb_start2_every_sample_lambda10,239,16,16384,
True,1,True,4690,sympy:3,0.0,hybrid_histgb_start2_every_sample_lambda10,243,2,578,sympy:3
True,1,True,6343,sympy:8/21,0.0,hybrid_histgb_start2_every_sample_lambda10,256,2,826,sympy:8/21
True,1,True,4389,sympy:4005,0.0,hybrid_histgb_start2_every_sample_lambda10,265,2,435,sympy:4005
True,6,True,10164,sympy:180,0.0,hybrid_histgb_start2_every_sample_lambda10,267,10,6509,sympy:180
True,1,True,4697,sympy:sqrt(53),0.0,hybrid_histgb_start2_every_sample_lambda10,277,2,561,sympy:sqrt(53)
True,1,True,8974,sympy:36,0.0,hybrid_histgb_start2_every_sample_lambda10,287,2,1225,sympy:36
True,1,True,10031,sympy:16,0.0,hybrid_histgb_start2_every_sample_lambda10,289,2,1210,sympy:16
True,1,True,10765,sympy:103,0.0,hybrid_histgb_start2_every_sample_lambda10,297,2,1381,sympy:103
True,1,True,10553,sympy:9/19,0.0,hybrid_histgb_start2_every_sample_lambda10,305,2,1570,sympy:9/19
False,9,False,10786,sympy:3*sqrt(3),0.0,hybrid_histgb_start2_every_sample_lambda10,308,16,10786,sympy:3*sqrt(3)
True,1,True,5972,"sympy:Interval.open(2, 4)",0.0,hybrid_histgb_start2_every_sample_lambda10,314,2,769,"sympy:Interval.open(2, 4)"
True,1,True,5550,sympy:-1,0.0,hybrid_histgb_start2_every_sample_lambda10,322,2,719,sympy:-1
True,1,True,3596,sympy:4,0.0,hybrid_histgb_start2_every_sample_lambda10,329,2,417,sympy:4
True,2,True,12764,sympy:3,0.5,hybrid_histgb_start2_every_sample_lambda10,333,4,3570,sympy:3
True,1,True,8013,sympy:-120,0.0,hybrid_histgb_start2_every_sample_lambda10,334,2,1013,sympy:-120
True,1,True,4253,sympy:26000,0.0,hybrid_histgb_start2_every_sample_lambda10,336,2,523,sympy:26000
True,1,True,6168,sympy:1,0.0,hybrid_histgb_start2_every_sample_lambda10,345,2,543,sympy:1
True,1,True,6751,sympy:6*r**2 - 1*4*r - 24,0.0,hybrid_histgb_start2_every_sample_lambda10,347,2,733,sympy:6*r**2 - 1*4*r - 24
False,8,False,16270,sympy:44,0.5714285714285714,hybrid_histgb_start2_every_sample_lambda10,352,14,14237,sympy:44
True,1,True,6924,sympy:81,0.0,hybrid_histgb_start2_every_sample_lambda10,354,2,754,sympy:81
False,9,False,11587,sympy:120,0.125,hybrid_histgb_start2_every_sample_lambda10,355,16,11587,sympy:120
True,1,True,10263,"sympy:Interval.open(-sqrt(3), sqrt(3))",0.0,hybrid_histgb_start2_every_sample_lambda10,356,2,1482,"sympy:Interval.open(-sqrt(3), sqrt(3))"
True,1,True,6758,sympy:7/4,0.0,hybrid_histgb_start2_every_sample_lambda10,360,2,911,sympy:7/4
True,1,True,4305,sympy:31,0.0,hybrid_histgb_start2_every_sample_lambda10,368,2,503,sympy:31
True,1,True,12449,sympy:12,0.0,hybrid_histgb_start2_every_sample_lambda10,379,2,1443,sympy:12
False,8,True,9059,sympy:22,0.0,hybrid_histgb_start2_every_sample_lambda10,385,2,1559,sympy:48
False,1,False,14353,sympy:sqrt(82),0.0,hybrid_histgb_start2_every_sample_lambda10,392,2,1537,sympy:sqrt(82)
True,1,True,7340,sympy:3/4,0.0,hybrid_histgb_start2_every_sample_lambda10,393,2,961,sympy:3/4
True,6,True,14544,sympy:-3/8,0.42857142857142855,hybrid_histgb_start2_every_sample_lambda10,394,14,12735,sympy:-3/8
True,1,True,6101,sympy:23,0.0,hybrid_histgb_start2_every_sample_lambda10,397,2,878,sympy:23
True,1,True,7436,sympy:-1*12*i + 1,0.0,hybrid_histgb_start2_every_sample_lambda10,402,2,860,sympy:-1*12*i + 1
True,1,True,5207,sympy:3,0.0,hybrid_histgb_start2_every_sample_lambda10,404,2,651,sympy:3
True,1,True,6351,sympy:6,0.0,hybrid_histgb_start2_every_sample_lambda10,410,2,849,sympy:6
True,1,True,12375,sympy:9,0.0,hybrid_histgb_start2_every_sample_lambda10,415,2,1402,sympy:9
True,1,True,10426,sympy:1/8,0.0,hybrid_histgb_start2_every_sample_lambda10,416,2,1075,sympy:1/8
True,1,True,4793,sympy:-2,0.0,hybrid_histgb_start2_every_sample_lambda10,417,2,538,sympy:-2
True,1,True,8077,sympy:6*sqrt(2),0.0,hybrid_histgb_start2_every_sample_lambda10,426,2,1038,sympy:6*sqrt(2)
True,1,True,13390,sympy:64,0.0,hybrid_histgb_start2_every_sample_lambda10,428,4,3278,sympy:64
False,13,False,12782,"sympy:Interval(pi**2/8, pi**2/4)",0.0,hybrid_histgb_start2_every_sample_lambda10,431,16,12782,"sympy:Interval(pi**2/8, pi**2/4)"
False,1,False,16260,sympy:0,0.8125,hybrid_histgb_start2_every_sample_lambda10,432,16,16260,sympy:0
True,1,True,8914,"sympy:Union(Interval.open(-oo, 2), Interval.open(3, oo))",0.0,hybrid_histgb_start2_every_sample_lambda10,435,2,1116,"sympy:Union(Interval.open(-oo, 2), Interval.open(3, oo))"
True,1,True,7099,sympy:14,0.0,hybrid_histgb_start2_every_sample_lambda10,440,2,873,sympy:14
True,1,True,4187,sympy:256,0.0,hybrid_histgb_start2_every_sample_lambda10,442,2,527,sympy:256
True,1,True,12471,sympy:41,0.3333333333333333,hybrid_histgb_start2_every_sample_lambda10,458,3,2578,sympy:41
True,1,True,9020,sympy:12,0.0,hybrid_histgb_start2_every_sample_lambda10,461,2,1137,sympy:12
True,1,True,12829,sympy:9,0.0,hybrid_histgb_start2_every_sample_lambda10,464,2,1645,sympy:9
True,1,True,3983,sympy:8,0.0,hybrid_histgb_start2_every_sample_lambda10,468,2,497,sympy:8
True,1,True,11294,sympy:2,0.0,hybrid_histgb_start2_every_sample_lambda10,477,10,6700,sympy:2
True,1,True,10384,sympy:20,0.0,hybrid_histgb_start2_every_sample_lambda10,493,2,1207,sympy:20
True,1,True,5023,sympy:106,0.0,hybrid_histgb_start2_every_sample_lambda10,499,2,549,sympy:106
True,1,True,7912,sympy:14/3,0.0,hybrid_histgb_start2_every_sample_lambda10,2,2,1038,sympy:14/3
True,1,True,4326,sympy:42,0.0,hybrid_histgb_start2_every_sample_lambda10,5,2,539,sympy:42
True,1,True,7256,sympy:27,0.0,hybrid_histgb_start2_every_sample_lambda10,6,2,814,sympy:27
True,5,True,11169,sympy:90,0.0,hybrid_histgb_start2_every_sample_lambda10,7,10,6635,sympy:90
True,1,True,12247,sympy:5,0.0,hybrid_histgb_start2_every_sample_lambda10,22,2,1239,sympy:5
True,1,True,9983,sympy:5,0.0,hybrid_histgb_start2_every_sample_lambda10,23,2,1100,sympy:5
True,1,True,7484,sympy:225,0.0,hybrid_histgb_start2_every_sample_lambda10,29,2,814,sympy:225
True,1,True,6398,sympy:720,0.0,hybrid_histgb_start2_every_sample_lambda10,32,2,682,sympy:720
True,1,True,9113,sympy:23,0.0,hybrid_histgb_start2_every_sample_lambda10,39,2,995,sympy:23
False,3,False,11238,sympy:20*sqrt(5) + 10*sqrt(34),0.0,hybrid_histgb_start2_every_sample_lambda10,43,10,6613,sympy:20*sqrt(5) + 10*sqrt(34)
True,1,True,8889,sympy:16,0.0,hybrid_histgb_start2_every_sample_lambda10,57,2,1256,sympy:16
True,1,True,4159,sympy:9901,0.0,hybrid_histgb_start2_every_sample_lambda10,58,2,582,sympy:9901
True,1,True,5777,sympy:(3*sqrt(3))/4,0.0,hybrid_histgb_start2_every_sample_lambda10,73,2,1295,sympy:(3*sqrt(3))/4
True,1,True,8083,sympy:11/36,0.0,hybrid_histgb_start2_every_sample_lambda10,75,2,1368,sympy:11/36
True,1,True,4361,sympy:2,0.0,hybrid_histgb_start2_every_sample_lambda10,79,2,509,sympy:2
True,1,True,6490,sympy:2,0.0,hybrid_histgb_start2_every_sample_lambda10,83,2,813,sympy:2
True,1,True,10302,sympy:1,0.0,hybrid_histgb_start2_every_sample_lambda10,87,2,1313,sympy:1
True,3,True,11987,sympy:21,0.0,hybrid_histgb_start2_every_sample_lambda10,89,6,4432,sympy:21
True,1,True,11457,sympy:448/15625,0.0,hybrid_histgb_start2_every_sample_lambda10,92,2,1338,sympy:448/15625
False,2,False,14886,"parsed:Matrix([[-1/3], [f*r*a*c*5], [f*r*a*c*8]])",0.3333333333333333,hybrid_histgb_start2_every_sample_lambda10,99,3,2823,"parsed:Matrix([[-1/3], [f*r*a*c*5], [f*r*a*c*8]])"
True,1,True,5266,sympy:4/3,0.0,hybrid_histgb_start2_every_sample_lambda10,106,2,633,sympy:4/3
False,4,False,16262,sympy:3,0.7142857142857143,hybrid_histgb_start2_every_sample_lambda10,110,7,7046,sympy:3
True,1,True,6363,sympy:8000,0.0,hybrid_histgb_start2_every_sample_lambda10,113,2,534,sympy:8000
True,1,True,12452,sympy:1,0.0,hybrid_histgb_start2_every_sample_lambda10,139,2,1729,sympy:1
True,1,True,5783,sympy:sqrt(3)/3,0.0,hybrid_histgb_start2_every_sample_lambda10,146,2,618,sympy:sqrt(3)/3
False,9,False,14700,sympy:12,0.3125,hybrid_histgb_start2_every_sample_lambda10,147,16,14700,sympy:12
True,1,True,6375,sympy:1/4,0.0,hybrid_histgb_start2_every_sample_lambda10,155,2,828,sympy:1/4
False,1,False,14206,sympy:90,0.0,hybrid_histgb_start2_every_sample_lambda10,156,2,1456,sympy:90
True,1,True,7055,sympy:18,0.0,hybrid_histgb_start2_every_sample_lambda10,160,2,844,sympy:18
False,10,False,12749,sympy:sqrt(3),0.0,hybrid_histgb_start2_every_sample_lambda10,164,2,1238,sympy:sqrt(3)
True,1,True,5420,sympy:12,0.0,hybrid_histgb_start2_every_sample_lambda10,169,2,589,sympy:12
True,1,True,7155,sympy:2,0.0,hybrid_histgb_start2_every_sample_lambda10,174,2,907,sympy:2
True,1,True,13204,sympy:3,0.0,hybrid_histgb_start2_every_sample_lambda10,175,2,1672,sympy:3
False,4,False,12713,"sympy:Interval(3, oo)",0.0,hybrid_histgb_start2_every_sample_lambda10,184,16,12713,"sympy:Interval(3, oo)"
True,1,True,3760,sympy:1,0.0,hybrid_histgb_start2_every_sample_lambda10,185,2,450,sympy:1
True,1,True,9426,sympy:7,0.0,hybrid_histgb_start2_every_sample_lambda10,186,2,2048,sympy:7
True,1,True,8308,sympy:7,0.0,hybrid_histgb_start2_every_sample_lambda10,187,2,1461,sympy:7
True,16,True,16039,sympy:160,0.375,hybrid_histgb_start2_every_sample_lambda10,189,16,16039,sympy:160
True,1,True,5658,sympy:4,0.0,hybrid_histgb_start2_every_sample_lambda10,193,2,719,sympy:4
True,1,True,5219,sympy:17,0.0,hybrid_histgb_start2_every_sample_lambda10,199,2,635,sympy:17
True,1,True,8828,sympy:12,0.0,hybrid_histgb_start2_every_sample_lambda10,203,2,1122,sympy:12
False,11,False,13264,sympy:16,0.0,hybrid_histgb_start2_every_sample_lambda10,204,16,13264,sympy:16
False,1,False,7114,sympy:11111111100,0.0,hybrid_histgb_start2_every_sample_lambda10,217,2,856,sympy:11111111100
True,1,True,12338,sympy:16/5,0.0,hybrid_histgb_start2_every_sample_lambda10,230,2,1797,sympy:16/5
False,5,True,7457,sympy:34,0.0,hybrid_histgb_start2_every_sample_lambda10,234,2,651,sympy:49
True,1,True,9576,sympy:5/9,0.0,hybrid_histgb_start2_every_sample_lambda10,235,2,1208,sympy:5/9
True,1,True,4165,sympy:8,0.0,hybrid_histgb_start2_every_sample_lambda10,246,2,578,sympy:8
False,1,False,16384,,1.0,hybrid_histgb_start2_every_sample_lambda10,248,16,16384,
True,1,True,6009,sympy:e,0.0,hybrid_histgb_start2_every_sample_lambda10,255,2,711,sympy:e
True,1,True,4748,sympy:22,0.0,hybrid_histgb_start2_every_sample_lambda10,259,2,548,sympy:22
True,1,True,7821,sympy:6,0.0,hybrid_histgb_start2_every_sample_lambda10,269,2,1385,sympy:6
True,1,True,5818,sympy:8,0.0,hybrid_histgb_start2_every_sample_lambda10,280,2,811,sympy:8
False,1,False,16077,sympy:1260,0.8888888888888888,hybrid_histgb_start2_every_sample_lambda10,292,9,8975,sympy:1260
True,3,True,13066,sympy:58,0.0,hybrid_histgb_start2_every_sample_lambda10,294,6,4372,sympy:58
True,1,True,4827,sympy:12,0.0,hybrid_histgb_start2_every_sample_lambda10,300,2,535,sympy:12
False,1,False,7534,sympy:5.50000000000000,0.0,hybrid_histgb_start2_every_sample_lambda10,301,2,940,sympy:5.50000000000000
True,14,True,13081,sympy:5,0.375,hybrid_histgb_start2_every_sample_lambda10,302,16,13081,sympy:5
True,1,True,13670,sympy:9,0.0,hybrid_histgb_start2_every_sample_lambda10,304,2,1731,sympy:9
True,1,True,8577,"sympy:Interval(-oo, 0)",0.0,hybrid_histgb_start2_every_sample_lambda10,307,2,1041,"sympy:Interval(-oo, 0)"
False,12,False,8953,sympy:15,0.0,hybrid_histgb_start2_every_sample_lambda10,309,16,8953,sympy:15
True,1,True,10845,sympy:3,0.0,hybrid_histgb_start2_every_sample_lambda10,311,2,1504,sympy:3
False,1,False,10137,sympy:2,0.0,hybrid_histgb_start2_every_sample_lambda10,317,2,1100,sympy:2
True,1,True,10623,sympy:(9*a + 11)/20,0.0,hybrid_histgb_start2_every_sample_lambda10,318,2,957,sympy:(9*a + 11)/20
True,1,True,5305,sympy:-128,0.0,hybrid_histgb_start2_every_sample_lambda10,319,2,661,sympy:-128
True,1,True,5171,sympy:10,0.0,hybrid_histgb_start2_every_sample_lambda10,321,2,640,sympy:10
False,1,False,16049,sympy:10,0.75,hybrid_histgb_start2_every_sample_lambda10,327,16,16049,sympy:10
True,1,True,6903,sympy:-2,0.0,hybrid_histgb_start2_every_sample_lambda10,341,2,710,sympy:-2
True,1,True,6571,sympy:5,0.0,hybrid_histgb_start2_every_sample_lambda10,344,2,818,sympy:5
True,13,True,7239,sympy:4,0.0,hybrid_histgb_start2_every_sample_lambda10,357,16,7239,sympy:4
True,1,True,11510,sympy:16*sqrt(3),0.0,hybrid_histgb_start2_every_sample_lambda10,361,2,1352,sympy:16*sqrt(3)
True,1,True,4641,sympy:2,0.0,hybrid_histgb_start2_every_sample_lambda10,363,2,616,sympy:2
True,1,True,5644,sympy:-41,0.0,hybrid_histgb_start2_every_sample_lambda10,370,2,808,sympy:-41
False,12,False,9493,sympy:70,0.0,hybrid_histgb_start2_every_sample_lambda10,372,16,9493,sympy:70
True,1,True,8445,sympy:25,0.0,hybrid_histgb_start2_every_sample_lambda10,375,2,970,sympy:25
False,7,True,12623,"sympy:Union(Interval.open(0, 9), Interval.open(9, 36))",0.0,hybrid_histgb_start2_every_sample_lambda10,380,2,1277,"sympy:Interval.open(0, 36)"
True,1,True,2804,sympy:15*x - 80,0.0,hybrid_histgb_start2_every_sample_lambda10,384,2,370,sympy:15*x - 80
True,1,True,4587,sympy:326.500000000000,0.0,hybrid_histgb_start2_every_sample_lambda10,399,2,608,sympy:326.500000000000
True,1,True,2762,sympy:60,0.0,hybrid_histgb_start2_every_sample_lambda10,411,2,285,sympy:60
True,1,True,5320,sympy:5*r**5,0.0,hybrid_histgb_start2_every_sample_lambda10,413,2,670,sympy:5*r**5
False,4,False,15617,sympy:-30,0.75,hybrid_histgb_start2_every_sample_lambda10,419,16,15617,sympy:-30
True,1,True,8746,sympy:0.356250000000000,0.0,hybrid_histgb_start2_every_sample_lambda10,433,2,1164,sympy:0.356250000000000
True,1,True,9106,sympy:32,0.0,hybrid_histgb_start2_every_sample_lambda10,434,2,1168,sympy:32
True,1,True,15820,sympy:4,0.6,hybrid_histgb_start2_every_sample_lambda10,436,15,14796,sympy:4
True,1,True,6812,sympy:143,0.0,hybrid_histgb_start2_every_sample_lambda10,452,2,867,sympy:143
True,1,True,12672,sympy:18.9000000000000,0.0,hybrid_histgb_start2_every_sample_lambda10,459,2,1601,sympy:18.9000000000000
True,12,False,7361,sympy:105,0.0,hybrid_histgb_start2_every_sample_lambda10,460,4,1925,sympy:75
True,1,True,8162,sympy:59,0.0,hybrid_histgb_start2_every_sample_lambda10,462,2,766,sympy:59
True,1,True,5063,sympy:2,0.0,hybrid_histgb_start2_every_sample_lambda10,463,2,637,sympy:2
False,10,False,12492,sympy:(64*pi)/9,0.0,hybrid_histgb_start2_every_sample_lambda10,466,16,12492,sympy:(64*pi)/9
True,1,True,4435,sympy:84,0.0,hybrid_histgb_start2_every_sample_lambda10,471,2,654,sympy:84
True,1,True,6498,sympy:275/2,0.0,hybrid_histgb_start2_every_sample_lambda10,472,2,878,sympy:275/2
False,9,False,16176,sympy:55,0.875,hybrid_histgb_start2_every_sample_lambda10,475,16,16176,sympy:55
True,1,True,6274,sympy:2,0.0,hybrid_histgb_start2_every_sample_lambda10,479,2,833,sympy:2
True,11,True,10375,sympy:202,0.0625,hybrid_histgb_start2_every_sample_lambda10,482,16,10375,sympy:202
True,14,True,16323,sympy:8/15,0.9375,hybrid_histgb_start2_every_sample_lambda10,483,16,16323,sympy:8/15
True,1,True,14379,sympy:10,0.0,hybrid_histgb_start2_every_sample_lambda10,484,2,1762,sympy:10
False,1,False,12659,sympy:0,0.125,hybrid_histgb_start2_every_sample_lambda10,490,16,12659,sympy:0
True,1,True,9512,"sympy:Eq(y, -1*2*x)",0.0,hybrid_histgb_start2_every_sample_lambda10,492,2,1085,"sympy:Eq(y, -1*2*x)"
True,11,False,12573,sympy:1,0.3333333333333333,hybrid_histgb_start2_every_sample_lambda10,494,3,2524,sympy:1/4
False,7,False,9097,sympy:2,0.0,hybrid_histgb_start2_every_sample_lambda10,497,16,9097,sympy:2
False,16,False,7761,sympy:56,0.0,hybrid_histgb_start2_every_sample_lambda10,18,16,7761,sympy:56
True,1,True,8919,sympy:10,0.0,hybrid_histgb_start2_every_sample_lambda10,24,16,8919,sympy:10
False,7,False,14561,"sympy:{0, 1}",0.4375,hybrid_histgb_start2_every_sample_lambda10,25,16,14561,"sympy:{0, 1}"
False,1,False,11174,sympy:576,0.0,hybrid_histgb_start2_every_sample_lambda10,26,16,11174,sympy:576
True,1,True,6528,sympy:78,0.0,hybrid_histgb_start2_every_sample_lambda10,27,3,1029,sympy:78
True,1,True,6655,sympy:3,0.0,hybrid_histgb_start2_every_sample_lambda10,35,3,1195,sympy:3
True,3,True,12476,"sympy:{3, 5, 7}",0.0,hybrid_histgb_start2_every_sample_lambda10,36,8,6094,"sympy:{3, 5, 7}"
True,1,True,3770,sympy:72,0.0,hybrid_histgb_start2_every_sample_lambda10,37,2,391,sympy:72
True,1,True,7763,sympy:1.25000000000000,0.0,hybrid_histgb_start2_every_sample_lambda10,44,3,1507,sympy:1.25000000000000
True,1,True,5920,sympy:-1*pi/6,0.0,hybrid_histgb_start2_every_sample_lambda10,53,3,1083,sympy:-1*pi/6
True,1,True,4796,sympy:0.150000000000000,0.0,hybrid_histgb_start2_every_sample_lambda10,54,3,865,sympy:0.150000000000000
True,1,True,3463,sympy:11,0.0,hybrid_histgb_start2_every_sample_lambda10,56,2,399,sympy:11
True,7,True,13342,sympy:35/64,0.4375,hybrid_histgb_start2_every_sample_lambda10,64,16,13342,sympy:35/64
True,1,True,3288,sympy:1,0.0,hybrid_histgb_start2_every_sample_lambda10,65,2,422,sympy:1
True,1,True,12048,sympy:46,0.0,hybrid_histgb_start2_every_sample_lambda10,68,2,1591,sympy:46
True,1,True,7901,sympy:40,0.0,hybrid_histgb_start2_every_sample_lambda10,70,3,1404,sympy:40
True,1,True,6664,sympy:3,0.0,hybrid_histgb_start2_every_sample_lambda10,81,3,981,sympy:3
True,7,True,7856,sympy:3/2,0.0,hybrid_histgb_start2_every_sample_lambda10,82,16,7856,sympy:3/2
True,1,True,11916,sympy:-4,0.0,hybrid_histgb_start2_every_sample_lambda10,95,2,1372,sympy:-4
True,1,True,6146,sympy:2*k + 2,0.0,hybrid_histgb_start2_every_sample_lambda10,98,3,703,sympy:2*k + 2
False,1,False,16083,sympy:1,0.8125,hybrid_histgb_start2_every_sample_lambda10,101,16,16083,sympy:1
True,1,True,13195,sympy:2,0.0,hybrid_histgb_start2_every_sample_lambda10,108,6,4624,sympy:2
True,1,True,5288,sympy:2,0.0,hybrid_histgb_start2_every_sample_lambda10,116,3,1041,sympy:2
False,1,False,8515,sympy:dd*o,0.0,hybrid_histgb_start2_every_sample_lambda10,120,5,2536,sympy:dd*o
True,1,True,11783,sympy:11/2,0.0,hybrid_histgb_start2_every_sample_lambda10,124,2,1509,sympy:11/2
True,1,True,6630,sympy:-3,0.0,hybrid_histgb_start2_every_sample_lambda10,125,3,1024,sympy:-3
False,1,False,15083,sympy:2*i + 1,0.5,hybrid_histgb_start2_every_sample_lambda10,126,16,15083,sympy:2*i + 1
True,1,True,6871,sympy:13,0.0,hybrid_histgb_start2_every_sample_lambda10,130,3,1267,sympy:13
True,1,True,8989,sympy:8,0.0,hybrid_histgb_start2_every_sample_lambda10,131,2,1029,sympy:8
True,1,True,10206,sympy:16,0.0,hybrid_histgb_start2_every_sample_lambda10,134,2,1231,sympy:16
True,1,True,7509,sympy:204,0.0,hybrid_histgb_start2_every_sample_lambda10,137,3,1522,sympy:204
True,1,True,8003,sympy:13,0.0,hybrid_histgb_start2_every_sample_lambda10,140,2,1071,sympy:13
True,1,True,4176,"sympy:(15, -29)",0.0,hybrid_histgb_start2_every_sample_lambda10,144,3,813,"sympy:(15, -29)"
False,13,False,11470,sympy:16,0.125,hybrid_histgb_start2_every_sample_lambda10,152,16,11470,sympy:16
True,1,True,7534,sympy:2/21,0.0,hybrid_histgb_start2_every_sample_lambda10,153,3,1291,sympy:2/21
True,1,True,5705,sympy:6/5,0.0,hybrid_histgb_start2_every_sample_lambda10,157,3,1024,sympy:6/5
True,1,True,8012,sympy:3.21000000000000,0.0,hybrid_histgb_start2_every_sample_lambda10,159,3,1282,sympy:3.21000000000000
True,6,True,9906,sympy:270/7,0.0,hybrid_histgb_start2_every_sample_lambda10,166,10,6348,sympy:270/7
False,1,False,12664,sympy:12,0.25,hybrid_histgb_start2_every_sample_lambda10,168,4,2823,sympy:12
True,1,True,6758,sympy:13/15,0.0,hybrid_histgb_start2_every_sample_lambda10,171,3,1145,sympy:13/15
False,12,True,6042,sympy:3,0.0,hybrid_histgb_start2_every_sample_lambda10,180,8,3433,sympy:2
True,1,True,3970,sympy:1251,0.0,hybrid_histgb_start2_every_sample_lambda10,182,3,754,sympy:1251
True,1,True,7366,sympy:30,0.0,hybrid_histgb_start2_every_sample_lambda10,192,3,1254,sympy:30
True,1,True,12958,sympy:1/4,0.0,hybrid_histgb_start2_every_sample_lambda10,194,2,1524,sympy:1/4
True,1,True,11402,sympy:6,0.0,hybrid_histgb_start2_every_sample_lambda10,197,5,3900,sympy:6
True,1,True,10879,sympy:66,0.0,hybrid_histgb_start2_every_sample_lambda10,201,2,1687,sympy:66
True,1,True,7094,"sympy:(3/2, -13)",0.0,hybrid_histgb_start2_every_sample_lambda10,206,3,1299,"sympy:(3/2, -13)"
True,1,True,5808,sympy:28,0.0,hybrid_histgb_start2_every_sample_lambda10,207,3,873,sympy:28
True,1,True,3878,sympy:90,0.0,hybrid_histgb_start2_every_sample_lambda10,229,2,464,sympy:90
True,1,True,9574,sympy:22,0.0,hybrid_histgb_start2_every_sample_lambda10,237,2,1399,sympy:22
True,1,True,12784,sympy:17,0.0,hybrid_histgb_start2_every_sample_lambda10,241,2,1603,sympy:17
False,3,False,8088,sympy:32349,0.0,hybrid_histgb_start2_every_sample_lambda10,242,6,3020,sympy:32349
False,4,False,13699,sympy:11,0.1875,hybrid_histgb_start2_every_sample_lambda10,249,16,13699,sympy:11
True,1,True,6081,sympy:15,0.0,hybrid_histgb_start2_every_sample_lambda10,263,3,1080,sympy:15
True,1,True,4127,sympy:1,0.0,hybrid_histgb_start2_every_sample_lambda10,268,3,795,sympy:1
True,1,True,5722,sympy:10,0.0,hybrid_histgb_start2_every_sample_lambda10,270,3,1024,sympy:10
True,1,True,8217,sympy:333,0.0,hybrid_histgb_start2_every_sample_lambda10,271,3,1484,sympy:333
True,9,True,11355,sympy:1030,0.0,hybrid_histgb_start2_every_sample_lambda10,272,2,1584,sympy:1030
False,8,False,5600,sympy:36,0.0,hybrid_histgb_start2_every_sample_lambda10,274,16,5600,sympy:36
True,1,True,4512,sympy:7,0.0,hybrid_histgb_start2_every_sample_lambda10,275,3,833,sympy:7
True,1,True,7891,sympy:11,0.0,hybrid_histgb_start2_every_sample_lambda10,276,4,1635,sympy:11
True,6,True,9383,sympy:36,0.0,hybrid_histgb_start2_every_sample_lambda10,281,16,9383,sympy:36
False,1,False,5509,sympy:497,0.0,hybrid_histgb_start2_every_sample_lambda10,282,3,966,sympy:497
True,1,True,6977,sympy:1,0.0,hybrid_histgb_start2_every_sample_lambda10,283,2,1302,sympy:1
False,2,False,13758,sympy:1/2,0.375,hybrid_histgb_start2_every_sample_lambda10,286,16,13758,sympy:1/2
False,1,False,15299,sympy:sqrt(89),0.75,hybrid_histgb_start2_every_sample_lambda10,288,8,7833,sympy:sqrt(89)
False,1,False,12612,sympy:c,0.0,hybrid_histgb_start2_every_sample_lambda10,296,2,1632,sympy:c
True,1,True,8261,"sympy:Interval.open(5, oo)",0.0,hybrid_histgb_start2_every_sample_lambda10,312,3,1326,"sympy:Interval.open(5, oo)"
True,1,True,7006,sympy:12*pi,0.0,hybrid_histgb_start2_every_sample_lambda10,313,3,1182,sympy:12*pi
True,1,True,8754,sympy:-24/25,0.0,hybrid_histgb_start2_every_sample_lambda10,320,2,1141,sympy:-24/25
True,12,True,10724,sympy:2,0.0625,hybrid_histgb_start2_every_sample_lambda10,332,16,10724,sympy:2
False,1,False,16384,,1.0,hybrid_histgb_start2_every_sample_lambda10,340,16,16384,
True,1,True,5717,sympy:2,0.0,hybrid_histgb_start2_every_sample_lambda10,342,3,1091,sympy:2
True,1,True,5929,sympy:58500,0.0,hybrid_histgb_start2_every_sample_lambda10,343,3,1128,sympy:58500
True,1,True,7229,sympy:66,0.0,hybrid_histgb_start2_every_sample_lambda10,346,3,1560,sympy:66
False,1,False,9558,sympy:-1/16,0.0,hybrid_histgb_start2_every_sample_lambda10,351,2,1257,sympy:-1/16
True,1,True,14038,sympy:6,0.0,hybrid_histgb_start2_every_sample_lambda10,359,2,1698,sympy:6
True,1,True,3091,sympy:1/4,0.0,hybrid_histgb_start2_every_sample_lambda10,362,2,362,sympy:1/4
False,1,False,14815,sympy:1/18,0.125,hybrid_histgb_start2_every_sample_lambda10,381,16,14815,sympy:1/18
True,1,True,5750,sympy:11,0.0,hybrid_histgb_start2_every_sample_lambda10,386,3,1026,sympy:11
True,1,True,5055,sympy:18,0.0,hybrid_histgb_start2_every_sample_lambda10,387,3,1045,sympy:18
True,11,True,8565,sympy:11/2,0.0,hybrid_histgb_start2_every_sample_lambda10,388,16,8565,sympy:11/2
False,5,False,13788,sympy:39.6800000000000,0.0,hybrid_histgb_start2_every_sample_lambda10,398,16,13788,sympy:39.6800000000000
True,9,True,10193,sympy:14/3,0.0,hybrid_histgb_start2_every_sample_lambda10,400,16,10193,sympy:14/3
False,6,False,15335,sympy:3,0.6923076923076923,hybrid_histgb_start2_every_sample_lambda10,401,13,12376,sympy:3
False,1,False,9786,sympy:1,0.0,hybrid_histgb_start2_every_sample_lambda10,403,2,1638,sympy:1
True,1,True,4479,sympy:0,0.0,hybrid_histgb_start2_every_sample_lambda10,406,3,777,sympy:0
False,7,False,16332,"sympy:{-2, 1}",0.9333333333333333,hybrid_histgb_start2_every_sample_lambda10,422,15,15308,"sympy:{-2, 1}"
True,1,True,6020,sympy:29,0.0,hybrid_histgb_start2_every_sample_lambda10,427,3,1160,sympy:29
True,1,True,9469,sympy:50,0.0,hybrid_histgb_start2_every_sample_lambda10,429,2,1144,sympy:50
True,1,True,3825,sympy:4.50000000000000,0.0,hybrid_histgb_start2_every_sample_lambda10,430,3,697,sympy:4.50000000000000
True,1,True,5827,sympy:550,0.0,hybrid_histgb_start2_every_sample_lambda10,441,3,1048,sympy:550
True,1,True,10475,sympy:8,0.0,hybrid_histgb_start2_every_sample_lambda10,446,2,1558,sympy:8
True,1,True,10239,sympy:44,0.0,hybrid_histgb_start2_every_sample_lambda10,448,2,1221,sympy:44
True,1,True,5194,sympy:47,0.0,hybrid_histgb_start2_every_sample_lambda10,449,2,1265,sympy:47
True,1,True,2738,sympy:0,0.0,hybrid_histgb_start2_every_sample_lambda10,457,2,352,sympy:0
True,1,True,7757,sympy:121,0.0,hybrid_histgb_start2_every_sample_lambda10,465,3,1553,sympy:121
False,16,True,13628,sympy:7,0.0,hybrid_histgb_start2_every_sample_lambda10,473,5,4417,sympy:4
True,1,True,5532,sympy:2,0.0,hybrid_histgb_start2_every_sample_lambda10,487,3,1025,sympy:2
False,12,False,5092,sympy:24,0.0,hybrid_histgb_start2_every_sample_lambda10,491,16,5092,sympy:24
True,1,True,4955,"sympy:(3, pi/2)",0.0,hybrid_histgb_start2_every_sample_lambda10,0,2,635,"sympy:(3, pi/2)"
True,1,True,9629,sympy:p - q,0.0,hybrid_histgb_start2_every_sample_lambda10,1,2,1087,sympy:p - q
True,1,True,7703,sympy:9,0.0,hybrid_histgb_start2_every_sample_lambda10,3,2,919,sympy:9
True,1,True,9542,sympy:284,0.0,hybrid_histgb_start2_every_sample_lambda10,12,2,1010,sympy:284
False,1,False,4200,sympy:10,0.0,hybrid_histgb_start2_every_sample_lambda10,14,4,1190,sympy:10
True,1,True,10480,sympy:-1*5*i + 6,0.0,hybrid_histgb_start2_every_sample_lambda10,15,2,1326,sympy:-1*5*i + 6
True,14,False,11137,sympy:pi/2,0.0,hybrid_histgb_start2_every_sample_lambda10,17,4,2530,sympy:pi
True,1,True,5538,sympy:52,0.0,hybrid_histgb_start2_every_sample_lambda10,30,2,654,sympy:52
True,1,True,7286,sympy:11*sqrt(2),0.0,hybrid_histgb_start2_every_sample_lambda10,31,2,1140,sympy:11*sqrt(2)
True,1,True,12186,sympy:x**5 - x**4 + x**3 - x**2 + x - 1,0.0,hybrid_histgb_start2_every_sample_lambda10,51,2,1357,sympy:x**5 - x**4 + x**3 - x**2 + x - 1
True,1,True,4963,sympy:12,0.0,hybrid_histgb_start2_every_sample_lambda10,52,2,567,sympy:12
True,1,True,7100,sympy:5,0.0,hybrid_histgb_start2_every_sample_lambda10,59,2,845,sympy:5
False,8,False,16007,"sympy:(-3, 3, -1)",0.75,hybrid_histgb_start2_every_sample_lambda10,60,4,4072,"sympy:(0, -280, -244)"
True,1,True,5913,sympy:-256,0.0,hybrid_histgb_start2_every_sample_lambda10,61,2,742,sympy:-256
True,1,True,6374,sympy:x**3 + 3*x - 6,0.0,hybrid_histgb_start2_every_sample_lambda10,66,2,775,sympy:x**3 + 3*x - 6
True,1,True,6862,sympy:-1,0.0,hybrid_histgb_start2_every_sample_lambda10,69,2,781,sympy:-1
True,4,True,6340,sympy:2516,0.0,hybrid_histgb_start2_every_sample_lambda10,71,16,6340,sympy:2516
True,1,True,6153,sympy:1,0.0,hybrid_histgb_start2_every_sample_lambda10,91,2,601,sympy:1
False,2,False,12589,sympy:70,0.5,hybrid_histgb_start2_every_sample_lambda10,94,2,1731,sympy:70
False,13,False,15546,sympy:2,0.75,hybrid_histgb_start2_every_sample_lambda10,96,4,4029,"sympy:{-1, 7}"
True,1,True,5326,sympy:E*a*s*t,0.0,hybrid_histgb_start2_every_sample_lambda10,97,2,1325,sympy:E*a*s*t
False,8,False,10169,sympy:155,0.125,hybrid_histgb_start2_every_sample_lambda10,100,16,10169,sympy:155
True,1,True,9630,sympy:210,0.0,hybrid_histgb_start2_every_sample_lambda10,111,2,1039,sympy:210
False,7,False,14970,sympy:6,0.4375,hybrid_histgb_start2_every_sample_lambda10,123,16,14970,sympy:6
True,11,True,11188,sympy:3840/289,0.0,hybrid_histgb_start2_every_sample_lambda10,129,16,11188,sympy:3840/289
True,1,True,6408,sympy:120,0.0,hybrid_histgb_start2_every_sample_lambda10,133,2,734,sympy:120
True,1,True,7121,sympy:9,0.0,hybrid_histgb_start2_every_sample_lambda10,135,2,728,sympy:9
True,16,True,7128,sympy:28800,0.0,hybrid_histgb_start2_every_sample_lambda10,142,4,1792,sympy:28800
True,15,True,11119,sympy:-2,0.0625,hybrid_histgb_start2_every_sample_lambda10,145,16,11119,sympy:-2
True,1,True,9714,sympy:144,0.0,hybrid_histgb_start2_every_sample_lambda10,151,2,991,sympy:144
False,8,False,9394,sympy:2*sqrt(34),0.0,hybrid_histgb_start2_every_sample_lambda10,154,16,9394,sympy:2*sqrt(34)
True,1,True,4522,sympy:6,0.0,hybrid_histgb_start2_every_sample_lambda10,161,2,1175,sympy:6
True,1,True,8203,sympy:-35/9,0.0,hybrid_histgb_start2_every_sample_lambda10,163,2,999,sympy:-35/9
True,1,True,5194,sympy:4/9,0.0,hybrid_histgb_start2_every_sample_lambda10,165,2,628,sympy:4/9
True,1,True,4172,sympy:60,0.0,hybrid_histgb_start2_every_sample_lambda10,178,2,383,sympy:60
True,1,True,16113,sympy:6,0.0,hybrid_histgb_start2_every_sample_lambda10,188,2,1952,sympy:6
True,16,False,5942,sympy:25/36,0.0,hybrid_histgb_start2_every_sample_lambda10,190,4,1661,sympy:13/18
True,1,True,4350,sympy:0,0.0,hybrid_histgb_start2_every_sample_lambda10,191,2,501,sympy:0
True,1,True,4684,sympy:1600,0.0,hybrid_histgb_start2_every_sample_lambda10,196,2,681,sympy:1600
True,1,True,6226,sympy:40,0.0,hybrid_histgb_start2_every_sample_lambda10,200,2,999,sympy:40
True,1,True,6297,sympy:1,0.0,hybrid_histgb_start2_every_sample_lambda10,208,2,826,sympy:1
False,1,False,12138,sympy:1,0.5,hybrid_histgb_start2_every_sample_lambda10,213,2,1891,sympy:1
False,14,False,9381,sympy:100,0.0625,hybrid_histgb_start2_every_sample_lambda10,214,16,9381,sympy:100
True,1,True,6964,sympy:6,0.0,hybrid_histgb_start2_every_sample_lambda10,216,2,913,sympy:6
True,1,True,9562,sympy:1/2,0.0,hybrid_histgb_start2_every_sample_lambda10,219,16,9562,sympy:1/2
False,1,False,12914,sympy:1/16,0.5,hybrid_histgb_start2_every_sample_lambda10,224,2,1831,sympy:1/16
True,1,True,4035,sympy:3,0.0,hybrid_histgb_start2_every_sample_lambda10,226,2,582,sympy:3
True,1,True,7456,sympy:30,0.0,hybrid_histgb_start2_every_sample_lambda10,233,2,972,sympy:30
False,6,False,6794,sympy:52,0.0,hybrid_histgb_start2_every_sample_lambda10,240,14,5878,sympy:52
True,1,True,13527,sympy:8,0.0,hybrid_histgb_start2_every_sample_lambda10,244,2,1518,sympy:8
False,11,False,14984,sympy:-1*10*x,0.125,hybrid_histgb_start2_every_sample_lambda10,245,16,14984,sympy:-1*10*x
True,1,True,8419,sympy:10/11,0.0,hybrid_histgb_start2_every_sample_lambda10,247,2,1030,sympy:10/11
True,1,True,9915,sympy:13,0.0,hybrid_histgb_start2_every_sample_lambda10,250,2,1237,sympy:13
True,1,True,8556,sympy:81,0.0,hybrid_histgb_start2_every_sample_lambda10,252,2,1166,sympy:81
True,1,True,7929,sympy:16,0.0,hybrid_histgb_start2_every_sample_lambda10,258,2,894,sympy:16
True,1,True,3900,sympy:4,0.0,hybrid_histgb_start2_every_sample_lambda10,262,2,469,sympy:4
False,13,True,7702,sympy:33/100,0.0,hybrid_histgb_start2_every_sample_lambda10,266,2,921,parsed:**
True,1,True,6530,sympy:255,0.0,hybrid_histgb_start2_every_sample_lambda10,278,2,921,sympy:255
False,7,True,7559,sympy:7*pi,0.0,hybrid_histgb_start2_every_sample_lambda10,279,2,928,sympy:4*pi
False,1,False,10715,sympy:4,0.0,hybrid_histgb_start2_every_sample_lambda10,295,4,2675,sympy:4
False,7,True,15508,sympy:-18,0.5,hybrid_histgb_start2_every_sample_lambda10,298,2,1942,sympy:6
False,9,False,12981,sympy:2,0.125,hybrid_histgb_start2_every_sample_lambda10,306,16,12981,sympy:2
True,1,True,6118,sympy:49,0.0,hybrid_histgb_start2_every_sample_lambda10,310,2,717,sympy:49
True,1,True,9825,sympy:12,0.0,hybrid_histgb_start2_every_sample_lambda10,316,2,1277,sympy:12
True,1,True,10329,sympy:1/3,0.0,hybrid_histgb_start2_every_sample_lambda10,323,2,1399,sympy:1/3
True,5,True,13528,sympy:120,0.125,hybrid_histgb_start2_every_sample_lambda10,324,16,13528,sympy:120
True,1,True,7255,sympy:4,0.0,hybrid_histgb_start2_every_sample_lambda10,325,2,919,sympy:4
True,1,True,7948,sympy:1940,0.0,hybrid_histgb_start2_every_sample_lambda10,330,2,1246,sympy:1940
True,1,True,5980,sympy:4343,0.0,hybrid_histgb_start2_every_sample_lambda10,338,2,690,sympy:4343
False,1,False,4706,sympy:5040,0.0,hybrid_histgb_start2_every_sample_lambda10,349,2,466,sympy:5040
True,1,True,5313,sympy:4,0.0,hybrid_histgb_start2_every_sample_lambda10,350,2,632,sympy:4
True,1,True,6869,sympy:480,0.0,hybrid_histgb_start2_every_sample_lambda10,353,2,739,sympy:480
False,6,False,7922,sympy:E*c*c*i*l*r,0.0,hybrid_histgb_start2_every_sample_lambda10,358,16,7922,sympy:E*c*c*i*l*r
True,1,True,9904,"sympy:(1, -16, -4, 43)",0.0,hybrid_histgb_start2_every_sample_lambda10,364,2,1201,"sympy:(1, -16, -4, 43)"
False,1,False,12156,sympy:40,0.0,hybrid_histgb_start2_every_sample_lambda10,365,2,1289,sympy:40
True,1,True,7133,sympy:4,0.0,hybrid_histgb_start2_every_sample_lambda10,366,2,1091,sympy:4
True,1,True,4382,sympy:4,0.0,hybrid_histgb_start2_every_sample_lambda10,374,2,559,sympy:4
True,1,True,9357,sympy:20000/pi,0.0,hybrid_histgb_start2_every_sample_lambda10,382,4,2294,sympy:20000/pi
True,6,True,8441,sympy:sqrt(21)/5,0.0,hybrid_histgb_start2_every_sample_lambda10,389,16,8441,sympy:sqrt(21)/5
True,1,True,9038,sympy:2,0.0,hybrid_histgb_start2_every_sample_lambda10,396,2,1513,sympy:2
True,1,True,5715,sympy:60,0.0,hybrid_histgb_start2_every_sample_lambda10,405,2,630,sympy:60
True,1,True,11856,sympy:2*sqrt(5),0.0,hybrid_histgb_start2_every_sample_lambda10,409,2,1384,sympy:2*sqrt(5)
True,1,True,7766,sympy:10,0.0,hybrid_histgb_start2_every_sample_lambda10,414,2,850,sympy:10
False,1,False,8441,"parsed:Matrix([[16/49], [f*r*a*c*97], [f*r*a*c*73]])",0.0,hybrid_histgb_start2_every_sample_lambda10,420,2,999,"parsed:Matrix([[16/49], [f*r*a*c*97], [f*r*a*c*73]])"
True,16,False,13836,sympy:1439,0.0,hybrid_histgb_start2_every_sample_lambda10,423,2,1766,sympy:1440
True,1,True,7380,sympy:600,0.0,hybrid_histgb_start2_every_sample_lambda10,424,2,873,sympy:600
True,1,True,7728,sympy:3,0.0,hybrid_histgb_start2_every_sample_lambda10,437,2,842,sympy:3
True,1,True,5477,sympy:45,0.0,hybrid_histgb_start2_every_sample_lambda10,443,2,735,sympy:45
True,1,True,10567,sympy:64,0.0,hybrid_histgb_start2_every_sample_lambda10,450,2,1120,sympy:64
True,1,True,5490,sympy:6,0.0,hybrid_histgb_start2_every_sample_lambda10,455,2,680,sympy:6
True,1,True,3922,sympy:25,0.0,hybrid_histgb_start2_every_sample_lambda10,469,2,470,sympy:25
False,13,True,16195,sympy:27648,0.75,hybrid_histgb_start2_every_sample_lambda10,470,4,3966,sympy:5/1536
True,1,True,10374,sympy:3,0.0,hybrid_histgb_start2_every_sample_lambda10,474,2,1268,sympy:3
True,1,True,5591,sympy:200,0.0,hybrid_histgb_start2_every_sample_lambda10,476,2,697,sympy:200
True,1,True,8031,sympy:1,0.0,hybrid_histgb_start2_every_sample_lambda10,480,2,1235,sympy:1
False,5,False,13703,sympy:1,0.3125,hybrid_histgb_start2_every_sample_lambda10,481,16,13703,sympy:1
False,8,True,15003,sympy:13,0.5,hybrid_histgb_start2_every_sample_lambda10,485,2,1936,sympy:12
True,1,True,3747,sympy:216,0.0,hybrid_histgb_start2_every_sample_lambda10,486,4,959,sympy:216
True,1,True,3636,sympy:36,0.0,hybrid_histgb_start2_every_sample_lambda10,488,2,473,sympy:36
False,1,False,14697,sympy:1,0.3333333333333333,hybrid_histgb_start2_every_sample_lambda10,498,3,2838,sympy:1
True,1,True,9658,sympy:E*e*l*n*v*y,0.0,simple_margin,4,2,1513,sympy:E*e*l*n*v*y
True,1,True,6649,sympy:3*sqrt(13),0.0,simple_margin,8,2,847,sympy:3*sqrt(13)
False,15,False,13015,sympy:1,0.125,simple_margin,9,16,13015,sympy:1
False,2,False,14860,sympy:8/63,0.5,simple_margin,11,2,1873,sympy:8/63
True,1,True,4186,sympy:-50,0.0,simple_margin,16,2,546,sympy:-50
True,6,True,13584,sympy:13535,0.125,simple_margin,21,16,13584,sympy:13535
True,1,True,4707,sympy:7*i - 2,0.0,simple_margin,28,2,570,sympy:7*i - 2
False,14,False,11779,sympy:81/205,0.0,simple_margin,33,16,11779,sympy:81/205
True,1,True,4780,sympy:4,0.0,simple_margin,42,2,685,sympy:4
True,1,True,5689,sympy:2,0.0,simple_margin,45,2,703,sympy:2
True,1,True,6349,sympy:3/2,0.0,simple_margin,48,2,462,sympy:3/2
False,11,False,12647,sympy:sqrt((sqrt(177) + 17)/2),0.0,simple_margin,62,16,12647,sympy:sqrt((sqrt(177) + 17)/2)
False,3,False,8883,sympy:9,0.0,simple_margin,63,4,2169,sympy:9
True,1,True,5543,sympy:10,0.0,simple_margin,67,4,1539,sympy:10
True,1,True,5836,sympy:3,0.0,simple_margin,72,2,734,sympy:3
True,1,True,6863,sympy:cot(x),0.0,simple_margin,74,2,894,sympy:cot(x)
True,1,True,4140,sympy:0,0.0,simple_margin,76,2,651,sympy:0
False,1,False,12046,sympy:1,0.0,simple_margin,80,2,1393,sympy:1
True,1,True,14346,sympy:2,0.0,simple_margin,88,2,1866,sympy:2
False,1,False,4036,sympy:15,0.0,simple_margin,90,2,531,sympy:15
True,1,True,5851,sympy:(a + 5)*(b + 2),0.0,simple_margin,102,2,604,sympy:(a + 5)*(b + 2)
False,13,False,15895,"sympy:Interval.open(1, 4)",0.5,simple_margin,103,2,2000,sympy:2
True,1,True,6709,sympy:9,0.0,simple_margin,107,4,1716,sympy:9
False,5,False,14998,sympy:65,0.8,simple_margin,109,5,4889,sympy:65
True,1,True,5499,sympy:3,0.0,simple_margin,117,2,668,sympy:3
True,2,True,13513,sympy:81,0.5,simple_margin,118,2,1720,sympy:81
True,1,True,4172,sympy:36,0.0,simple_margin,128,2,381,sympy:36
True,1,True,4498,sympy:2,0.0,simple_margin,141,2,584,sympy:2
True,1,True,11397,sympy:3*sqrt(5),0.0,simple_margin,143,2,1383,sympy:3*sqrt(5)
True,1,True,6797,sympy:11,0.0,simple_margin,148,2,578,sympy:11
True,1,True,12603,sympy:49,0.0,simple_margin,149,2,1518,sympy:49
False,3,False,15152,sympy:3,0.6666666666666666,simple_margin,150,3,3072,sympy:3
True,1,True,3441,sympy:65,0.0,simple_margin,167,2,428,sympy:65
True,1,True,12517,sympy:4,0.0,simple_margin,173,2,1517,sympy:4
False,1,False,6373,sympy:60,0.0,simple_margin,177,2,410,sympy:60
True,1,True,13329,"sympy:Eq(5*x - 1*7*y + 11*z + 4, 0)",0.5,simple_margin,179,2,1739,"sympy:Eq(5*x - 1*7*y + 11*z + 4, 0)"
True,1,True,5745,sympy:sqrt(3)/3,0.0,simple_margin,181,2,608,sympy:sqrt(3)/3
True,1,True,5923,sympy:24,0.0,simple_margin,195,2,695,sympy:24
True,1,True,7149,sympy:16,0.0,simple_margin,209,2,710,sympy:16
True,1,True,4589,sympy:5,0.0,simple_margin,211,2,553,sympy:5
True,1,True,8223,sympy:900,0.0,simple_margin,221,2,925,sympy:900
False,3,False,8180,sympy:150,0.0,simple_margin,222,4,1799,sympy:150
True,1,True,5163,sympy:11,0.0,simple_margin,225,2,540,sympy:11
True,1,True,4076,sympy:c,0.0,simple_margin,227,2,555,sympy:c
True,4,True,15835,sympy:288*pi,0.5714285714285714,simple_margin,228,14,13787,sympy:288*pi
False,16,False,13087,sympy:15,0.25,simple_margin,236,16,13087,sympy:15
True,1,True,9216,sympy:540,0.0,simple_margin,251,2,1007,sympy:540
True,1,True,3614,sympy:1/8,0.0,simple_margin,253,2,494,sympy:1/8
True,1,True,6449,sympy:28,0.0,simple_margin,254,2,893,sympy:28
True,1,True,5755,sympy:864,0.0,simple_margin,257,2,680,sympy:864
True,1,True,9585,sympy:120,0.0,simple_margin,260,2,1160,sympy:120
True,1,True,5734,sympy:76,0.0,simple_margin,261,2,774,sympy:76
False,1,False,11164,sympy:5,0.0,simple_margin,264,2,1088,sympy:5
True,1,True,5268,sympy:1250,0.0,simple_margin,273,2,687,sympy:1250
True,12,False,9102,sympy:i*l*n*n*o*o*o*s*t*u,0.0,simple_margin,284,2,1425,"sympy:{2*sqrt(2) + 3, -1*2*sqrt(2) + 3}"
False,3,False,16306,sympy:280,0.6666666666666666,simple_margin,285,3,3008,sympy:280
True,1,True,16017,sympy:4,0.45454545454545453,simple_margin,290,11,10897,sympy:4
True,5,True,7882,sympy:63,0.0,simple_margin,291,16,7882,sympy:63
True,1,True,8711,"sympy:Interval.Lopen(3/5, 8/3)",0.0,simple_margin,293,2,1122,"sympy:Interval.Lopen(3/5, 8/3)"
True,1,True,5947,sympy:63,0.0,simple_margin,299,2,722,sympy:63
False,1,False,13978,sympy:21,0.0,simple_margin,303,2,1963,sympy:21
True,1,True,8086,sympy:41,0.0,simple_margin,315,2,1196,sympy:41
True,3,True,15866,sympy:0.0900000000000000,0.6666666666666666,simple_margin,326,3,2611,sympy:0.0900000000000000
True,1,True,11699,sympy:3,0.0,simple_margin,328,4,3099,sympy:3
True,1,True,11221,sympy:13/6,0.0,simple_margin,331,2,1483,sympy:13/6
True,1,True,11641,sympy:3,0.0,simple_margin,335,2,1564,sympy:3
True,1,True,7220,sympy:6,0.0,simple_margin,337,2,637,sympy:6
True,1,True,9571,sympy:2*k,0.0,simple_margin,339,4,2218,sympy:2*k
True,1,True,7321,sympy:4495,0.0,simple_margin,348,2,947,sympy:4495
True,1,True,3902,sympy:1,0.0,simple_margin,367,2,536,sympy:1
False,5,False,5002,sympy:144,0.0,simple_margin,369,2,620,sympy:36
True,14,True,13804,sympy:17,0.1875,simple_margin,371,16,13804,sympy:17
True,1,True,6947,sympy:2*i + 1,0.0,simple_margin,373,2,779,sympy:2*i + 1
True,2,True,13663,"sympy:(8, -2)",0.5,simple_margin,376,2,2008,"sympy:(8, -2)"
True,1,True,7211,sympy:6,0.0,simple_margin,377,2,905,sympy:6
True,1,True,9604,sympy:3,0.0,simple_margin,378,4,2424,sympy:3
True,1,True,11266,"sympy:Interval(-2, 7)",0.0,simple_margin,383,2,1454,"sympy:Interval(-2, 7)"
True,3,True,13855,sympy:12,0.0,simple_margin,390,4,3263,sympy:12
True,1,True,14545,sympy:0,0.5,simple_margin,391,2,1954,sympy:0
True,1,True,5436,sympy:4,0.0,simple_margin,395,2,643,sympy:4
True,1,True,4366,sympy:9,0.0,simple_margin,407,2,571,sympy:9
True,10,True,15996,sympy:0.200000000000000,0.9,simple_margin,408,10,10155,sympy:0.200000000000000
True,16,False,15101,sympy:451,0.75,simple_margin,412,4,3923,sympy:406
True,1,True,8868,sympy:2*sqrt(5),0.0,simple_margin,418,2,1528,sympy:2*sqrt(5)
True,1,True,14487,sympy:27,0.5,simple_margin,421,2,1814,sympy:27
True,11,True,9017,sympy:3*r**2,0.0625,simple_margin,425,16,9017,sympy:3*r**2
True,1,True,4651,sympy:4,0.0,simple_margin,438,2,555,sympy:4
True,1,True,11822,sympy:x**8 + x**7 + x**6 + x**5 + x**4 + x**3 + x**2 + x + 1,0.0,simple_margin,439,2,1553,sympy:x**8 + x**7 + x**6 + x**5 + x**4 + x**3 + x**2 + x + 1
False,2,False,12048,sympy:1/4,0.5,simple_margin,444,2,2048,sympy:1/4
False,15,False,14317,sympy:8,0.5,simple_margin,445,16,14317,sympy:8
True,1,True,6606,sympy:9,0.0,simple_margin,447,4,1373,sympy:9
True,1,True,7788,sympy:639/40,0.0,simple_margin,451,2,934,sympy:639/40
True,1,True,6699,sympy:10,0.0,simple_margin,453,2,963,sympy:10
False,1,False,16384,,1.0,simple_margin,454,16,16384,
True,1,True,15498,"sympy:{-2, 1}",0.0,simple_margin,456,2,1996,"sympy:{-2, 1}"
True,1,True,4579,sympy:15,0.0,simple_margin,467,2,683,sympy:15
False,1,False,9964,sympy:0,0.0,simple_margin,478,2,1481,sympy:0
True,1,True,8814,sympy:15,0.0,simple_margin,489,2,972,sympy:15
True,1,True,8618,"sympy:Union(Interval.open(2, 12), Interval.open(12, 102))",0.0,simple_margin,495,2,1189,"sympy:Union(Interval.open(2, 12), Interval.open(12, 102))"
True,1,True,8370,sympy:5/13,0.0,simple_margin,496,2,1079,sympy:5/13
True,1,True,6044,sympy:2220,0.0,simple_margin,10,2,755,sympy:2220
True,1,True,4601,sympy:5,0.0,simple_margin,13,2,479,sympy:5
True,1,True,10343,sympy:3,0.0,simple_margin,19,2,1926,sympy:3
True,1,True,3731,sympy:9*i + 6,0.0,simple_margin,20,2,1192,sympy:9*i + 6
True,1,True,12700,sympy:-125,0.0,simple_margin,34,2,1742,sympy:-125
True,1,True,3895,sympy:2000,0.0,simple_margin,38,2,467,sympy:2000
True,1,True,3969,sympy:12,0.0,simple_margin,40,2,507,sympy:12
False,10,False,8697,sympy:5,0.0,simple_margin,41,16,8697,sympy:5
True,1,True,13525,sympy:6,0.5,simple_margin,46,2,1558,sympy:6
True,1,True,6960,sympy:5,0.0,simple_margin,47,2,787,sympy:5
True,1,True,4471,sympy:83,0.0,simple_margin,49,2,526,sympy:83
True,6,True,11954,sympy:203,0.0,simple_margin,50,16,11954,sympy:203
True,1,True,5608,sympy:3,0.0,simple_margin,55,2,808,sympy:3
True,1,True,3333,sympy:4,0.0,simple_margin,77,2,441,sympy:4
True,1,True,10741,"sympy:Interval.open(-2, 1)",0.0,simple_margin,78,2,1370,"sympy:Interval.open(-2, 1)"
True,1,True,13034,sympy:-1,0.0,simple_margin,84,2,1590,sympy:-1
True,1,True,5407,sympy:sqrt(5),0.0,simple_margin,85,2,717,sympy:sqrt(5)
True,1,True,4262,sympy:240,0.0,simple_margin,86,2,534,sympy:240
True,1,True,9752,sympy:33,0.0,simple_margin,93,2,1246,sympy:33
False,1,False,11403,sympy:36,0.0,simple_margin,104,2,1331,sympy:36
False,6,False,5286,sympy:15.5000000000000,0.0,simple_margin,105,16,5286,sympy:15.5000000000000
True,3,True,8946,sympy:13,0.0,simple_margin,112,4,2280,sympy:13
True,1,True,10396,sympy:-5,0.0,simple_margin,114,2,1333,sympy:-5
False,1,False,8457,sympy:30240,0.0,simple_margin,115,16,8457,sympy:30240
True,6,True,10657,sympy:-9,0.0,simple_margin,119,16,10657,sympy:-9
True,1,True,6037,sympy:6,0.0,simple_margin,121,2,674,sympy:6
True,1,True,5447,sympy:9,0.0,simple_margin,122,2,661,sympy:9
True,1,True,7240,sympy:4210,0.0,simple_margin,127,2,726,sympy:4210
True,1,True,5577,sympy:4,0.0,simple_margin,132,2,490,sympy:4
True,6,True,15107,sympy:64,0.8333333333333334,simple_margin,136,6,5851,sympy:64
False,15,False,13348,sympy:1/5,0.5,simple_margin,138,2,2048,sympy:1
True,1,True,10692,sympy:2107,0.0,simple_margin,158,2,1434,sympy:2107
True,1,True,11995,sympy:17/50,0.0,simple_margin,162,2,1635,sympy:17/50
False,1,False,14898,sympy:20,0.5,simple_margin,170,2,1653,sympy:20
True,1,True,7853,sympy:350,0.0,simple_margin,172,2,1052,sympy:350
True,1,True,6368,sympy:6.72000000000000e-5,0.0,simple_margin,176,4,1385,sympy:6.72000000000000e-5
True,1,True,11243,sympy:23,0.0,simple_margin,183,2,1283,sympy:23
True,1,True,5981,sympy:10080,0.0,simple_margin,198,2,779,sympy:10080
True,1,True,7335,sympy:2/3,0.0,simple_margin,202,2,1033,sympy:2/3
True,1,True,15297,sympy:-2,0.0,simple_margin,205,2,1901,sympy:-2
True,7,True,7282,sympy:10,0.0,simple_margin,210,16,7282,sympy:10
True,1,True,9065,sympy:56,0.0,simple_margin,212,4,2098,sympy:56
True,1,True,5639,sympy:2,0.0,simple_margin,215,2,611,sympy:2
True,1,True,4957,"sympy:Interval.open(-1, 6)",0.0,simple_margin,218,2,661,"sympy:Interval.open(-1, 6)"
False,1,False,6869,sympy:2/27,0.0,simple_margin,220,2,657,sympy:2/27
True,1,True,5864,sympy:14,0.0,simple_margin,223,2,661,sympy:14
True,1,True,12696,sympy:10,0.0,simple_margin,231,2,1646,sympy:10
True,4,True,13333,sympy:1997/2,0.0,simple_margin,232,6,5205,sympy:1997/2
True,1,True,7723,sympy:-4,0.0,simple_margin,238,2,909,sympy:-4
False,1,False,16384,,1.0,simple_margin,239,16,16384,
True,1,True,4690,sympy:3,0.0,simple_margin,243,2,578,sympy:3
True,1,True,6343,sympy:8/21,0.0,simple_margin,256,2,826,sympy:8/21
True,1,True,4389,sympy:4005,0.0,simple_margin,265,2,435,sympy:4005
True,6,True,10164,sympy:180,0.0,simple_margin,267,10,6509,sympy:180
True,1,True,4697,sympy:sqrt(53),0.0,simple_margin,277,2,561,sympy:sqrt(53)
True,1,True,8974,sympy:36,0.0,simple_margin,287,2,1225,sympy:36
True,1,True,10031,sympy:16,0.0,simple_margin,289,2,1210,sympy:16
True,1,True,10765,sympy:103,0.0,simple_margin,297,2,1381,sympy:103
True,1,True,10553,sympy:9/19,0.0,simple_margin,305,2,1570,sympy:9/19
False,9,False,10786,sympy:3*sqrt(3),0.0,simple_margin,308,16,10786,sympy:3*sqrt(3)
True,1,True,5972,"sympy:Interval.open(2, 4)",0.0,simple_margin,314,2,769,"sympy:Interval.open(2, 4)"
True,1,True,5550,sympy:-1,0.0,simple_margin,322,2,719,sympy:-1
True,1,True,3596,sympy:4,0.0,simple_margin,329,2,417,sympy:4
True,2,True,12764,sympy:3,0.5,simple_margin,333,2,1609,sympy:3
True,1,True,8013,sympy:-120,0.0,simple_margin,334,2,1013,sympy:-120
True,1,True,4253,sympy:26000,0.0,simple_margin,336,2,523,sympy:26000
True,1,True,6168,sympy:1,0.0,simple_margin,345,2,543,sympy:1
True,1,True,6751,sympy:6*r**2 - 1*4*r - 24,0.0,simple_margin,347,2,733,sympy:6*r**2 - 1*4*r - 24
False,8,False,16270,sympy:44,0.5,simple_margin,352,2,1999,sympy:42
True,1,True,6924,sympy:81,0.0,simple_margin,354,2,754,sympy:81
False,9,False,11587,sympy:120,0.125,simple_margin,355,16,11587,sympy:120
True,1,True,10263,"sympy:Interval.open(-sqrt(3), sqrt(3))",0.0,simple_margin,356,2,1482,"sympy:Interval.open(-sqrt(3), sqrt(3))"
True,1,True,6758,sympy:7/4,0.0,simple_margin,360,2,911,sympy:7/4
True,1,True,4305,sympy:31,0.0,simple_margin,368,2,503,sympy:31
True,1,True,12449,sympy:12,0.0,simple_margin,379,2,1443,sympy:12
False,8,True,9059,sympy:22,0.0,simple_margin,385,2,1559,sympy:48
False,1,False,14353,sympy:sqrt(82),0.0,simple_margin,392,2,1537,sympy:sqrt(82)
True,1,True,7340,sympy:3/4,0.0,simple_margin,393,2,961,sympy:3/4
True,6,True,14544,sympy:-3/8,0.42857142857142855,simple_margin,394,14,12735,sympy:-3/8
True,1,True,6101,sympy:23,0.0,simple_margin,397,2,878,sympy:23
True,1,True,7436,sympy:-1*12*i + 1,0.0,simple_margin,402,2,860,sympy:-1*12*i + 1
True,1,True,5207,sympy:3,0.0,simple_margin,404,2,651,sympy:3
True,1,True,6351,sympy:6,0.0,simple_margin,410,2,849,sympy:6
True,1,True,12375,sympy:9,0.0,simple_margin,415,2,1402,sympy:9
True,1,True,10426,sympy:1/8,0.0,simple_margin,416,2,1075,sympy:1/8
True,1,True,4793,sympy:-2,0.0,simple_margin,417,2,538,sympy:-2
True,1,True,8077,sympy:6*sqrt(2),0.0,simple_margin,426,2,1038,sympy:6*sqrt(2)
True,1,True,13390,sympy:64,0.0,simple_margin,428,4,3278,sympy:64
False,13,False,12782,"sympy:Interval(pi**2/8, pi**2/4)",0.0,simple_margin,431,16,12782,"sympy:Interval(pi**2/8, pi**2/4)"
False,1,False,16260,sympy:0,0.5,simple_margin,432,2,2048,sympy:0
True,1,True,8914,"sympy:Union(Interval.open(-oo, 2), Interval.open(3, oo))",0.0,simple_margin,435,2,1116,"sympy:Union(Interval.open(-oo, 2), Interval.open(3, oo))"
True,1,True,7099,sympy:14,0.0,simple_margin,440,2,873,sympy:14
True,1,True,4187,sympy:256,0.0,simple_margin,442,2,527,sympy:256
True,1,True,12471,sympy:41,0.5,simple_margin,458,2,2048,sympy:41
True,1,True,9020,sympy:12,0.0,simple_margin,461,2,1137,sympy:12
True,1,True,12829,sympy:9,0.0,simple_margin,464,2,1645,sympy:9
True,1,True,3983,sympy:8,0.0,simple_margin,468,2,497,sympy:8
True,1,True,11294,sympy:2,0.0,simple_margin,477,10,6700,sympy:2
True,1,True,10384,sympy:20,0.0,simple_margin,493,2,1207,sympy:20
True,1,True,5023,sympy:106,0.0,simple_margin,499,2,549,sympy:106
True,1,True,7912,sympy:14/3,0.0,simple_margin,2,2,1038,sympy:14/3
True,1,True,4326,sympy:42,0.0,simple_margin,5,2,539,sympy:42
True,1,True,7256,sympy:27,0.0,simple_margin,6,2,814,sympy:27
True,5,True,11169,sympy:90,0.0,simple_margin,7,10,6635,sympy:90
True,1,True,12247,sympy:5,0.0,simple_margin,22,2,1239,sympy:5
True,1,True,9983,sympy:5,0.0,simple_margin,23,2,1100,sympy:5
True,1,True,7484,sympy:225,0.0,simple_margin,29,2,814,sympy:225
True,1,True,6398,sympy:720,0.0,simple_margin,32,2,682,sympy:720
True,1,True,9113,sympy:23,0.0,simple_margin,39,2,995,sympy:23
False,3,False,11238,sympy:20*sqrt(5) + 10*sqrt(34),0.0,simple_margin,43,4,2715,sympy:20*sqrt(5) + 10*sqrt(34)
True,1,True,8889,sympy:16,0.0,simple_margin,57,2,1256,sympy:16
True,1,True,4159,sympy:9901,0.0,simple_margin,58,2,582,sympy:9901
True,1,True,5777,sympy:(3*sqrt(3))/4,0.0,simple_margin,73,2,1295,sympy:(3*sqrt(3))/4
True,1,True,8083,sympy:11/36,0.0,simple_margin,75,2,1368,sympy:11/36
True,1,True,4361,sympy:2,0.0,simple_margin,79,2,509,sympy:2
True,1,True,6490,sympy:2,0.0,simple_margin,83,2,813,sympy:2
True,1,True,10302,sympy:1,0.0,simple_margin,87,2,1313,sympy:1
True,3,True,11987,sympy:21,0.0,simple_margin,89,4,2876,sympy:21
True,1,True,11457,sympy:448/15625,0.0,simple_margin,92,2,1338,sympy:448/15625
False,2,False,14886,"parsed:Matrix([[-1/3], [f*r*a*c*5], [f*r*a*c*8]])",0.5,simple_margin,99,2,2036,"parsed:Matrix([[-1/3], [f*r*a*c*5], [f*r*a*c*8]])"
True,1,True,5266,sympy:4/3,0.0,simple_margin,106,2,633,sympy:4/3
False,4,False,16262,sympy:3,0.75,simple_margin,110,4,3974,sympy:3
True,1,True,6363,sympy:8000,0.0,simple_margin,113,2,534,sympy:8000
True,1,True,12452,sympy:1,0.0,simple_margin,139,2,1729,sympy:1
True,1,True,5783,sympy:sqrt(3)/3,0.0,simple_margin,146,2,618,sympy:sqrt(3)/3
False,9,False,14700,sympy:12,0.3125,simple_margin,147,16,14700,sympy:12
True,1,True,6375,sympy:1/4,0.0,simple_margin,155,2,828,sympy:1/4
False,1,False,14206,sympy:90,0.0,simple_margin,156,2,1456,sympy:90
True,1,True,7055,sympy:18,0.0,simple_margin,160,2,844,sympy:18
False,10,False,12749,sympy:sqrt(3),0.0,simple_margin,164,2,1238,sympy:sqrt(3)
True,1,True,5420,sympy:12,0.0,simple_margin,169,2,589,sympy:12
True,1,True,7155,sympy:2,0.0,simple_margin,174,2,907,sympy:2
True,1,True,13204,sympy:3,0.0,simple_margin,175,2,1672,sympy:3
False,4,False,12713,"sympy:Interval(3, oo)",0.0,simple_margin,184,16,12713,"sympy:Interval(3, oo)"
True,1,True,3760,sympy:1,0.0,simple_margin,185,2,450,sympy:1
True,1,True,9426,sympy:7,0.0,simple_margin,186,2,2048,sympy:7
True,1,True,8308,sympy:7,0.0,simple_margin,187,2,1461,sympy:7
True,16,True,16039,sympy:160,0.375,simple_margin,189,16,16039,sympy:160
True,1,True,5658,sympy:4,0.0,simple_margin,193,2,719,sympy:4
True,1,True,5219,sympy:17,0.0,simple_margin,199,2,635,sympy:17
True,1,True,8828,sympy:12,0.0,simple_margin,203,2,1122,sympy:12
False,11,False,13264,sympy:16,0.0,simple_margin,204,4,3801,sympy:256
False,1,False,7114,sympy:11111111100,0.0,simple_margin,217,2,856,sympy:11111111100
True,1,True,12338,sympy:16/5,0.0,simple_margin,230,2,1797,sympy:16/5
False,5,True,7457,sympy:34,0.0,simple_margin,234,2,651,sympy:49
True,1,True,9576,sympy:5/9,0.0,simple_margin,235,2,1208,sympy:5/9
True,1,True,4165,sympy:8,0.0,simple_margin,246,2,578,sympy:8
False,1,False,16384,,1.0,simple_margin,248,16,16384,
True,1,True,6009,sympy:e,0.0,simple_margin,255,2,711,sympy:e
True,1,True,4748,sympy:22,0.0,simple_margin,259,2,548,sympy:22
True,1,True,7821,sympy:6,0.0,simple_margin,269,2,1385,sympy:6
True,1,True,5818,sympy:8,0.0,simple_margin,280,2,811,sympy:8
False,1,False,16077,sympy:1260,0.5,simple_margin,292,2,1807,sympy:1260
True,3,True,13066,sympy:58,0.0,simple_margin,294,4,3192,sympy:58
True,1,True,4827,sympy:12,0.0,simple_margin,300,2,535,sympy:12
False,1,False,7534,sympy:5.50000000000000,0.0,simple_margin,301,2,940,sympy:5.50000000000000
True,14,True,13081,sympy:5,0.375,simple_margin,302,16,13081,sympy:5
True,1,True,13670,sympy:9,0.0,simple_margin,304,2,1731,sympy:9
True,1,True,8577,"sympy:Interval(-oo, 0)",0.0,simple_margin,307,2,1041,"sympy:Interval(-oo, 0)"
False,12,False,8953,sympy:15,0.0,simple_margin,309,16,8953,sympy:15
True,1,True,10845,sympy:3,0.0,simple_margin,311,2,1504,sympy:3
False,1,False,10137,sympy:2,0.0,simple_margin,317,2,1100,sympy:2
True,1,True,10623,sympy:(9*a + 11)/20,0.0,simple_margin,318,2,957,sympy:(9*a + 11)/20
True,1,True,5305,sympy:-128,0.0,simple_margin,319,2,661,sympy:-128
True,1,True,5171,sympy:10,0.0,simple_margin,321,2,640,sympy:10
False,1,False,16049,sympy:10,0.5,simple_margin,327,2,1981,sympy:10
True,1,True,6903,sympy:-2,0.0,simple_margin,341,2,710,sympy:-2
True,1,True,6571,sympy:5,0.0,simple_margin,344,2,818,sympy:5
True,13,True,7239,sympy:4,0.0,simple_margin,357,16,7239,sympy:4
True,1,True,11510,sympy:16*sqrt(3),0.0,simple_margin,361,2,1352,sympy:16*sqrt(3)
True,1,True,4641,sympy:2,0.0,simple_margin,363,2,616,sympy:2
True,1,True,5644,sympy:-41,0.0,simple_margin,370,2,808,sympy:-41
False,12,False,9493,sympy:70,0.0,simple_margin,372,16,9493,sympy:70
True,1,True,8445,sympy:25,0.0,simple_margin,375,2,970,sympy:25
False,7,True,12623,"sympy:Union(Interval.open(0, 9), Interval.open(9, 36))",0.0,simple_margin,380,2,1277,"sympy:Interval.open(0, 36)"
True,1,True,2804,sympy:15*x - 80,0.0,simple_margin,384,2,370,sympy:15*x - 80
True,1,True,4587,sympy:326.500000000000,0.0,simple_margin,399,2,608,sympy:326.500000000000
True,1,True,2762,sympy:60,0.0,simple_margin,411,2,285,sympy:60
True,1,True,5320,sympy:5*r**5,0.0,simple_margin,413,2,670,sympy:5*r**5
False,4,False,15617,sympy:-30,0.75,simple_margin,419,4,3834,sympy:-30
True,1,True,8746,sympy:0.356250000000000,0.0,simple_margin,433,2,1164,sympy:0.356250000000000
True,1,True,9106,sympy:32,0.0,simple_margin,434,2,1168,sympy:32
True,1,True,15820,sympy:4,0.5,simple_margin,436,2,2022,sympy:4
True,1,True,6812,sympy:143,0.0,simple_margin,452,2,867,sympy:143
True,1,True,12672,sympy:18.9000000000000,0.0,simple_margin,459,2,1601,sympy:18.9000000000000
True,12,False,7361,sympy:105,0.0,simple_margin,460,4,1925,sympy:75
True,1,True,8162,sympy:59,0.0,simple_margin,462,2,766,sympy:59
True,1,True,5063,sympy:2,0.0,simple_margin,463,2,637,sympy:2
False,10,False,12492,sympy:(64*pi)/9,0.0,simple_margin,466,16,12492,sympy:(64*pi)/9
True,1,True,4435,sympy:84,0.0,simple_margin,471,2,654,sympy:84
True,1,True,6498,sympy:275/2,0.0,simple_margin,472,2,878,sympy:275/2
False,9,False,16176,sympy:55,0.8888888888888888,simple_margin,475,9,9159,sympy:55
True,1,True,6274,sympy:2,0.0,simple_margin,479,2,833,sympy:2
True,11,True,10375,sympy:202,0.0625,simple_margin,482,16,10375,sympy:202
True,14,True,16323,sympy:8/15,0.9285714285714286,simple_margin,483,14,14275,sympy:8/15
True,1,True,14379,sympy:10,0.0,simple_margin,484,2,1762,sympy:10
False,1,False,12659,sympy:0,0.125,simple_margin,490,16,12659,sympy:0
True,1,True,9512,"sympy:Eq(y, -1*2*x)",0.0,simple_margin,492,2,1085,"sympy:Eq(y, -1*2*x)"
True,11,False,12573,sympy:1,0.5,simple_margin,494,2,1780,sympy:1/4
False,7,False,9097,sympy:2,0.0,simple_margin,497,16,9097,sympy:2
True,16,False,7761,sympy:56,0.0,simple_margin,18,2,900,sympy:28
True,1,True,8919,sympy:10,0.0,simple_margin,24,16,8919,sympy:10
False,7,False,14561,"sympy:{0, 1}",0.5,simple_margin,25,2,2048,sympy:i*l*n*n*o*o*o*s*t*u
False,1,False,11174,sympy:576,0.0,simple_margin,26,16,11174,sympy:576
True,1,True,6528,sympy:78,0.0,simple_margin,27,2,669,sympy:78
True,1,True,6655,sympy:3,0.0,simple_margin,35,2,817,sympy:3
True,3,True,12476,"sympy:{3, 5, 7}",0.0,simple_margin,36,4,2866,"sympy:{3, 5, 7}"
True,1,True,3770,sympy:72,0.0,simple_margin,37,2,391,sympy:72
True,1,True,7763,sympy:1.25000000000000,0.0,simple_margin,44,2,1006,sympy:1.25000000000000
True,1,True,5920,sympy:-1*pi/6,0.0,simple_margin,53,2,757,sympy:-1*pi/6
True,1,True,4796,sympy:0.150000000000000,0.0,simple_margin,54,2,578,sympy:0.150000000000000
True,1,True,3463,sympy:11,0.0,simple_margin,56,2,399,sympy:11
False,7,True,13342,sympy:35/64,0.5,simple_margin,64,2,2048,sympy:1/16
True,1,True,3288,sympy:1,0.0,simple_margin,65,2,422,sympy:1
True,1,True,12048,sympy:46,0.0,simple_margin,68,2,1591,sympy:46
True,1,True,7901,sympy:40,0.0,simple_margin,70,2,874,sympy:40
True,1,True,6664,sympy:3,0.0,simple_margin,81,2,635,sympy:3
True,7,True,7856,sympy:3/2,0.0,simple_margin,82,16,7856,sympy:3/2
True,1,True,11916,sympy:-4,0.0,simple_margin,95,2,1372,sympy:-4
True,1,True,6146,sympy:2*k + 2,0.0,simple_margin,98,2,497,sympy:2*k + 2
False,1,False,16083,sympy:1,0.5,simple_margin,101,2,1897,sympy:1
True,1,True,13195,sympy:2,0.0,simple_margin,108,4,2946,sympy:2
True,1,True,5288,sympy:2,0.0,simple_margin,116,2,715,sympy:2
False,1,False,8515,sympy:dd*o,0.0,simple_margin,120,4,2086,sympy:dd*o
True,1,True,11783,sympy:11/2,0.0,simple_margin,124,2,1509,sympy:11/2
True,1,True,6630,sympy:-3,0.0,simple_margin,125,2,605,sympy:-3
False,1,False,15083,sympy:2*i + 1,0.5,simple_margin,126,2,1877,sympy:2*i + 1
True,1,True,6871,sympy:13,0.0,simple_margin,130,2,828,sympy:13
True,1,True,8989,sympy:8,0.0,simple_margin,131,2,1029,sympy:8
True,1,True,10206,sympy:16,0.0,simple_margin,134,2,1231,sympy:16
True,1,True,7509,sympy:204,0.0,simple_margin,137,2,966,sympy:204
True,1,True,8003,sympy:13,0.0,simple_margin,140,2,1071,sympy:13
True,1,True,4176,"sympy:(15, -29)",0.0,simple_margin,144,2,561,"sympy:(15, -29)"
False,13,False,11470,sympy:16,0.125,simple_margin,152,16,11470,sympy:16
True,1,True,7534,sympy:2/21,0.0,simple_margin,153,2,949,sympy:2/21
True,1,True,5705,sympy:6/5,0.0,simple_margin,157,2,666,sympy:6/5
True,1,True,8012,sympy:3.21000000000000,0.0,simple_margin,159,2,885,sympy:3.21000000000000
True,6,True,9906,sympy:270/7,0.0,simple_margin,166,10,6348,sympy:270/7
False,1,False,12664,sympy:12,0.5,simple_margin,168,2,1830,sympy:12
True,1,True,6758,sympy:13/15,0.0,simple_margin,171,2,754,sympy:13/15
False,12,True,6042,sympy:3,0.0,simple_margin,180,8,3433,sympy:2
True,1,True,3970,sympy:1251,0.0,simple_margin,182,2,502,sympy:1251
True,1,True,7366,sympy:30,0.0,simple_margin,192,2,839,sympy:30
True,1,True,12958,sympy:1/4,0.0,simple_margin,194,2,1524,sympy:1/4
True,1,True,11402,sympy:6,0.0,simple_margin,197,4,3093,sympy:6
True,1,True,10879,sympy:66,0.0,simple_margin,201,2,1687,sympy:66
True,1,True,7094,"sympy:(3/2, -13)",0.0,simple_margin,206,2,835,"sympy:(3/2, -13)"
True,1,True,5808,sympy:28,0.0,simple_margin,207,2,662,sympy:28
True,1,True,3878,sympy:90,0.0,simple_margin,229,2,464,sympy:90
True,1,True,9574,sympy:22,0.0,simple_margin,237,2,1399,sympy:22
True,1,True,12784,sympy:17,0.0,simple_margin,241,2,1603,sympy:17
False,3,False,8088,sympy:32349,0.0,simple_margin,242,6,3020,sympy:32349
False,4,False,13699,sympy:11,0.5,simple_margin,249,2,2048,sympy:14
True,1,True,6081,sympy:15,0.0,simple_margin,263,2,709,sympy:15
True,1,True,4127,sympy:1,0.0,simple_margin,268,2,558,sympy:1
True,1,True,5722,sympy:10,0.0,simple_margin,270,2,728,sympy:10
True,1,True,8217,sympy:333,0.0,simple_margin,271,2,1004,sympy:333
True,9,True,11355,sympy:1030,0.0,simple_margin,272,2,1584,sympy:1030
False,8,False,5600,sympy:36,0.0,simple_margin,274,16,5600,sympy:36
True,1,True,4512,sympy:7,0.0,simple_margin,275,2,564,sympy:7
True,1,True,7891,sympy:11,0.0,simple_margin,276,2,853,sympy:11
True,6,True,9383,sympy:36,0.0,simple_margin,281,16,9383,sympy:36
False,1,False,5509,sympy:497,0.0,simple_margin,282,2,610,sympy:497
True,1,True,6977,sympy:1,0.0,simple_margin,283,2,1302,sympy:1
False,2,False,13758,sympy:1/2,0.5,simple_margin,286,2,1668,sympy:1/2
False,1,False,15299,sympy:sqrt(89),0.5,simple_margin,288,2,2048,sympy:sqrt(89)
False,1,False,12612,sympy:c,0.0,simple_margin,296,2,1632,sympy:c
True,1,True,8261,"sympy:Interval.open(5, oo)",0.0,simple_margin,312,2,852,"sympy:Interval.open(5, oo)"
True,1,True,7006,sympy:12*pi,0.0,simple_margin,313,2,753,sympy:12*pi
True,1,True,8754,sympy:-24/25,0.0,simple_margin,320,2,1141,sympy:-24/25
True,12,True,10724,sympy:2,0.0625,simple_margin,332,16,10724,sympy:2
False,1,False,16384,,1.0,simple_margin,340,16,16384,
True,1,True,5717,sympy:2,0.0,simple_margin,342,2,651,sympy:2
True,1,True,5929,sympy:58500,0.0,simple_margin,343,2,775,sympy:58500
True,1,True,7229,sympy:66,0.0,simple_margin,346,2,859,sympy:66
False,1,False,9558,sympy:-1/16,0.0,simple_margin,351,2,1257,sympy:-1/16
True,1,True,14038,sympy:6,0.0,simple_margin,359,2,1698,sympy:6
True,1,True,3091,sympy:1/4,0.0,simple_margin,362,2,362,sympy:1/4
False,1,False,14815,sympy:1/18,0.125,simple_margin,381,16,14815,sympy:1/18
True,1,True,5750,sympy:11,0.0,simple_margin,386,2,734,sympy:11
True,1,True,5055,sympy:18,0.0,simple_margin,387,2,672,sympy:18
True,11,True,8565,sympy:11/2,0.0,simple_margin,388,16,8565,sympy:11/2
False,5,False,13788,sympy:39.6800000000000,0.0,simple_margin,398,16,13788,sympy:39.6800000000000
True,9,True,10193,sympy:14/3,0.0,simple_margin,400,16,10193,sympy:14/3
False,6,False,15335,sympy:3,0.8333333333333334,simple_margin,401,6,5713,sympy:3
False,1,False,9786,sympy:1,0.0,simple_margin,403,2,1638,sympy:1
True,1,True,4479,sympy:0,0.0,simple_margin,406,2,473,sympy:0
False,7,False,16332,"sympy:{-2, 1}",0.8571428571428571,simple_margin,422,7,7116,"sympy:{-2, 1}"
True,1,True,6020,sympy:29,0.0,simple_margin,427,2,814,sympy:29
True,1,True,9469,sympy:50,0.0,simple_margin,429,2,1144,sympy:50
True,1,True,3825,sympy:4.50000000000000,0.0,simple_margin,430,2,482,sympy:4.50000000000000
True,1,True,5827,sympy:550,0.0,simple_margin,441,2,713,sympy:550
True,1,True,10475,sympy:8,0.0,simple_margin,446,2,1558,sympy:8
True,1,True,10239,sympy:44,0.0,simple_margin,448,2,1221,sympy:44
True,1,True,5194,sympy:47,0.0,simple_margin,449,2,1265,sympy:47
True,1,True,2738,sympy:0,0.0,simple_margin,457,2,352,sympy:0
True,1,True,7757,sympy:121,0.0,simple_margin,465,2,529,sympy:121
False,16,True,13628,sympy:7,0.0,simple_margin,473,4,3545,sympy:4
True,1,True,5532,sympy:2,0.0,simple_margin,487,2,646,sympy:2
False,12,False,5092,sympy:24,0.0,simple_margin,491,16,5092,sympy:24
True,1,True,4955,"sympy:(3, pi/2)",0.0,simple_margin,0,2,635,"sympy:(3, pi/2)"
True,1,True,9629,sympy:p - q,0.0,simple_margin,1,2,1087,sympy:p - q
True,1,True,7703,sympy:9,0.0,simple_margin,3,2,919,sympy:9
True,1,True,9542,sympy:284,0.0,simple_margin,12,2,1010,sympy:284
False,1,False,4200,sympy:10,0.0,simple_margin,14,4,1190,sympy:10
True,1,True,10480,sympy:-1*5*i + 6,0.0,simple_margin,15,2,1326,sympy:-1*5*i + 6
True,14,False,11137,sympy:pi/2,0.0,simple_margin,17,4,2530,sympy:pi
True,1,True,5538,sympy:52,0.0,simple_margin,30,2,654,sympy:52
True,1,True,7286,sympy:11*sqrt(2),0.0,simple_margin,31,2,1140,sympy:11*sqrt(2)
True,1,True,12186,sympy:x**5 - x**4 + x**3 - x**2 + x - 1,0.0,simple_margin,51,2,1357,sympy:x**5 - x**4 + x**3 - x**2 + x - 1
True,1,True,4963,sympy:12,0.0,simple_margin,52,2,567,sympy:12
True,1,True,7100,sympy:5,0.0,simple_margin,59,2,845,sympy:5
False,8,False,16007,"sympy:(-3, 3, -1)",0.75,simple_margin,60,4,4072,"sympy:(0, -280, -244)"
True,1,True,5913,sympy:-256,0.0,simple_margin,61,2,742,sympy:-256
True,1,True,6374,sympy:x**3 + 3*x - 6,0.0,simple_margin,66,2,775,sympy:x**3 + 3*x - 6
True,1,True,6862,sympy:-1,0.0,simple_margin,69,2,781,sympy:-1
True,4,True,6340,sympy:2516,0.0,simple_margin,71,16,6340,sympy:2516
True,1,True,6153,sympy:1,0.0,simple_margin,91,2,601,sympy:1
False,2,False,12589,sympy:70,0.5,simple_margin,94,2,1731,sympy:70
False,13,False,15546,sympy:2,0.5,simple_margin,96,2,1981,"sympy:{-1, 7}"
True,1,True,5326,sympy:E*a*s*t,0.0,simple_margin,97,2,1325,sympy:E*a*s*t
False,8,False,10169,sympy:155,0.125,simple_margin,100,16,10169,sympy:155
True,1,True,9630,sympy:210,0.0,simple_margin,111,2,1039,sympy:210
True,7,False,14970,sympy:6,0.5,simple_margin,123,2,1986,sympy:8
True,11,True,11188,sympy:3840/289,0.0,simple_margin,129,16,11188,sympy:3840/289
True,1,True,6408,sympy:120,0.0,simple_margin,133,2,734,sympy:120
True,1,True,7121,sympy:9,0.0,simple_margin,135,2,728,sympy:9
True,16,True,7128,sympy:28800,0.0,simple_margin,142,4,1792,sympy:28800
True,15,True,11119,sympy:-2,0.0625,simple_margin,145,16,11119,sympy:-2
True,1,True,9714,sympy:144,0.0,simple_margin,151,2,991,sympy:144
False,8,False,9394,sympy:2*sqrt(34),0.0,simple_margin,154,16,9394,sympy:2*sqrt(34)
True,1,True,4522,sympy:6,0.0,simple_margin,161,2,1175,sympy:6
True,1,True,8203,sympy:-35/9,0.0,simple_margin,163,2,999,sympy:-35/9
True,1,True,5194,sympy:4/9,0.0,simple_margin,165,2,628,sympy:4/9
True,1,True,4172,sympy:60,0.0,simple_margin,178,2,383,sympy:60
True,1,True,16113,sympy:6,0.0,simple_margin,188,2,1952,sympy:6
True,16,False,5942,sympy:25/36,0.0,simple_margin,190,4,1661,sympy:13/18
True,1,True,4350,sympy:0,0.0,simple_margin,191,2,501,sympy:0
True,1,True,4684,sympy:1600,0.0,simple_margin,196,2,681,sympy:1600
True,1,True,6226,sympy:40,0.0,simple_margin,200,2,999,sympy:40
True,1,True,6297,sympy:1,0.0,simple_margin,208,2,826,sympy:1
False,1,False,12138,sympy:1,0.5,simple_margin,213,2,1891,sympy:1
False,14,False,9381,sympy:100,0.0625,simple_margin,214,16,9381,sympy:100
True,1,True,6964,sympy:6,0.0,simple_margin,216,2,913,sympy:6
True,1,True,9562,sympy:1/2,0.0,simple_margin,219,16,9562,sympy:1/2
False,1,False,12914,sympy:1/16,0.5,simple_margin,224,2,1831,sympy:1/16
True,1,True,4035,sympy:3,0.0,simple_margin,226,2,582,sympy:3
True,1,True,7456,sympy:30,0.0,simple_margin,233,2,972,sympy:30
False,6,False,6794,sympy:52,0.0,simple_margin,240,14,5878,sympy:52
True,1,True,13527,sympy:8,0.0,simple_margin,244,2,1518,sympy:8
False,11,False,14984,sympy:-1*10*x,0.125,simple_margin,245,16,14984,sympy:-1*10*x
True,1,True,8419,sympy:10/11,0.0,simple_margin,247,2,1030,sympy:10/11
True,1,True,9915,sympy:13,0.0,simple_margin,250,2,1237,sympy:13
True,1,True,8556,sympy:81,0.0,simple_margin,252,2,1166,sympy:81
True,1,True,7929,sympy:16,0.0,simple_margin,258,2,894,sympy:16
True,1,True,3900,sympy:4,0.0,simple_margin,262,2,469,sympy:4
False,13,True,7702,sympy:33/100,0.0,simple_margin,266,2,921,parsed:**
True,1,True,6530,sympy:255,0.0,simple_margin,278,2,921,sympy:255
False,7,True,7559,sympy:7*pi,0.0,simple_margin,279,2,928,sympy:4*pi
False,1,False,10715,sympy:4,0.0,simple_margin,295,4,2675,sympy:4
False,7,True,15508,sympy:-18,0.5,simple_margin,298,2,1942,sympy:6
False,9,False,12981,sympy:2,0.125,simple_margin,306,16,12981,sympy:2
True,1,True,6118,sympy:49,0.0,simple_margin,310,2,717,sympy:49
True,1,True,9825,sympy:12,0.0,simple_margin,316,2,1277,sympy:12
True,1,True,10329,sympy:1/3,0.0,simple_margin,323,2,1399,sympy:1/3
True,5,True,13528,sympy:120,0.125,simple_margin,324,16,13528,sympy:120
True,1,True,7255,sympy:4,0.0,simple_margin,325,2,919,sympy:4
True,1,True,7948,sympy:1940,0.0,simple_margin,330,2,1246,sympy:1940
True,1,True,5980,sympy:4343,0.0,simple_margin,338,2,690,sympy:4343
False,1,False,4706,sympy:5040,0.0,simple_margin,349,2,466,sympy:5040
True,1,True,5313,sympy:4,0.0,simple_margin,350,2,632,sympy:4
True,1,True,6869,sympy:480,0.0,simple_margin,353,2,739,sympy:480
False,6,False,7922,sympy:E*c*c*i*l*r,0.0,simple_margin,358,16,7922,sympy:E*c*c*i*l*r
True,1,True,9904,"sympy:(1, -16, -4, 43)",0.0,simple_margin,364,2,1201,"sympy:(1, -16, -4, 43)"
False,1,False,12156,sympy:40,0.0,simple_margin,365,2,1289,sympy:40
True,1,True,7133,sympy:4,0.0,simple_margin,366,2,1091,sympy:4
True,1,True,4382,sympy:4,0.0,simple_margin,374,2,559,sympy:4
True,1,True,9357,sympy:20000/pi,0.0,simple_margin,382,4,2294,sympy:20000/pi
True,6,True,8441,sympy:sqrt(21)/5,0.0,simple_margin,389,16,8441,sympy:sqrt(21)/5
True,1,True,9038,sympy:2,0.0,simple_margin,396,2,1513,sympy:2
True,1,True,5715,sympy:60,0.0,simple_margin,405,2,630,sympy:60
True,1,True,11856,sympy:2*sqrt(5),0.0,simple_margin,409,2,1384,sympy:2*sqrt(5)
True,1,True,7766,sympy:10,0.0,simple_margin,414,2,850,sympy:10
False,1,False,8441,"parsed:Matrix([[16/49], [f*r*a*c*97], [f*r*a*c*73]])",0.0,simple_margin,420,2,999,"parsed:Matrix([[16/49], [f*r*a*c*97], [f*r*a*c*73]])"
True,16,False,13836,sympy:1439,0.0,simple_margin,423,2,1766,sympy:1440
True,1,True,7380,sympy:600,0.0,simple_margin,424,2,873,sympy:600
True,1,True,7728,sympy:3,0.0,simple_margin,437,2,842,sympy:3
True,1,True,5477,sympy:45,0.0,simple_margin,443,2,735,sympy:45
True,1,True,10567,sympy:64,0.0,simple_margin,450,2,1120,sympy:64
True,1,True,5490,sympy:6,0.0,simple_margin,455,2,680,sympy:6
True,1,True,3922,sympy:25,0.0,simple_margin,469,2,470,sympy:25
False,13,True,16195,sympy:27648,0.75,simple_margin,470,4,3966,sympy:5/1536
True,1,True,10374,sympy:3,0.0,simple_margin,474,2,1268,sympy:3
True,1,True,5591,sympy:200,0.0,simple_margin,476,2,697,sympy:200
True,1,True,8031,sympy:1,0.0,simple_margin,480,2,1235,sympy:1
False,5,False,13703,sympy:1,0.3125,simple_margin,481,16,13703,sympy:1
False,8,True,15003,sympy:13,0.5,simple_margin,485,2,1936,sympy:12
True,1,True,3747,sympy:216,0.0,simple_margin,486,4,959,sympy:216
True,1,True,3636,sympy:36,0.0,simple_margin,488,2,473,sympy:36
False,1,False,14697,sympy:1,0.5,simple_margin,498,2,2048,sympy:1
True,1,True,9658,sympy:E*e*l*n*v*y,0.0,fixed_n8,4,8,5053,sympy:E*e*l*n*v*y
True,1,True,6649,sympy:3*sqrt(13),0.0,fixed_n8,8,8,3293,sympy:3*sqrt(13)
True,15,False,13015,sympy:1,0.125,fixed_n8,9,8,7562,sympy:4
False,2,False,14860,sympy:8/63,0.25,fixed_n8,11,8,7177,sympy:8/63
True,1,True,4186,sympy:-50,0.0,fixed_n8,16,8,2037,sympy:-50
True,6,True,13584,sympy:13535,0.125,fixed_n8,21,8,6690,sympy:13535
True,1,True,4707,sympy:7*i - 2,0.0,fixed_n8,28,8,2305,sympy:7*i - 2
False,14,False,11779,sympy:81/205,0.0,fixed_n8,33,8,6077,sympy:9/25
True,1,True,4780,sympy:4,0.0,fixed_n8,42,8,2469,sympy:4
True,1,True,5689,sympy:2,0.0,fixed_n8,45,8,2690,sympy:2
True,1,True,6349,sympy:3/2,0.0,fixed_n8,48,8,3534,sympy:3/2
True,11,False,12647,sympy:sqrt((sqrt(177) + 17)/2),0.0,fixed_n8,62,8,6665,sympy:4
False,3,False,8883,sympy:9,0.0,fixed_n8,63,8,4466,sympy:9
True,1,True,5543,sympy:10,0.0,fixed_n8,67,8,2799,sympy:10
True,1,True,5836,sympy:3,0.0,fixed_n8,72,8,3113,sympy:3
True,1,True,6863,sympy:cot(x),0.0,fixed_n8,74,8,3364,sympy:cot(x)
True,1,True,4140,sympy:0,0.0,fixed_n8,76,8,2060,sympy:0
False,1,False,12046,sympy:1,0.0,fixed_n8,80,8,5859,sympy:1
True,1,True,14346,sympy:2,0.125,fixed_n8,88,8,7167,sympy:2
False,1,False,4036,sympy:15,0.0,fixed_n8,90,8,1967,sympy:15
True,1,True,5851,sympy:(a + 5)*(b + 2),0.0,fixed_n8,102,8,2570,sympy:(a + 5)*(b + 2)
False,13,False,15895,"sympy:Interval.open(1, 4)",0.625,fixed_n8,103,8,7806,sympy:2
True,1,True,6709,sympy:9,0.0,fixed_n8,107,8,3480,sympy:9
False,5,False,14998,sympy:65,0.625,fixed_n8,109,8,7298,sympy:65
True,1,True,5499,sympy:3,0.0,fixed_n8,117,8,2792,sympy:3
True,2,True,13513,sympy:81,0.25,fixed_n8,118,8,6427,sympy:81
True,1,True,4172,sympy:36,0.0,fixed_n8,128,8,1655,sympy:36
True,1,True,4498,sympy:2,0.0,fixed_n8,141,8,2292,sympy:2
True,1,True,11397,sympy:3*sqrt(5),0.0,fixed_n8,143,8,5820,sympy:3*sqrt(5)
True,1,True,6797,sympy:11,0.0,fixed_n8,148,8,3059,sympy:11
True,1,True,12603,sympy:49,0.125,fixed_n8,149,8,5912,sympy:49
False,3,False,15152,sympy:3,0.75,fixed_n8,150,8,8018,sympy:3
True,1,True,3441,sympy:65,0.0,fixed_n8,167,8,1721,sympy:65
True,1,True,12517,sympy:4,0.0,fixed_n8,173,8,6312,sympy:4
False,1,False,6373,sympy:60,0.0,fixed_n8,177,8,2489,sympy:60
True,1,True,13329,"sympy:Eq(5*x - 1*7*y + 11*z + 4, 0)",0.25,fixed_n8,179,8,6957,"sympy:Eq(5*x - 1*7*y + 11*z + 4, 0)"
True,1,True,5745,sympy:sqrt(3)/3,0.0,fixed_n8,181,8,2791,sympy:sqrt(3)/3
True,1,True,5923,sympy:24,0.0,fixed_n8,195,8,2577,sympy:24
True,1,True,7149,sympy:16,0.0,fixed_n8,209,8,3493,sympy:16
True,1,True,4589,sympy:5,0.0,fixed_n8,211,8,2293,sympy:5
True,1,True,8223,sympy:900,0.0,fixed_n8,221,8,4039,sympy:900
False,3,False,8180,sympy:150,0.0,fixed_n8,222,8,3419,sympy:150
True,1,True,5163,sympy:11,0.0,fixed_n8,225,8,2585,sympy:11
True,1,True,4076,sympy:c,0.0,fixed_n8,227,8,2043,sympy:c
True,4,True,15835,sympy:288*pi,0.5,fixed_n8,228,8,7787,sympy:288*pi
False,16,False,13087,sympy:15,0.375,fixed_n8,236,8,6520,sympy:24
True,1,True,9216,sympy:540,0.0,fixed_n8,251,8,5388,sympy:540
True,1,True,3614,sympy:1/8,0.0,fixed_n8,253,8,1840,sympy:1/8
True,1,True,6449,sympy:28,0.0,fixed_n8,254,8,3297,sympy:28
True,1,True,5755,sympy:864,0.0,fixed_n8,257,8,2768,sympy:864
True,1,True,9585,sympy:120,0.0,fixed_n8,260,8,4784,sympy:120
True,1,True,5734,sympy:76,0.0,fixed_n8,261,8,2781,sympy:76
False,1,False,11164,sympy:5,0.125,fixed_n8,264,8,5528,sympy:5
True,1,True,5268,sympy:1250,0.0,fixed_n8,273,8,2677,sympy:1250
True,12,False,9102,sympy:i*l*n*n*o*o*o*s*t*u,0.125,fixed_n8,284,8,5224,"sympy:{2*sqrt(2) + 3, -1*2*sqrt(2) + 3}"
False,3,False,16306,sympy:280,0.75,fixed_n8,285,8,8128,sympy:280
True,1,True,16017,sympy:4,0.5,fixed_n8,290,8,8009,sympy:4
True,5,True,7882,sympy:63,0.0,fixed_n8,291,8,3556,sympy:63
True,1,True,8711,"sympy:Interval.Lopen(3/5, 8/3)",0.0,fixed_n8,293,8,4186,"sympy:Interval.Lopen(3/5, 8/3)"
True,1,True,5947,sympy:63,0.0,fixed_n8,299,8,2811,sympy:63
False,1,False,13978,sympy:21,0.25,fixed_n8,303,8,7328,sympy:21
True,1,True,8086,sympy:41,0.0,fixed_n8,315,8,4167,sympy:41
True,3,True,15866,sympy:0.0900000000000000,0.625,fixed_n8,326,8,7717,sympy:0.0900000000000000
True,1,True,11699,sympy:3,0.0,fixed_n8,328,8,5774,sympy:3
True,1,True,11221,sympy:13/6,0.0,fixed_n8,331,8,5699,sympy:13/6
True,1,True,11641,sympy:3,0.0,fixed_n8,335,8,5935,sympy:3
True,1,True,7220,sympy:6,0.0,fixed_n8,337,8,3464,sympy:6
True,1,True,9571,sympy:2*k,0.0,fixed_n8,339,8,4778,sympy:2*k
True,1,True,7321,sympy:4495,0.0,fixed_n8,348,8,3591,sympy:4495
True,1,True,3902,sympy:1,0.0,fixed_n8,367,8,1928,sympy:1
False,5,False,5002,sympy:144,0.0,fixed_n8,369,8,2494,sympy:144
True,14,True,13804,sympy:17,0.25,fixed_n8,371,8,6864,sympy:17
True,1,True,6947,sympy:2*i + 1,0.0,fixed_n8,373,8,3535,sympy:2*i + 1
True,2,True,13663,"sympy:(8, -2)",0.25,fixed_n8,376,8,6837,"sympy:(8, -2)"
True,1,True,7211,sympy:6,0.0,fixed_n8,377,8,3664,sympy:6
True,1,True,9604,sympy:3,0.125,fixed_n8,378,8,4791,sympy:3
True,1,True,11266,"sympy:Interval(-2, 7)",0.0,fixed_n8,383,8,5791,"sympy:Interval(-2, 7)"
True,3,True,13855,sympy:12,0.0,fixed_n8,390,8,7112,sympy:12
True,1,True,14545,sympy:0,0.25,fixed_n8,391,8,7426,sympy:0
True,1,True,5436,sympy:4,0.0,fixed_n8,395,8,2506,sympy:4
True,1,True,4366,sympy:9,0.0,fixed_n8,407,8,2195,sympy:9
False,10,True,15996,sympy:0.200000000000000,1.0,fixed_n8,408,8,8192,
True,16,False,15101,sympy:451,0.75,fixed_n8,412,8,8016,sympy:406
True,1,True,8868,sympy:2*sqrt(5),0.0,fixed_n8,418,8,5147,sympy:2*sqrt(5)
True,1,True,14487,sympy:27,0.375,fixed_n8,421,8,7525,sympy:27
False,11,True,9017,sympy:3*r**2,0.125,fixed_n8,425,8,4870,sympy:3*r**2 + (a**2 + b**2 + c**2)/4
True,1,True,4651,sympy:4,0.0,fixed_n8,438,8,2506,sympy:4
True,1,True,11822,sympy:x**8 + x**7 + x**6 + x**5 + x**4 + x**3 + x**2 + x + 1,0.125,fixed_n8,439,8,6211,sympy:x**8 + x**7 + x**6 + x**5 + x**4 + x**3 + x**2 + x + 1
False,2,False,12048,sympy:1/4,0.375,fixed_n8,444,8,6549,sympy:1/4
False,15,False,14317,sympy:8,0.5,fixed_n8,445,8,7138,sympy:16
True,1,True,6606,sympy:9,0.0,fixed_n8,447,8,3674,sympy:9
True,1,True,7788,sympy:639/40,0.0,fixed_n8,451,8,3838,sympy:639/40
True,1,True,6699,sympy:10,0.0,fixed_n8,453,8,3615,sympy:10
False,1,False,16384,,1.0,fixed_n8,454,8,8192,
True,1,True,15498,"sympy:{-2, 1}",0.25,fixed_n8,456,8,7935,"sympy:{-2, 1}"
True,1,True,4579,sympy:15,0.0,fixed_n8,467,8,2366,sympy:15
False,1,False,9964,sympy:0,0.0,fixed_n8,478,8,4576,sympy:0
True,1,True,8814,sympy:15,0.0,fixed_n8,489,8,4278,sympy:15
True,1,True,8618,"sympy:Union(Interval.open(2, 12), Interval.open(12, 102))",0.0,fixed_n8,495,8,4156,"sympy:Union(Interval.open(2, 12), Interval.open(12, 102))"
True,1,True,8370,sympy:5/13,0.0,fixed_n8,496,8,4098,sympy:5/13
True,1,True,6044,sympy:2220,0.0,fixed_n8,10,8,2966,sympy:2220
True,1,True,4601,sympy:5,0.0,fixed_n8,13,8,1852,sympy:5
True,1,True,10343,sympy:3,0.0,fixed_n8,19,8,5400,sympy:3
True,1,True,3731,sympy:9*i + 6,0.0,fixed_n8,20,8,2277,sympy:9*i + 6
True,1,True,12700,sympy:-125,0.0,fixed_n8,34,8,6848,sympy:-125
True,1,True,3895,sympy:2000,0.0,fixed_n8,38,8,1933,sympy:2000
True,1,True,3969,sympy:12,0.0,fixed_n8,40,8,2011,sympy:12
True,10,False,8697,sympy:5,0.0,fixed_n8,41,8,4429,sympy:17
True,1,True,13525,sympy:6,0.375,fixed_n8,46,8,6961,sympy:6
True,1,True,6960,sympy:5,0.0,fixed_n8,47,8,3497,sympy:5
True,1,True,4471,sympy:83,0.0,fixed_n8,49,8,2269,sympy:83
True,6,True,11954,sympy:203,0.0,fixed_n8,50,8,5898,sympy:203
True,1,True,5608,sympy:3,0.0,fixed_n8,55,8,2818,sympy:3
True,1,True,3333,sympy:4,0.0,fixed_n8,77,8,1611,sympy:4
True,1,True,10741,"sympy:Interval.open(-2, 1)",0.0,fixed_n8,78,8,5419,"sympy:Interval.open(-2, 1)"
True,1,True,13034,sympy:-1,0.0,fixed_n8,84,8,6395,sympy:-1
True,1,True,5407,sympy:sqrt(5),0.0,fixed_n8,85,8,2683,sympy:sqrt(5)
True,1,True,4262,sympy:240,0.0,fixed_n8,86,8,2128,sympy:240
True,1,True,9752,sympy:33,0.0,fixed_n8,93,8,4698,sympy:33
False,1,False,11403,sympy:36,0.125,fixed_n8,104,8,5455,sympy:36
False,6,False,5286,sympy:15.5000000000000,0.0,fixed_n8,105,8,2655,sympy:15.5000000000000
True,3,True,8946,sympy:13,0.0,fixed_n8,112,8,4288,sympy:13
True,1,True,10396,sympy:-5,0.0,fixed_n8,114,8,5303,sympy:-5
False,1,False,8457,sympy:30240,0.0,fixed_n8,115,8,3829,sympy:30240
True,6,True,10657,sympy:-9,0.0,fixed_n8,119,8,5328,sympy:-9
True,1,True,6037,sympy:6,0.0,fixed_n8,121,8,3364,sympy:6
True,1,True,5447,sympy:9,0.0,fixed_n8,122,8,2667,sympy:9
True,1,True,7240,sympy:4210,0.0,fixed_n8,127,8,2944,sympy:4210
True,1,True,5577,sympy:4,0.0,fixed_n8,132,8,2784,sympy:4
True,6,True,15107,sympy:64,0.75,fixed_n8,136,8,7899,sympy:64
False,15,False,13348,sympy:1/5,0.375,fixed_n8,138,8,6816,sympy:0
True,1,True,10692,sympy:2107,0.0,fixed_n8,158,8,5566,sympy:2107
True,1,True,11995,sympy:17/50,0.0,fixed_n8,162,8,6004,sympy:17/50
False,1,False,14898,sympy:20,0.625,fixed_n8,170,8,7582,sympy:20
True,1,True,7853,sympy:350,0.0,fixed_n8,172,8,4375,sympy:350
True,1,True,6368,sympy:6.72000000000000e-5,0.0,fixed_n8,176,8,2745,sympy:6.72000000000000e-5
True,1,True,11243,sympy:23,0.0,fixed_n8,183,8,5724,sympy:23
True,1,True,5981,sympy:10080,0.0,fixed_n8,198,8,3013,sympy:10080
True,1,True,7335,sympy:2/3,0.0,fixed_n8,202,8,3728,sympy:2/3
True,1,True,15297,sympy:-2,0.0,fixed_n8,205,8,7600,sympy:-2
True,7,True,7282,sympy:10,0.0,fixed_n8,210,8,3542,sympy:10
True,1,True,9065,sympy:56,0.0,fixed_n8,212,8,3823,sympy:56
True,1,True,5639,sympy:2,0.0,fixed_n8,215,8,2905,sympy:2
True,1,True,4957,"sympy:Interval.open(-1, 6)",0.125,fixed_n8,218,8,2520,"sympy:Interval.open(-1, 6)"
False,1,False,6869,sympy:2/27,0.0,fixed_n8,220,8,2870,sympy:2/27
True,1,True,5864,sympy:14,0.0,fixed_n8,223,8,2878,sympy:14
True,1,True,12696,sympy:10,0.0,fixed_n8,231,8,6333,sympy:10
True,4,True,13333,sympy:1997/2,0.0,fixed_n8,232,8,7003,sympy:1997/2
True,1,True,7723,sympy:-4,0.0,fixed_n8,238,8,3852,sympy:-4
False,1,False,16384,,1.0,fixed_n8,239,8,8192,
True,1,True,4690,sympy:3,0.0,fixed_n8,243,8,2363,sympy:3
True,1,True,6343,sympy:8/21,0.0,fixed_n8,256,8,3202,sympy:8/21
True,1,True,4389,sympy:4005,0.0,fixed_n8,265,8,2192,sympy:4005
True,6,True,10164,sympy:180,0.0,fixed_n8,267,8,5276,sympy:180
True,1,True,4697,sympy:sqrt(53),0.0,fixed_n8,277,8,2322,sympy:sqrt(53)
True,1,True,8974,sympy:36,0.0,fixed_n8,287,8,4665,sympy:36
True,1,True,10031,sympy:16,0.0,fixed_n8,289,8,4816,sympy:16
True,1,True,10765,sympy:103,0.0,fixed_n8,297,8,5471,sympy:103
True,1,True,10553,sympy:9/19,0.0,fixed_n8,305,8,4835,sympy:9/19
False,9,False,10786,sympy:3*sqrt(3),0.0,fixed_n8,308,8,4890,sympy:4*sqrt(3)
True,1,True,5972,"sympy:Interval.open(2, 4)",0.0,fixed_n8,314,8,2998,"sympy:Interval.open(2, 4)"
True,1,True,5550,sympy:-1,0.0,fixed_n8,322,8,2740,sympy:-1
True,1,True,3596,sympy:4,0.0,fixed_n8,329,8,1790,sympy:4
True,2,True,12764,sympy:3,0.375,fixed_n8,333,8,7068,sympy:3
True,1,True,8013,sympy:-120,0.0,fixed_n8,334,8,4030,sympy:-120
True,1,True,4253,sympy:26000,0.0,fixed_n8,336,8,2105,sympy:26000
True,1,True,6168,sympy:1,0.0,fixed_n8,345,8,3029,sympy:1
True,1,True,6751,sympy:6*r**2 - 1*4*r - 24,0.0,fixed_n8,347,8,3182,sympy:6*r**2 - 1*4*r - 24
False,8,False,16270,sympy:44,0.5,fixed_n8,352,8,8143,sympy:44
True,1,True,6924,sympy:81,0.0,fixed_n8,354,8,3667,sympy:81
False,9,False,11587,sympy:120,0.125,fixed_n8,355,8,5927,sympy:48
True,1,True,10263,"sympy:Interval.open(-sqrt(3), sqrt(3))",0.0,fixed_n8,356,8,4969,"sympy:Interval.open(-sqrt(3), sqrt(3))"
True,1,True,6758,sympy:7/4,0.0,fixed_n8,360,8,3481,sympy:7/4
True,1,True,4305,sympy:31,0.0,fixed_n8,368,8,2120,sympy:31
True,1,True,12449,sympy:12,0.125,fixed_n8,379,8,6329,sympy:12
True,8,True,9059,sympy:22,0.0,fixed_n8,385,8,4607,sympy:22
False,1,False,14353,sympy:sqrt(82),0.25,fixed_n8,392,8,6547,sympy:sqrt(82)
True,1,True,7340,sympy:3/4,0.0,fixed_n8,393,8,3559,sympy:3/4
True,6,True,14544,sympy:-3/8,0.375,fixed_n8,394,8,7090,sympy:-3/8
True,1,True,6101,sympy:23,0.0,fixed_n8,397,8,3027,sympy:23
True,1,True,7436,sympy:-1*12*i + 1,0.0,fixed_n8,402,8,3216,sympy:-1*12*i + 1
True,1,True,5207,sympy:3,0.0,fixed_n8,404,8,2612,sympy:3
True,1,True,6351,sympy:6,0.0,fixed_n8,410,8,3135,sympy:6
True,1,True,12375,sympy:9,0.0,fixed_n8,415,8,6305,sympy:9
True,1,True,10426,sympy:1/8,0.125,fixed_n8,416,8,5723,sympy:1/8
True,1,True,4793,sympy:-2,0.0,fixed_n8,417,8,2053,sympy:-2
True,1,True,8077,sympy:6*sqrt(2),0.0,fixed_n8,426,8,3956,sympy:6*sqrt(2)
True,1,True,13390,sympy:64,0.0,fixed_n8,428,8,6782,sympy:64
False,13,False,12782,"sympy:Interval(pi**2/8, pi**2/4)",0.0,fixed_n8,431,8,6353,"sympy:Interval(pi**2/8, pi**2/4)"
False,1,False,16260,sympy:0,0.75,fixed_n8,432,8,8181,sympy:0
True,1,True,8914,"sympy:Union(Interval.open(-oo, 2), Interval.open(3, oo))",0.0,fixed_n8,435,8,4510,"sympy:Union(Interval.open(-oo, 2), Interval.open(3, oo))"
True,1,True,7099,sympy:14,0.0,fixed_n8,440,8,3915,sympy:14
True,1,True,4187,sympy:256,0.0,fixed_n8,442,8,2085,sympy:256
True,1,True,12471,sympy:41,0.375,fixed_n8,458,8,6641,sympy:41
True,1,True,9020,sympy:12,0.0,fixed_n8,461,8,4558,sympy:12
True,1,True,12829,sympy:9,0.0,fixed_n8,464,8,6375,sympy:9
True,1,True,3983,sympy:8,0.0,fixed_n8,468,8,2008,sympy:8
True,1,True,11294,sympy:2,0.0,fixed_n8,477,8,5679,sympy:2
True,1,True,10384,sympy:20,0.0,fixed_n8,493,8,5468,sympy:20
True,1,True,5023,sympy:106,0.0,fixed_n8,499,8,2507,sympy:106
True,1,True,7912,sympy:14/3,0.0,fixed_n8,2,8,3968,sympy:14/3
True,1,True,4326,sympy:42,0.0,fixed_n8,5,8,2120,sympy:42
True,1,True,7256,sympy:27,0.0,fixed_n8,6,8,3940,sympy:27
True,5,True,11169,sympy:90,0.0,fixed_n8,7,8,5562,sympy:90
True,1,True,12247,sympy:5,0.0,fixed_n8,22,8,5976,sympy:5
True,1,True,9983,sympy:5,0.0,fixed_n8,23,8,4804,sympy:5
True,1,True,7484,sympy:225,0.0,fixed_n8,29,8,3678,sympy:225
True,1,True,6398,sympy:720,0.0,fixed_n8,32,8,2885,sympy:720
True,1,True,9113,sympy:23,0.0,fixed_n8,39,8,4433,sympy:23
False,3,False,11238,sympy:20*sqrt(5) + 10*sqrt(34),0.0,fixed_n8,43,8,5451,sympy:20*sqrt(5) + 10*sqrt(34)
True,1,True,8889,sympy:16,0.0,fixed_n8,57,8,3716,sympy:16
True,1,True,4159,sympy:9901,0.0,fixed_n8,58,8,1940,sympy:9901
True,1,True,5777,sympy:(3*sqrt(3))/4,0.0,fixed_n8,73,8,3180,sympy:(3*sqrt(3))/4
True,1,True,8083,sympy:11/36,0.0,fixed_n8,75,8,4034,sympy:11/36
True,1,True,4361,sympy:2,0.0,fixed_n8,79,8,2072,sympy:2
True,1,True,6490,sympy:2,0.0,fixed_n8,83,8,2845,sympy:2
True,1,True,10302,sympy:1,0.0,fixed_n8,87,8,5081,sympy:1
True,3,True,11987,sympy:21,0.0,fixed_n8,89,8,6277,sympy:21
True,1,True,11457,sympy:448/15625,0.125,fixed_n8,92,8,5568,sympy:448/15625
False,2,False,14886,"parsed:Matrix([[-1/3], [f*r*a*c*5], [f*r*a*c*8]])",0.375,fixed_n8,99,8,7386,"parsed:Matrix([[-1/3], [f*r*a*c*5], [f*r*a*c*8]])"
True,1,True,5266,sympy:4/3,0.0,fixed_n8,106,8,2737,sympy:4/3
False,4,False,16262,sympy:3,0.625,fixed_n8,110,8,8070,sympy:3
True,1,True,6363,sympy:8000,0.0,fixed_n8,113,8,3075,sympy:8000
True,1,True,12452,sympy:1,0.125,fixed_n8,139,8,6477,sympy:1
True,1,True,5783,sympy:sqrt(3)/3,0.0,fixed_n8,146,8,2587,sympy:sqrt(3)/3
True,9,False,14700,sympy:12,0.25,fixed_n8,147,8,7173,sympy:16
True,1,True,6375,sympy:1/4,0.0,fixed_n8,155,8,3003,sympy:1/4
False,1,False,14206,sympy:90,0.25,fixed_n8,156,8,6940,sympy:90
True,1,True,7055,sympy:18,0.0,fixed_n8,160,8,3418,sympy:18
True,10,False,12749,sympy:sqrt(3),0.125,fixed_n8,164,8,6445,sympy:-sqrt(3)
True,1,True,5420,sympy:12,0.0,fixed_n8,169,8,2563,sympy:12
True,1,True,7155,sympy:2,0.0,fixed_n8,174,8,3490,sympy:2
True,1,True,13204,sympy:3,0.125,fixed_n8,175,8,6313,sympy:3
False,4,False,12713,"sympy:Interval(3, oo)",0.0,fixed_n8,184,8,6164,"sympy:Interval(3, oo)"
True,1,True,3760,sympy:1,0.0,fixed_n8,185,8,1847,sympy:1
True,1,True,9426,sympy:7,0.0,fixed_n8,186,8,5404,sympy:7
True,1,True,8308,sympy:7,0.0,fixed_n8,187,8,3862,sympy:7
False,16,True,16039,sympy:160,0.375,fixed_n8,189,8,8047,sympy:20
True,1,True,5658,sympy:4,0.0,fixed_n8,193,8,2652,sympy:4
True,1,True,5219,sympy:17,0.0,fixed_n8,199,8,2543,sympy:17
True,1,True,8828,sympy:12,0.0,fixed_n8,203,8,4442,sympy:12
False,11,False,13264,sympy:16,0.0,fixed_n8,204,8,6775,sympy:256
False,1,False,7114,sympy:11111111100,0.0,fixed_n8,217,8,3512,sympy:11111111100
True,1,True,12338,sympy:16/5,0.0,fixed_n8,230,8,6224,sympy:16/5
True,5,True,7457,sympy:34,0.0,fixed_n8,234,8,3634,sympy:34
True,1,True,9576,sympy:5/9,0.0,fixed_n8,235,8,4850,sympy:5/9
True,1,True,4165,sympy:8,0.0,fixed_n8,246,8,2044,sympy:8
False,1,False,16384,,1.0,fixed_n8,248,8,8192,
True,1,True,6009,sympy:e,0.0,fixed_n8,255,8,3087,sympy:e
True,1,True,4748,sympy:22,0.0,fixed_n8,259,8,2309,sympy:22
True,1,True,7821,sympy:6,0.0,fixed_n8,269,8,4181,sympy:6
True,1,True,5818,sympy:8,0.0,fixed_n8,280,8,2967,sympy:8
False,1,False,16077,sympy:1260,0.875,fixed_n8,292,8,7951,sympy:1260
True,3,True,13066,sympy:58,0.125,fixed_n8,294,8,6326,sympy:58
True,1,True,4827,sympy:12,0.0,fixed_n8,300,8,2066,sympy:12
False,1,False,7534,sympy:5.50000000000000,0.0,fixed_n8,301,8,3910,sympy:5.50000000000000
False,14,True,13081,sympy:5,0.0,fixed_n8,302,8,5396,sympy:11110
True,1,True,13670,sympy:9,0.125,fixed_n8,304,8,6863,sympy:9
True,1,True,8577,"sympy:Interval(-oo, 0)",0.0,fixed_n8,307,8,4271,"sympy:Interval(-oo, 0)"
True,12,False,8953,sympy:15,0.0,fixed_n8,309,8,4570,sympy:14
True,1,True,10845,sympy:3,0.0,fixed_n8,311,8,5576,sympy:3
False,1,False,10137,sympy:2,0.0,fixed_n8,317,8,4904,sympy:2
True,1,True,10623,sympy:(9*a + 11)/20,0.0,fixed_n8,318,8,4968,sympy:(9*a + 11)/20
True,1,True,5305,sympy:-128,0.0,fixed_n8,319,8,2552,sympy:-128
True,1,True,5171,sympy:10,0.0,fixed_n8,321,8,2573,sympy:10
False,1,False,16049,sympy:10,0.625,fixed_n8,327,8,8125,sympy:10
True,1,True,6903,sympy:-2,0.0,fixed_n8,341,8,3152,sympy:-2
True,1,True,6571,sympy:5,0.0,fixed_n8,344,8,3338,sympy:5
False,13,True,7239,sympy:4,0.0,fixed_n8,357,8,3762,sympy:2
True,1,True,11510,sympy:16*sqrt(3),0.0,fixed_n8,361,8,5418,sympy:16*sqrt(3)
True,1,True,4641,sympy:2,0.0,fixed_n8,363,8,2371,sympy:2
True,1,True,5644,sympy:-41,0.0,fixed_n8,370,8,2921,sympy:-41
False,12,False,9493,sympy:70,0.0,fixed_n8,372,8,5621,sympy:70
True,1,True,8445,sympy:25,0.0,fixed_n8,375,8,4164,sympy:25
True,7,True,12623,"sympy:Union(Interval.open(0, 9), Interval.open(9, 36))",0.0,fixed_n8,380,8,6321,"sympy:Union(Interval.open(0, 9), Interval.open(9, 36))"
True,1,True,2804,sympy:15*x - 80,0.0,fixed_n8,384,8,1496,sympy:15*x - 80
True,1,True,4587,sympy:326.500000000000,0.0,fixed_n8,399,8,2422,sympy:326.500000000000
True,1,True,2762,sympy:60,0.0,fixed_n8,411,8,1349,sympy:60
True,1,True,5320,sympy:5*r**5,0.0,fixed_n8,413,8,3349,sympy:5*r**5
False,4,False,15617,sympy:-30,0.75,fixed_n8,419,8,7655,sympy:-30
True,1,True,8746,sympy:0.356250000000000,0.0,fixed_n8,433,8,4531,sympy:0.356250000000000
True,1,True,9106,sympy:32,0.0,fixed_n8,434,8,4454,sympy:32
True,1,True,15820,sympy:4,0.625,fixed_n8,436,8,7902,sympy:4
True,1,True,6812,sympy:143,0.0,fixed_n8,452,8,3431,sympy:143
True,1,True,12672,sympy:18.9000000000000,0.125,fixed_n8,459,8,6453,sympy:18.9000000000000
True,12,False,7361,sympy:105,0.0,fixed_n8,460,8,3717,sympy:75
True,1,True,8162,sympy:59,0.0,fixed_n8,462,8,3190,sympy:59
True,1,True,5063,sympy:2,0.0,fixed_n8,463,8,2510,sympy:2
False,10,False,12492,sympy:(64*pi)/9,0.0,fixed_n8,466,8,6579,sympy:(64*pi)/9
True,1,True,4435,sympy:84,0.0,fixed_n8,471,8,2256,sympy:84
True,1,True,6498,sympy:275/2,0.0,fixed_n8,472,8,3294,sympy:275/2
False,9,False,16176,sympy:55,1.0,fixed_n8,475,8,8192,
True,1,True,6274,sympy:2,0.0,fixed_n8,479,8,3454,sympy:2
False,11,True,10375,sympy:202,0.0,fixed_n8,482,8,4720,sympy:337
False,14,True,16323,sympy:8/15,1.0,fixed_n8,483,8,8192,
True,1,True,14379,sympy:10,0.125,fixed_n8,484,8,7074,sympy:10
False,1,False,12659,sympy:0,0.125,fixed_n8,490,8,5605,sympy:0
True,1,True,9512,"sympy:Eq(y, -1*2*x)",0.0,fixed_n8,492,8,4560,"sympy:Eq(y, -1*2*x)"
True,11,False,12573,sympy:1,0.125,fixed_n8,494,8,5954,sympy:1/4
False,7,False,9097,sympy:2,0.0,fixed_n8,497,8,4038,sympy:2
False,16,False,7761,sympy:56,0.0,fixed_n8,18,8,3893,sympy:56
True,1,True,8919,sympy:10,0.0,fixed_n8,24,8,4431,sympy:10
False,7,False,14561,"sympy:{0, 1}",0.5,fixed_n8,25,8,7392,"sympy:{0, 1}"
False,1,False,11174,sympy:576,0.0,fixed_n8,26,8,5420,sympy:576
True,1,True,6528,sympy:78,0.0,fixed_n8,27,8,3020,sympy:78
True,1,True,6655,sympy:3,0.0,fixed_n8,35,8,3212,sympy:3
True,3,True,12476,"sympy:{3, 5, 7}",0.0,fixed_n8,36,8,6094,"sympy:{3, 5, 7}"
True,1,True,3770,sympy:72,0.0,fixed_n8,37,8,1749,sympy:72
True,1,True,7763,sympy:1.25000000000000,0.0,fixed_n8,44,8,3601,sympy:1.25000000000000
True,1,True,5920,sympy:-1*pi/6,0.0,fixed_n8,53,8,2530,sympy:-1*pi/6
True,1,True,4796,sympy:0.150000000000000,0.0,fixed_n8,54,8,2361,sympy:0.150000000000000
True,1,True,3463,sympy:11,0.0,fixed_n8,56,8,1580,sympy:11
True,7,True,13342,sympy:35/64,0.375,fixed_n8,64,8,6244,sympy:35/64
True,1,True,3288,sympy:1,0.0,fixed_n8,65,8,1590,sympy:1
True,1,True,12048,sympy:46,0.25,fixed_n8,68,8,5604,sympy:46
True,1,True,7901,sympy:40,0.0,fixed_n8,70,8,4151,sympy:40
True,1,True,6664,sympy:3,0.0,fixed_n8,81,8,3633,sympy:3
True,7,True,7856,sympy:3/2,0.0,fixed_n8,82,8,3803,sympy:3/2
True,1,True,11916,sympy:-4,0.0,fixed_n8,95,8,6034,sympy:-4
True,1,True,6146,sympy:2*k + 2,0.0,fixed_n8,98,8,1919,sympy:2*k + 2
False,1,False,16083,sympy:1,0.625,fixed_n8,101,8,7891,sympy:1
True,1,True,13195,sympy:2,0.125,fixed_n8,108,8,6182,sympy:2
True,1,True,5288,sympy:2,0.0,fixed_n8,116,8,2739,sympy:2
False,1,False,8515,sympy:dd*o,0.0,fixed_n8,120,8,4070,sympy:dd*o
True,1,True,11783,sympy:11/2,0.0,fixed_n8,124,8,5709,sympy:11/2
True,1,True,6630,sympy:-3,0.0,fixed_n8,125,8,2904,sympy:-3
False,1,False,15083,sympy:2*i + 1,0.5,fixed_n8,126,8,7575,sympy:2*i + 1
True,1,True,6871,sympy:13,0.0,fixed_n8,130,8,3448,sympy:13
True,1,True,8989,sympy:8,0.0,fixed_n8,131,8,4554,sympy:8
True,1,True,10206,sympy:16,0.0,fixed_n8,134,8,5252,sympy:16
True,1,True,7509,sympy:204,0.0,fixed_n8,137,8,3816,sympy:204
True,1,True,8003,sympy:13,0.0,fixed_n8,140,8,4140,sympy:13
True,1,True,4176,"sympy:(15, -29)",0.0,fixed_n8,144,8,2073,"sympy:(15, -29)"
False,13,False,11470,sympy:16,0.0,fixed_n8,152,8,5325,sympy:16
True,1,True,7534,sympy:2/21,0.0,fixed_n8,153,8,3389,sympy:2/21
True,1,True,5705,sympy:6/5,0.0,fixed_n8,157,8,2820,sympy:6/5
True,1,True,8012,sympy:3.21000000000000,0.0,fixed_n8,159,8,3494,sympy:3.21000000000000
True,6,True,9906,sympy:270/7,0.0,fixed_n8,166,8,5150,sympy:270/7
False,1,False,12664,sympy:12,0.125,fixed_n8,168,8,6627,sympy:12
True,1,True,6758,sympy:13/15,0.0,fixed_n8,171,8,3743,sympy:13/15
False,12,True,6042,sympy:3,0.0,fixed_n8,180,8,3433,sympy:2
True,1,True,3970,sympy:1251,0.0,fixed_n8,182,8,1991,sympy:1251
True,1,True,7366,sympy:30,0.0,fixed_n8,192,8,3388,sympy:30
True,1,True,12958,sympy:1/4,0.125,fixed_n8,194,8,6469,sympy:1/4
True,1,True,11402,sympy:6,0.0,fixed_n8,197,8,6005,sympy:6
True,1,True,10879,sympy:66,0.0,fixed_n8,201,8,5252,sympy:66
True,1,True,7094,"sympy:(3/2, -13)",0.0,fixed_n8,206,8,3458,"sympy:(3/2, -13)"
True,1,True,5808,sympy:28,0.0,fixed_n8,207,8,3196,sympy:28
True,1,True,3878,sympy:90,0.0,fixed_n8,229,8,1904,sympy:90
True,1,True,9574,sympy:22,0.0,fixed_n8,237,8,5080,sympy:22
True,1,True,12784,sympy:17,0.0,fixed_n8,241,8,6765,sympy:17
False,3,False,8088,sympy:32349,0.0,fixed_n8,242,8,3915,sympy:32349
False,4,False,13699,sympy:11,0.25,fixed_n8,249,8,6784,sympy:11
True,1,True,6081,sympy:15,0.0,fixed_n8,263,8,2994,sympy:15
True,1,True,4127,sympy:1,0.0,fixed_n8,268,8,2049,sympy:1
True,1,True,5722,sympy:10,0.0,fixed_n8,270,8,2758,sympy:10
True,1,True,8217,sympy:333,0.0,fixed_n8,271,8,4233,sympy:333
False,9,True,11355,sympy:1030,0.0,fixed_n8,272,8,5917,sympy:92
False,8,False,5600,sympy:36,0.0,fixed_n8,274,8,2797,sympy:36
True,1,True,4512,sympy:7,0.0,fixed_n8,275,8,2307,sympy:7
True,1,True,7891,sympy:11,0.0,fixed_n8,276,8,4411,sympy:11
True,6,True,9383,sympy:36,0.0,fixed_n8,281,8,4769,sympy:36
False,1,False,5509,sympy:497,0.0,fixed_n8,282,8,2763,sympy:497
True,1,True,6977,sympy:1,0.0,fixed_n8,283,8,4078,sympy:1
False,2,False,13758,sympy:1/2,0.5,fixed_n8,286,8,6954,sympy:1/2
False,1,False,15299,sympy:sqrt(89),0.75,fixed_n8,288,8,7833,sympy:sqrt(89)
False,1,False,12612,sympy:c,0.125,fixed_n8,296,8,6518,sympy:c
True,1,True,8261,"sympy:Interval.open(5, oo)",0.0,fixed_n8,312,8,4548,"sympy:Interval.open(5, oo)"
True,1,True,7006,sympy:12*pi,0.0,fixed_n8,313,8,3867,sympy:12*pi
True,1,True,8754,sympy:-24/25,0.0,fixed_n8,320,8,4088,sympy:-24/25
False,12,True,10724,sympy:2,0.0,fixed_n8,332,8,5060,sympy:(4*sqrt(3))/3
False,1,False,16384,,1.0,fixed_n8,340,8,8192,
True,1,True,5717,sympy:2,0.0,fixed_n8,342,8,2987,sympy:2
True,1,True,5929,sympy:58500,0.0,fixed_n8,343,8,2980,sympy:58500
True,1,True,7229,sympy:66,0.0,fixed_n8,346,8,3925,sympy:66
False,1,False,9558,sympy:-1/16,0.0,fixed_n8,351,8,5144,sympy:-1/16
True,1,True,14038,sympy:6,0.25,fixed_n8,359,8,7199,sympy:6
True,1,True,3091,sympy:1/4,0.0,fixed_n8,362,8,1533,sympy:1/4
False,1,False,14815,sympy:1/18,0.125,fixed_n8,381,8,7408,sympy:1/18
True,1,True,5750,sympy:11,0.0,fixed_n8,386,8,2802,sympy:11
True,1,True,5055,sympy:18,0.0,fixed_n8,387,8,2608,sympy:18
True,11,True,8565,sympy:11/2,0.0,fixed_n8,388,8,4623,sympy:5.50000000000000
False,5,False,13788,sympy:39.6800000000000,0.0,fixed_n8,398,8,6393,sympy:39.6800000000000
False,9,True,10193,sympy:14/3,0.0,fixed_n8,400,8,5534,sympy:7
False,6,False,15335,sympy:3,0.75,fixed_n8,401,8,7402,sympy:3
False,1,False,9786,sympy:1,0.0,fixed_n8,403,8,5133,sympy:1
True,1,True,4479,sympy:0,0.0,fixed_n8,406,8,2160,sympy:0
False,7,False,16332,"sympy:{-2, 1}",0.875,fixed_n8,422,8,8140,"sympy:{-2, 1}"
True,1,True,6020,sympy:29,0.0,fixed_n8,427,8,2970,sympy:29
True,1,True,9469,sympy:50,0.0,fixed_n8,429,8,4737,sympy:50
True,1,True,3825,sympy:4.50000000000000,0.0,fixed_n8,430,8,1883,sympy:4.50000000000000
True,1,True,5827,sympy:550,0.0,fixed_n8,441,8,2903,sympy:550
True,1,True,10475,sympy:8,0.0,fixed_n8,446,8,5445,sympy:8
True,1,True,10239,sympy:44,0.0,fixed_n8,448,8,4844,sympy:44
True,1,True,5194,sympy:47,0.0,fixed_n8,449,8,2889,sympy:47
True,1,True,2738,sympy:0,0.0,fixed_n8,457,8,1288,sympy:0
True,1,True,7757,sympy:121,0.0,fixed_n8,465,8,4430,sympy:121
False,16,True,13628,sympy:7,0.125,fixed_n8,473,8,7235,sympy:4
True,1,True,5532,sympy:2,0.0,fixed_n8,487,8,2843,sympy:2
False,12,False,5092,sympy:24,0.0,fixed_n8,491,8,2373,sympy:8
True,1,True,4955,"sympy:(3, pi/2)",0.0,fixed_n8,0,8,2410,"sympy:(3, pi/2)"
True,1,True,9629,sympy:p - q,0.0,fixed_n8,1,8,4900,sympy:p - q
True,1,True,7703,sympy:9,0.0,fixed_n8,3,8,3767,sympy:9
True,1,True,9542,sympy:284,0.0,fixed_n8,12,8,4408,sympy:284
False,1,False,4200,sympy:10,0.0,fixed_n8,14,8,2356,sympy:10
True,1,True,10480,sympy:-1*5*i + 6,0.0,fixed_n8,15,8,4833,sympy:-1*5*i + 6
False,14,False,11137,sympy:pi/2,0.0,fixed_n8,17,8,4888,sympy:pi/2
True,1,True,5538,sympy:52,0.0,fixed_n8,30,8,2795,sympy:52
True,1,True,7286,sympy:11*sqrt(2),0.0,fixed_n8,31,8,3613,sympy:11*sqrt(2)
True,1,True,12186,sympy:x**5 - x**4 + x**3 - x**2 + x - 1,0.25,fixed_n8,51,8,6424,sympy:x**5 - x**4 + x**3 - x**2 + x - 1
True,1,True,4963,sympy:12,0.0,fixed_n8,52,8,2348,sympy:12
True,1,True,7100,sympy:5,0.0,fixed_n8,59,8,3556,sympy:5
False,8,False,16007,"sympy:(-3, 3, -1)",0.375,fixed_n8,60,8,7948,"sympy:(-3, 3, -1)"
True,1,True,5913,sympy:-256,0.0,fixed_n8,61,8,2998,sympy:-256
True,1,True,6374,sympy:x**3 + 3*x - 6,0.0,fixed_n8,66,8,2954,sympy:x**3 + 3*x - 6
True,1,True,6862,sympy:-1,0.0,fixed_n8,69,8,3419,sympy:-1
True,4,True,6340,sympy:2516,0.0,fixed_n8,71,8,3122,sympy:2516
True,1,True,6153,sympy:1,0.0,fixed_n8,91,8,3036,sympy:1
False,2,False,12589,sympy:70,0.25,fixed_n8,94,8,6046,sympy:70
False,13,False,15546,sympy:2,0.75,fixed_n8,96,8,7937,"sympy:{-1, 7}"
True,1,True,5326,sympy:E*a*s*t,0.0,fixed_n8,97,8,2979,sympy:E*a*s*t
False,8,False,10169,sympy:155,0.25,fixed_n8,100,8,5615,sympy:155
True,1,True,9630,sympy:210,0.0,fixed_n8,111,8,4917,sympy:210
False,7,False,14970,sympy:6,0.25,fixed_n8,123,8,7506,sympy:6
True,11,True,11188,sympy:3840/289,0.0,fixed_n8,129,8,5664,sympy:3840/289
True,1,True,6408,sympy:120,0.0,fixed_n8,133,8,2978,sympy:120
True,1,True,7121,sympy:9,0.0,fixed_n8,135,8,3395,sympy:9
True,16,True,7128,sympy:28800,0.0,fixed_n8,142,8,3605,sympy:28800
True,15,True,11119,sympy:-2,0.0,fixed_n8,145,8,5527,sympy:-2
True,1,True,9714,sympy:144,0.0,fixed_n8,151,8,4531,sympy:144
False,8,False,9394,sympy:2*sqrt(34),0.0,fixed_n8,154,8,4695,sympy:2*sqrt(34)
True,1,True,4522,sympy:6,0.0,fixed_n8,161,8,2250,sympy:6
True,1,True,8203,sympy:-35/9,0.0,fixed_n8,163,8,3653,sympy:-35/9
True,1,True,5194,sympy:4/9,0.0,fixed_n8,165,8,2656,sympy:4/9
True,1,True,4172,sympy:60,0.0,fixed_n8,178,8,1921,sympy:60
True,1,True,16113,sympy:6,0.75,fixed_n8,188,8,8096,sympy:6
True,16,False,5942,sympy:25/36,0.0,fixed_n8,190,8,3063,sympy:13/18
True,1,True,4350,sympy:0,0.0,fixed_n8,191,8,2201,sympy:0
True,1,True,4684,sympy:1600,0.0,fixed_n8,196,8,2493,sympy:1600
True,1,True,6226,sympy:40,0.0,fixed_n8,200,8,3131,sympy:40
True,1,True,6297,sympy:1,0.0,fixed_n8,208,8,3205,sympy:1
False,1,False,12138,sympy:1,0.25,fixed_n8,213,8,6614,sympy:1
False,14,False,9381,sympy:100,0.0,fixed_n8,214,8,4369,sympy:100
True,1,True,6964,sympy:6,0.0,fixed_n8,216,8,3551,sympy:6
True,1,True,9562,sympy:1/2,0.0,fixed_n8,219,8,5077,sympy:1/2
False,1,False,12914,sympy:1/16,0.375,fixed_n8,224,8,6703,sympy:1/16
True,1,True,4035,sympy:3,0.0,fixed_n8,226,8,1884,sympy:3
True,1,True,7456,sympy:30,0.0,fixed_n8,233,8,3756,sympy:30
False,6,False,6794,sympy:52,0.0,fixed_n8,240,8,3537,sympy:52
True,1,True,13527,sympy:8,0.0,fixed_n8,244,8,6506,sympy:8
False,11,False,14984,sympy:-1*10*x,0.0,fixed_n8,245,8,7673,sympy:-1*9*x + 2
True,1,True,8419,sympy:10/11,0.0,fixed_n8,247,8,4212,sympy:10/11
True,1,True,9915,sympy:13,0.0,fixed_n8,250,8,5012,sympy:13
True,1,True,8556,sympy:81,0.0,fixed_n8,252,8,4496,sympy:81
True,1,True,7929,sympy:16,0.0,fixed_n8,258,8,3980,sympy:16
True,1,True,3900,sympy:4,0.0,fixed_n8,262,8,1898,sympy:4
True,13,True,7702,sympy:33/100,0.0,fixed_n8,266,8,3724,sympy:33/100
True,1,True,6530,sympy:255,0.0,fixed_n8,278,8,3326,sympy:255
True,7,True,7559,sympy:7*pi,0.0,fixed_n8,279,8,3813,sympy:7*pi
False,1,False,10715,sympy:4,0.0,fixed_n8,295,8,5020,sympy:4
True,7,True,15508,sympy:-18,0.25,fixed_n8,298,8,7583,sympy:-18
False,9,False,12981,sympy:2,0.0,fixed_n8,306,8,6060,sympy:oo
True,1,True,6118,sympy:49,0.0,fixed_n8,310,8,2996,sympy:49
True,1,True,9825,sympy:12,0.0,fixed_n8,316,8,4320,sympy:12
True,1,True,10329,sympy:1/3,0.0,fixed_n8,323,8,4698,sympy:1/3
True,5,True,13528,sympy:120,0.0,fixed_n8,324,8,6760,sympy:120
True,1,True,7255,sympy:4,0.0,fixed_n8,325,8,3663,sympy:4
True,1,True,7948,sympy:1940,0.0,fixed_n8,330,8,3968,sympy:1940
True,1,True,5980,sympy:4343,0.0,fixed_n8,338,8,2741,sympy:4343
False,1,False,4706,sympy:5040,0.0,fixed_n8,349,8,2405,sympy:5040
True,1,True,5313,sympy:4,0.0,fixed_n8,350,8,2594,sympy:4
True,1,True,6869,sympy:480,0.0,fixed_n8,353,8,3725,sympy:480
False,6,False,7922,sympy:E*c*c*i*l*r,0.0,fixed_n8,358,8,3730,sympy:E*c*c*i*l*r
True,1,True,9904,"sympy:(1, -16, -4, 43)",0.0,fixed_n8,364,8,4615,"sympy:(1, -16, -4, 43)"
False,1,False,12156,sympy:40,0.0,fixed_n8,365,8,5996,sympy:40
True,1,True,7133,sympy:4,0.0,fixed_n8,366,8,3590,sympy:4
True,1,True,4382,sympy:4,0.0,fixed_n8,374,8,2142,sympy:4
True,1,True,9357,sympy:20000/pi,0.0,fixed_n8,382,8,4602,sympy:20000/pi
True,6,True,8441,sympy:sqrt(21)/5,0.0,fixed_n8,389,8,3803,sympy:sqrt(21)/5
True,1,True,9038,sympy:2,0.0,fixed_n8,396,8,5296,sympy:2
True,1,True,5715,sympy:60,0.0,fixed_n8,405,8,2761,sympy:60
True,1,True,11856,sympy:2*sqrt(5),0.0,fixed_n8,409,8,5858,sympy:2*sqrt(5)
True,1,True,7766,sympy:10,0.0,fixed_n8,414,8,3750,sympy:10
False,1,False,8441,"parsed:Matrix([[16/49], [f*r*a*c*97], [f*r*a*c*73]])",0.0,fixed_n8,420,8,4160,"parsed:Matrix([[16/49], [f*r*a*c*97], [f*r*a*c*73]])"
False,16,False,13836,sympy:1439,0.0,fixed_n8,423,8,7017,sympy:1439
True,1,True,7380,sympy:600,0.0,fixed_n8,424,8,3794,sympy:600
True,1,True,7728,sympy:3,0.0,fixed_n8,437,8,3565,sympy:3
True,1,True,5477,sympy:45,0.0,fixed_n8,443,8,2750,sympy:45
True,1,True,10567,sympy:64,0.0,fixed_n8,450,8,5166,sympy:64
True,1,True,5490,sympy:6,0.0,fixed_n8,455,8,2646,sympy:6
True,1,True,3922,sympy:25,0.0,fixed_n8,469,8,1891,sympy:25
False,13,True,16195,sympy:27648,0.75,fixed_n8,470,8,8028,sympy:5/1536
True,1,True,10374,sympy:3,0.0,fixed_n8,474,8,5055,sympy:3
True,1,True,5591,sympy:200,0.0,fixed_n8,476,8,2783,sympy:200
True,1,True,8031,sympy:1,0.0,fixed_n8,480,8,4014,sympy:1
False,5,False,13703,sympy:1,0.375,fixed_n8,481,8,7221,sympy:1
True,8,True,15003,sympy:13,0.375,fixed_n8,485,8,6811,sympy:13
True,1,True,3747,sympy:216,0.0,fixed_n8,486,8,1943,sympy:216
True,1,True,3636,sympy:36,0.0,fixed_n8,488,8,1910,sympy:36
False,1,False,14697,sympy:1,0.25,fixed_n8,498,8,7454,sympy:1
True,1,True,9658,sympy:E*e*l*n*v*y,0.0,fixed_n16,4,16,9658,sympy:E*e*l*n*v*y
True,1,True,6649,sympy:3*sqrt(13),0.0,fixed_n16,8,16,6649,sympy:3*sqrt(13)
False,15,False,13015,sympy:1,0.125,fixed_n16,9,16,13015,sympy:1
False,2,False,14860,sympy:8/63,0.375,fixed_n16,11,16,14860,sympy:8/63
True,1,True,4186,sympy:-50,0.0,fixed_n16,16,16,4186,sympy:-50
True,6,True,13584,sympy:13535,0.125,fixed_n16,21,16,13584,sympy:13535
True,1,True,4707,sympy:7*i - 2,0.0,fixed_n16,28,16,4707,sympy:7*i - 2
False,14,False,11779,sympy:81/205,0.0,fixed_n16,33,16,11779,sympy:81/205
True,1,True,4780,sympy:4,0.0,fixed_n16,42,16,4780,sympy:4
True,1,True,5689,sympy:2,0.0,fixed_n16,45,16,5689,sympy:2
True,1,True,6349,sympy:3/2,0.0,fixed_n16,48,16,6349,sympy:3/2
False,11,False,12647,sympy:sqrt((sqrt(177) + 17)/2),0.0,fixed_n16,62,16,12647,sympy:sqrt((sqrt(177) + 17)/2)
False,3,False,8883,sympy:9,0.0,fixed_n16,63,16,8883,sympy:9
True,1,True,5543,sympy:10,0.0,fixed_n16,67,16,5543,sympy:10
True,1,True,5836,sympy:3,0.0,fixed_n16,72,16,5836,sympy:3
True,1,True,6863,sympy:cot(x),0.0,fixed_n16,74,16,6863,sympy:cot(x)
True,1,True,4140,sympy:0,0.0,fixed_n16,76,16,4140,sympy:0
False,1,False,12046,sympy:1,0.0,fixed_n16,80,16,12046,sympy:1
True,1,True,14346,sympy:2,0.125,fixed_n16,88,16,14346,sympy:2
False,1,False,4036,sympy:15,0.0,fixed_n16,90,16,4036,sympy:15
True,1,True,5851,sympy:(a + 5)*(b + 2),0.0,fixed_n16,102,16,5851,sympy:(a + 5)*(b + 2)
False,13,False,15895,"sympy:Interval.open(1, 4)",0.5625,fixed_n16,103,16,15895,"sympy:Interval.open(1, 4)"
True,1,True,6709,sympy:9,0.0,fixed_n16,107,16,6709,sympy:9
False,5,False,14998,sympy:65,0.5625,fixed_n16,109,16,14998,sympy:65
True,1,True,5499,sympy:3,0.0,fixed_n16,117,16,5499,sympy:3
True,2,True,13513,sympy:81,0.375,fixed_n16,118,16,13513,sympy:81
True,1,True,4172,sympy:36,0.0,fixed_n16,128,16,4172,sympy:36
True,1,True,4498,sympy:2,0.0,fixed_n16,141,16,4498,sympy:2
True,1,True,11397,sympy:3*sqrt(5),0.0,fixed_n16,143,16,11397,sympy:3*sqrt(5)
True,1,True,6797,sympy:11,0.0,fixed_n16,148,16,6797,sympy:11
True,1,True,12603,sympy:49,0.1875,fixed_n16,149,16,12603,sympy:49
False,3,False,15152,sympy:3,0.5,fixed_n16,150,16,15152,sympy:3
True,1,True,3441,sympy:65,0.0,fixed_n16,167,16,3441,sympy:65
True,1,True,12517,sympy:4,0.0,fixed_n16,173,16,12517,sympy:4
False,1,False,6373,sympy:60,0.0,fixed_n16,177,16,6373,sympy:60
True,1,True,13329,"sympy:Eq(5*x - 1*7*y + 11*z + 4, 0)",0.1875,fixed_n16,179,16,13329,"sympy:Eq(5*x - 1*7*y + 11*z + 4, 0)"
True,1,True,5745,sympy:sqrt(3)/3,0.0,fixed_n16,181,16,5745,sympy:sqrt(3)/3
True,1,True,5923,sympy:24,0.0,fixed_n16,195,16,5923,sympy:24
True,1,True,7149,sympy:16,0.0,fixed_n16,209,16,7149,sympy:16
True,1,True,4589,sympy:5,0.0,fixed_n16,211,16,4589,sympy:5
True,1,True,8223,sympy:900,0.0,fixed_n16,221,16,8223,sympy:900
False,3,False,8180,sympy:150,0.0,fixed_n16,222,16,8180,sympy:150
True,1,True,5163,sympy:11,0.0,fixed_n16,225,16,5163,sympy:11
True,1,True,4076,sympy:c,0.0,fixed_n16,227,16,4076,sympy:c
True,4,True,15835,sympy:288*pi,0.625,fixed_n16,228,16,15835,sympy:288*pi
False,16,False,13087,sympy:15,0.25,fixed_n16,236,16,13087,sympy:15
True,1,True,9216,sympy:540,0.0,fixed_n16,251,16,9216,sympy:540
True,1,True,3614,sympy:1/8,0.0,fixed_n16,253,16,3614,sympy:1/8
True,1,True,6449,sympy:28,0.0,fixed_n16,254,16,6449,sympy:28
True,1,True,5755,sympy:864,0.0,fixed_n16,257,16,5755,sympy:864
True,1,True,9585,sympy:120,0.0,fixed_n16,260,16,9585,sympy:120
True,1,True,5734,sympy:76,0.0,fixed_n16,261,16,5734,sympy:76
False,1,False,11164,sympy:5,0.0625,fixed_n16,264,16,11164,sympy:5
True,1,True,5268,sympy:1250,0.0,fixed_n16,273,16,5268,sympy:1250
False,12,False,9102,sympy:i*l*n*n*o*o*o*s*t*u,0.0625,fixed_n16,284,16,9102,sympy:i*l*n*n*o*o*o*s*t*u
False,3,False,16306,sympy:280,0.8125,fixed_n16,285,16,16306,sympy:280
True,1,True,16017,sympy:4,0.5,fixed_n16,290,16,16017,sympy:4
True,5,True,7882,sympy:63,0.0,fixed_n16,291,16,7882,sympy:63
True,1,True,8711,"sympy:Interval.Lopen(3/5, 8/3)",0.0,fixed_n16,293,16,8711,"sympy:Interval.Lopen(3/5, 8/3)"
True,1,True,5947,sympy:63,0.0,fixed_n16,299,16,5947,sympy:63
False,1,False,13978,sympy:21,0.25,fixed_n16,303,16,13978,sympy:21
True,1,True,8086,sympy:41,0.0,fixed_n16,315,16,8086,sympy:41
True,3,True,15866,sympy:0.0900000000000000,0.6875,fixed_n16,326,16,15866,sympy:0.0900000000000000
True,1,True,11699,sympy:3,0.0625,fixed_n16,328,16,11699,sympy:3
True,1,True,11221,sympy:13/6,0.0,fixed_n16,331,16,11221,sympy:13/6
True,1,True,11641,sympy:3,0.0,fixed_n16,335,16,11641,sympy:3
True,1,True,7220,sympy:6,0.0,fixed_n16,337,16,7220,sympy:6
True,1,True,9571,sympy:2*k,0.0,fixed_n16,339,16,9571,sympy:2*k
True,1,True,7321,sympy:4495,0.0,fixed_n16,348,16,7321,sympy:4495
True,1,True,3902,sympy:1,0.0,fixed_n16,367,16,3902,sympy:1
False,5,False,5002,sympy:144,0.0,fixed_n16,369,16,5002,sympy:144
True,14,True,13804,sympy:17,0.1875,fixed_n16,371,16,13804,sympy:17
True,1,True,6947,sympy:2*i + 1,0.0,fixed_n16,373,16,6947,sympy:2*i + 1
True,2,True,13663,"sympy:(8, -2)",0.125,fixed_n16,376,16,13663,"sympy:(8, -2)"
True,1,True,7211,sympy:6,0.0,fixed_n16,377,16,7211,sympy:6
True,1,True,9604,sympy:3,0.0625,fixed_n16,378,16,9604,sympy:3
True,1,True,11266,"sympy:Interval(-2, 7)",0.0,fixed_n16,383,16,11266,"sympy:Interval(-2, 7)"
True,3,True,13855,sympy:12,0.0,fixed_n16,390,16,13855,sympy:12
True,1,True,14545,sympy:0,0.1875,fixed_n16,391,16,14545,sympy:0
True,1,True,5436,sympy:4,0.0,fixed_n16,395,16,5436,sympy:4
True,1,True,4366,sympy:9,0.0,fixed_n16,407,16,4366,sympy:9
True,10,True,15996,sympy:0.200000000000000,0.875,fixed_n16,408,16,15996,sympy:0.200000000000000
False,16,False,15101,sympy:451,0.625,fixed_n16,412,16,15101,sympy:451
True,1,True,8868,sympy:2*sqrt(5),0.0,fixed_n16,418,16,8868,sympy:2*sqrt(5)
True,1,True,14487,sympy:27,0.3125,fixed_n16,421,16,14487,sympy:27
True,11,True,9017,sympy:3*r**2,0.0625,fixed_n16,425,16,9017,sympy:3*r**2
True,1,True,4651,sympy:4,0.0,fixed_n16,438,16,4651,sympy:4
True,1,True,11822,sympy:x**8 + x**7 + x**6 + x**5 + x**4 + x**3 + x**2 + x + 1,0.0625,fixed_n16,439,16,11822,sympy:x**8 + x**7 + x**6 + x**5 + x**4 + x**3 + x**2 + x + 1
False,2,False,12048,sympy:1/4,0.3125,fixed_n16,444,16,12048,sympy:1/4
False,15,False,14317,sympy:8,0.5,fixed_n16,445,16,14317,sympy:8
True,1,True,6606,sympy:9,0.0,fixed_n16,447,16,6606,sympy:9
True,1,True,7788,sympy:639/40,0.0,fixed_n16,451,16,7788,sympy:639/40
True,1,True,6699,sympy:10,0.0,fixed_n16,453,16,6699,sympy:10
False,1,False,16384,,1.0,fixed_n16,454,16,16384,
True,1,True,15498,"sympy:{-2, 1}",0.125,fixed_n16,456,16,15498,"sympy:{-2, 1}"
True,1,True,4579,sympy:15,0.0,fixed_n16,467,16,4579,sympy:15
False,1,False,9964,sympy:0,0.0,fixed_n16,478,16,9964,sympy:0
True,1,True,8814,sympy:15,0.0625,fixed_n16,489,16,8814,sympy:15
True,1,True,8618,"sympy:Union(Interval.open(2, 12), Interval.open(12, 102))",0.0,fixed_n16,495,16,8618,"sympy:Union(Interval.open(2, 12), Interval.open(12, 102))"
True,1,True,8370,sympy:5/13,0.0,fixed_n16,496,16,8370,sympy:5/13
True,1,True,6044,sympy:2220,0.0,fixed_n16,10,16,6044,sympy:2220
True,1,True,4601,sympy:5,0.0,fixed_n16,13,16,4601,sympy:5
True,1,True,10343,sympy:3,0.0625,fixed_n16,19,16,10343,sympy:3
True,1,True,3731,sympy:9*i + 6,0.0,fixed_n16,20,16,3731,sympy:9*i + 6
True,1,True,12700,sympy:-125,0.0,fixed_n16,34,16,12700,sympy:-125
True,1,True,3895,sympy:2000,0.0,fixed_n16,38,16,3895,sympy:2000
True,1,True,3969,sympy:12,0.0,fixed_n16,40,16,3969,sympy:12
False,10,False,8697,sympy:5,0.0,fixed_n16,41,16,8697,sympy:5
True,1,True,13525,sympy:6,0.1875,fixed_n16,46,16,13525,sympy:6
True,1,True,6960,sympy:5,0.0,fixed_n16,47,16,6960,sympy:5
True,1,True,4471,sympy:83,0.0,fixed_n16,49,16,4471,sympy:83
True,6,True,11954,sympy:203,0.0,fixed_n16,50,16,11954,sympy:203
True,1,True,5608,sympy:3,0.0,fixed_n16,55,16,5608,sympy:3
True,1,True,3333,sympy:4,0.0,fixed_n16,77,16,3333,sympy:4
True,1,True,10741,"sympy:Interval.open(-2, 1)",0.0,fixed_n16,78,16,10741,"sympy:Interval.open(-2, 1)"
True,1,True,13034,sympy:-1,0.0,fixed_n16,84,16,13034,sympy:-1
True,1,True,5407,sympy:sqrt(5),0.0,fixed_n16,85,16,5407,sympy:sqrt(5)
True,1,True,4262,sympy:240,0.0,fixed_n16,86,16,4262,sympy:240
True,1,True,9752,sympy:33,0.0,fixed_n16,93,16,9752,sympy:33
False,1,False,11403,sympy:36,0.0625,fixed_n16,104,16,11403,sympy:36
False,6,False,5286,sympy:15.5000000000000,0.0,fixed_n16,105,16,5286,sympy:15.5000000000000
True,3,True,8946,sympy:13,0.0,fixed_n16,112,16,8946,sympy:13
True,1,True,10396,sympy:-5,0.0,fixed_n16,114,16,10396,sympy:-5
False,1,False,8457,sympy:30240,0.0,fixed_n16,115,16,8457,sympy:30240
True,6,True,10657,sympy:-9,0.0,fixed_n16,119,16,10657,sympy:-9
True,1,True,6037,sympy:6,0.0,fixed_n16,121,16,6037,sympy:6
True,1,True,5447,sympy:9,0.0,fixed_n16,122,16,5447,sympy:9
True,1,True,7240,sympy:4210,0.0,fixed_n16,127,16,7240,sympy:4210
True,1,True,5577,sympy:4,0.0,fixed_n16,132,16,5577,sympy:4
True,6,True,15107,sympy:64,0.5,fixed_n16,136,16,15107,sympy:64
False,15,False,13348,sympy:1/5,0.3125,fixed_n16,138,16,13348,sympy:1/5
True,1,True,10692,sympy:2107,0.0,fixed_n16,158,16,10692,sympy:2107
True,1,True,11995,sympy:17/50,0.0,fixed_n16,162,16,11995,sympy:17/50
False,1,False,14898,sympy:20,0.5625,fixed_n16,170,16,14898,sympy:20
True,1,True,7853,sympy:350,0.0,fixed_n16,172,16,7853,sympy:350
True,1,True,6368,sympy:6.72000000000000e-5,0.0,fixed_n16,176,16,6368,sympy:6.72000000000000e-5
True,1,True,11243,sympy:23,0.0,fixed_n16,183,16,11243,sympy:23
True,1,True,5981,sympy:10080,0.0,fixed_n16,198,16,5981,sympy:10080
True,1,True,7335,sympy:2/3,0.0,fixed_n16,202,16,7335,sympy:2/3
True,1,True,15297,sympy:-2,0.0,fixed_n16,205,16,15297,sympy:-2
True,7,True,7282,sympy:10,0.0,fixed_n16,210,16,7282,sympy:10
True,1,True,9065,sympy:56,0.0625,fixed_n16,212,16,9065,sympy:56
True,1,True,5639,sympy:2,0.0,fixed_n16,215,16,5639,sympy:2
True,1,True,4957,"sympy:Interval.open(-1, 6)",0.0625,fixed_n16,218,16,4957,"sympy:Interval.open(-1, 6)"
False,1,False,6869,sympy:2/27,0.0,fixed_n16,220,16,6869,sympy:2/27
True,1,True,5864,sympy:14,0.0,fixed_n16,223,16,5864,sympy:14
True,1,True,12696,sympy:10,0.0,fixed_n16,231,16,12696,sympy:10
True,4,True,13333,sympy:1997/2,0.0,fixed_n16,232,16,13333,sympy:1997/2
True,1,True,7723,sympy:-4,0.0,fixed_n16,238,16,7723,sympy:-4
False,1,False,16384,,1.0,fixed_n16,239,16,16384,
True,1,True,4690,sympy:3,0.0,fixed_n16,243,16,4690,sympy:3
True,1,True,6343,sympy:8/21,0.0,fixed_n16,256,16,6343,sympy:8/21
True,1,True,4389,sympy:4005,0.0,fixed_n16,265,16,4389,sympy:4005
True,6,True,10164,sympy:180,0.0,fixed_n16,267,16,10164,sympy:180
True,1,True,4697,sympy:sqrt(53),0.0,fixed_n16,277,16,4697,sympy:sqrt(53)
True,1,True,8974,sympy:36,0.0,fixed_n16,287,16,8974,sympy:36
True,1,True,10031,sympy:16,0.0,fixed_n16,289,16,10031,sympy:16
True,1,True,10765,sympy:103,0.0,fixed_n16,297,16,10765,sympy:103
True,1,True,10553,sympy:9/19,0.0,fixed_n16,305,16,10553,sympy:9/19
False,9,False,10786,sympy:3*sqrt(3),0.0,fixed_n16,308,16,10786,sympy:3*sqrt(3)
True,1,True,5972,"sympy:Interval.open(2, 4)",0.0,fixed_n16,314,16,5972,"sympy:Interval.open(2, 4)"
True,1,True,5550,sympy:-1,0.0,fixed_n16,322,16,5550,sympy:-1
True,1,True,3596,sympy:4,0.0,fixed_n16,329,16,3596,sympy:4
True,2,True,12764,sympy:3,0.3125,fixed_n16,333,16,12764,sympy:3
True,1,True,8013,sympy:-120,0.0,fixed_n16,334,16,8013,sympy:-120
True,1,True,4253,sympy:26000,0.0,fixed_n16,336,16,4253,sympy:26000
True,1,True,6168,sympy:1,0.0,fixed_n16,345,16,6168,sympy:1
True,1,True,6751,sympy:6*r**2 - 1*4*r - 24,0.0,fixed_n16,347,16,6751,sympy:6*r**2 - 1*4*r - 24
False,8,False,16270,sympy:44,0.5,fixed_n16,352,16,16270,sympy:44
True,1,True,6924,sympy:81,0.0,fixed_n16,354,16,6924,sympy:81
False,9,False,11587,sympy:120,0.125,fixed_n16,355,16,11587,sympy:120
True,1,True,10263,"sympy:Interval.open(-sqrt(3), sqrt(3))",0.0625,fixed_n16,356,16,10263,"sympy:Interval.open(-sqrt(3), sqrt(3))"
True,1,True,6758,sympy:7/4,0.0,fixed_n16,360,16,6758,sympy:7/4
True,1,True,4305,sympy:31,0.0,fixed_n16,368,16,4305,sympy:31
True,1,True,12449,sympy:12,0.0625,fixed_n16,379,16,12449,sympy:12
True,8,True,9059,sympy:22,0.0,fixed_n16,385,16,9059,sympy:22
False,1,False,14353,sympy:sqrt(82),0.375,fixed_n16,392,16,14353,sympy:sqrt(82)
True,1,True,7340,sympy:3/4,0.0,fixed_n16,393,16,7340,sympy:3/4
True,6,True,14544,sympy:-3/8,0.4375,fixed_n16,394,16,14544,sympy:-3/8
True,1,True,6101,sympy:23,0.0,fixed_n16,397,16,6101,sympy:23
True,1,True,7436,sympy:-1*12*i + 1,0.0,fixed_n16,402,16,7436,sympy:-1*12*i + 1
True,1,True,5207,sympy:3,0.0,fixed_n16,404,16,5207,sympy:3
True,1,True,6351,sympy:6,0.0,fixed_n16,410,16,6351,sympy:6
True,1,True,12375,sympy:9,0.0,fixed_n16,415,16,12375,sympy:9
True,1,True,10426,sympy:1/8,0.0625,fixed_n16,416,16,10426,sympy:1/8
True,1,True,4793,sympy:-2,0.0,fixed_n16,417,16,4793,sympy:-2
True,1,True,8077,sympy:6*sqrt(2),0.0,fixed_n16,426,16,8077,sympy:6*sqrt(2)
True,1,True,13390,sympy:64,0.0,fixed_n16,428,16,13390,sympy:64
False,13,False,12782,"sympy:Interval(pi**2/8, pi**2/4)",0.0,fixed_n16,431,16,12782,"sympy:Interval(pi**2/8, pi**2/4)"
False,1,False,16260,sympy:0,0.8125,fixed_n16,432,16,16260,sympy:0
True,1,True,8914,"sympy:Union(Interval.open(-oo, 2), Interval.open(3, oo))",0.0,fixed_n16,435,16,8914,"sympy:Union(Interval.open(-oo, 2), Interval.open(3, oo))"
True,1,True,7099,sympy:14,0.0,fixed_n16,440,16,7099,sympy:14
True,1,True,4187,sympy:256,0.0,fixed_n16,442,16,4187,sympy:256
True,1,True,12471,sympy:41,0.25,fixed_n16,458,16,12471,sympy:41
True,1,True,9020,sympy:12,0.0,fixed_n16,461,16,9020,sympy:12
True,1,True,12829,sympy:9,0.0,fixed_n16,464,16,12829,sympy:9
True,1,True,3983,sympy:8,0.0,fixed_n16,468,16,3983,sympy:8
True,1,True,11294,sympy:2,0.0,fixed_n16,477,16,11294,sympy:2
True,1,True,10384,sympy:20,0.0,fixed_n16,493,16,10384,sympy:20
True,1,True,5023,sympy:106,0.0,fixed_n16,499,16,5023,sympy:106
True,1,True,7912,sympy:14/3,0.0,fixed_n16,2,16,7912,sympy:14/3
True,1,True,4326,sympy:42,0.0,fixed_n16,5,16,4326,sympy:42
True,1,True,7256,sympy:27,0.0,fixed_n16,6,16,7256,sympy:27
True,5,True,11169,sympy:90,0.0,fixed_n16,7,16,11169,sympy:90
True,1,True,12247,sympy:5,0.0625,fixed_n16,22,16,12247,sympy:5
True,1,True,9983,sympy:5,0.0625,fixed_n16,23,16,9983,sympy:5
True,1,True,7484,sympy:225,0.0,fixed_n16,29,16,7484,sympy:225
True,1,True,6398,sympy:720,0.0,fixed_n16,32,16,6398,sympy:720
True,1,True,9113,sympy:23,0.0,fixed_n16,39,16,9113,sympy:23
False,3,False,11238,sympy:20*sqrt(5) + 10*sqrt(34),0.0,fixed_n16,43,16,11238,sympy:20*sqrt(5) + 10*sqrt(34)
True,1,True,8889,sympy:16,0.0,fixed_n16,57,16,8889,sympy:16
True,1,True,4159,sympy:9901,0.0,fixed_n16,58,16,4159,sympy:9901
True,1,True,5777,sympy:(3*sqrt(3))/4,0.0,fixed_n16,73,16,5777,sympy:(3*sqrt(3))/4
True,1,True,8083,sympy:11/36,0.0,fixed_n16,75,16,8083,sympy:11/36
True,1,True,4361,sympy:2,0.0,fixed_n16,79,16,4361,sympy:2
True,1,True,6490,sympy:2,0.0,fixed_n16,83,16,6490,sympy:2
True,1,True,10302,sympy:1,0.0,fixed_n16,87,16,10302,sympy:1
True,3,True,11987,sympy:21,0.0,fixed_n16,89,16,11987,sympy:21
True,1,True,11457,sympy:448/15625,0.0625,fixed_n16,92,16,11457,sympy:448/15625
False,2,False,14886,"parsed:Matrix([[-1/3], [f*r*a*c*5], [f*r*a*c*8]])",0.375,fixed_n16,99,16,14886,"parsed:Matrix([[-1/3], [f*r*a*c*5], [f*r*a*c*8]])"
True,1,True,5266,sympy:4/3,0.0,fixed_n16,106,16,5266,sympy:4/3
False,4,False,16262,sympy:3,0.75,fixed_n16,110,16,16262,sympy:3
True,1,True,6363,sympy:8000,0.0,fixed_n16,113,16,6363,sympy:8000
True,1,True,12452,sympy:1,0.125,fixed_n16,139,16,12452,sympy:1
True,1,True,5783,sympy:sqrt(3)/3,0.0,fixed_n16,146,16,5783,sympy:sqrt(3)/3
False,9,False,14700,sympy:12,0.3125,fixed_n16,147,16,14700,sympy:12
True,1,True,6375,sympy:1/4,0.0,fixed_n16,155,16,6375,sympy:1/4
False,1,False,14206,sympy:90,0.3125,fixed_n16,156,16,14206,sympy:90
True,1,True,7055,sympy:18,0.0,fixed_n16,160,16,7055,sympy:18
False,10,False,12749,sympy:sqrt(3),0.0625,fixed_n16,164,16,12749,sympy:sqrt(3)
True,1,True,5420,sympy:12,0.0,fixed_n16,169,16,5420,sympy:12
True,1,True,7155,sympy:2,0.0,fixed_n16,174,16,7155,sympy:2
True,1,True,13204,sympy:3,0.0625,fixed_n16,175,16,13204,sympy:3
False,4,False,12713,"sympy:Interval(3, oo)",0.0,fixed_n16,184,16,12713,"sympy:Interval(3, oo)"
True,1,True,3760,sympy:1,0.0,fixed_n16,185,16,3760,sympy:1
True,1,True,9426,sympy:7,0.0,fixed_n16,186,16,9426,sympy:7
True,1,True,8308,sympy:7,0.0,fixed_n16,187,16,8308,sympy:7
True,16,True,16039,sympy:160,0.375,fixed_n16,189,16,16039,sympy:160
True,1,True,5658,sympy:4,0.0,fixed_n16,193,16,5658,sympy:4
True,1,True,5219,sympy:17,0.0,fixed_n16,199,16,5219,sympy:17
True,1,True,8828,sympy:12,0.0,fixed_n16,203,16,8828,sympy:12
False,11,False,13264,sympy:16,0.0,fixed_n16,204,16,13264,sympy:16
False,1,False,7114,sympy:11111111100,0.0,fixed_n16,217,16,7114,sympy:11111111100
True,1,True,12338,sympy:16/5,0.0,fixed_n16,230,16,12338,sympy:16/5
True,5,True,7457,sympy:34,0.0,fixed_n16,234,16,7457,sympy:34
True,1,True,9576,sympy:5/9,0.0,fixed_n16,235,16,9576,sympy:5/9
True,1,True,4165,sympy:8,0.0,fixed_n16,246,16,4165,sympy:8
False,1,False,16384,,1.0,fixed_n16,248,16,16384,
True,1,True,6009,sympy:e,0.0,fixed_n16,255,16,6009,sympy:e
True,1,True,4748,sympy:22,0.0,fixed_n16,259,16,4748,sympy:22
True,1,True,7821,sympy:6,0.0,fixed_n16,269,16,7821,sympy:6
True,1,True,5818,sympy:8,0.0,fixed_n16,280,16,5818,sympy:8
False,1,False,16077,sympy:1260,0.875,fixed_n16,292,16,16077,sympy:1260
True,3,True,13066,sympy:58,0.1875,fixed_n16,294,16,13066,sympy:58
True,1,True,4827,sympy:12,0.0,fixed_n16,300,16,4827,sympy:12
False,1,False,7534,sympy:5.50000000000000,0.0,fixed_n16,301,16,7534,sympy:5.50000000000000
True,14,True,13081,sympy:5,0.375,fixed_n16,302,16,13081,sympy:5
True,1,True,13670,sympy:9,0.125,fixed_n16,304,16,13670,sympy:9
True,1,True,8577,"sympy:Interval(-oo, 0)",0.0,fixed_n16,307,16,8577,"sympy:Interval(-oo, 0)"
False,12,False,8953,sympy:15,0.0,fixed_n16,309,16,8953,sympy:15
True,1,True,10845,sympy:3,0.0,fixed_n16,311,16,10845,sympy:3
False,1,False,10137,sympy:2,0.0625,fixed_n16,317,16,10137,sympy:2
True,1,True,10623,sympy:(9*a + 11)/20,0.0,fixed_n16,318,16,10623,sympy:(9*a + 11)/20
True,1,True,5305,sympy:-128,0.0,fixed_n16,319,16,5305,sympy:-128
True,1,True,5171,sympy:10,0.0,fixed_n16,321,16,5171,sympy:10
False,1,False,16049,sympy:10,0.75,fixed_n16,327,16,16049,sympy:10
True,1,True,6903,sympy:-2,0.0,fixed_n16,341,16,6903,sympy:-2
True,1,True,6571,sympy:5,0.0,fixed_n16,344,16,6571,sympy:5
True,13,True,7239,sympy:4,0.0,fixed_n16,357,16,7239,sympy:4
True,1,True,11510,sympy:16*sqrt(3),0.1875,fixed_n16,361,16,11510,sympy:16*sqrt(3)
True,1,True,4641,sympy:2,0.0,fixed_n16,363,16,4641,sympy:2
True,1,True,5644,sympy:-41,0.0,fixed_n16,370,16,5644,sympy:-41
False,12,False,9493,sympy:70,0.0,fixed_n16,372,16,9493,sympy:70
True,1,True,8445,sympy:25,0.0,fixed_n16,375,16,8445,sympy:25
True,7,True,12623,"sympy:Union(Interval.open(0, 9), Interval.open(9, 36))",0.1875,fixed_n16,380,16,12623,"sympy:Union(Interval.open(0, 9), Interval.open(9, 36))"
True,1,True,2804,sympy:15*x - 80,0.0,fixed_n16,384,16,2804,sympy:15*x - 80
True,1,True,4587,sympy:326.500000000000,0.0,fixed_n16,399,16,4587,sympy:326.500000000000
True,1,True,2762,sympy:60,0.0,fixed_n16,411,16,2762,sympy:60
True,1,True,5320,sympy:5*r**5,0.0,fixed_n16,413,16,5320,sympy:5*r**5
False,4,False,15617,sympy:-30,0.75,fixed_n16,419,16,15617,sympy:-30
True,1,True,8746,sympy:0.356250000000000,0.0,fixed_n16,433,16,8746,sympy:0.356250000000000
True,1,True,9106,sympy:32,0.0,fixed_n16,434,16,9106,sympy:32
True,1,True,15820,sympy:4,0.625,fixed_n16,436,16,15820,sympy:4
True,1,True,6812,sympy:143,0.0,fixed_n16,452,16,6812,sympy:143
True,1,True,12672,sympy:18.9000000000000,0.0625,fixed_n16,459,16,12672,sympy:18.9000000000000
False,12,False,7361,sympy:105,0.0,fixed_n16,460,16,7361,sympy:105
True,1,True,8162,sympy:59,0.125,fixed_n16,462,16,8162,sympy:59
True,1,True,5063,sympy:2,0.0,fixed_n16,463,16,5063,sympy:2
False,10,False,12492,sympy:(64*pi)/9,0.0,fixed_n16,466,16,12492,sympy:(64*pi)/9
True,1,True,4435,sympy:84,0.0,fixed_n16,471,16,4435,sympy:84
True,1,True,6498,sympy:275/2,0.0,fixed_n16,472,16,6498,sympy:275/2
False,9,False,16176,sympy:55,0.875,fixed_n16,475,16,16176,sympy:55
True,1,True,6274,sympy:2,0.0,fixed_n16,479,16,6274,sympy:2
True,11,True,10375,sympy:202,0.0625,fixed_n16,482,16,10375,sympy:202
True,14,True,16323,sympy:8/15,0.9375,fixed_n16,483,16,16323,sympy:8/15
True,1,True,14379,sympy:10,0.125,fixed_n16,484,16,14379,sympy:10
False,1,False,12659,sympy:0,0.125,fixed_n16,490,16,12659,sympy:0
True,1,True,9512,"sympy:Eq(y, -1*2*x)",0.0,fixed_n16,492,16,9512,"sympy:Eq(y, -1*2*x)"
False,11,False,12573,sympy:1,0.25,fixed_n16,494,16,12573,sympy:1
False,7,False,9097,sympy:2,0.0,fixed_n16,497,16,9097,sympy:2
False,16,False,7761,sympy:56,0.0,fixed_n16,18,16,7761,sympy:56
True,1,True,8919,sympy:10,0.0,fixed_n16,24,16,8919,sympy:10
False,7,False,14561,"sympy:{0, 1}",0.4375,fixed_n16,25,16,14561,"sympy:{0, 1}"
False,1,False,11174,sympy:576,0.0,fixed_n16,26,16,11174,sympy:576
True,1,True,6528,sympy:78,0.0,fixed_n16,27,16,6528,sympy:78
True,1,True,6655,sympy:3,0.0,fixed_n16,35,16,6655,sympy:3
True,3,True,12476,"sympy:{3, 5, 7}",0.1875,fixed_n16,36,16,12476,"sympy:{3, 5, 7}"
True,1,True,3770,sympy:72,0.0,fixed_n16,37,16,3770,sympy:72
True,1,True,7763,sympy:1.25000000000000,0.0,fixed_n16,44,16,7763,sympy:1.25000000000000
True,1,True,5920,sympy:-1*pi/6,0.0,fixed_n16,53,16,5920,sympy:-1*pi/6
True,1,True,4796,sympy:0.150000000000000,0.0,fixed_n16,54,16,4796,sympy:0.150000000000000
True,1,True,3463,sympy:11,0.0,fixed_n16,56,16,3463,sympy:11
True,7,True,13342,sympy:35/64,0.4375,fixed_n16,64,16,13342,sympy:35/64
True,1,True,3288,sympy:1,0.0,fixed_n16,65,16,3288,sympy:1
True,1,True,12048,sympy:46,0.1875,fixed_n16,68,16,12048,sympy:46
True,1,True,7901,sympy:40,0.0,fixed_n16,70,16,7901,sympy:40
True,1,True,6664,sympy:3,0.0,fixed_n16,81,16,6664,sympy:3
True,7,True,7856,sympy:3/2,0.0,fixed_n16,82,16,7856,sympy:3/2
True,1,True,11916,sympy:-4,0.0,fixed_n16,95,16,11916,sympy:-4
True,1,True,6146,sympy:2*k + 2,0.0,fixed_n16,98,16,6146,sympy:2*k + 2
False,1,False,16083,sympy:1,0.8125,fixed_n16,101,16,16083,sympy:1
True,1,True,13195,sympy:2,0.25,fixed_n16,108,16,13195,sympy:2
True,1,True,5288,sympy:2,0.0,fixed_n16,116,16,5288,sympy:2
False,1,False,8515,sympy:dd*o,0.0,fixed_n16,120,16,8515,sympy:dd*o
True,1,True,11783,sympy:11/2,0.0,fixed_n16,124,16,11783,sympy:11/2
True,1,True,6630,sympy:-3,0.0,fixed_n16,125,16,6630,sympy:-3
False,1,False,15083,sympy:2*i + 1,0.5,fixed_n16,126,16,15083,sympy:2*i + 1
True,1,True,6871,sympy:13,0.0,fixed_n16,130,16,6871,sympy:13
True,1,True,8989,sympy:8,0.0,fixed_n16,131,16,8989,sympy:8
True,1,True,10206,sympy:16,0.0,fixed_n16,134,16,10206,sympy:16
True,1,True,7509,sympy:204,0.0,fixed_n16,137,16,7509,sympy:204
True,1,True,8003,sympy:13,0.0,fixed_n16,140,16,8003,sympy:13
True,1,True,4176,"sympy:(15, -29)",0.0,fixed_n16,144,16,4176,"sympy:(15, -29)"
False,13,False,11470,sympy:16,0.125,fixed_n16,152,16,11470,sympy:16
True,1,True,7534,sympy:2/21,0.0,fixed_n16,153,16,7534,sympy:2/21
True,1,True,5705,sympy:6/5,0.0,fixed_n16,157,16,5705,sympy:6/5
True,1,True,8012,sympy:3.21000000000000,0.0,fixed_n16,159,16,8012,sympy:3.21000000000000
True,6,True,9906,sympy:270/7,0.0,fixed_n16,166,16,9906,sympy:270/7
False,1,False,12664,sympy:12,0.0625,fixed_n16,168,16,12664,sympy:12
True,1,True,6758,sympy:13/15,0.0,fixed_n16,171,16,6758,sympy:13/15
True,12,True,6042,sympy:3,0.0,fixed_n16,180,16,6042,sympy:3
True,1,True,3970,sympy:1251,0.0,fixed_n16,182,16,3970,sympy:1251
True,1,True,7366,sympy:30,0.0,fixed_n16,192,16,7366,sympy:30
True,1,True,12958,sympy:1/4,0.125,fixed_n16,194,16,12958,sympy:1/4
True,1,True,11402,sympy:6,0.0,fixed_n16,197,16,11402,sympy:6
True,1,True,10879,sympy:66,0.0625,fixed_n16,201,16,10879,sympy:66
True,1,True,7094,"sympy:(3/2, -13)",0.0,fixed_n16,206,16,7094,"sympy:(3/2, -13)"
True,1,True,5808,sympy:28,0.0,fixed_n16,207,16,5808,sympy:28
True,1,True,3878,sympy:90,0.0,fixed_n16,229,16,3878,sympy:90
True,1,True,9574,sympy:22,0.0,fixed_n16,237,16,9574,sympy:22
True,1,True,12784,sympy:17,0.0,fixed_n16,241,16,12784,sympy:17
False,3,False,8088,sympy:32349,0.0,fixed_n16,242,16,8088,sympy:32349
False,4,False,13699,sympy:11,0.1875,fixed_n16,249,16,13699,sympy:11
True,1,True,6081,sympy:15,0.0,fixed_n16,263,16,6081,sympy:15
True,1,True,4127,sympy:1,0.0,fixed_n16,268,16,4127,sympy:1
True,1,True,5722,sympy:10,0.0,fixed_n16,270,16,5722,sympy:10
True,1,True,8217,sympy:333,0.0,fixed_n16,271,16,8217,sympy:333
True,9,True,11355,sympy:1030,0.0,fixed_n16,272,16,11355,sympy:1030
False,8,False,5600,sympy:36,0.0,fixed_n16,274,16,5600,sympy:36
True,1,True,4512,sympy:7,0.0,fixed_n16,275,16,4512,sympy:7
True,1,True,7891,sympy:11,0.0,fixed_n16,276,16,7891,sympy:11
True,6,True,9383,sympy:36,0.0,fixed_n16,281,16,9383,sympy:36
False,1,False,5509,sympy:497,0.0,fixed_n16,282,16,5509,sympy:497
True,1,True,6977,sympy:1,0.0,fixed_n16,283,16,6977,sympy:1
False,2,False,13758,sympy:1/2,0.375,fixed_n16,286,16,13758,sympy:1/2
False,1,False,15299,sympy:sqrt(89),0.5625,fixed_n16,288,16,15299,sympy:sqrt(89)
False,1,False,12612,sympy:c,0.25,fixed_n16,296,16,12612,sympy:c
True,1,True,8261,"sympy:Interval.open(5, oo)",0.0,fixed_n16,312,16,8261,"sympy:Interval.open(5, oo)"
True,1,True,7006,sympy:12*pi,0.0,fixed_n16,313,16,7006,sympy:12*pi
True,1,True,8754,sympy:-24/25,0.0,fixed_n16,320,16,8754,sympy:-24/25
True,12,True,10724,sympy:2,0.0625,fixed_n16,332,16,10724,sympy:2
False,1,False,16384,,1.0,fixed_n16,340,16,16384,
True,1,True,5717,sympy:2,0.0,fixed_n16,342,16,5717,sympy:2
True,1,True,5929,sympy:58500,0.0,fixed_n16,343,16,5929,sympy:58500
True,1,True,7229,sympy:66,0.0,fixed_n16,346,16,7229,sympy:66
False,1,False,9558,sympy:-1/16,0.0,fixed_n16,351,16,9558,sympy:-1/16
True,1,True,14038,sympy:6,0.1875,fixed_n16,359,16,14038,sympy:6
True,1,True,3091,sympy:1/4,0.0,fixed_n16,362,16,3091,sympy:1/4
False,1,False,14815,sympy:1/18,0.125,fixed_n16,381,16,14815,sympy:1/18
True,1,True,5750,sympy:11,0.0,fixed_n16,386,16,5750,sympy:11
True,1,True,5055,sympy:18,0.0,fixed_n16,387,16,5055,sympy:18
True,11,True,8565,sympy:11/2,0.0,fixed_n16,388,16,8565,sympy:11/2
False,5,False,13788,sympy:39.6800000000000,0.0,fixed_n16,398,16,13788,sympy:39.6800000000000
True,9,True,10193,sympy:14/3,0.0,fixed_n16,400,16,10193,sympy:14/3
False,6,False,15335,sympy:3,0.6875,fixed_n16,401,16,15335,sympy:3
False,1,False,9786,sympy:1,0.0,fixed_n16,403,16,9786,sympy:1
True,1,True,4479,sympy:0,0.0,fixed_n16,406,16,4479,sympy:0
False,7,False,16332,"sympy:{-2, 1}",0.9375,fixed_n16,422,16,16332,"sympy:{-2, 1}"
True,1,True,6020,sympy:29,0.0,fixed_n16,427,16,6020,sympy:29
True,1,True,9469,sympy:50,0.0,fixed_n16,429,16,9469,sympy:50
True,1,True,3825,sympy:4.50000000000000,0.0,fixed_n16,430,16,3825,sympy:4.50000000000000
True,1,True,5827,sympy:550,0.0,fixed_n16,441,16,5827,sympy:550
True,1,True,10475,sympy:8,0.0,fixed_n16,446,16,10475,sympy:8
True,1,True,10239,sympy:44,0.0,fixed_n16,448,16,10239,sympy:44
True,1,True,5194,sympy:47,0.0,fixed_n16,449,16,5194,sympy:47
True,1,True,2738,sympy:0,0.0,fixed_n16,457,16,2738,sympy:0
True,1,True,7757,sympy:121,0.0,fixed_n16,465,16,7757,sympy:121
True,16,True,13628,sympy:7,0.125,fixed_n16,473,16,13628,sympy:7
True,1,True,5532,sympy:2,0.0,fixed_n16,487,16,5532,sympy:2
False,12,False,5092,sympy:24,0.0,fixed_n16,491,16,5092,sympy:24
True,1,True,4955,"sympy:(3, pi/2)",0.0,fixed_n16,0,16,4955,"sympy:(3, pi/2)"
True,1,True,9629,sympy:p - q,0.0,fixed_n16,1,16,9629,sympy:p - q
True,1,True,7703,sympy:9,0.0,fixed_n16,3,16,7703,sympy:9
True,1,True,9542,sympy:284,0.0,fixed_n16,12,16,9542,sympy:284
False,1,False,4200,sympy:10,0.0,fixed_n16,14,16,4200,sympy:10
True,1,True,10480,sympy:-1*5*i + 6,0.0,fixed_n16,15,16,10480,sympy:-1*5*i + 6
False,14,False,11137,sympy:pi/2,0.0,fixed_n16,17,16,11137,sympy:pi/2
True,1,True,5538,sympy:52,0.0,fixed_n16,30,16,5538,sympy:52
True,1,True,7286,sympy:11*sqrt(2),0.0,fixed_n16,31,16,7286,sympy:11*sqrt(2)
True,1,True,12186,sympy:x**5 - x**4 + x**3 - x**2 + x - 1,0.1875,fixed_n16,51,16,12186,sympy:x**5 - x**4 + x**3 - x**2 + x - 1
True,1,True,4963,sympy:12,0.0,fixed_n16,52,16,4963,sympy:12
True,1,True,7100,sympy:5,0.0,fixed_n16,59,16,7100,sympy:5
False,8,False,16007,"sympy:(-3, 3, -1)",0.5625,fixed_n16,60,16,16007,"sympy:(-3, 3, -1)"
True,1,True,5913,sympy:-256,0.0,fixed_n16,61,16,5913,sympy:-256
True,1,True,6374,sympy:x**3 + 3*x - 6,0.0,fixed_n16,66,16,6374,sympy:x**3 + 3*x - 6
True,1,True,6862,sympy:-1,0.0,fixed_n16,69,16,6862,sympy:-1
True,4,True,6340,sympy:2516,0.0,fixed_n16,71,16,6340,sympy:2516
True,1,True,6153,sympy:1,0.0,fixed_n16,91,16,6153,sympy:1
False,2,False,12589,sympy:70,0.375,fixed_n16,94,16,12589,sympy:70
False,13,False,15546,sympy:2,0.6875,fixed_n16,96,16,15546,sympy:2
True,1,True,5326,sympy:E*a*s*t,0.0,fixed_n16,97,16,5326,sympy:E*a*s*t
False,8,False,10169,sympy:155,0.125,fixed_n16,100,16,10169,sympy:155
True,1,True,9630,sympy:210,0.0625,fixed_n16,111,16,9630,sympy:210
False,7,False,14970,sympy:6,0.4375,fixed_n16,123,16,14970,sympy:6
True,11,True,11188,sympy:3840/289,0.0,fixed_n16,129,16,11188,sympy:3840/289
True,1,True,6408,sympy:120,0.0,fixed_n16,133,16,6408,sympy:120
True,1,True,7121,sympy:9,0.0,fixed_n16,135,16,7121,sympy:9
True,16,True,7128,sympy:28800,0.0,fixed_n16,142,16,7128,sympy:28800
True,15,True,11119,sympy:-2,0.0625,fixed_n16,145,16,11119,sympy:-2
True,1,True,9714,sympy:144,0.0,fixed_n16,151,16,9714,sympy:144
False,8,False,9394,sympy:2*sqrt(34),0.0,fixed_n16,154,16,9394,sympy:2*sqrt(34)
True,1,True,4522,sympy:6,0.0,fixed_n16,161,16,4522,sympy:6
True,1,True,8203,sympy:-35/9,0.0,fixed_n16,163,16,8203,sympy:-35/9
True,1,True,5194,sympy:4/9,0.0,fixed_n16,165,16,5194,sympy:4/9
True,1,True,4172,sympy:60,0.0,fixed_n16,178,16,4172,sympy:60
True,1,True,16113,sympy:6,0.8125,fixed_n16,188,16,16113,sympy:6
False,16,False,5942,sympy:25/36,0.0,fixed_n16,190,16,5942,sympy:25/36
True,1,True,4350,sympy:0,0.0,fixed_n16,191,16,4350,sympy:0
True,1,True,4684,sympy:1600,0.0,fixed_n16,196,16,4684,sympy:1600
True,1,True,6226,sympy:40,0.0,fixed_n16,200,16,6226,sympy:40
True,1,True,6297,sympy:1,0.0,fixed_n16,208,16,6297,sympy:1
False,1,False,12138,sympy:1,0.125,fixed_n16,213,16,12138,sympy:1
False,14,False,9381,sympy:100,0.0625,fixed_n16,214,16,9381,sympy:100
True,1,True,6964,sympy:6,0.0,fixed_n16,216,16,6964,sympy:6
True,1,True,9562,sympy:1/2,0.0,fixed_n16,219,16,9562,sympy:1/2
False,1,False,12914,sympy:1/16,0.25,fixed_n16,224,16,12914,sympy:1/16
True,1,True,4035,sympy:3,0.0,fixed_n16,226,16,4035,sympy:3
True,1,True,7456,sympy:30,0.0,fixed_n16,233,16,7456,sympy:30
False,6,False,6794,sympy:52,0.0,fixed_n16,240,16,6794,sympy:52
True,1,True,13527,sympy:8,0.0,fixed_n16,244,16,13527,sympy:8
False,11,False,14984,sympy:-1*10*x,0.125,fixed_n16,245,16,14984,sympy:-1*10*x
True,1,True,8419,sympy:10/11,0.0,fixed_n16,247,16,8419,sympy:10/11
True,1,True,9915,sympy:13,0.0,fixed_n16,250,16,9915,sympy:13
True,1,True,8556,sympy:81,0.0,fixed_n16,252,16,8556,sympy:81
True,1,True,7929,sympy:16,0.0,fixed_n16,258,16,7929,sympy:16
True,1,True,3900,sympy:4,0.0,fixed_n16,262,16,3900,sympy:4
True,13,True,7702,sympy:33/100,0.0,fixed_n16,266,16,7702,sympy:33/100
True,1,True,6530,sympy:255,0.0,fixed_n16,278,16,6530,sympy:255
True,7,True,7559,sympy:7*pi,0.0,fixed_n16,279,16,7559,sympy:7*pi
False,1,False,10715,sympy:4,0.0625,fixed_n16,295,16,10715,sympy:4
True,7,True,15508,sympy:-18,0.25,fixed_n16,298,16,15508,sympy:-18
False,9,False,12981,sympy:2,0.125,fixed_n16,306,16,12981,sympy:2
True,1,True,6118,sympy:49,0.0,fixed_n16,310,16,6118,sympy:49
True,1,True,9825,sympy:12,0.0,fixed_n16,316,16,9825,sympy:12
True,1,True,10329,sympy:1/3,0.0,fixed_n16,323,16,10329,sympy:1/3
True,5,True,13528,sympy:120,0.125,fixed_n16,324,16,13528,sympy:120
True,1,True,7255,sympy:4,0.0,fixed_n16,325,16,7255,sympy:4
True,1,True,7948,sympy:1940,0.0,fixed_n16,330,16,7948,sympy:1940
True,1,True,5980,sympy:4343,0.0,fixed_n16,338,16,5980,sympy:4343
False,1,False,4706,sympy:5040,0.0,fixed_n16,349,16,4706,sympy:5040
True,1,True,5313,sympy:4,0.0,fixed_n16,350,16,5313,sympy:4
True,1,True,6869,sympy:480,0.0,fixed_n16,353,16,6869,sympy:480
False,6,False,7922,sympy:E*c*c*i*l*r,0.0,fixed_n16,358,16,7922,sympy:E*c*c*i*l*r
True,1,True,9904,"sympy:(1, -16, -4, 43)",0.0,fixed_n16,364,16,9904,"sympy:(1, -16, -4, 43)"
False,1,False,12156,sympy:40,0.0,fixed_n16,365,16,12156,sympy:40
True,1,True,7133,sympy:4,0.0,fixed_n16,366,16,7133,sympy:4
True,1,True,4382,sympy:4,0.0,fixed_n16,374,16,4382,sympy:4
True,1,True,9357,sympy:20000/pi,0.0,fixed_n16,382,16,9357,sympy:20000/pi
True,6,True,8441,sympy:sqrt(21)/5,0.0,fixed_n16,389,16,8441,sympy:sqrt(21)/5
True,1,True,9038,sympy:2,0.0,fixed_n16,396,16,9038,sympy:2
True,1,True,5715,sympy:60,0.0,fixed_n16,405,16,5715,sympy:60
True,1,True,11856,sympy:2*sqrt(5),0.0,fixed_n16,409,16,11856,sympy:2*sqrt(5)
True,1,True,7766,sympy:10,0.0,fixed_n16,414,16,7766,sympy:10
False,1,False,8441,"parsed:Matrix([[16/49], [f*r*a*c*97], [f*r*a*c*73]])",0.0,fixed_n16,420,16,8441,"parsed:Matrix([[16/49], [f*r*a*c*97], [f*r*a*c*73]])"
False,16,False,13836,sympy:1439,0.0,fixed_n16,423,16,13836,sympy:1439
True,1,True,7380,sympy:600,0.0,fixed_n16,424,16,7380,sympy:600
True,1,True,7728,sympy:3,0.0625,fixed_n16,437,16,7728,sympy:3
True,1,True,5477,sympy:45,0.0,fixed_n16,443,16,5477,sympy:45
True,1,True,10567,sympy:64,0.0,fixed_n16,450,16,10567,sympy:64
True,1,True,5490,sympy:6,0.0,fixed_n16,455,16,5490,sympy:6
True,1,True,3922,sympy:25,0.0,fixed_n16,469,16,3922,sympy:25
True,13,True,16195,sympy:27648,0.6875,fixed_n16,470,16,16195,sympy:27648
True,1,True,10374,sympy:3,0.0,fixed_n16,474,16,10374,sympy:3
True,1,True,5591,sympy:200,0.0,fixed_n16,476,16,5591,sympy:200
True,1,True,8031,sympy:1,0.0,fixed_n16,480,16,8031,sympy:1
False,5,False,13703,sympy:1,0.3125,fixed_n16,481,16,13703,sympy:1
True,8,True,15003,sympy:13,0.6875,fixed_n16,485,16,15003,sympy:13
True,1,True,3747,sympy:216,0.0,fixed_n16,486,16,3747,sympy:216
True,1,True,3636,sympy:36,0.0,fixed_n16,488,16,3636,sympy:36
False,1,False,14697,sympy:1,0.125,fixed_n16,498,16,14697,sympy:1
