label,model,outer_fold,predicted_risk,prefix,question_index,selected_calibration
0,logistic,1,0.10394294005978433,1,4,uncalibrated
0,logistic,1,0.036752132710148794,2,4,uncalibrated
0,logistic,1,0.012429124541633068,3,4,uncalibrated
0,logistic,1,0.004119956515797359,4,4,uncalibrated
0,logistic,1,0.0013587558550780374,5,4,uncalibrated
0,logistic,1,0.00044073705060288377,6,4,uncalibrated
0,logistic,1,0.00014303844619320725,7,4,uncalibrated
0,logistic,1,4.576184320649152e-05,8,4,uncalibrated
0,logistic,1,1.4908950286217355e-05,9,4,uncalibrated
0,logistic,1,4.674785259585026e-06,10,4,uncalibrated
0,logistic,1,1.5348698423500999e-06,11,4,uncalibrated
0,logistic,1,5.034015436536189e-07,12,4,uncalibrated
0,logistic,1,1.664527304493651e-07,13,4,uncalibrated
0,logistic,1,1e-07,14,4,uncalibrated
0,logistic,1,1e-07,15,4,uncalibrated
0,logistic,1,0.10933388496719437,1,8,uncalibrated
0,logistic,1,0.03891941141248707,2,8,uncalibrated
0,logistic,1,0.01317588600072059,3,8,uncalibrated
0,logistic,1,0.004377875614433966,4,8,uncalibrated
0,logistic,1,0.0014570187758521495,5,8,uncalibrated
0,logistic,1,0.000484921611831454,6,8,uncalibrated
0,logistic,1,0.00016088250837201416,7,8,uncalibrated
0,logistic,1,5.356043078428985e-05,8,8,uncalibrated
0,logistic,1,1.7542073968580087e-05,9,8,uncalibrated
0,logistic,1,5.825926724415994e-06,10,8,uncalibrated
0,logistic,1,1.9224268192144505e-06,11,8,uncalibrated
0,logistic,1,6.329402077544773e-07,12,8,uncalibrated
0,logistic,1,2.0994146127005935e-07,13,8,uncalibrated
0,logistic,1,1e-07,14,8,uncalibrated
0,logistic,1,1e-07,15,8,uncalibrated
1,logistic,1,0.10394294005978433,1,9,uncalibrated
1,logistic,1,0.5368079624745684,2,9,uncalibrated
1,logistic,1,0.6499572276368625,3,9,uncalibrated
0,logistic,1,0.25522185083952054,4,9,uncalibrated
0,logistic,1,0.34328347262156045,5,9,uncalibrated
0,logistic,1,0.4495442732974368,6,9,uncalibrated
0,logistic,1,0.33593725146560977,7,9,uncalibrated
0,logistic,1,0.31099472247655585,8,9,uncalibrated
0,logistic,1,0.2080962318882912,9,9,uncalibrated
1,logistic,1,0.06349126938390588,10,9,uncalibrated
1,logistic,1,0.028453147142899645,11,9,uncalibrated
1,logistic,1,0.01646656118615763,12,9,uncalibrated
1,logistic,1,0.028966806004573523,13,9,uncalibrated
1,logistic,1,0.022078705107888532,14,9,uncalibrated
0,logistic,1,0.03389966208030879,15,9,uncalibrated
1,logistic,1,0.7278678837357274,1,11,uncalibrated
0,logistic,1,0.40540157657759396,2,11,uncalibrated
0,logistic,1,0.5765318788391155,3,11,uncalibrated
0,logistic,1,0.6573689439550185,4,11,uncalibrated
0,logistic,1,0.6061338391324012,5,11,uncalibrated
0,logistic,1,0.5209268535547398,6,11,uncalibrated
0,logistic,1,0.4493514242188172,7,11,uncalibrated
0,logistic,1,0.36793159774251244,8,11,uncalibrated
0,logistic,1,0.29388520931528633,9,11,uncalibrated
0,logistic,1,0.08890136721211504,10,11,uncalibrated
0,logistic,1,0.12181207139423615,11,11,uncalibrated
0,logistic,1,0.09095960386139385,12,11,uncalibrated
0,logistic,1,0.07800510963756657,13,11,uncalibrated
0,logistic,1,0.055902980308790644,14,11,uncalibrated
0,logistic,1,0.041530214762028776,15,11,uncalibrated
0,logistic,1,0.11056764405555106,1,16,uncalibrated
0,logistic,1,0.03993868800276864,2,16,uncalibrated
0,logistic,1,0.013778509862808092,3,16,uncalibrated
0,logistic,1,0.004647727428864467,4,16,uncalibrated
0,logistic,1,0.0015765277971046892,5,16,uncalibrated
0,logistic,1,0.0005341535734689116,6,16,uncalibrated
0,logistic,1,0.00017866964940621086,7,16,uncalibrated
0,logistic,1,5.9925824399030324e-05,8,16,uncalibrated
0,logistic,1,2.009215308224521e-05,9,16,uncalibrated
0,logistic,1,6.723155344489672e-06,10,16,uncalibrated
0,logistic,1,2.2524730021570816e-06,11,16,uncalibrated
0,logistic,1,7.523578759481988e-07,12,16,uncalibrated
0,logistic,1,2.533056886213137e-07,13,16,uncalibrated
0,logistic,1,1e-07,14,16,uncalibrated
0,logistic,1,1e-07,15,16,uncalibrated
1,logistic,1,0.10492134520894698,1,21,uncalibrated
1,logistic,1,0.5394081086829637,2,21,uncalibrated
1,logistic,1,0.7378542223473961,3,21,uncalibrated
1,logistic,1,0.6608149285058995,4,21,uncalibrated
1,logistic,1,0.572465556363532,5,21,uncalibrated
0,logistic,1,0.2690882721688994,6,21,uncalibrated
0,logistic,1,0.27013143756111835,7,21,uncalibrated
0,logistic,1,0.22125533968803343,8,21,uncalibrated
0,logistic,1,0.17703984862456856,9,21,uncalibrated
0,logistic,1,0.12269377455343951,10,21,uncalibrated
0,logistic,1,0.09217384966080373,11,21,uncalibrated
0,logistic,1,0.025385871707091005,12,21,uncalibrated
0,logistic,1,0.017322958927352725,13,21,uncalibrated
0,logistic,1,0.01257071049437693,14,21,uncalibrated
0,logistic,1,0.010465633360115755,15,21,uncalibrated
0,logistic,1,0.1104885305885467,1,28,uncalibrated
0,logistic,1,0.03985648677189292,2,28,uncalibrated
0,logistic,1,0.013622649443140138,3,28,uncalibrated
0,logistic,1,0.004603267535303821,4,28,uncalibrated
0,logistic,1,0.0015490439002161965,5,28,uncalibrated
0,logistic,1,0.0005194658520184844,6,28,uncalibrated
0,logistic,1,0.0001743307222132243,7,28,uncalibrated
0,logistic,1,5.8506984594181175e-05,8,28,uncalibrated
0,logistic,1,1.963923515089916e-05,9,28,uncalibrated
0,logistic,1,6.552823918173278e-06,10,28,uncalibrated
0,logistic,1,2.1861995835921093e-06,11,28,uncalibrated
0,logistic,1,7.337558559244988e-07,12,28,uncalibrated
0,logistic,1,2.441659411656421e-07,13,28,uncalibrated
0,logistic,1,1e-07,14,28,uncalibrated
0,logistic,1,1e-07,15,28,uncalibrated
1,logistic,1,0.10487097343084978,1,33,uncalibrated
1,logistic,1,0.5392748187924222,2,33,uncalibrated
1,logistic,1,0.652657960765351,3,33,uncalibrated
1,logistic,1,0.26266792720349263,4,33,uncalibrated
1,logistic,1,0.25839168552337893,5,33,uncalibrated
1,logistic,1,0.08326945272670035,6,33,uncalibrated
1,logistic,1,0.0693089020085937,7,33,uncalibrated
1,logistic,1,0.056273782676711764,8,33,uncalibrated
1,logistic,1,0.11230576289294006,9,33,uncalibrated
1,logistic,1,0.08231060539378607,10,33,uncalibrated
1,logistic,1,0.06572479095211296,11,33,uncalibrated
1,logistic,1,0.04963165761669925,12,33,uncalibrated
1,logistic,1,0.0755269720766003,13,33,uncalibrated
0,logistic,1,0.08743995152863909,14,33,uncalibrated
0,logistic,1,0.08373901413938814,15,33,uncalibrated
0,logistic,1,0.10925554584223143,1,42,uncalibrated
0,logistic,1,0.039464851108614786,2,42,uncalibrated
0,logistic,1,0.013585454489682288,3,42,uncalibrated
0,logistic,1,0.004537370231643161,4,42,uncalibrated
0,logistic,1,0.0015265291662432253,5,42,uncalibrated
0,logistic,1,0.0005121367424501707,6,42,uncalibrated
0,logistic,1,0.0001715785792161494,7,42,uncalibrated
0,logistic,1,5.765535795278503e-05,8,42,uncalibrated
0,logistic,1,1.9327416973414418e-05,9,42,uncalibrated
0,logistic,1,6.474201938150816e-06,10,42,uncalibrated
0,logistic,1,2.16325475355484e-06,11,42,uncalibrated
0,logistic,1,7.226868989852602e-07,12,42,uncalibrated
0,logistic,1,2.4262079859163035e-07,13,42,uncalibrated
0,logistic,1,1e-07,14,42,uncalibrated
0,logistic,1,1e-07,15,42,uncalibrated
0,logistic,1,0.10982243632613627,1,45,uncalibrated
0,logistic,1,0.03940388655607532,2,45,uncalibrated
0,logistic,1,0.013538803075142292,3,45,uncalibrated
0,logistic,1,0.004576306265790165,4,45,uncalibrated
0,logistic,1,0.0015370591255788326,5,45,uncalibrated
0,logistic,1,0.0005125946317183712,6,45,uncalibrated
0,logistic,1,0.00017067597169977196,7,45,uncalibrated
0,logistic,1,5.652731254776455e-05,8,45,uncalibrated
0,logistic,1,1.8413120127604893e-05,9,45,uncalibrated
0,logistic,1,6.114668084136465e-06,10,45,uncalibrated
0,logistic,1,2.0218591579188427e-06,11,45,uncalibrated
0,logistic,1,6.762963107243303e-07,12,45,uncalibrated
0,logistic,1,2.2516635417220493e-07,13,45,uncalibrated
0,logistic,1,1e-07,14,45,uncalibrated
0,logistic,1,1e-07,15,45,uncalibrated
0,logistic,1,0.11093749641526872,1,48,uncalibrated
0,logistic,1,0.04022767366103642,2,48,uncalibrated
0,logistic,1,0.013872379472488422,3,48,uncalibrated
0,logistic,1,0.0043915372534655845,4,48,uncalibrated
0,logistic,1,0.0014806233804018876,5,48,uncalibrated
0,logistic,1,0.0004985885335416605,6,48,uncalibrated
0,logistic,1,0.00015638716471033054,7,48,uncalibrated
0,logistic,1,5.241868204265169e-05,8,48,uncalibrated
0,logistic,1,1.7634858240214656e-05,9,48,uncalibrated
0,logistic,1,5.469749428615537e-05,10,48,uncalibrated
0,logistic,1,1.9881100441835728e-05,11,48,uncalibrated
0,logistic,1,6.380503397495616e-06,12,48,uncalibrated
0,logistic,1,1.7515961838583956e-06,13,48,uncalibrated
0,logistic,1,5.691485019227343e-07,14,48,uncalibrated
0,logistic,1,1.8493438442431967e-07,15,48,uncalibrated
1,logistic,1,0.10671490352220529,1,62,uncalibrated
1,logistic,1,0.5485904733824137,2,62,uncalibrated
1,logistic,1,0.6600993025903552,3,62,uncalibrated
1,logistic,1,0.6198456159092283,4,62,uncalibrated
0,logistic,1,0.26395437707268155,5,62,uncalibrated
1,logistic,1,0.3497398614943446,6,62,uncalibrated
0,logistic,1,0.12301722216021756,7,62,uncalibrated
0,logistic,1,0.12265635534839563,8,62,uncalibrated
0,logistic,1,0.10984346656307419,9,62,uncalibrated
1,logistic,1,0.07892163792564309,10,62,uncalibrated
0,logistic,1,0.01993265543609142,11,62,uncalibrated
0,logistic,1,0.009069581147106771,12,62,uncalibrated
0,logistic,1,0.011492028637506133,13,62,uncalibrated
0,logistic,1,0.009837045705254668,14,62,uncalibrated
0,logistic,1,0.01741626354922443,15,62,uncalibrated
1,logistic,1,0.10722739386667404,1,63,uncalibrated
1,logistic,1,0.5569898583481911,2,63,uncalibrated
0,logistic,1,0.2750936510620003,3,63,uncalibrated
0,logistic,1,0.08931082423528372,4,63,uncalibrated
0,logistic,1,0.022908519701653075,5,63,uncalibrated
0,logistic,1,0.006210883882802242,6,63,uncalibrated
0,logistic,1,0.0017636893734912593,7,63,uncalibrated
0,logistic,1,0.0017518268474609276,8,63,uncalibrated
0,logistic,1,0.0005583145053875744,9,63,uncalibrated
0,logistic,1,0.0001658353722973711,10,63,uncalibrated
0,logistic,1,4.2846413955081885e-05,11,63,uncalibrated
0,logistic,1,1.3082912737623884e-05,12,63,uncalibrated
0,logistic,1,4.020861706959407e-06,13,63,uncalibrated
0,logistic,1,1.2495646145477282e-06,14,63,uncalibrated
0,logistic,1,3.8734009519700684e-07,15,63,uncalibrated
0,logistic,1,0.11004991359915145,1,67,uncalibrated
0,logistic,1,0.564213920800188,2,67,uncalibrated
0,logistic,1,0.395375140024506,3,67,uncalibrated
0,logistic,1,0.10958584885635483,4,67,uncalibrated
0,logistic,1,0.187225866200796,5,67,uncalibrated
0,logistic,1,0.07968604628265635,6,67,uncalibrated
0,logistic,1,0.021800286528841317,7,67,uncalibrated
0,logistic,1,0.005206502611235442,8,67,uncalibrated
0,logistic,1,0.0014979168581527244,9,67,uncalibrated
0,logistic,1,0.0004409813109925819,10,67,uncalibrated
0,logistic,1,0.0009081991379305648,11,67,uncalibrated
0,logistic,1,0.0003210381218209278,12,67,uncalibrated
0,logistic,1,9.660492313152868e-05,13,67,uncalibrated
0,logistic,1,2.51319261188359e-05,14,67,uncalibrated
0,logistic,1,7.775908811704966e-06,15,67,uncalibrated
0,logistic,1,0.10904688223182372,1,72,uncalibrated
0,logistic,1,0.039299103701179054,2,72,uncalibrated
0,logistic,1,0.013494690108702025,3,72,uncalibrated
0,logistic,1,0.0045003660211487,4,72,uncalibrated
0,logistic,1,0.0014963043317511207,5,72,uncalibrated
0,logistic,1,0.0004961438365148653,6,72,uncalibrated
0,logistic,1,0.0001645480902446827,7,72,uncalibrated
0,logistic,1,5.442938222204133e-05,8,72,uncalibrated
0,logistic,1,1.801898260333221e-05,9,72,uncalibrated
0,logistic,1,5.970419733137839e-06,10,72,uncalibrated
0,logistic,1,1.9745152727133536e-06,11,72,uncalibrated
0,logistic,1,6.602829868267212e-07,12,72,uncalibrated
0,logistic,1,2.203859326648667e-07,13,72,uncalibrated
0,logistic,1,1e-07,14,72,uncalibrated
0,logistic,1,1e-07,15,72,uncalibrated
0,logistic,1,0.10879521373629816,1,74,uncalibrated
0,logistic,1,0.03876252489632358,2,74,uncalibrated
0,logistic,1,0.013232974061941127,3,74,uncalibrated
0,logistic,1,0.004437514994161151,4,74,uncalibrated
0,logistic,1,0.0014802268583803942,5,74,uncalibrated
0,logistic,1,0.0004892747761970006,6,74,uncalibrated
0,logistic,1,0.00016119924022866563,7,74,uncalibrated
0,logistic,1,5.3221505064191395e-05,8,74,uncalibrated
0,logistic,1,1.7551487316207453e-05,9,74,uncalibrated
0,logistic,1,5.810839804539651e-06,10,74,uncalibrated
0,logistic,1,1.9300049005981282e-06,11,74,uncalibrated
0,logistic,1,6.357762101972529e-07,12,74,uncalibrated
0,logistic,1,2.1120293285319687e-07,13,74,uncalibrated
0,logistic,1,1e-07,14,74,uncalibrated
0,logistic,1,1e-07,15,74,uncalibrated
0,logistic,1,0.10929906149666441,1,76,uncalibrated
0,logistic,1,0.03958025323334111,2,76,uncalibrated
0,logistic,1,0.013645495970586159,3,76,uncalibrated
0,logistic,1,0.004625032666019662,4,76,uncalibrated
0,logistic,1,0.0015597289230080053,5,76,uncalibrated
0,logistic,1,0.0005249727506070663,6,76,uncalibrated
0,logistic,1,0.00017758680517989333,7,76,uncalibrated
0,logistic,1,5.980272032595504e-05,8,76,uncalibrated
0,logistic,1,2.0156930318608687e-05,9,76,uncalibrated
0,logistic,1,6.779900325919898e-06,10,76,uncalibrated
0,logistic,1,2.2790116563527537e-06,11,76,uncalibrated
0,logistic,1,7.666867748625668e-07,12,76,uncalibrated
0,logistic,1,2.581299797845711e-07,13,76,uncalibrated
0,logistic,1,1e-07,14,76,uncalibrated
0,logistic,1,1e-07,15,76,uncalibrated
0,logistic,1,0.1065700905433438,1,80,uncalibrated
0,logistic,1,0.03713387012077862,2,80,uncalibrated
0,logistic,1,0.012269902540683778,3,80,uncalibrated
0,logistic,1,0.003992815894707562,4,80,uncalibrated
0,logistic,1,0.0012702837340789672,5,80,uncalibrated
0,logistic,1,0.004981845687265138,6,80,uncalibrated
0,logistic,1,0.015259635618354726,7,80,uncalibrated
0,logistic,1,0.005438439271048085,8,80,uncalibrated
0,logistic,1,0.0012797439932819693,9,80,uncalibrated
0,logistic,1,0.0021723491608580284,10,80,uncalibrated
0,logistic,1,0.004892579648872861,11,80,uncalibrated
0,logistic,1,0.0016407198773490854,12,80,uncalibrated
0,logistic,1,0.00039536112203866384,13,80,uncalibrated
0,logistic,1,9.548098293345508e-05,14,80,uncalibrated
0,logistic,1,2.7991144174511783e-05,15,80,uncalibrated
0,logistic,1,0.10459431013085553,1,88,uncalibrated
0,logistic,1,0.03565095159255707,2,88,uncalibrated
0,logistic,1,0.036226301523902694,3,88,uncalibrated
0,logistic,1,0.010768913256553467,4,88,uncalibrated
0,logistic,1,0.05355424751414675,5,88,uncalibrated
0,logistic,1,0.01944046360806972,6,88,uncalibrated
0,logistic,1,0.0048909851598172354,7,88,uncalibrated
0,logistic,1,0.0011101475429065289,8,88,uncalibrated
0,logistic,1,0.00030616202928129144,9,88,uncalibrated
0,logistic,1,0.0006894009802950107,10,88,uncalibrated
0,logistic,1,0.0007719306473881324,11,88,uncalibrated
0,logistic,1,0.0007423903067380366,12,88,uncalibrated
0,logistic,1,0.000190796691863129,13,88,uncalibrated
0,logistic,1,0.00012115877417540267,14,88,uncalibrated
0,logistic,1,2.767349309660111e-05,15,88,uncalibrated
0,logistic,1,0.110770048314804,1,90,uncalibrated
0,logistic,1,0.03999014625668664,2,90,uncalibrated
0,logistic,1,0.013801614126084726,3,90,uncalibrated
0,logistic,1,0.004680935999875277,4,90,uncalibrated
0,logistic,1,0.0015762463409611902,5,90,uncalibrated
0,logistic,1,0.006419637621336588,6,90,uncalibrated
0,logistic,1,0.002491926645416449,7,90,uncalibrated
0,logistic,1,0.0007517058405573786,8,90,uncalibrated
0,logistic,1,0.0001971856211523992,9,90,uncalibrated
0,logistic,1,6.177304794790031e-05,10,90,uncalibrated
0,logistic,1,1.9679440202611104e-05,11,90,uncalibrated
0,logistic,1,6.316347822694674e-06,12,90,uncalibrated
0,logistic,1,1.4583535149107429e-05,13,90,uncalibrated
0,logistic,1,5.152396166965279e-06,14,90,uncalibrated
0,logistic,1,1.07438756214545e-05,15,90,uncalibrated
0,logistic,1,0.1102339465803513,1,102,uncalibrated
0,logistic,1,0.03974031257302981,2,102,uncalibrated
0,logistic,1,0.013596242694543039,3,102,uncalibrated
0,logistic,1,0.004575084495310016,4,102,uncalibrated
0,logistic,1,0.0015326742600449542,5,102,uncalibrated
0,logistic,1,0.0005125030211421943,6,102,uncalibrated
0,logistic,1,0.00017099669332049674,7,102,uncalibrated
0,logistic,1,5.7137059713994185e-05,8,102,uncalibrated
0,logistic,1,1.9090404608007646e-05,9,102,uncalibrated
0,logistic,1,6.369129373564972e-06,10,102,uncalibrated
0,logistic,1,2.130049923936291e-06,11,102,uncalibrated
0,logistic,1,7.105767280743184e-07,12,102,uncalibrated
0,logistic,1,2.371515269892048e-07,13,102,uncalibrated
0,logistic,1,1e-07,14,102,uncalibrated
0,logistic,1,1e-07,15,102,uncalibrated
1,logistic,1,0.7278678837357274,1,103,uncalibrated
1,logistic,1,0.40266728388350903,2,103,uncalibrated
1,logistic,1,0.11933255914341741,3,103,uncalibrated
1,logistic,1,0.03326552328741061,4,103,uncalibrated
1,logistic,1,0.17654052247473304,5,103,uncalibrated
1,logistic,1,0.21381845780092862,6,103,uncalibrated
1,logistic,1,0.199100268270689,7,103,uncalibrated
1,logistic,1,0.14888766678667795,8,103,uncalibrated
1,logistic,1,0.23964636294121,9,103,uncalibrated
1,logistic,1,0.22991362724466888,10,103,uncalibrated
1,logistic,1,0.16903489360280058,11,103,uncalibrated
1,logistic,1,0.12415581645360217,12,103,uncalibrated
0,logistic,1,0.15516195610549996,13,103,uncalibrated
0,logistic,1,0.15084744413975015,14,103,uncalibrated
0,logistic,1,0.07684269525744153,15,103,uncalibrated
0,logistic,1,0.10837113940427857,1,107,uncalibrated
0,logistic,1,0.5634223093205772,2,107,uncalibrated
0,logistic,1,0.39279176051168296,3,107,uncalibrated
0,logistic,1,0.10805109522622332,4,107,uncalibrated
0,logistic,1,0.024039423340745342,5,107,uncalibrated
0,logistic,1,0.0065817786973070185,6,107,uncalibrated
0,logistic,1,0.0018859336360576475,7,107,uncalibrated
0,logistic,1,0.0005603395020249222,8,107,uncalibrated
0,logistic,1,0.00017203977398571414,9,107,uncalibrated
0,logistic,1,5.3143344931874725e-05,10,107,uncalibrated
0,logistic,1,1.6595895804499175e-05,11,107,uncalibrated
0,logistic,1,5.230358350232992e-06,12,107,uncalibrated
0,logistic,1,1.6558036662628475e-06,13,107,uncalibrated
0,logistic,1,5.262704352802779e-07,14,107,uncalibrated
0,logistic,1,1.691920871476395e-07,15,107,uncalibrated
1,logistic,1,0.7278678837357274,1,109,uncalibrated
1,logistic,1,0.6636995375224344,2,109,uncalibrated
1,logistic,1,0.5928638713398907,3,109,uncalibrated
1,logistic,1,0.5179447597531608,4,109,uncalibrated
0,logistic,1,0.29000324997513477,5,109,uncalibrated
0,logistic,1,0.0644543586540285,6,109,uncalibrated
0,logistic,1,0.37573798442406975,7,109,uncalibrated
0,logistic,1,0.5027298345222451,8,109,uncalibrated
0,logistic,1,0.40020709545757627,9,109,uncalibrated
0,logistic,1,0.312029738389761,10,109,uncalibrated
0,logistic,1,0.09818212158277907,11,109,uncalibrated
0,logistic,1,0.0543760696084431,12,109,uncalibrated
0,logistic,1,0.09028991354035665,13,109,uncalibrated
0,logistic,1,0.09170653073761352,14,109,uncalibrated
0,logistic,1,0.06470507440222889,15,109,uncalibrated
0,logistic,1,0.10998862913009799,1,117,uncalibrated
0,logistic,1,0.03952251178374668,2,117,uncalibrated
0,logistic,1,0.013473281035615424,3,117,uncalibrated
0,logistic,1,0.004526881923999799,4,117,uncalibrated
0,logistic,1,0.00151080168410074,5,117,uncalibrated
0,logistic,1,0.000503964290546919,6,117,uncalibrated
0,logistic,1,0.00016781640720960007,7,117,uncalibrated
0,logistic,1,5.601414604721868e-05,8,117,uncalibrated
0,logistic,1,1.8661736205300515e-05,9,117,uncalibrated
0,logistic,1,6.210543048339314e-06,10,117,uncalibrated
0,logistic,1,2.070893649287811e-06,11,117,uncalibrated
0,logistic,1,6.902249579887499e-07,12,117,uncalibrated
0,logistic,1,2.3017391920476477e-07,13,117,uncalibrated
0,logistic,1,1e-07,14,117,uncalibrated
0,logistic,1,1e-07,15,117,uncalibrated
1,logistic,1,0.7278678837357274,1,118,uncalibrated
0,logistic,1,0.40870344121094615,2,118,uncalibrated
0,logistic,1,0.04196892911058361,3,118,uncalibrated
0,logistic,1,0.03453632211596635,4,118,uncalibrated
0,logistic,1,0.010020446419792668,5,118,uncalibrated
0,logistic,1,0.0029861738170646984,6,118,uncalibrated
0,logistic,1,0.0008973717761895867,7,118,uncalibrated
0,logistic,1,0.0002766949715854453,8,118,uncalibrated
0,logistic,1,8.54912629441071e-05,9,118,uncalibrated
0,logistic,1,2.682926763275979e-05,10,118,uncalibrated
0,logistic,1,8.374633804071156e-06,11,118,uncalibrated
0,logistic,1,6.007478468176605e-06,12,118,uncalibrated
0,logistic,1,4.250357644038248e-06,13,118,uncalibrated
0,logistic,1,4.788848719116044e-06,14,118,uncalibrated
0,logistic,1,3.322680625238608e-06,15,118,uncalibrated
0,logistic,1,0.11106102095036516,1,128,uncalibrated
0,logistic,1,0.04050823501978632,2,128,uncalibrated
0,logistic,1,0.014029819568352867,3,128,uncalibrated
0,logistic,1,0.004774331883416858,4,128,uncalibrated
0,logistic,1,0.0016147003745591386,5,128,uncalibrated
0,logistic,1,0.0005449052021314119,6,128,uncalibrated
0,logistic,1,0.00018416723673666166,7,128,uncalibrated
0,logistic,1,6.200787587151081e-05,8,128,uncalibrated
0,logistic,1,2.0818161882290843e-05,9,128,uncalibrated
0,logistic,1,6.527678287432057e-06,10,128,uncalibrated
0,logistic,1,2.2028782838247194e-06,11,128,uncalibrated
0,logistic,1,7.435967993768412e-07,12,128,uncalibrated
0,logistic,1,2.504007608875988e-07,13,128,uncalibrated
0,logistic,1,1e-07,14,128,uncalibrated
0,logistic,1,1e-07,15,128,uncalibrated
0,logistic,1,0.11019887190425366,1,141,uncalibrated
0,logistic,1,0.03980861096643122,2,141,uncalibrated
0,logistic,1,0.013690095067110159,3,141,uncalibrated
0,logistic,1,0.0045999911003048195,4,141,uncalibrated
0,logistic,1,0.001543384322811804,5,141,uncalibrated
0,logistic,1,0.0005237075717376823,6,141,uncalibrated
0,logistic,1,0.00017451784014950778,7,141,uncalibrated
0,logistic,1,5.8575027223927886e-05,8,141,uncalibrated
0,logistic,1,1.9473123710139526e-05,9,141,uncalibrated
0,logistic,1,6.571012230394218e-06,10,141,uncalibrated
0,logistic,1,2.2066238297742056e-06,11,141,uncalibrated
0,logistic,1,7.352663838891097e-07,12,141,uncalibrated
0,logistic,1,2.4903873748178105e-07,13,141,uncalibrated
0,logistic,1,1e-07,14,141,uncalibrated
0,logistic,1,1e-07,15,141,uncalibrated
0,logistic,1,0.1078194338212462,1,143,uncalibrated
0,logistic,1,0.037165853099006926,2,143,uncalibrated
0,logistic,1,0.01220397643513164,3,143,uncalibrated
0,logistic,1,0.00399068294567597,4,143,uncalibrated
0,logistic,1,0.0013020969063578045,5,143,uncalibrated
0,logistic,1,0.0004160855204394664,6,143,uncalibrated
0,logistic,1,0.0001313328940651583,7,143,uncalibrated
0,logistic,1,4.2728814912619645e-05,8,143,uncalibrated
0,logistic,1,1.3827739016802935e-05,9,143,uncalibrated
0,logistic,1,4.465999962263484e-06,10,143,uncalibrated
0,logistic,1,1.4480784795937526e-06,11,143,uncalibrated
0,logistic,1,4.696993131094516e-07,12,143,uncalibrated
0,logistic,1,1.5180783706662014e-07,13,143,uncalibrated
0,logistic,1,1e-07,14,143,uncalibrated
0,logistic,1,1e-07,15,143,uncalibrated
0,logistic,1,0.11036556373639961,1,148,uncalibrated
0,logistic,1,0.03982912241514018,2,148,uncalibrated
0,logistic,1,0.01372031093554165,3,148,uncalibrated
0,logistic,1,0.004629562777094295,4,148,uncalibrated
0,logistic,1,0.001456238460696372,5,148,uncalibrated
0,logistic,1,0.0004890561932183076,6,148,uncalibrated
0,logistic,1,0.00016322946546556025,7,148,uncalibrated
0,logistic,1,5.469280621126598e-05,8,148,uncalibrated
0,logistic,1,1.8347383709500214e-05,9,148,uncalibrated
0,logistic,1,5.752938987424838e-06,10,148,uncalibrated
0,logistic,1,1.9306952965898503e-06,11,148,uncalibrated
0,logistic,1,6.478268480365197e-07,12,148,uncalibrated
0,logistic,1,2.1731378752450864e-07,13,148,uncalibrated
0,logistic,1,1e-07,14,148,uncalibrated
0,logistic,1,1e-07,15,148,uncalibrated
0,logistic,1,0.10645096277712364,1,149,uncalibrated
0,logistic,1,0.03673630916845446,2,149,uncalibrated
0,logistic,1,0.012229872727255675,3,149,uncalibrated
0,logistic,1,0.00399068294567597,4,149,uncalibrated
0,logistic,1,0.003406729633547756,5,149,uncalibrated
0,logistic,1,0.0010496310311574688,6,149,uncalibrated
0,logistic,1,0.00032975512447167173,7,149,uncalibrated
0,logistic,1,0.000104471578019437,8,149,uncalibrated
0,logistic,1,7.786216588025073e-05,9,149,uncalibrated
0,logistic,1,2.4278143335799688e-05,10,149,uncalibrated
0,logistic,1,1.7520265768173248e-05,11,149,uncalibrated
0,logistic,1,5.468896844794357e-06,12,149,uncalibrated
0,logistic,1,1.7260313532017988e-06,13,149,uncalibrated
0,logistic,1,5.295926777692135e-07,14,149,uncalibrated
0,logistic,1,1.6737911045859095e-07,15,149,uncalibrated
1,logistic,1,0.7278678837357274,1,150,uncalibrated
1,logistic,1,0.6636995375224344,2,150,uncalibrated
0,logistic,1,0.38144717825756363,3,150,uncalibrated
0,logistic,1,0.09998072740005559,4,150,uncalibrated
0,logistic,1,0.07218756336680206,5,150,uncalibrated
0,logistic,1,0.020368344205936594,6,150,uncalibrated
0,logistic,1,0.014309059898182602,7,150,uncalibrated
0,logistic,1,0.009879486540210604,8,150,uncalibrated
0,logistic,1,0.07428381036718312,9,150,uncalibrated
0,logistic,1,0.08779191464084238,10,150,uncalibrated
0,logistic,1,0.06645060712045003,11,150,uncalibrated
0,logistic,1,0.014169575000588902,12,150,uncalibrated
0,logistic,1,0.009439901553430111,13,150,uncalibrated
0,logistic,1,0.0067587605897836585,14,150,uncalibrated
0,logistic,1,0.006386326363951288,15,150,uncalibrated
0,logistic,1,0.1108669649661119,1,167,uncalibrated
0,logistic,1,0.040345212719610425,2,167,uncalibrated
0,logistic,1,0.013977966338322375,3,167,uncalibrated
0,logistic,1,0.004755251608744206,4,167,uncalibrated
0,logistic,1,0.0016083705078438358,5,167,uncalibrated
0,logistic,1,0.0005426698124123875,6,167,uncalibrated
0,logistic,1,0.00018292021284442353,7,167,uncalibrated
0,logistic,1,6.164304949469382e-05,8,167,uncalibrated
0,logistic,1,2.0788401003631557e-05,9,167,uncalibrated
0,logistic,1,7.007323033281914e-06,10,167,uncalibrated
0,logistic,1,2.3617851754540017e-06,11,167,uncalibrated
0,logistic,1,7.960261014546992e-07,12,167,uncalibrated
0,logistic,1,2.682957379134104e-07,13,167,uncalibrated
0,logistic,1,1e-07,14,167,uncalibrated
0,logistic,1,1e-07,15,167,uncalibrated
0,logistic,1,0.10632345606798903,1,173,uncalibrated
0,logistic,1,0.03673947335246774,2,173,uncalibrated
0,logistic,1,0.012079572519745336,3,173,uncalibrated
0,logistic,1,0.003917089281091041,4,173,uncalibrated
0,logistic,1,0.0012558464625801494,5,173,uncalibrated
0,logistic,1,0.00039740303809245075,6,173,uncalibrated
0,logistic,1,0.00012752622707127008,7,173,uncalibrated
0,logistic,1,4.088993392419814e-05,8,173,uncalibrated
0,logistic,1,1.305517424361833e-05,9,173,uncalibrated
0,logistic,1,4.184555175403966e-06,10,173,uncalibrated
0,logistic,1,1.3447434178024647e-06,11,173,uncalibrated
0,logistic,1,4.333824648937167e-07,12,173,uncalibrated
0,logistic,1,1.3899720236976218e-07,13,173,uncalibrated
0,logistic,1,1e-07,14,173,uncalibrated
0,logistic,1,1e-07,15,173,uncalibrated
0,logistic,1,0.11106102095036516,1,177,uncalibrated
0,logistic,1,0.040407572401437636,2,177,uncalibrated
0,logistic,1,0.013980431250118861,3,177,uncalibrated
0,logistic,1,0.004627091260191928,4,177,uncalibrated
0,logistic,1,0.0015657278730191512,5,177,uncalibrated
0,logistic,1,0.0005271352802472591,6,177,uncalibrated
0,logistic,1,0.001951872707354852,7,177,uncalibrated
0,logistic,1,0.0007174516203475968,8,177,uncalibrated
0,logistic,1,0.0007127459563404796,9,177,uncalibrated
0,logistic,1,0.0013990460723765136,10,177,uncalibrated
0,logistic,1,0.0005038968553013758,11,177,uncalibrated
0,logistic,1,0.00013046469999472958,12,177,uncalibrated
0,logistic,1,0.0002238906478094547,13,177,uncalibrated
0,logistic,1,0.000495632114968246,14,177,uncalibrated
0,logistic,1,0.00017246338779216462,15,177,uncalibrated
0,logistic,1,0.10654455328472404,1,179,uncalibrated
0,logistic,1,0.13116761286628073,2,179,uncalibrated
0,logistic,1,0.10974773226021538,3,179,uncalibrated
0,logistic,1,0.03086742011671256,4,179,uncalibrated
0,logistic,1,0.16261482562701252,5,179,uncalibrated
0,logistic,1,0.06563482054243831,6,179,uncalibrated
0,logistic,1,0.1219425922287521,7,179,uncalibrated
0,logistic,1,0.03898759261942284,8,179,uncalibrated
0,logistic,1,0.009574322453788945,9,179,uncalibrated
0,logistic,1,0.0021011485986226794,10,179,uncalibrated
0,logistic,1,0.0005695067082369981,11,179,uncalibrated
0,logistic,1,0.00015630834955564536,12,179,uncalibrated
0,logistic,1,0.00010730594653851692,13,179,uncalibrated
0,logistic,1,3.1733217710202306e-05,14,179,uncalibrated
0,logistic,1,9.178995466422671e-06,15,179,uncalibrated
0,logistic,1,0.11067320583961426,1,181,uncalibrated
0,logistic,1,0.03972666638005587,2,181,uncalibrated
0,logistic,1,0.013617844456895727,3,181,uncalibrated
0,logistic,1,0.004571014271519713,4,181,uncalibrated
0,logistic,1,0.001536921909122721,5,181,uncalibrated
0,logistic,1,0.0005120452136657393,6,181,uncalibrated
0,logistic,1,0.00016962640069658575,7,181,uncalibrated
0,logistic,1,5.6019154410660494e-05,8,181,uncalibrated
0,logistic,1,1.8804105794574352e-05,9,181,uncalibrated
0,logistic,1,6.205547332925602e-06,10,181,uncalibrated
0,logistic,1,2.0566848789987583e-06,11,181,uncalibrated
0,logistic,1,6.858570453698442e-07,12,181,uncalibrated
0,logistic,1,2.2849247768907966e-07,13,181,uncalibrated
0,logistic,1,1e-07,14,181,uncalibrated
0,logistic,1,1e-07,15,181,uncalibrated
0,logistic,1,0.10984866265224796,1,195,uncalibrated
0,logistic,1,0.03943097075495986,2,195,uncalibrated
0,logistic,1,0.013466152125315161,3,195,uncalibrated
0,logistic,1,0.0045563912881275434,4,195,uncalibrated
0,logistic,1,0.0015246223811920961,5,195,uncalibrated
0,logistic,1,0.0005107655260642073,6,195,uncalibrated
0,logistic,1,0.00017093555706569112,7,195,uncalibrated
0,logistic,1,5.710131117849081e-05,8,195,uncalibrated
0,logistic,1,1.909552601599458e-05,9,195,uncalibrated
0,logistic,1,6.3759668302793944e-06,10,195,uncalibrated
0,logistic,1,1.9992085688243867e-06,11,195,uncalibrated
0,logistic,1,6.65677376128922e-07,12,195,uncalibrated
0,logistic,1,2.2046476864332188e-07,13,195,uncalibrated
0,logistic,1,1e-07,14,195,uncalibrated
0,logistic,1,1e-07,15,195,uncalibrated
0,logistic,1,0.10894268163616104,1,209,uncalibrated
0,logistic,1,0.039380202517511544,2,209,uncalibrated
0,logistic,1,0.01338207533997053,3,209,uncalibrated
0,logistic,1,0.004410734883296867,4,209,uncalibrated
0,logistic,1,0.0014606657706688678,5,209,uncalibrated
0,logistic,1,0.00048813921003590594,6,209,uncalibrated
0,logistic,1,0.00015996464015493827,7,209,uncalibrated
0,logistic,1,5.26111890001886e-05,8,209,uncalibrated
0,logistic,1,1.7214228914968488e-05,9,209,uncalibrated
0,logistic,1,5.683405925596522e-06,10,209,uncalibrated
0,logistic,1,1.6644903680154963e-05,11,209,uncalibrated
0,logistic,1,5.933674650081072e-06,12,209,uncalibrated
0,logistic,1,1.8806420642155224e-06,13,209,uncalibrated
0,logistic,1,5.121123921313459e-07,14,209,uncalibrated
0,logistic,1,1.6371555842554442e-07,15,209,uncalibrated
0,logistic,1,0.11031290036352842,1,211,uncalibrated
0,logistic,1,0.03991469587404648,2,211,uncalibrated
0,logistic,1,0.013796746898287917,3,211,uncalibrated
0,logistic,1,0.004649796077249379,4,211,uncalibrated
0,logistic,1,0.0015604252945750116,5,211,uncalibrated
0,logistic,1,0.0005224921316907243,6,211,uncalibrated
0,logistic,1,0.00017470515889379373,7,211,uncalibrated
0,logistic,1,5.85697903673873e-05,8,211,uncalibrated
0,logistic,1,1.9621683218607192e-05,9,211,uncalibrated
0,logistic,1,6.557512850927952e-06,10,211,uncalibrated
0,logistic,1,2.210178116117751e-06,11,211,uncalibrated
0,logistic,1,7.406770950176489e-07,12,211,uncalibrated
0,logistic,1,2.476619773234528e-07,13,211,uncalibrated
0,logistic,1,1e-07,14,211,uncalibrated
0,logistic,1,1e-07,15,211,uncalibrated
0,logistic,1,0.10915986490408436,1,221,uncalibrated
0,logistic,1,0.03865937891243305,2,221,uncalibrated
0,logistic,1,0.013024453341557869,3,221,uncalibrated
0,logistic,1,0.004288000374650039,4,221,uncalibrated
0,logistic,1,0.0014148416467711607,5,221,uncalibrated
0,logistic,1,0.00046439322608460694,6,221,uncalibrated
0,logistic,1,0.0001520853767438289,7,221,uncalibrated
0,logistic,1,5.010453679477619e-05,8,221,uncalibrated
0,logistic,1,1.6323823147999665e-05,9,221,uncalibrated
0,logistic,1,5.350536932741573e-06,10,221,uncalibrated
0,logistic,1,1.7331807676079e-06,11,221,uncalibrated
0,logistic,1,5.684429819695253e-07,12,221,uncalibrated
0,logistic,1,1.8710392065328465e-07,13,221,uncalibrated
0,logistic,1,1e-07,14,221,uncalibrated
0,logistic,1,1e-07,15,221,uncalibrated
1,logistic,1,0.10850080362561985,1,222,uncalibrated
1,logistic,1,0.5608914037868453,2,222,uncalibrated
0,logistic,1,0.27975375774277983,3,222,uncalibrated
0,logistic,1,0.09203842001262069,4,222,uncalibrated
0,logistic,1,0.023743608463419833,5,222,uncalibrated
0,logistic,1,0.006498202025310124,6,222,uncalibrated
0,logistic,1,0.006583508010761785,7,222,uncalibrated
0,logistic,1,0.0021253088342649286,8,222,uncalibrated
0,logistic,1,0.0006137304758274726,9,222,uncalibrated
0,logistic,1,0.0004899126305053883,10,222,uncalibrated
0,logistic,1,0.00015616277603509656,11,222,uncalibrated
0,logistic,1,0.00014804840360544883,12,222,uncalibrated
0,logistic,1,4.012114496956513e-05,13,222,uncalibrated
0,logistic,1,3.736191447573728e-05,14,222,uncalibrated
0,logistic,1,6.766273352061227e-05,15,222,uncalibrated
0,logistic,1,0.11032167606335436,1,225,uncalibrated
0,logistic,1,0.0399592636846731,2,225,uncalibrated
0,logistic,1,0.01349945223527823,3,225,uncalibrated
0,logistic,1,0.004546668511872871,4,225,uncalibrated
0,logistic,1,0.001531169848926984,5,225,uncalibrated
0,logistic,1,0.000514614210450753,6,225,uncalibrated
0,logistic,1,0.00017273285436020139,7,225,uncalibrated
0,logistic,1,5.706048309455348e-05,8,225,uncalibrated
0,logistic,1,1.9143392125806377e-05,9,225,uncalibrated
0,logistic,1,6.418867548331325e-06,10,225,uncalibrated
0,logistic,1,2.155146191593525e-06,11,225,uncalibrated
0,logistic,1,7.049445439669108e-07,12,225,uncalibrated
0,logistic,1,2.3550332703700767e-07,13,225,uncalibrated
0,logistic,1,1e-07,14,225,uncalibrated
0,logistic,1,1e-07,15,225,uncalibrated
0,logistic,1,0.11025148758588924,1,227,uncalibrated
0,logistic,1,0.0399078435176708,2,227,uncalibrated
0,logistic,1,0.013768793165096268,3,227,uncalibrated
0,logistic,1,0.004661812322531189,4,227,uncalibrated
0,logistic,1,0.0015738559884075326,5,227,uncalibrated
0,logistic,1,0.0005314395916984828,6,227,uncalibrated
0,logistic,1,0.00017839832102438085,7,227,uncalibrated
0,logistic,1,5.989368588474445e-05,8,227,uncalibrated
0,logistic,1,2.0187592121764674e-05,9,227,uncalibrated
0,logistic,1,6.801759061995633e-06,10,227,uncalibrated
0,logistic,1,2.2851330801360124e-06,11,227,uncalibrated
0,logistic,1,7.681277210470158e-07,12,227,uncalibrated
0,logistic,1,2.5783011025633907e-07,13,227,uncalibrated
0,logistic,1,1e-07,14,227,uncalibrated
0,logistic,1,1e-07,15,227,uncalibrated
1,logistic,1,0.10394294005978433,1,228,uncalibrated
1,logistic,1,0.538386076885504,2,228,uncalibrated
1,logistic,1,0.7370578819244807,3,228,uncalibrated
0,logistic,1,0.2545048395769692,4,228,uncalibrated
0,logistic,1,0.24210658336536328,5,228,uncalibrated
0,logistic,1,0.17172279169949342,6,228,uncalibrated
0,logistic,1,0.19383728721329987,7,228,uncalibrated
0,logistic,1,0.14466016105884996,8,228,uncalibrated
0,logistic,1,0.11369914800765997,9,228,uncalibrated
0,logistic,1,0.024789507728829846,10,228,uncalibrated
0,logistic,1,0.011852515085237042,11,228,uncalibrated
0,logistic,1,0.008200217292132574,12,228,uncalibrated
0,logistic,1,0.009022573311506295,13,228,uncalibrated
0,logistic,1,0.0014769861053094708,14,228,uncalibrated
0,logistic,1,0.0009154392001355342,15,228,uncalibrated
1,logistic,1,0.10912509006906078,1,236,uncalibrated
1,logistic,1,0.5611336295847923,2,236,uncalibrated
1,logistic,1,0.7544798529509662,3,236,uncalibrated
1,logistic,1,0.7609818442771608,4,236,uncalibrated
1,logistic,1,0.6359615559361085,5,236,uncalibrated
1,logistic,1,0.5357264834038508,6,236,uncalibrated
1,logistic,1,0.442764292622943,7,236,uncalibrated
1,logistic,1,0.36443853138751925,8,236,uncalibrated
0,logistic,1,0.23306580087376152,9,236,uncalibrated
0,logistic,1,0.32197574252692635,10,236,uncalibrated
0,logistic,1,0.3911774666293777,11,236,uncalibrated
0,logistic,1,0.28762921308910533,12,236,uncalibrated
1,logistic,1,0.15511934204608926,13,236,uncalibrated
0,logistic,1,0.04961396749379839,14,236,uncalibrated
0,logistic,1,0.04612419587871116,15,236,uncalibrated
0,logistic,1,0.10850945275003393,1,251,uncalibrated
0,logistic,1,0.03838780966698933,2,251,uncalibrated
0,logistic,1,0.012362353644674784,3,251,uncalibrated
0,logistic,1,0.00410750199368811,4,251,uncalibrated
0,logistic,1,0.0013124864177795114,5,251,uncalibrated
0,logistic,1,0.00043285153984563135,6,251,uncalibrated
0,logistic,1,0.00014162602605809741,7,251,uncalibrated
0,logistic,1,4.441150060209997e-05,8,251,uncalibrated
0,logistic,1,1.4685359825723067e-05,9,251,uncalibrated
0,logistic,1,4.916135623925248e-06,10,251,uncalibrated
0,logistic,1,1.624246850807546e-06,11,251,uncalibrated
0,logistic,1,5.092870958522345e-07,12,251,uncalibrated
0,logistic,1,1.7059632148752157e-07,13,251,uncalibrated
0,logistic,1,1e-07,14,251,uncalibrated
0,logistic,1,1e-07,15,251,uncalibrated
0,logistic,1,0.11066440565506315,1,253,uncalibrated
0,logistic,1,0.04011734841373299,2,253,uncalibrated
0,logistic,1,0.013915255644913317,3,253,uncalibrated
0,logistic,1,0.004733719024026622,4,253,uncalibrated
0,logistic,1,0.001603066845045898,5,253,uncalibrated
0,logistic,1,0.0005392375143684485,6,253,uncalibrated
0,logistic,1,0.0001813246618787939,7,253,uncalibrated
0,logistic,1,6.099067169109627e-05,8,253,uncalibrated
0,logistic,1,2.055735392829881e-05,9,253,uncalibrated
0,logistic,1,6.928201918679845e-06,10,253,uncalibrated
0,logistic,1,2.3290705726716034e-06,11,253,uncalibrated
0,logistic,1,7.861939449202836e-07,12,253,uncalibrated
0,logistic,1,2.645320840340818e-07,13,253,uncalibrated
0,logistic,1,1e-07,14,253,uncalibrated
0,logistic,1,1e-07,15,253,uncalibrated
0,logistic,1,0.10832794825570297,1,254,uncalibrated
0,logistic,1,0.038765856579484184,2,254,uncalibrated
0,logistic,1,0.013215472255494113,3,254,uncalibrated
0,logistic,1,0.004409949673522002,4,254,uncalibrated
0,logistic,1,0.0014678560693976487,5,254,uncalibrated
0,logistic,1,0.00048748527438556804,6,254,uncalibrated
0,logistic,1,0.0001619503597386534,7,254,uncalibrated
0,logistic,1,5.35412791354962e-05,8,254,uncalibrated
0,logistic,1,1.769962429878932e-05,9,254,uncalibrated
0,logistic,1,5.880880186397407e-06,10,254,uncalibrated
0,logistic,1,1.9544910346843624e-06,11,254,uncalibrated
0,logistic,1,6.501479731451919e-07,12,254,uncalibrated
0,logistic,1,2.1472559913157454e-07,13,254,uncalibrated
0,logistic,1,1e-07,14,254,uncalibrated
0,logistic,1,1e-07,15,254,uncalibrated
0,logistic,1,0.10957792187904335,1,257,uncalibrated
0,logistic,1,0.039481801751896035,2,257,uncalibrated
0,logistic,1,0.013469716115278571,3,257,uncalibrated
0,logistic,1,0.00452728487382772,4,257,uncalibrated
0,logistic,1,0.0015148535583774947,5,257,uncalibrated
0,logistic,1,0.000505407584125229,6,257,uncalibrated
0,logistic,1,0.0001691267156032711,7,257,uncalibrated
0,logistic,1,5.613447043956441e-05,8,257,uncalibrated
0,logistic,1,1.853535402389444e-05,9,257,uncalibrated
0,logistic,1,6.1321885112952705e-06,10,257,uncalibrated
0,logistic,1,2.0334623165806277e-06,11,257,uncalibrated
0,logistic,1,6.735806291340533e-07,12,257,uncalibrated
0,logistic,1,2.2558954234445027e-07,13,257,uncalibrated
0,logistic,1,1e-07,14,257,uncalibrated
0,logistic,1,1e-07,15,257,uncalibrated
0,logistic,1,0.1076475328849576,1,260,uncalibrated
0,logistic,1,0.037885990681572626,2,260,uncalibrated
0,logistic,1,0.012594833452845814,3,260,uncalibrated
0,logistic,1,0.004128035356968558,4,260,uncalibrated
0,logistic,1,0.001353911458911351,5,260,uncalibrated
0,logistic,1,0.00044326526107089264,6,260,uncalibrated
0,logistic,1,0.0001442584539168696,7,260,uncalibrated
0,logistic,1,4.687580887017494e-05,8,260,uncalibrated
0,logistic,1,1.5145421274213845e-05,9,260,uncalibrated
0,logistic,1,4.9545270517889965e-06,10,260,uncalibrated
0,logistic,1,1.6145455727965698e-06,11,260,uncalibrated
0,logistic,1,5.265588545387586e-07,12,260,uncalibrated
0,logistic,1,1.707947337011287e-07,13,260,uncalibrated
0,logistic,1,1e-07,14,260,uncalibrated
0,logistic,1,1e-07,15,260,uncalibrated
0,logistic,1,0.10919464946250364,1,261,uncalibrated
0,logistic,1,0.03916429485340794,2,261,uncalibrated
0,logistic,1,0.013428194060311788,3,261,uncalibrated
0,logistic,1,0.004494361275095856,4,261,uncalibrated
0,logistic,1,0.0015087798068082819,5,261,uncalibrated
0,logistic,1,0.0005046854216575537,6,261,uncalibrated
0,logistic,1,0.00016759152002218867,7,261,uncalibrated
0,logistic,1,5.6069262679863946e-05,8,261,uncalibrated
0,logistic,1,1.86834403534959e-05,9,261,uncalibrated
0,logistic,1,6.198892629469522e-06,10,261,uncalibrated
0,logistic,1,2.0618403895522805e-06,11,261,uncalibrated
0,logistic,1,6.87023207386512e-07,12,261,uncalibrated
0,logistic,1,2.2692474722166403e-07,13,261,uncalibrated
0,logistic,1,1e-07,14,261,uncalibrated
0,logistic,1,1e-07,15,261,uncalibrated
0,logistic,1,0.10706487138641697,1,264,uncalibrated
0,logistic,1,0.03812135095195841,2,264,uncalibrated
0,logistic,1,0.20890354496223024,3,264,uncalibrated
0,logistic,1,0.2886359833536879,4,264,uncalibrated
0,logistic,1,0.2914378294055106,5,264,uncalibrated
0,logistic,1,0.2571723076913162,6,264,uncalibrated
0,logistic,1,0.0714354459841902,7,264,uncalibrated
0,logistic,1,0.04877524872877561,8,264,uncalibrated
0,logistic,1,0.04100930324385305,9,264,uncalibrated
0,logistic,1,0.012912247413393214,10,264,uncalibrated
0,logistic,1,0.02066863366585917,11,264,uncalibrated
0,logistic,1,0.03666877876440892,12,264,uncalibrated
0,logistic,1,0.031350033608740634,13,264,uncalibrated
0,logistic,1,0.023987340781231603,14,264,uncalibrated
0,logistic,1,0.015262420413218694,15,264,uncalibrated
0,logistic,1,0.10971758590582749,1,273,uncalibrated
0,logistic,1,0.03945807280543103,2,273,uncalibrated
0,logistic,1,0.013501833920092831,3,273,uncalibrated
0,logistic,1,0.004535755072783458,4,273,uncalibrated
0,logistic,1,0.0015227179742707156,5,273,uncalibrated
0,logistic,1,0.0005087155786957424,6,273,uncalibrated
0,logistic,1,0.00016948997673993678,7,273,uncalibrated
0,logistic,1,5.6593052982835525e-05,8,273,uncalibrated
0,logistic,1,1.8890048352534437e-05,9,273,uncalibrated
0,logistic,1,6.322602584949216e-06,10,273,uncalibrated
0,logistic,1,2.107694400425138e-06,11,273,uncalibrated
0,logistic,1,7.027418896501861e-07,12,273,uncalibrated
0,logistic,1,2.3401300361875588e-07,13,273,uncalibrated
0,logistic,1,1e-07,14,273,uncalibrated
0,logistic,1,1e-07,15,273,uncalibrated
0,logistic,1,0.10658711837718489,1,284,uncalibrated
0,logistic,1,0.03703170231822258,2,284,uncalibrated
0,logistic,1,0.012220155264008395,3,284,uncalibrated
0,logistic,1,0.0621636470332624,4,284,uncalibrated
0,logistic,1,0.19455864016681254,5,284,uncalibrated
0,logistic,1,0.40141607291964937,6,284,uncalibrated
0,logistic,1,0.3939529498889803,7,284,uncalibrated
0,logistic,1,0.3292756523287212,8,284,uncalibrated
0,logistic,1,0.23995515191640399,9,284,uncalibrated
0,logistic,1,0.289963049130213,10,284,uncalibrated
0,logistic,1,0.37370770270886783,11,284,uncalibrated
0,logistic,1,0.09615901558419672,12,284,uncalibrated
0,logistic,1,0.03905209554083334,13,284,uncalibrated
0,logistic,1,0.008512284948632999,14,284,uncalibrated
0,logistic,1,0.006214801473435209,15,284,uncalibrated
1,logistic,1,0.7278678837357274,1,285,uncalibrated
1,logistic,1,0.6636995375224344,2,285,uncalibrated
0,logistic,1,0.3827982790520849,3,285,uncalibrated
0,logistic,1,0.10049684087681819,4,285,uncalibrated
0,logistic,1,0.07257177358142691,5,285,uncalibrated
0,logistic,1,0.4542497974670715,6,285,uncalibrated
0,logistic,1,0.5787172317710216,7,285,uncalibrated
0,logistic,1,0.4856523284486096,8,285,uncalibrated
0,logistic,1,0.3910827485441503,9,285,uncalibrated
0,logistic,1,0.3024984889453747,10,285,uncalibrated
0,logistic,1,0.22558536310081245,11,285,uncalibrated
0,logistic,1,0.16309528645949423,12,285,uncalibrated
0,logistic,1,0.11502510235657619,13,285,uncalibrated
0,logistic,1,0.07959580344402928,14,285,uncalibrated
0,logistic,1,0.05430921692056877,15,285,uncalibrated
0,logistic,1,0.1045524477260691,1,290,uncalibrated
0,logistic,1,0.5384305198237614,2,290,uncalibrated
0,logistic,1,0.7370925377594418,3,290,uncalibrated
0,logistic,1,0.7438986900427308,4,290,uncalibrated
0,logistic,1,0.6075632760800541,5,290,uncalibrated
0,logistic,1,0.5404173005230611,6,290,uncalibrated
0,logistic,1,0.45861719741401524,7,290,uncalibrated
0,logistic,1,0.11592381324870572,8,290,uncalibrated
0,logistic,1,0.06566209706689538,9,290,uncalibrated
0,logistic,1,0.017398220243831544,10,290,uncalibrated
0,logistic,1,0.003964336899644751,11,290,uncalibrated
0,logistic,1,0.002514530190299424,12,290,uncalibrated
0,logistic,1,0.0058209903223389306,13,290,uncalibrated
0,logistic,1,0.006167527593279832,14,290,uncalibrated
0,logistic,1,0.004234194629340557,15,290,uncalibrated
0,logistic,1,0.10732158501522525,1,291,uncalibrated
0,logistic,1,0.5614198588756248,2,291,uncalibrated
0,logistic,1,0.6693055410328277,3,291,uncalibrated
1,logistic,1,0.28513537594695226,4,291,uncalibrated
0,logistic,1,0.38587548812627476,5,291,uncalibrated
0,logistic,1,0.24288456418078513,6,291,uncalibrated
0,logistic,1,0.05465935276798819,7,291,uncalibrated
0,logistic,1,0.015064298089376673,8,291,uncalibrated
0,logistic,1,0.01300055987052045,9,291,uncalibrated
0,logistic,1,0.003895566574636737,10,291,uncalibrated
0,logistic,1,0.0074327904011540075,11,291,uncalibrated
0,logistic,1,0.002179951951566683,12,291,uncalibrated
0,logistic,1,0.001955251290594835,13,291,uncalibrated
0,logistic,1,0.0005148240696974309,14,291,uncalibrated
0,logistic,1,0.0001521278476484627,15,291,uncalibrated
0,logistic,1,0.10858732212246795,1,293,uncalibrated
0,logistic,1,0.03801003412979329,2,293,uncalibrated
0,logistic,1,0.012742460274153386,3,293,uncalibrated
0,logistic,1,0.004206324484319681,4,293,uncalibrated
0,logistic,1,0.001394523773554465,5,293,uncalibrated
0,logistic,1,0.00045927516176327615,6,293,uncalibrated
0,logistic,1,0.00015016688704304733,7,293,uncalibrated
0,logistic,1,4.945031511674811e-05,8,293,uncalibrated
0,logistic,1,1.6296115313450874e-05,9,293,uncalibrated
0,logistic,1,5.331911529301518e-06,10,293,uncalibrated
0,logistic,1,1.744218598621882e-06,11,293,uncalibrated
0,logistic,1,5.699188613755644e-07,12,293,uncalibrated
0,logistic,1,1.8474333347749234e-07,13,293,uncalibrated
0,logistic,1,1e-07,14,293,uncalibrated
0,logistic,1,1e-07,15,293,uncalibrated
0,logistic,1,0.10975252629044552,1,299,uncalibrated
0,logistic,1,0.03933963306695088,2,299,uncalibrated
0,logistic,1,0.013481602802513168,3,299,uncalibrated
0,logistic,1,0.0045204395800085674,4,299,uncalibrated
0,logistic,1,0.0015194588009674426,5,299,uncalibrated
0,logistic,1,0.0005060855494307305,6,299,uncalibrated
0,logistic,1,0.00016792145779447593,7,299,uncalibrated
0,logistic,1,5.5919072167775836e-05,8,299,uncalibrated
0,logistic,1,1.8601763903976974e-05,9,299,uncalibrated
0,logistic,1,6.213875759374756e-06,10,299,uncalibrated
0,logistic,1,1.7988157910199854e-05,11,299,uncalibrated
0,logistic,1,6.465498441564331e-06,12,299,uncalibrated
0,logistic,1,2.0578308570559084e-06,13,299,uncalibrated
0,logistic,1,5.621186339247843e-07,14,299,uncalibrated
0,logistic,1,1.8073318388311503e-07,15,299,uncalibrated
0,logistic,1,0.10418469629589792,1,303,uncalibrated
0,logistic,1,0.035353968385146324,2,303,uncalibrated
0,logistic,1,0.011573886710937025,3,303,uncalibrated
0,logistic,1,0.010556692874983805,4,303,uncalibrated
0,logistic,1,0.003206412113784952,5,303,uncalibrated
0,logistic,1,0.0025076763238985303,6,303,uncalibrated
0,logistic,1,0.0007503034003323734,7,303,uncalibrated
0,logistic,1,0.0002269006902747635,8,303,uncalibrated
0,logistic,1,7.003485211652894e-05,9,303,uncalibrated
0,logistic,1,2.1463794181743028e-05,10,303,uncalibrated
0,logistic,1,6.7569529526783e-06,11,303,uncalibrated
0,logistic,1,4.847045466395019e-06,12,303,uncalibrated
0,logistic,1,1.5399244160892016e-06,13,303,uncalibrated
0,logistic,1,4.779286948677718e-07,14,303,uncalibrated
0,logistic,1,3.357849037145433e-07,15,303,uncalibrated
0,logistic,1,0.10634044918488825,1,315,uncalibrated
0,logistic,1,0.03776883460637715,2,315,uncalibrated
0,logistic,1,0.012643853818856828,3,315,uncalibrated
0,logistic,1,0.004192863254049924,4,315,uncalibrated
0,logistic,1,0.0013808940354263215,5,315,uncalibrated
0,logistic,1,0.0004566964931985638,6,315,uncalibrated
0,logistic,1,0.0001505432558422885,7,315,uncalibrated
0,logistic,1,4.953439132869884e-05,8,315,uncalibrated
0,logistic,1,1.6309234209809254e-05,9,315,uncalibrated
0,logistic,1,5.39232069919348e-06,10,315,uncalibrated
0,logistic,1,1.7911581458746153e-06,11,315,uncalibrated
0,logistic,1,5.838972602724844e-07,12,315,uncalibrated
0,logistic,1,1.9291382653725072e-07,13,315,uncalibrated
0,logistic,1,1e-07,14,315,uncalibrated
0,logistic,1,1e-07,15,315,uncalibrated
1,logistic,1,0.7278678837357274,1,326,uncalibrated
1,logistic,1,0.6636995375224344,2,326,uncalibrated
0,logistic,1,0.3912191193113957,3,326,uncalibrated
0,logistic,1,0.10375149843244734,4,326,uncalibrated
0,logistic,1,0.07499746252583653,5,326,uncalibrated
0,logistic,1,0.08209195367410195,6,326,uncalibrated
0,logistic,1,0.01469365982397395,7,326,uncalibrated
0,logistic,1,0.004140531489498501,8,326,uncalibrated
0,logistic,1,0.018864058282845802,9,326,uncalibrated
0,logistic,1,0.02060525633862333,10,326,uncalibrated
0,logistic,1,0.0485219797017666,11,326,uncalibrated
0,logistic,1,0.04458537603867977,12,326,uncalibrated
0,logistic,1,0.030934072585686388,13,326,uncalibrated
0,logistic,1,0.021243483327531905,14,326,uncalibrated
0,logistic,1,0.014474168070384607,15,326,uncalibrated
0,logistic,1,0.10574711207878121,1,328,uncalibrated
0,logistic,1,0.5476160287708989,2,328,uncalibrated
0,logistic,1,0.3700135321161414,3,328,uncalibrated
0,logistic,1,0.09669806431117502,4,328,uncalibrated
0,logistic,1,0.16391941858767908,5,328,uncalibrated
0,logistic,1,0.34895389907262264,6,328,uncalibrated
0,logistic,1,0.15501141556371079,7,328,uncalibrated
0,logistic,1,0.03672463646234861,8,328,uncalibrated
0,logistic,1,0.008363045808255852,9,328,uncalibrated
0,logistic,1,0.0022818315054886286,10,328,uncalibrated
0,logistic,1,0.0006421401049333332,11,328,uncalibrated
0,logistic,1,0.0004469549316807634,12,328,uncalibrated
0,logistic,1,0.00013437167268975944,13,328,uncalibrated
0,logistic,1,0.00027781136689167566,14,328,uncalibrated
0,logistic,1,8.483982557642205e-05,15,328,uncalibrated
0,logistic,1,0.10595868234519638,1,331,uncalibrated
0,logistic,1,0.036847211714409266,2,331,uncalibrated
0,logistic,1,0.20139549750370261,3,331,uncalibrated
0,logistic,1,0.09814467919232098,4,331,uncalibrated
0,logistic,1,0.02494734265852132,5,331,uncalibrated
0,logistic,1,0.00568816223822548,6,331,uncalibrated
0,logistic,1,0.013071295954558708,7,331,uncalibrated
0,logistic,1,0.0047106160868039225,8,331,uncalibrated
0,logistic,1,0.001319665530660524,9,331,uncalibrated
0,logistic,1,0.00032163033903814944,10,331,uncalibrated
0,logistic,1,9.344761344712188e-05,11,331,uncalibrated
0,logistic,1,2.7539253053126832e-05,12,331,uncalibrated
0,logistic,1,8.22642146728815e-06,13,331,uncalibrated
0,logistic,1,2.502000972582708e-06,14,331,uncalibrated
0,logistic,1,5.024494203491192e-06,15,331,uncalibrated
0,logistic,1,0.10540937442925744,1,335,uncalibrated
0,logistic,1,0.03659103973588309,2,335,uncalibrated
0,logistic,1,0.01209772548661187,3,335,uncalibrated
0,logistic,1,0.003924422352015483,4,335,uncalibrated
0,logistic,1,0.0012675641764502688,5,335,uncalibrated
0,logistic,1,0.00040820284373554755,6,335,uncalibrated
0,logistic,1,0.00013122726405331823,7,335,uncalibrated
0,logistic,1,4.2291723335883736e-05,8,335,uncalibrated
0,logistic,1,1.3609407288979538e-05,9,335,uncalibrated
0,logistic,1,4.3915554629336895e-06,10,335,uncalibrated
0,logistic,1,1.4170814764504306e-06,11,335,uncalibrated
0,logistic,1,4.566546862633596e-07,12,335,uncalibrated
0,logistic,1,1.471174668738441e-07,13,335,uncalibrated
0,logistic,1,1e-07,14,335,uncalibrated
0,logistic,1,1e-07,15,335,uncalibrated
0,logistic,1,0.11014627822409075,1,337,uncalibrated
0,logistic,1,0.03962786573887019,2,337,uncalibrated
0,logistic,1,0.013312602818751284,3,337,uncalibrated
0,logistic,1,0.004484371084014432,4,337,uncalibrated
0,logistic,1,0.0014848595537476673,5,337,uncalibrated
0,logistic,1,0.0004963212279656332,6,337,uncalibrated
0,logistic,1,0.001760851479555419,7,337,uncalibrated
0,logistic,1,0.000657593702233288,8,337,uncalibrated
0,logistic,1,0.00020117442699764827,9,337,uncalibrated
0,logistic,1,5.332420819720151e-05,10,337,uncalibrated
0,logistic,1,1.678392084261327e-05,11,337,uncalibrated
0,logistic,1,5.249098327277982e-06,12,337,uncalibrated
0,logistic,1,1.578602189367651e-06,13,337,uncalibrated
0,logistic,1,5.04161556139135e-07,14,337,uncalibrated
0,logistic,1,1.6326239708387474e-07,15,337,uncalibrated
0,logistic,1,0.1076475328849576,1,339,uncalibrated
0,logistic,1,0.5573869553113759,2,339,uncalibrated
0,logistic,1,0.386624799986669,3,339,uncalibrated
0,logistic,1,0.10380069129102727,4,339,uncalibrated
0,logistic,1,0.02277454285955158,5,339,uncalibrated
0,logistic,1,0.00613893047271836,6,339,uncalibrated
0,logistic,1,0.0017028739046985276,7,339,uncalibrated
0,logistic,1,0.000498969788630561,8,339,uncalibrated
0,logistic,1,0.00015022095703538156,9,339,uncalibrated
0,logistic,1,4.5584461415135906e-05,10,339,uncalibrated
0,logistic,1,1.3992998457423195e-05,11,339,uncalibrated
0,logistic,1,4.3133084591569655e-06,12,339,uncalibrated
0,logistic,1,4.366791047712688e-06,13,339,uncalibrated
0,logistic,1,1.3971895247745335e-06,14,339,uncalibrated
0,logistic,1,3.001534935476501e-06,15,339,uncalibrated
0,logistic,1,0.10856136021383918,1,348,uncalibrated
0,logistic,1,0.03858633840298239,2,348,uncalibrated
0,logistic,1,0.013138735234084925,3,348,uncalibrated
0,logistic,1,0.004379824683482729,4,348,uncalibrated
0,logistic,1,0.0014503993828976595,5,348,uncalibrated
0,logistic,1,0.00047807965154907274,6,348,uncalibrated
0,logistic,1,0.0001579044173915651,7,348,uncalibrated
0,logistic,1,5.215222015632428e-05,8,348,uncalibrated
0,logistic,1,0.0001671481847468143,9,348,uncalibrated
0,logistic,1,0.0004587862298601532,10,348,uncalibrated
0,logistic,1,0.0011279590724535772,11,348,uncalibrated
0,logistic,1,0.0003388171546680901,12,348,uncalibrated
0,logistic,1,8.568242496347761e-05,13,348,uncalibrated
0,logistic,1,0.00014072919276236808,14,348,uncalibrated
0,logistic,1,4.866604241260864e-05,15,348,uncalibrated
0,logistic,1,0.11020763965647798,1,367,uncalibrated
0,logistic,1,0.039972986449433576,2,367,uncalibrated
0,logistic,1,0.013806483046907913,3,367,uncalibrated
0,logistic,1,0.00469553891168897,4,367,uncalibrated
0,logistic,1,0.0015864104378550453,5,367,uncalibrated
0,logistic,1,0.0005339626674856155,6,367,uncalibrated
0,logistic,1,0.00017988770110121852,7,367,uncalibrated
0,logistic,1,6.051268548917473e-05,8,367,uncalibrated
0,logistic,1,2.0336146565902742e-05,9,367,uncalibrated
0,logistic,1,6.837735599073013e-06,10,367,uncalibrated
0,logistic,1,2.2994804201551975e-06,11,367,uncalibrated
0,logistic,1,7.741954828576435e-07,12,367,uncalibrated
0,logistic,1,2.5919385975975976e-07,13,367,uncalibrated
0,logistic,1,1e-07,14,367,uncalibrated
0,logistic,1,1e-07,15,367,uncalibrated
1,logistic,1,0.11007618753094572,1,369,uncalibrated
1,logistic,1,0.039685754748316523,2,369,uncalibrated
1,logistic,1,0.22038671905488114,3,369,uncalibrated
1,logistic,1,0.5415496598040783,4,369,uncalibrated
0,logistic,1,0.2502273778181258,5,369,uncalibrated
0,logistic,1,0.1124588663749566,6,369,uncalibrated
0,logistic,1,0.02746830734791692,7,369,uncalibrated
0,logistic,1,0.0066820130062605195,8,369,uncalibrated
0,logistic,1,0.00639101362797662,9,369,uncalibrated
0,logistic,1,0.006500466365586497,10,369,uncalibrated
0,logistic,1,0.0020367827393654846,11,369,uncalibrated
0,logistic,1,0.0016080342293608618,12,369,uncalibrated
0,logistic,1,0.00043119266539389206,13,369,uncalibrated
0,logistic,1,0.0008387043935637216,14,369,uncalibrated
0,logistic,1,0.0002455314047146621,15,369,uncalibrated
1,logistic,1,0.10488776165090175,1,371,uncalibrated
1,logistic,1,0.5435150227045127,2,371,uncalibrated
1,logistic,1,0.7410411555864129,3,371,uncalibrated
1,logistic,1,0.6723400141523118,4,371,uncalibrated
0,logistic,1,0.25454465142809496,5,371,uncalibrated
0,logistic,1,0.26857119109634453,6,371,uncalibrated
0,logistic,1,0.08375821068609694,7,371,uncalibrated
0,logistic,1,0.05338292442265299,8,371,uncalibrated
0,logistic,1,0.09213366702860451,9,371,uncalibrated
1,logistic,1,0.1674205271888888,10,371,uncalibrated
1,logistic,1,0.24350265807110613,11,371,uncalibrated
0,logistic,1,0.06074953938466384,12,371,uncalibrated
1,logistic,1,0.0724195008506335,13,371,uncalibrated
0,logistic,1,0.018541794634944906,14,371,uncalibrated
0,logistic,1,0.02059889146868798,15,371,uncalibrated
0,logistic,1,0.10961282326268626,1,373,uncalibrated
0,logistic,1,0.03914747496900832,2,373,uncalibrated
0,logistic,1,0.013255175847531839,3,373,uncalibrated
0,logistic,1,0.004407202535080966,4,373,uncalibrated
0,logistic,1,0.0014632763463983142,5,373,uncalibrated
0,logistic,1,0.000485094992831219,6,373,uncalibrated
0,logistic,1,0.000159750273271889,7,373,uncalibrated
0,logistic,1,5.241399556070147e-05,8,373,uncalibrated
0,logistic,1,1.735331195660056e-05,9,373,uncalibrated
0,logistic,1,5.750367625374054e-06,10,373,uncalibrated
0,logistic,1,1.9019102167435987e-06,11,373,uncalibrated
0,logistic,1,6.2921604579498e-07,12,373,uncalibrated
0,logistic,1,2.0792388629340696e-07,13,373,uncalibrated
0,logistic,1,1e-07,14,373,uncalibrated
0,logistic,1,1e-07,15,373,uncalibrated
1,logistic,1,0.7278678837357274,1,376,uncalibrated
0,logistic,1,0.4024952454772515,2,376,uncalibrated
0,logistic,1,0.04143651652704354,3,376,uncalibrated
0,logistic,1,0.03409484305085947,4,376,uncalibrated
0,logistic,1,0.009999181145031878,5,376,uncalibrated
0,logistic,1,0.0029339259496538573,6,376,uncalibrated
0,logistic,1,0.0008664904296018753,7,376,uncalibrated
0,logistic,1,0.00026673779752272377,8,376,uncalibrated
0,logistic,1,0.0008938967762349146,9,376,uncalibrated
0,logistic,1,0.00031259985552970843,10,376,uncalibrated
0,logistic,1,8.848202444608297e-05,11,376,uncalibrated
0,logistic,1,2.20840874901508e-05,12,376,uncalibrated
0,logistic,1,6.4360558262951755e-06,13,376,uncalibrated
0,logistic,1,1.8997496719369062e-06,14,376,uncalibrated
0,logistic,1,5.804845998429106e-07,15,376,uncalibrated
0,logistic,1,0.10939484946094594,1,377,uncalibrated
0,logistic,1,0.03872589451325147,2,377,uncalibrated
0,logistic,1,0.013235309363239842,3,377,uncalibrated
0,logistic,1,0.004348742991982948,4,377,uncalibrated
0,logistic,1,0.0014458740460383632,5,377,uncalibrated
0,logistic,1,0.00047306442288908365,6,377,uncalibrated
0,logistic,1,0.00015673707890284755,7,377,uncalibrated
0,logistic,1,5.1812939108665186e-05,8,377,uncalibrated
0,logistic,1,1.7105294846083068e-05,9,377,uncalibrated
0,logistic,1,5.298391688346158e-05,10,377,uncalibrated
0,logistic,1,1.8989787345876116e-05,11,377,uncalibrated
0,logistic,1,4.402031086050157e-05,12,377,uncalibrated
0,logistic,1,1.3317887432805358e-05,13,377,uncalibrated
0,logistic,1,4.076704883541275e-06,14,377,uncalibrated
0,logistic,1,1.078452793259832e-06,15,377,uncalibrated
0,logistic,1,0.107475873001884,1,378,uncalibrated
0,logistic,1,0.5559085045164601,2,378,uncalibrated
0,logistic,1,0.38184379930215906,3,378,uncalibrated
0,logistic,1,0.10209968827038174,4,378,uncalibrated
0,logistic,1,0.022323264186168496,5,378,uncalibrated
0,logistic,1,0.017615031829615425,6,378,uncalibrated
0,logistic,1,0.0049849909570216355,7,378,uncalibrated
0,logistic,1,0.0013725586630757836,8,378,uncalibrated
0,logistic,1,0.00039725335313948903,9,378,uncalibrated
0,logistic,1,0.00011876400476480711,10,378,uncalibrated
0,logistic,1,0.00026020056883311606,11,378,uncalibrated
0,logistic,1,9.069490245078777e-05,12,378,uncalibrated
0,logistic,1,2.7148711888021264e-05,13,378,uncalibrated
0,logistic,1,4.701416545087202e-05,14,378,uncalibrated
0,logistic,1,1.6245923743673206e-05,15,378,uncalibrated
0,logistic,1,0.10709051840986251,1,383,uncalibrated
0,logistic,1,0.036939346256322184,2,383,uncalibrated
0,logistic,1,0.01227206999676652,3,383,uncalibrated
0,logistic,1,0.003942990487048093,4,383,uncalibrated
0,logistic,1,0.001273691377314108,5,383,uncalibrated
0,logistic,1,0.0004128995918940892,6,383,uncalibrated
0,logistic,1,0.00013310596304677477,7,383,uncalibrated
0,logistic,1,4.283974936748705e-05,8,383,uncalibrated
0,logistic,1,1.3841345768861305e-05,9,383,uncalibrated
0,logistic,1,4.469195655829828e-06,10,383,uncalibrated
0,logistic,1,1.4489851061986913e-06,11,383,uncalibrated
0,logistic,1,4.7463880470994164e-07,12,383,uncalibrated
0,logistic,1,1.526107994680046e-07,13,383,uncalibrated
0,logistic,1,1e-07,14,383,uncalibrated
0,logistic,1,1e-07,15,383,uncalibrated
1,logistic,1,0.10442694929246302,1,390,uncalibrated
1,logistic,1,0.5418729353052808,2,390,uncalibrated
0,logistic,1,0.2600789520760553,3,390,uncalibrated
0,logistic,1,0.08166795664639238,4,390,uncalibrated
0,logistic,1,0.0687125001754204,5,390,uncalibrated
0,logistic,1,0.02153866574064677,6,390,uncalibrated
0,logistic,1,0.0056671547677252035,7,390,uncalibrated
0,logistic,1,0.010118102412710881,8,390,uncalibrated
0,logistic,1,0.0034796248535343684,9,390,uncalibrated
0,logistic,1,0.0009636478586250116,10,390,uncalibrated
0,logistic,1,0.0015618497587307086,11,390,uncalibrated
0,logistic,1,0.0005306912618922947,12,390,uncalibrated
0,logistic,1,0.000150426780150898,13,390,uncalibrated
0,logistic,1,0.00023193345579888402,14,390,uncalibrated
0,logistic,1,0.00020318492754204894,15,390,uncalibrated
0,logistic,1,0.10472836931974415,1,391,uncalibrated
0,logistic,1,0.12899229677654725,2,391,uncalibrated
0,logistic,1,0.03697029464971183,3,391,uncalibrated
0,logistic,1,0.010807080673308971,4,391,uncalibrated
0,logistic,1,0.0032155699959689967,5,391,uncalibrated
0,logistic,1,0.0025148435711556836,6,391,uncalibrated
0,logistic,1,0.010951317645790269,7,391,uncalibrated
0,logistic,1,0.00392395038158769,8,391,uncalibrated
0,logistic,1,0.0009629024711413583,9,391,uncalibrated
0,logistic,1,0.000224417831777192,10,391,uncalibrated
0,logistic,1,6.393954537017704e-05,11,391,uncalibrated
0,logistic,1,1.8938626029926094e-05,12,391,uncalibrated
0,logistic,1,1.3285683917597714e-05,13,391,uncalibrated
0,logistic,1,3.934587279219942e-06,14,391,uncalibrated
0,logistic,1,1.1529489329572496e-06,15,391,uncalibrated
0,logistic,1,0.11007618753094572,1,395,uncalibrated
0,logistic,1,0.039607453659198,2,395,uncalibrated
0,logistic,1,0.013668380282964314,3,395,uncalibrated
0,logistic,1,0.004611058381194772,4,395,uncalibrated
0,logistic,1,0.0015444870070277143,5,395,uncalibrated
0,logistic,1,0.0005149362395165651,6,395,uncalibrated
0,logistic,1,0.000172239417044648,7,395,uncalibrated
0,logistic,1,5.746494289874977e-05,8,395,uncalibrated
0,logistic,1,1.9068227707262745e-05,9,395,uncalibrated
0,logistic,1,6.357749902496365e-06,10,395,uncalibrated
0,logistic,1,2.1137336251386967e-06,11,395,uncalibrated
0,logistic,1,7.039997051396262e-07,12,395,uncalibrated
0,logistic,1,2.3384567216301794e-07,13,395,uncalibrated
0,logistic,1,1e-07,14,395,uncalibrated
0,logistic,1,1e-07,15,395,uncalibrated
0,logistic,1,0.11009370653916699,1,407,uncalibrated
0,logistic,1,0.03985306524207468,2,407,uncalibrated
0,logistic,1,0.013676820882231681,3,407,uncalibrated
0,logistic,1,0.004623386447064123,4,407,uncalibrated
0,logistic,1,0.0015579198087223715,5,407,uncalibrated
0,logistic,1,0.0005229125415499295,6,407,uncalibrated
0,logistic,1,0.00017578614941731407,7,407,uncalibrated
0,logistic,1,5.908523409820387e-05,8,407,uncalibrated
0,logistic,1,1.9883061255533458e-05,9,407,uncalibrated
0,logistic,1,6.645459995435152e-06,10,407,uncalibrated
0,logistic,1,2.2348192571810284e-06,11,407,uncalibrated
0,logistic,1,7.485331898499974e-07,12,407,uncalibrated
0,logistic,1,2.506247530072829e-07,13,407,uncalibrated
0,logistic,1,1e-07,14,407,uncalibrated
0,logistic,1,1e-07,15,407,uncalibrated
1,logistic,1,0.7278678837357274,1,408,uncalibrated
1,logistic,1,0.6636995375224344,2,408,uncalibrated
1,logistic,1,0.5928638713398907,3,408,uncalibrated
1,logistic,1,0.5179447597531608,4,408,uncalibrated
1,logistic,1,0.44221005240048905,5,408,uncalibrated
1,logistic,1,0.3690708864303207,6,408,uncalibrated
1,logistic,1,0.3014901108110093,7,408,uncalibrated
1,logistic,1,0.24154650657008742,8,408,uncalibrated
1,logistic,1,0.19027461497554143,9,408,uncalibrated
0,logistic,1,0.09137938559634223,10,408,uncalibrated
0,logistic,1,0.1857986950543906,11,408,uncalibrated
0,logistic,1,0.26517710988869714,12,408,uncalibrated
0,logistic,1,0.23393957786201694,13,408,uncalibrated
0,logistic,1,0.16887227390766107,14,408,uncalibrated
0,logistic,1,0.11888715082466908,15,408,uncalibrated
1,logistic,1,0.7278678837357274,1,412,uncalibrated
1,logistic,1,0.6636995375224344,2,412,uncalibrated
1,logistic,1,0.5928638713398907,3,412,uncalibrated
0,logistic,1,0.34021804288679536,4,412,uncalibrated
0,logistic,1,0.5101293375425785,5,412,uncalibrated
0,logistic,1,0.6379792341999282,6,412,uncalibrated
0,logistic,1,0.6095486919177936,7,412,uncalibrated
0,logistic,1,0.5176175536010483,8,412,uncalibrated
0,logistic,1,0.42192955586243197,9,412,uncalibrated
0,logistic,1,0.2907004533741082,10,412,uncalibrated
1,logistic,1,0.1286583925620899,11,412,uncalibrated
1,logistic,1,0.11109192772606079,12,412,uncalibrated
1,logistic,1,0.06851305453316975,13,412,uncalibrated
1,logistic,1,0.0648539221563536,14,412,uncalibrated
1,logistic,1,0.04199656935475456,15,412,uncalibrated
0,logistic,1,0.10835386112982948,1,418,uncalibrated
0,logistic,1,0.0367046817417963,2,418,uncalibrated
0,logistic,1,0.012429124541633068,3,418,uncalibrated
0,logistic,1,0.004058419124930241,4,418,uncalibrated
0,logistic,1,0.0013465569428229834,5,418,uncalibrated
0,logistic,1,0.0004365033367071347,6,418,uncalibrated
0,logistic,1,0.00014471054842396148,7,418,uncalibrated
0,logistic,1,4.537885017737625e-05,8,418,uncalibrated
0,logistic,1,1.5002555802544955e-05,9,418,uncalibrated
0,logistic,1,4.93728016558466e-06,10,418,uncalibrated
0,logistic,1,1.625845159405128e-06,11,418,uncalibrated
0,logistic,1,5.344326627398079e-07,12,418,uncalibrated
0,logistic,1,1.7587791091031012e-07,13,418,uncalibrated
0,logistic,1,1e-07,14,418,uncalibrated
0,logistic,1,1e-07,15,418,uncalibrated
0,logistic,1,0.10590787147749485,1,421,uncalibrated
0,logistic,1,0.13040526632915458,2,421,uncalibrated
0,logistic,1,0.036694331417076224,3,421,uncalibrated
0,logistic,1,0.19290751041163834,4,421,uncalibrated
0,logistic,1,0.24461386720029632,5,421,uncalibrated
0,logistic,1,0.2350829857454439,6,421,uncalibrated
0,logistic,1,0.04210445456045646,7,421,uncalibrated
0,logistic,1,0.035316477852378354,8,421,uncalibrated
0,logistic,1,0.009597309587882498,9,421,uncalibrated
0,logistic,1,0.00815234435710676,10,421,uncalibrated
0,logistic,1,0.0020438665733755316,11,421,uncalibrated
0,logistic,1,0.0014713861738514385,12,421,uncalibrated
0,logistic,1,0.00263293320381949,13,421,uncalibrated
0,logistic,1,0.002699246447671018,14,421,uncalibrated
0,logistic,1,0.0006050804563749419,15,421,uncalibrated
1,logistic,1,0.10915986490408436,1,425,uncalibrated
1,logistic,1,0.5655764825297854,2,425,uncalibrated
1,logistic,1,0.7578101721364445,3,425,uncalibrated
1,logistic,1,0.6940473163429857,4,425,uncalibrated
1,logistic,1,0.6066994056148723,5,425,uncalibrated
1,logistic,1,0.5258226924055587,6,425,uncalibrated
1,logistic,1,0.4499399715576111,7,425,uncalibrated
1,logistic,1,0.3726100965704512,8,425,uncalibrated
1,logistic,1,0.30598769323048736,9,425,uncalibrated
1,logistic,1,0.24250590130189995,10,425,uncalibrated
0,logistic,1,0.26615852174656135,11,425,uncalibrated
0,logistic,1,0.12310451109903116,12,425,uncalibrated
0,logistic,1,0.09131740610244146,13,425,uncalibrated
0,logistic,1,0.07030165766162697,14,425,uncalibrated
0,logistic,1,0.11399372920784351,15,425,uncalibrated
0,logistic,1,0.1101550423098357,1,438,uncalibrated
0,logistic,1,0.0399078435176708,2,438,uncalibrated
0,logistic,1,0.013780940093502713,3,438,uncalibrated
0,logistic,1,0.004622974983462781,4,438,uncalibrated
0,logistic,1,0.0015529208805436436,5,438,uncalibrated
0,logistic,1,0.000519698019484508,6,438,uncalibrated
0,logistic,1,0.0001746270849994456,7,438,uncalibrated
0,logistic,1,5.746494289874977e-05,8,438,uncalibrated
0,logistic,1,1.9081871980141256e-05,9,438,uncalibrated
0,logistic,1,6.374826744638719e-06,10,438,uncalibrated
0,logistic,1,2.1439985963007083e-06,11,438,uncalibrated
0,logistic,1,7.190130481413225e-07,12,438,uncalibrated
0,logistic,1,2.428812610952762e-07,13,438,uncalibrated
0,logistic,1,1e-07,14,438,uncalibrated
0,logistic,1,1e-07,15,438,uncalibrated
0,logistic,1,0.10680016854504905,1,439,uncalibrated
0,logistic,1,0.03662572772325305,2,439,uncalibrated
0,logistic,1,0.012336180332660505,3,439,uncalibrated
0,logistic,1,0.004025663656180533,4,439,uncalibrated
0,logistic,1,0.003436609307262238,5,439,uncalibrated
0,logistic,1,0.0010541408092957871,6,439,uncalibrated
0,logistic,1,0.00033203251215163497,7,439,uncalibrated
0,logistic,1,0.000101715853637052,8,439,uncalibrated
0,logistic,1,3.242065485644277e-05,9,439,uncalibrated
0,logistic,1,1.0476334252273022e-05,10,439,uncalibrated
0,logistic,1,3.4161782107155446e-06,11,439,uncalibrated
0,logistic,1,1.0998362354183173e-06,12,439,uncalibrated
0,logistic,1,3.5737177974995e-07,13,439,uncalibrated
0,logistic,1,1.1124778916110682e-07,14,439,uncalibrated
0,logistic,1,1e-07,15,439,uncalibrated
1,logistic,1,0.7278678837357274,1,444,uncalibrated
0,logistic,1,0.40163541416935605,2,444,uncalibrated
0,logistic,1,0.11888225541737461,3,444,uncalibrated
0,logistic,1,0.03425420960782829,4,444,uncalibrated
0,logistic,1,0.18068562202528335,5,444,uncalibrated
0,logistic,1,0.21860646711666734,6,444,uncalibrated
0,logistic,1,0.06228298057337897,7,444,uncalibrated
0,logistic,1,0.043012838160897376,8,444,uncalibrated
0,logistic,1,0.012040948075338332,9,444,uncalibrated
0,logistic,1,0.008520064713805705,10,444,uncalibrated
0,logistic,1,0.006966586646575156,11,444,uncalibrated
0,logistic,1,0.0020453581648998556,12,444,uncalibrated
0,logistic,1,0.0013437206335597041,13,444,uncalibrated
0,logistic,1,0.0003087741908178787,14,444,uncalibrated
0,logistic,1,8.71714989533692e-05,15,444,uncalibrated
0,logistic,1,0.10488776165090175,1,445,uncalibrated
0,logistic,1,0.5473059012860839,2,445,uncalibrated
0,logistic,1,0.6595574317220084,3,445,uncalibrated
1,logistic,1,0.26745781918449996,4,445,uncalibrated
1,logistic,1,0.2948950918581389,5,445,uncalibrated
1,logistic,1,0.18268745913335627,6,445,uncalibrated
1,logistic,1,0.2110308192313123,7,445,uncalibrated
1,logistic,1,0.16156134085602572,8,445,uncalibrated
1,logistic,1,0.11967923814279809,9,445,uncalibrated
0,logistic,1,0.20768100989395075,10,445,uncalibrated
0,logistic,1,0.27430723576877913,11,445,uncalibrated
1,logistic,1,0.07102184786776033,12,445,uncalibrated
1,logistic,1,0.05394047855333102,13,445,uncalibrated
1,logistic,1,0.03277044222113684,14,445,uncalibrated
0,logistic,1,0.04076091145221088,15,445,uncalibrated
0,logistic,1,0.10963900569709359,1,447,uncalibrated
0,logistic,1,0.5649832294329464,2,447,uncalibrated
0,logistic,1,0.39820004530179864,3,447,uncalibrated
0,logistic,1,0.11104256048897718,4,447,uncalibrated
0,logistic,1,0.02499954250327153,5,447,uncalibrated
0,logistic,1,0.006908183727320402,6,447,uncalibrated
0,logistic,1,0.015393191117060629,7,447,uncalibrated
0,logistic,1,0.005640351811334827,8,447,uncalibrated
0,logistic,1,0.0016193323301857171,9,447,uncalibrated
0,logistic,1,0.00040432486340373676,10,447,uncalibrated
0,logistic,1,0.00012116090529260546,11,447,uncalibrated
0,logistic,1,3.709671980432985e-05,12,447,uncalibrated
0,logistic,1,1.1428626370242726e-05,13,447,uncalibrated
0,logistic,1,2.352318271829972e-05,14,447,uncalibrated
0,logistic,1,8.273726184747958e-06,15,447,uncalibrated
0,logistic,1,0.10878654461380335,1,451,uncalibrated
0,logistic,1,0.038629482678658816,2,451,uncalibrated
0,logistic,1,0.013064743500118223,3,451,uncalibrated
0,logistic,1,0.004326731360152199,4,451,uncalibrated
0,logistic,1,0.001425492945919479,5,451,uncalibrated
0,logistic,1,0.000468729727070086,6,451,uncalibrated
0,logistic,1,0.00015502301663801354,7,451,uncalibrated
0,logistic,1,5.101311522750617e-05,8,451,uncalibrated
0,logistic,1,1.6655546538845175e-05,9,451,uncalibrated
0,logistic,1,5.481278780318997e-06,10,451,uncalibrated
0,logistic,1,1.8049844296855663e-06,11,451,uncalibrated
0,logistic,1,5.920458761967734e-07,12,451,uncalibrated
0,logistic,1,1.9590360191910927e-07,13,451,uncalibrated
0,logistic,1,1e-07,14,451,uncalibrated
0,logistic,1,1e-07,15,451,uncalibrated
0,logistic,1,0.10863060408655828,1,453,uncalibrated
0,logistic,1,0.03853330124896997,2,453,uncalibrated
0,logistic,1,0.013004928100140626,3,453,uncalibrated
0,logistic,1,0.004329428556678281,4,453,uncalibrated
0,logistic,1,0.0014507879263673939,5,453,uncalibrated
0,logistic,1,0.00048103687270329977,6,453,uncalibrated
0,logistic,1,0.00015807390693584538,7,453,uncalibrated
0,logistic,1,5.204043128421351e-05,8,453,uncalibrated
0,logistic,1,1.706557616520559e-05,9,453,uncalibrated
0,logistic,1,5.6951058676624815e-06,10,453,uncalibrated
0,logistic,1,1.8864978985331264e-06,11,453,uncalibrated
0,logistic,1,6.252901191117983e-07,12,453,uncalibrated
0,logistic,1,2.089115580668513e-07,13,453,uncalibrated
0,logistic,1,1e-07,14,453,uncalibrated
0,logistic,1,1e-07,15,453,uncalibrated
0,logistic,1,0.7278678837357274,1,454,uncalibrated
0,logistic,1,0.6636995375224344,2,454,uncalibrated
0,logistic,1,0.5928638713398907,3,454,uncalibrated
0,logistic,1,0.5179447597531608,4,454,uncalibrated
0,logistic,1,0.44221005240048905,5,454,uncalibrated
0,logistic,1,0.3690708864303207,6,454,uncalibrated
0,logistic,1,0.3014901108110093,7,454,uncalibrated
0,logistic,1,0.24154650657008742,8,454,uncalibrated
0,logistic,1,0.19027461497554143,9,454,uncalibrated
0,logistic,1,0.14776563137758217,10,454,uncalibrated
0,logistic,1,0.11342323438462225,11,454,uncalibrated
0,logistic,1,0.08625458410066791,12,454,uncalibrated
0,logistic,1,0.06511575880397348,13,454,uncalibrated
0,logistic,1,0.04888039349436249,14,454,uncalibrated
0,logistic,1,0.036534812145842074,15,454,uncalibrated
0,logistic,1,0.10437678719091971,1,456,uncalibrated
0,logistic,1,0.03525347724006826,2,456,uncalibrated
0,logistic,1,0.035822650847725575,3,456,uncalibrated
0,logistic,1,0.010337627932680686,4,456,uncalibrated
0,logistic,1,0.003078702226005772,5,456,uncalibrated
0,logistic,1,0.0009303911911994444,6,456,uncalibrated
0,logistic,1,0.00028461331654952457,7,456,uncalibrated
0,logistic,1,0.00021491668344918266,8,456,uncalibrated
0,logistic,1,6.564503904876125e-05,9,456,uncalibrated
0,logistic,1,2.003042429096289e-05,10,456,uncalibrated
0,logistic,1,6.1784641431466285e-06,11,456,uncalibrated
0,logistic,1,1.9155912185067134e-06,12,456,uncalibrated
0,logistic,1,5.917038614717372e-07,13,456,uncalibrated
0,logistic,1,1.845263919213438e-07,14,456,uncalibrated
0,logistic,1,1e-07,15,456,uncalibrated
0,logistic,1,0.1104094667019476,1,467,uncalibrated
0,logistic,1,0.03947163052835977,2,467,uncalibrated
0,logistic,1,0.0135435805549788,3,467,uncalibrated
0,logistic,1,0.004573048932659451,4,467,uncalibrated
0,logistic,1,0.0015437977372482572,5,467,uncalibrated
0,logistic,1,0.0005204416525336439,6,467,uncalibrated
0,logistic,1,0.0001752213226164031,7,467,uncalibrated
0,logistic,1,5.818876165810188e-05,8,467,uncalibrated
0,logistic,1,1.9556877350676085e-05,9,467,uncalibrated
0,logistic,1,6.593966024909901e-06,10,467,uncalibrated
0,logistic,1,2.2097829128653376e-06,11,467,uncalibrated
0,logistic,1,7.435303148160664e-07,12,467,uncalibrated
0,logistic,1,2.4897194419158863e-07,13,467,uncalibrated
0,logistic,1,1e-07,14,467,uncalibrated
0,logistic,1,2.1906179426688401e-07,15,467,uncalibrated
0,logistic,1,0.10448549865929771,1,478,uncalibrated
0,logistic,1,0.03685355871900625,2,478,uncalibrated
0,logistic,1,0.01232420252652116,3,478,uncalibrated
0,logistic,1,0.003946503709081119,4,478,uncalibrated
0,logistic,1,0.0013131898057128786,5,478,uncalibrated
0,logistic,1,0.0004336647086527379,6,478,uncalibrated
0,logistic,1,0.000143332866688901,7,478,uncalibrated
0,logistic,1,4.775572071629966e-05,8,478,uncalibrated
0,logistic,1,1.55794461017044e-05,9,478,uncalibrated
0,logistic,1,5.093322372914819e-06,10,478,uncalibrated
0,logistic,1,1.4523247460654498e-05,11,478,uncalibrated
0,logistic,1,5.0335413232713625e-06,12,478,uncalibrated
0,logistic,1,1.5561826475251586e-06,13,478,uncalibrated
0,logistic,1,4.1505976422390713e-07,14,478,uncalibrated
0,logistic,1,1.30453951067051e-07,15,478,uncalibrated
0,logistic,1,0.10791408216943972,1,489,uncalibrated
0,logistic,1,0.038503498609091046,2,489,uncalibrated
0,logistic,1,0.0129888701805907,3,489,uncalibrated
0,logistic,1,0.004325961039910036,4,489,uncalibrated
0,logistic,1,0.0014161054794963324,5,489,uncalibrated
0,logistic,1,0.00046435172420376976,6,489,uncalibrated
0,logistic,1,0.00014889691856908294,7,489,uncalibrated
0,logistic,1,4.904522319427185e-05,8,489,uncalibrated
0,logistic,1,1.6139509226852826e-05,9,489,uncalibrated
0,logistic,1,4.892678774423922e-05,10,489,uncalibrated
0,logistic,1,1.7302025483813473e-05,11,489,uncalibrated
0,logistic,1,5.404365905546728e-06,12,489,uncalibrated
0,logistic,1,1.4478461730990832e-06,13,489,uncalibrated
0,logistic,1,4.6335359834047633e-07,14,489,uncalibrated
0,logistic,1,3.2913311983555006e-07,15,489,uncalibrated
0,logistic,1,0.1076475328849576,1,495,uncalibrated
0,logistic,1,0.03779158766171886,2,495,uncalibrated
0,logistic,1,0.012754839332507439,3,495,uncalibrated
0,logistic,1,0.004239411159443329,4,495,uncalibrated
0,logistic,1,0.0014000132100465623,5,495,uncalibrated
0,logistic,1,0.0004571865499381178,6,495,uncalibrated
0,logistic,1,0.00015071831895957397,7,495,uncalibrated
0,logistic,1,4.9583132347745945e-05,8,495,uncalibrated
0,logistic,1,1.627281888107385e-05,9,495,uncalibrated
0,logistic,1,5.304806350184968e-06,10,495,uncalibrated
0,logistic,1,1.729156241272464e-06,11,495,uncalibrated
0,logistic,1,5.673258993501807e-07,12,495,uncalibrated
0,logistic,1,1.8459472639621605e-07,13,495,uncalibrated
0,logistic,1,1e-07,14,495,uncalibrated
0,logistic,1,1e-07,15,495,uncalibrated
0,logistic,1,0.10916856013204844,1,496,uncalibrated
0,logistic,1,0.03815086953690571,2,496,uncalibrated
0,logistic,1,0.012939671671293184,3,496,uncalibrated
0,logistic,1,0.004313270452448147,4,496,uncalibrated
0,logistic,1,0.0013990135281574097,5,496,uncalibrated
0,logistic,1,0.00046001459369266937,6,496,uncalibrated
0,logistic,1,0.00015156958942592416,7,496,uncalibrated
0,logistic,1,4.9840924650488565e-05,8,496,uncalibrated
0,logistic,1,1.642190622836544e-05,9,496,uncalibrated
0,logistic,1,5.376914155256765e-06,10,496,uncalibrated
0,logistic,1,1.745778860002751e-06,11,496,uncalibrated
0,logistic,1,5.762728625518182e-07,12,496,uncalibrated
0,logistic,1,1.8988476923094146e-07,13,496,uncalibrated
0,logistic,1,1e-07,14,496,uncalibrated
0,logistic,1,1e-07,15,496,uncalibrated
0,histgb,1,0.7944717107270116,1,4,uncalibrated
0,histgb,1,0.26782058309248674,2,4,uncalibrated
0,histgb,1,0.09181759460153688,3,4,uncalibrated
0,histgb,1,0.031766962366157156,4,4,uncalibrated
0,histgb,1,0.005192916269302542,5,4,uncalibrated
0,histgb,1,0.004965659878672226,6,4,uncalibrated
0,histgb,1,0.004965659878672226,7,4,uncalibrated
0,histgb,1,0.004965659878672226,8,4,uncalibrated
0,histgb,1,0.004502970230411737,9,4,uncalibrated
0,histgb,1,0.004300649095823795,10,4,uncalibrated
0,histgb,1,0.004300649095823795,11,4,uncalibrated
0,histgb,1,0.004300649095823795,12,4,uncalibrated
0,histgb,1,0.004300649095823795,13,4,uncalibrated
0,histgb,1,0.004300649095823795,14,4,uncalibrated
0,histgb,1,0.004300649095823795,15,4,uncalibrated
0,histgb,1,0.5671033300883878,1,8,uncalibrated
0,histgb,1,0.20556668565400357,2,8,uncalibrated
0,histgb,1,0.08919576350557004,3,8,uncalibrated
0,histgb,1,0.031766962366157156,4,8,uncalibrated
0,histgb,1,0.005082557646499365,5,8,uncalibrated
0,histgb,1,0.004860107259795714,6,8,uncalibrated
0,histgb,1,0.004965659878672226,7,8,uncalibrated
0,histgb,1,0.004965659878672226,8,8,uncalibrated
0,histgb,1,0.004502970230411737,9,8,uncalibrated
0,histgb,1,0.004300649095823795,10,8,uncalibrated
0,histgb,1,0.004300649095823795,11,8,uncalibrated
0,histgb,1,0.004300649095823795,12,8,uncalibrated
0,histgb,1,0.004300649095823795,13,8,uncalibrated
0,histgb,1,0.004300649095823795,14,8,uncalibrated
0,histgb,1,0.004300649095823795,15,8,uncalibrated
1,histgb,1,0.7944717107270116,1,9,uncalibrated
1,histgb,1,0.9412395848672015,2,9,uncalibrated
1,histgb,1,0.9450390541226723,3,9,uncalibrated
0,histgb,1,0.813084659012371,4,9,uncalibrated
0,histgb,1,0.8537546849323542,5,9,uncalibrated
0,histgb,1,0.858280164170077,6,9,uncalibrated
0,histgb,1,0.7678407947126437,7,9,uncalibrated
0,histgb,1,0.7858531680626011,8,9,uncalibrated
0,histgb,1,0.5974646327176977,9,9,uncalibrated
1,histgb,1,0.4233947154820062,10,9,uncalibrated
1,histgb,1,0.07651876266935229,11,9,uncalibrated
1,histgb,1,0.052759299609172965,12,9,uncalibrated
1,histgb,1,0.0955329337023281,13,9,uncalibrated
1,histgb,1,0.11376765042963807,14,9,uncalibrated
0,histgb,1,0.10828422163876965,15,9,uncalibrated
1,histgb,1,0.9450390541226723,1,11,uncalibrated
0,histgb,1,0.8093127772152992,2,11,uncalibrated
0,histgb,1,0.9413406642418817,3,11,uncalibrated
0,histgb,1,0.9346325120515452,4,11,uncalibrated
0,histgb,1,0.9279619570307178,5,11,uncalibrated
0,histgb,1,0.9279619570307178,6,11,uncalibrated
0,histgb,1,0.9165342207118093,7,11,uncalibrated
0,histgb,1,0.8923990118131734,8,11,uncalibrated
0,histgb,1,0.8923990118131734,9,11,uncalibrated
0,histgb,1,0.35010520320947364,10,11,uncalibrated
0,histgb,1,0.507863924603039,11,11,uncalibrated
0,histgb,1,0.4805788883695727,12,11,uncalibrated
0,histgb,1,0.3891317372045262,13,11,uncalibrated
0,histgb,1,0.10909007997594054,14,11,uncalibrated
0,histgb,1,0.10909007997594054,15,11,uncalibrated
0,histgb,1,0.19539541858092818,1,16,uncalibrated
0,histgb,1,0.21514509134915386,2,16,uncalibrated
0,histgb,1,0.07211404766470315,3,16,uncalibrated
0,histgb,1,0.029543131056495812,4,16,uncalibrated
0,histgb,1,0.005141773414196655,5,16,uncalibrated
0,histgb,1,0.004860107259795714,6,16,uncalibrated
0,histgb,1,0.004860107259795714,7,16,uncalibrated
0,histgb,1,0.004860107259795714,8,16,uncalibrated
0,histgb,1,0.004502970230411737,9,16,uncalibrated
0,histgb,1,0.004300649095823795,10,16,uncalibrated
0,histgb,1,0.004300649095823795,11,16,uncalibrated
0,histgb,1,0.004300649095823795,12,16,uncalibrated
0,histgb,1,0.004300649095823795,13,16,uncalibrated
0,histgb,1,0.004300649095823795,14,16,uncalibrated
0,histgb,1,0.004300649095823795,15,16,uncalibrated
1,histgb,1,0.7405751439597852,1,21,uncalibrated
1,histgb,1,0.9412395848672015,2,21,uncalibrated
1,histgb,1,0.9419637313192744,3,21,uncalibrated
1,histgb,1,0.9290322047270686,4,21,uncalibrated
1,histgb,1,0.9279619570307178,5,21,uncalibrated
0,histgb,1,0.7720189366470255,6,21,uncalibrated
0,histgb,1,0.7687940974316629,7,21,uncalibrated
0,histgb,1,0.7876038468527281,8,21,uncalibrated
0,histgb,1,0.7357462599467927,9,21,uncalibrated
0,histgb,1,0.8440676065906112,10,21,uncalibrated
0,histgb,1,0.8357343400435325,11,21,uncalibrated
0,histgb,1,0.11704128253732506,12,21,uncalibrated
0,histgb,1,0.0989724509718719,13,21,uncalibrated
0,histgb,1,0.04827094612678771,14,21,uncalibrated
0,histgb,1,0.014708140692786148,15,21,uncalibrated
0,histgb,1,0.19539541858092818,1,28,uncalibrated
0,histgb,1,0.21514509134915386,2,28,uncalibrated
0,histgb,1,0.08576230458162568,3,28,uncalibrated
0,histgb,1,0.029543131056495812,4,28,uncalibrated
0,histgb,1,0.005082557646499365,5,28,uncalibrated
0,histgb,1,0.004860107259795714,6,28,uncalibrated
0,histgb,1,0.004860107259795714,7,28,uncalibrated
0,histgb,1,0.004860107259795714,8,28,uncalibrated
0,histgb,1,0.004502970230411737,9,28,uncalibrated
0,histgb,1,0.004300649095823795,10,28,uncalibrated
0,histgb,1,0.004300649095823795,11,28,uncalibrated
0,histgb,1,0.004300649095823795,12,28,uncalibrated
0,histgb,1,0.004300649095823795,13,28,uncalibrated
0,histgb,1,0.004300649095823795,14,28,uncalibrated
0,histgb,1,0.004300649095823795,15,28,uncalibrated
1,histgb,1,0.7405751439597852,1,33,uncalibrated
1,histgb,1,0.9412395848672015,2,33,uncalibrated
1,histgb,1,0.9450390541226723,3,33,uncalibrated
1,histgb,1,0.8231444568421176,4,33,uncalibrated
1,histgb,1,0.7961338683939726,5,33,uncalibrated
1,histgb,1,0.38930985280731445,6,33,uncalibrated
1,histgb,1,0.17555404900917418,7,33,uncalibrated
1,histgb,1,0.1875756000687794,8,33,uncalibrated
1,histgb,1,0.8482769670630155,9,33,uncalibrated
1,histgb,1,0.8448389572176803,10,33,uncalibrated
1,histgb,1,0.7025303460775485,11,33,uncalibrated
1,histgb,1,0.5011330684930586,12,33,uncalibrated
1,histgb,1,0.28051443960649036,13,33,uncalibrated
0,histgb,1,0.28120984804759663,14,33,uncalibrated
0,histgb,1,0.15741132423908336,15,33,uncalibrated
0,histgb,1,0.6429378561595627,1,42,uncalibrated
0,histgb,1,0.21514509134915386,2,42,uncalibrated
0,histgb,1,0.08576230458162568,3,42,uncalibrated
0,histgb,1,0.030801707308491782,4,42,uncalibrated
0,histgb,1,0.005082557646499365,5,42,uncalibrated
0,histgb,1,0.004860107259795714,6,42,uncalibrated
0,histgb,1,0.004860107259795714,7,42,uncalibrated
0,histgb,1,0.004860107259795714,8,42,uncalibrated
0,histgb,1,0.004502970230411737,9,42,uncalibrated
0,histgb,1,0.004300649095823795,10,42,uncalibrated
0,histgb,1,0.004300649095823795,11,42,uncalibrated
0,histgb,1,0.004300649095823795,12,42,uncalibrated
0,histgb,1,0.004300649095823795,13,42,uncalibrated
0,histgb,1,0.004300649095823795,14,42,uncalibrated
0,histgb,1,0.004300649095823795,15,42,uncalibrated
0,histgb,1,0.5671033300883878,1,45,uncalibrated
0,histgb,1,0.21514509134915386,2,45,uncalibrated
0,histgb,1,0.08576230458162568,3,45,uncalibrated
0,histgb,1,0.030801707308491782,4,45,uncalibrated
0,histgb,1,0.005082557646499365,5,45,uncalibrated
0,histgb,1,0.004860107259795714,6,45,uncalibrated
0,histgb,1,0.004860107259795714,7,45,uncalibrated
0,histgb,1,0.004860107259795714,8,45,uncalibrated
0,histgb,1,0.004502970230411737,9,45,uncalibrated
0,histgb,1,0.004300649095823795,10,45,uncalibrated
0,histgb,1,0.004300649095823795,11,45,uncalibrated
0,histgb,1,0.004300649095823795,12,45,uncalibrated
0,histgb,1,0.004300649095823795,13,45,uncalibrated
0,histgb,1,0.004300649095823795,14,45,uncalibrated
0,histgb,1,0.004300649095823795,15,45,uncalibrated
0,histgb,1,0.19539541858092818,1,48,uncalibrated
0,histgb,1,0.20329024282850483,2,48,uncalibrated
0,histgb,1,0.07211404766470315,3,48,uncalibrated
0,histgb,1,0.030456022983192443,4,48,uncalibrated
0,histgb,1,0.005082557646499365,5,48,uncalibrated
0,histgb,1,0.004860107259795714,6,48,uncalibrated
0,histgb,1,0.004965659878672226,7,48,uncalibrated
0,histgb,1,0.004965659878672226,8,48,uncalibrated
0,histgb,1,0.004502970230411737,9,48,uncalibrated
0,histgb,1,0.005373492895367943,10,48,uncalibrated
0,histgb,1,0.004300649095823795,11,48,uncalibrated
0,histgb,1,0.004300649095823795,12,48,uncalibrated
0,histgb,1,0.004300649095823795,13,48,uncalibrated
0,histgb,1,0.004300649095823795,14,48,uncalibrated
0,histgb,1,0.004300649095823795,15,48,uncalibrated
1,histgb,1,0.751500745002,1,62,uncalibrated
1,histgb,1,0.9412395848672015,2,62,uncalibrated
1,histgb,1,0.9450390541226723,3,62,uncalibrated
1,histgb,1,0.938644236181763,4,62,uncalibrated
0,histgb,1,0.7980600251853281,5,62,uncalibrated
1,histgb,1,0.8066379871989323,6,62,uncalibrated
0,histgb,1,0.7138690792640067,7,62,uncalibrated
0,histgb,1,0.6463839731327566,8,62,uncalibrated
0,histgb,1,0.7340916498599617,9,62,uncalibrated
1,histgb,1,0.6012027665637454,10,62,uncalibrated
0,histgb,1,0.34894883697764023,11,62,uncalibrated
0,histgb,1,0.09269748445001637,12,62,uncalibrated
0,histgb,1,0.2432099142427923,13,62,uncalibrated
0,histgb,1,0.12312328574083359,14,62,uncalibrated
0,histgb,1,0.19619639329225394,15,62,uncalibrated
1,histgb,1,0.6720283137472461,1,63,uncalibrated
1,histgb,1,0.9412395848672015,2,63,uncalibrated
0,histgb,1,0.7870542346098935,3,63,uncalibrated
0,histgb,1,0.5127312362903106,4,63,uncalibrated
0,histgb,1,0.45161181898244424,5,63,uncalibrated
0,histgb,1,0.19854576987447473,6,63,uncalibrated
0,histgb,1,0.02489386292060893,7,63,uncalibrated
0,histgb,1,0.005960305148191813,8,63,uncalibrated
0,histgb,1,0.005960305148191813,9,63,uncalibrated
0,histgb,1,0.005565218259563559,10,63,uncalibrated
0,histgb,1,0.006777172732462108,11,63,uncalibrated
0,histgb,1,0.006872766840156109,12,63,uncalibrated
0,histgb,1,0.006872766840156109,13,63,uncalibrated
0,histgb,1,0.006872766840156109,14,63,uncalibrated
0,histgb,1,0.006872766840156109,15,63,uncalibrated
0,histgb,1,0.5671033300883878,1,67,uncalibrated
0,histgb,1,0.9317062186938628,2,67,uncalibrated
0,histgb,1,0.7870542346098935,3,67,uncalibrated
0,histgb,1,0.45582258375586787,4,67,uncalibrated
0,histgb,1,0.8214616708823901,5,67,uncalibrated
0,histgb,1,0.5584490485010928,6,67,uncalibrated
0,histgb,1,0.16152843239056483,7,67,uncalibrated
0,histgb,1,0.13962159351855535,8,67,uncalibrated
0,histgb,1,0.004502970230411737,9,67,uncalibrated
0,histgb,1,0.004300649095823795,10,67,uncalibrated
0,histgb,1,0.005373492895367943,11,67,uncalibrated
0,histgb,1,0.004300649095823795,12,67,uncalibrated
0,histgb,1,0.004300649095823795,13,67,uncalibrated
0,histgb,1,0.004300649095823795,14,67,uncalibrated
0,histgb,1,0.004300649095823795,15,67,uncalibrated
0,histgb,1,0.6429378561595627,1,72,uncalibrated
0,histgb,1,0.21514509134915386,2,72,uncalibrated
0,histgb,1,0.08576230458162568,3,72,uncalibrated
0,histgb,1,0.030456022983192443,4,72,uncalibrated
0,histgb,1,0.005082557646499365,5,72,uncalibrated
0,histgb,1,0.004860107259795714,6,72,uncalibrated
0,histgb,1,0.004860107259795714,7,72,uncalibrated
0,histgb,1,0.004965659878672226,8,72,uncalibrated
0,histgb,1,0.004502970230411737,9,72,uncalibrated
0,histgb,1,0.004300649095823795,10,72,uncalibrated
0,histgb,1,0.004300649095823795,11,72,uncalibrated
0,histgb,1,0.004300649095823795,12,72,uncalibrated
0,histgb,1,0.004300649095823795,13,72,uncalibrated
0,histgb,1,0.004300649095823795,14,72,uncalibrated
0,histgb,1,0.004300649095823795,15,72,uncalibrated
0,histgb,1,0.6429378561595627,1,74,uncalibrated
0,histgb,1,0.20556668565400357,2,74,uncalibrated
0,histgb,1,0.08919576350557004,3,74,uncalibrated
0,histgb,1,0.030456022983192443,4,74,uncalibrated
0,histgb,1,0.005082557646499365,5,74,uncalibrated
0,histgb,1,0.004860107259795714,6,74,uncalibrated
0,histgb,1,0.004965659878672226,7,74,uncalibrated
0,histgb,1,0.004965659878672226,8,74,uncalibrated
0,histgb,1,0.004502970230411737,9,74,uncalibrated
0,histgb,1,0.004300649095823795,10,74,uncalibrated
0,histgb,1,0.004300649095823795,11,74,uncalibrated
0,histgb,1,0.004300649095823795,12,74,uncalibrated
0,histgb,1,0.004300649095823795,13,74,uncalibrated
0,histgb,1,0.004300649095823795,14,74,uncalibrated
0,histgb,1,0.004300649095823795,15,74,uncalibrated
0,histgb,1,0.6429378561595627,1,76,uncalibrated
0,histgb,1,0.21514509134915386,2,76,uncalibrated
0,histgb,1,0.06834893918641978,3,76,uncalibrated
0,histgb,1,0.029543131056495812,4,76,uncalibrated
0,histgb,1,0.008587780865290563,5,76,uncalibrated
0,histgb,1,0.004860107259795714,6,76,uncalibrated
0,histgb,1,0.004860107259795714,7,76,uncalibrated
0,histgb,1,0.004860107259795714,8,76,uncalibrated
0,histgb,1,0.004502970230411737,9,76,uncalibrated
0,histgb,1,0.004300649095823795,10,76,uncalibrated
0,histgb,1,0.004300649095823795,11,76,uncalibrated
0,histgb,1,0.004300649095823795,12,76,uncalibrated
0,histgb,1,0.004300649095823795,13,76,uncalibrated
0,histgb,1,0.004300649095823795,14,76,uncalibrated
0,histgb,1,0.004300649095823795,15,76,uncalibrated
0,histgb,1,0.751500745002,1,80,uncalibrated
0,histgb,1,0.26782058309248674,2,80,uncalibrated
0,histgb,1,0.09181759460153688,3,80,uncalibrated
0,histgb,1,0.0340778821060358,4,80,uncalibrated
0,histgb,1,0.005192916269302542,5,80,uncalibrated
0,histgb,1,0.03931110180895154,6,80,uncalibrated
0,histgb,1,0.15896172281537388,7,80,uncalibrated
0,histgb,1,0.11774609701073133,8,80,uncalibrated
0,histgb,1,0.004240678106968015,9,80,uncalibrated
0,histgb,1,0.03055277670338627,10,80,uncalibrated
0,histgb,1,0.04228608701306312,11,80,uncalibrated
0,histgb,1,0.021513924889242784,12,80,uncalibrated
0,histgb,1,0.004300649095823795,13,80,uncalibrated
0,histgb,1,0.004300649095823795,14,80,uncalibrated
0,histgb,1,0.004300649095823795,15,80,uncalibrated
0,histgb,1,0.7944717107270116,1,88,uncalibrated
0,histgb,1,0.2764354927682149,2,88,uncalibrated
0,histgb,1,0.3289178353710076,3,88,uncalibrated
0,histgb,1,0.11491425391764226,4,88,uncalibrated
0,histgb,1,0.4428609460570839,5,88,uncalibrated
0,histgb,1,0.08074996393677988,6,88,uncalibrated
0,histgb,1,0.014760846067703736,7,88,uncalibrated
0,histgb,1,0.004098862426022584,8,88,uncalibrated
0,histgb,1,0.004240678106968015,9,88,uncalibrated
0,histgb,1,0.005373492895367943,10,88,uncalibrated
0,histgb,1,0.004300649095823795,11,88,uncalibrated
0,histgb,1,0.004300649095823795,12,88,uncalibrated
0,histgb,1,0.004300649095823795,13,88,uncalibrated
0,histgb,1,0.004300649095823795,14,88,uncalibrated
0,histgb,1,0.004300649095823795,15,88,uncalibrated
0,histgb,1,0.19539541858092818,1,90,uncalibrated
0,histgb,1,0.21514509134915386,2,90,uncalibrated
0,histgb,1,0.07211404766470315,3,90,uncalibrated
0,histgb,1,0.029543131056495812,4,90,uncalibrated
0,histgb,1,0.005141773414196655,5,90,uncalibrated
0,histgb,1,0.036203321631850846,6,90,uncalibrated
0,histgb,1,0.004860107259795714,7,90,uncalibrated
0,histgb,1,0.004860107259795714,8,90,uncalibrated
0,histgb,1,0.004502970230411737,9,90,uncalibrated
0,histgb,1,0.004300649095823795,10,90,uncalibrated
0,histgb,1,0.004300649095823795,11,90,uncalibrated
0,histgb,1,0.004300649095823795,12,90,uncalibrated
0,histgb,1,0.005373492895367943,13,90,uncalibrated
0,histgb,1,0.004300649095823795,14,90,uncalibrated
0,histgb,1,0.004300649095823795,15,90,uncalibrated
0,histgb,1,0.5180938544207744,1,102,uncalibrated
0,histgb,1,0.21514509134915386,2,102,uncalibrated
0,histgb,1,0.08576230458162568,3,102,uncalibrated
0,histgb,1,0.030801707308491782,4,102,uncalibrated
0,histgb,1,0.005082557646499365,5,102,uncalibrated
0,histgb,1,0.004860107259795714,6,102,uncalibrated
0,histgb,1,0.004860107259795714,7,102,uncalibrated
0,histgb,1,0.004860107259795714,8,102,uncalibrated
0,histgb,1,0.004502970230411737,9,102,uncalibrated
0,histgb,1,0.004300649095823795,10,102,uncalibrated
0,histgb,1,0.004300649095823795,11,102,uncalibrated
0,histgb,1,0.004300649095823795,12,102,uncalibrated
0,histgb,1,0.004300649095823795,13,102,uncalibrated
0,histgb,1,0.004300649095823795,14,102,uncalibrated
0,histgb,1,0.004300649095823795,15,102,uncalibrated
1,histgb,1,0.9450390541226723,1,103,uncalibrated
1,histgb,1,0.8093127772152992,2,103,uncalibrated
1,histgb,1,0.8127838083810249,3,103,uncalibrated
1,histgb,1,0.32793814641869273,4,103,uncalibrated
1,histgb,1,0.8010196641922754,5,103,uncalibrated
1,histgb,1,0.7679355979768763,6,103,uncalibrated
1,histgb,1,0.6468466713485927,7,103,uncalibrated
1,histgb,1,0.3846523740426113,8,103,uncalibrated
1,histgb,1,0.8965398560085646,9,103,uncalibrated
1,histgb,1,0.8546550190877561,10,103,uncalibrated
1,histgb,1,0.7253122040160649,11,103,uncalibrated
1,histgb,1,0.4805788883695727,12,103,uncalibrated
0,histgb,1,0.22017443709724396,13,103,uncalibrated
0,histgb,1,0.24088661112330648,14,103,uncalibrated
0,histgb,1,0.24088661112330648,15,103,uncalibrated
0,histgb,1,0.6953628259971215,1,107,uncalibrated
0,histgb,1,0.9279439136723767,2,107,uncalibrated
0,histgb,1,0.7870542346098935,3,107,uncalibrated
0,histgb,1,0.45582258375586787,4,107,uncalibrated
0,histgb,1,0.1180004000188733,5,107,uncalibrated
0,histgb,1,0.025391299425084203,6,107,uncalibrated
0,histgb,1,0.004965659878672226,7,107,uncalibrated
0,histgb,1,0.004965659878672226,8,107,uncalibrated
0,histgb,1,0.004502970230411737,9,107,uncalibrated
0,histgb,1,0.004300649095823795,10,107,uncalibrated
0,histgb,1,0.004300649095823795,11,107,uncalibrated
0,histgb,1,0.004300649095823795,12,107,uncalibrated
0,histgb,1,0.004300649095823795,13,107,uncalibrated
0,histgb,1,0.004300649095823795,14,107,uncalibrated
0,histgb,1,0.004300649095823795,15,107,uncalibrated
1,histgb,1,0.9450390541226723,1,109,uncalibrated
1,histgb,1,0.9450390541226723,2,109,uncalibrated
1,histgb,1,0.938644236181763,3,109,uncalibrated
1,histgb,1,0.9206282614520336,4,109,uncalibrated
0,histgb,1,0.8079591127773372,5,109,uncalibrated
0,histgb,1,0.6310005877486344,6,109,uncalibrated
0,histgb,1,0.8658917213067031,7,109,uncalibrated
0,histgb,1,0.8923990118131734,8,109,uncalibrated
0,histgb,1,0.8923990118131734,9,109,uncalibrated
0,histgb,1,0.8923990118131734,10,109,uncalibrated
0,histgb,1,0.57444202779925,11,109,uncalibrated
0,histgb,1,0.20558748074716962,12,109,uncalibrated
0,histgb,1,0.5490265609429947,13,109,uncalibrated
0,histgb,1,0.10909007997594054,14,109,uncalibrated
0,histgb,1,0.10909007997594054,15,109,uncalibrated
0,histgb,1,0.5671033300883878,1,117,uncalibrated
0,histgb,1,0.21514509134915386,2,117,uncalibrated
0,histgb,1,0.08576230458162568,3,117,uncalibrated
0,histgb,1,0.05057078425641692,4,117,uncalibrated
0,histgb,1,0.005082557646499365,5,117,uncalibrated
0,histgb,1,0.004860107259795714,6,117,uncalibrated
0,histgb,1,0.004860107259795714,7,117,uncalibrated
0,histgb,1,0.004965659878672226,8,117,uncalibrated
0,histgb,1,0.004502970230411737,9,117,uncalibrated
0,histgb,1,0.004300649095823795,10,117,uncalibrated
0,histgb,1,0.004300649095823795,11,117,uncalibrated
0,histgb,1,0.004300649095823795,12,117,uncalibrated
0,histgb,1,0.004300649095823795,13,117,uncalibrated
0,histgb,1,0.004300649095823795,14,117,uncalibrated
0,histgb,1,0.004300649095823795,15,117,uncalibrated
1,histgb,1,0.9450390541226723,1,118,uncalibrated
0,histgb,1,0.802509762045246,2,118,uncalibrated
0,histgb,1,0.2764354927682149,3,118,uncalibrated
0,histgb,1,0.3291417839314576,4,118,uncalibrated
0,histgb,1,0.08954036258309953,5,118,uncalibrated
0,histgb,1,0.033087378462646574,6,118,uncalibrated
0,histgb,1,0.004636196893285544,7,118,uncalibrated
0,histgb,1,0.004098862426022584,8,118,uncalibrated
0,histgb,1,0.004098862426022584,9,118,uncalibrated
0,histgb,1,0.004240678106968015,10,118,uncalibrated
0,histgb,1,0.004300649095823795,11,118,uncalibrated
0,histgb,1,0.004300649095823795,12,118,uncalibrated
0,histgb,1,0.004300649095823795,13,118,uncalibrated
0,histgb,1,0.004300649095823795,14,118,uncalibrated
0,histgb,1,0.004300649095823795,15,118,uncalibrated
0,histgb,1,0.19539541858092818,1,128,uncalibrated
0,histgb,1,0.20329024282850483,2,128,uncalibrated
0,histgb,1,0.07211404766470315,3,128,uncalibrated
0,histgb,1,0.026096785118547794,4,128,uncalibrated
0,histgb,1,0.005141773414196655,5,128,uncalibrated
0,histgb,1,0.004916744114607521,6,128,uncalibrated
0,histgb,1,0.008213182393689062,7,128,uncalibrated
0,histgb,1,0.004860107259795714,8,128,uncalibrated
0,histgb,1,0.004502970230411737,9,128,uncalibrated
0,histgb,1,0.004300649095823795,10,128,uncalibrated
0,histgb,1,0.004300649095823795,11,128,uncalibrated
0,histgb,1,0.004300649095823795,12,128,uncalibrated
0,histgb,1,0.004300649095823795,13,128,uncalibrated
0,histgb,1,0.004300649095823795,14,128,uncalibrated
0,histgb,1,0.004300649095823795,15,128,uncalibrated
0,histgb,1,0.5180938544207744,1,141,uncalibrated
0,histgb,1,0.21514509134915386,2,141,uncalibrated
0,histgb,1,0.06834893918641978,3,141,uncalibrated
0,histgb,1,0.029543131056495812,4,141,uncalibrated
0,histgb,1,0.005082557646499365,5,141,uncalibrated
0,histgb,1,0.004860107259795714,6,141,uncalibrated
0,histgb,1,0.004860107259795714,7,141,uncalibrated
0,histgb,1,0.004860107259795714,8,141,uncalibrated
0,histgb,1,0.004502970230411737,9,141,uncalibrated
0,histgb,1,0.004300649095823795,10,141,uncalibrated
0,histgb,1,0.004300649095823795,11,141,uncalibrated
0,histgb,1,0.004300649095823795,12,141,uncalibrated
0,histgb,1,0.004300649095823795,13,141,uncalibrated
0,histgb,1,0.004300649095823795,14,141,uncalibrated
0,histgb,1,0.004300649095823795,15,141,uncalibrated
0,histgb,1,0.6953628259971215,1,143,uncalibrated
0,histgb,1,0.26782058309248674,2,143,uncalibrated
0,histgb,1,0.09181759460153688,3,143,uncalibrated
0,histgb,1,0.0340778821060358,4,143,uncalibrated
0,histgb,1,0.005192916269302542,5,143,uncalibrated
0,histgb,1,0.004965659878672226,6,143,uncalibrated
0,histgb,1,0.004636196893285544,7,143,uncalibrated
0,histgb,1,0.004636196893285544,8,143,uncalibrated
0,histgb,1,0.004240678106968015,9,143,uncalibrated
0,histgb,1,0.004300649095823795,10,143,uncalibrated
0,histgb,1,0.004300649095823795,11,143,uncalibrated
0,histgb,1,0.004300649095823795,12,143,uncalibrated
0,histgb,1,0.004300649095823795,13,143,uncalibrated
0,histgb,1,0.004300649095823795,14,143,uncalibrated
0,histgb,1,0.004300649095823795,15,143,uncalibrated
0,histgb,1,0.19539541858092818,1,148,uncalibrated
0,histgb,1,0.21514509134915386,2,148,uncalibrated
0,histgb,1,0.06834893918641978,3,148,uncalibrated
0,histgb,1,0.029543131056495812,4,148,uncalibrated
0,histgb,1,0.005082557646499365,5,148,uncalibrated
0,histgb,1,0.004860107259795714,6,148,uncalibrated
0,histgb,1,0.004965659878672226,7,148,uncalibrated
0,histgb,1,0.004965659878672226,8,148,uncalibrated
0,histgb,1,0.004502970230411737,9,148,uncalibrated
0,histgb,1,0.004300649095823795,10,148,uncalibrated
0,histgb,1,0.004300649095823795,11,148,uncalibrated
0,histgb,1,0.004300649095823795,12,148,uncalibrated
0,histgb,1,0.004300649095823795,13,148,uncalibrated
0,histgb,1,0.004300649095823795,14,148,uncalibrated
0,histgb,1,0.004300649095823795,15,148,uncalibrated
0,histgb,1,0.751500745002,1,149,uncalibrated
0,histgb,1,0.26782058309248674,2,149,uncalibrated
0,histgb,1,0.09181759460153688,3,149,uncalibrated
0,histgb,1,0.0340778821060358,4,149,uncalibrated
0,histgb,1,0.037481444169858276,5,149,uncalibrated
0,histgb,1,0.004965659878672226,6,149,uncalibrated
0,histgb,1,0.004636196893285544,7,149,uncalibrated
0,histgb,1,0.004098862426022584,8,149,uncalibrated
0,histgb,1,0.004240678106968015,9,149,uncalibrated
0,histgb,1,0.004300649095823795,10,149,uncalibrated
0,histgb,1,0.004300649095823795,11,149,uncalibrated
0,histgb,1,0.004300649095823795,12,149,uncalibrated
0,histgb,1,0.004300649095823795,13,149,uncalibrated
0,histgb,1,0.004300649095823795,14,149,uncalibrated
0,histgb,1,0.004300649095823795,15,149,uncalibrated
1,histgb,1,0.9450390541226723,1,150,uncalibrated
1,histgb,1,0.9450390541226723,2,150,uncalibrated
0,histgb,1,0.8202677064471474,3,150,uncalibrated
0,histgb,1,0.8110045117988401,4,150,uncalibrated
0,histgb,1,0.800087604621845,5,150,uncalibrated
0,histgb,1,0.17448238558797305,6,150,uncalibrated
0,histgb,1,0.11707009738668257,7,150,uncalibrated
0,histgb,1,0.08815120243706213,8,150,uncalibrated
0,histgb,1,0.33421473924735495,9,150,uncalibrated
0,histgb,1,0.3981067446940173,10,150,uncalibrated
0,histgb,1,0.24535258060702778,11,150,uncalibrated
0,histgb,1,0.08997778931711871,12,150,uncalibrated
0,histgb,1,0.01338965781244009,13,150,uncalibrated
0,histgb,1,0.013595202612476555,14,150,uncalibrated
0,histgb,1,0.014742356222253696,15,150,uncalibrated
0,histgb,1,0.19539541858092818,1,167,uncalibrated
0,histgb,1,0.20329024282850483,2,167,uncalibrated
0,histgb,1,0.07211404766470315,3,167,uncalibrated
0,histgb,1,0.024670380419228446,4,167,uncalibrated
0,histgb,1,0.005141773414196655,5,167,uncalibrated
0,histgb,1,0.004916744114607521,6,167,uncalibrated
0,histgb,1,0.004860107259795714,7,167,uncalibrated
0,histgb,1,0.004860107259795714,8,167,uncalibrated
0,histgb,1,0.004502970230411737,9,167,uncalibrated
0,histgb,1,0.004300649095823795,10,167,uncalibrated
0,histgb,1,0.004300649095823795,11,167,uncalibrated
0,histgb,1,0.004300649095823795,12,167,uncalibrated
0,histgb,1,0.004300649095823795,13,167,uncalibrated
0,histgb,1,0.004300649095823795,14,167,uncalibrated
0,histgb,1,0.004300649095823795,15,167,uncalibrated
0,histgb,1,0.751500745002,1,173,uncalibrated
0,histgb,1,0.26782058309248674,2,173,uncalibrated
0,histgb,1,0.09181759460153688,3,173,uncalibrated
0,histgb,1,0.04039106041954396,4,173,uncalibrated
0,histgb,1,0.005192916269302542,5,173,uncalibrated
0,histgb,1,0.004965659878672226,6,173,uncalibrated
0,histgb,1,0.004636196893285544,7,173,uncalibrated
0,histgb,1,0.004098862426022584,8,173,uncalibrated
0,histgb,1,0.004240678106968015,9,173,uncalibrated
0,histgb,1,0.004300649095823795,10,173,uncalibrated
0,histgb,1,0.004300649095823795,11,173,uncalibrated
0,histgb,1,0.004300649095823795,12,173,uncalibrated
0,histgb,1,0.004300649095823795,13,173,uncalibrated
0,histgb,1,0.004300649095823795,14,173,uncalibrated
0,histgb,1,0.004300649095823795,15,173,uncalibrated
0,histgb,1,0.19539541858092818,1,177,uncalibrated
0,histgb,1,0.20329024282850483,2,177,uncalibrated
0,histgb,1,0.07211404766470315,3,177,uncalibrated
0,histgb,1,0.029543131056495812,4,177,uncalibrated
0,histgb,1,0.005141773414196655,5,177,uncalibrated
0,histgb,1,0.004860107259795714,6,177,uncalibrated
0,histgb,1,0.006071662958013623,7,177,uncalibrated
0,histgb,1,0.004860107259795714,8,177,uncalibrated
0,histgb,1,0.004502970230411737,9,177,uncalibrated
0,histgb,1,0.005373492895367943,10,177,uncalibrated
0,histgb,1,0.004300649095823795,11,177,uncalibrated
0,histgb,1,0.004300649095823795,12,177,uncalibrated
0,histgb,1,0.004300649095823795,13,177,uncalibrated
0,histgb,1,0.004300649095823795,14,177,uncalibrated
0,histgb,1,0.004300649095823795,15,177,uncalibrated
0,histgb,1,0.751500745002,1,179,uncalibrated
0,histgb,1,0.7944717107270116,2,179,uncalibrated
0,histgb,1,0.8127838083810249,3,179,uncalibrated
0,histgb,1,0.3291417839314576,4,179,uncalibrated
0,histgb,1,0.8010196641922754,5,179,uncalibrated
0,histgb,1,0.38201025702920743,6,179,uncalibrated
0,histgb,1,0.7589477001151971,7,179,uncalibrated
0,histgb,1,0.30852172381392406,8,179,uncalibrated
0,histgb,1,0.08022556623021823,9,179,uncalibrated
0,histgb,1,0.07918785005819025,10,179,uncalibrated
0,histgb,1,0.004300649095823795,11,179,uncalibrated
0,histgb,1,0.004300649095823795,12,179,uncalibrated
0,histgb,1,0.004300649095823795,13,179,uncalibrated
0,histgb,1,0.004300649095823795,14,179,uncalibrated
0,histgb,1,0.004300649095823795,15,179,uncalibrated
0,histgb,1,0.19539541858092818,1,181,uncalibrated
0,histgb,1,0.21514509134915386,2,181,uncalibrated
0,histgb,1,0.08576230458162568,3,181,uncalibrated
0,histgb,1,0.030801707308491782,4,181,uncalibrated
0,histgb,1,0.005082557646499365,5,181,uncalibrated
0,histgb,1,0.004860107259795714,6,181,uncalibrated
0,histgb,1,0.004860107259795714,7,181,uncalibrated
0,histgb,1,0.004965659878672226,8,181,uncalibrated
0,histgb,1,0.004502970230411737,9,181,uncalibrated
0,histgb,1,0.004300649095823795,10,181,uncalibrated
0,histgb,1,0.004300649095823795,11,181,uncalibrated
0,histgb,1,0.004300649095823795,12,181,uncalibrated
0,histgb,1,0.004300649095823795,13,181,uncalibrated
0,histgb,1,0.004300649095823795,14,181,uncalibrated
0,histgb,1,0.004300649095823795,15,181,uncalibrated
0,histgb,1,0.5671033300883878,1,195,uncalibrated
0,histgb,1,0.21514509134915386,2,195,uncalibrated
0,histgb,1,0.08576230458162568,3,195,uncalibrated
0,histgb,1,0.030801707308491782,4,195,uncalibrated
0,histgb,1,0.005082557646499365,5,195,uncalibrated
0,histgb,1,0.004860107259795714,6,195,uncalibrated
0,histgb,1,0.004860107259795714,7,195,uncalibrated
0,histgb,1,0.004860107259795714,8,195,uncalibrated
0,histgb,1,0.004502970230411737,9,195,uncalibrated
0,histgb,1,0.004300649095823795,10,195,uncalibrated
0,histgb,1,0.004300649095823795,11,195,uncalibrated
0,histgb,1,0.004300649095823795,12,195,uncalibrated
0,histgb,1,0.004300649095823795,13,195,uncalibrated
0,histgb,1,0.004300649095823795,14,195,uncalibrated
0,histgb,1,0.004300649095823795,15,195,uncalibrated
0,histgb,1,0.6429378561595627,1,209,uncalibrated
0,histgb,1,0.21514509134915386,2,209,uncalibrated
0,histgb,1,0.08576230458162568,3,209,uncalibrated
0,histgb,1,0.030456022983192443,4,209,uncalibrated
0,histgb,1,0.005082557646499365,5,209,uncalibrated
0,histgb,1,0.004860107259795714,6,209,uncalibrated
0,histgb,1,0.004965659878672226,7,209,uncalibrated
0,histgb,1,0.004965659878672226,8,209,uncalibrated
0,histgb,1,0.004502970230411737,9,209,uncalibrated
0,histgb,1,0.004300649095823795,10,209,uncalibrated
0,histgb,1,0.005373492895367943,11,209,uncalibrated
0,histgb,1,0.004300649095823795,12,209,uncalibrated
0,histgb,1,0.004300649095823795,13,209,uncalibrated
0,histgb,1,0.004300649095823795,14,209,uncalibrated
0,histgb,1,0.004300649095823795,15,209,uncalibrated
0,histgb,1,0.5180938544207744,1,211,uncalibrated
0,histgb,1,0.21514509134915386,2,211,uncalibrated
0,histgb,1,0.07211404766470315,3,211,uncalibrated
0,histgb,1,0.029543131056495812,4,211,uncalibrated
0,histgb,1,0.008587780865290563,5,211,uncalibrated
0,histgb,1,0.004860107259795714,6,211,uncalibrated
0,histgb,1,0.004860107259795714,7,211,uncalibrated
0,histgb,1,0.004860107259795714,8,211,uncalibrated
0,histgb,1,0.004502970230411737,9,211,uncalibrated
0,histgb,1,0.004300649095823795,10,211,uncalibrated
0,histgb,1,0.004300649095823795,11,211,uncalibrated
0,histgb,1,0.004300649095823795,12,211,uncalibrated
0,histgb,1,0.004300649095823795,13,211,uncalibrated
0,histgb,1,0.004300649095823795,14,211,uncalibrated
0,histgb,1,0.004300649095823795,15,211,uncalibrated
0,histgb,1,0.6429378561595627,1,221,uncalibrated
0,histgb,1,0.2594700328396189,2,221,uncalibrated
0,histgb,1,0.14099112727396673,3,221,uncalibrated
0,histgb,1,0.031766962366157156,4,221,uncalibrated
0,histgb,1,0.005082557646499365,5,221,uncalibrated
0,histgb,1,0.004965659878672226,6,221,uncalibrated
0,histgb,1,0.004965659878672226,7,221,uncalibrated
0,histgb,1,0.004965659878672226,8,221,uncalibrated
0,histgb,1,0.004502970230411737,9,221,uncalibrated
0,histgb,1,0.004300649095823795,10,221,uncalibrated
0,histgb,1,0.004300649095823795,11,221,uncalibrated
0,histgb,1,0.004300649095823795,12,221,uncalibrated
0,histgb,1,0.004300649095823795,13,221,uncalibrated
0,histgb,1,0.004300649095823795,14,221,uncalibrated
0,histgb,1,0.004300649095823795,15,221,uncalibrated
1,histgb,1,0.6429378561595627,1,222,uncalibrated
1,histgb,1,0.9412395848672015,2,222,uncalibrated
0,histgb,1,0.7870542346098935,3,222,uncalibrated
0,histgb,1,0.5127312362903106,4,222,uncalibrated
0,histgb,1,0.44039387557589244,5,222,uncalibrated
0,histgb,1,0.1618486818105842,6,222,uncalibrated
0,histgb,1,0.1565943622533117,7,222,uncalibrated
0,histgb,1,0.017973594968007628,8,222,uncalibrated
0,histgb,1,0.017973594968007628,9,222,uncalibrated
0,histgb,1,0.005960305148191813,10,222,uncalibrated
0,histgb,1,0.005405440035265902,11,222,uncalibrated
0,histgb,1,0.005162780684773904,12,222,uncalibrated
0,histgb,1,0.005162780684773904,13,222,uncalibrated
0,histgb,1,0.005162780684773904,14,222,uncalibrated
0,histgb,1,0.005162780684773904,15,222,uncalibrated
0,histgb,1,0.5180938544207744,1,225,uncalibrated
0,histgb,1,0.21514509134915386,2,225,uncalibrated
0,histgb,1,0.08576230458162568,3,225,uncalibrated
0,histgb,1,0.030801707308491782,4,225,uncalibrated
0,histgb,1,0.005082557646499365,5,225,uncalibrated
0,histgb,1,0.004860107259795714,6,225,uncalibrated
0,histgb,1,0.004860107259795714,7,225,uncalibrated
0,histgb,1,0.004860107259795714,8,225,uncalibrated
0,histgb,1,0.004502970230411737,9,225,uncalibrated
0,histgb,1,0.004300649095823795,10,225,uncalibrated
0,histgb,1,0.004300649095823795,11,225,uncalibrated
0,histgb,1,0.004300649095823795,12,225,uncalibrated
0,histgb,1,0.004300649095823795,13,225,uncalibrated
0,histgb,1,0.004300649095823795,14,225,uncalibrated
0,histgb,1,0.004300649095823795,15,225,uncalibrated
0,histgb,1,0.5180938544207744,1,227,uncalibrated
0,histgb,1,0.21514509134915386,2,227,uncalibrated
0,histgb,1,0.07211404766470315,3,227,uncalibrated
0,histgb,1,0.029543131056495812,4,227,uncalibrated
0,histgb,1,0.005141773414196655,5,227,uncalibrated
0,histgb,1,0.004860107259795714,6,227,uncalibrated
0,histgb,1,0.004860107259795714,7,227,uncalibrated
0,histgb,1,0.004860107259795714,8,227,uncalibrated
0,histgb,1,0.004502970230411737,9,227,uncalibrated
0,histgb,1,0.004300649095823795,10,227,uncalibrated
0,histgb,1,0.004300649095823795,11,227,uncalibrated
0,histgb,1,0.004300649095823795,12,227,uncalibrated
0,histgb,1,0.004300649095823795,13,227,uncalibrated
0,histgb,1,0.004300649095823795,14,227,uncalibrated
0,histgb,1,0.004300649095823795,15,227,uncalibrated
1,histgb,1,0.7944717107270116,1,228,uncalibrated
1,histgb,1,0.9412395848672015,2,228,uncalibrated
1,histgb,1,0.9371945541734663,3,228,uncalibrated
0,histgb,1,0.8054496750051858,4,228,uncalibrated
0,histgb,1,0.8028209903686309,5,228,uncalibrated
0,histgb,1,0.6827233682844734,6,228,uncalibrated
0,histgb,1,0.5458454942239013,7,228,uncalibrated
0,histgb,1,0.6430777704013642,8,228,uncalibrated
0,histgb,1,0.5967862496516116,9,228,uncalibrated
0,histgb,1,0.14933669158262328,10,228,uncalibrated
0,histgb,1,0.07807776026211148,11,228,uncalibrated
0,histgb,1,0.06847259921490569,12,228,uncalibrated
0,histgb,1,0.027752663886643478,13,228,uncalibrated
0,histgb,1,0.02284998546929808,14,228,uncalibrated
0,histgb,1,0.019936686197381672,15,228,uncalibrated
1,histgb,1,0.6429378561595627,1,236,uncalibrated
1,histgb,1,0.9412395848672015,2,236,uncalibrated
1,histgb,1,0.9437314079926273,3,236,uncalibrated
1,histgb,1,0.9371945541734663,4,236,uncalibrated
1,histgb,1,0.9346325120515452,5,236,uncalibrated
1,histgb,1,0.9279619570307178,6,236,uncalibrated
1,histgb,1,0.9165342207118093,7,236,uncalibrated
1,histgb,1,0.8949142808797267,8,236,uncalibrated
0,histgb,1,0.6257123746107893,9,236,uncalibrated
0,histgb,1,0.5752561954864612,10,236,uncalibrated
0,histgb,1,0.6269081219737349,11,236,uncalibrated
0,histgb,1,0.5532169280071482,12,236,uncalibrated
1,histgb,1,0.4129713396789737,13,236,uncalibrated
0,histgb,1,0.19890751293535333,14,236,uncalibrated
0,histgb,1,0.08217304929509021,15,236,uncalibrated
0,histgb,1,0.6429378561595627,1,251,uncalibrated
0,histgb,1,0.2594700328396189,2,251,uncalibrated
0,histgb,1,0.09181759460153688,3,251,uncalibrated
0,histgb,1,0.031766962366157156,4,251,uncalibrated
0,histgb,1,0.005192916269302542,5,251,uncalibrated
0,histgb,1,0.004965659878672226,6,251,uncalibrated
0,histgb,1,0.004965659878672226,7,251,uncalibrated
0,histgb,1,0.004636196893285544,8,251,uncalibrated
0,histgb,1,0.004502970230411737,9,251,uncalibrated
0,histgb,1,0.004300649095823795,10,251,uncalibrated
0,histgb,1,0.004300649095823795,11,251,uncalibrated
0,histgb,1,0.004300649095823795,12,251,uncalibrated
0,histgb,1,0.004300649095823795,13,251,uncalibrated
0,histgb,1,0.004300649095823795,14,251,uncalibrated
0,histgb,1,0.004300649095823795,15,251,uncalibrated
0,histgb,1,0.19539541858092818,1,253,uncalibrated
0,histgb,1,0.20329024282850483,2,253,uncalibrated
0,histgb,1,0.07211404766470315,3,253,uncalibrated
0,histgb,1,0.024670380419228446,4,253,uncalibrated
0,histgb,1,0.005141773414196655,5,253,uncalibrated
0,histgb,1,0.004916744114607521,6,253,uncalibrated
0,histgb,1,0.004860107259795714,7,253,uncalibrated
0,histgb,1,0.004860107259795714,8,253,uncalibrated
0,histgb,1,0.004502970230411737,9,253,uncalibrated
0,histgb,1,0.004300649095823795,10,253,uncalibrated
0,histgb,1,0.004300649095823795,11,253,uncalibrated
0,histgb,1,0.004300649095823795,12,253,uncalibrated
0,histgb,1,0.004300649095823795,13,253,uncalibrated
0,histgb,1,0.004300649095823795,14,253,uncalibrated
0,histgb,1,0.004300649095823795,15,253,uncalibrated
0,histgb,1,0.6953628259971215,1,254,uncalibrated
0,histgb,1,0.20556668565400357,2,254,uncalibrated
0,histgb,1,0.08919576350557004,3,254,uncalibrated
0,histgb,1,0.030456022983192443,4,254,uncalibrated
0,histgb,1,0.005082557646499365,5,254,uncalibrated
0,histgb,1,0.004860107259795714,6,254,uncalibrated
0,histgb,1,0.004965659878672226,7,254,uncalibrated
0,histgb,1,0.004965659878672226,8,254,uncalibrated
0,histgb,1,0.004502970230411737,9,254,uncalibrated
0,histgb,1,0.004300649095823795,10,254,uncalibrated
0,histgb,1,0.004300649095823795,11,254,uncalibrated
0,histgb,1,0.004300649095823795,12,254,uncalibrated
0,histgb,1,0.004300649095823795,13,254,uncalibrated
0,histgb,1,0.004300649095823795,14,254,uncalibrated
0,histgb,1,0.004300649095823795,15,254,uncalibrated
0,histgb,1,0.5671033300883878,1,257,uncalibrated
0,histgb,1,0.21514509134915386,2,257,uncalibrated
0,histgb,1,0.08576230458162568,3,257,uncalibrated
0,histgb,1,0.05057078425641692,4,257,uncalibrated
0,histgb,1,0.005082557646499365,5,257,uncalibrated
0,histgb,1,0.004860107259795714,6,257,uncalibrated
0,histgb,1,0.004860107259795714,7,257,uncalibrated
0,histgb,1,0.004965659878672226,8,257,uncalibrated
0,histgb,1,0.004502970230411737,9,257,uncalibrated
0,histgb,1,0.004300649095823795,10,257,uncalibrated
0,histgb,1,0.004300649095823795,11,257,uncalibrated
0,histgb,1,0.004300649095823795,12,257,uncalibrated
0,histgb,1,0.004300649095823795,13,257,uncalibrated
0,histgb,1,0.004300649095823795,14,257,uncalibrated
0,histgb,1,0.004300649095823795,15,257,uncalibrated
0,histgb,1,0.6953628259971215,1,260,uncalibrated
0,histgb,1,0.2594700328396189,2,260,uncalibrated
0,histgb,1,0.09181759460153688,3,260,uncalibrated
0,histgb,1,0.031766962366157156,4,260,uncalibrated
0,histgb,1,0.005192916269302542,5,260,uncalibrated
0,histgb,1,0.004965659878672226,6,260,uncalibrated
0,histgb,1,0.004965659878672226,7,260,uncalibrated
0,histgb,1,0.004965659878672226,8,260,uncalibrated
0,histgb,1,0.004502970230411737,9,260,uncalibrated
0,histgb,1,0.004300649095823795,10,260,uncalibrated
0,histgb,1,0.004300649095823795,11,260,uncalibrated
0,histgb,1,0.004300649095823795,12,260,uncalibrated
0,histgb,1,0.004300649095823795,13,260,uncalibrated
0,histgb,1,0.004300649095823795,14,260,uncalibrated
0,histgb,1,0.004300649095823795,15,260,uncalibrated
0,histgb,1,0.6429378561595627,1,261,uncalibrated
0,histgb,1,0.21514509134915386,2,261,uncalibrated
0,histgb,1,0.08576230458162568,3,261,uncalibrated
0,histgb,1,0.030456022983192443,4,261,uncalibrated
0,histgb,1,0.005082557646499365,5,261,uncalibrated
0,histgb,1,0.004860107259795714,6,261,uncalibrated
0,histgb,1,0.004860107259795714,7,261,uncalibrated
0,histgb,1,0.004965659878672226,8,261,uncalibrated
0,histgb,1,0.004502970230411737,9,261,uncalibrated
0,histgb,1,0.004300649095823795,10,261,uncalibrated
0,histgb,1,0.004300649095823795,11,261,uncalibrated
0,histgb,1,0.004300649095823795,12,261,uncalibrated
0,histgb,1,0.004300649095823795,13,261,uncalibrated
0,histgb,1,0.004300649095823795,14,261,uncalibrated
0,histgb,1,0.004300649095823795,15,261,uncalibrated
0,histgb,1,0.6720283137472461,1,264,uncalibrated
0,histgb,1,0.2594700328396189,2,264,uncalibrated
0,histgb,1,0.792613813247488,3,264,uncalibrated
0,histgb,1,0.8214616708823901,4,264,uncalibrated
0,histgb,1,0.8217297675137717,5,264,uncalibrated
0,histgb,1,0.7979682690033565,6,264,uncalibrated
0,histgb,1,0.33595629085432616,7,264,uncalibrated
0,histgb,1,0.16397032274584747,8,264,uncalibrated
0,histgb,1,0.10679345567568717,9,264,uncalibrated
0,histgb,1,0.01553560420953602,10,264,uncalibrated
0,histgb,1,0.051165610350969754,11,264,uncalibrated
0,histgb,1,0.1574485006561079,12,264,uncalibrated
0,histgb,1,0.19213881994090573,13,264,uncalibrated
0,histgb,1,0.17934702687638548,14,264,uncalibrated
0,histgb,1,0.09976210120100029,15,264,uncalibrated
0,histgb,1,0.5671033300883878,1,273,uncalibrated
0,histgb,1,0.21514509134915386,2,273,uncalibrated
0,histgb,1,0.08576230458162568,3,273,uncalibrated
0,histgb,1,0.030801707308491782,4,273,uncalibrated
0,histgb,1,0.005082557646499365,5,273,uncalibrated
0,histgb,1,0.004860107259795714,6,273,uncalibrated
0,histgb,1,0.004860107259795714,7,273,uncalibrated
0,histgb,1,0.004860107259795714,8,273,uncalibrated
0,histgb,1,0.004502970230411737,9,273,uncalibrated
0,histgb,1,0.004300649095823795,10,273,uncalibrated
0,histgb,1,0.004300649095823795,11,273,uncalibrated
0,histgb,1,0.004300649095823795,12,273,uncalibrated
0,histgb,1,0.004300649095823795,13,273,uncalibrated
0,histgb,1,0.004300649095823795,14,273,uncalibrated
0,histgb,1,0.004300649095823795,15,273,uncalibrated
0,histgb,1,0.751500745002,1,284,uncalibrated
0,histgb,1,0.26782058309248674,2,284,uncalibrated
0,histgb,1,0.09181759460153688,3,284,uncalibrated
0,histgb,1,0.43160924136446277,4,284,uncalibrated
0,histgb,1,0.8123842314488264,5,284,uncalibrated
0,histgb,1,0.9365237363496871,6,284,uncalibrated
0,histgb,1,0.9206619972869732,7,284,uncalibrated
0,histgb,1,0.8949142808797267,8,284,uncalibrated
0,histgb,1,0.816947329294695,9,284,uncalibrated
0,histgb,1,0.7828220375982387,10,284,uncalibrated
0,histgb,1,0.8167018341552601,11,284,uncalibrated
0,histgb,1,0.6636858633025401,12,284,uncalibrated
0,histgb,1,0.12466353509458676,13,284,uncalibrated
0,histgb,1,0.029535583403468676,14,284,uncalibrated
0,histgb,1,0.019937492047373002,15,284,uncalibrated
1,histgb,1,0.9450390541226723,1,285,uncalibrated
1,histgb,1,0.9450390541226723,2,285,uncalibrated
0,histgb,1,0.8202677064471474,3,285,uncalibrated
0,histgb,1,0.8110045117988401,4,285,uncalibrated
0,histgb,1,0.800087604621845,5,285,uncalibrated
0,histgb,1,0.9308402838542899,6,285,uncalibrated
0,histgb,1,0.9187070278585636,7,285,uncalibrated
0,histgb,1,0.9008858590003013,8,285,uncalibrated
0,histgb,1,0.9008858590003013,9,285,uncalibrated
0,histgb,1,0.8957358828497067,10,285,uncalibrated
0,histgb,1,0.8642616354610484,11,285,uncalibrated
0,histgb,1,0.35794615297169713,12,285,uncalibrated
0,histgb,1,0.277373113879644,13,285,uncalibrated
0,histgb,1,0.26073824586709177,14,285,uncalibrated
0,histgb,1,0.26073824586709177,15,285,uncalibrated
0,histgb,1,0.7944717107270116,1,290,uncalibrated
0,histgb,1,0.9412395848672015,2,290,uncalibrated
0,histgb,1,0.9371945541734663,3,290,uncalibrated
0,histgb,1,0.9325873581711265,4,290,uncalibrated
0,histgb,1,0.9279619570307178,5,290,uncalibrated
0,histgb,1,0.9279619570307178,6,290,uncalibrated
0,histgb,1,0.914486985934341,7,290,uncalibrated
0,histgb,1,0.39743122735928177,8,290,uncalibrated
0,histgb,1,0.33795221863843794,9,290,uncalibrated
0,histgb,1,0.10359610300755653,10,290,uncalibrated
0,histgb,1,0.032524332390575034,11,290,uncalibrated
0,histgb,1,0.028413451216015646,12,290,uncalibrated
0,histgb,1,0.040418337495184566,13,290,uncalibrated
0,histgb,1,0.026449927675701767,14,290,uncalibrated
0,histgb,1,0.026449927675701767,15,290,uncalibrated
0,histgb,1,0.6720283137472461,1,291,uncalibrated
0,histgb,1,0.9412395848672015,2,291,uncalibrated
0,histgb,1,0.9450390541226723,3,291,uncalibrated
1,histgb,1,0.8302972382114361,4,291,uncalibrated
0,histgb,1,0.8801268176523074,5,291,uncalibrated
0,histgb,1,0.7190399190901617,6,291,uncalibrated
0,histgb,1,0.3676143726588581,7,291,uncalibrated
0,histgb,1,0.312794597364193,8,291,uncalibrated
0,histgb,1,0.13952393316217251,9,291,uncalibrated
0,histgb,1,0.017285134551723404,10,291,uncalibrated
0,histgb,1,0.035510800914423664,11,291,uncalibrated
0,histgb,1,0.008728850850156167,12,291,uncalibrated
0,histgb,1,0.00871660195064305,13,291,uncalibrated
0,histgb,1,0.005162780684773904,14,291,uncalibrated
0,histgb,1,0.005162780684773904,15,291,uncalibrated
0,histgb,1,0.6429378561595627,1,293,uncalibrated
0,histgb,1,0.2594700328396189,2,293,uncalibrated
0,histgb,1,0.08825440449012141,3,293,uncalibrated
0,histgb,1,0.031766962366157156,4,293,uncalibrated
0,histgb,1,0.005082557646499365,5,293,uncalibrated
0,histgb,1,0.004965659878672226,6,293,uncalibrated
0,histgb,1,0.004965659878672226,7,293,uncalibrated
0,histgb,1,0.004965659878672226,8,293,uncalibrated
0,histgb,1,0.004502970230411737,9,293,uncalibrated
0,histgb,1,0.004300649095823795,10,293,uncalibrated
0,histgb,1,0.004300649095823795,11,293,uncalibrated
0,histgb,1,0.004300649095823795,12,293,uncalibrated
0,histgb,1,0.004300649095823795,13,293,uncalibrated
0,histgb,1,0.004300649095823795,14,293,uncalibrated
0,histgb,1,0.004300649095823795,15,293,uncalibrated
0,histgb,1,0.5671033300883878,1,299,uncalibrated
0,histgb,1,0.21514509134915386,2,299,uncalibrated
0,histgb,1,0.08576230458162568,3,299,uncalibrated
0,histgb,1,0.05057078425641692,4,299,uncalibrated
0,histgb,1,0.005082557646499365,5,299,uncalibrated
0,histgb,1,0.004860107259795714,6,299,uncalibrated
0,histgb,1,0.004860107259795714,7,299,uncalibrated
0,histgb,1,0.004965659878672226,8,299,uncalibrated
0,histgb,1,0.004502970230411737,9,299,uncalibrated
0,histgb,1,0.004300649095823795,10,299,uncalibrated
0,histgb,1,0.005373492895367943,11,299,uncalibrated
0,histgb,1,0.004300649095823795,12,299,uncalibrated
0,histgb,1,0.004300649095823795,13,299,uncalibrated
0,histgb,1,0.004300649095823795,14,299,uncalibrated
0,histgb,1,0.004300649095823795,15,299,uncalibrated
0,histgb,1,0.7944717107270116,1,303,uncalibrated
0,histgb,1,0.2764354927682149,2,303,uncalibrated
0,histgb,1,0.09805455866986418,3,303,uncalibrated
0,histgb,1,0.11491425391764226,4,303,uncalibrated
0,histgb,1,0.033087378462646574,5,303,uncalibrated
0,histgb,1,0.02699007240691653,6,303,uncalibrated
0,histgb,1,0.004098862426022584,7,303,uncalibrated
0,histgb,1,0.004098862426022584,8,303,uncalibrated
0,histgb,1,0.004240678106968015,9,303,uncalibrated
0,histgb,1,0.004300649095823795,10,303,uncalibrated
0,histgb,1,0.004300649095823795,11,303,uncalibrated
0,histgb,1,0.004300649095823795,12,303,uncalibrated
0,histgb,1,0.004300649095823795,13,303,uncalibrated
0,histgb,1,0.004300649095823795,14,303,uncalibrated
0,histgb,1,0.004300649095823795,15,303,uncalibrated
0,histgb,1,0.751500745002,1,315,uncalibrated
0,histgb,1,0.2594700328396189,2,315,uncalibrated
0,histgb,1,0.09181759460153688,3,315,uncalibrated
0,histgb,1,0.031766962366157156,4,315,uncalibrated
0,histgb,1,0.005192916269302542,5,315,uncalibrated
0,histgb,1,0.004965659878672226,6,315,uncalibrated
0,histgb,1,0.004965659878672226,7,315,uncalibrated
0,histgb,1,0.004965659878672226,8,315,uncalibrated
0,histgb,1,0.004502970230411737,9,315,uncalibrated
0,histgb,1,0.004300649095823795,10,315,uncalibrated
0,histgb,1,0.004300649095823795,11,315,uncalibrated
0,histgb,1,0.004300649095823795,12,315,uncalibrated
0,histgb,1,0.004300649095823795,13,315,uncalibrated
0,histgb,1,0.004300649095823795,14,315,uncalibrated
0,histgb,1,0.004300649095823795,15,315,uncalibrated
1,histgb,1,0.9450390541226723,1,326,uncalibrated
1,histgb,1,0.9450390541226723,2,326,uncalibrated
0,histgb,1,0.8093127772152992,3,326,uncalibrated
0,histgb,1,0.8062143143596282,4,326,uncalibrated
0,histgb,1,0.800087604621845,5,326,uncalibrated
0,histgb,1,0.7244985728395746,6,326,uncalibrated
0,histgb,1,0.17448238558797305,7,326,uncalibrated
0,histgb,1,0.037068209498684494,8,326,uncalibrated
0,histgb,1,0.15631489567780377,9,326,uncalibrated
0,histgb,1,0.10287065572955498,10,326,uncalibrated
0,histgb,1,0.18232074831537573,11,326,uncalibrated
0,histgb,1,0.06493434119367147,12,326,uncalibrated
0,histgb,1,0.0215224436637142,13,326,uncalibrated
0,histgb,1,0.021609008029447374,14,326,uncalibrated
0,histgb,1,0.021609008029447374,15,326,uncalibrated
0,histgb,1,0.751500745002,1,328,uncalibrated
0,histgb,1,0.9412395848672015,2,328,uncalibrated
0,histgb,1,0.7942531549204633,3,328,uncalibrated
0,histgb,1,0.5401275955396988,4,328,uncalibrated
0,histgb,1,0.8058040661777137,5,328,uncalibrated
0,histgb,1,0.9318709086404724,6,328,uncalibrated
0,histgb,1,0.8275688723646081,7,328,uncalibrated
0,histgb,1,0.5229564651064493,8,328,uncalibrated
0,histgb,1,0.0952782455600399,9,328,uncalibrated
0,histgb,1,0.024576987407910898,10,328,uncalibrated
0,histgb,1,0.004300649095823795,11,328,uncalibrated
0,histgb,1,0.004300649095823795,12,328,uncalibrated
0,histgb,1,0.004300649095823795,13,328,uncalibrated
0,histgb,1,0.004300649095823795,14,328,uncalibrated
0,histgb,1,0.004300649095823795,15,328,uncalibrated
0,histgb,1,0.751500745002,1,331,uncalibrated
0,histgb,1,0.26782058309248674,2,331,uncalibrated
0,histgb,1,0.7996726227802528,3,331,uncalibrated
0,histgb,1,0.5401275955396988,4,331,uncalibrated
0,histgb,1,0.1523926241577443,5,331,uncalibrated
0,histgb,1,0.02645394715627579,6,331,uncalibrated
0,histgb,1,0.15896172281537388,7,331,uncalibrated
0,histgb,1,0.11774609701073133,8,331,uncalibrated
0,histgb,1,0.004240678106968015,9,331,uncalibrated
0,histgb,1,0.004300649095823795,10,331,uncalibrated
0,histgb,1,0.004300649095823795,11,331,uncalibrated
0,histgb,1,0.004300649095823795,12,331,uncalibrated
0,histgb,1,0.004300649095823795,13,331,uncalibrated
0,histgb,1,0.004300649095823795,14,331,uncalibrated
0,histgb,1,0.004300649095823795,15,331,uncalibrated
0,histgb,1,0.7405751439597852,1,335,uncalibrated
0,histgb,1,0.26782058309248674,2,335,uncalibrated
0,histgb,1,0.09181759460153688,3,335,uncalibrated
0,histgb,1,0.04039106041954396,4,335,uncalibrated
0,histgb,1,0.005192916269302542,5,335,uncalibrated
0,histgb,1,0.004965659878672226,6,335,uncalibrated
0,histgb,1,0.004636196893285544,7,335,uncalibrated
0,histgb,1,0.004098862426022584,8,335,uncalibrated
0,histgb,1,0.004240678106968015,9,335,uncalibrated
0,histgb,1,0.004300649095823795,10,335,uncalibrated
0,histgb,1,0.004300649095823795,11,335,uncalibrated
0,histgb,1,0.004300649095823795,12,335,uncalibrated
0,histgb,1,0.004300649095823795,13,335,uncalibrated
0,histgb,1,0.004300649095823795,14,335,uncalibrated
0,histgb,1,0.004300649095823795,15,335,uncalibrated
0,histgb,1,0.5180938544207744,1,337,uncalibrated
0,histgb,1,0.21514509134915386,2,337,uncalibrated
0,histgb,1,0.08576230458162568,3,337,uncalibrated
0,histgb,1,0.030456022983192443,4,337,uncalibrated
0,histgb,1,0.005082557646499365,5,337,uncalibrated
0,histgb,1,0.004860107259795714,6,337,uncalibrated
0,histgb,1,0.006203364320450727,7,337,uncalibrated
0,histgb,1,0.004965659878672226,8,337,uncalibrated
0,histgb,1,0.004502970230411737,9,337,uncalibrated
0,histgb,1,0.004300649095823795,10,337,uncalibrated
0,histgb,1,0.004300649095823795,11,337,uncalibrated
0,histgb,1,0.004300649095823795,12,337,uncalibrated
0,histgb,1,0.004300649095823795,13,337,uncalibrated
0,histgb,1,0.004300649095823795,14,337,uncalibrated
0,histgb,1,0.004300649095823795,15,337,uncalibrated
0,histgb,1,0.6953628259971215,1,339,uncalibrated
0,histgb,1,0.9412395848672015,2,339,uncalibrated
0,histgb,1,0.7870542346098935,3,339,uncalibrated
0,histgb,1,0.4666307821524124,4,339,uncalibrated
0,histgb,1,0.1522616410344074,5,339,uncalibrated
0,histgb,1,0.032342348806105425,6,339,uncalibrated
0,histgb,1,0.004965659878672226,7,339,uncalibrated
0,histgb,1,0.004965659878672226,8,339,uncalibrated
0,histgb,1,0.004502970230411737,9,339,uncalibrated
0,histgb,1,0.004300649095823795,10,339,uncalibrated
0,histgb,1,0.004300649095823795,11,339,uncalibrated
0,histgb,1,0.004300649095823795,12,339,uncalibrated
0,histgb,1,0.004300649095823795,13,339,uncalibrated
0,histgb,1,0.004300649095823795,14,339,uncalibrated
0,histgb,1,0.004300649095823795,15,339,uncalibrated
0,histgb,1,0.6429378561595627,1,348,uncalibrated
0,histgb,1,0.2594700328396189,2,348,uncalibrated
0,histgb,1,0.08919576350557004,3,348,uncalibrated
0,histgb,1,0.031766962366157156,4,348,uncalibrated
0,histgb,1,0.005082557646499365,5,348,uncalibrated
0,histgb,1,0.004860107259795714,6,348,uncalibrated
0,histgb,1,0.004965659878672226,7,348,uncalibrated
0,histgb,1,0.004965659878672226,8,348,uncalibrated
0,histgb,1,0.005626000065045094,9,348,uncalibrated
0,histgb,1,0.005373492895367943,10,348,uncalibrated
0,histgb,1,0.005373492895367943,11,348,uncalibrated
0,histgb,1,0.004300649095823795,12,348,uncalibrated
0,histgb,1,0.004300649095823795,13,348,uncalibrated
0,histgb,1,0.004300649095823795,14,348,uncalibrated
0,histgb,1,0.004300649095823795,15,348,uncalibrated
0,histgb,1,0.5180938544207744,1,367,uncalibrated
0,histgb,1,0.21514509134915386,2,367,uncalibrated
0,histgb,1,0.07211404766470315,3,367,uncalibrated
0,histgb,1,0.029543131056495812,4,367,uncalibrated
0,histgb,1,0.005141773414196655,5,367,uncalibrated
0,histgb,1,0.004860107259795714,6,367,uncalibrated
0,histgb,1,0.004860107259795714,7,367,uncalibrated
0,histgb,1,0.004860107259795714,8,367,uncalibrated
0,histgb,1,0.004502970230411737,9,367,uncalibrated
0,histgb,1,0.004300649095823795,10,367,uncalibrated
0,histgb,1,0.004300649095823795,11,367,uncalibrated
0,histgb,1,0.004300649095823795,12,367,uncalibrated
0,histgb,1,0.004300649095823795,13,367,uncalibrated
0,histgb,1,0.004300649095823795,14,367,uncalibrated
0,histgb,1,0.004300649095823795,15,367,uncalibrated
1,histgb,1,0.5671033300883878,1,369,uncalibrated
1,histgb,1,0.21514509134915386,2,369,uncalibrated
1,histgb,1,0.792613813247488,3,369,uncalibrated
1,histgb,1,0.9412395848672015,4,369,uncalibrated
0,histgb,1,0.8218250598094028,5,369,uncalibrated
0,histgb,1,0.6140714773811081,6,369,uncalibrated
0,histgb,1,0.5424024255722641,7,369,uncalibrated
0,histgb,1,0.4907775915733079,8,369,uncalibrated
0,histgb,1,0.13142976961976474,9,369,uncalibrated
0,histgb,1,0.14020715688458396,10,369,uncalibrated
0,histgb,1,0.01699911495598725,11,369,uncalibrated
0,histgb,1,0.01699911495598725,12,369,uncalibrated
0,histgb,1,0.0163187313906181,13,369,uncalibrated
0,histgb,1,0.015593837115613244,14,369,uncalibrated
0,histgb,1,0.005162780684773904,15,369,uncalibrated
1,histgb,1,0.7405751439597852,1,371,uncalibrated
1,histgb,1,0.9412395848672015,2,371,uncalibrated
1,histgb,1,0.9419637313192744,3,371,uncalibrated
1,histgb,1,0.938644236181763,4,371,uncalibrated
0,histgb,1,0.807605369566462,5,371,uncalibrated
0,histgb,1,0.7935048870501475,6,371,uncalibrated
0,histgb,1,0.34129176572863357,7,371,uncalibrated
0,histgb,1,0.08795774330448525,8,371,uncalibrated
0,histgb,1,0.7460178317478756,9,371,uncalibrated
1,histgb,1,0.5414166501638484,10,371,uncalibrated
1,histgb,1,0.5922999448072814,11,371,uncalibrated
0,histgb,1,0.28402972060941295,12,371,uncalibrated
1,histgb,1,0.30642481174695224,13,371,uncalibrated
0,histgb,1,0.18721090698312473,14,371,uncalibrated
0,histgb,1,0.07184582560356172,15,371,uncalibrated
0,histgb,1,0.5671033300883878,1,373,uncalibrated
0,histgb,1,0.21514509134915386,2,373,uncalibrated
0,histgb,1,0.08576230458162568,3,373,uncalibrated
0,histgb,1,0.030456022983192443,4,373,uncalibrated
0,histgb,1,0.005082557646499365,5,373,uncalibrated
0,histgb,1,0.004860107259795714,6,373,uncalibrated
0,histgb,1,0.004965659878672226,7,373,uncalibrated
0,histgb,1,0.004965659878672226,8,373,uncalibrated
0,histgb,1,0.004502970230411737,9,373,uncalibrated
0,histgb,1,0.004300649095823795,10,373,uncalibrated
0,histgb,1,0.004300649095823795,11,373,uncalibrated
0,histgb,1,0.004300649095823795,12,373,uncalibrated
0,histgb,1,0.004300649095823795,13,373,uncalibrated
0,histgb,1,0.004300649095823795,14,373,uncalibrated
0,histgb,1,0.004300649095823795,15,373,uncalibrated
1,histgb,1,0.9450390541226723,1,376,uncalibrated
0,histgb,1,0.8093127772152992,2,376,uncalibrated
0,histgb,1,0.2764354927682149,3,376,uncalibrated
0,histgb,1,0.3291417839314576,4,376,uncalibrated
0,histgb,1,0.08954036258309953,5,376,uncalibrated
0,histgb,1,0.033087378462646574,6,376,uncalibrated
0,histgb,1,0.004098862426022584,7,376,uncalibrated
0,histgb,1,0.004098862426022584,8,376,uncalibrated
0,histgb,1,0.005121627266480603,9,376,uncalibrated
0,histgb,1,0.004240678106968015,10,376,uncalibrated
0,histgb,1,0.004300649095823795,11,376,uncalibrated
0,histgb,1,0.004300649095823795,12,376,uncalibrated
0,histgb,1,0.004300649095823795,13,376,uncalibrated
0,histgb,1,0.004300649095823795,14,376,uncalibrated
0,histgb,1,0.004300649095823795,15,376,uncalibrated
0,histgb,1,0.5671033300883878,1,377,uncalibrated
0,histgb,1,0.20556668565400357,2,377,uncalibrated
0,histgb,1,0.08919576350557004,3,377,uncalibrated
0,histgb,1,0.031766962366157156,4,377,uncalibrated
0,histgb,1,0.005082557646499365,5,377,uncalibrated
0,histgb,1,0.004965659878672226,6,377,uncalibrated
0,histgb,1,0.004965659878672226,7,377,uncalibrated
0,histgb,1,0.004965659878672226,8,377,uncalibrated
0,histgb,1,0.004502970230411737,9,377,uncalibrated
0,histgb,1,0.005373492895367943,10,377,uncalibrated
0,histgb,1,0.004300649095823795,11,377,uncalibrated
0,histgb,1,0.005373492895367943,12,377,uncalibrated
0,histgb,1,0.004300649095823795,13,377,uncalibrated
0,histgb,1,0.004300649095823795,14,377,uncalibrated
0,histgb,1,0.004300649095823795,15,377,uncalibrated
0,histgb,1,0.6953628259971215,1,378,uncalibrated
0,histgb,1,0.9412395848672015,2,378,uncalibrated
0,histgb,1,0.7942531549204633,3,378,uncalibrated
0,histgb,1,0.4666307821524124,4,378,uncalibrated
0,histgb,1,0.1522616410344074,5,378,uncalibrated
0,histgb,1,0.11041825207104254,6,378,uncalibrated
0,histgb,1,0.02645394715627579,7,378,uncalibrated
0,histgb,1,0.004965659878672226,8,378,uncalibrated
0,histgb,1,0.004502970230411737,9,378,uncalibrated
0,histgb,1,0.004300649095823795,10,378,uncalibrated
0,histgb,1,0.005373492895367943,11,378,uncalibrated
0,histgb,1,0.004300649095823795,12,378,uncalibrated
0,histgb,1,0.004300649095823795,13,378,uncalibrated
0,histgb,1,0.004300649095823795,14,378,uncalibrated
0,histgb,1,0.004300649095823795,15,378,uncalibrated
0,histgb,1,0.6720283137472461,1,383,uncalibrated
0,histgb,1,0.26782058309248674,2,383,uncalibrated
0,histgb,1,0.09181759460153688,3,383,uncalibrated
0,histgb,1,0.04039106041954396,4,383,uncalibrated
0,histgb,1,0.005192916269302542,5,383,uncalibrated
0,histgb,1,0.004965659878672226,6,383,uncalibrated
0,histgb,1,0.004965659878672226,7,383,uncalibrated
0,histgb,1,0.004636196893285544,8,383,uncalibrated
0,histgb,1,0.004240678106968015,9,383,uncalibrated
0,histgb,1,0.004300649095823795,10,383,uncalibrated
0,histgb,1,0.004300649095823795,11,383,uncalibrated
0,histgb,1,0.004300649095823795,12,383,uncalibrated
0,histgb,1,0.004300649095823795,13,383,uncalibrated
0,histgb,1,0.004300649095823795,14,383,uncalibrated
0,histgb,1,0.004300649095823795,15,383,uncalibrated
1,histgb,1,0.7944717107270116,1,390,uncalibrated
1,histgb,1,0.9412395848672015,2,390,uncalibrated
0,histgb,1,0.8015736780750939,3,390,uncalibrated
0,histgb,1,0.5855181164204539,4,390,uncalibrated
0,histgb,1,0.2872518480374318,5,390,uncalibrated
0,histgb,1,0.13294632012042448,6,390,uncalibrated
0,histgb,1,0.04934965706033888,7,390,uncalibrated
0,histgb,1,0.06609924102281144,8,390,uncalibrated
0,histgb,1,0.033774766215590016,9,390,uncalibrated
0,histgb,1,0.00492074266784381,10,390,uncalibrated
0,histgb,1,0.020121540762884072,11,390,uncalibrated
0,histgb,1,0.005162780684773904,12,390,uncalibrated
0,histgb,1,0.005162780684773904,13,390,uncalibrated
0,histgb,1,0.005162780684773904,14,390,uncalibrated
0,histgb,1,0.005162780684773904,15,390,uncalibrated
0,histgb,1,0.7944717107270116,1,391,uncalibrated
0,histgb,1,0.8014831212730522,2,391,uncalibrated
0,histgb,1,0.2764354927682149,3,391,uncalibrated
0,histgb,1,0.11491425391764226,4,391,uncalibrated
0,histgb,1,0.033087378462646574,5,391,uncalibrated
0,histgb,1,0.02699007240691653,6,391,uncalibrated
0,histgb,1,0.07255981368597525,7,391,uncalibrated
0,histgb,1,0.014228990112825121,8,391,uncalibrated
0,histgb,1,0.004240678106968015,9,391,uncalibrated
0,histgb,1,0.004300649095823795,10,391,uncalibrated
0,histgb,1,0.004300649095823795,11,391,uncalibrated
0,histgb,1,0.004300649095823795,12,391,uncalibrated
0,histgb,1,0.004300649095823795,13,391,uncalibrated
0,histgb,1,0.004300649095823795,14,391,uncalibrated
0,histgb,1,0.004300649095823795,15,391,uncalibrated
0,histgb,1,0.5671033300883878,1,395,uncalibrated
0,histgb,1,0.21514509134915386,2,395,uncalibrated
0,histgb,1,0.06834893918641978,3,395,uncalibrated
0,histgb,1,0.029543131056495812,4,395,uncalibrated
0,histgb,1,0.005082557646499365,5,395,uncalibrated
0,histgb,1,0.004860107259795714,6,395,uncalibrated
0,histgb,1,0.004860107259795714,7,395,uncalibrated
0,histgb,1,0.004860107259795714,8,395,uncalibrated
0,histgb,1,0.004502970230411737,9,395,uncalibrated
0,histgb,1,0.004300649095823795,10,395,uncalibrated
0,histgb,1,0.004300649095823795,11,395,uncalibrated
0,histgb,1,0.004300649095823795,12,395,uncalibrated
0,histgb,1,0.004300649095823795,13,395,uncalibrated
0,histgb,1,0.004300649095823795,14,395,uncalibrated
0,histgb,1,0.004300649095823795,15,395,uncalibrated
0,histgb,1,0.5671033300883878,1,407,uncalibrated
0,histgb,1,0.21514509134915386,2,407,uncalibrated
0,histgb,1,0.06834893918641978,3,407,uncalibrated
0,histgb,1,0.029543131056495812,4,407,uncalibrated
0,histgb,1,0.008587780865290563,5,407,uncalibrated
0,histgb,1,0.004860107259795714,6,407,uncalibrated
0,histgb,1,0.004860107259795714,7,407,uncalibrated
0,histgb,1,0.004860107259795714,8,407,uncalibrated
0,histgb,1,0.004502970230411737,9,407,uncalibrated
0,histgb,1,0.004300649095823795,10,407,uncalibrated
0,histgb,1,0.004300649095823795,11,407,uncalibrated
0,histgb,1,0.004300649095823795,12,407,uncalibrated
0,histgb,1,0.004300649095823795,13,407,uncalibrated
0,histgb,1,0.004300649095823795,14,407,uncalibrated
0,histgb,1,0.004300649095823795,15,407,uncalibrated
1,histgb,1,0.9450390541226723,1,408,uncalibrated
1,histgb,1,0.9450390541226723,2,408,uncalibrated
1,histgb,1,0.938644236181763,3,408,uncalibrated
1,histgb,1,0.9206282614520336,4,408,uncalibrated
1,histgb,1,0.915382853080531,5,408,uncalibrated
1,histgb,1,0.915382853080531,6,408,uncalibrated
1,histgb,1,0.7701618234046612,7,408,uncalibrated
1,histgb,1,0.5923016805665698,8,408,uncalibrated
1,histgb,1,0.5923016805665698,9,408,uncalibrated
0,histgb,1,0.22031537377955923,10,408,uncalibrated
0,histgb,1,0.7216372739223298,11,408,uncalibrated
0,histgb,1,0.6589547279750138,12,408,uncalibrated
0,histgb,1,0.4272494448718804,13,408,uncalibrated
0,histgb,1,0.40668467607623165,14,408,uncalibrated
0,histgb,1,0.40668467607623165,15,408,uncalibrated
1,histgb,1,0.9450390541226723,1,412,uncalibrated
1,histgb,1,0.9450390541226723,2,412,uncalibrated
1,histgb,1,0.938644236181763,3,412,uncalibrated
0,histgb,1,0.8185436573409529,4,412,uncalibrated
0,histgb,1,0.9308402838542899,5,412,uncalibrated
0,histgb,1,0.9315667755841883,6,412,uncalibrated
0,histgb,1,0.9209927858024043,7,412,uncalibrated
0,histgb,1,0.9008858590003013,8,412,uncalibrated
0,histgb,1,0.9008858590003013,9,412,uncalibrated
0,histgb,1,0.8923990118131734,10,412,uncalibrated
1,histgb,1,0.48171086320505896,11,412,uncalibrated
1,histgb,1,0.3427347049774016,12,412,uncalibrated
1,histgb,1,0.14482527280620483,13,412,uncalibrated
1,histgb,1,0.14533410649176803,14,412,uncalibrated
1,histgb,1,0.15584108478929726,15,412,uncalibrated
0,histgb,1,0.6953628259971215,1,418,uncalibrated
0,histgb,1,0.26782058309248674,2,418,uncalibrated
0,histgb,1,0.09181759460153688,3,418,uncalibrated
0,histgb,1,0.031766962366157156,4,418,uncalibrated
0,histgb,1,0.005192916269302542,5,418,uncalibrated
0,histgb,1,0.004965659878672226,6,418,uncalibrated
0,histgb,1,0.004965659878672226,7,418,uncalibrated
0,histgb,1,0.004965659878672226,8,418,uncalibrated
0,histgb,1,0.004502970230411737,9,418,uncalibrated
0,histgb,1,0.004300649095823795,10,418,uncalibrated
0,histgb,1,0.004300649095823795,11,418,uncalibrated
0,histgb,1,0.004300649095823795,12,418,uncalibrated
0,histgb,1,0.004300649095823795,13,418,uncalibrated
0,histgb,1,0.004300649095823795,14,418,uncalibrated
0,histgb,1,0.004300649095823795,15,418,uncalibrated
0,histgb,1,0.751500745002,1,421,uncalibrated
0,histgb,1,0.8014831212730522,2,421,uncalibrated
0,histgb,1,0.2764354927682149,3,421,uncalibrated
0,histgb,1,0.8044364364703657,4,421,uncalibrated
0,histgb,1,0.8028209903686309,5,421,uncalibrated
0,histgb,1,0.759823715742089,6,421,uncalibrated
0,histgb,1,0.28671351273780565,7,421,uncalibrated
0,histgb,1,0.10839895800721529,8,421,uncalibrated
0,histgb,1,0.035172479824077924,9,421,uncalibrated
0,histgb,1,0.012098712865625272,10,421,uncalibrated
0,histgb,1,0.02089724389715911,11,421,uncalibrated
0,histgb,1,0.007355837744063719,12,421,uncalibrated
0,histgb,1,0.01891768843945377,13,421,uncalibrated
0,histgb,1,0.008398862890480144,14,421,uncalibrated
0,histgb,1,0.004421106559467599,15,421,uncalibrated
1,histgb,1,0.6429378561595627,1,425,uncalibrated
1,histgb,1,0.9317062186938628,2,425,uncalibrated
1,histgb,1,0.9437314079926273,3,425,uncalibrated
1,histgb,1,0.9450390541226723,4,425,uncalibrated
1,histgb,1,0.938644236181763,5,425,uncalibrated
1,histgb,1,0.9346325120515452,6,425,uncalibrated
1,histgb,1,0.917759200226781,7,425,uncalibrated
1,histgb,1,0.8949142808797267,8,425,uncalibrated
1,histgb,1,0.8096327200980358,9,425,uncalibrated
1,histgb,1,0.5684904774593659,10,425,uncalibrated
0,histgb,1,0.8327256442710035,11,425,uncalibrated
0,histgb,1,0.1410152067139815,12,425,uncalibrated
0,histgb,1,0.12372813727487307,13,425,uncalibrated
0,histgb,1,0.10272052202311008,14,425,uncalibrated
0,histgb,1,0.7317214264182013,15,425,uncalibrated
0,histgb,1,0.5180938544207744,1,438,uncalibrated
0,histgb,1,0.21514509134915386,2,438,uncalibrated
0,histgb,1,0.07211404766470315,3,438,uncalibrated
0,histgb,1,0.029543131056495812,4,438,uncalibrated
0,histgb,1,0.005082557646499365,5,438,uncalibrated
0,histgb,1,0.004860107259795714,6,438,uncalibrated
0,histgb,1,0.004860107259795714,7,438,uncalibrated
0,histgb,1,0.004860107259795714,8,438,uncalibrated
0,histgb,1,0.004502970230411737,9,438,uncalibrated
0,histgb,1,0.004300649095823795,10,438,uncalibrated
0,histgb,1,0.004300649095823795,11,438,uncalibrated
0,histgb,1,0.004300649095823795,12,438,uncalibrated
0,histgb,1,0.004300649095823795,13,438,uncalibrated
0,histgb,1,0.004300649095823795,14,438,uncalibrated
0,histgb,1,0.004300649095823795,15,438,uncalibrated
0,histgb,1,0.751500745002,1,439,uncalibrated
0,histgb,1,0.26782058309248674,2,439,uncalibrated
0,histgb,1,0.09181759460153688,3,439,uncalibrated
0,histgb,1,0.031766962366157156,4,439,uncalibrated
0,histgb,1,0.040430396569066746,5,439,uncalibrated
0,histgb,1,0.004965659878672226,6,439,uncalibrated
0,histgb,1,0.004965659878672226,7,439,uncalibrated
0,histgb,1,0.004098862426022584,8,439,uncalibrated
0,histgb,1,0.004240678106968015,9,439,uncalibrated
0,histgb,1,0.004300649095823795,10,439,uncalibrated
0,histgb,1,0.004300649095823795,11,439,uncalibrated
0,histgb,1,0.004300649095823795,12,439,uncalibrated
0,histgb,1,0.004300649095823795,13,439,uncalibrated
0,histgb,1,0.004300649095823795,14,439,uncalibrated
0,histgb,1,0.004300649095823795,15,439,uncalibrated
1,histgb,1,0.9450390541226723,1,444,uncalibrated
0,histgb,1,0.8093127772152992,2,444,uncalibrated
0,histgb,1,0.8127838083810249,3,444,uncalibrated
0,histgb,1,0.3291417839314576,4,444,uncalibrated
0,histgb,1,0.8010196641922754,5,444,uncalibrated
0,histgb,1,0.7679355979768763,6,444,uncalibrated
0,histgb,1,0.38201025702920743,7,444,uncalibrated
0,histgb,1,0.1624379308561524,8,444,uncalibrated
0,histgb,1,0.04236808946295135,9,444,uncalibrated
0,histgb,1,0.030737522666061636,10,444,uncalibrated
0,histgb,1,0.012098712865625272,11,444,uncalibrated
0,histgb,1,0.02089724389715911,12,444,uncalibrated
0,histgb,1,0.007355837744063719,13,444,uncalibrated
0,histgb,1,0.004300649095823795,14,444,uncalibrated
0,histgb,1,0.004300649095823795,15,444,uncalibrated
0,histgb,1,0.7405751439597852,1,445,uncalibrated
0,histgb,1,0.9412395848672015,2,445,uncalibrated
0,histgb,1,0.9450390541226723,3,445,uncalibrated
1,histgb,1,0.8231444568421176,4,445,uncalibrated
1,histgb,1,0.7979682690033565,5,445,uncalibrated
1,histgb,1,0.7953568627857175,6,445,uncalibrated
1,histgb,1,0.7708036815005995,7,445,uncalibrated
1,histgb,1,0.6680707193264952,8,445,uncalibrated
1,histgb,1,0.5967862496516116,9,445,uncalibrated
0,histgb,1,0.637441705351473,10,445,uncalibrated
0,histgb,1,0.5922999448072814,11,445,uncalibrated
1,histgb,1,0.21628987567969854,12,445,uncalibrated
1,histgb,1,0.12559715573703364,13,445,uncalibrated
1,histgb,1,0.0695563000243604,14,445,uncalibrated
0,histgb,1,0.10828422163876965,15,445,uncalibrated
0,histgb,1,0.5671033300883878,1,447,uncalibrated
0,histgb,1,0.9317062186938628,2,447,uncalibrated
0,histgb,1,0.7870542346098935,3,447,uncalibrated
0,histgb,1,0.45582258375586787,4,447,uncalibrated
0,histgb,1,0.1180004000188733,5,447,uncalibrated
0,histgb,1,0.025391299425084203,6,447,uncalibrated
0,histgb,1,0.19953129143331882,7,447,uncalibrated
0,histgb,1,0.16234199073776656,8,447,uncalibrated
0,histgb,1,0.004502970230411737,9,447,uncalibrated
0,histgb,1,0.004300649095823795,10,447,uncalibrated
0,histgb,1,0.004300649095823795,11,447,uncalibrated
0,histgb,1,0.004300649095823795,12,447,uncalibrated
0,histgb,1,0.004300649095823795,13,447,uncalibrated
0,histgb,1,0.004300649095823795,14,447,uncalibrated
0,histgb,1,0.004300649095823795,15,447,uncalibrated
0,histgb,1,0.6429378561595627,1,451,uncalibrated
0,histgb,1,0.2594700328396189,2,451,uncalibrated
0,histgb,1,0.14099112727396673,3,451,uncalibrated
0,histgb,1,0.031766962366157156,4,451,uncalibrated
0,histgb,1,0.005082557646499365,5,451,uncalibrated
0,histgb,1,0.004965659878672226,6,451,uncalibrated
0,histgb,1,0.004965659878672226,7,451,uncalibrated
0,histgb,1,0.004965659878672226,8,451,uncalibrated
0,histgb,1,0.004502970230411737,9,451,uncalibrated
0,histgb,1,0.004300649095823795,10,451,uncalibrated
0,histgb,1,0.004300649095823795,11,451,uncalibrated
0,histgb,1,0.004300649095823795,12,451,uncalibrated
0,histgb,1,0.004300649095823795,13,451,uncalibrated
0,histgb,1,0.004300649095823795,14,451,uncalibrated
0,histgb,1,0.004300649095823795,15,451,uncalibrated
0,histgb,1,0.6429378561595627,1,453,uncalibrated
0,histgb,1,0.2594700328396189,2,453,uncalibrated
0,histgb,1,0.08825440449012141,3,453,uncalibrated
0,histgb,1,0.031766962366157156,4,453,uncalibrated
0,histgb,1,0.005082557646499365,5,453,uncalibrated
0,histgb,1,0.004860107259795714,6,453,uncalibrated
0,histgb,1,0.004965659878672226,7,453,uncalibrated
0,histgb,1,0.004965659878672226,8,453,uncalibrated
0,histgb,1,0.004502970230411737,9,453,uncalibrated
0,histgb,1,0.004300649095823795,10,453,uncalibrated
0,histgb,1,0.004300649095823795,11,453,uncalibrated
0,histgb,1,0.004300649095823795,12,453,uncalibrated
0,histgb,1,0.004300649095823795,13,453,uncalibrated
0,histgb,1,0.004300649095823795,14,453,uncalibrated
0,histgb,1,0.004300649095823795,15,453,uncalibrated
0,histgb,1,0.9450390541226723,1,454,uncalibrated
0,histgb,1,0.9450390541226723,2,454,uncalibrated
0,histgb,1,0.938644236181763,3,454,uncalibrated
0,histgb,1,0.9206282614520336,4,454,uncalibrated
0,histgb,1,0.915382853080531,5,454,uncalibrated
0,histgb,1,0.915382853080531,6,454,uncalibrated
0,histgb,1,0.7701618234046612,7,454,uncalibrated
0,histgb,1,0.5923016805665698,8,454,uncalibrated
0,histgb,1,0.5923016805665698,9,454,uncalibrated
0,histgb,1,0.5786174595593825,10,454,uncalibrated
0,histgb,1,0.5719599248310133,11,454,uncalibrated
0,histgb,1,0.17641405549796188,12,454,uncalibrated
0,histgb,1,0.1285238594373517,13,454,uncalibrated
0,histgb,1,0.1193416333313313,14,454,uncalibrated
0,histgb,1,0.1193416333313313,15,454,uncalibrated
0,histgb,1,0.7944717107270116,1,456,uncalibrated
0,histgb,1,0.2764354927682149,2,456,uncalibrated
0,histgb,1,0.3289178353710076,3,456,uncalibrated
0,histgb,1,0.1071391115245209,4,456,uncalibrated
0,histgb,1,0.033087378462646574,5,456,uncalibrated
0,histgb,1,0.004098862426022584,6,456,uncalibrated
0,histgb,1,0.004098862426022584,7,456,uncalibrated
0,histgb,1,0.004098862426022584,8,456,uncalibrated
0,histgb,1,0.004240678106968015,9,456,uncalibrated
0,histgb,1,0.004300649095823795,10,456,uncalibrated
0,histgb,1,0.004300649095823795,11,456,uncalibrated
0,histgb,1,0.004300649095823795,12,456,uncalibrated
0,histgb,1,0.004300649095823795,13,456,uncalibrated
0,histgb,1,0.004300649095823795,14,456,uncalibrated
0,histgb,1,0.004300649095823795,15,456,uncalibrated
0,histgb,1,0.19539541858092818,1,467,uncalibrated
0,histgb,1,0.21514509134915386,2,467,uncalibrated
0,histgb,1,0.08576230458162568,3,467,uncalibrated
0,histgb,1,0.030801707308491782,4,467,uncalibrated
0,histgb,1,0.005082557646499365,5,467,uncalibrated
0,histgb,1,0.004860107259795714,6,467,uncalibrated
0,histgb,1,0.004860107259795714,7,467,uncalibrated
0,histgb,1,0.004860107259795714,8,467,uncalibrated
0,histgb,1,0.004502970230411737,9,467,uncalibrated
0,histgb,1,0.004300649095823795,10,467,uncalibrated
0,histgb,1,0.004300649095823795,11,467,uncalibrated
0,histgb,1,0.004300649095823795,12,467,uncalibrated
0,histgb,1,0.004300649095823795,13,467,uncalibrated
0,histgb,1,0.004300649095823795,14,467,uncalibrated
0,histgb,1,0.005373492895367943,15,467,uncalibrated
0,histgb,1,0.7944717107270116,1,478,uncalibrated
0,histgb,1,0.26782058309248674,2,478,uncalibrated
0,histgb,1,0.09181759460153688,3,478,uncalibrated
0,histgb,1,0.04039106041954396,4,478,uncalibrated
0,histgb,1,0.005192916269302542,5,478,uncalibrated
0,histgb,1,0.004965659878672226,6,478,uncalibrated
0,histgb,1,0.004965659878672226,7,478,uncalibrated
0,histgb,1,0.004965659878672226,8,478,uncalibrated
0,histgb,1,0.004502970230411737,9,478,uncalibrated
0,histgb,1,0.004300649095823795,10,478,uncalibrated
0,histgb,1,0.005373492895367943,11,478,uncalibrated
0,histgb,1,0.004300649095823795,12,478,uncalibrated
0,histgb,1,0.004300649095823795,13,478,uncalibrated
0,histgb,1,0.004300649095823795,14,478,uncalibrated
0,histgb,1,0.004300649095823795,15,478,uncalibrated
0,histgb,1,0.6953628259971215,1,489,uncalibrated
0,histgb,1,0.2594700328396189,2,489,uncalibrated
0,histgb,1,0.08825440449012141,3,489,uncalibrated
0,histgb,1,0.031766962366157156,4,489,uncalibrated
0,histgb,1,0.005082557646499365,5,489,uncalibrated
0,histgb,1,0.004965659878672226,6,489,uncalibrated
0,histgb,1,0.004965659878672226,7,489,uncalibrated
0,histgb,1,0.004965659878672226,8,489,uncalibrated
0,histgb,1,0.004502970230411737,9,489,uncalibrated
0,histgb,1,0.005373492895367943,10,489,uncalibrated
0,histgb,1,0.004300649095823795,11,489,uncalibrated
0,histgb,1,0.004300649095823795,12,489,uncalibrated
0,histgb,1,0.004300649095823795,13,489,uncalibrated
0,histgb,1,0.004300649095823795,14,489,uncalibrated
0,histgb,1,0.004300649095823795,15,489,uncalibrated
0,histgb,1,0.6953628259971215,1,495,uncalibrated
0,histgb,1,0.2594700328396189,2,495,uncalibrated
0,histgb,1,0.08825440449012141,3,495,uncalibrated
0,histgb,1,0.031766962366157156,4,495,uncalibrated
0,histgb,1,0.005082557646499365,5,495,uncalibrated
0,histgb,1,0.004965659878672226,6,495,uncalibrated
0,histgb,1,0.004965659878672226,7,495,uncalibrated
0,histgb,1,0.004965659878672226,8,495,uncalibrated
0,histgb,1,0.004502970230411737,9,495,uncalibrated
0,histgb,1,0.004300649095823795,10,495,uncalibrated
0,histgb,1,0.004300649095823795,11,495,uncalibrated
0,histgb,1,0.004300649095823795,12,495,uncalibrated
0,histgb,1,0.004300649095823795,13,495,uncalibrated
0,histgb,1,0.004300649095823795,14,495,uncalibrated
0,histgb,1,0.004300649095823795,15,495,uncalibrated
0,histgb,1,0.6429378561595627,1,496,uncalibrated
0,histgb,1,0.2594700328396189,2,496,uncalibrated
0,histgb,1,0.08825440449012141,3,496,uncalibrated
0,histgb,1,0.031766962366157156,4,496,uncalibrated
0,histgb,1,0.005082557646499365,5,496,uncalibrated
0,histgb,1,0.004965659878672226,6,496,uncalibrated
0,histgb,1,0.004965659878672226,7,496,uncalibrated
0,histgb,1,0.004965659878672226,8,496,uncalibrated
0,histgb,1,0.004502970230411737,9,496,uncalibrated
0,histgb,1,0.004300649095823795,10,496,uncalibrated
0,histgb,1,0.004300649095823795,11,496,uncalibrated
0,histgb,1,0.004300649095823795,12,496,uncalibrated
0,histgb,1,0.004300649095823795,13,496,uncalibrated
0,histgb,1,0.004300649095823795,14,496,uncalibrated
0,histgb,1,0.004300649095823795,15,496,uncalibrated
0,logistic,2,0.5244128397895481,1,10,uncalibrated
0,logistic,2,0.30493360559401267,2,10,uncalibrated
0,logistic,2,0.1485801613084367,3,10,uncalibrated
0,logistic,2,0.06506911846831068,4,10,uncalibrated
0,logistic,2,0.027035044690546815,5,10,uncalibrated
0,logistic,2,0.010870389111848042,6,10,uncalibrated
0,logistic,2,0.004375937233182085,7,10,uncalibrated
0,logistic,2,0.0017524430394235961,8,10,uncalibrated
0,logistic,2,0.0006981816882791412,9,10,uncalibrated
0,logistic,2,0.0002783369466482423,10,10,uncalibrated
0,logistic,2,0.00011089211668176933,11,10,uncalibrated
0,logistic,2,4.402716292633984e-05,12,10,uncalibrated
0,logistic,2,1.7563387838443877e-05,13,10,uncalibrated
0,logistic,2,6.9853116760963105e-06,14,10,uncalibrated
0,logistic,2,2.782561000029794e-06,15,10,uncalibrated
0,logistic,2,0.5273680932151226,1,13,uncalibrated
0,logistic,2,0.3093396373154745,2,13,uncalibrated
0,logistic,2,0.1527946981444809,3,13,uncalibrated
0,logistic,2,0.06771932515429643,4,13,uncalibrated
0,logistic,2,0.028430460202932845,5,13,uncalibrated
0,logistic,2,0.011637217836844476,6,13,uncalibrated
0,logistic,2,0.004716286717289575,7,13,uncalibrated
0,logistic,2,0.0019048972131899444,8,13,uncalibrated
0,logistic,2,0.0007662499871744341,9,13,uncalibrated
0,logistic,2,0.00030847839761665303,10,13,uncalibrated
0,logistic,2,0.00012390266254524456,11,13,uncalibrated
0,logistic,2,4.981695977912685e-05,12,13,uncalibrated
0,logistic,2,2.0033290928375994e-05,13,13,uncalibrated
0,logistic,2,7.599284567445568e-06,14,13,uncalibrated
0,logistic,2,3.0540502991419986e-06,15,13,uncalibrated
0,logistic,2,0.514394643440862,1,19,uncalibrated
0,logistic,2,0.28663997028153,2,19,uncalibrated
0,logistic,2,0.13604261454803693,3,19,uncalibrated
0,logistic,2,0.058590854983443394,4,19,uncalibrated
0,logistic,2,0.023431832088038767,5,19,uncalibrated
0,logistic,2,0.00939239556540194,6,19,uncalibrated
0,logistic,2,0.0036693442363920593,7,19,uncalibrated
0,logistic,2,0.0014603991188479341,8,19,uncalibrated
0,logistic,2,0.0005787259679551347,9,19,uncalibrated
0,logistic,2,0.00022670170431346952,10,19,uncalibrated
0,logistic,2,8.982412384471649e-05,11,19,uncalibrated
0,logistic,2,6.934135018889077e-05,12,19,uncalibrated
0,logistic,2,2.690554000590596e-05,13,19,uncalibrated
0,logistic,2,1.0544150119665926e-05,14,19,uncalibrated
0,logistic,2,3.980088221873928e-06,15,19,uncalibrated
0,logistic,2,0.5281346578572815,1,20,uncalibrated
0,logistic,2,0.2980300804112709,2,20,uncalibrated
0,logistic,2,0.14650443132538912,3,20,uncalibrated
0,logistic,2,0.06474130124584014,4,20,uncalibrated
0,logistic,2,0.02719335616388047,5,20,uncalibrated
0,logistic,2,0.011182872536116339,6,20,uncalibrated
0,logistic,2,0.00455024010621016,7,20,uncalibrated
0,logistic,2,0.001845232374217545,8,20,uncalibrated
0,logistic,2,0.0007459043712038637,9,20,uncalibrated
0,logistic,2,0.0003015703491580788,10,20,uncalibrated
0,logistic,2,0.0001218930942782214,11,20,uncalibrated
0,logistic,2,4.9244776375351986e-05,12,20,uncalibrated
0,logistic,2,1.9883570650159307e-05,13,20,uncalibrated
0,logistic,2,8.039702773344524e-06,14,20,uncalibrated
0,logistic,2,3.250010817293984e-06,15,20,uncalibrated
0,logistic,2,0.5178418673224375,1,34,uncalibrated
0,logistic,2,0.28947072527471657,2,34,uncalibrated
0,logistic,2,0.7034008013656312,3,34,uncalibrated
0,logistic,2,0.4652846682857958,4,34,uncalibrated
0,logistic,2,0.20995156881355456,5,34,uncalibrated
0,logistic,2,0.06698183574775045,6,34,uncalibrated
0,logistic,2,0.024000942752690445,7,34,uncalibrated
0,logistic,2,0.008433362560270935,8,34,uncalibrated
0,logistic,2,0.00303416299054011,9,34,uncalibrated
0,logistic,2,0.0010954816895848022,10,34,uncalibrated
0,logistic,2,0.00040724837738972296,11,34,uncalibrated
0,logistic,2,0.00015225792291098168,12,34,uncalibrated
0,logistic,2,5.696904423858986e-05,13,34,uncalibrated
0,logistic,2,2.1340539248117526e-05,14,34,uncalibrated
0,logistic,2,8.01631541639684e-06,15,34,uncalibrated
0,logistic,2,0.5270315116587573,1,38,uncalibrated
0,logistic,2,0.30953199998942554,2,38,uncalibrated
0,logistic,2,0.15260058022743284,3,38,uncalibrated
0,logistic,2,0.06761520445082406,4,38,uncalibrated
0,logistic,2,0.02832290601271161,5,38,uncalibrated
0,logistic,2,0.011588997772807771,6,38,uncalibrated
0,logistic,2,0.004690300073345742,7,38,uncalibrated
0,logistic,2,0.0018933791455889384,8,38,uncalibrated
0,logistic,2,0.0007604135917659807,9,38,uncalibrated
0,logistic,2,0.0003070013510754831,10,38,uncalibrated
0,logistic,2,0.00012361489044134902,11,38,uncalibrated
0,logistic,2,4.9704976490092796e-05,12,38,uncalibrated
0,logistic,2,1.9979262199026715e-05,13,38,uncalibrated
0,logistic,2,8.032468628102802e-06,14,38,uncalibrated
0,logistic,2,3.2337166498784848e-06,15,38,uncalibrated
0,logistic,2,0.5259093973807817,1,40,uncalibrated
0,logistic,2,0.3088910479008798,2,40,uncalibrated
0,logistic,2,0.15234852928766293,3,40,uncalibrated
0,logistic,2,0.0675301252439769,4,40,uncalibrated
0,logistic,2,0.02834562486804448,5,40,uncalibrated
0,logistic,2,0.011600174087350005,6,40,uncalibrated
0,logistic,2,0.004682951479234486,7,40,uncalibrated
0,logistic,2,0.001882353377118125,8,40,uncalibrated
0,logistic,2,0.0007593313381665147,9,40,uncalibrated
0,logistic,2,0.00030564596280186314,10,40,uncalibrated
0,logistic,2,0.0001232630490605163,11,40,uncalibrated
0,logistic,2,4.960068586713552e-05,12,40,uncalibrated
0,logistic,2,1.992836886455275e-05,13,40,uncalibrated
0,logistic,2,7.975427580527018e-06,14,40,uncalibrated
0,logistic,2,3.20353514627893e-06,15,40,uncalibrated
0,logistic,2,0.5212125113027711,1,41,uncalibrated
0,logistic,2,0.9165751677977412,2,41,uncalibrated
0,logistic,2,0.9347674992866686,3,41,uncalibrated
0,logistic,2,0.8432457014306438,4,41,uncalibrated
0,logistic,2,0.8135930583968242,5,41,uncalibrated
0,logistic,2,0.5630450990980789,6,41,uncalibrated
0,logistic,2,0.6929098581340012,7,41,uncalibrated
0,logistic,2,0.7554510220964503,8,41,uncalibrated
0,logistic,2,0.7251716685037041,9,41,uncalibrated
0,logistic,2,0.6892015446259916,10,41,uncalibrated
0,logistic,2,0.5391113812245276,11,41,uncalibrated
0,logistic,2,0.2338499716185758,12,41,uncalibrated
0,logistic,2,0.08965878427156804,13,41,uncalibrated
0,logistic,2,0.031186938409809274,14,41,uncalibrated
0,logistic,2,0.010573454820735276,15,41,uncalibrated
0,logistic,2,0.5212873937081893,1,46,uncalibrated
0,logistic,2,0.6556912049638598,2,46,uncalibrated
0,logistic,2,0.6338745222533634,3,46,uncalibrated
0,logistic,2,0.7083488388761936,4,46,uncalibrated
0,logistic,2,0.9294845962055276,5,46,uncalibrated
0,logistic,2,0.7287167526791839,6,46,uncalibrated
0,logistic,2,0.36789705664423983,7,46,uncalibrated
0,logistic,2,0.11701725058761842,8,46,uncalibrated
0,logistic,2,0.20826735221104742,9,46,uncalibrated
0,logistic,2,0.07875050718584656,10,46,uncalibrated
0,logistic,2,0.12825339782851902,11,46,uncalibrated
0,logistic,2,0.16950936080324722,12,46,uncalibrated
0,logistic,2,0.06453599079197649,13,46,uncalibrated
0,logistic,2,0.018351927475980013,14,46,uncalibrated
0,logistic,2,0.005194407154874141,15,46,uncalibrated
0,logistic,2,0.5231591342165615,1,47,uncalibrated
0,logistic,2,0.3044250446929094,2,47,uncalibrated
0,logistic,2,0.1478698122559325,3,47,uncalibrated
0,logistic,2,0.06450097428712585,4,47,uncalibrated
0,logistic,2,0.026517012689028178,5,47,uncalibrated
0,logistic,2,0.01062552919806546,6,47,uncalibrated
0,logistic,2,0.0042452246109507255,7,47,uncalibrated
0,logistic,2,0.00168412268546631,8,47,uncalibrated
0,logistic,2,0.0006684246941543794,9,47,uncalibrated
0,logistic,2,0.000267209717113642,10,47,uncalibrated
0,logistic,2,0.00010464516154237165,11,47,uncalibrated
0,logistic,2,4.154679663821984e-05,12,47,uncalibrated
0,logistic,2,1.6499459901101633e-05,13,47,uncalibrated
0,logistic,2,6.5434821208182165e-06,14,47,uncalibrated
0,logistic,2,2.5985551534748287e-06,15,47,uncalibrated
0,logistic,2,0.5262834651138534,1,49,uncalibrated
0,logistic,2,0.3085868529354638,2,49,uncalibrated
0,logistic,2,0.15184545196436175,3,49,uncalibrated
0,logistic,2,0.06699359248743762,4,49,uncalibrated
0,logistic,2,0.02796383892453107,5,49,uncalibrated
0,logistic,2,0.011408232592388498,6,49,uncalibrated
0,logistic,2,0.004576137705951871,7,49,uncalibrated
0,logistic,2,0.0018463380650801762,8,49,uncalibrated
0,logistic,2,0.0007369562109637391,9,49,uncalibrated
0,logistic,2,0.00029574703840706026,10,49,uncalibrated
0,logistic,2,0.0001187881114376316,11,49,uncalibrated
0,logistic,2,4.7688829628914485e-05,12,49,uncalibrated
0,logistic,2,1.9154460392673688e-05,13,49,uncalibrated
0,logistic,2,7.693932004715509e-06,14,49,uncalibrated
0,logistic,2,3.097195367638925e-06,15,49,uncalibrated
1,logistic,2,0.5175983653581826,1,50,uncalibrated
1,logistic,2,0.9158495480256814,2,50,uncalibrated
1,logistic,2,0.9335959357484117,3,50,uncalibrated
1,logistic,2,0.8464529864794843,4,50,uncalibrated
1,logistic,2,0.938372759096859,5,50,uncalibrated
0,logistic,2,0.8110492124258221,6,50,uncalibrated
0,logistic,2,0.6246909530222053,7,50,uncalibrated
0,logistic,2,0.7249305179436286,8,50,uncalibrated
0,logistic,2,0.4753904974507088,9,50,uncalibrated
0,logistic,2,0.5940962321257593,10,50,uncalibrated
0,logistic,2,0.28976462179007506,11,50,uncalibrated
0,logistic,2,0.12053988934275144,12,50,uncalibrated
0,logistic,2,0.09143682455964196,13,50,uncalibrated
0,logistic,2,0.08526627493147176,14,50,uncalibrated
0,logistic,2,0.03290051790815243,15,50,uncalibrated
0,logistic,2,0.5234772668743358,1,55,uncalibrated
0,logistic,2,0.304091560947662,2,55,uncalibrated
0,logistic,2,0.14862761792562867,3,55,uncalibrated
0,logistic,2,0.06527936511367585,4,55,uncalibrated
0,logistic,2,0.02709232879774256,5,55,uncalibrated
0,logistic,2,0.010975750075097343,6,55,uncalibrated
0,logistic,2,0.004425898290716245,7,55,uncalibrated
0,logistic,2,0.00177197354398859,8,55,uncalibrated
0,logistic,2,0.00070570647819135,9,55,uncalibrated
0,logistic,2,0.0002815702412722265,10,55,uncalibrated
0,logistic,2,0.00011281338415781394,11,55,uncalibrated
0,logistic,2,4.499205832760603e-05,12,55,uncalibrated
0,logistic,2,1.795909050001755e-05,13,55,uncalibrated
0,logistic,2,7.167920535155292e-06,14,55,uncalibrated
0,logistic,2,2.8608771499305724e-06,15,55,uncalibrated
0,logistic,2,0.5276672559464087,1,77,uncalibrated
0,logistic,2,0.3099490120624235,2,77,uncalibrated
0,logistic,2,0.1533782663851303,3,77,uncalibrated
0,logistic,2,0.06808491956920999,4,77,uncalibrated
0,logistic,2,0.028667641211376178,5,77,uncalibrated
0,logistic,2,0.011775211658685168,6,77,uncalibrated
0,logistic,2,0.004787597526460526,7,77,uncalibrated
0,logistic,2,0.001939582248984622,8,77,uncalibrated
0,logistic,2,0.0007826198999249304,9,77,uncalibrated
0,logistic,2,0.0003156629805769071,10,77,uncalibrated
0,logistic,2,0.00012716993000072763,11,77,uncalibrated
0,logistic,2,5.1369070764765205e-05,12,77,uncalibrated
0,logistic,2,2.0679179327727364e-05,13,77,uncalibrated
0,logistic,2,8.319482050866395e-06,14,77,uncalibrated
0,logistic,2,3.36084092482339e-06,15,77,uncalibrated
0,logistic,2,0.5192277905892659,1,78,uncalibrated
0,logistic,2,0.29524403997096915,2,78,uncalibrated
0,logistic,2,0.13864679153077034,3,78,uncalibrated
0,logistic,2,0.05883131086028599,4,78,uncalibrated
0,logistic,2,0.18869397069845303,5,78,uncalibrated
0,logistic,2,0.08604200336131623,6,78,uncalibrated
0,logistic,2,0.03158704239891396,7,78,uncalibrated
0,logistic,2,0.009378710846103679,8,78,uncalibrated
0,logistic,2,0.003402696913103031,9,78,uncalibrated
0,logistic,2,0.0012513149177762078,10,78,uncalibrated
0,logistic,2,0.00046324126472437803,11,78,uncalibrated
0,logistic,2,0.0001739009748221831,12,78,uncalibrated
0,logistic,2,6.505328009144951e-05,13,78,uncalibrated
0,logistic,2,2.4177814904927943e-05,14,78,uncalibrated
0,logistic,2,9.189718689683432e-06,15,78,uncalibrated
0,logistic,2,0.5162308562238719,1,84,uncalibrated
0,logistic,2,0.2918216258253318,2,84,uncalibrated
0,logistic,2,0.13620140272361303,3,84,uncalibrated
0,logistic,2,0.05725639278979696,4,84,uncalibrated
0,logistic,2,0.023072344912606273,5,84,uncalibrated
0,logistic,2,0.009026235239478084,6,84,uncalibrated
0,logistic,2,0.003529720885045221,7,84,uncalibrated
0,logistic,2,0.0013555021766678238,8,84,uncalibrated
0,logistic,2,0.0005210191163422884,9,84,uncalibrated
0,logistic,2,0.0001977011216415305,10,84,uncalibrated
0,logistic,2,7.686528529441583e-05,11,84,uncalibrated
0,logistic,2,2.975962363688715e-05,12,84,uncalibrated
0,logistic,2,1.1493956361438588e-05,13,84,uncalibrated
0,logistic,2,4.410673685660501e-06,14,84,uncalibrated
0,logistic,2,1.7034927161414013e-06,15,84,uncalibrated
0,logistic,2,0.5245812249092315,1,85,uncalibrated
0,logistic,2,0.3055381405060639,2,85,uncalibrated
0,logistic,2,0.14979899409148484,3,85,uncalibrated
0,logistic,2,0.06584926821511806,4,85,uncalibrated
0,logistic,2,0.027378526065292518,5,85,uncalibrated
0,logistic,2,0.011137340052318097,6,85,uncalibrated
0,logistic,2,0.004460408969114838,7,85,uncalibrated
0,logistic,2,0.0017899779526605515,8,85,uncalibrated
0,logistic,2,0.0007173340741979064,9,85,uncalibrated
0,logistic,2,0.0002869422798870098,10,85,uncalibrated
0,logistic,2,0.00011437261870361809,11,85,uncalibrated
0,logistic,2,4.5781924739835725e-05,12,85,uncalibrated
0,logistic,2,1.820050547662282e-05,13,85,uncalibrated
0,logistic,2,7.274637694172143e-06,14,85,uncalibrated
0,logistic,2,2.897595574651019e-06,15,85,uncalibrated
0,logistic,2,0.5260777314847486,1,86,uncalibrated
0,logistic,2,0.30845882047917916,2,86,uncalibrated
0,logistic,2,0.15193242533708776,3,86,uncalibrated
0,logistic,2,0.06712970246481018,4,86,uncalibrated
0,logistic,2,0.028092590882353826,5,86,uncalibrated
0,logistic,2,0.011454010284764074,6,86,uncalibrated
0,logistic,2,0.004632522968192611,7,86,uncalibrated
0,logistic,2,0.0018659347701474919,8,86,uncalibrated
0,logistic,2,0.0007502784637015568,9,86,uncalibrated
0,logistic,2,0.0003011635293576292,10,86,uncalibrated
0,logistic,2,0.00012098220934275231,11,86,uncalibrated
0,logistic,2,4.8522397403102566e-05,12,86,uncalibrated
0,logistic,2,1.948635302648512e-05,13,86,uncalibrated
0,logistic,2,7.82842209025122e-06,14,86,uncalibrated
0,logistic,2,3.1442504590081418e-06,15,86,uncalibrated
0,logistic,2,0.5202576782223786,1,93,uncalibrated
0,logistic,2,0.29718327909684805,2,93,uncalibrated
0,logistic,2,0.14215040616576688,3,93,uncalibrated
0,logistic,2,0.061166511413934296,4,93,uncalibrated
0,logistic,2,0.024770714439064864,5,93,uncalibrated
0,logistic,2,0.009886437653299983,6,93,uncalibrated
0,logistic,2,0.003911165901060934,7,93,uncalibrated
0,logistic,2,0.0015392470543400354,8,93,uncalibrated
0,logistic,2,0.0006025013503462464,9,93,uncalibrated
0,logistic,2,0.0002363728368776479,10,93,uncalibrated
0,logistic,2,9.285215203688869e-05,11,93,uncalibrated
0,logistic,2,3.641912710787164e-05,12,93,uncalibrated
0,logistic,2,1.4240211477451539e-05,13,93,uncalibrated
0,logistic,2,5.540062199601186e-06,14,93,uncalibrated
0,logistic,2,2.1424177140524505e-06,15,93,uncalibrated
0,logistic,2,0.5187221490411232,1,104,uncalibrated
0,logistic,2,0.2958531691097805,2,104,uncalibrated
0,logistic,2,0.7114895576958363,3,104,uncalibrated
0,logistic,2,0.7923901401985629,4,104,uncalibrated
0,logistic,2,0.5908515226295671,5,104,uncalibrated
0,logistic,2,0.26415434360646284,6,104,uncalibrated
0,logistic,2,0.08554755599216969,7,104,uncalibrated
0,logistic,2,0.07023428239605058,8,104,uncalibrated
0,logistic,2,0.08153140440866179,9,104,uncalibrated
0,logistic,2,0.09860028558328554,10,104,uncalibrated
0,logistic,2,0.0861895709305853,11,104,uncalibrated
0,logistic,2,0.027418224346326625,12,104,uncalibrated
0,logistic,2,0.020069049971447678,13,104,uncalibrated
0,logistic,2,0.015966965532168115,14,104,uncalibrated
0,logistic,2,0.005703332386609135,15,104,uncalibrated
1,logistic,2,0.5236831072826968,1,105,uncalibrated
1,logistic,2,0.9191260231839569,2,105,uncalibrated
1,logistic,2,0.9374765951327264,3,105,uncalibrated
1,logistic,2,0.9520306768842376,4,105,uncalibrated
1,logistic,2,0.880666592888038,5,105,uncalibrated
0,logistic,2,0.9517495086915212,6,105,uncalibrated
0,logistic,2,0.9605441230763399,7,105,uncalibrated
0,logistic,2,0.8737997366106743,8,105,uncalibrated
0,logistic,2,0.8536700827366888,9,105,uncalibrated
0,logistic,2,0.8931388222408982,10,105,uncalibrated
0,logistic,2,0.7393714596477076,11,105,uncalibrated
0,logistic,2,0.6717073062283563,12,105,uncalibrated
0,logistic,2,0.38491789316098907,13,105,uncalibrated
0,logistic,2,0.17497878305115694,14,105,uncalibrated
0,logistic,2,0.13205255030562846,15,105,uncalibrated
1,logistic,2,0.5212125113027711,1,112,uncalibrated
1,logistic,2,0.9171184965810721,2,112,uncalibrated
0,logistic,2,0.7875011609303872,3,112,uncalibrated
0,logistic,2,0.5728694153762807,4,112,uncalibrated
0,logistic,2,0.29794961416751253,5,112,uncalibrated
0,logistic,2,0.12468968749971635,6,112,uncalibrated
0,logistic,2,0.047449112670557944,7,112,uncalibrated
0,logistic,2,0.017507734435740337,8,112,uncalibrated
0,logistic,2,0.006465360282040701,9,112,uncalibrated
0,logistic,2,0.002392397620521486,10,112,uncalibrated
0,logistic,2,0.0008954597144084105,11,112,uncalibrated
0,logistic,2,0.0003349381056003198,12,112,uncalibrated
0,logistic,2,0.0001274876009446167,13,112,uncalibrated
0,logistic,2,4.8393534161746115e-05,14,112,uncalibrated
0,logistic,2,9.307375547930376e-05,15,112,uncalibrated
0,logistic,2,0.5186097790081584,1,114,uncalibrated
0,logistic,2,0.2958219139959259,2,114,uncalibrated
0,logistic,2,0.14073836398566625,3,114,uncalibrated
0,logistic,2,0.0599333047184408,4,114,uncalibrated
0,logistic,2,0.024227503919490394,5,114,uncalibrated
0,logistic,2,0.009602691303390875,6,114,uncalibrated
0,logistic,2,0.0037685667752292975,7,114,uncalibrated
0,logistic,2,0.0014710491278969754,8,114,uncalibrated
0,logistic,2,0.0005752651763749895,9,114,uncalibrated
0,logistic,2,0.00022430011066072855,10,114,uncalibrated
0,logistic,2,8.751626603166392e-05,11,114,uncalibrated
0,logistic,2,3.403383996876902e-05,12,114,uncalibrated
0,logistic,2,1.3369561168793791e-05,13,114,uncalibrated
0,logistic,2,5.223235244981912e-06,14,114,uncalibrated
0,logistic,2,2.034189988064097e-06,15,114,uncalibrated
0,logistic,2,0.5215494745715077,1,115,uncalibrated
0,logistic,2,0.9173690513995544,2,115,uncalibrated
0,logistic,2,0.9346988499564122,3,115,uncalibrated
0,logistic,2,0.9495172849223051,4,115,uncalibrated
0,logistic,2,0.9448949706447474,5,115,uncalibrated
0,logistic,2,0.9356322356494875,6,115,uncalibrated
0,logistic,2,0.9208054361054692,7,115,uncalibrated
0,logistic,2,0.7757041635258065,8,115,uncalibrated
0,logistic,2,0.8155776549212939,9,115,uncalibrated
0,logistic,2,0.7419223185085905,10,115,uncalibrated
0,logistic,2,0.4944392099589315,11,115,uncalibrated
0,logistic,2,0.3936168758590522,12,115,uncalibrated
0,logistic,2,0.16107073562268032,13,115,uncalibrated
0,logistic,2,0.13553717974184573,14,115,uncalibrated
0,logistic,2,0.10497079158253839,15,115,uncalibrated
0,logistic,2,0.5214184356137078,1,119,uncalibrated
0,logistic,2,0.9168043313221595,2,119,uncalibrated
0,logistic,2,0.9325512759037511,3,119,uncalibrated
0,logistic,2,0.9473829065820897,4,119,uncalibrated
1,logistic,2,0.8670159544617186,5,119,uncalibrated
0,logistic,2,0.9436039058235448,6,119,uncalibrated
0,logistic,2,0.8724125068987132,7,119,uncalibrated
0,logistic,2,0.6218291892414596,8,119,uncalibrated
0,logistic,2,0.3348123601859639,9,119,uncalibrated
0,logistic,2,0.2986498334133165,10,119,uncalibrated
0,logistic,2,0.1341770091154099,11,119,uncalibrated
0,logistic,2,0.04927982918799024,12,119,uncalibrated
0,logistic,2,0.06552373387467941,13,119,uncalibrated
0,logistic,2,0.05841778102250766,14,119,uncalibrated
0,logistic,2,0.022314594216484275,15,119,uncalibrated
0,logistic,2,0.5247683129299524,1,121,uncalibrated
0,logistic,2,0.30622302819576297,2,121,uncalibrated
0,logistic,2,0.1434175072796277,3,121,uncalibrated
0,logistic,2,0.06239268118519098,4,121,uncalibrated
0,logistic,2,0.02605238584401824,5,121,uncalibrated
0,logistic,2,0.01056105539775967,6,121,uncalibrated
0,logistic,2,0.004265887052085142,7,121,uncalibrated
0,logistic,2,0.0017009812002472978,8,121,uncalibrated
0,logistic,2,0.0006828084955077699,9,121,uncalibrated
0,logistic,2,0.0002722670062161302,10,121,uncalibrated
0,logistic,2,0.0001089708653635368,11,121,uncalibrated
0,logistic,2,4.349210376939486e-05,12,121,uncalibrated
0,logistic,2,1.733562462377117e-05,13,121,uncalibrated
0,logistic,2,6.9325856737085044e-06,14,121,uncalibrated
0,logistic,2,2.7596939333644032e-06,15,121,uncalibrated
0,logistic,2,0.5250489319091198,1,122,uncalibrated
0,logistic,2,0.30643025601776236,2,122,uncalibrated
0,logistic,2,0.15051697371884287,3,122,uncalibrated
0,logistic,2,0.06597397168444384,4,122,uncalibrated
0,logistic,2,0.027380523783618094,5,122,uncalibrated
0,logistic,2,0.011118353594200056,6,122,uncalibrated
0,logistic,2,0.004466742684406067,7,122,uncalibrated
0,logistic,2,0.0017921238762768185,8,122,uncalibrated
0,logistic,2,0.0007154008074201509,9,122,uncalibrated
0,logistic,2,0.0002854612594187769,10,122,uncalibrated
0,logistic,2,0.00011397011492731445,11,122,uncalibrated
0,logistic,2,4.566188164731156e-05,12,122,uncalibrated
0,logistic,2,1.820733345184485e-05,13,122,uncalibrated
0,logistic,2,7.2773668265526345e-06,14,122,uncalibrated
0,logistic,2,2.900640366177218e-06,15,122,uncalibrated
0,logistic,2,0.5241883176684262,1,127,uncalibrated
0,logistic,2,0.3053949005284301,2,127,uncalibrated
0,logistic,2,0.1492933249349321,3,127,uncalibrated
0,logistic,2,0.06524275514363295,4,127,uncalibrated
0,logistic,2,0.027080467240410626,5,127,uncalibrated
0,logistic,2,0.010979007915532323,6,127,uncalibrated
0,logistic,2,0.004409072055639125,7,127,uncalibrated
0,logistic,2,0.0017553325677476133,8,127,uncalibrated
0,logistic,2,0.0007001209383567878,9,127,uncalibrated
0,logistic,2,0.0002656909963619729,10,127,uncalibrated
0,logistic,2,0.00010645820857649512,11,127,uncalibrated
0,logistic,2,4.231425484953126e-05,12,127,uncalibrated
0,logistic,2,1.6051407230497153e-05,13,127,uncalibrated
0,logistic,2,6.405548134025099e-06,14,127,uncalibrated
0,logistic,2,2.5336846101032396e-06,15,127,uncalibrated
0,logistic,2,0.5265452949985937,1,132,uncalibrated
0,logistic,2,0.3091633628609942,2,132,uncalibrated
0,logistic,2,0.15272673386120517,3,132,uncalibrated
0,logistic,2,0.06749234414618394,4,132,uncalibrated
0,logistic,2,0.028329100310365337,5,132,uncalibrated
0,logistic,2,0.01093835355264403,6,132,uncalibrated
0,logistic,2,0.0044024909301328356,7,132,uncalibrated
0,logistic,2,0.0017764908848004442,8,132,uncalibrated
0,logistic,2,0.0007184103662164761,9,132,uncalibrated
0,logistic,2,0.0002889505992129057,10,132,uncalibrated
0,logistic,2,0.0001164589595123289,11,132,uncalibrated
0,logistic,2,4.656120140373812e-05,12,132,uncalibrated
0,logistic,2,1.8778850357836455e-05,13,132,uncalibrated
0,logistic,2,7.51932717240496e-06,14,132,uncalibrated
0,logistic,2,2.8523053610718844e-06,15,132,uncalibrated
1,logistic,2,0.9907017078968272,1,136,uncalibrated
1,logistic,2,0.9872794510006687,2,136,uncalibrated
1,logistic,2,0.9826197220415803,3,136,uncalibrated
1,logistic,2,0.976294049818201,4,136,uncalibrated
1,logistic,2,0.9677416865268788,5,136,uncalibrated
0,logistic,2,0.6691035041239615,6,136,uncalibrated
0,logistic,2,0.43686070001079963,7,136,uncalibrated
0,logistic,2,0.19254563286817758,8,136,uncalibrated
0,logistic,2,0.07232342464239322,9,136,uncalibrated
0,logistic,2,0.05173489276714265,10,136,uncalibrated
0,logistic,2,0.018095584828510543,11,136,uncalibrated
0,logistic,2,0.006337689051061118,12,136,uncalibrated
0,logistic,2,0.004432425538031221,13,136,uncalibrated
0,logistic,2,0.01415572488784314,14,136,uncalibrated
0,logistic,2,0.00539405430531831,15,136,uncalibrated
1,logistic,2,0.9907017078968272,1,138,uncalibrated
1,logistic,2,0.7850463174574671,2,138,uncalibrated
1,logistic,2,0.9369789780638649,3,138,uncalibrated
1,logistic,2,0.9469899840436554,4,138,uncalibrated
1,logistic,2,0.9452318661631426,5,138,uncalibrated
1,logistic,2,0.9470415905789927,6,138,uncalibrated
1,logistic,2,0.8551862365658862,7,138,uncalibrated
1,logistic,2,0.8707712837105183,8,138,uncalibrated
1,logistic,2,0.8473581701628037,9,138,uncalibrated
1,logistic,2,0.9045319235798029,10,138,uncalibrated
1,logistic,2,0.6573717575375256,11,138,uncalibrated
1,logistic,2,0.6008505853164734,12,138,uncalibrated
1,logistic,2,0.5217409154623561,13,138,uncalibrated
1,logistic,2,0.6444511856787136,14,138,uncalibrated
0,logistic,2,0.47359324435961725,15,138,uncalibrated
0,logistic,2,0.51840376239989,1,158,uncalibrated
0,logistic,2,0.2942460245643159,2,158,uncalibrated
0,logistic,2,0.1394550639191205,3,158,uncalibrated
0,logistic,2,0.059760248219973555,4,158,uncalibrated
0,logistic,2,0.024027908766512097,5,158,uncalibrated
0,logistic,2,0.00950614513287268,6,158,uncalibrated
0,logistic,2,0.0037140428506286394,7,158,uncalibrated
0,logistic,2,0.0014423516455477257,8,158,uncalibrated
0,logistic,2,0.0005687039137343235,9,158,uncalibrated
0,logistic,2,0.00022179083627773952,10,158,uncalibrated
0,logistic,2,8.694699543253065e-05,11,158,uncalibrated
0,logistic,2,3.374403197689171e-05,12,158,uncalibrated
0,logistic,2,1.3122146263684101e-05,13,158,uncalibrated
0,logistic,2,5.1779796788145395e-06,14,158,uncalibrated
0,logistic,2,2.007358255459358e-06,15,158,uncalibrated
0,logistic,2,0.5152753276522968,1,162,uncalibrated
0,logistic,2,0.2911244664523704,2,162,uncalibrated
0,logistic,2,0.13692674749882783,3,162,uncalibrated
0,logistic,2,0.058537086276755725,4,162,uncalibrated
0,logistic,2,0.18767398441219899,5,162,uncalibrated
0,logistic,2,0.08487527123780184,6,162,uncalibrated
0,logistic,2,0.030404273894678903,7,162,uncalibrated
0,logistic,2,0.008979638376745959,8,162,uncalibrated
0,logistic,2,0.0032524490330331406,9,162,uncalibrated
0,logistic,2,0.0011782481417918957,10,162,uncalibrated
0,logistic,2,0.0004380069940123503,11,162,uncalibrated
0,logistic,2,0.0001617951306420655,12,162,uncalibrated
0,logistic,2,6.0460710714487276e-05,13,162,uncalibrated
0,logistic,2,2.2640069549822753e-05,14,162,uncalibrated
0,logistic,2,8.480902531748705e-06,15,162,uncalibrated
0,logistic,2,0.5195086856090128,1,170,uncalibrated
0,logistic,2,0.6540804987915274,2,170,uncalibrated
0,logistic,2,0.63221900198656,3,170,uncalibrated
0,logistic,2,0.7068743451290297,4,170,uncalibrated
0,logistic,2,0.9290160588480098,5,170,uncalibrated
0,logistic,2,0.9281771323537535,6,170,uncalibrated
0,logistic,2,0.6637649479496628,7,170,uncalibrated
0,logistic,2,0.5038029015340072,8,170,uncalibrated
0,logistic,2,0.4193605334793923,9,170,uncalibrated
0,logistic,2,0.47875540123183763,10,170,uncalibrated
0,logistic,2,0.3884360040720086,11,170,uncalibrated
0,logistic,2,0.5026627116595074,12,170,uncalibrated
0,logistic,2,0.17707780518083835,13,170,uncalibrated
0,logistic,2,0.12667900183008918,14,170,uncalibrated
0,logistic,2,0.10591132263921633,15,170,uncalibrated
0,logistic,2,0.5201266109930783,1,172,uncalibrated
0,logistic,2,0.30023194078160137,2,172,uncalibrated
0,logistic,2,0.14497274195978502,3,172,uncalibrated
0,logistic,2,0.06318730092216795,4,172,uncalibrated
0,logistic,2,0.025957380909845146,5,172,uncalibrated
0,logistic,2,0.01042552440277712,6,172,uncalibrated
0,logistic,2,0.003980451130267058,7,172,uncalibrated
0,logistic,2,0.0015769402246164647,8,172,uncalibrated
0,logistic,2,0.0006239696860963589,9,172,uncalibrated
0,logistic,2,0.00024766083826742105,10,172,uncalibrated
0,logistic,2,9.832877082171455e-05,11,172,uncalibrated
0,logistic,2,3.8992051907189405e-05,12,172,uncalibrated
0,logistic,2,1.5474420378013467e-05,13,172,uncalibrated
0,logistic,2,6.140644441626513e-06,14,172,uncalibrated
0,logistic,2,2.437116144065651e-06,15,172,uncalibrated
0,logistic,2,0.527143708256143,1,176,uncalibrated
0,logistic,2,0.9189809199183785,2,176,uncalibrated
0,logistic,2,0.7780671789114758,3,176,uncalibrated
0,logistic,2,0.5030564643282508,4,176,uncalibrated
0,logistic,2,0.21132120266538204,5,176,uncalibrated
0,logistic,2,0.0830909421970509,6,176,uncalibrated
0,logistic,2,0.030826853884803607,7,176,uncalibrated
0,logistic,2,0.03626469953849825,8,176,uncalibrated
0,logistic,2,0.015566058683574774,9,176,uncalibrated
0,logistic,2,0.00564818077306424,10,176,uncalibrated
0,logistic,2,0.004670893916498572,11,176,uncalibrated
0,logistic,2,0.0018673430587584324,12,176,uncalibrated
0,logistic,2,0.0006757155297993248,13,176,uncalibrated
0,logistic,2,0.0001998264783295234,14,176,uncalibrated
0,logistic,2,7.399153606233075e-05,15,176,uncalibrated
0,logistic,2,0.5195648631387352,1,183,uncalibrated
0,logistic,2,0.2966038658485355,2,183,uncalibrated
0,logistic,2,0.13976143729803206,3,183,uncalibrated
0,logistic,2,0.05934849526427621,4,183,uncalibrated
0,logistic,2,0.023892821186103367,5,183,uncalibrated
0,logistic,2,0.00943787296923061,6,183,uncalibrated
0,logistic,2,0.0036655066465416837,7,183,uncalibrated
0,logistic,2,0.0014253808408562687,8,183,uncalibrated
0,logistic,2,0.0005544314346273189,9,183,uncalibrated
0,logistic,2,0.0002142372490714386,10,183,uncalibrated
0,logistic,2,8.382179627381272e-05,11,183,uncalibrated
0,logistic,2,3.2431183445545126e-05,12,183,uncalibrated
0,logistic,2,1.2717058455542663e-05,13,183,uncalibrated
0,logistic,2,4.976519175768325e-06,14,183,uncalibrated
0,logistic,2,1.913833430110525e-06,15,183,uncalibrated
0,logistic,2,0.524207028219898,1,198,uncalibrated
0,logistic,2,0.3045521402016936,2,198,uncalibrated
0,logistic,2,0.14879856534883168,3,198,uncalibrated
0,logistic,2,0.06505999161602563,4,198,uncalibrated
0,logistic,2,0.026942454919517286,5,198,uncalibrated
0,logistic,2,0.010903509895486817,6,198,uncalibrated
0,logistic,2,0.004374303351228723,7,198,uncalibrated
0,logistic,2,0.001746285853905119,8,198,uncalibrated
0,logistic,2,0.0006948920648432106,9,198,uncalibrated
0,logistic,2,0.0002768172748733146,10,198,uncalibrated
0,logistic,2,0.00011022867129162463,11,198,uncalibrated
0,logistic,2,4.405689708342109e-05,12,198,uncalibrated
0,logistic,2,1.7518648372249056e-05,13,198,uncalibrated
0,logistic,2,6.961248308066049e-06,14,198,uncalibrated
0,logistic,2,2.7715196744286775e-06,15,198,uncalibrated
0,logistic,2,0.5220923184596933,1,202,uncalibrated
0,logistic,2,0.30053147962707255,2,202,uncalibrated
0,logistic,2,0.1447775744044491,3,202,uncalibrated
0,logistic,2,0.06277116243394712,4,202,uncalibrated
0,logistic,2,0.025832490614595076,5,202,uncalibrated
0,logistic,2,0.010407738645601372,6,202,uncalibrated
0,logistic,2,0.00415579784782487,7,202,uncalibrated
0,logistic,2,0.0016552376006407855,8,202,uncalibrated
0,logistic,2,0.0006545399493501057,9,202,uncalibrated
0,logistic,2,0.0002591376941355665,10,202,uncalibrated
0,logistic,2,0.00010300969278672931,11,202,uncalibrated
0,logistic,2,4.096191048909955e-05,12,202,uncalibrated
0,logistic,2,1.6178339454401467e-05,13,202,uncalibrated
0,logistic,2,6.381088040128657e-06,14,202,uncalibrated
0,logistic,2,2.5380600220387614e-06,15,202,uncalibrated
0,logistic,2,0.5143759044882661,1,205,uncalibrated
0,logistic,2,0.28702361052383535,2,205,uncalibrated
0,logistic,2,0.13269215724272604,3,205,uncalibrated
0,logistic,2,0.05543762450336122,4,205,uncalibrated
0,logistic,2,0.02178320772722161,5,205,uncalibrated
0,logistic,2,0.00843375171864663,6,205,uncalibrated
0,logistic,2,0.0032326293308238226,7,205,uncalibrated
0,logistic,2,0.0012384896134273284,8,205,uncalibrated
0,logistic,2,0.00047086091004646297,9,205,uncalibrated
0,logistic,2,0.00017911918543629435,10,205,uncalibrated
0,logistic,2,6.834612218597697e-05,11,205,uncalibrated
0,logistic,2,2.6100380817857887e-05,12,205,uncalibrated
0,logistic,2,9.956629678219838e-06,13,205,uncalibrated
0,logistic,2,3.825327332161072e-06,14,205,uncalibrated
0,logistic,2,1.4514930593856862e-06,15,205,uncalibrated
0,logistic,2,0.5209878583801303,1,210,uncalibrated
0,logistic,2,0.916838656443793,2,210,uncalibrated
0,logistic,2,0.9358027351579864,3,210,uncalibrated
0,logistic,2,0.9508698619867573,4,210,uncalibrated
0,logistic,2,0.9470080539174106,5,210,uncalibrated
1,logistic,2,0.8854996512136339,6,210,uncalibrated
0,logistic,2,0.9515852593326151,7,210,uncalibrated
0,logistic,2,0.8899939465849426,8,210,uncalibrated
0,logistic,2,0.847427545664523,9,210,uncalibrated
0,logistic,2,0.8279574138643138,10,210,uncalibrated
0,logistic,2,0.6185631438371667,11,210,uncalibrated
0,logistic,2,0.5250528854732852,12,210,uncalibrated
0,logistic,2,0.2476455912551145,13,210,uncalibrated
0,logistic,2,0.1001766077865805,14,210,uncalibrated
0,logistic,2,0.07425941921979154,15,210,uncalibrated
0,logistic,2,0.5220174465139799,1,212,uncalibrated
0,logistic,2,0.9167699933188621,2,212,uncalibrated
0,logistic,2,0.7694798393418019,3,212,uncalibrated
0,logistic,2,0.48968602392941385,4,212,uncalibrated
0,logistic,2,0.20023983584712007,5,212,uncalibrated
0,logistic,2,0.07754068264708854,6,212,uncalibrated
0,logistic,2,0.028719205854174732,7,212,uncalibrated
0,logistic,2,0.010559001509102545,8,212,uncalibrated
0,logistic,2,0.02192770270395863,9,212,uncalibrated
0,logistic,2,0.008682208804325289,10,212,uncalibrated
0,logistic,2,0.003149998205106454,11,212,uncalibrated
0,logistic,2,0.001974327345593609,12,212,uncalibrated
0,logistic,2,0.0021760830943392405,13,212,uncalibrated
0,logistic,2,0.0008774841329022437,14,212,uncalibrated
0,logistic,2,0.0013745948875819056,15,212,uncalibrated
0,logistic,2,0.5248618543364617,1,215,uncalibrated
0,logistic,2,0.3072280149107221,2,215,uncalibrated
0,logistic,2,0.1488936062278054,3,215,uncalibrated
0,logistic,2,0.06510563779102566,4,215,uncalibrated
0,logistic,2,0.027248977788995467,5,215,uncalibrated
0,logistic,2,0.01107061669336695,6,215,uncalibrated
0,logistic,2,0.004436157225334313,7,215,uncalibrated
0,logistic,2,0.0017604666069769444,8,215,uncalibrated
0,logistic,2,0.00070570647819135,9,215,uncalibrated
0,logistic,2,0.0002830947665374928,10,215,uncalibrated
0,logistic,2,0.00011339027469646235,11,215,uncalibrated
0,logistic,2,4.535124056023934e-05,12,215,uncalibrated
0,logistic,2,1.7936202201507168e-05,13,215,uncalibrated
0,logistic,2,7.19161924081353e-06,14,215,uncalibrated
0,logistic,2,2.8744299838880526e-06,15,215,uncalibrated
0,logistic,2,0.5249928093731673,1,218,uncalibrated
0,logistic,2,0.30643025601776236,2,218,uncalibrated
0,logistic,2,0.3685683397384152,3,218,uncalibrated
0,logistic,2,0.16560369413454887,4,218,uncalibrated
0,logistic,2,0.06710644272210811,5,218,uncalibrated
0,logistic,2,0.02627977405046667,6,218,uncalibrated
0,logistic,2,0.010211814592516707,7,218,uncalibrated
0,logistic,2,0.003992913918606972,8,218,uncalibrated
0,logistic,2,0.001555760261928938,9,218,uncalibrated
0,logistic,2,0.0006115471396228713,10,218,uncalibrated
0,logistic,2,0.00024003379803651346,11,218,uncalibrated
0,logistic,2,9.484231465173537e-05,12,218,uncalibrated
0,logistic,2,3.750881289292226e-05,13,218,uncalibrated
0,logistic,2,1.486818832193891e-05,14,218,uncalibrated
0,logistic,2,5.879932208932392e-06,15,218,uncalibrated
0,logistic,2,0.5241696070490517,1,220,uncalibrated
0,logistic,2,0.30649403417043086,2,220,uncalibrated
0,logistic,2,0.14948397794322088,3,220,uncalibrated
0,logistic,2,0.44573994511209675,4,220,uncalibrated
0,logistic,2,0.24382516010038616,5,220,uncalibrated
0,logistic,2,0.09887055194299978,6,220,uncalibrated
0,logistic,2,0.03062354963438406,7,220,uncalibrated
0,logistic,2,0.01133265710039847,8,220,uncalibrated
0,logistic,2,0.004232161904730217,9,220,uncalibrated
0,logistic,2,0.008899643248348344,10,220,uncalibrated
0,logistic,2,0.017784564554930025,11,220,uncalibrated
0,logistic,2,0.0065391089969369185,12,220,uncalibrated
0,logistic,2,0.0019937523955743178,13,220,uncalibrated
0,logistic,2,0.002710467228988836,14,220,uncalibrated
0,logistic,2,0.001045149409732677,15,220,uncalibrated
0,logistic,2,0.5253482413798144,1,223,uncalibrated
0,logistic,2,0.30643025601776236,2,223,uncalibrated
0,logistic,2,0.14959846604606694,3,223,uncalibrated
0,logistic,2,0.06578469344542866,4,223,uncalibrated
0,logistic,2,0.027472572117490452,5,223,uncalibrated
0,logistic,2,0.011129906753897556,6,223,uncalibrated
0,logistic,2,0.032355683626491945,7,223,uncalibrated
0,logistic,2,0.013786846873342263,8,223,uncalibrated
0,logistic,2,0.00513748839571385,9,223,uncalibrated
0,logistic,2,0.0015812575695010342,10,223,uncalibrated
0,logistic,2,0.0005967211545862452,11,223,uncalibrated
0,logistic,2,0.00022703893767286634,12,223,uncalibrated
0,logistic,2,8.665879189850236e-05,13,223,uncalibrated
0,logistic,2,3.3461775516368913e-05,14,223,uncalibrated
0,logistic,2,3.489383460875337e-05,15,223,uncalibrated
0,logistic,2,0.5131015636470821,1,231,uncalibrated
0,logistic,2,0.2909541990772523,2,231,uncalibrated
0,logistic,2,0.13673182439758427,3,231,uncalibrated
0,logistic,2,0.057768747955567926,4,231,uncalibrated
0,logistic,2,0.023303430339475215,5,231,uncalibrated
0,logistic,2,0.009053788537025669,6,231,uncalibrated
0,logistic,2,0.00352076107640617,7,231,uncalibrated
0,logistic,2,0.0013618128453934924,8,231,uncalibrated
0,logistic,2,0.0005203944445401822,9,231,uncalibrated
0,logistic,2,0.0002002981330253903,10,231,uncalibrated
0,logistic,2,7.781088418900386e-05,11,231,uncalibrated
0,logistic,2,3.022307750788945e-05,12,231,uncalibrated
0,logistic,2,1.1623151199743574e-05,13,231,uncalibrated
0,logistic,2,4.493499509026761e-06,14,231,uncalibrated
0,logistic,2,1.7399140150612576e-06,15,231,uncalibrated
1,logistic,2,0.5121082084310518,1,232,uncalibrated
1,logistic,2,0.9115680441832229,2,232,uncalibrated
1,logistic,2,0.928929998709936,3,232,uncalibrated
0,logistic,2,0.8381134750865291,4,232,uncalibrated
0,logistic,2,0.689935005596908,5,232,uncalibrated
0,logistic,2,0.3367997300503298,6,232,uncalibrated
0,logistic,2,0.34096892050864536,7,232,uncalibrated
0,logistic,2,0.5257537344647616,8,232,uncalibrated
0,logistic,2,0.4986897482471701,9,232,uncalibrated
0,logistic,2,0.22300074916091314,10,232,uncalibrated
0,logistic,2,0.07247195516800002,11,232,uncalibrated
0,logistic,2,0.02106105666226068,12,232,uncalibrated
0,logistic,2,0.0073055410378308795,13,232,uncalibrated
0,logistic,2,0.0025118411188956215,14,232,uncalibrated
0,logistic,2,0.004070804787619703,15,232,uncalibrated
0,logistic,2,0.5228409827661729,1,238,uncalibrated
0,logistic,2,0.30249054176254214,2,238,uncalibrated
0,logistic,2,0.14656072211216575,3,238,uncalibrated
0,logistic,2,0.06399135007137109,4,238,uncalibrated
0,logistic,2,0.02632597167730309,5,238,uncalibrated
0,logistic,2,0.010575174946535064,6,238,uncalibrated
0,logistic,2,0.004197608023693769,7,238,uncalibrated
0,logistic,2,0.0016399367427946962,8,238,uncalibrated
0,logistic,2,0.0006514558186935613,9,238,uncalibrated
0,logistic,2,0.00025625800537425035,10,238,uncalibrated
0,logistic,2,0.00010219390176402837,11,238,uncalibrated
0,logistic,2,4.038525789873884e-05,12,238,uncalibrated
0,logistic,2,1.5711874435665118e-05,13,238,uncalibrated
0,logistic,2,6.240488374895689e-06,14,238,uncalibrated
0,logistic,2,2.4672849574391968e-06,15,238,uncalibrated
0,logistic,2,0.9907017078968272,1,239,uncalibrated
0,logistic,2,0.9872794510006687,2,239,uncalibrated
0,logistic,2,0.9826197220415803,3,239,uncalibrated
0,logistic,2,0.976294049818201,4,239,uncalibrated
0,logistic,2,0.9677416865268788,5,239,uncalibrated
0,logistic,2,0.9562421885134946,6,239,uncalibrated
0,logistic,2,0.940893704720422,7,239,uncalibrated
0,logistic,2,0.9206085617560095,8,239,uncalibrated
0,logistic,2,0.8941448431475227,9,239,uncalibrated
0,logistic,2,0.8601994754295647,10,239,uncalibrated
0,logistic,2,0.8175892998055031,11,239,uncalibrated
0,logistic,2,0.7655318488962213,12,239,uncalibrated
0,logistic,2,0.7039966282544128,13,239,uncalibrated
0,logistic,2,0.6340321989270313,14,239,uncalibrated
0,logistic,2,0.557915394723248,15,239,uncalibrated
0,logistic,2,0.5255540060891615,1,243,uncalibrated
0,logistic,2,0.3077551684089116,2,243,uncalibrated
0,logistic,2,0.15131483590759198,3,243,uncalibrated
0,logistic,2,0.06676886977022764,4,243,uncalibrated
0,logistic,2,0.027864094912914885,5,243,uncalibrated
0,logistic,2,0.011307150873493968,6,243,uncalibrated
0,logistic,2,0.004560785936460172,7,243,uncalibrated
0,logistic,2,0.0018333878583913523,8,243,uncalibrated
0,logistic,2,0.0007365696031471417,9,243,uncalibrated
0,logistic,2,0.0002960799219828881,10,243,uncalibrated
0,logistic,2,0.00011879702194860627,11,243,uncalibrated
0,logistic,2,4.7789100566548286e-05,12,243,uncalibrated
0,logistic,2,1.9163083733087808e-05,13,243,uncalibrated
0,logistic,2,7.649043559081244e-06,14,243,uncalibrated
0,logistic,2,3.064147695937373e-06,15,243,uncalibrated
0,logistic,2,0.5239076512772868,1,256,uncalibrated
0,logistic,2,0.3038058815148805,2,256,uncalibrated
0,logistic,2,0.1483335885115705,3,256,uncalibrated
0,logistic,2,0.06462330103388124,4,256,uncalibrated
0,logistic,2,0.0266723738355534,5,256,uncalibrated
0,logistic,2,0.010782819427615175,6,256,uncalibrated
0,logistic,2,0.004321370160624792,7,256,uncalibrated
0,logistic,2,0.0017217433691253893,8,256,uncalibrated
0,logistic,2,0.0006853726893533437,9,256,uncalibrated
0,logistic,2,0.00027257346861113375,10,256,uncalibrated
0,logistic,2,0.00010831078851798704,11,256,uncalibrated
0,logistic,2,4.31929829719691e-05,12,256,uncalibrated
0,logistic,2,1.7266837092631208e-05,13,256,uncalibrated
0,logistic,2,6.864275933047816e-06,14,256,uncalibrated
0,logistic,2,2.7382470122088306e-06,15,256,uncalibrated
0,logistic,2,0.5273867914638848,1,265,uncalibrated
0,logistic,2,0.31004528955512933,2,265,uncalibrated
0,logistic,2,0.1528529729733955,3,265,uncalibrated
0,logistic,2,0.06764831764962898,4,265,uncalibrated
0,logistic,2,0.028306394313534204,5,265,uncalibrated
0,logistic,2,0.011505940541515457,6,265,uncalibrated
0,logistic,2,0.004631831195071792,7,265,uncalibrated
0,logistic,2,0.0018570142127929455,8,265,uncalibrated
0,logistic,2,0.0007464637251332042,9,265,uncalibrated
0,logistic,2,0.00029891338953884415,10,265,uncalibrated
0,logistic,2,0.0001196824788081074,11,265,uncalibrated
0,logistic,2,4.8232079589257265e-05,12,265,uncalibrated
0,logistic,2,1.943671525908561e-05,13,265,uncalibrated
0,logistic,2,7.7658360147513e-06,14,265,uncalibrated
0,logistic,2,3.101613058665937e-06,15,265,uncalibrated
1,logistic,2,0.5121082084310518,1,267,uncalibrated
1,logistic,2,0.914498480333584,2,267,uncalibrated
1,logistic,2,0.9308857244139345,3,267,uncalibrated
1,logistic,2,0.8356642524871548,4,267,uncalibrated
1,logistic,2,0.882838117571533,5,267,uncalibrated
0,logistic,2,0.7758690106386821,6,267,uncalibrated
0,logistic,2,0.5777509826155076,7,267,uncalibrated
0,logistic,2,0.2961939806523513,8,267,uncalibrated
0,logistic,2,0.11666453250060141,9,267,uncalibrated
0,logistic,2,0.04040771918778633,10,267,uncalibrated
0,logistic,2,0.01414724537835129,11,267,uncalibrated
0,logistic,2,0.005050439549032792,12,267,uncalibrated
0,logistic,2,0.0018192146687127445,13,267,uncalibrated
0,logistic,2,0.0032143957182219317,14,267,uncalibrated
0,logistic,2,0.001198908039807373,15,267,uncalibrated
0,logistic,2,0.526451785993921,1,277,uncalibrated
0,logistic,2,0.30802692830421985,2,277,uncalibrated
0,logistic,2,0.1501624171918012,3,277,uncalibrated
0,logistic,2,0.06621475992190573,4,277,uncalibrated
0,logistic,2,0.027827541114595372,5,277,uncalibrated
0,logistic,2,0.011337382068066325,6,277,uncalibrated
0,logistic,2,0.004612503237998173,7,277,uncalibrated
0,logistic,2,0.0018390251667324972,8,277,uncalibrated
0,logistic,2,0.0007369562109637391,9,277,uncalibrated
0,logistic,2,0.000296769068825237,10,277,uncalibrated
0,logistic,2,0.00011866343442891224,11,277,uncalibrated
0,logistic,2,4.761376451050058e-05,12,277,uncalibrated
0,logistic,2,1.902414778089382e-05,13,277,uncalibrated
0,logistic,2,7.614692274222451e-06,14,277,uncalibrated
0,logistic,2,3.045356601600046e-06,15,277,uncalibrated
0,logistic,2,0.5193776027903965,1,287,uncalibrated
0,logistic,2,0.2975124257041916,2,287,uncalibrated
0,logistic,2,0.14269099105536384,3,287,uncalibrated
0,logistic,2,0.06130451003311694,4,287,uncalibrated
0,logistic,2,0.02493798637023544,5,287,uncalibrated
0,logistic,2,0.009891579268824759,6,287,uncalibrated
0,logistic,2,0.0038884356744617004,7,287,uncalibrated
0,logistic,2,0.0015430564337393599,8,287,uncalibrated
0,logistic,2,0.0006033149797284667,9,287,uncalibrated
0,logistic,2,0.00023863504751217657,10,287,uncalibrated
0,logistic,2,9.350215463876886e-05,11,287,uncalibrated
0,logistic,2,3.7030706362993836e-05,12,287,uncalibrated
0,logistic,2,1.4582907013299112e-05,13,287,uncalibrated
0,logistic,2,5.7255487898070804e-06,14,287,uncalibrated
0,logistic,2,2.2506557546756415e-06,15,287,uncalibrated
0,logistic,2,0.5182539282049917,1,289,uncalibrated
0,logistic,2,0.29774765904313655,2,289,uncalibrated
0,logistic,2,0.14294813886157132,3,289,uncalibrated
0,logistic,2,0.06153804275901418,4,289,uncalibrated
0,logistic,2,0.024649585482059765,5,289,uncalibrated
0,logistic,2,0.009838089462296777,6,289,uncalibrated
0,logistic,2,0.00388582143788518,7,289,uncalibrated
0,logistic,2,0.0015257022925327516,8,289,uncalibrated
0,logistic,2,0.0005981804779972337,9,289,uncalibrated
0,logistic,2,0.00023327320600081595,10,289,uncalibrated
0,logistic,2,8.989827036427365e-05,11,289,uncalibrated
0,logistic,2,3.5160101786440816e-05,12,289,uncalibrated
0,logistic,2,1.3616532651521829e-05,13,289,uncalibrated
0,logistic,2,5.318526060711141e-06,14,289,uncalibrated
0,logistic,2,2.069747874562719e-06,15,289,uncalibrated
0,logistic,2,0.5190967020760999,1,297,uncalibrated
0,logistic,2,0.29507236613121607,2,297,uncalibrated
0,logistic,2,0.14168449871784586,3,297,uncalibrated
0,logistic,2,0.05981928800701696,4,297,uncalibrated
0,logistic,2,0.023985723827645213,5,297,uncalibrated
0,logistic,2,0.009444187006531936,6,297,uncalibrated
0,logistic,2,0.0037351991083807,7,297,uncalibrated
0,logistic,2,0.0014526525847086942,8,297,uncalibrated
0,logistic,2,0.0005718679427448519,9,297,uncalibrated
0,logistic,2,0.00022379599537103727,10,297,uncalibrated
0,logistic,2,8.705141030362615e-05,11,297,uncalibrated
0,logistic,2,3.36303145618578e-05,12,297,uncalibrated
0,logistic,2,1.3033850190032103e-05,13,297,uncalibrated
0,logistic,2,5.030192193635282e-06,14,297,uncalibrated
0,logistic,2,1.9752416378950295e-06,15,297,uncalibrated
0,logistic,2,0.5121082084310518,1,305,uncalibrated
0,logistic,2,0.2921317893009562,2,305,uncalibrated
0,logistic,2,0.13932007819784922,3,305,uncalibrated
0,logistic,2,0.059122748248067236,4,305,uncalibrated
0,logistic,2,0.024289652732370142,5,305,uncalibrated
0,logistic,2,0.009723295753412022,6,305,uncalibrated
0,logistic,2,0.0038594867465297053,7,305,uncalibrated
0,logistic,2,0.0015235325075496034,8,305,uncalibrated
0,logistic,2,0.0006011026694858712,9,305,uncalibrated
0,logistic,2,0.0002281002316515636,10,305,uncalibrated
0,logistic,2,8.979717663759525e-05,11,305,uncalibrated
0,logistic,2,3.528163839754475e-05,12,305,uncalibrated
0,logistic,2,1.3383609747613715e-05,13,305,uncalibrated
0,logistic,2,5.2740272128546536e-06,14,305,uncalibrated
0,logistic,2,2.00059324254022e-06,15,305,uncalibrated
1,logistic,2,0.5214371556457138,1,308,uncalibrated
1,logistic,2,0.9167070068437528,2,308,uncalibrated
1,logistic,2,0.934382196740272,3,308,uncalibrated
1,logistic,2,0.9486545537967306,4,308,uncalibrated
1,logistic,2,0.8895146497501611,5,308,uncalibrated
1,logistic,2,0.90503093605871,6,308,uncalibrated
1,logistic,2,0.8860203077935246,7,308,uncalibrated
1,logistic,2,0.9310598286171016,8,308,uncalibrated
0,logistic,2,0.8149721187340123,9,308,uncalibrated
0,logistic,2,0.8286919713790065,10,308,uncalibrated
0,logistic,2,0.8122604972709652,11,308,uncalibrated
0,logistic,2,0.7875984321399934,12,308,uncalibrated
0,logistic,2,0.7323692346955634,13,308,uncalibrated
0,logistic,2,0.6603070915654811,14,308,uncalibrated
0,logistic,2,0.5787250421796665,15,308,uncalibrated
0,logistic,2,0.5240386308165416,1,314,uncalibrated
0,logistic,2,0.30471105151956585,2,314,uncalibrated
0,logistic,2,0.1488650887063672,3,314,uncalibrated
0,logistic,2,0.06510563779102566,4,314,uncalibrated
0,logistic,2,0.026997577590501178,5,314,uncalibrated
0,logistic,2,0.010949721744083,6,314,uncalibrated
0,logistic,2,0.004402819754017355,7,314,uncalibrated
0,logistic,2,0.001748248563227927,8,314,uncalibrated
0,logistic,2,0.0006989148265070036,9,314,uncalibrated
0,logistic,2,0.0002791941156204496,10,314,uncalibrated
0,logistic,2,0.00011094203574424969,11,314,uncalibrated
0,logistic,2,4.4222452880970116e-05,12,314,uncalibrated
0,logistic,2,1.776613355504177e-05,13,314,uncalibrated
0,logistic,2,7.034215910480284e-06,14,314,uncalibrated
0,logistic,2,2.7886210877679305e-06,15,314,uncalibrated
0,logistic,2,0.5237205319491461,1,322,uncalibrated
0,logistic,2,0.30550630614837604,2,322,uncalibrated
0,logistic,2,0.14947444052859216,3,322,uncalibrated
0,logistic,2,0.06545352355332808,4,322,uncalibrated
0,logistic,2,0.027203280496294047,5,322,uncalibrated
0,logistic,2,0.011026354200385682,6,322,uncalibrated
0,logistic,2,0.00444013477844843,7,322,uncalibrated
0,logistic,2,0.0017823539239563385,8,322,uncalibrated
0,logistic,2,0.0007113898745595489,9,322,uncalibrated
0,logistic,2,0.0002830098546128869,10,322,uncalibrated
0,logistic,2,0.0001130590512315788,11,322,uncalibrated
0,logistic,2,4.52628747365863e-05,12,322,uncalibrated
0,logistic,2,1.8044166812821665e-05,13,322,uncalibrated
0,logistic,2,7.197016228251281e-06,14,322,uncalibrated
0,logistic,2,2.865817588008474e-06,15,322,uncalibrated
0,logistic,2,0.5273306964873139,1,329,uncalibrated
0,logistic,2,0.31033422080029444,2,329,uncalibrated
0,logistic,2,0.15354394217867198,3,329,uncalibrated
0,logistic,2,0.06811348415216349,4,329,uncalibrated
0,logistic,2,0.02850099835506129,5,329,uncalibrated
0,logistic,2,0.011691702436297639,6,329,uncalibrated
0,logistic,2,0.004746313115344786,7,329,uncalibrated
0,logistic,2,0.001913760740940228,8,329,uncalibrated
0,logistic,2,0.0007726522300495198,9,329,uncalibrated
0,logistic,2,0.000311617381633332,10,329,uncalibrated
0,logistic,2,0.00012510737679107185,11,329,uncalibrated
0,logistic,2,5.037311387006985e-05,12,329,uncalibrated
0,logistic,2,2.0311727983889278e-05,13,329,uncalibrated
0,logistic,2,8.177782620749185e-06,14,329,uncalibrated
0,logistic,2,3.292217541074448e-06,15,329,uncalibrated
1,logistic,2,0.9907017078968272,1,333,uncalibrated
0,logistic,2,0.7905515145094731,2,333,uncalibrated
0,logistic,2,0.6571433683698673,3,333,uncalibrated
0,logistic,2,0.3453933937039348,4,333,uncalibrated
0,logistic,2,0.14298464323100837,5,333,uncalibrated
0,logistic,2,0.053073670130355605,6,333,uncalibrated
0,logistic,2,0.042411126899868735,7,333,uncalibrated
0,logistic,2,0.01521300141039329,8,333,uncalibrated
0,logistic,2,0.0055082988926723475,9,333,uncalibrated
0,logistic,2,0.0020003157594512613,10,333,uncalibrated
0,logistic,2,0.0014863574138083762,11,333,uncalibrated
0,logistic,2,0.0005434180574496952,12,333,uncalibrated
0,logistic,2,0.0003939757791873969,13,333,uncalibrated
0,logistic,2,0.00014758026718084005,14,333,uncalibrated
0,logistic,2,5.4560546973200476e-05,15,333,uncalibrated
0,logistic,2,0.521025301125874,1,334,uncalibrated
0,logistic,2,0.3008469677308426,2,334,uncalibrated
0,logistic,2,0.14612025681171106,3,334,uncalibrated
0,logistic,2,0.06314734676794267,4,334,uncalibrated
0,logistic,2,0.025860823307766685,5,334,uncalibrated
0,logistic,2,0.01035071835166303,6,334,uncalibrated
0,logistic,2,0.0041254830545184905,7,334,uncalibrated
0,logistic,2,0.0016182191191762734,8,334,uncalibrated
0,logistic,2,0.0006384974919240621,9,334,uncalibrated
0,logistic,2,0.0002513094541178415,10,334,uncalibrated
0,logistic,2,9.936680825061125e-05,11,334,uncalibrated
0,logistic,2,3.927681046541573e-05,12,334,uncalibrated
0,logistic,2,1.5477903291859277e-05,13,334,uncalibrated
0,logistic,2,6.096580374570801e-06,14,334,uncalibrated
0,logistic,2,2.412921067667112e-06,15,334,uncalibrated
0,logistic,2,0.5258532847021475,1,336,uncalibrated
0,logistic,2,0.30863487269182854,2,336,uncalibrated
0,logistic,2,0.1519904303002326,3,336,uncalibrated
0,logistic,2,0.06708743399643764,4,336,uncalibrated
0,logistic,2,0.028053700417716657,5,336,uncalibrated
0,logistic,2,0.01145146232309534,6,336,uncalibrated
0,logistic,2,0.0046404857542850005,7,336,uncalibrated
0,logistic,2,0.0018691510322384074,8,336,uncalibrated
0,logistic,2,0.000748593095347609,9,336,uncalibrated
0,logistic,2,0.00030037406074754757,10,336,uncalibrated
0,logistic,2,0.00012078272981011593,11,336,uncalibrated
0,logistic,2,4.850056308473495e-05,12,336,uncalibrated
0,logistic,2,1.948489128439719e-05,13,336,uncalibrated
0,logistic,2,7.82607337371314e-06,14,336,uncalibrated
0,logistic,2,3.146610087402521e-06,15,336,uncalibrated
0,logistic,2,0.5271250090133238,1,345,uncalibrated
0,logistic,2,0.30831481914673203,2,345,uncalibrated
0,logistic,2,0.15132446985828482,3,345,uncalibrated
0,logistic,2,0.0633518046840668,4,345,uncalibrated
0,logistic,2,0.02637216131855499,5,345,uncalibrated
0,logistic,2,0.010735710755533333,6,345,uncalibrated
0,logistic,2,0.004327830548740488,7,345,uncalibrated
0,logistic,2,0.0017441947217128571,8,345,uncalibrated
0,logistic,2,0.0045081936509174985,9,345,uncalibrated
0,logistic,2,0.0019194572856292443,10,345,uncalibrated
0,logistic,2,0.0007279304972780922,11,345,uncalibrated
0,logistic,2,0.00022669863053664428,12,345,uncalibrated
0,logistic,2,8.780386005895202e-05,13,345,uncalibrated
0,logistic,2,3.417717734043871e-05,14,345,uncalibrated
0,logistic,2,1.2578095590418202e-05,15,345,uncalibrated
0,logistic,2,0.5243380001745291,1,347,uncalibrated
0,logistic,2,0.3052835176756985,2,347,uncalibrated
0,logistic,2,0.14821042888599237,3,347,uncalibrated
0,logistic,2,0.06462330103388124,4,347,uncalibrated
0,logistic,2,0.02680316968965963,5,347,uncalibrated
0,logistic,2,0.01080845535459902,6,347,uncalibrated
0,logistic,2,0.004325568319788891,7,347,uncalibrated
0,logistic,2,0.001724324081955488,8,347,uncalibrated
0,logistic,2,0.004438041871088351,9,347,uncalibrated
0,logistic,2,0.0018703684973129214,10,347,uncalibrated
0,logistic,2,0.0007032040194975816,11,347,uncalibrated
0,logistic,2,0.0002186661064132963,12,347,uncalibrated
0,logistic,2,8.210263736009796e-05,13,347,uncalibrated
0,logistic,2,3.156477312231579e-05,14,347,uncalibrated
0,logistic,2,1.2120502836183701e-05,15,347,uncalibrated
1,logistic,2,0.513026596954459,1,352,uncalibrated
1,logistic,2,0.6481844213517095,2,352,uncalibrated
1,logistic,2,0.6261632731231702,3,352,uncalibrated
1,logistic,2,0.7014674135343177,4,352,uncalibrated
1,logistic,2,0.6294924626093658,5,352,uncalibrated
1,logistic,2,0.9050098136787401,6,352,uncalibrated
1,logistic,2,0.8997592246081323,7,352,uncalibrated
0,logistic,2,0.8242141435781232,8,352,uncalibrated
0,logistic,2,0.8459036216803212,9,352,uncalibrated
0,logistic,2,0.733147551547259,10,352,uncalibrated
0,logistic,2,0.40599262160420596,11,352,uncalibrated
0,logistic,2,0.29963513228036537,12,352,uncalibrated
0,logistic,2,0.21979390191707454,13,352,uncalibrated
0,logistic,2,0.07069756071012424,14,352,uncalibrated
0,logistic,2,0.07358700035425697,15,352,uncalibrated
0,logistic,2,0.5235334059614427,1,354,uncalibrated
0,logistic,2,0.30494950580448404,2,354,uncalibrated
0,logistic,2,0.1488270723549573,3,354,uncalibrated
0,logistic,2,0.43177525033412045,4,354,uncalibrated
0,logistic,2,0.23514973916926357,5,354,uncalibrated
0,logistic,2,0.09414864104228453,6,354,uncalibrated
0,logistic,2,0.029210814257194143,7,354,uncalibrated
0,logistic,2,0.010681969483680913,8,354,uncalibrated
0,logistic,2,0.003947793506138741,9,354,uncalibrated
0,logistic,2,0.0014828318532237599,10,354,uncalibrated
0,logistic,2,0.000558831038502799,11,354,uncalibrated
0,logistic,2,0.00021284098090010387,12,354,uncalibrated
0,logistic,2,8.078308436160902e-05,13,354,uncalibrated
0,logistic,2,3.116011928018528e-05,14,354,uncalibrated
0,logistic,2,1.1880149848392456e-05,15,354,uncalibrated
1,logistic,2,0.5201827830030752,1,355,uncalibrated
1,logistic,2,0.916546482046312,2,355,uncalibrated
1,logistic,2,0.769998392309672,3,355,uncalibrated
1,logistic,2,0.8741750044962961,4,355,uncalibrated
1,logistic,2,0.8635198220751853,5,355,uncalibrated
1,logistic,2,0.8943086662842619,6,355,uncalibrated
1,logistic,2,0.8657635221952809,7,355,uncalibrated
1,logistic,2,0.8463395015975925,8,355,uncalibrated
0,logistic,2,0.8214034700573688,9,355,uncalibrated
0,logistic,2,0.6479918855865865,10,355,uncalibrated
0,logistic,2,0.5382073837449977,11,355,uncalibrated
0,logistic,2,0.2784746834765388,12,355,uncalibrated
0,logistic,2,0.22547426801873102,13,355,uncalibrated
0,logistic,2,0.0648798844137972,14,355,uncalibrated
0,logistic,2,0.05903011252523463,15,355,uncalibrated
0,logistic,2,0.522447946588246,1,356,uncalibrated
0,logistic,2,0.2934988054077314,2,356,uncalibrated
0,logistic,2,0.14008644687627467,3,356,uncalibrated
0,logistic,2,0.059650747646782604,4,356,uncalibrated
0,logistic,2,0.024459127006056798,5,356,uncalibrated
0,logistic,2,0.00972040686280833,6,356,uncalibrated
0,logistic,2,0.0038013790304071635,7,356,uncalibrated
0,logistic,2,0.0015083170544157348,8,356,uncalibrated
0,logistic,2,0.000576603771731086,9,356,uncalibrated
0,logistic,2,0.00022539625856671022,10,356,uncalibrated
0,logistic,2,0.00017661017838852547,11,356,uncalibrated
0,logistic,2,6.839598203330637e-05,12,356,uncalibrated
0,logistic,2,2.677868438697803e-05,13,356,uncalibrated
0,logistic,2,1.0451224986412078e-05,14,356,uncalibrated
0,logistic,2,4.038435646513645e-06,15,356,uncalibrated
0,logistic,2,0.5218864182304073,1,360,uncalibrated
0,logistic,2,0.3024588866425733,2,360,uncalibrated
0,logistic,2,0.14670152745453865,3,360,uncalibrated
0,logistic,2,0.06408577435251753,4,360,uncalibrated
0,logistic,2,0.026476376471192865,5,360,uncalibrated
0,logistic,2,0.010644473131090564,6,360,uncalibrated
0,logistic,2,0.004220245917090382,7,360,uncalibrated
0,logistic,2,0.011560398603807996,8,360,uncalibrated
0,logistic,2,0.0048781329530287265,9,360,uncalibrated
0,logistic,2,0.0018292322863746819,10,360,uncalibrated
0,logistic,2,0.0005642622052696844,11,360,uncalibrated
0,logistic,2,0.0002141058390572216,12,360,uncalibrated
0,logistic,2,8.206569370015413e-05,13,360,uncalibrated
0,logistic,2,3.147492300129073e-05,14,360,uncalibrated
0,logistic,2,1.2121412114010913e-05,15,360,uncalibrated
0,logistic,2,0.5265826980794418,1,368,uncalibrated
0,logistic,2,0.3089551100748033,2,368,uncalibrated
0,logistic,2,0.15172955105443617,3,368,uncalibrated
0,logistic,2,0.06703111446142782,4,368,uncalibrated
0,logistic,2,0.02798219691229053,5,368,uncalibrated
0,logistic,2,0.01145061312704135,6,368,uncalibrated
0,logistic,2,0.004639099943964343,7,368,uncalibrated
0,logistic,2,0.0018670528429917353,8,368,uncalibrated
0,logistic,2,0.0007507848131730481,9,368,uncalibrated
0,logistic,2,0.0003013668706320131,10,368,uncalibrated
0,logistic,2,0.00012039378707327371,11,368,uncalibrated
0,logistic,2,4.837702072707055e-05,12,368,uncalibrated
0,logistic,2,1.9414856459347684e-05,13,368,uncalibrated
0,logistic,2,7.799113728279037e-06,14,368,uncalibrated
0,logistic,2,3.135535209100579e-06,15,368,uncalibrated
0,logistic,2,0.5181977395340902,1,379,uncalibrated
0,logistic,2,0.29410583649940375,2,379,uncalibrated
0,logistic,2,0.1380297809762338,3,379,uncalibrated
0,logistic,2,0.058170218584832914,4,379,uncalibrated
0,logistic,2,0.023467908150692468,5,379,uncalibrated
0,logistic,2,0.0712234692916439,6,379,uncalibrated
0,logistic,2,0.07855154906006682,7,379,uncalibrated
0,logistic,2,0.0982580464303293,8,379,uncalibrated
0,logistic,2,0.030871872098958038,9,379,uncalibrated
0,logistic,2,0.02850841232493437,10,379,uncalibrated
0,logistic,2,0.04801943250176274,11,379,uncalibrated
0,logistic,2,0.08001125856253244,12,379,uncalibrated
0,logistic,2,0.10260311907091126,13,379,uncalibrated
0,logistic,2,0.030675503923423435,14,379,uncalibrated
0,logistic,2,0.008783633855216202,15,379,uncalibrated
1,logistic,2,0.5121082084310518,1,385,uncalibrated
1,logistic,2,0.29230246171371144,2,385,uncalibrated
1,logistic,2,0.7120436080816324,3,385,uncalibrated
1,logistic,2,0.7866307896383078,4,385,uncalibrated
1,logistic,2,0.589054926064373,5,385,uncalibrated
1,logistic,2,0.6937506506498148,6,385,uncalibrated
1,logistic,2,0.7681094654331202,7,385,uncalibrated
0,logistic,2,0.650877756615889,8,385,uncalibrated
0,logistic,2,0.4940464587884312,9,385,uncalibrated
0,logistic,2,0.2377676507542427,10,385,uncalibrated
0,logistic,2,0.3175108202449812,11,385,uncalibrated
0,logistic,2,0.3027038739602443,12,385,uncalibrated
0,logistic,2,0.13746979674242896,13,385,uncalibrated
0,logistic,2,0.03970520322112398,14,385,uncalibrated
0,logistic,2,0.011861837741578977,15,385,uncalibrated
0,logistic,2,0.5216805105636216,1,392,uncalibrated
0,logistic,2,0.2926439820519158,2,392,uncalibrated
0,logistic,2,0.7072829986180666,3,392,uncalibrated
0,logistic,2,0.4755818798896957,4,392,uncalibrated
0,logistic,2,0.2210338525822224,5,392,uncalibrated
0,logistic,2,0.1707858645594014,6,392,uncalibrated
0,logistic,2,0.20570804287138647,7,392,uncalibrated
0,logistic,2,0.25317659284549654,8,392,uncalibrated
0,logistic,2,0.22192600537587154,9,392,uncalibrated
0,logistic,2,0.3202717379763456,10,392,uncalibrated
0,logistic,2,0.26586309776041345,11,392,uncalibrated
0,logistic,2,0.19803182357461177,12,392,uncalibrated
0,logistic,2,0.16111967262681773,13,392,uncalibrated
0,logistic,2,0.11464190429681946,14,392,uncalibrated
0,logistic,2,0.08915490360353288,15,392,uncalibrated
0,logistic,2,0.5208193631121886,1,393,uncalibrated
0,logistic,2,0.3016681189481372,2,393,uncalibrated
0,logistic,2,0.14610153796826858,3,393,uncalibrated
0,logistic,2,0.06322283551559599,4,393,uncalibrated
0,logistic,2,0.025961174624411176,5,393,uncalibrated
0,logistic,2,0.01049463133572171,6,393,uncalibrated
0,logistic,2,0.004227187269106998,7,393,uncalibrated
0,logistic,2,0.001676320933465927,8,393,uncalibrated
0,logistic,2,0.0006654248233022476,9,393,uncalibrated
0,logistic,2,0.0002619907816161964,10,393,uncalibrated
0,logistic,2,0.00010400348275491532,11,393,uncalibrated
0,logistic,2,4.111892092208095e-05,12,393,uncalibrated
0,logistic,2,1.631484037114235e-05,13,393,uncalibrated
0,logistic,2,6.428655041930563e-06,14,393,uncalibrated
0,logistic,2,2.5230629474112925e-06,15,393,uncalibrated
1,logistic,2,0.5160809770584824,1,394,uncalibrated
1,logistic,2,0.9130027295482219,2,394,uncalibrated
1,logistic,2,0.9310159252634995,3,394,uncalibrated
1,logistic,2,0.9581706978897224,4,394,uncalibrated
1,logistic,2,0.9527293562594917,5,394,uncalibrated
0,logistic,2,0.8312098777419072,6,394,uncalibrated
0,logistic,2,0.6608592245270616,7,394,uncalibrated
0,logistic,2,0.5743304624907922,8,394,uncalibrated
0,logistic,2,0.4887770102804835,9,394,uncalibrated
0,logistic,2,0.5678283118097798,10,394,uncalibrated
0,logistic,2,0.2487456711979778,11,394,uncalibrated
0,logistic,2,0.18562721112198274,12,394,uncalibrated
0,logistic,2,0.1079680998201857,13,394,uncalibrated
0,logistic,2,0.03598995894672298,14,394,uncalibrated
0,logistic,2,0.011237163983332533,15,394,uncalibrated
0,logistic,2,0.5233275597455962,1,397,uncalibrated
0,logistic,2,0.3029814359186184,2,397,uncalibrated
0,logistic,2,0.1471905200559644,3,397,uncalibrated
0,logistic,2,0.06470497214396535,4,397,uncalibrated
0,logistic,2,0.026684061545790724,5,397,uncalibrated
0,logistic,2,0.010789222765551122,6,397,uncalibrated
0,logistic,2,0.004366469168602505,7,397,uncalibrated
0,logistic,2,0.0017444559764730728,8,397,uncalibrated
0,logistic,2,0.0006924999052665526,9,397,uncalibrated
0,logistic,2,0.0002753884990897715,10,397,uncalibrated
0,logistic,2,0.0001098489888524014,11,397,uncalibrated
0,logistic,2,4.391501487208539e-05,12,397,uncalibrated
0,logistic,2,1.7506824660363978e-05,13,397,uncalibrated
0,logistic,2,6.963337480041615e-06,14,397,uncalibrated
0,logistic,2,2.759900967018766e-06,15,397,uncalibrated
0,logistic,2,0.5228971284939701,1,402,uncalibrated
0,logistic,2,0.30326667780228495,2,402,uncalibrated
0,logistic,2,0.1475392777087081,3,402,uncalibrated
0,logistic,2,0.44074153407873157,4,402,uncalibrated
0,logistic,2,0.23989115713221537,5,402,uncalibrated
0,logistic,2,0.09654267098893173,6,402,uncalibrated
0,logistic,2,0.02985364529705823,7,402,uncalibrated
0,logistic,2,0.011045496420885837,8,402,uncalibrated
0,logistic,2,0.004076993436210635,9,402,uncalibrated
0,logistic,2,0.0014933095983632654,10,402,uncalibrated
0,logistic,2,0.0005375432355019329,11,402,uncalibrated
0,logistic,2,0.00020376533079830862,12,402,uncalibrated
0,logistic,2,7.7786007616107e-05,13,402,uncalibrated
0,logistic,2,2.9815543898293372e-05,14,402,uncalibrated
0,logistic,2,1.1519450202769037e-05,15,402,uncalibrated
0,logistic,2,0.5244689687814289,1,404,uncalibrated
0,logistic,2,0.3065897152871952,2,404,uncalibrated
0,logistic,2,0.15053615854590588,3,404,uncalibrated
0,logistic,2,0.06605722922718897,4,404,uncalibrated
0,logistic,2,0.027554868601527685,5,404,uncalibrated
0,logistic,2,0.011224425384328725,6,404,uncalibrated
0,logistic,2,0.004480440697742538,7,404,uncalibrated
0,logistic,2,0.0017995200939085489,8,404,uncalibrated
0,logistic,2,0.0007200278307087902,9,404,uncalibrated
0,logistic,2,0.0002873514442638578,10,404,uncalibrated
0,logistic,2,0.00011499197842517844,11,404,uncalibrated
0,logistic,2,4.599534766373924e-05,12,404,uncalibrated
0,logistic,2,1.841060572499473e-05,13,404,uncalibrated
0,logistic,2,7.347031113840165e-06,14,404,uncalibrated
0,logistic,2,2.9391917878081267e-06,15,404,uncalibrated
0,logistic,2,0.5224853798105321,1,410,uncalibrated
0,logistic,2,0.30344106692155515,2,410,uncalibrated
0,logistic,2,0.1475864594958532,3,410,uncalibrated
0,logistic,2,0.06412628162043248,4,410,uncalibrated
0,logistic,2,0.026464777254312476,5,410,uncalibrated
0,logistic,2,0.01073730432114072,6,410,uncalibrated
0,logistic,2,0.004319111293976596,7,410,uncalibrated
0,logistic,2,0.0017304039672400562,8,410,uncalibrated
0,logistic,2,0.0006869673198417721,9,410,uncalibrated
0,logistic,2,0.0002754711249962933,10,410,uncalibrated
0,logistic,2,0.00010913446554209348,11,410,uncalibrated
0,logistic,2,4.316383184843684e-05,12,410,uncalibrated
0,logistic,2,1.7167386522380024e-05,13,410,uncalibrated
0,logistic,2,6.859643036527444e-06,14,410,uncalibrated
0,logistic,2,2.719413713498661e-06,15,410,uncalibrated
0,logistic,2,0.5171862661304262,1,415,uncalibrated
0,logistic,2,0.2947447863916338,2,415,uncalibrated
0,logistic,2,0.13944606146257996,3,415,uncalibrated
0,logistic,2,0.05813323993825163,4,415,uncalibrated
0,logistic,2,0.02346618901438606,5,415,uncalibrated
0,logistic,2,0.009065237502033297,6,415,uncalibrated
0,logistic,2,0.025655501302098142,7,415,uncalibrated
0,logistic,2,0.010694814539130936,8,415,uncalibrated
0,logistic,2,0.0038250134184644844,9,415,uncalibrated
0,logistic,2,0.0011498153201610218,10,415,uncalibrated
0,logistic,2,0.0004227122519688407,11,415,uncalibrated
0,logistic,2,0.00015683643354695744,12,415,uncalibrated
0,logistic,2,5.866911014982251e-05,13,415,uncalibrated
0,logistic,2,2.1616054474726035e-05,14,415,uncalibrated
0,logistic,2,8.139936842944573e-06,15,415,uncalibrated
0,logistic,2,0.5220361645932893,1,416,uncalibrated
0,logistic,2,0.2998695693037586,2,416,uncalibrated
0,logistic,2,0.14273688200956838,3,416,uncalibrated
0,logistic,2,0.060446771668703485,4,416,uncalibrated
0,logistic,2,0.024747166533170564,5,416,uncalibrated
0,logistic,2,0.07484389052401888,6,416,uncalibrated
0,logistic,2,0.08251137775930334,7,416,uncalibrated
0,logistic,2,0.029416004672715688,8,416,uncalibrated
0,logistic,2,0.026969662147979623,9,416,uncalibrated
0,logistic,2,0.010038410129632806,10,416,uncalibrated
0,logistic,2,0.0035110349420136217,11,416,uncalibrated
0,logistic,2,0.0010181442476410185,12,416,uncalibrated
0,logistic,2,0.0003644786643821872,13,416,uncalibrated
0,logistic,2,0.00012857614987353636,14,416,uncalibrated
0,logistic,2,4.731826617928556e-05,15,416,uncalibrated
0,logistic,2,0.5272185044653682,1,417,uncalibrated
0,logistic,2,0.3083948152871655,2,417,uncalibrated
0,logistic,2,0.1525617809174198,3,417,uncalibrated
0,logistic,2,0.06712970246481018,4,417,uncalibrated
0,logistic,2,0.028201351720272997,5,417,uncalibrated
0,logistic,2,0.011523017458176295,6,417,uncalibrated
0,logistic,2,0.0046404857542850005,7,417,uncalibrated
0,logistic,2,0.001876442993177649,8,417,uncalibrated
0,logistic,2,0.0007493229566614046,9,417,uncalibrated
0,logistic,2,0.00029969902023974326,10,417,uncalibrated
0,logistic,2,0.00012095498820323668,11,417,uncalibrated
0,logistic,2,4.866090985448468e-05,12,417,uncalibrated
0,logistic,2,1.9449842349911658e-05,13,417,uncalibrated
0,logistic,2,7.556648763660791e-06,14,417,uncalibrated
0,logistic,2,3.0205564756964027e-06,15,417,uncalibrated
0,logistic,2,0.5208755287297168,1,426,uncalibrated
0,logistic,2,0.30045263709050696,2,426,uncalibrated
0,logistic,2,0.14512158765833807,3,426,uncalibrated
0,logistic,2,0.06277557595290809,4,426,uncalibrated
0,logistic,2,0.20131438001221408,5,426,uncalibrated
0,logistic,2,0.09272525731107897,6,426,uncalibrated
0,logistic,2,0.18433143060056031,7,426,uncalibrated
0,logistic,2,0.06437931687011475,8,426,uncalibrated
0,logistic,2,0.023474405228435146,9,426,uncalibrated
0,logistic,2,0.006994926669533713,10,426,uncalibrated
0,logistic,2,0.002545158543201934,11,426,uncalibrated
0,logistic,2,0.0009296823963488568,12,426,uncalibrated
0,logistic,2,0.0003452850862998638,13,426,uncalibrated
0,logistic,2,0.00012901755651911135,14,426,uncalibrated
0,logistic,2,4.861899573233564e-05,15,426,uncalibrated
0,logistic,2,0.5155563773741332,1,428,uncalibrated
0,logistic,2,0.9140869847950681,2,428,uncalibrated
0,logistic,2,0.7595681353929098,3,428,uncalibrated
0,logistic,2,0.46759974367546087,4,428,uncalibrated
0,logistic,2,0.1802171301711534,5,428,uncalibrated
0,logistic,2,0.20403231108313188,6,428,uncalibrated
0,logistic,2,0.0923420033405181,7,428,uncalibrated
0,logistic,2,0.03222497207624833,8,428,uncalibrated
0,logistic,2,0.00915628163609169,9,428,uncalibrated
0,logistic,2,0.0031601795308595086,10,428,uncalibrated
0,logistic,2,0.0010978905570394933,11,428,uncalibrated
0,logistic,2,0.000390540850037657,12,428,uncalibrated
0,logistic,2,0.00013907802205191962,13,428,uncalibrated
0,logistic,2,5.0711814167548365e-05,14,428,uncalibrated
0,logistic,2,1.8606229585542222e-05,15,428,uncalibrated
0,logistic,2,0.5167366766929705,1,431,uncalibrated
0,logistic,2,0.9149081884143835,2,431,uncalibrated
0,logistic,2,0.7621479165943287,3,431,uncalibrated
0,logistic,2,0.7868699249789217,4,431,uncalibrated
0,logistic,2,0.8799602386882548,5,431,uncalibrated
0,logistic,2,0.6940372642338959,6,431,uncalibrated
0,logistic,2,0.36062188453999156,7,431,uncalibrated
0,logistic,2,0.4339355442552543,8,431,uncalibrated
0,logistic,2,0.5544489162490247,9,431,uncalibrated
0,logistic,2,0.4959071254642932,10,431,uncalibrated
0,logistic,2,0.7389646943815055,11,431,uncalibrated
0,logistic,2,0.5553207609436096,12,431,uncalibrated
0,logistic,2,0.7074669198837144,13,431,uncalibrated
0,logistic,2,0.572352075314849,14,431,uncalibrated
0,logistic,2,0.47693643822111237,15,431,uncalibrated
0,logistic,2,0.5121082084310518,1,432,uncalibrated
0,logistic,2,0.6473457133011945,2,432,uncalibrated
0,logistic,2,0.928614237270208,3,432,uncalibrated
0,logistic,2,0.9546908295985017,4,432,uncalibrated
0,logistic,2,0.9438402572371891,5,432,uncalibrated
0,logistic,2,0.9262328942359603,6,432,uncalibrated
0,logistic,2,0.9003647995834521,7,432,uncalibrated
0,logistic,2,0.8640085881174293,8,432,uncalibrated
0,logistic,2,0.8147417870962307,9,432,uncalibrated
0,logistic,2,0.7506995180853034,10,432,uncalibrated
0,logistic,2,0.6716467285428092,11,432,uncalibrated
0,logistic,2,0.1952145224863822,12,432,uncalibrated
0,logistic,2,0.13585950389376333,13,432,uncalibrated
0,logistic,2,0.09620237629982256,14,432,uncalibrated
0,logistic,2,0.11535558905043422,15,432,uncalibrated
0,logistic,2,0.5226351101697939,1,435,uncalibrated
0,logistic,2,0.29922422340321553,2,435,uncalibrated
0,logistic,2,0.142535053798999,3,435,uncalibrated
0,logistic,2,0.060908546430317234,4,435,uncalibrated
0,logistic,2,0.024954408911842026,5,435,uncalibrated
0,logistic,2,0.009873228502683537,6,435,uncalibrated
0,logistic,2,0.0039632381479837425,7,435,uncalibrated
0,logistic,2,0.0015610752947501014,8,435,uncalibrated
0,logistic,2,0.0006167145367324819,9,435,uncalibrated
0,logistic,2,0.0015030048066388422,10,435,uncalibrated
0,logistic,2,0.0006195234398674944,11,435,uncalibrated
0,logistic,2,0.00022988659731341333,12,435,uncalibrated
0,logistic,2,7.111134043284236e-05,13,435,uncalibrated
0,logistic,2,0.00014027379494300235,14,435,uncalibrated
0,logistic,2,5.5336236062912375e-05,15,435,uncalibrated
0,logistic,2,0.52184898102397,1,440,uncalibrated
0,logistic,2,0.3030606545612678,2,440,uncalibrated
0,logistic,2,0.14657948968827558,3,440,uncalibrated
0,logistic,2,0.06396439552088971,4,440,uncalibrated
0,logistic,2,0.026491849787023382,5,440,uncalibrated
0,logistic,2,0.01071263032638195,6,440,uncalibrated
0,logistic,2,0.004090801506786789,7,440,uncalibrated
0,logistic,2,0.0016322170986680974,8,440,uncalibrated
0,logistic,2,0.0006452343041610209,9,440,uncalibrated
0,logistic,2,0.0002572593448410973,10,440,uncalibrated
0,logistic,2,0.00010210961505856049,11,440,uncalibrated
0,logistic,2,4.070766445220529e-05,12,440,uncalibrated
0,logistic,2,1.6198984589332705e-05,13,440,uncalibrated
0,logistic,2,6.445072849210036e-06,14,440,uncalibrated
0,logistic,2,2.5640868915733995e-06,15,440,uncalibrated
0,logistic,2,0.526451785993921,1,442,uncalibrated
0,logistic,2,0.3085708472693164,2,442,uncalibrated
0,logistic,2,0.15163302246127214,3,442,uncalibrated
0,logistic,2,0.06703580607943034,4,442,uncalibrated
0,logistic,2,0.02811718025094998,5,442,uncalibrated
0,logistic,2,0.011495706400315275,6,442,uncalibrated
0,logistic,2,0.004648462163591095,7,442,uncalibrated
0,logistic,2,0.0018719522793849835,8,442,uncalibrated
0,logistic,2,0.0007541126824504412,9,442,uncalibrated
0,logistic,2,0.00030304399993914566,10,442,uncalibrated
0,logistic,2,0.00012113657820965293,11,442,uncalibrated
0,logistic,2,4.86426619670119e-05,12,442,uncalibrated
0,logistic,2,1.9553711834882323e-05,13,442,uncalibrated
0,logistic,2,7.854304540681697e-06,14,442,uncalibrated
0,logistic,2,3.159145713164708e-06,15,442,uncalibrated
0,logistic,2,0.5121082084310518,1,458,uncalibrated
0,logistic,2,0.6473457133011945,2,458,uncalibrated
0,logistic,2,0.34253544843291295,3,458,uncalibrated
0,logistic,2,0.14825009545881182,4,458,uncalibrated
0,logistic,2,0.13280526281526295,5,458,uncalibrated
0,logistic,2,0.0488112338075452,6,458,uncalibrated
0,logistic,2,0.018045775066699955,7,458,uncalibrated
0,logistic,2,0.014150089871917055,8,458,uncalibrated
0,logistic,2,0.005177168213277486,9,458,uncalibrated
0,logistic,2,0.0018456382086320978,10,458,uncalibrated
0,logistic,2,0.0006917945494168226,11,458,uncalibrated
0,logistic,2,0.0016414708042478694,12,458,uncalibrated
0,logistic,2,0.0006661916207569244,13,458,uncalibrated
0,logistic,2,0.0007124685657418926,14,458,uncalibrated
0,logistic,2,0.0005285741395323074,15,458,uncalibrated
0,logistic,2,0.5191341562060753,1,461,uncalibrated
0,logistic,2,0.2988939887622378,2,461,uncalibrated
0,logistic,2,0.14345437470089567,3,461,uncalibrated
0,logistic,2,0.061715909556026044,4,461,uncalibrated
0,logistic,2,0.025285081222795526,5,461,uncalibrated
0,logistic,2,0.010079947918301219,6,461,uncalibrated
0,logistic,2,0.003941678874932555,7,461,uncalibrated
0,logistic,2,0.0015554729183428822,8,461,uncalibrated
0,logistic,2,0.0006118787929158182,9,461,uncalibrated
0,logistic,2,0.00024128055211073814,10,461,uncalibrated
0,logistic,2,9.478739666314073e-05,11,461,uncalibrated
0,logistic,2,3.7359949207863e-05,12,461,uncalibrated
0,logistic,2,1.4709256995550543e-05,13,461,uncalibrated
0,logistic,2,5.78947138505868e-06,14,461,uncalibrated
0,logistic,2,2.26573270986702e-06,15,461,uncalibrated
0,logistic,2,0.5154252220509452,1,464,uncalibrated
0,logistic,2,0.29096967550294767,2,464,uncalibrated
0,logistic,2,0.1360778873248507,3,464,uncalibrated
0,logistic,2,0.05703005197047986,4,464,uncalibrated
0,logistic,2,0.023045305922502254,5,464,uncalibrated
0,logistic,2,0.008958047972651805,6,464,uncalibrated
0,logistic,2,0.003480461377930499,7,464,uncalibrated
0,logistic,2,0.0013575346788550174,8,464,uncalibrated
0,logistic,2,0.0005255704562889179,9,464,uncalibrated
0,logistic,2,0.0002021999937456629,10,464,uncalibrated
0,logistic,2,7.773504335028205e-05,11,464,uncalibrated
0,logistic,2,2.9927528376529514e-05,12,464,uncalibrated
0,logistic,2,1.142946974222046e-05,13,464,uncalibrated
0,logistic,2,4.3981182241088974e-06,14,464,uncalibrated
0,logistic,2,1.7101508906133868e-06,15,464,uncalibrated
0,logistic,2,0.5264891898188238,1,468,uncalibrated
0,logistic,2,0.3090512171078536,2,468,uncalibrated
0,logistic,2,0.1523679056912582,3,468,uncalibrated
0,logistic,2,0.0675395735832187,4,468,uncalibrated
0,logistic,2,0.028261035314846496,5,468,uncalibrated
0,logistic,2,0.011509353922617857,6,468,uncalibrated
0,logistic,2,0.004667940094165863,7,468,uncalibrated
0,logistic,2,0.0018827762577264544,8,468,uncalibrated
0,logistic,2,0.0007566607926793121,9,468,uncalibrated
0,logistic,2,0.0003038176980801808,10,468,uncalibrated
0,logistic,2,0.00012271875223072987,11,468,uncalibrated
0,logistic,2,4.931131433019645e-05,12,468,uncalibrated
0,logistic,2,1.981953543344633e-05,13,468,uncalibrated
0,logistic,2,7.983808111989e-06,14,468,uncalibrated
0,logistic,2,3.2056987721487803e-06,15,468,uncalibrated
0,logistic,2,0.5142072521023997,1,477,uncalibrated
0,logistic,2,0.9122430065179286,2,477,uncalibrated
0,logistic,2,0.9312228133891293,3,477,uncalibrated
0,logistic,2,0.8331350533665209,4,477,uncalibrated
0,logistic,2,0.8007412223131075,5,477,uncalibrated
0,logistic,2,0.5378227097350315,6,477,uncalibrated
0,logistic,2,0.26179345548521554,7,477,uncalibrated
0,logistic,2,0.2197663286872869,8,477,uncalibrated
0,logistic,2,0.0944806968192514,9,477,uncalibrated
0,logistic,2,0.03315122670272411,10,477,uncalibrated
0,logistic,2,0.025586535478253358,11,477,uncalibrated
0,logistic,2,0.009572313079391577,12,477,uncalibrated
0,logistic,2,0.015662951736879996,13,477,uncalibrated
0,logistic,2,0.004477587663369412,14,477,uncalibrated
0,logistic,2,0.003931791557868325,15,477,uncalibrated
0,logistic,2,0.5185535932850194,1,493,uncalibrated
0,logistic,2,0.2977947185649964,2,493,uncalibrated
0,logistic,2,0.7126891985809105,3,493,uncalibrated
0,logistic,2,0.4779959889339965,4,493,uncalibrated
0,logistic,2,0.22228928872473855,5,493,uncalibrated
0,logistic,2,0.0715854737275209,6,493,uncalibrated
0,logistic,2,0.025748921667017886,7,493,uncalibrated
0,logistic,2,0.009344620704590901,8,493,uncalibrated
0,logistic,2,0.0034024425279658983,9,493,uncalibrated
0,logistic,2,0.0012454223439741932,10,493,uncalibrated
0,logistic,2,0.00045854125939974726,11,493,uncalibrated
0,logistic,2,0.00017060650355494716,12,493,uncalibrated
0,logistic,2,6.46689124021018e-05,13,493,uncalibrated
0,logistic,2,0.000127394182763328,14,493,uncalibrated
0,logistic,2,5.011570961930811e-05,15,493,uncalibrated
0,logistic,2,0.5256849427540438,1,499,uncalibrated
0,logistic,2,0.308218838961755,2,499,uncalibrated
0,logistic,2,0.1519904303002326,3,499,uncalibrated
0,logistic,2,0.06655882803948308,4,499,uncalibrated
0,logistic,2,0.027667660678778145,5,499,uncalibrated
0,logistic,2,0.01124359091835163,6,499,uncalibrated
0,logistic,2,0.004529559457934943,7,499,uncalibrated
0,logistic,2,0.0018137248603332318,8,499,uncalibrated
0,logistic,2,0.0007278424596549617,9,499,uncalibrated
0,logistic,2,0.0002899274053326938,10,499,uncalibrated
0,logistic,2,0.00011647643180240224,11,499,uncalibrated
0,logistic,2,4.6338200395804845e-05,12,499,uncalibrated
0,logistic,2,1.8589632400802072e-05,13,499,uncalibrated
0,logistic,2,7.456974261648277e-06,14,499,uncalibrated
0,logistic,2,2.99079352166286e-06,15,499,uncalibrated
0,histgb,2,0.5130483716562639,1,10,uncalibrated
0,histgb,2,0.23754115138046103,2,10,uncalibrated
0,histgb,2,0.03819790282468668,3,10,uncalibrated
0,histgb,2,0.022127127808193307,4,10,uncalibrated
0,histgb,2,0.004232049376757402,5,10,uncalibrated
0,histgb,2,0.004164341699185706,6,10,uncalibrated
0,histgb,2,0.004164341699185706,7,10,uncalibrated
0,histgb,2,0.004164341699185706,8,10,uncalibrated
0,histgb,2,0.004164341699185706,9,10,uncalibrated
0,histgb,2,0.004164341699185706,10,10,uncalibrated
0,histgb,2,0.004164341699185706,11,10,uncalibrated
0,histgb,2,0.004164341699185706,12,10,uncalibrated
0,histgb,2,0.004164341699185706,13,10,uncalibrated
0,histgb,2,0.004164341699185706,14,10,uncalibrated
0,histgb,2,0.004164341699185706,15,10,uncalibrated
0,histgb,2,0.2089147584579163,1,13,uncalibrated
0,histgb,2,0.2024473335336012,2,13,uncalibrated
0,histgb,2,0.037205848713861595,3,13,uncalibrated
0,histgb,2,0.022127127808193307,4,13,uncalibrated
0,histgb,2,0.004232049376757402,5,13,uncalibrated
0,histgb,2,0.004164341699185706,6,13,uncalibrated
0,histgb,2,0.004164341699185706,7,13,uncalibrated
0,histgb,2,0.004164341699185706,8,13,uncalibrated
0,histgb,2,0.004164341699185706,9,13,uncalibrated
0,histgb,2,0.004164341699185706,10,13,uncalibrated
0,histgb,2,0.004164341699185706,11,13,uncalibrated
0,histgb,2,0.004164341699185706,12,13,uncalibrated
0,histgb,2,0.004164341699185706,13,13,uncalibrated
0,histgb,2,0.004164341699185706,14,13,uncalibrated
0,histgb,2,0.004164341699185706,15,13,uncalibrated
0,histgb,2,0.7299807029522692,1,19,uncalibrated
0,histgb,2,0.2425293426359877,2,19,uncalibrated
0,histgb,2,0.04674921793377301,3,19,uncalibrated
0,histgb,2,0.030560088090661987,4,19,uncalibrated
0,histgb,2,0.004506549878899774,5,19,uncalibrated
0,histgb,2,0.004164341699185706,6,19,uncalibrated
0,histgb,2,0.004164341699185706,7,19,uncalibrated
0,histgb,2,0.004164341699185706,8,19,uncalibrated
0,histgb,2,0.004164341699185706,9,19,uncalibrated
0,histgb,2,0.004164341699185706,10,19,uncalibrated
0,histgb,2,0.004164341699185706,11,19,uncalibrated
0,histgb,2,0.004164341699185706,12,19,uncalibrated
0,histgb,2,0.004164341699185706,13,19,uncalibrated
0,histgb,2,0.004164341699185706,14,19,uncalibrated
0,histgb,2,0.004164341699185706,15,19,uncalibrated
0,histgb,2,0.2089147584579163,1,20,uncalibrated
0,histgb,2,0.2425293426359877,2,20,uncalibrated
0,histgb,2,0.03819790282468668,3,20,uncalibrated
0,histgb,2,0.022127127808193307,4,20,uncalibrated
0,histgb,2,0.004232049376757402,5,20,uncalibrated
0,histgb,2,0.004164341699185706,6,20,uncalibrated
0,histgb,2,0.004164341699185706,7,20,uncalibrated
0,histgb,2,0.004164341699185706,8,20,uncalibrated
0,histgb,2,0.004164341699185706,9,20,uncalibrated
0,histgb,2,0.004164341699185706,10,20,uncalibrated
0,histgb,2,0.004164341699185706,11,20,uncalibrated
0,histgb,2,0.004164341699185706,12,20,uncalibrated
0,histgb,2,0.004164341699185706,13,20,uncalibrated
0,histgb,2,0.004164341699185706,14,20,uncalibrated
0,histgb,2,0.004164341699185706,15,20,uncalibrated
0,histgb,2,0.7189421073538842,1,34,uncalibrated
0,histgb,2,0.2425293426359877,2,34,uncalibrated
0,histgb,2,0.7223191638409895,3,34,uncalibrated
0,histgb,2,0.1848083296012776,4,34,uncalibrated
0,histgb,2,0.023236796863053875,5,34,uncalibrated
0,histgb,2,0.012798395683691288,6,34,uncalibrated
0,histgb,2,0.004164341699185706,7,34,uncalibrated
0,histgb,2,0.004164341699185706,8,34,uncalibrated
0,histgb,2,0.004164341699185706,9,34,uncalibrated
0,histgb,2,0.004164341699185706,10,34,uncalibrated
0,histgb,2,0.004164341699185706,11,34,uncalibrated
0,histgb,2,0.004164341699185706,12,34,uncalibrated
0,histgb,2,0.004164341699185706,13,34,uncalibrated
0,histgb,2,0.004164341699185706,14,34,uncalibrated
0,histgb,2,0.004164341699185706,15,34,uncalibrated
0,histgb,2,0.2089147584579163,1,38,uncalibrated
0,histgb,2,0.2024473335336012,2,38,uncalibrated
0,histgb,2,0.037205848713861595,3,38,uncalibrated
0,histgb,2,0.022127127808193307,4,38,uncalibrated
0,histgb,2,0.004232049376757402,5,38,uncalibrated
0,histgb,2,0.004164341699185706,6,38,uncalibrated
0,histgb,2,0.004164341699185706,7,38,uncalibrated
0,histgb,2,0.004164341699185706,8,38,uncalibrated
0,histgb,2,0.004164341699185706,9,38,uncalibrated
0,histgb,2,0.004164341699185706,10,38,uncalibrated
0,histgb,2,0.004164341699185706,11,38,uncalibrated
0,histgb,2,0.004164341699185706,12,38,uncalibrated
0,histgb,2,0.004164341699185706,13,38,uncalibrated
0,histgb,2,0.004164341699185706,14,38,uncalibrated
0,histgb,2,0.004164341699185706,15,38,uncalibrated
0,histgb,2,0.5130483716562639,1,40,uncalibrated
0,histgb,2,0.2024473335336012,2,40,uncalibrated
0,histgb,2,0.037205848713861595,3,40,uncalibrated
0,histgb,2,0.022127127808193307,4,40,uncalibrated
0,histgb,2,0.004232049376757402,5,40,uncalibrated
0,histgb,2,0.004164341699185706,6,40,uncalibrated
0,histgb,2,0.004164341699185706,7,40,uncalibrated
0,histgb,2,0.004164341699185706,8,40,uncalibrated
0,histgb,2,0.004164341699185706,9,40,uncalibrated
0,histgb,2,0.004164341699185706,10,40,uncalibrated
0,histgb,2,0.004164341699185706,11,40,uncalibrated
0,histgb,2,0.004164341699185706,12,40,uncalibrated
0,histgb,2,0.004164341699185706,13,40,uncalibrated
0,histgb,2,0.004164341699185706,14,40,uncalibrated
0,histgb,2,0.004164341699185706,15,40,uncalibrated
0,histgb,2,0.6280352110584656,1,41,uncalibrated
0,histgb,2,0.9087927773828757,2,41,uncalibrated
0,histgb,2,0.9166812460400249,3,41,uncalibrated
0,histgb,2,0.7945585782487178,4,41,uncalibrated
0,histgb,2,0.8150875096856768,5,41,uncalibrated
0,histgb,2,0.22441427470564737,6,41,uncalibrated
0,histgb,2,0.6950571872387513,7,41,uncalibrated
0,histgb,2,0.7913382760884986,8,41,uncalibrated
0,histgb,2,0.8479192359021188,9,41,uncalibrated
0,histgb,2,0.7796318587547539,10,41,uncalibrated
0,histgb,2,0.20735514698440458,11,41,uncalibrated
0,histgb,2,0.03796835771234718,12,41,uncalibrated
0,histgb,2,0.022551011331745873,13,41,uncalibrated
0,histgb,2,0.006689317545031383,14,41,uncalibrated
0,histgb,2,0.006689317545031383,15,41,uncalibrated
0,histgb,2,0.6280352110584656,1,46,uncalibrated
0,histgb,2,0.7921125288586593,2,46,uncalibrated
0,histgb,2,0.7921125288586593,3,46,uncalibrated
0,histgb,2,0.8156430124518612,4,46,uncalibrated
0,histgb,2,0.8777008690367254,5,46,uncalibrated
0,histgb,2,0.7217518764240946,6,46,uncalibrated
0,histgb,2,0.04776537648516304,7,46,uncalibrated
0,histgb,2,0.007483861002995264,8,46,uncalibrated
0,histgb,2,0.03146050014608482,9,46,uncalibrated
0,histgb,2,0.009682409338169561,10,46,uncalibrated
0,histgb,2,0.03517062906285395,11,46,uncalibrated
0,histgb,2,0.1401735816297212,12,46,uncalibrated
0,histgb,2,0.02393239399718219,13,46,uncalibrated
0,histgb,2,0.007129634467566989,14,46,uncalibrated
0,histgb,2,0.006610569436167191,15,46,uncalibrated
0,histgb,2,0.6063084955658095,1,47,uncalibrated
0,histgb,2,0.23754115138046103,2,47,uncalibrated
0,histgb,2,0.03819790282468668,3,47,uncalibrated
0,histgb,2,0.022127127808193307,4,47,uncalibrated
0,histgb,2,0.004232049376757402,5,47,uncalibrated
0,histgb,2,0.004164341699185706,6,47,uncalibrated
0,histgb,2,0.004164341699185706,7,47,uncalibrated
0,histgb,2,0.004164341699185706,8,47,uncalibrated
0,histgb,2,0.004164341699185706,9,47,uncalibrated
0,histgb,2,0.004164341699185706,10,47,uncalibrated
0,histgb,2,0.004164341699185706,11,47,uncalibrated
0,histgb,2,0.004164341699185706,12,47,uncalibrated
0,histgb,2,0.004164341699185706,13,47,uncalibrated
0,histgb,2,0.004164341699185706,14,47,uncalibrated
0,histgb,2,0.004164341699185706,15,47,uncalibrated
0,histgb,2,0.2089147584579163,1,49,uncalibrated
0,histgb,2,0.2024473335336012,2,49,uncalibrated
0,histgb,2,0.037205848713861595,3,49,uncalibrated
0,histgb,2,0.022127127808193307,4,49,uncalibrated
0,histgb,2,0.004232049376757402,5,49,uncalibrated
0,histgb,2,0.004164341699185706,6,49,uncalibrated
0,histgb,2,0.004164341699185706,7,49,uncalibrated
0,histgb,2,0.004164341699185706,8,49,uncalibrated
0,histgb,2,0.004164341699185706,9,49,uncalibrated
0,histgb,2,0.004164341699185706,10,49,uncalibrated
0,histgb,2,0.004164341699185706,11,49,uncalibrated
0,histgb,2,0.004164341699185706,12,49,uncalibrated
0,histgb,2,0.004164341699185706,13,49,uncalibrated
0,histgb,2,0.004164341699185706,14,49,uncalibrated
0,histgb,2,0.004164341699185706,15,49,uncalibrated
1,histgb,2,0.7189421073538842,1,50,uncalibrated
1,histgb,2,0.9087927773828757,2,50,uncalibrated
1,histgb,2,0.9166812460400249,3,50,uncalibrated
1,histgb,2,0.8100373869000583,4,50,uncalibrated
1,histgb,2,0.8572051763386408,5,50,uncalibrated
0,histgb,2,0.7607344594819594,6,50,uncalibrated
0,histgb,2,0.5330825899713411,7,50,uncalibrated
0,histgb,2,0.743140527319786,8,50,uncalibrated
0,histgb,2,0.4765604645890008,9,50,uncalibrated
0,histgb,2,0.6853835278923569,10,50,uncalibrated
0,histgb,2,0.24868889982254272,11,50,uncalibrated
0,histgb,2,0.0221554390443833,12,50,uncalibrated
0,histgb,2,0.020154041166977898,13,50,uncalibrated
0,histgb,2,0.0174480956770896,14,50,uncalibrated
0,histgb,2,0.015263126161923577,15,50,uncalibrated
0,histgb,2,0.6063084955658095,1,55,uncalibrated
0,histgb,2,0.23754115138046103,2,55,uncalibrated
0,histgb,2,0.03819790282468668,3,55,uncalibrated
0,histgb,2,0.022127127808193307,4,55,uncalibrated
0,histgb,2,0.004232049376757402,5,55,uncalibrated
0,histgb,2,0.004164341699185706,6,55,uncalibrated
0,histgb,2,0.004164341699185706,7,55,uncalibrated
0,histgb,2,0.004164341699185706,8,55,uncalibrated
0,histgb,2,0.004164341699185706,9,55,uncalibrated
0,histgb,2,0.004164341699185706,10,55,uncalibrated
0,histgb,2,0.004164341699185706,11,55,uncalibrated
0,histgb,2,0.004164341699185706,12,55,uncalibrated
0,histgb,2,0.004164341699185706,13,55,uncalibrated
0,histgb,2,0.004164341699185706,14,55,uncalibrated
0,histgb,2,0.004164341699185706,15,55,uncalibrated
0,histgb,2,0.2089147584579163,1,77,uncalibrated
0,histgb,2,0.2024473335336012,2,77,uncalibrated
0,histgb,2,0.040937133869757406,3,77,uncalibrated
0,histgb,2,0.021543105898459383,4,77,uncalibrated
0,histgb,2,0.004232049376757402,5,77,uncalibrated
0,histgb,2,0.004164341699185706,6,77,uncalibrated
0,histgb,2,0.004164341699185706,7,77,uncalibrated
0,histgb,2,0.004164341699185706,8,77,uncalibrated
0,histgb,2,0.004164341699185706,9,77,uncalibrated
0,histgb,2,0.004164341699185706,10,77,uncalibrated
0,histgb,2,0.004164341699185706,11,77,uncalibrated
0,histgb,2,0.004164341699185706,12,77,uncalibrated
0,histgb,2,0.004164341699185706,13,77,uncalibrated
0,histgb,2,0.004164341699185706,14,77,uncalibrated
0,histgb,2,0.004164341699185706,15,77,uncalibrated
0,histgb,2,0.7189421073538842,1,78,uncalibrated
0,histgb,2,0.2425293426359877,2,78,uncalibrated
0,histgb,2,0.03819790282468668,3,78,uncalibrated
0,histgb,2,0.030560088090661987,4,78,uncalibrated
0,histgb,2,0.04425452554192678,5,78,uncalibrated
0,histgb,2,0.014464515083522927,6,78,uncalibrated
0,histgb,2,0.004164341699185706,7,78,uncalibrated
0,histgb,2,0.004164341699185706,8,78,uncalibrated
0,histgb,2,0.004164341699185706,9,78,uncalibrated
0,histgb,2,0.004164341699185706,10,78,uncalibrated
0,histgb,2,0.004164341699185706,11,78,uncalibrated
0,histgb,2,0.004164341699185706,12,78,uncalibrated
0,histgb,2,0.004164341699185706,13,78,uncalibrated
0,histgb,2,0.004164341699185706,14,78,uncalibrated
0,histgb,2,0.004164341699185706,15,78,uncalibrated
0,histgb,2,0.7189421073538842,1,84,uncalibrated
0,histgb,2,0.2425293426359877,2,84,uncalibrated
0,histgb,2,0.04674921793377301,3,84,uncalibrated
0,histgb,2,0.030560088090661987,4,84,uncalibrated
0,histgb,2,0.004506549878899774,5,84,uncalibrated
0,histgb,2,0.004164341699185706,6,84,uncalibrated
0,histgb,2,0.004164341699185706,7,84,uncalibrated
0,histgb,2,0.004164341699185706,8,84,uncalibrated
0,histgb,2,0.004164341699185706,9,84,uncalibrated
0,histgb,2,0.004164341699185706,10,84,uncalibrated
0,histgb,2,0.004164341699185706,11,84,uncalibrated
0,histgb,2,0.004164341699185706,12,84,uncalibrated
0,histgb,2,0.004164341699185706,13,84,uncalibrated
0,histgb,2,0.004164341699185706,14,84,uncalibrated
0,histgb,2,0.004164341699185706,15,84,uncalibrated
0,histgb,2,0.5130483716562639,1,85,uncalibrated
0,histgb,2,0.23754115138046103,2,85,uncalibrated
0,histgb,2,0.03819790282468668,3,85,uncalibrated
0,histgb,2,0.022127127808193307,4,85,uncalibrated
0,histgb,2,0.004232049376757402,5,85,uncalibrated
0,histgb,2,0.004164341699185706,6,85,uncalibrated
0,histgb,2,0.004164341699185706,7,85,uncalibrated
0,histgb,2,0.004164341699185706,8,85,uncalibrated
0,histgb,2,0.004164341699185706,9,85,uncalibrated
0,histgb,2,0.004164341699185706,10,85,uncalibrated
0,histgb,2,0.004164341699185706,11,85,uncalibrated
0,histgb,2,0.004164341699185706,12,85,uncalibrated
0,histgb,2,0.004164341699185706,13,85,uncalibrated
0,histgb,2,0.004164341699185706,14,85,uncalibrated
0,histgb,2,0.004164341699185706,15,85,uncalibrated
0,histgb,2,0.5130483716562639,1,86,uncalibrated
0,histgb,2,0.2024473335336012,2,86,uncalibrated
0,histgb,2,0.037205848713861595,3,86,uncalibrated
0,histgb,2,0.022127127808193307,4,86,uncalibrated
0,histgb,2,0.004232049376757402,5,86,uncalibrated
0,histgb,2,0.004164341699185706,6,86,uncalibrated
0,histgb,2,0.004164341699185706,7,86,uncalibrated
0,histgb,2,0.004164341699185706,8,86,uncalibrated
0,histgb,2,0.004164341699185706,9,86,uncalibrated
0,histgb,2,0.004164341699185706,10,86,uncalibrated
0,histgb,2,0.004164341699185706,11,86,uncalibrated
0,histgb,2,0.004164341699185706,12,86,uncalibrated
0,histgb,2,0.004164341699185706,13,86,uncalibrated
0,histgb,2,0.004164341699185706,14,86,uncalibrated
0,histgb,2,0.004164341699185706,15,86,uncalibrated
0,histgb,2,0.6280352110584656,1,93,uncalibrated
0,histgb,2,0.2425293426359877,2,93,uncalibrated
0,histgb,2,0.03819790282468668,3,93,uncalibrated
0,histgb,2,0.022127127808193307,4,93,uncalibrated
0,histgb,2,0.004506549878899774,5,93,uncalibrated
0,histgb,2,0.004164341699185706,6,93,uncalibrated
0,histgb,2,0.004164341699185706,7,93,uncalibrated
0,histgb,2,0.004164341699185706,8,93,uncalibrated
0,histgb,2,0.004164341699185706,9,93,uncalibrated
0,histgb,2,0.004164341699185706,10,93,uncalibrated
0,histgb,2,0.004164341699185706,11,93,uncalibrated
0,histgb,2,0.004164341699185706,12,93,uncalibrated
0,histgb,2,0.004164341699185706,13,93,uncalibrated
0,histgb,2,0.004164341699185706,14,93,uncalibrated
0,histgb,2,0.004164341699185706,15,93,uncalibrated
0,histgb,2,0.7189421073538842,1,104,uncalibrated
0,histgb,2,0.2425293426359877,2,104,uncalibrated
0,histgb,2,0.7432850332084633,3,104,uncalibrated
0,histgb,2,0.7986137563829493,4,104,uncalibrated
0,histgb,2,0.2059045624163199,5,104,uncalibrated
0,histgb,2,0.02408429699801835,6,104,uncalibrated
0,histgb,2,0.013709236835592775,7,104,uncalibrated
0,histgb,2,0.01772143110788891,8,104,uncalibrated
0,histgb,2,0.013677046043874676,9,104,uncalibrated
0,histgb,2,0.019648826322078653,10,104,uncalibrated
0,histgb,2,0.01869482781649594,11,104,uncalibrated
0,histgb,2,0.004188439423639564,12,104,uncalibrated
0,histgb,2,0.004188439423639564,13,104,uncalibrated
0,histgb,2,0.004188439423639564,14,104,uncalibrated
0,histgb,2,0.004188439423639564,15,104,uncalibrated
1,histgb,2,0.6063084955658095,1,105,uncalibrated
1,histgb,2,0.904103859201604,2,105,uncalibrated
1,histgb,2,0.9166812460400249,3,105,uncalibrated
1,histgb,2,0.9521194419461064,4,105,uncalibrated
1,histgb,2,0.8257805244455251,5,105,uncalibrated
0,histgb,2,0.9152466789041945,6,105,uncalibrated
0,histgb,2,0.9200634169146987,7,105,uncalibrated
0,histgb,2,0.7395531751247816,8,105,uncalibrated
0,histgb,2,0.8474285879226375,9,105,uncalibrated
0,histgb,2,0.8583374009664414,10,105,uncalibrated
0,histgb,2,0.670157007391379,11,105,uncalibrated
0,histgb,2,0.7708157196246549,12,105,uncalibrated
0,histgb,2,0.07765609212460663,13,105,uncalibrated
0,histgb,2,0.017966365522815487,14,105,uncalibrated
0,histgb,2,0.020773127124917704,15,105,uncalibrated
1,histgb,2,0.6280352110584656,1,112,uncalibrated
1,histgb,2,0.9087927773828757,2,112,uncalibrated
0,histgb,2,0.7071518701724531,3,112,uncalibrated
0,histgb,2,0.4911920772278189,4,112,uncalibrated
0,histgb,2,0.374867800944535,5,112,uncalibrated
0,histgb,2,0.36432161816016895,6,112,uncalibrated
0,histgb,2,0.09251919164334953,7,112,uncalibrated
0,histgb,2,0.017699068941361737,8,112,uncalibrated
0,histgb,2,0.011653312169499486,9,112,uncalibrated
0,histgb,2,0.011653312169499486,10,112,uncalibrated
0,histgb,2,0.011653312169499486,11,112,uncalibrated
0,histgb,2,0.011653312169499486,12,112,uncalibrated
0,histgb,2,0.011653312169499486,13,112,uncalibrated
0,histgb,2,0.011653312169499486,14,112,uncalibrated
0,histgb,2,0.011653312169499486,15,112,uncalibrated
0,histgb,2,0.7189421073538842,1,114,uncalibrated
0,histgb,2,0.2425293426359877,2,114,uncalibrated
0,histgb,2,0.03819790282468668,3,114,uncalibrated
0,histgb,2,0.022127127808193307,4,114,uncalibrated
0,histgb,2,0.004506549878899774,5,114,uncalibrated
0,histgb,2,0.004164341699185706,6,114,uncalibrated
0,histgb,2,0.004164341699185706,7,114,uncalibrated
0,histgb,2,0.004164341699185706,8,114,uncalibrated
0,histgb,2,0.004164341699185706,9,114,uncalibrated
0,histgb,2,0.004164341699185706,10,114,uncalibrated
0,histgb,2,0.004164341699185706,11,114,uncalibrated
0,histgb,2,0.004164341699185706,12,114,uncalibrated
0,histgb,2,0.004164341699185706,13,114,uncalibrated
0,histgb,2,0.004164341699185706,14,114,uncalibrated
0,histgb,2,0.004164341699185706,15,114,uncalibrated
0,histgb,2,0.6280352110584656,1,115,uncalibrated
0,histgb,2,0.9087927773828757,2,115,uncalibrated
0,histgb,2,0.9166812460400249,3,115,uncalibrated
0,histgb,2,0.9521194419461064,4,115,uncalibrated
0,histgb,2,0.9539978957331796,5,115,uncalibrated
0,histgb,2,0.9539978957331796,6,115,uncalibrated
0,histgb,2,0.9390641599866839,7,115,uncalibrated
0,histgb,2,0.8152075839826349,8,115,uncalibrated
0,histgb,2,0.853887578764174,9,115,uncalibrated
0,histgb,2,0.8795436356570718,10,115,uncalibrated
0,histgb,2,0.5313141662535262,11,115,uncalibrated
0,histgb,2,0.5816209882162748,12,115,uncalibrated
0,histgb,2,0.023155077696098453,13,115,uncalibrated
0,histgb,2,0.026175869401196938,14,115,uncalibrated
0,histgb,2,0.024984490639898528,15,115,uncalibrated
0,histgb,2,0.6280352110584656,1,119,uncalibrated
0,histgb,2,0.9087927773828757,2,119,uncalibrated
0,histgb,2,0.9166812460400249,3,119,uncalibrated
0,histgb,2,0.9521194419461064,4,119,uncalibrated
1,histgb,2,0.7867110962097169,5,119,uncalibrated
0,histgb,2,0.8551093907861131,6,119,uncalibrated
0,histgb,2,0.7522405872017941,7,119,uncalibrated
0,histgb,2,0.6247414640087188,8,119,uncalibrated
0,histgb,2,0.13856231150033985,9,119,uncalibrated
0,histgb,2,0.16723324824218402,10,119,uncalibrated
0,histgb,2,0.036819061933726534,11,119,uncalibrated
0,histgb,2,0.006689317545031383,12,119,uncalibrated
0,histgb,2,0.017691433273627558,13,119,uncalibrated
0,histgb,2,0.01716532543066276,14,119,uncalibrated
0,histgb,2,0.006689317545031383,15,119,uncalibrated
0,histgb,2,0.5130483716562639,1,121,uncalibrated
0,histgb,2,0.23754115138046103,2,121,uncalibrated
0,histgb,2,0.03819790282468668,3,121,uncalibrated
0,histgb,2,0.022127127808193307,4,121,uncalibrated
0,histgb,2,0.004232049376757402,5,121,uncalibrated
0,histgb,2,0.004164341699185706,6,121,uncalibrated
0,histgb,2,0.004164341699185706,7,121,uncalibrated
0,histgb,2,0.004164341699185706,8,121,uncalibrated
0,histgb,2,0.004164341699185706,9,121,uncalibrated
0,histgb,2,0.004164341699185706,10,121,uncalibrated
0,histgb,2,0.004164341699185706,11,121,uncalibrated
0,histgb,2,0.004164341699185706,12,121,uncalibrated
0,histgb,2,0.004164341699185706,13,121,uncalibrated
0,histgb,2,0.004164341699185706,14,121,uncalibrated
0,histgb,2,0.004164341699185706,15,121,uncalibrated
0,histgb,2,0.5130483716562639,1,122,uncalibrated
0,histgb,2,0.23754115138046103,2,122,uncalibrated
0,histgb,2,0.03819790282468668,3,122,uncalibrated
0,histgb,2,0.022127127808193307,4,122,uncalibrated
0,histgb,2,0.004232049376757402,5,122,uncalibrated
0,histgb,2,0.004164341699185706,6,122,uncalibrated
0,histgb,2,0.004164341699185706,7,122,uncalibrated
0,histgb,2,0.004164341699185706,8,122,uncalibrated
0,histgb,2,0.004164341699185706,9,122,uncalibrated
0,histgb,2,0.004164341699185706,10,122,uncalibrated
0,histgb,2,0.004164341699185706,11,122,uncalibrated
0,histgb,2,0.004164341699185706,12,122,uncalibrated
0,histgb,2,0.004164341699185706,13,122,uncalibrated
0,histgb,2,0.004164341699185706,14,122,uncalibrated
0,histgb,2,0.004164341699185706,15,122,uncalibrated
0,histgb,2,0.5130483716562639,1,127,uncalibrated
0,histgb,2,0.23754115138046103,2,127,uncalibrated
0,histgb,2,0.03819790282468668,3,127,uncalibrated
0,histgb,2,0.022127127808193307,4,127,uncalibrated
0,histgb,2,0.004232049376757402,5,127,uncalibrated
0,histgb,2,0.004164341699185706,6,127,uncalibrated
0,histgb,2,0.004164341699185706,7,127,uncalibrated
0,histgb,2,0.004164341699185706,8,127,uncalibrated
0,histgb,2,0.004164341699185706,9,127,uncalibrated
0,histgb,2,0.004164341699185706,10,127,uncalibrated
0,histgb,2,0.004164341699185706,11,127,uncalibrated
0,histgb,2,0.004164341699185706,12,127,uncalibrated
0,histgb,2,0.004164341699185706,13,127,uncalibrated
0,histgb,2,0.004164341699185706,14,127,uncalibrated
0,histgb,2,0.004164341699185706,15,127,uncalibrated
0,histgb,2,0.2089147584579163,1,132,uncalibrated
0,histgb,2,0.2024473335336012,2,132,uncalibrated
0,histgb,2,0.037205848713861595,3,132,uncalibrated
0,histgb,2,0.022127127808193307,4,132,uncalibrated
0,histgb,2,0.004232049376757402,5,132,uncalibrated
0,histgb,2,0.004164341699185706,6,132,uncalibrated
0,histgb,2,0.004164341699185706,7,132,uncalibrated
0,histgb,2,0.004164341699185706,8,132,uncalibrated
0,histgb,2,0.004164341699185706,9,132,uncalibrated
0,histgb,2,0.004164341699185706,10,132,uncalibrated
0,histgb,2,0.004164341699185706,11,132,uncalibrated
0,histgb,2,0.004164341699185706,12,132,uncalibrated
0,histgb,2,0.004164341699185706,13,132,uncalibrated
0,histgb,2,0.004164341699185706,14,132,uncalibrated
0,histgb,2,0.004164341699185706,15,132,uncalibrated
1,histgb,2,0.963801879840148,1,136,uncalibrated
1,histgb,2,0.963801879840148,2,136,uncalibrated
1,histgb,2,0.963801879840148,3,136,uncalibrated
1,histgb,2,0.9364963906870695,4,136,uncalibrated
1,histgb,2,0.9273009099403997,5,136,uncalibrated
0,histgb,2,0.441799569940751,6,136,uncalibrated
0,histgb,2,0.2795467404266575,7,136,uncalibrated
0,histgb,2,0.12408210388025934,8,136,uncalibrated
0,histgb,2,0.016684764270895568,9,136,uncalibrated
0,histgb,2,0.015340295427175204,10,136,uncalibrated
0,histgb,2,0.011457600456941839,11,136,uncalibrated
0,histgb,2,0.004164341699185706,12,136,uncalibrated
0,histgb,2,0.004164341699185706,13,136,uncalibrated
0,histgb,2,0.006937980069710451,14,136,uncalibrated
0,histgb,2,0.004164341699185706,15,136,uncalibrated
1,histgb,2,0.963801879840148,1,138,uncalibrated
1,histgb,2,0.7953169508810877,2,138,uncalibrated
1,histgb,2,0.9185422437682441,3,138,uncalibrated
1,histgb,2,0.8991939202399726,4,138,uncalibrated
1,histgb,2,0.8986028646670758,5,138,uncalibrated
1,histgb,2,0.8951056319005383,6,138,uncalibrated
1,histgb,2,0.7441749070216142,7,138,uncalibrated
1,histgb,2,0.718452132863062,8,138,uncalibrated
1,histgb,2,0.7191227674560419,9,138,uncalibrated
1,histgb,2,0.7823382846245921,10,138,uncalibrated
1,histgb,2,0.6933441530157727,11,138,uncalibrated
1,histgb,2,0.7062574152164749,12,138,uncalibrated
1,histgb,2,0.6241772364972406,13,138,uncalibrated
1,histgb,2,0.6034880387173028,14,138,uncalibrated
0,histgb,2,0.7600666635279005,15,138,uncalibrated
0,histgb,2,0.7189421073538842,1,158,uncalibrated
0,histgb,2,0.2425293426359877,2,158,uncalibrated
0,histgb,2,0.03819790282468668,3,158,uncalibrated
0,histgb,2,0.022127127808193307,4,158,uncalibrated
0,histgb,2,0.004506549878899774,5,158,uncalibrated
0,histgb,2,0.004164341699185706,6,158,uncalibrated
0,histgb,2,0.004164341699185706,7,158,uncalibrated
0,histgb,2,0.004164341699185706,8,158,uncalibrated
0,histgb,2,0.004164341699185706,9,158,uncalibrated
0,histgb,2,0.004164341699185706,10,158,uncalibrated
0,histgb,2,0.004164341699185706,11,158,uncalibrated
0,histgb,2,0.004164341699185706,12,158,uncalibrated
0,histgb,2,0.004164341699185706,13,158,uncalibrated
0,histgb,2,0.004164341699185706,14,158,uncalibrated
0,histgb,2,0.004164341699185706,15,158,uncalibrated
0,histgb,2,0.7189421073538842,1,162,uncalibrated
0,histgb,2,0.2425293426359877,2,162,uncalibrated
0,histgb,2,0.03819790282468668,3,162,uncalibrated
0,histgb,2,0.030560088090661987,4,162,uncalibrated
0,histgb,2,0.04425452554192678,5,162,uncalibrated
0,histgb,2,0.012798395683691288,6,162,uncalibrated
0,histgb,2,0.004164341699185706,7,162,uncalibrated
0,histgb,2,0.004164341699185706,8,162,uncalibrated
0,histgb,2,0.004164341699185706,9,162,uncalibrated
0,histgb,2,0.004164341699185706,10,162,uncalibrated
0,histgb,2,0.004164341699185706,11,162,uncalibrated
0,histgb,2,0.004164341699185706,12,162,uncalibrated
0,histgb,2,0.004164341699185706,13,162,uncalibrated
0,histgb,2,0.004164341699185706,14,162,uncalibrated
0,histgb,2,0.004164341699185706,15,162,uncalibrated
0,histgb,2,0.7189421073538842,1,170,uncalibrated
0,histgb,2,0.7921125288586593,2,170,uncalibrated
0,histgb,2,0.7921125288586593,3,170,uncalibrated
0,histgb,2,0.8156430124518612,4,170,uncalibrated
0,histgb,2,0.8777008690367254,5,170,uncalibrated
0,histgb,2,0.8951056319005383,6,170,uncalibrated
0,histgb,2,0.4750758071579246,7,170,uncalibrated
0,histgb,2,0.32200504581221323,8,170,uncalibrated
0,histgb,2,0.14119523614916135,9,170,uncalibrated
0,histgb,2,0.2678114060597069,10,170,uncalibrated
0,histgb,2,0.2520991585659393,11,170,uncalibrated
0,histgb,2,0.7397041114595367,12,170,uncalibrated
0,histgb,2,0.11064520005778748,13,170,uncalibrated
0,histgb,2,0.06533882572783786,14,170,uncalibrated
0,histgb,2,0.14748029173506008,15,170,uncalibrated
0,histgb,2,0.6280352110584656,1,172,uncalibrated
0,histgb,2,0.2425293426359877,2,172,uncalibrated
0,histgb,2,0.03819790282468668,3,172,uncalibrated
0,histgb,2,0.022127127808193307,4,172,uncalibrated
0,histgb,2,0.004232049376757402,5,172,uncalibrated
0,histgb,2,0.004164341699185706,6,172,uncalibrated
0,histgb,2,0.004164341699185706,7,172,uncalibrated
0,histgb,2,0.004164341699185706,8,172,uncalibrated
0,histgb,2,0.004164341699185706,9,172,uncalibrated
0,histgb,2,0.004164341699185706,10,172,uncalibrated
0,histgb,2,0.004164341699185706,11,172,uncalibrated
0,histgb,2,0.004164341699185706,12,172,uncalibrated
0,histgb,2,0.004164341699185706,13,172,uncalibrated
0,histgb,2,0.004164341699185706,14,172,uncalibrated
0,histgb,2,0.004164341699185706,15,172,uncalibrated
0,histgb,2,0.2089147584579163,1,176,uncalibrated
0,histgb,2,0.904103859201604,2,176,uncalibrated
0,histgb,2,0.6904577136758222,3,176,uncalibrated
0,histgb,2,0.14314203889766966,4,176,uncalibrated
0,histgb,2,0.022082576477748347,5,176,uncalibrated
0,histgb,2,0.015286900127672986,6,176,uncalibrated
0,histgb,2,0.004164341699185706,7,176,uncalibrated
0,histgb,2,0.004164341699185706,8,176,uncalibrated
0,histgb,2,0.004164341699185706,9,176,uncalibrated
0,histgb,2,0.004164341699185706,10,176,uncalibrated
0,histgb,2,0.004164341699185706,11,176,uncalibrated
0,histgb,2,0.004164341699185706,12,176,uncalibrated
0,histgb,2,0.004164341699185706,13,176,uncalibrated
0,histgb,2,0.004164341699185706,14,176,uncalibrated
0,histgb,2,0.004164341699185706,15,176,uncalibrated
0,histgb,2,0.7189421073538842,1,183,uncalibrated
0,histgb,2,0.2425293426359877,2,183,uncalibrated
0,histgb,2,0.03819790282468668,3,183,uncalibrated
0,histgb,2,0.022127127808193307,4,183,uncalibrated
0,histgb,2,0.004506549878899774,5,183,uncalibrated
0,histgb,2,0.004164341699185706,6,183,uncalibrated
0,histgb,2,0.004164341699185706,7,183,uncalibrated
0,histgb,2,0.004164341699185706,8,183,uncalibrated
0,histgb,2,0.004164341699185706,9,183,uncalibrated
0,histgb,2,0.004164341699185706,10,183,uncalibrated
0,histgb,2,0.004164341699185706,11,183,uncalibrated
0,histgb,2,0.004164341699185706,12,183,uncalibrated
0,histgb,2,0.004164341699185706,13,183,uncalibrated
0,histgb,2,0.004164341699185706,14,183,uncalibrated
0,histgb,2,0.004164341699185706,15,183,uncalibrated
0,histgb,2,0.5130483716562639,1,198,uncalibrated
0,histgb,2,0.23754115138046103,2,198,uncalibrated
0,histgb,2,0.03819790282468668,3,198,uncalibrated
0,histgb,2,0.022127127808193307,4,198,uncalibrated
0,histgb,2,0.004232049376757402,5,198,uncalibrated
0,histgb,2,0.004164341699185706,6,198,uncalibrated
0,histgb,2,0.004164341699185706,7,198,uncalibrated
0,histgb,2,0.004164341699185706,8,198,uncalibrated
0,histgb,2,0.004164341699185706,9,198,uncalibrated
0,histgb,2,0.004164341699185706,10,198,uncalibrated
0,histgb,2,0.004164341699185706,11,198,uncalibrated
0,histgb,2,0.004164341699185706,12,198,uncalibrated
0,histgb,2,0.004164341699185706,13,198,uncalibrated
0,histgb,2,0.004164341699185706,14,198,uncalibrated
0,histgb,2,0.004164341699185706,15,198,uncalibrated
0,histgb,2,0.6172238810355282,1,202,uncalibrated
0,histgb,2,0.2425293426359877,2,202,uncalibrated
0,histgb,2,0.03819790282468668,3,202,uncalibrated
0,histgb,2,0.022127127808193307,4,202,uncalibrated
0,histgb,2,0.004232049376757402,5,202,uncalibrated
0,histgb,2,0.004164341699185706,6,202,uncalibrated
0,histgb,2,0.004164341699185706,7,202,uncalibrated
0,histgb,2,0.004164341699185706,8,202,uncalibrated
0,histgb,2,0.004164341699185706,9,202,uncalibrated
0,histgb,2,0.004164341699185706,10,202,uncalibrated
0,histgb,2,0.004164341699185706,11,202,uncalibrated
0,histgb,2,0.004164341699185706,12,202,uncalibrated
0,histgb,2,0.004164341699185706,13,202,uncalibrated
0,histgb,2,0.004164341699185706,14,202,uncalibrated
0,histgb,2,0.004164341699185706,15,202,uncalibrated
0,histgb,2,0.7299807029522692,1,205,uncalibrated
0,histgb,2,0.2425293426359877,2,205,uncalibrated
0,histgb,2,0.06395230716323733,3,205,uncalibrated
0,histgb,2,0.030560088090661987,4,205,uncalibrated
0,histgb,2,0.004506549878899774,5,205,uncalibrated
0,histgb,2,0.004164341699185706,6,205,uncalibrated
0,histgb,2,0.004164341699185706,7,205,uncalibrated
0,histgb,2,0.004164341699185706,8,205,uncalibrated
0,histgb,2,0.004164341699185706,9,205,uncalibrated
0,histgb,2,0.004164341699185706,10,205,uncalibrated
0,histgb,2,0.004164341699185706,11,205,uncalibrated
0,histgb,2,0.004164341699185706,12,205,uncalibrated
0,histgb,2,0.004164341699185706,13,205,uncalibrated
0,histgb,2,0.004164341699185706,14,205,uncalibrated
0,histgb,2,0.004164341699185706,15,205,uncalibrated
0,histgb,2,0.6280352110584656,1,210,uncalibrated
0,histgb,2,0.9087927773828757,2,210,uncalibrated
0,histgb,2,0.9166812460400249,3,210,uncalibrated
0,histgb,2,0.9521194419461064,4,210,uncalibrated
0,histgb,2,0.9539978957331796,5,210,uncalibrated
1,histgb,2,0.7483364902412165,6,210,uncalibrated
0,histgb,2,0.9115953916971585,7,210,uncalibrated
0,histgb,2,0.6884424780412245,8,210,uncalibrated
0,histgb,2,0.7534377123400159,9,210,uncalibrated
0,histgb,2,0.7839031590727594,10,210,uncalibrated
0,histgb,2,0.48978486060712245,11,210,uncalibrated
0,histgb,2,0.33734327431334377,12,210,uncalibrated
0,histgb,2,0.016758050837434525,13,210,uncalibrated
0,histgb,2,0.00907879013201982,14,210,uncalibrated
0,histgb,2,0.016411495243885698,15,210,uncalibrated
0,histgb,2,0.6172238810355282,1,212,uncalibrated
0,histgb,2,0.9087927773828757,2,212,uncalibrated
0,histgb,2,0.6904577136758222,3,212,uncalibrated
0,histgb,2,0.14314203889766966,4,212,uncalibrated
0,histgb,2,0.022082576477748347,5,212,uncalibrated
0,histgb,2,0.016854624040465387,6,212,uncalibrated
0,histgb,2,0.004164341699185706,7,212,uncalibrated
0,histgb,2,0.004164341699185706,8,212,uncalibrated
0,histgb,2,0.004164341699185706,9,212,uncalibrated
0,histgb,2,0.004164341699185706,10,212,uncalibrated
0,histgb,2,0.004164341699185706,11,212,uncalibrated
0,histgb,2,0.004164341699185706,12,212,uncalibrated
0,histgb,2,0.004164341699185706,13,212,uncalibrated
0,histgb,2,0.004164341699185706,14,212,uncalibrated
0,histgb,2,0.004188439423639564,15,212,uncalibrated
0,histgb,2,0.5130483716562639,1,215,uncalibrated
0,histgb,2,0.2560210528808078,2,215,uncalibrated
0,histgb,2,0.03819790282468668,3,215,uncalibrated
0,histgb,2,0.022127127808193307,4,215,uncalibrated
0,histgb,2,0.004232049376757402,5,215,uncalibrated
0,histgb,2,0.004164341699185706,6,215,uncalibrated
0,histgb,2,0.004164341699185706,7,215,uncalibrated
0,histgb,2,0.004164341699185706,8,215,uncalibrated
0,histgb,2,0.004164341699185706,9,215,uncalibrated
0,histgb,2,0.004164341699185706,10,215,uncalibrated
0,histgb,2,0.004164341699185706,11,215,uncalibrated
0,histgb,2,0.004164341699185706,12,215,uncalibrated
0,histgb,2,0.004164341699185706,13,215,uncalibrated
0,histgb,2,0.004164341699185706,14,215,uncalibrated
0,histgb,2,0.004164341699185706,15,215,uncalibrated
0,histgb,2,0.5130483716562639,1,218,uncalibrated
0,histgb,2,0.23754115138046103,2,218,uncalibrated
0,histgb,2,0.29283708246648177,3,218,uncalibrated
0,histgb,2,0.03136929979378873,4,218,uncalibrated
0,histgb,2,0.022127127808193307,5,218,uncalibrated
0,histgb,2,0.004164341699185706,6,218,uncalibrated
0,histgb,2,0.004164341699185706,7,218,uncalibrated
0,histgb,2,0.004164341699185706,8,218,uncalibrated
0,histgb,2,0.004164341699185706,9,218,uncalibrated
0,histgb,2,0.004164341699185706,10,218,uncalibrated
0,histgb,2,0.004164341699185706,11,218,uncalibrated
0,histgb,2,0.004164341699185706,12,218,uncalibrated
0,histgb,2,0.004164341699185706,13,218,uncalibrated
0,histgb,2,0.004164341699185706,14,218,uncalibrated
0,histgb,2,0.004164341699185706,15,218,uncalibrated
0,histgb,2,0.5130483716562639,1,220,uncalibrated
0,histgb,2,0.23754115138046103,2,220,uncalibrated
0,histgb,2,0.03819790282468668,3,220,uncalibrated
0,histgb,2,0.20341105285289388,4,220,uncalibrated
0,histgb,2,0.022082576477748347,5,220,uncalibrated
0,histgb,2,0.015286900127672986,6,220,uncalibrated
0,histgb,2,0.004164341699185706,7,220,uncalibrated
0,histgb,2,0.004164341699185706,8,220,uncalibrated
0,histgb,2,0.004164341699185706,9,220,uncalibrated
0,histgb,2,0.004164341699185706,10,220,uncalibrated
0,histgb,2,0.004188439423639564,11,220,uncalibrated
0,histgb,2,0.004188439423639564,12,220,uncalibrated
0,histgb,2,0.004164341699185706,13,220,uncalibrated
0,histgb,2,0.004188439423639564,14,220,uncalibrated
0,histgb,2,0.004188439423639564,15,220,uncalibrated
0,histgb,2,0.5130483716562639,1,223,uncalibrated
0,histgb,2,0.23754115138046103,2,223,uncalibrated
0,histgb,2,0.03819790282468668,3,223,uncalibrated
0,histgb,2,0.022127127808193307,4,223,uncalibrated
0,histgb,2,0.004232049376757402,5,223,uncalibrated
0,histgb,2,0.004164341699185706,6,223,uncalibrated
0,histgb,2,0.004164341699185706,7,223,uncalibrated
0,histgb,2,0.004164341699185706,8,223,uncalibrated
0,histgb,2,0.004164341699185706,9,223,uncalibrated
0,histgb,2,0.004164341699185706,10,223,uncalibrated
0,histgb,2,0.004164341699185706,11,223,uncalibrated
0,histgb,2,0.004164341699185706,12,223,uncalibrated
0,histgb,2,0.004164341699185706,13,223,uncalibrated
0,histgb,2,0.004164341699185706,14,223,uncalibrated
0,histgb,2,0.004164341699185706,15,223,uncalibrated
0,histgb,2,0.7299807029522692,1,231,uncalibrated
0,histgb,2,0.2425293426359877,2,231,uncalibrated
0,histgb,2,0.03819790282468668,3,231,uncalibrated
0,histgb,2,0.030560088090661987,4,231,uncalibrated
0,histgb,2,0.004506549878899774,5,231,uncalibrated
0,histgb,2,0.004164341699185706,6,231,uncalibrated
0,histgb,2,0.004164341699185706,7,231,uncalibrated
0,histgb,2,0.004164341699185706,8,231,uncalibrated
0,histgb,2,0.004164341699185706,9,231,uncalibrated
0,histgb,2,0.004164341699185706,10,231,uncalibrated
0,histgb,2,0.004164341699185706,11,231,uncalibrated
0,histgb,2,0.004164341699185706,12,231,uncalibrated
0,histgb,2,0.004164341699185706,13,231,uncalibrated
0,histgb,2,0.004164341699185706,14,231,uncalibrated
0,histgb,2,0.004164341699185706,15,231,uncalibrated
1,histgb,2,0.7299807029522692,1,232,uncalibrated
1,histgb,2,0.9087927773828757,2,232,uncalibrated
1,histgb,2,0.9166812460400249,3,232,uncalibrated
0,histgb,2,0.7832275308618174,4,232,uncalibrated
0,histgb,2,0.5330825899713411,5,232,uncalibrated
0,histgb,2,0.1176266005658745,6,232,uncalibrated
0,histgb,2,0.13018796825957726,7,232,uncalibrated
0,histgb,2,0.5527555509843614,8,232,uncalibrated
0,histgb,2,0.36148050689377187,9,232,uncalibrated
0,histgb,2,0.02444757480276367,10,232,uncalibrated
0,histgb,2,0.018064002857893974,11,232,uncalibrated
0,histgb,2,0.006689317545031383,12,232,uncalibrated
0,histgb,2,0.006689317545031383,13,232,uncalibrated
0,histgb,2,0.006689317545031383,14,232,uncalibrated
0,histgb,2,0.006689317545031383,15,232,uncalibrated
0,histgb,2,0.6063084955658095,1,238,uncalibrated
0,histgb,2,0.2425293426359877,2,238,uncalibrated
0,histgb,2,0.03819790282468668,3,238,uncalibrated
0,histgb,2,0.022127127808193307,4,238,uncalibrated
0,histgb,2,0.004232049376757402,5,238,uncalibrated
0,histgb,2,0.004164341699185706,6,238,uncalibrated
0,histgb,2,0.004164341699185706,7,238,uncalibrated
0,histgb,2,0.004164341699185706,8,238,uncalibrated
0,histgb,2,0.004164341699185706,9,238,uncalibrated
0,histgb,2,0.004164341699185706,10,238,uncalibrated
0,histgb,2,0.004164341699185706,11,238,uncalibrated
0,histgb,2,0.004164341699185706,12,238,uncalibrated
0,histgb,2,0.004164341699185706,13,238,uncalibrated
0,histgb,2,0.004164341699185706,14,238,uncalibrated
0,histgb,2,0.004164341699185706,15,238,uncalibrated
0,histgb,2,0.963801879840148,1,239,uncalibrated
0,histgb,2,0.963801879840148,2,239,uncalibrated
0,histgb,2,0.963801879840148,3,239,uncalibrated
0,histgb,2,0.9364963906870695,4,239,uncalibrated
0,histgb,2,0.9273009099403997,5,239,uncalibrated
0,histgb,2,0.9256420828431989,6,239,uncalibrated
0,histgb,2,0.9091216699373794,7,239,uncalibrated
0,histgb,2,0.8912388733068404,8,239,uncalibrated
0,histgb,2,0.8813042027937599,9,239,uncalibrated
0,histgb,2,0.8628045628322064,10,239,uncalibrated
0,histgb,2,0.8628045628322064,11,239,uncalibrated
0,histgb,2,0.841668461485885,12,239,uncalibrated
0,histgb,2,0.7018229865768704,13,239,uncalibrated
0,histgb,2,0.48223364118144235,14,239,uncalibrated
0,histgb,2,0.48223364118144235,15,239,uncalibrated
0,histgb,2,0.5130483716562639,1,243,uncalibrated
0,histgb,2,0.2024473335336012,2,243,uncalibrated
0,histgb,2,0.03819790282468668,3,243,uncalibrated
0,histgb,2,0.022127127808193307,4,243,uncalibrated
0,histgb,2,0.004232049376757402,5,243,uncalibrated
0,histgb,2,0.004164341699185706,6,243,uncalibrated
0,histgb,2,0.004164341699185706,7,243,uncalibrated
0,histgb,2,0.004164341699185706,8,243,uncalibrated
0,histgb,2,0.004164341699185706,9,243,uncalibrated
0,histgb,2,0.004164341699185706,10,243,uncalibrated
0,histgb,2,0.004164341699185706,11,243,uncalibrated
0,histgb,2,0.004164341699185706,12,243,uncalibrated
0,histgb,2,0.004164341699185706,13,243,uncalibrated
0,histgb,2,0.004164341699185706,14,243,uncalibrated
0,histgb,2,0.004164341699185706,15,243,uncalibrated
0,histgb,2,0.6063084955658095,1,256,uncalibrated
0,histgb,2,0.23754115138046103,2,256,uncalibrated
0,histgb,2,0.03819790282468668,3,256,uncalibrated
0,histgb,2,0.022127127808193307,4,256,uncalibrated
0,histgb,2,0.004232049376757402,5,256,uncalibrated
0,histgb,2,0.004164341699185706,6,256,uncalibrated
0,histgb,2,0.004164341699185706,7,256,uncalibrated
0,histgb,2,0.004164341699185706,8,256,uncalibrated
0,histgb,2,0.004164341699185706,9,256,uncalibrated
0,histgb,2,0.004164341699185706,10,256,uncalibrated
0,histgb,2,0.004164341699185706,11,256,uncalibrated
0,histgb,2,0.004164341699185706,12,256,uncalibrated
0,histgb,2,0.004164341699185706,13,256,uncalibrated
0,histgb,2,0.004164341699185706,14,256,uncalibrated
0,histgb,2,0.004164341699185706,15,256,uncalibrated
0,histgb,2,0.2089147584579163,1,265,uncalibrated
0,histgb,2,0.2024473335336012,2,265,uncalibrated
0,histgb,2,0.037205848713861595,3,265,uncalibrated
0,histgb,2,0.022127127808193307,4,265,uncalibrated
0,histgb,2,0.004232049376757402,5,265,uncalibrated
0,histgb,2,0.004164341699185706,6,265,uncalibrated
0,histgb,2,0.004164341699185706,7,265,uncalibrated
0,histgb,2,0.004164341699185706,8,265,uncalibrated
0,histgb,2,0.004164341699185706,9,265,uncalibrated
0,histgb,2,0.004164341699185706,10,265,uncalibrated
0,histgb,2,0.004164341699185706,11,265,uncalibrated
0,histgb,2,0.004164341699185706,12,265,uncalibrated
0,histgb,2,0.004164341699185706,13,265,uncalibrated
0,histgb,2,0.004164341699185706,14,265,uncalibrated
0,histgb,2,0.004164341699185706,15,265,uncalibrated
1,histgb,2,0.7299807029522692,1,267,uncalibrated
1,histgb,2,0.9087927773828757,2,267,uncalibrated
1,histgb,2,0.9166812460400249,3,267,uncalibrated
1,histgb,2,0.7945585782487178,4,267,uncalibrated
1,histgb,2,0.8594341030457606,5,267,uncalibrated
0,histgb,2,0.7607344594819594,6,267,uncalibrated
0,histgb,2,0.5330825899713411,7,267,uncalibrated
0,histgb,2,0.1362511507725693,8,267,uncalibrated
0,histgb,2,0.0909160516346205,9,267,uncalibrated
0,histgb,2,0.022426429545673934,10,267,uncalibrated
0,histgb,2,0.010128033683090652,11,267,uncalibrated
0,histgb,2,0.0066509273935772455,12,267,uncalibrated
0,histgb,2,0.0066509273935772455,13,267,uncalibrated
0,histgb,2,0.006689317545031383,14,267,uncalibrated
0,histgb,2,0.0066509273935772455,15,267,uncalibrated
0,histgb,2,0.2089147584579163,1,277,uncalibrated
0,histgb,2,0.2024473335336012,2,277,uncalibrated
0,histgb,2,0.03819790282468668,3,277,uncalibrated
0,histgb,2,0.022127127808193307,4,277,uncalibrated
0,histgb,2,0.004232049376757402,5,277,uncalibrated
0,histgb,2,0.004164341699185706,6,277,uncalibrated
0,histgb,2,0.004164341699185706,7,277,uncalibrated
0,histgb,2,0.004164341699185706,8,277,uncalibrated
0,histgb,2,0.004164341699185706,9,277,uncalibrated
0,histgb,2,0.004164341699185706,10,277,uncalibrated
0,histgb,2,0.004164341699185706,11,277,uncalibrated
0,histgb,2,0.004164341699185706,12,277,uncalibrated
0,histgb,2,0.004164341699185706,13,277,uncalibrated
0,histgb,2,0.004164341699185706,14,277,uncalibrated
0,histgb,2,0.004164341699185706,15,277,uncalibrated
0,histgb,2,0.7189421073538842,1,287,uncalibrated
0,histgb,2,0.2425293426359877,2,287,uncalibrated
0,histgb,2,0.03819790282468668,3,287,uncalibrated
0,histgb,2,0.022127127808193307,4,287,uncalibrated
0,histgb,2,0.004506549878899774,5,287,uncalibrated
0,histgb,2,0.004164341699185706,6,287,uncalibrated
0,histgb,2,0.004164341699185706,7,287,uncalibrated
0,histgb,2,0.004164341699185706,8,287,uncalibrated
0,histgb,2,0.004164341699185706,9,287,uncalibrated
0,histgb,2,0.004164341699185706,10,287,uncalibrated
0,histgb,2,0.004164341699185706,11,287,uncalibrated
0,histgb,2,0.004164341699185706,12,287,uncalibrated
0,histgb,2,0.004164341699185706,13,287,uncalibrated
0,histgb,2,0.004164341699185706,14,287,uncalibrated
0,histgb,2,0.004164341699185706,15,287,uncalibrated
0,histgb,2,0.7189421073538842,1,289,uncalibrated
0,histgb,2,0.2425293426359877,2,289,uncalibrated
0,histgb,2,0.03819790282468668,3,289,uncalibrated
0,histgb,2,0.022127127808193307,4,289,uncalibrated
0,histgb,2,0.004506549878899774,5,289,uncalibrated
0,histgb,2,0.004164341699185706,6,289,uncalibrated
0,histgb,2,0.004164341699185706,7,289,uncalibrated
0,histgb,2,0.004164341699185706,8,289,uncalibrated
0,histgb,2,0.004164341699185706,9,289,uncalibrated
0,histgb,2,0.004164341699185706,10,289,uncalibrated
0,histgb,2,0.004164341699185706,11,289,uncalibrated
0,histgb,2,0.004164341699185706,12,289,uncalibrated
0,histgb,2,0.004164341699185706,13,289,uncalibrated
0,histgb,2,0.004164341699185706,14,289,uncalibrated
0,histgb,2,0.004164341699185706,15,289,uncalibrated
0,histgb,2,0.7189421073538842,1,297,uncalibrated
0,histgb,2,0.2425293426359877,2,297,uncalibrated
0,histgb,2,0.03819790282468668,3,297,uncalibrated
0,histgb,2,0.022127127808193307,4,297,uncalibrated
0,histgb,2,0.004506549878899774,5,297,uncalibrated
0,histgb,2,0.004164341699185706,6,297,uncalibrated
0,histgb,2,0.004164341699185706,7,297,uncalibrated
0,histgb,2,0.004164341699185706,8,297,uncalibrated
0,histgb,2,0.004164341699185706,9,297,uncalibrated
0,histgb,2,0.004164341699185706,10,297,uncalibrated
0,histgb,2,0.004164341699185706,11,297,uncalibrated
0,histgb,2,0.004164341699185706,12,297,uncalibrated
0,histgb,2,0.004164341699185706,13,297,uncalibrated
0,histgb,2,0.004164341699185706,14,297,uncalibrated
0,histgb,2,0.004164341699185706,15,297,uncalibrated
0,histgb,2,0.7299807029522692,1,305,uncalibrated
0,histgb,2,0.2425293426359877,2,305,uncalibrated
0,histgb,2,0.03819790282468668,3,305,uncalibrated
0,histgb,2,0.022127127808193307,4,305,uncalibrated
0,histgb,2,0.004506549878899774,5,305,uncalibrated
0,histgb,2,0.004164341699185706,6,305,uncalibrated
0,histgb,2,0.004164341699185706,7,305,uncalibrated
0,histgb,2,0.004164341699185706,8,305,uncalibrated
0,histgb,2,0.004164341699185706,9,305,uncalibrated
0,histgb,2,0.004164341699185706,10,305,uncalibrated
0,histgb,2,0.004164341699185706,11,305,uncalibrated
0,histgb,2,0.004164341699185706,12,305,uncalibrated
0,histgb,2,0.004164341699185706,13,305,uncalibrated
0,histgb,2,0.004164341699185706,14,305,uncalibrated
0,histgb,2,0.004164341699185706,15,305,uncalibrated
1,histgb,2,0.6280352110584656,1,308,uncalibrated
1,histgb,2,0.9087927773828757,2,308,uncalibrated
1,histgb,2,0.9166812460400249,3,308,uncalibrated
1,histgb,2,0.9521194419461064,4,308,uncalibrated
1,histgb,2,0.8257805244455251,5,308,uncalibrated
1,histgb,2,0.7656555658963707,6,308,uncalibrated
1,histgb,2,0.7666258519113949,7,308,uncalibrated
1,histgb,2,0.86972174522788,8,308,uncalibrated
0,histgb,2,0.661792290409511,9,308,uncalibrated
0,histgb,2,0.7753468900541859,10,308,uncalibrated
0,histgb,2,0.8309221945568496,11,308,uncalibrated
0,histgb,2,0.7815357107067776,12,308,uncalibrated
0,histgb,2,0.7302743722741324,13,308,uncalibrated
0,histgb,2,0.5774317809001177,14,308,uncalibrated
0,histgb,2,0.5774317809001177,15,308,uncalibrated
0,histgb,2,0.6063084955658095,1,314,uncalibrated
0,histgb,2,0.23754115138046103,2,314,uncalibrated
0,histgb,2,0.03819790282468668,3,314,uncalibrated
0,histgb,2,0.022127127808193307,4,314,uncalibrated
0,histgb,2,0.004232049376757402,5,314,uncalibrated
0,histgb,2,0.004164341699185706,6,314,uncalibrated
0,histgb,2,0.004164341699185706,7,314,uncalibrated
0,histgb,2,0.004164341699185706,8,314,uncalibrated
0,histgb,2,0.004164341699185706,9,314,uncalibrated
0,histgb,2,0.004164341699185706,10,314,uncalibrated
0,histgb,2,0.004164341699185706,11,314,uncalibrated
0,histgb,2,0.004164341699185706,12,314,uncalibrated
0,histgb,2,0.004164341699185706,13,314,uncalibrated
0,histgb,2,0.004164341699185706,14,314,uncalibrated
0,histgb,2,0.004164341699185706,15,314,uncalibrated
0,histgb,2,0.6063084955658095,1,322,uncalibrated
0,histgb,2,0.23754115138046103,2,322,uncalibrated
0,histgb,2,0.03819790282468668,3,322,uncalibrated
0,histgb,2,0.022127127808193307,4,322,uncalibrated
0,histgb,2,0.004232049376757402,5,322,uncalibrated
0,histgb,2,0.004164341699185706,6,322,uncalibrated
0,histgb,2,0.004164341699185706,7,322,uncalibrated
0,histgb,2,0.004164341699185706,8,322,uncalibrated
0,histgb,2,0.004164341699185706,9,322,uncalibrated
0,histgb,2,0.004164341699185706,10,322,uncalibrated
0,histgb,2,0.004164341699185706,11,322,uncalibrated
0,histgb,2,0.004164341699185706,12,322,uncalibrated
0,histgb,2,0.004164341699185706,13,322,uncalibrated
0,histgb,2,0.004164341699185706,14,322,uncalibrated
0,histgb,2,0.004164341699185706,15,322,uncalibrated
0,histgb,2,0.2089147584579163,1,329,uncalibrated
0,histgb,2,0.2024473335336012,2,329,uncalibrated
0,histgb,2,0.040937133869757406,3,329,uncalibrated
0,histgb,2,0.021543105898459383,4,329,uncalibrated
0,histgb,2,0.004232049376757402,5,329,uncalibrated
0,histgb,2,0.004164341699185706,6,329,uncalibrated
0,histgb,2,0.004164341699185706,7,329,uncalibrated
0,histgb,2,0.004164341699185706,8,329,uncalibrated
0,histgb,2,0.004164341699185706,9,329,uncalibrated
0,histgb,2,0.004164341699185706,10,329,uncalibrated
0,histgb,2,0.004164341699185706,11,329,uncalibrated
0,histgb,2,0.004164341699185706,12,329,uncalibrated
0,histgb,2,0.004164341699185706,13,329,uncalibrated
0,histgb,2,0.004164341699185706,14,329,uncalibrated
0,histgb,2,0.004164341699185706,15,329,uncalibrated
1,histgb,2,0.963801879840148,1,333,uncalibrated
0,histgb,2,0.7953169508810877,2,333,uncalibrated
0,histgb,2,0.7921125288586593,3,333,uncalibrated
0,histgb,2,0.40966115157913796,4,333,uncalibrated
0,histgb,2,0.04384030417141426,5,333,uncalibrated
0,histgb,2,0.02254554320857742,6,333,uncalibrated
0,histgb,2,0.015324306062827198,7,333,uncalibrated
0,histgb,2,0.004164341699185706,8,333,uncalibrated
0,histgb,2,0.004164341699185706,9,333,uncalibrated
0,histgb,2,0.004164341699185706,10,333,uncalibrated
0,histgb,2,0.004164341699185706,11,333,uncalibrated
0,histgb,2,0.004164341699185706,12,333,uncalibrated
0,histgb,2,0.004164341699185706,13,333,uncalibrated
0,histgb,2,0.004164341699185706,14,333,uncalibrated
0,histgb,2,0.004164341699185706,15,333,uncalibrated
0,histgb,2,0.6280352110584656,1,334,uncalibrated
0,histgb,2,0.2425293426359877,2,334,uncalibrated
0,histgb,2,0.03819790282468668,3,334,uncalibrated
0,histgb,2,0.022127127808193307,4,334,uncalibrated
0,histgb,2,0.004232049376757402,5,334,uncalibrated
0,histgb,2,0.004164341699185706,6,334,uncalibrated
0,histgb,2,0.004164341699185706,7,334,uncalibrated
0,histgb,2,0.004164341699185706,8,334,uncalibrated
0,histgb,2,0.004164341699185706,9,334,uncalibrated
0,histgb,2,0.004164341699185706,10,334,uncalibrated
0,histgb,2,0.004164341699185706,11,334,uncalibrated
0,histgb,2,0.004164341699185706,12,334,uncalibrated
0,histgb,2,0.004164341699185706,13,334,uncalibrated
0,histgb,2,0.004164341699185706,14,334,uncalibrated
0,histgb,2,0.004164341699185706,15,334,uncalibrated
0,histgb,2,0.5130483716562639,1,336,uncalibrated
0,histgb,2,0.2024473335336012,2,336,uncalibrated
0,histgb,2,0.037205848713861595,3,336,uncalibrated
0,histgb,2,0.022127127808193307,4,336,uncalibrated
0,histgb,2,0.004232049376757402,5,336,uncalibrated
0,histgb,2,0.004164341699185706,6,336,uncalibrated
0,histgb,2,0.004164341699185706,7,336,uncalibrated
0,histgb,2,0.004164341699185706,8,336,uncalibrated
0,histgb,2,0.004164341699185706,9,336,uncalibrated
0,histgb,2,0.004164341699185706,10,336,uncalibrated
0,histgb,2,0.004164341699185706,11,336,uncalibrated
0,histgb,2,0.004164341699185706,12,336,uncalibrated
0,histgb,2,0.004164341699185706,13,336,uncalibrated
0,histgb,2,0.004164341699185706,14,336,uncalibrated
0,histgb,2,0.004164341699185706,15,336,uncalibrated
0,histgb,2,0.2089147584579163,1,345,uncalibrated
0,histgb,2,0.2024473335336012,2,345,uncalibrated
0,histgb,2,0.03819790282468668,3,345,uncalibrated
0,histgb,2,0.022127127808193307,4,345,uncalibrated
0,histgb,2,0.004232049376757402,5,345,uncalibrated
0,histgb,2,0.004164341699185706,6,345,uncalibrated
0,histgb,2,0.004164341699185706,7,345,uncalibrated
0,histgb,2,0.004164341699185706,8,345,uncalibrated
0,histgb,2,0.004164341699185706,9,345,uncalibrated
0,histgb,2,0.004164341699185706,10,345,uncalibrated
0,histgb,2,0.004164341699185706,11,345,uncalibrated
0,histgb,2,0.004164341699185706,12,345,uncalibrated
0,histgb,2,0.004164341699185706,13,345,uncalibrated
0,histgb,2,0.004164341699185706,14,345,uncalibrated
0,histgb,2,0.004164341699185706,15,345,uncalibrated
0,histgb,2,0.5130483716562639,1,347,uncalibrated
0,histgb,2,0.23754115138046103,2,347,uncalibrated
0,histgb,2,0.03819790282468668,3,347,uncalibrated
0,histgb,2,0.022127127808193307,4,347,uncalibrated
0,histgb,2,0.004232049376757402,5,347,uncalibrated
0,histgb,2,0.004164341699185706,6,347,uncalibrated
0,histgb,2,0.004164341699185706,7,347,uncalibrated
0,histgb,2,0.004164341699185706,8,347,uncalibrated
0,histgb,2,0.004164341699185706,9,347,uncalibrated
0,histgb,2,0.004164341699185706,10,347,uncalibrated
0,histgb,2,0.004164341699185706,11,347,uncalibrated
0,histgb,2,0.004164341699185706,12,347,uncalibrated
0,histgb,2,0.004164341699185706,13,347,uncalibrated
0,histgb,2,0.004164341699185706,14,347,uncalibrated
0,histgb,2,0.004164341699185706,15,347,uncalibrated
1,histgb,2,0.7299807029522692,1,352,uncalibrated
1,histgb,2,0.7921125288586593,2,352,uncalibrated
1,histgb,2,0.7921125288586593,3,352,uncalibrated
1,histgb,2,0.8108964616052958,4,352,uncalibrated
1,histgb,2,0.7779811172098624,5,352,uncalibrated
1,histgb,2,0.8675218079963886,6,352,uncalibrated
1,histgb,2,0.8634727600798429,7,352,uncalibrated
0,histgb,2,0.7372785661521039,8,352,uncalibrated
0,histgb,2,0.7546224361916454,9,352,uncalibrated
0,histgb,2,0.7967428063583832,10,352,uncalibrated
0,histgb,2,0.11736720855961359,11,352,uncalibrated
0,histgb,2,0.10505393944442595,12,352,uncalibrated
0,histgb,2,0.10655057605608088,13,352,uncalibrated
0,histgb,2,0.012183790422538976,14,352,uncalibrated
0,histgb,2,0.01629992790556376,15,352,uncalibrated
0,histgb,2,0.6063084955658095,1,354,uncalibrated
0,histgb,2,0.23754115138046103,2,354,uncalibrated
0,histgb,2,0.03819790282468668,3,354,uncalibrated
0,histgb,2,0.20341105285289388,4,354,uncalibrated
0,histgb,2,0.022082576477748347,5,354,uncalibrated
0,histgb,2,0.015286900127672986,6,354,uncalibrated
0,histgb,2,0.004164341699185706,7,354,uncalibrated
0,histgb,2,0.004164341699185706,8,354,uncalibrated
0,histgb,2,0.004164341699185706,9,354,uncalibrated
0,histgb,2,0.004164341699185706,10,354,uncalibrated
0,histgb,2,0.004164341699185706,11,354,uncalibrated
0,histgb,2,0.004164341699185706,12,354,uncalibrated
0,histgb,2,0.004164341699185706,13,354,uncalibrated
0,histgb,2,0.004164341699185706,14,354,uncalibrated
0,histgb,2,0.004164341699185706,15,354,uncalibrated
1,histgb,2,0.6280352110584656,1,355,uncalibrated
1,histgb,2,0.9087927773828757,2,355,uncalibrated
1,histgb,2,0.6904577136758222,3,355,uncalibrated
1,histgb,2,0.8954443300636178,4,355,uncalibrated
1,histgb,2,0.8865751069356762,5,355,uncalibrated
1,histgb,2,0.8781558252259927,6,355,uncalibrated
1,histgb,2,0.8687276159846805,7,355,uncalibrated
1,histgb,2,0.8654392443189244,8,355,uncalibrated
0,histgb,2,0.5832757160076392,9,355,uncalibrated
0,histgb,2,0.19616316396180133,10,355,uncalibrated
0,histgb,2,0.1911686730451512,11,355,uncalibrated
0,histgb,2,0.03569736976244198,12,355,uncalibrated
0,histgb,2,0.03426362949342267,13,355,uncalibrated
0,histgb,2,0.027804643882769473,14,355,uncalibrated
0,histgb,2,0.022476338136037062,15,355,uncalibrated
0,histgb,2,0.6063084955658095,1,356,uncalibrated
0,histgb,2,0.2425293426359877,2,356,uncalibrated
0,histgb,2,0.03819790282468668,3,356,uncalibrated
0,histgb,2,0.022127127808193307,4,356,uncalibrated
0,histgb,2,0.004506549878899774,5,356,uncalibrated
0,histgb,2,0.004164341699185706,6,356,uncalibrated
0,histgb,2,0.004164341699185706,7,356,uncalibrated
0,histgb,2,0.004164341699185706,8,356,uncalibrated
0,histgb,2,0.004164341699185706,9,356,uncalibrated
0,histgb,2,0.004164341699185706,10,356,uncalibrated
0,histgb,2,0.004164341699185706,11,356,uncalibrated
0,histgb,2,0.004164341699185706,12,356,uncalibrated
0,histgb,2,0.004164341699185706,13,356,uncalibrated
0,histgb,2,0.004164341699185706,14,356,uncalibrated
0,histgb,2,0.004164341699185706,15,356,uncalibrated
0,histgb,2,0.6172238810355282,1,360,uncalibrated
0,histgb,2,0.2425293426359877,2,360,uncalibrated
0,histgb,2,0.03819790282468668,3,360,uncalibrated
0,histgb,2,0.022127127808193307,4,360,uncalibrated
0,histgb,2,0.004232049376757402,5,360,uncalibrated
0,histgb,2,0.004164341699185706,6,360,uncalibrated
0,histgb,2,0.004164341699185706,7,360,uncalibrated
0,histgb,2,0.004164341699185706,8,360,uncalibrated
0,histgb,2,0.004164341699185706,9,360,uncalibrated
0,histgb,2,0.004164341699185706,10,360,uncalibrated
0,histgb,2,0.004164341699185706,11,360,uncalibrated
0,histgb,2,0.004164341699185706,12,360,uncalibrated
0,histgb,2,0.004164341699185706,13,360,uncalibrated
0,histgb,2,0.004164341699185706,14,360,uncalibrated
0,histgb,2,0.004164341699185706,15,360,uncalibrated
0,histgb,2,0.2089147584579163,1,368,uncalibrated
0,histgb,2,0.2024473335336012,2,368,uncalibrated
0,histgb,2,0.037205848713861595,3,368,uncalibrated
0,histgb,2,0.022127127808193307,4,368,uncalibrated
0,histgb,2,0.004232049376757402,5,368,uncalibrated
0,histgb,2,0.004164341699185706,6,368,uncalibrated
0,histgb,2,0.004164341699185706,7,368,uncalibrated
0,histgb,2,0.004164341699185706,8,368,uncalibrated
0,histgb,2,0.004164341699185706,9,368,uncalibrated
0,histgb,2,0.004164341699185706,10,368,uncalibrated
0,histgb,2,0.004164341699185706,11,368,uncalibrated
0,histgb,2,0.004164341699185706,12,368,uncalibrated
0,histgb,2,0.004164341699185706,13,368,uncalibrated
0,histgb,2,0.004164341699185706,14,368,uncalibrated
0,histgb,2,0.004164341699185706,15,368,uncalibrated
0,histgb,2,0.7189421073538842,1,379,uncalibrated
0,histgb,2,0.2425293426359877,2,379,uncalibrated
0,histgb,2,0.03819790282468668,3,379,uncalibrated
0,histgb,2,0.030560088090661987,4,379,uncalibrated
0,histgb,2,0.004506549878899774,5,379,uncalibrated
0,histgb,2,0.021802959847024433,6,379,uncalibrated
0,histgb,2,0.013351588699815462,7,379,uncalibrated
0,histgb,2,0.01786349045807697,8,379,uncalibrated
0,histgb,2,0.004164341699185706,9,379,uncalibrated
0,histgb,2,0.004164341699185706,10,379,uncalibrated
0,histgb,2,0.013622303837000336,11,379,uncalibrated
0,histgb,2,0.0223032012226441,12,379,uncalibrated
0,histgb,2,0.05242131113229882,13,379,uncalibrated
0,histgb,2,0.008728455566400653,14,379,uncalibrated
0,histgb,2,0.007389050439908083,15,379,uncalibrated
1,histgb,2,0.7299807029522692,1,385,uncalibrated
1,histgb,2,0.2425293426359877,2,385,uncalibrated
1,histgb,2,0.7432850332084633,3,385,uncalibrated
1,histgb,2,0.7986137563829493,4,385,uncalibrated
1,histgb,2,0.20165028087418396,5,385,uncalibrated
1,histgb,2,0.7164284201800587,6,385,uncalibrated
1,histgb,2,0.8140879121396943,7,385,uncalibrated
0,histgb,2,0.8001560652549649,8,385,uncalibrated
0,histgb,2,0.2281013777012799,9,385,uncalibrated
0,histgb,2,0.04306983591458228,10,385,uncalibrated
0,histgb,2,0.18809743832553505,11,385,uncalibrated
0,histgb,2,0.1544004347763811,12,385,uncalibrated
0,histgb,2,0.034454696183484984,13,385,uncalibrated
0,histgb,2,0.015356650415895354,14,385,uncalibrated
0,histgb,2,0.006689317545031383,15,385,uncalibrated
0,histgb,2,0.6280352110584656,1,392,uncalibrated
0,histgb,2,0.2425293426359877,2,392,uncalibrated
0,histgb,2,0.7432850332084633,3,392,uncalibrated
0,histgb,2,0.14314203889766966,4,392,uncalibrated
0,histgb,2,0.0304990871862936,5,392,uncalibrated
0,histgb,2,0.02565980346197992,6,392,uncalibrated
0,histgb,2,0.017804856700710286,7,392,uncalibrated
0,histgb,2,0.02285700192228627,8,392,uncalibrated
0,histgb,2,0.02151384347647705,9,392,uncalibrated
0,histgb,2,0.10155931740400619,10,392,uncalibrated
0,histgb,2,0.09993223166504876,11,392,uncalibrated
0,histgb,2,0.08037723590636842,12,392,uncalibrated
0,histgb,2,0.07804795822954431,13,392,uncalibrated
0,histgb,2,0.03880218160820205,14,392,uncalibrated
0,histgb,2,0.04195538353599961,15,392,uncalibrated
0,histgb,2,0.6280352110584656,1,393,uncalibrated
0,histgb,2,0.2425293426359877,2,393,uncalibrated
0,histgb,2,0.03819790282468668,3,393,uncalibrated
0,histgb,2,0.022127127808193307,4,393,uncalibrated
0,histgb,2,0.004232049376757402,5,393,uncalibrated
0,histgb,2,0.004164341699185706,6,393,uncalibrated
0,histgb,2,0.004164341699185706,7,393,uncalibrated
0,histgb,2,0.004164341699185706,8,393,uncalibrated
0,histgb,2,0.004164341699185706,9,393,uncalibrated
0,histgb,2,0.004164341699185706,10,393,uncalibrated
0,histgb,2,0.004164341699185706,11,393,uncalibrated
0,histgb,2,0.004164341699185706,12,393,uncalibrated
0,histgb,2,0.004164341699185706,13,393,uncalibrated
0,histgb,2,0.004164341699185706,14,393,uncalibrated
0,histgb,2,0.004164341699185706,15,393,uncalibrated
1,histgb,2,0.7189421073538842,1,394,uncalibrated
1,histgb,2,0.9087927773828757,2,394,uncalibrated
1,histgb,2,0.9166812460400249,3,394,uncalibrated
1,histgb,2,0.9176088704492951,4,394,uncalibrated
1,histgb,2,0.9012551758562465,5,394,uncalibrated
0,histgb,2,0.7935168100077334,6,394,uncalibrated
0,histgb,2,0.4766019847587846,7,394,uncalibrated
0,histgb,2,0.3977099472147655,8,394,uncalibrated
0,histgb,2,0.33477245894304036,9,394,uncalibrated
0,histgb,2,0.6039739508820046,10,394,uncalibrated
0,histgb,2,0.025315023302785754,11,394,uncalibrated
0,histgb,2,0.014553879410032791,12,394,uncalibrated
0,histgb,2,0.0135881169066475,13,394,uncalibrated
0,histgb,2,0.011944373043118954,14,394,uncalibrated
0,histgb,2,0.006191791514353369,15,394,uncalibrated
0,histgb,2,0.6063084955658095,1,397,uncalibrated
0,histgb,2,0.2425293426359877,2,397,uncalibrated
0,histgb,2,0.03819790282468668,3,397,uncalibrated
0,histgb,2,0.022127127808193307,4,397,uncalibrated
0,histgb,2,0.004232049376757402,5,397,uncalibrated
0,histgb,2,0.004164341699185706,6,397,uncalibrated
0,histgb,2,0.004164341699185706,7,397,uncalibrated
0,histgb,2,0.004164341699185706,8,397,uncalibrated
0,histgb,2,0.004164341699185706,9,397,uncalibrated
0,histgb,2,0.004164341699185706,10,397,uncalibrated
0,histgb,2,0.004164341699185706,11,397,uncalibrated
0,histgb,2,0.004164341699185706,12,397,uncalibrated
0,histgb,2,0.004164341699185706,13,397,uncalibrated
0,histgb,2,0.004164341699185706,14,397,uncalibrated
0,histgb,2,0.004164341699185706,15,397,uncalibrated
0,histgb,2,0.6063084955658095,1,402,uncalibrated
0,histgb,2,0.2425293426359877,2,402,uncalibrated
0,histgb,2,0.03819790282468668,3,402,uncalibrated
0,histgb,2,0.20341105285289388,4,402,uncalibrated
0,histgb,2,0.022082576477748347,5,402,uncalibrated
0,histgb,2,0.015286900127672986,6,402,uncalibrated
0,histgb,2,0.004164341699185706,7,402,uncalibrated
0,histgb,2,0.004164341699185706,8,402,uncalibrated
0,histgb,2,0.004164341699185706,9,402,uncalibrated
0,histgb,2,0.004164341699185706,10,402,uncalibrated
0,histgb,2,0.004164341699185706,11,402,uncalibrated
0,histgb,2,0.004164341699185706,12,402,uncalibrated
0,histgb,2,0.004164341699185706,13,402,uncalibrated
0,histgb,2,0.004164341699185706,14,402,uncalibrated
0,histgb,2,0.004164341699185706,15,402,uncalibrated
0,histgb,2,0.5130483716562639,1,404,uncalibrated
0,histgb,2,0.2560210528808078,2,404,uncalibrated
0,histgb,2,0.03819790282468668,3,404,uncalibrated
0,histgb,2,0.022127127808193307,4,404,uncalibrated
0,histgb,2,0.004232049376757402,5,404,uncalibrated
0,histgb,2,0.004164341699185706,6,404,uncalibrated
0,histgb,2,0.004164341699185706,7,404,uncalibrated
0,histgb,2,0.004164341699185706,8,404,uncalibrated
0,histgb,2,0.004164341699185706,9,404,uncalibrated
0,histgb,2,0.004164341699185706,10,404,uncalibrated
0,histgb,2,0.004164341699185706,11,404,uncalibrated
0,histgb,2,0.004164341699185706,12,404,uncalibrated
0,histgb,2,0.004164341699185706,13,404,uncalibrated
0,histgb,2,0.004164341699185706,14,404,uncalibrated
0,histgb,2,0.004164341699185706,15,404,uncalibrated
0,histgb,2,0.6063084955658095,1,410,uncalibrated
0,histgb,2,0.23754115138046103,2,410,uncalibrated
0,histgb,2,0.03819790282468668,3,410,uncalibrated
0,histgb,2,0.022127127808193307,4,410,uncalibrated
0,histgb,2,0.004232049376757402,5,410,uncalibrated
0,histgb,2,0.004164341699185706,6,410,uncalibrated
0,histgb,2,0.004164341699185706,7,410,uncalibrated
0,histgb,2,0.004164341699185706,8,410,uncalibrated
0,histgb,2,0.004164341699185706,9,410,uncalibrated
0,histgb,2,0.004164341699185706,10,410,uncalibrated
0,histgb,2,0.004164341699185706,11,410,uncalibrated
0,histgb,2,0.004164341699185706,12,410,uncalibrated
0,histgb,2,0.004164341699185706,13,410,uncalibrated
0,histgb,2,0.004164341699185706,14,410,uncalibrated
0,histgb,2,0.004164341699185706,15,410,uncalibrated
0,histgb,2,0.7189421073538842,1,415,uncalibrated
0,histgb,2,0.2425293426359877,2,415,uncalibrated
0,histgb,2,0.03819790282468668,3,415,uncalibrated
0,histgb,2,0.030560088090661987,4,415,uncalibrated
0,histgb,2,0.004506549878899774,5,415,uncalibrated
0,histgb,2,0.004164341699185706,6,415,uncalibrated
0,histgb,2,0.004164341699185706,7,415,uncalibrated
0,histgb,2,0.004164341699185706,8,415,uncalibrated
0,histgb,2,0.004164341699185706,9,415,uncalibrated
0,histgb,2,0.004164341699185706,10,415,uncalibrated
0,histgb,2,0.004164341699185706,11,415,uncalibrated
0,histgb,2,0.004164341699185706,12,415,uncalibrated
0,histgb,2,0.004164341699185706,13,415,uncalibrated
0,histgb,2,0.004164341699185706,14,415,uncalibrated
0,histgb,2,0.004164341699185706,15,415,uncalibrated
0,histgb,2,0.6172238810355282,1,416,uncalibrated
0,histgb,2,0.2425293426359877,2,416,uncalibrated
0,histgb,2,0.03819790282468668,3,416,uncalibrated
0,histgb,2,0.022127127808193307,4,416,uncalibrated
0,histgb,2,0.004506549878899774,5,416,uncalibrated
0,histgb,2,0.028920481067703292,6,416,uncalibrated
0,histgb,2,0.01772143110788891,7,416,uncalibrated
0,histgb,2,0.004164341699185706,8,416,uncalibrated
0,histgb,2,0.004164341699185706,9,416,uncalibrated
0,histgb,2,0.004164341699185706,10,416,uncalibrated
0,histgb,2,0.004164341699185706,11,416,uncalibrated
0,histgb,2,0.004164341699185706,12,416,uncalibrated
0,histgb,2,0.004164341699185706,13,416,uncalibrated
0,histgb,2,0.004164341699185706,14,416,uncalibrated
0,histgb,2,0.004164341699185706,15,416,uncalibrated
0,histgb,2,0.2089147584579163,1,417,uncalibrated
0,histgb,2,0.2024473335336012,2,417,uncalibrated
0,histgb,2,0.037205848713861595,3,417,uncalibrated
0,histgb,2,0.022127127808193307,4,417,uncalibrated
0,histgb,2,0.004232049376757402,5,417,uncalibrated
0,histgb,2,0.004164341699185706,6,417,uncalibrated
0,histgb,2,0.004164341699185706,7,417,uncalibrated
0,histgb,2,0.004164341699185706,8,417,uncalibrated
0,histgb,2,0.004164341699185706,9,417,uncalibrated
0,histgb,2,0.004164341699185706,10,417,uncalibrated
0,histgb,2,0.004164341699185706,11,417,uncalibrated
0,histgb,2,0.004164341699185706,12,417,uncalibrated
0,histgb,2,0.004164341699185706,13,417,uncalibrated
0,histgb,2,0.004164341699185706,14,417,uncalibrated
0,histgb,2,0.004164341699185706,15,417,uncalibrated
0,histgb,2,0.6280352110584656,1,426,uncalibrated
0,histgb,2,0.2425293426359877,2,426,uncalibrated
0,histgb,2,0.03819790282468668,3,426,uncalibrated
0,histgb,2,0.022127127808193307,4,426,uncalibrated
0,histgb,2,0.03216802122006885,5,426,uncalibrated
0,histgb,2,0.016854624040465387,6,426,uncalibrated
0,histgb,2,0.040319036143288016,7,426,uncalibrated
0,histgb,2,0.030220697155603486,8,426,uncalibrated
0,histgb,2,0.004164341699185706,9,426,uncalibrated
0,histgb,2,0.004164341699185706,10,426,uncalibrated
0,histgb,2,0.004164341699185706,11,426,uncalibrated
0,histgb,2,0.004164341699185706,12,426,uncalibrated
0,histgb,2,0.004164341699185706,13,426,uncalibrated
0,histgb,2,0.004164341699185706,14,426,uncalibrated
0,histgb,2,0.004164341699185706,15,426,uncalibrated
0,histgb,2,0.7189421073538842,1,428,uncalibrated
0,histgb,2,0.9087927773828757,2,428,uncalibrated
0,histgb,2,0.6904577136758222,3,428,uncalibrated
0,histgb,2,0.18879131604421323,4,428,uncalibrated
0,histgb,2,0.023236796863053875,5,428,uncalibrated
0,histgb,2,0.026277294435152244,6,428,uncalibrated
0,histgb,2,0.010318349496474156,7,428,uncalibrated
0,histgb,2,0.004164341699185706,8,428,uncalibrated
0,histgb,2,0.004164341699185706,9,428,uncalibrated
0,histgb,2,0.004164341699185706,10,428,uncalibrated
0,histgb,2,0.004164341699185706,11,428,uncalibrated
0,histgb,2,0.004164341699185706,12,428,uncalibrated
0,histgb,2,0.004164341699185706,13,428,uncalibrated
0,histgb,2,0.004164341699185706,14,428,uncalibrated
0,histgb,2,0.004164341699185706,15,428,uncalibrated
0,histgb,2,0.7189421073538842,1,431,uncalibrated
0,histgb,2,0.9087927773828757,2,431,uncalibrated
0,histgb,2,0.6904577136758222,3,431,uncalibrated
0,histgb,2,0.7986137563829493,4,431,uncalibrated
0,histgb,2,0.8359610404690881,5,431,uncalibrated
0,histgb,2,0.7425152713192924,6,431,uncalibrated
0,histgb,2,0.08628442699764062,7,431,uncalibrated
0,histgb,2,0.402425669061948,8,431,uncalibrated
0,histgb,2,0.5780311896827216,9,431,uncalibrated
0,histgb,2,0.748723117134999,10,431,uncalibrated
0,histgb,2,0.7396867370452438,11,431,uncalibrated
0,histgb,2,0.7441291282801911,12,431,uncalibrated
0,histgb,2,0.41140357252247317,13,431,uncalibrated
0,histgb,2,0.5599328648346349,14,431,uncalibrated
0,histgb,2,0.549780677018537,15,431,uncalibrated
0,histgb,2,0.7299807029522692,1,432,uncalibrated
0,histgb,2,0.7921125288586593,2,432,uncalibrated
0,histgb,2,0.9185422437682441,3,432,uncalibrated
0,histgb,2,0.9079692358799144,4,432,uncalibrated
0,histgb,2,0.8951056319005383,5,432,uncalibrated
0,histgb,2,0.8927971099844898,6,432,uncalibrated
0,histgb,2,0.87000421335028,7,432,uncalibrated
0,histgb,2,0.8412662545696419,8,432,uncalibrated
0,histgb,2,0.8383623710822334,9,432,uncalibrated
0,histgb,2,0.8145780544347726,10,432,uncalibrated
0,histgb,2,0.648296486733718,11,432,uncalibrated
0,histgb,2,0.12455482216872246,12,432,uncalibrated
0,histgb,2,0.1104628073371654,13,432,uncalibrated
0,histgb,2,0.06533882572783786,14,432,uncalibrated
0,histgb,2,0.13126830794492048,15,432,uncalibrated
0,histgb,2,0.6063084955658095,1,435,uncalibrated
0,histgb,2,0.2425293426359877,2,435,uncalibrated
0,histgb,2,0.03819790282468668,3,435,uncalibrated
0,histgb,2,0.022127127808193307,4,435,uncalibrated
0,histgb,2,0.004506549878899774,5,435,uncalibrated
0,histgb,2,0.004164341699185706,6,435,uncalibrated
0,histgb,2,0.004164341699185706,7,435,uncalibrated
0,histgb,2,0.004164341699185706,8,435,uncalibrated
0,histgb,2,0.004164341699185706,9,435,uncalibrated
0,histgb,2,0.004164341699185706,10,435,uncalibrated
0,histgb,2,0.004164341699185706,11,435,uncalibrated
0,histgb,2,0.004164341699185706,12,435,uncalibrated
0,histgb,2,0.004164341699185706,13,435,uncalibrated
0,histgb,2,0.004164341699185706,14,435,uncalibrated
0,histgb,2,0.004164341699185706,15,435,uncalibrated
0,histgb,2,0.6172238810355282,1,440,uncalibrated
0,histgb,2,0.2425293426359877,2,440,uncalibrated
0,histgb,2,0.03819790282468668,3,440,uncalibrated
0,histgb,2,0.022127127808193307,4,440,uncalibrated
0,histgb,2,0.004232049376757402,5,440,uncalibrated
0,histgb,2,0.004164341699185706,6,440,uncalibrated
0,histgb,2,0.004164341699185706,7,440,uncalibrated
0,histgb,2,0.004164341699185706,8,440,uncalibrated
0,histgb,2,0.004164341699185706,9,440,uncalibrated
0,histgb,2,0.004164341699185706,10,440,uncalibrated
0,histgb,2,0.004164341699185706,11,440,uncalibrated
0,histgb,2,0.004164341699185706,12,440,uncalibrated
0,histgb,2,0.004164341699185706,13,440,uncalibrated
0,histgb,2,0.004164341699185706,14,440,uncalibrated
0,histgb,2,0.004164341699185706,15,440,uncalibrated
0,histgb,2,0.2089147584579163,1,442,uncalibrated
0,histgb,2,0.2024473335336012,2,442,uncalibrated
0,histgb,2,0.037205848713861595,3,442,uncalibrated
0,histgb,2,0.022127127808193307,4,442,uncalibrated
0,histgb,2,0.004232049376757402,5,442,uncalibrated
0,histgb,2,0.004164341699185706,6,442,uncalibrated
0,histgb,2,0.004164341699185706,7,442,uncalibrated
0,histgb,2,0.004164341699185706,8,442,uncalibrated
0,histgb,2,0.004164341699185706,9,442,uncalibrated
0,histgb,2,0.004164341699185706,10,442,uncalibrated
0,histgb,2,0.004164341699185706,11,442,uncalibrated
0,histgb,2,0.004164341699185706,12,442,uncalibrated
0,histgb,2,0.004164341699185706,13,442,uncalibrated
0,histgb,2,0.004164341699185706,14,442,uncalibrated
0,histgb,2,0.004164341699185706,15,442,uncalibrated
0,histgb,2,0.7299807029522692,1,458,uncalibrated
0,histgb,2,0.7921125288586593,2,458,uncalibrated
0,histgb,2,0.3383407772901485,3,458,uncalibrated
0,histgb,2,0.04316908598158494,4,458,uncalibrated
0,histgb,2,0.04983495457800672,5,458,uncalibrated
0,histgb,2,0.0227949553308034,6,458,uncalibrated
0,histgb,2,0.004164341699185706,7,458,uncalibrated
0,histgb,2,0.004164341699185706,8,458,uncalibrated
0,histgb,2,0.004164341699185706,9,458,uncalibrated
0,histgb,2,0.004164341699185706,10,458,uncalibrated
0,histgb,2,0.004164341699185706,11,458,uncalibrated
0,histgb,2,0.004164341699185706,12,458,uncalibrated
0,histgb,2,0.004164341699185706,13,458,uncalibrated
0,histgb,2,0.004164341699185706,14,458,uncalibrated
0,histgb,2,0.004164341699185706,15,458,uncalibrated
0,histgb,2,0.7189421073538842,1,461,uncalibrated
0,histgb,2,0.2425293426359877,2,461,uncalibrated
0,histgb,2,0.03819790282468668,3,461,uncalibrated
0,histgb,2,0.022127127808193307,4,461,uncalibrated
0,histgb,2,0.004232049376757402,5,461,uncalibrated
0,histgb,2,0.004164341699185706,6,461,uncalibrated
0,histgb,2,0.004164341699185706,7,461,uncalibrated
0,histgb,2,0.004164341699185706,8,461,uncalibrated
0,histgb,2,0.004164341699185706,9,461,uncalibrated
0,histgb,2,0.004164341699185706,10,461,uncalibrated
0,histgb,2,0.004164341699185706,11,461,uncalibrated
0,histgb,2,0.004164341699185706,12,461,uncalibrated
0,histgb,2,0.004164341699185706,13,461,uncalibrated
0,histgb,2,0.004164341699185706,14,461,uncalibrated
0,histgb,2,0.004164341699185706,15,461,uncalibrated
0,histgb,2,0.7189421073538842,1,464,uncalibrated
0,histgb,2,0.2425293426359877,2,464,uncalibrated
0,histgb,2,0.04674921793377301,3,464,uncalibrated
0,histgb,2,0.030560088090661987,4,464,uncalibrated
0,histgb,2,0.004506549878899774,5,464,uncalibrated
0,histgb,2,0.004164341699185706,6,464,uncalibrated
0,histgb,2,0.004164341699185706,7,464,uncalibrated
0,histgb,2,0.004164341699185706,8,464,uncalibrated
0,histgb,2,0.004164341699185706,9,464,uncalibrated
0,histgb,2,0.004164341699185706,10,464,uncalibrated
0,histgb,2,0.004164341699185706,11,464,uncalibrated
0,histgb,2,0.004164341699185706,12,464,uncalibrated
0,histgb,2,0.004164341699185706,13,464,uncalibrated
0,histgb,2,0.004164341699185706,14,464,uncalibrated
0,histgb,2,0.004164341699185706,15,464,uncalibrated
0,histgb,2,0.2089147584579163,1,468,uncalibrated
0,histgb,2,0.2024473335336012,2,468,uncalibrated
0,histgb,2,0.037205848713861595,3,468,uncalibrated
0,histgb,2,0.022127127808193307,4,468,uncalibrated
0,histgb,2,0.004232049376757402,5,468,uncalibrated
0,histgb,2,0.004164341699185706,6,468,uncalibrated
0,histgb,2,0.004164341699185706,7,468,uncalibrated
0,histgb,2,0.004164341699185706,8,468,uncalibrated
0,histgb,2,0.004164341699185706,9,468,uncalibrated
0,histgb,2,0.004164341699185706,10,468,uncalibrated
0,histgb,2,0.004164341699185706,11,468,uncalibrated
0,histgb,2,0.004164341699185706,12,468,uncalibrated
0,histgb,2,0.004164341699185706,13,468,uncalibrated
0,histgb,2,0.004164341699185706,14,468,uncalibrated
0,histgb,2,0.004164341699185706,15,468,uncalibrated
0,histgb,2,0.7299807029522692,1,477,uncalibrated
0,histgb,2,0.9087927773828757,2,477,uncalibrated
0,histgb,2,0.9166812460400249,3,477,uncalibrated
0,histgb,2,0.7945585782487178,4,477,uncalibrated
0,histgb,2,0.7206025220329599,5,477,uncalibrated
0,histgb,2,0.1932950932686464,6,477,uncalibrated
0,histgb,2,0.018511845783637786,7,477,uncalibrated
0,histgb,2,0.01900416305090464,8,477,uncalibrated
0,histgb,2,0.011269479446149719,9,477,uncalibrated
0,histgb,2,0.004188439423639564,10,477,uncalibrated
0,histgb,2,0.004188439423639564,11,477,uncalibrated
0,histgb,2,0.004188439423639564,12,477,uncalibrated
0,histgb,2,0.004188439423639564,13,477,uncalibrated
0,histgb,2,0.004188439423639564,14,477,uncalibrated
0,histgb,2,0.004188439423639564,15,477,uncalibrated
0,histgb,2,0.7189421073538842,1,493,uncalibrated
0,histgb,2,0.2425293426359877,2,493,uncalibrated
0,histgb,2,0.7432850332084633,3,493,uncalibrated
0,histgb,2,0.14314203889766966,4,493,uncalibrated
0,histgb,2,0.0304990871862936,5,493,uncalibrated
0,histgb,2,0.014464515083522927,6,493,uncalibrated
0,histgb,2,0.004164341699185706,7,493,uncalibrated
0,histgb,2,0.004164341699185706,8,493,uncalibrated
0,histgb,2,0.004164341699185706,9,493,uncalibrated
0,histgb,2,0.004164341699185706,10,493,uncalibrated
0,histgb,2,0.004164341699185706,11,493,uncalibrated
0,histgb,2,0.004164341699185706,12,493,uncalibrated
0,histgb,2,0.004164341699185706,13,493,uncalibrated
0,histgb,2,0.004164341699185706,14,493,uncalibrated
0,histgb,2,0.004164341699185706,15,493,uncalibrated
0,histgb,2,0.5130483716562639,1,499,uncalibrated
0,histgb,2,0.2024473335336012,2,499,uncalibrated
0,histgb,2,0.037205848713861595,3,499,uncalibrated
0,histgb,2,0.022127127808193307,4,499,uncalibrated
0,histgb,2,0.004232049376757402,5,499,uncalibrated
0,histgb,2,0.004164341699185706,6,499,uncalibrated
0,histgb,2,0.004164341699185706,7,499,uncalibrated
0,histgb,2,0.004164341699185706,8,499,uncalibrated
0,histgb,2,0.004164341699185706,9,499,uncalibrated
0,histgb,2,0.004164341699185706,10,499,uncalibrated
0,histgb,2,0.004164341699185706,11,499,uncalibrated
0,histgb,2,0.004164341699185706,12,499,uncalibrated
0,histgb,2,0.004164341699185706,13,499,uncalibrated
0,histgb,2,0.004164341699185706,14,499,uncalibrated
0,histgb,2,0.004164341699185706,15,499,uncalibrated
0,logistic,3,0.5711539600267754,1,2,uncalibrated
0,logistic,3,0.3481146247956001,2,2,uncalibrated
0,logistic,3,0.176263957620164,3,2,uncalibrated
0,logistic,3,0.07889406875954842,4,2,uncalibrated
0,logistic,3,0.03315556305650323,5,2,uncalibrated
0,logistic,3,0.013546466550281699,6,2,uncalibrated
0,logistic,3,0.005469117587569344,7,2,uncalibrated
0,logistic,3,0.002194972970010776,8,2,uncalibrated
0,logistic,3,0.0008817659051532881,9,2,uncalibrated
0,logistic,3,0.00035368660100663744,10,2,uncalibrated
0,logistic,3,0.00014163668442654045,11,2,uncalibrated
0,logistic,3,5.6670961144784256e-05,12,2,uncalibrated
0,logistic,3,2.2679264516638063e-05,13,2,uncalibrated
0,logistic,3,9.082504112694209e-06,14,2,uncalibrated
0,logistic,3,3.6365883094291834e-06,15,2,uncalibrated
0,logistic,3,0.5681587278009502,1,5,uncalibrated
0,logistic,3,0.34262296861214514,2,5,uncalibrated
0,logistic,3,0.17110156345913435,3,5,uncalibrated
0,logistic,3,0.07535713863673078,4,5,uncalibrated
0,logistic,3,0.03127422143683075,5,5,uncalibrated
0,logistic,3,0.012619776415200179,6,5,uncalibrated
0,logistic,3,0.00503865263760608,7,5,uncalibrated
0,logistic,3,0.0020065207056582345,8,5,uncalibrated
0,logistic,3,0.0007965773168942907,9,5,uncalibrated
0,logistic,3,0.00031562144031007137,10,5,uncalibrated
0,logistic,3,0.0001251050357489379,11,5,uncalibrated
0,logistic,3,4.956373351873624e-05,12,5,uncalibrated
0,logistic,3,1.9644673895466245e-05,13,5,uncalibrated
0,logistic,3,7.783787100864603e-06,14,5,uncalibrated
0,logistic,3,3.088195272870512e-06,15,5,uncalibrated
0,logistic,3,0.5695555458181341,1,6,uncalibrated
0,logistic,3,0.3456443319453771,2,6,uncalibrated
0,logistic,3,0.1740696492242609,3,6,uncalibrated
0,logistic,3,0.07750110133411393,4,6,uncalibrated
0,logistic,3,0.03234299502469787,5,6,uncalibrated
0,logistic,3,0.01354971932473389,6,6,uncalibrated
0,logistic,3,0.005484495588892443,7,6,uncalibrated
0,logistic,3,0.002191989867859462,8,6,uncalibrated
0,logistic,3,0.0008765068471611006,9,6,uncalibrated
0,logistic,3,0.000350244136188209,10,6,uncalibrated
0,logistic,3,0.00013975358156904287,11,6,uncalibrated
0,logistic,3,5.575437176264835e-05,12,6,uncalibrated
0,logistic,3,2.2185728730185806e-05,13,6,uncalibrated
0,logistic,3,8.847735771857027e-06,14,6,uncalibrated
0,logistic,3,3.5362130665772355e-06,15,6,uncalibrated
1,logistic,3,0.5739654519399477,1,7,uncalibrated
1,logistic,3,0.944569602135217,2,7,uncalibrated
1,logistic,3,0.9396016978476608,3,7,uncalibrated
1,logistic,3,0.9474587628328492,4,7,uncalibrated
0,logistic,3,0.8712124257675485,5,7,uncalibrated
0,logistic,3,0.695323624950714,6,7,uncalibrated
0,logistic,3,0.6809814368591047,7,7,uncalibrated
0,logistic,3,0.4410532344553845,8,7,uncalibrated
0,logistic,3,0.2062681700539005,9,7,uncalibrated
0,logistic,3,0.06290510624204204,10,7,uncalibrated
0,logistic,3,0.11206052574981205,11,7,uncalibrated
0,logistic,3,0.04336399738855676,12,7,uncalibrated
0,logistic,3,0.04048044182003767,13,7,uncalibrated
0,logistic,3,0.01209394526013982,14,7,uncalibrated
0,logistic,3,0.020091632719767136,15,7,uncalibrated
0,logistic,3,0.5719883648335553,1,22,uncalibrated
0,logistic,3,0.35033825126240475,2,22,uncalibrated
0,logistic,3,0.1787084596603593,3,22,uncalibrated
0,logistic,3,0.081224229441301,4,22,uncalibrated
0,logistic,3,0.03440905935526896,5,22,uncalibrated
0,logistic,3,0.11195429968863016,6,22,uncalibrated
0,logistic,3,0.04634175080408754,7,22,uncalibrated
0,logistic,3,0.05316655289874532,8,22,uncalibrated
0,logistic,3,0.017035845957315086,9,22,uncalibrated
0,logistic,3,0.03485115588583535,10,22,uncalibrated
0,logistic,3,0.01011716885176079,11,22,uncalibrated
0,logistic,3,0.0037115602950564615,12,22,uncalibrated
0,logistic,3,0.0010481232483202508,13,22,uncalibrated
0,logistic,3,0.0007605491938187823,14,22,uncalibrated
0,logistic,3,0.0002863221128868491,15,22,uncalibrated
0,logistic,3,0.5716784905795981,1,23,uncalibrated
0,logistic,3,0.34879981927263204,2,23,uncalibrated
0,logistic,3,0.17817324994707592,3,23,uncalibrated
0,logistic,3,0.08045742572982835,4,23,uncalibrated
0,logistic,3,0.03390960290480168,5,23,uncalibrated
0,logistic,3,0.013971155408304145,6,23,uncalibrated
0,logistic,3,0.005658708687787369,7,23,uncalibrated
0,logistic,3,0.0022859303806473403,8,23,uncalibrated
0,logistic,3,0.0009277374464716926,9,23,uncalibrated
0,logistic,3,0.0006896735164438635,10,23,uncalibrated
0,logistic,3,0.00027654298524098874,11,23,uncalibrated
0,logistic,3,0.00011049491256745407,12,23,uncalibrated
0,logistic,3,4.430807817050735e-05,13,23,uncalibrated
0,logistic,3,1.774672815263247e-05,14,23,uncalibrated
0,logistic,3,7.120987040054531e-06,15,23,uncalibrated
0,logistic,3,0.5694720064098436,1,29,uncalibrated
0,logistic,3,0.3456443319453771,2,29,uncalibrated
0,logistic,3,0.17451098675357699,3,29,uncalibrated
0,logistic,3,0.0778288727613826,4,29,uncalibrated
0,logistic,3,0.0327229540048996,5,29,uncalibrated
0,logistic,3,0.01335847602249591,6,29,uncalibrated
0,logistic,3,0.005402014537352904,7,29,uncalibrated
0,logistic,3,0.0021642718421958315,8,29,uncalibrated
0,logistic,3,0.0008706437362620359,9,29,uncalibrated
0,logistic,3,0.0003494610300398645,10,29,uncalibrated
0,logistic,3,0.00013949534709805956,11,29,uncalibrated
0,logistic,3,5.5830411143919785e-05,12,29,uncalibrated
0,logistic,3,2.2383148404254108e-05,13,29,uncalibrated
0,logistic,3,8.935597893894962e-06,14,29,uncalibrated
0,logistic,3,3.559181161910978e-06,15,29,uncalibrated
0,logistic,3,0.5689109967478025,1,32,uncalibrated
0,logistic,3,0.3441925042105117,2,32,uncalibrated
0,logistic,3,0.17245894791527597,3,32,uncalibrated
0,logistic,3,0.07662518068540837,4,32,uncalibrated
0,logistic,3,0.03197182144889935,5,32,uncalibrated
0,logistic,3,0.012988310441382735,6,32,uncalibrated
0,logistic,3,0.005211380332625652,7,32,uncalibrated
0,logistic,3,0.0020824904914410513,8,32,uncalibrated
0,logistic,3,0.0008296751910459753,9,32,uncalibrated
0,logistic,3,0.00033100547068052265,10,32,uncalibrated
0,logistic,3,0.00013605551996252,11,32,uncalibrated
0,logistic,3,5.415752052505116e-05,12,32,uncalibrated
0,logistic,3,2.150104398669482e-05,13,32,uncalibrated
0,logistic,3,8.553833678022093e-06,14,32,uncalibrated
0,logistic,3,3.3971815458008046e-06,15,32,uncalibrated
0,logistic,3,0.5714400874955182,1,39,uncalibrated
0,logistic,3,0.34763977788119593,2,39,uncalibrated
0,logistic,3,0.1761014581838201,3,39,uncalibrated
0,logistic,3,0.078869310533666,4,39,uncalibrated
0,logistic,3,0.03332763953174682,5,39,uncalibrated
0,logistic,3,0.01366667743531678,6,39,uncalibrated
0,logistic,3,0.005561494530652944,7,39,uncalibrated
0,logistic,3,0.0022451101939343606,8,39,uncalibrated
0,logistic,3,0.005952541862570652,9,39,uncalibrated
0,logistic,3,0.0023802605638667713,10,39,uncalibrated
0,logistic,3,0.002574688276342029,11,39,uncalibrated
0,logistic,3,0.0007958600150100064,12,39,uncalibrated
0,logistic,3,0.0002989337682748686,13,39,uncalibrated
0,logistic,3,8.671942032636766e-05,14,39,uncalibrated
0,logistic,3,8.651766604128263e-05,15,39,uncalibrated
1,logistic,3,0.5733582821682551,1,43,uncalibrated
1,logistic,3,0.9432110391855911,2,43,uncalibrated
0,logistic,3,0.8256223745117702,3,43,uncalibrated
0,logistic,3,0.6036259441016191,4,43,uncalibrated
0,logistic,3,0.6329186201463571,5,43,uncalibrated
0,logistic,3,0.6802743687958122,6,43,uncalibrated
0,logistic,3,0.4425556568071499,7,43,uncalibrated
0,logistic,3,0.3670935253189734,8,43,uncalibrated
0,logistic,3,0.1421244020699305,9,43,uncalibrated
0,logistic,3,0.05307546264466319,10,43,uncalibrated
0,logistic,3,0.03873921435012273,11,43,uncalibrated
0,logistic,3,0.015039047335958722,12,43,uncalibrated
0,logistic,3,0.026708557527003688,13,43,uncalibrated
0,logistic,3,0.01915674022935511,14,43,uncalibrated
0,logistic,3,0.018460794743736648,15,43,uncalibrated
0,logistic,3,0.5712493411446992,1,57,uncalibrated
0,logistic,3,0.3505266193832261,2,57,uncalibrated
0,logistic,3,0.1758967355085563,3,57,uncalibrated
0,logistic,3,0.07846006449057004,4,57,uncalibrated
0,logistic,3,0.03318053893498183,5,57,uncalibrated
0,logistic,3,0.013665365157017207,6,57,uncalibrated
0,logistic,3,0.00544955962110892,7,57,uncalibrated
0,logistic,3,0.0021682702244396126,8,57,uncalibrated
0,logistic,3,0.0008768053003696209,9,57,uncalibrated
0,logistic,3,0.0003494100187402915,10,57,uncalibrated
0,logistic,3,0.00014029879651776596,11,57,uncalibrated
0,logistic,3,5.647270001411339e-05,12,57,uncalibrated
0,logistic,3,2.320861950778674e-05,13,57,uncalibrated
0,logistic,3,9.3185108775898e-06,14,57,uncalibrated
0,logistic,3,3.7587933429205974e-06,15,57,uncalibrated
0,logistic,3,0.5690542501316619,1,58,uncalibrated
0,logistic,3,0.343094566928585,2,58,uncalibrated
0,logistic,3,0.7749286440188321,3,58,uncalibrated
0,logistic,3,0.5306261390801942,4,58,uncalibrated
0,logistic,3,0.26160129385139963,5,58,uncalibrated
0,logistic,3,0.380571951498049,6,58,uncalibrated
0,logistic,3,0.17626702104193315,7,58,uncalibrated
0,logistic,3,0.1805004663264635,8,58,uncalibrated
0,logistic,3,0.06052286329409671,9,58,uncalibrated
0,logistic,3,0.021677514003786418,10,58,uncalibrated
0,logistic,3,0.005873662072802376,11,58,uncalibrated
0,logistic,3,0.0021027058549398445,12,58,uncalibrated
0,logistic,3,0.0007644237486731093,13,58,uncalibrated
0,logistic,3,0.00028172372504025575,14,58,uncalibrated
0,logistic,3,0.0004959782545823901,15,58,uncalibrated
0,logistic,3,0.568182614206784,1,73,uncalibrated
0,logistic,3,0.3509589340360112,2,73,uncalibrated
0,logistic,3,0.17724852839110875,3,73,uncalibrated
0,logistic,3,0.07888345722127339,4,73,uncalibrated
0,logistic,3,0.032889764812649054,5,73,uncalibrated
0,logistic,3,0.013315558776098257,6,73,uncalibrated
0,logistic,3,0.005312786876618598,7,73,uncalibrated
0,logistic,3,0.00211254699212704,8,73,uncalibrated
0,logistic,3,0.0008413376870712278,9,73,uncalibrated
0,logistic,3,0.0003349264578923016,10,73,uncalibrated
0,logistic,3,0.00013287500393944582,11,73,uncalibrated
0,logistic,3,5.272945560386766e-05,12,73,uncalibrated
0,logistic,3,2.0998366355045213e-05,13,73,uncalibrated
0,logistic,3,8.311665228511398e-06,14,73,uncalibrated
0,logistic,3,3.2961860927477563e-06,15,73,uncalibrated
0,logistic,3,0.5771523649991469,1,75,uncalibrated
0,logistic,3,0.35176879564969504,2,75,uncalibrated
0,logistic,3,0.17768907896218594,3,75,uncalibrated
0,logistic,3,0.07955810278749399,4,75,uncalibrated
0,logistic,3,0.033282190395234314,5,75,uncalibrated
0,logistic,3,0.013609708045840068,6,75,uncalibrated
0,logistic,3,0.005498053149740946,7,75,uncalibrated
0,logistic,3,0.0022020206052397974,8,75,uncalibrated
0,logistic,3,0.0008790683146790363,9,75,uncalibrated
0,logistic,3,0.00035142208584493684,10,75,uncalibrated
0,logistic,3,0.00014062010152088235,11,75,uncalibrated
0,logistic,3,5.605642343660328e-05,12,75,uncalibrated
0,logistic,3,2.3037536423125818e-05,13,75,uncalibrated
0,logistic,3,9.201318228113986e-06,14,75,uncalibrated
0,logistic,3,3.6846991840875244e-06,15,75,uncalibrated
0,logistic,3,0.5674180925164131,1,79,uncalibrated
0,logistic,3,0.3422941304275054,2,79,uncalibrated
0,logistic,3,0.17074286718482945,3,79,uncalibrated
0,logistic,3,0.07547933378753632,4,79,uncalibrated
0,logistic,3,0.03140277933876027,5,79,uncalibrated
0,logistic,3,0.012647100283998852,6,79,uncalibrated
0,logistic,3,0.0050501352375429505,7,79,uncalibrated
0,logistic,3,0.002001847259833958,8,79,uncalibrated
0,logistic,3,0.0007971974723378544,9,79,uncalibrated
0,logistic,3,0.0003154832407348672,10,79,uncalibrated
0,logistic,3,0.00012489817886013487,11,79,uncalibrated
0,logistic,3,4.947455031390164e-05,12,79,uncalibrated
0,logistic,3,1.958356986773541e-05,13,79,uncalibrated
0,logistic,3,7.762597944270748e-06,14,79,uncalibrated
0,logistic,3,3.0802382785438747e-06,15,79,uncalibrated
0,logistic,3,0.5708677849844583,1,83,uncalibrated
0,logistic,3,0.3456333223867363,2,83,uncalibrated
0,logistic,3,0.17327327848144738,3,83,uncalibrated
0,logistic,3,0.07695647190600372,4,83,uncalibrated
0,logistic,3,0.03200649039679457,5,83,uncalibrated
0,logistic,3,0.012982695377878928,6,83,uncalibrated
0,logistic,3,0.0051992812431194,7,83,uncalibrated
0,logistic,3,0.0020784480238730833,8,83,uncalibrated
0,logistic,3,0.0008248469045661253,9,83,uncalibrated
0,logistic,3,0.0003277358429753667,10,83,uncalibrated
0,logistic,3,0.0007845336943635419,11,83,uncalibrated
0,logistic,3,0.0003102916766954817,12,83,uncalibrated
0,logistic,3,0.00011897459094690067,13,83,uncalibrated
0,logistic,3,3.5126760610213934e-05,14,83,uncalibrated
0,logistic,3,1.3509931321864438e-05,15,83,uncalibrated
0,logistic,3,0.5727985376653949,1,87,uncalibrated
0,logistic,3,0.3511585464459639,2,87,uncalibrated
0,logistic,3,0.17897295944181263,3,87,uncalibrated
0,logistic,3,0.08053669149327244,4,87,uncalibrated
0,logistic,3,0.034109502733725414,5,87,uncalibrated
0,logistic,3,0.014041741699253034,6,87,uncalibrated
0,logistic,3,0.0057145816673248116,7,87,uncalibrated
0,logistic,3,0.0023168900628928995,8,87,uncalibrated
0,logistic,3,0.0009361674678699195,9,87,uncalibrated
0,logistic,3,0.00037867601524405384,10,87,uncalibrated
0,logistic,3,0.00015231188852408563,11,87,uncalibrated
0,logistic,3,6.157778325209516e-05,12,87,uncalibrated
0,logistic,3,2.4890143546588353e-05,13,87,uncalibrated
0,logistic,3,9.989780007301582e-06,14,87,uncalibrated
0,logistic,3,4.008435241273078e-06,15,87,uncalibrated
1,logistic,3,0.5713089516561102,1,89,uncalibrated
1,logistic,3,0.9426452156953409,2,89,uncalibrated
0,logistic,3,0.8261263840770656,3,89,uncalibrated
0,logistic,3,0.6054995320232066,4,89,uncalibrated
0,logistic,3,0.632047362245467,5,89,uncalibrated
0,logistic,3,0.4038840474692597,6,89,uncalibrated
0,logistic,3,0.18593199436750235,7,89,uncalibrated
0,logistic,3,0.05746574127928676,8,89,uncalibrated
0,logistic,3,0.021514357825859236,9,89,uncalibrated
0,logistic,3,0.04267072914627038,10,89,uncalibrated
0,logistic,3,0.07692586659270131,11,89,uncalibrated
0,logistic,3,0.030142682334823825,12,89,uncalibrated
0,logistic,3,0.008628172550770625,13,89,uncalibrated
0,logistic,3,0.0024593568515861876,14,89,uncalibrated
0,logistic,3,0.0009091780957019663,15,89,uncalibrated
0,logistic,3,0.5714162453613107,1,92,uncalibrated
0,logistic,3,0.3514358722762403,2,92,uncalibrated
0,logistic,3,0.1795530679929645,3,92,uncalibrated
0,logistic,3,0.5206104824434705,4,92,uncalibrated
0,logistic,3,0.28191119402463033,5,92,uncalibrated
0,logistic,3,0.47691075774802255,6,92,uncalibrated
0,logistic,3,0.3977992326183748,7,92,uncalibrated
0,logistic,3,0.18080274251815465,8,92,uncalibrated
0,logistic,3,0.0480096460756452,9,92,uncalibrated
0,logistic,3,0.01759790421554951,10,92,uncalibrated
0,logistic,3,0.01848880009179201,11,92,uncalibrated
0,logistic,3,0.0073008572233258205,12,92,uncalibrated
0,logistic,3,0.00268104529190425,13,92,uncalibrated
0,logistic,3,0.0007479338343906936,14,92,uncalibrated
0,logistic,3,0.0002763963971764699,15,92,uncalibrated
1,logistic,3,0.9795076628152628,1,99,uncalibrated
0,logistic,3,0.8197018180074647,2,99,uncalibrated
0,logistic,3,0.4085627702628547,3,99,uncalibrated
0,logistic,3,0.36120629801521564,4,99,uncalibrated
0,logistic,3,0.17075734012060131,5,99,uncalibrated
0,logistic,3,0.072043533264284,6,99,uncalibrated
0,logistic,3,0.05524524380307899,7,99,uncalibrated
0,logistic,3,0.021773900710090194,8,99,uncalibrated
0,logistic,3,0.016008388987520685,9,99,uncalibrated
0,logistic,3,0.006235891725798133,10,99,uncalibrated
0,logistic,3,0.004487286711323969,11,99,uncalibrated
0,logistic,3,0.0017680094592999022,12,99,uncalibrated
0,logistic,3,0.0006984846830137667,13,99,uncalibrated
0,logistic,3,0.0004956892665305833,14,99,uncalibrated
0,logistic,3,0.000196131034906044,15,99,uncalibrated
0,logistic,3,0.5690781245727313,1,106,uncalibrated
0,logistic,3,0.34365430611765224,2,106,uncalibrated
0,logistic,3,0.17243116118553856,3,106,uncalibrated
0,logistic,3,0.07663206922722493,4,106,uncalibrated
0,logistic,3,0.03184401188721604,5,106,uncalibrated
0,logistic,3,0.012906815995761139,6,106,uncalibrated
0,logistic,3,0.005180934087838179,7,106,uncalibrated
0,logistic,3,0.0020675724335605227,8,106,uncalibrated
0,logistic,3,0.0008209246376100327,9,106,uncalibrated
0,logistic,3,0.00032598622719475287,10,106,uncalibrated
0,logistic,3,0.0001298636029028001,11,106,uncalibrated
0,logistic,3,5.159457037283231e-05,12,106,uncalibrated
0,logistic,3,2.047452540926994e-05,13,106,uncalibrated
0,logistic,3,8.107470231227907e-06,14,106,uncalibrated
0,logistic,3,3.228380987871479e-06,15,106,uncalibrated
1,logistic,3,0.9795076628152628,1,110,uncalibrated
1,logistic,3,0.9758514248393174,2,110,uncalibrated
1,logistic,3,0.9715617813953066,3,110,uncalibrated
0,logistic,3,0.8121999734716618,4,110,uncalibrated
0,logistic,3,0.5839369128161847,5,110,uncalibrated
0,logistic,3,0.49585380149565456,6,110,uncalibrated
0,logistic,3,0.2602769424982455,7,110,uncalibrated
0,logistic,3,0.7136362079705837,8,110,uncalibrated
0,logistic,3,0.6644608030018102,9,110,uncalibrated
0,logistic,3,0.6765915491395875,10,110,uncalibrated
0,logistic,3,0.592799494008792,11,110,uncalibrated
0,logistic,3,0.15357657514783066,12,110,uncalibrated
0,logistic,3,0.10933344509099885,13,110,uncalibrated
0,logistic,3,0.07825205523599171,14,110,uncalibrated
0,logistic,3,0.1173665925082239,15,110,uncalibrated
0,logistic,3,0.5683498101625244,1,113,uncalibrated
0,logistic,3,0.3425681517425272,2,113,uncalibrated
0,logistic,3,0.17102563556403041,3,113,uncalibrated
0,logistic,3,0.07564594736746433,4,113,uncalibrated
0,logistic,3,0.03147392656532565,5,113,uncalibrated
0,logistic,3,0.013178755784606453,6,113,uncalibrated
0,logistic,3,0.0052771499107975356,7,113,uncalibrated
0,logistic,3,0.0021017996176844115,8,113,uncalibrated
0,logistic,3,0.0008365636424615089,9,113,uncalibrated
0,logistic,3,0.00033252301866515876,10,113,uncalibrated
0,logistic,3,0.00013217194683342565,11,113,uncalibrated
0,logistic,3,5.252196929100122e-05,12,113,uncalibrated
0,logistic,3,2.086184660934496e-05,13,113,uncalibrated
0,logistic,3,8.281779484784506e-06,14,113,uncalibrated
0,logistic,3,3.284014408894653e-06,15,113,uncalibrated
0,logistic,3,0.5748341497077474,1,139,uncalibrated
0,logistic,3,0.3557862027101436,2,139,uncalibrated
0,logistic,3,0.18091957773190853,3,139,uncalibrated
0,logistic,3,0.08281851517875,4,139,uncalibrated
0,logistic,3,0.07135584992308772,5,139,uncalibrated
0,logistic,3,0.02929329580651103,6,139,uncalibrated
0,logistic,3,0.011918562386996229,7,139,uncalibrated
0,logistic,3,0.004694077833161793,8,139,uncalibrated
0,logistic,3,0.0035478262713776773,9,139,uncalibrated
0,logistic,3,0.0014164568680506166,10,139,uncalibrated
0,logistic,3,0.0005499226354342867,11,139,uncalibrated
0,logistic,3,0.00021764080203533795,12,139,uncalibrated
0,logistic,3,8.586135767468018e-05,13,139,uncalibrated
0,logistic,3,3.4615162204839105e-05,14,139,uncalibrated
0,logistic,3,1.4022192341574773e-05,15,139,uncalibrated
0,logistic,3,0.5692452366630231,1,146,uncalibrated
0,logistic,3,0.3434896317672771,2,146,uncalibrated
0,logistic,3,0.17203558532576918,3,146,uncalibrated
0,logistic,3,0.07632264647186443,4,146,uncalibrated
0,logistic,3,0.03175858122154915,5,146,uncalibrated
0,logistic,3,0.012872132838577114,6,146,uncalibrated
0,logistic,3,0.005150415371976544,7,146,uncalibrated
0,logistic,3,0.00205256159496334,8,146,uncalibrated
0,logistic,3,0.0008445354967766344,9,146,uncalibrated
0,logistic,3,0.00033633102028807557,10,146,uncalibrated
0,logistic,3,0.00013382257558044016,11,146,uncalibrated
0,logistic,3,5.2937761541197695e-05,12,146,uncalibrated
0,logistic,3,2.1022911816099326e-05,13,146,uncalibrated
0,logistic,3,8.342064876533232e-06,14,146,uncalibrated
0,logistic,3,3.3026103514480257e-06,15,146,uncalibrated
0,logistic,3,0.5762730262465118,1,147,uncalibrated
0,logistic,3,0.9442706528514816,2,147,uncalibrated
0,logistic,3,0.9393109853908902,3,147,uncalibrated
0,logistic,3,0.8640328653114724,4,147,uncalibrated
0,logistic,3,0.8974269722468188,5,147,uncalibrated
0,logistic,3,0.9425947041144953,6,147,uncalibrated
0,logistic,3,0.9431243373260928,7,147,uncalibrated
0,logistic,3,0.8937657662599752,8,147,uncalibrated
0,logistic,3,0.7933143638139889,9,147,uncalibrated
0,logistic,3,0.8373560249849317,10,147,uncalibrated
0,logistic,3,0.8009409805075759,11,147,uncalibrated
0,logistic,3,0.814401879498073,12,147,uncalibrated
0,logistic,3,0.40167699453374694,13,147,uncalibrated
0,logistic,3,0.31483052219949315,14,147,uncalibrated
0,logistic,3,0.47566035041283294,15,147,uncalibrated
0,logistic,3,0.5686722154899586,1,155,uncalibrated
0,logistic,3,0.3457984831339133,2,155,uncalibrated
0,logistic,3,0.17363617755865954,3,155,uncalibrated
0,logistic,3,0.07729601881171358,4,155,uncalibrated
0,logistic,3,0.03221071603333198,5,155,uncalibrated
0,logistic,3,0.013164835790629815,6,155,uncalibrated
0,logistic,3,0.005261076309066567,7,155,uncalibrated
0,logistic,3,0.0020944615406199,8,155,uncalibrated
0,logistic,3,0.000834653492933748,9,155,uncalibrated
0,logistic,3,0.00033354398951313907,10,155,uncalibrated
0,logistic,3,0.00013264884504052992,11,155,uncalibrated
0,logistic,3,5.281679266364853e-05,12,155,uncalibrated
0,logistic,3,2.1134750672002438e-05,13,155,uncalibrated
0,logistic,3,8.443380283599275e-06,14,155,uncalibrated
0,logistic,3,3.381672617680929e-06,15,155,uncalibrated
0,logistic,3,0.5721075322178881,1,156,uncalibrated
0,logistic,3,0.3527462015752831,2,156,uncalibrated
0,logistic,3,0.3513607302887816,3,156,uncalibrated
0,logistic,3,0.7940821220084873,4,156,uncalibrated
0,logistic,3,0.9157486963603116,5,156,uncalibrated
0,logistic,3,0.8927013702333624,6,156,uncalibrated
0,logistic,3,0.6977047774752676,7,156,uncalibrated
0,logistic,3,0.594648950912562,8,156,uncalibrated
0,logistic,3,0.41957101068423475,9,156,uncalibrated
0,logistic,3,0.18798510816946476,10,156,uncalibrated
0,logistic,3,0.06989942955905211,11,156,uncalibrated
0,logistic,3,0.050301324591124665,12,156,uncalibrated
0,logistic,3,0.0179119276429965,13,156,uncalibrated
0,logistic,3,0.006307469398702034,14,156,uncalibrated
0,logistic,3,0.002257863568266336,15,156,uncalibrated
0,logistic,3,0.5706292695739665,1,160,uncalibrated
0,logistic,3,0.34597469559498434,2,160,uncalibrated
0,logistic,3,0.17388077441146996,3,160,uncalibrated
0,logistic,3,0.07728907558241796,4,160,uncalibrated
0,logistic,3,0.03235518493818626,5,160,uncalibrated
0,logistic,3,0.013270865154655356,6,160,uncalibrated
0,logistic,3,0.0053315984575387065,7,160,uncalibrated
0,logistic,3,0.002137111168823261,8,160,uncalibrated
0,logistic,3,0.000854160430940409,9,160,uncalibrated
0,logistic,3,0.0003399674860677522,10,160,uncalibrated
0,logistic,3,0.00013499354914903863,11,160,uncalibrated
0,logistic,3,5.39444151907696e-05,12,160,uncalibrated
0,logistic,3,2.1556585314961773e-05,13,160,uncalibrated
0,logistic,3,8.619874911285183e-06,14,160,uncalibrated
0,logistic,3,3.464988108243061e-06,15,160,uncalibrated
0,logistic,3,0.5735130720082208,1,164,uncalibrated
0,logistic,3,0.3503271722370889,2,164,uncalibrated
0,logistic,3,0.7857488712250574,3,164,uncalibrated
0,logistic,3,0.8098629052481289,4,164,uncalibrated
0,logistic,3,0.9142151464929317,5,164,uncalibrated
0,logistic,3,0.7621211044085913,6,164,uncalibrated
0,logistic,3,0.9063545696281435,7,164,uncalibrated
0,logistic,3,0.7674973991569274,8,164,uncalibrated
0,logistic,3,0.8270848728684125,9,164,uncalibrated
0,logistic,3,0.8786007864756188,10,164,uncalibrated
0,logistic,3,0.7417024435449293,11,164,uncalibrated
0,logistic,3,0.6588015839800636,12,164,uncalibrated
0,logistic,3,0.6575418682723454,13,164,uncalibrated
0,logistic,3,0.7612529703078805,14,164,uncalibrated
0,logistic,3,0.6758963642975463,15,164,uncalibrated
0,logistic,3,0.5685169905431688,1,169,uncalibrated
0,logistic,3,0.34317136809475646,2,169,uncalibrated
0,logistic,3,0.17211880466564042,3,169,uncalibrated
0,logistic,3,0.0761615149580431,4,169,uncalibrated
0,logistic,3,0.03179152816128907,5,169,uncalibrated
0,logistic,3,0.012852972804500446,6,169,uncalibrated
0,logistic,3,0.0051499165579976785,7,169,uncalibrated
0,logistic,3,0.0020501699739954547,8,169,uncalibrated
0,logistic,3,0.000816306031643426,9,169,uncalibrated
0,logistic,3,0.0003253048276643574,10,169,uncalibrated
0,logistic,3,0.00012974988123679506,11,169,uncalibrated
0,logistic,3,5.150173314119194e-05,12,169,uncalibrated
0,logistic,3,2.0559414617614345e-05,13,169,uncalibrated
0,logistic,3,8.199547886254136e-06,14,169,uncalibrated
0,logistic,3,3.2517231069711177e-06,15,169,uncalibrated
0,logistic,3,0.5703787930900363,1,174,uncalibrated
0,logistic,3,0.3466689428117062,2,174,uncalibrated
0,logistic,3,0.17444087430689045,3,174,uncalibrated
0,logistic,3,0.078042254082716,4,174,uncalibrated
0,logistic,3,0.032629098317098044,5,174,uncalibrated
0,logistic,3,0.013298302243551038,6,174,uncalibrated
0,logistic,3,0.005364743212155829,7,174,uncalibrated
0,logistic,3,0.002144598350398327,8,174,uncalibrated
0,logistic,3,0.0008559070200724886,9,174,uncalibrated
0,logistic,3,0.00034244137778028933,10,174,uncalibrated
0,logistic,3,0.00013711249651475596,11,174,uncalibrated
0,logistic,3,5.476723444053821e-05,12,174,uncalibrated
0,logistic,3,2.2043635496504038e-05,13,174,uncalibrated
0,logistic,3,8.76372322373738e-06,14,174,uncalibrated
0,logistic,3,3.5014419355571328e-06,15,174,uncalibrated
0,logistic,3,0.5743225065994251,1,175,uncalibrated
0,logistic,3,0.35515050620791344,2,175,uncalibrated
0,logistic,3,0.1823377169815009,3,175,uncalibrated
0,logistic,3,0.08277785135116886,4,175,uncalibrated
0,logistic,3,0.03541769422049649,5,175,uncalibrated
0,logistic,3,0.029178628796414155,6,175,uncalibrated
0,logistic,3,0.011683555073657627,7,175,uncalibrated
0,logistic,3,0.004656927352826203,8,175,uncalibrated
0,logistic,3,0.0018710595230695484,9,175,uncalibrated
0,logistic,3,0.0007537341023253556,10,175,uncalibrated
0,logistic,3,0.000302491530141856,11,175,uncalibrated
0,logistic,3,0.00012190454288471608,12,175,uncalibrated
0,logistic,3,4.9597870757497065e-05,13,175,uncalibrated
0,logistic,3,2.0253140832106533e-05,14,175,uncalibrated
0,logistic,3,8.220609863839602e-06,15,175,uncalibrated
1,logistic,3,0.5740249664165596,1,184,uncalibrated
1,logistic,3,0.9439392838625036,2,184,uncalibrated
1,logistic,3,0.9386023172776657,3,184,uncalibrated
0,logistic,3,0.8627122053617121,4,184,uncalibrated
0,logistic,3,0.9465307644295974,5,184,uncalibrated
0,logistic,3,0.8160749564554692,6,184,uncalibrated
0,logistic,3,0.5886021900075267,7,184,uncalibrated
0,logistic,3,0.6570159716830661,8,184,uncalibrated
0,logistic,3,0.6552148479825467,9,184,uncalibrated
0,logistic,3,0.6585980346465183,10,184,uncalibrated
0,logistic,3,0.5889628620613129,11,184,uncalibrated
0,logistic,3,0.49689768826274955,12,184,uncalibrated
0,logistic,3,0.22107034426093547,13,184,uncalibrated
0,logistic,3,0.0709185416483074,14,184,uncalibrated
0,logistic,3,0.046670127376062305,15,184,uncalibrated
0,logistic,3,0.5678601210153771,1,185,uncalibrated
0,logistic,3,0.3416478573161196,2,185,uncalibrated
0,logistic,3,0.17013033075574308,3,185,uncalibrated
0,logistic,3,0.07504230841119121,4,185,uncalibrated
0,logistic,3,0.031091869404483396,5,185,uncalibrated
0,logistic,3,0.012548403627669704,6,185,uncalibrated
0,logistic,3,0.005003875723333172,7,185,uncalibrated
0,logistic,3,0.0019800848794010828,8,185,uncalibrated
0,logistic,3,0.0007839316963965757,9,185,uncalibrated
0,logistic,3,0.0003104121611083469,10,185,uncalibrated
0,logistic,3,0.00012269296451389576,11,185,uncalibrated
0,logistic,3,4.848045874169059e-05,12,185,uncalibrated
0,logistic,3,1.920501747742052e-05,13,185,uncalibrated
0,logistic,3,7.583695663382518e-06,14,185,uncalibrated
0,logistic,3,3.0009106735152103e-06,15,185,uncalibrated
0,logistic,3,0.5771523649991469,1,186,uncalibrated
0,logistic,3,0.3593532146686631,2,186,uncalibrated
0,logistic,3,0.18208384585993811,3,186,uncalibrated
0,logistic,3,0.08131509228756824,4,186,uncalibrated
0,logistic,3,0.034378343511918284,5,186,uncalibrated
0,logistic,3,0.014105908335228552,6,186,uncalibrated
0,logistic,3,0.005707671251578353,7,186,uncalibrated
0,logistic,3,0.0023535197444953045,8,186,uncalibrated
0,logistic,3,0.00615819158339304,9,186,uncalibrated
0,logistic,3,0.0024164811527317555,10,186,uncalibrated
0,logistic,3,0.0009162353112437606,11,186,uncalibrated
0,logistic,3,0.00026760356691363544,12,186,uncalibrated
0,logistic,3,0.00010232477871296953,13,186,uncalibrated
0,logistic,3,3.978638513626637e-05,14,186,uncalibrated
0,logistic,3,1.585870113498426e-05,15,186,uncalibrated
0,logistic,3,0.5701640702691197,1,187,uncalibrated
0,logistic,3,0.35280177310929184,2,187,uncalibrated
0,logistic,3,0.17885139451771476,3,187,uncalibrated
0,logistic,3,0.07971865753803387,4,187,uncalibrated
0,logistic,3,0.03347064515197217,5,187,uncalibrated
0,logistic,3,0.013632598554237468,6,187,uncalibrated
0,logistic,3,0.00546805861777638,7,187,uncalibrated
0,logistic,3,0.0021837011112689794,8,187,uncalibrated
0,logistic,3,0.0008744630433624641,9,187,uncalibrated
0,logistic,3,0.0003595518523338331,10,187,uncalibrated
0,logistic,3,0.00014306390134616705,11,187,uncalibrated
0,logistic,3,5.691145551374382e-05,12,187,uncalibrated
0,logistic,3,2.2638455166112655e-05,13,187,uncalibrated
0,logistic,3,9.303554118127756e-06,14,187,uncalibrated
0,logistic,3,3.715317224174477e-06,15,187,uncalibrated
1,logistic,3,0.5771523649991469,1,189,uncalibrated
1,logistic,3,0.9452486947383063,2,189,uncalibrated
1,logistic,3,0.8337851728370798,3,189,uncalibrated
1,logistic,3,0.8285708204884796,4,189,uncalibrated
1,logistic,3,0.8510675707457832,5,189,uncalibrated
1,logistic,3,0.8865524622031907,6,189,uncalibrated
1,logistic,3,0.8714498904808623,7,189,uncalibrated
1,logistic,3,0.8352740692143401,8,189,uncalibrated
1,logistic,3,0.7815104851646353,9,189,uncalibrated
1,logistic,3,0.7288801372358703,10,189,uncalibrated
1,logistic,3,0.6735570715497023,11,189,uncalibrated
1,logistic,3,0.5966969771549171,12,189,uncalibrated
1,logistic,3,0.512402717041777,13,189,uncalibrated
1,logistic,3,0.5869053541817384,14,189,uncalibrated
1,logistic,3,0.4577220503493,15,189,uncalibrated
0,logistic,3,0.569185555582205,1,193,uncalibrated
0,logistic,3,0.3445991639183351,2,193,uncalibrated
0,logistic,3,0.17250063465580157,3,193,uncalibrated
0,logistic,3,0.07683208411824619,4,193,uncalibrated
0,logistic,3,0.03194621991608642,5,193,uncalibrated
0,logistic,3,0.012917983728325904,6,193,uncalibrated
0,logistic,3,0.005171158593413207,7,193,uncalibrated
0,logistic,3,0.0020590528923784854,8,193,uncalibrated
0,logistic,3,0.0008223633001767663,9,193,uncalibrated
0,logistic,3,0.00032989593393547764,10,193,uncalibrated
0,logistic,3,0.00013125522512406315,11,193,uncalibrated
0,logistic,3,5.213227556436952e-05,12,193,uncalibrated
0,logistic,3,2.077773137728915e-05,13,193,uncalibrated
0,logistic,3,8.28057016968678e-06,14,193,uncalibrated
0,logistic,3,3.28097851719116e-06,15,193,uncalibrated
0,logistic,3,0.5687557925677164,1,199,uncalibrated
0,logistic,3,0.3436762655394302,2,199,uncalibrated
0,logistic,3,0.17226451523239783,3,199,uncalibrated
0,logistic,3,0.07624032751376199,4,199,uncalibrated
0,logistic,3,0.03163010523383704,5,199,uncalibrated
0,logistic,3,0.012801196653427669,6,199,uncalibrated
0,logistic,3,0.005131245686687663,7,199,uncalibrated
0,logistic,3,0.0020481790810115866,8,199,uncalibrated
0,logistic,3,0.000816385442395549,9,199,uncalibrated
0,logistic,3,0.00032453008468381385,10,199,uncalibrated
0,logistic,3,0.000128956612749903,11,199,uncalibrated
0,logistic,3,5.108727169958118e-05,12,199,uncalibrated
0,logistic,3,2.028406345992944e-05,13,199,uncalibrated
0,logistic,3,8.079105192510984e-06,14,199,uncalibrated
0,logistic,3,3.206923123116526e-06,15,199,uncalibrated
0,logistic,3,0.5713804815383965,1,203,uncalibrated
0,logistic,3,0.34904310329878463,2,203,uncalibrated
0,logistic,3,0.17784560955397677,3,203,uncalibrated
0,logistic,3,0.07979725863549822,4,203,uncalibrated
0,logistic,3,0.03370924809680079,5,203,uncalibrated
0,logistic,3,0.013748941895342552,6,203,uncalibrated
0,logistic,3,0.005571734064028669,7,203,uncalibrated
0,logistic,3,0.002246091780505817,8,203,uncalibrated
0,logistic,3,0.0009052300124293616,9,203,uncalibrated
0,logistic,3,0.0003630857672128862,10,203,uncalibrated
0,logistic,3,0.00014562811014782583,11,203,uncalibrated
0,logistic,3,5.8515401832528404e-05,12,203,uncalibrated
0,logistic,3,2.350993326204189e-05,13,203,uncalibrated
0,logistic,3,9.418838956255038e-06,14,203,uncalibrated
0,logistic,3,3.7885514418917313e-06,15,203,uncalibrated
1,logistic,3,0.5771523649991469,1,204,uncalibrated
1,logistic,3,0.9445007481062899,2,204,uncalibrated
1,logistic,3,0.8172438740201702,3,204,uncalibrated
1,logistic,3,0.5639965366498823,4,204,uncalibrated
1,logistic,3,0.6954983086185497,5,204,uncalibrated
1,logistic,3,0.43993511501420035,6,204,uncalibrated
1,logistic,3,0.5996232605022617,7,204,uncalibrated
1,logistic,3,0.28694540649937134,8,204,uncalibrated
1,logistic,3,0.4091116760244845,9,204,uncalibrated
1,logistic,3,0.4736751919894481,10,204,uncalibrated
0,logistic,3,0.5601093351502141,11,204,uncalibrated
0,logistic,3,0.4071948442000191,12,204,uncalibrated
0,logistic,3,0.5230464501888831,13,204,uncalibrated
0,logistic,3,0.2927279925322314,14,204,uncalibrated
0,logistic,3,0.13342493594601107,15,204,uncalibrated
0,logistic,3,0.5703907213599249,1,217,uncalibrated
0,logistic,3,0.34610688269076706,2,217,uncalibrated
0,logistic,3,0.17430071606695594,3,217,uncalibrated
0,logistic,3,0.0777974355285971,4,217,uncalibrated
0,logistic,3,0.032602988194071696,5,217,uncalibrated
0,logistic,3,0.013300857374057696,6,217,uncalibrated
0,logistic,3,0.0053561785238674655,7,217,uncalibrated
0,logistic,3,0.00214689131680891,8,217,uncalibrated
0,logistic,3,0.000858074408483077,9,217,uncalibrated
0,logistic,3,0.0003437937874108381,10,217,uncalibrated
0,logistic,3,0.00013703243905686797,11,217,uncalibrated
0,logistic,3,5.4799233334735304e-05,12,217,uncalibrated
0,logistic,3,2.1990050262043206e-05,13,217,uncalibrated
0,logistic,3,8.794491875938196e-06,14,217,uncalibrated
0,logistic,3,3.508266235993752e-06,15,217,uncalibrated
0,logistic,3,0.5741677924077975,1,230,uncalibrated
0,logistic,3,0.3565452430691423,2,230,uncalibrated
0,logistic,3,0.18447377323627154,3,230,uncalibrated
0,logistic,3,0.08439230763022262,4,230,uncalibrated
0,logistic,3,0.03595709359818004,5,230,uncalibrated
0,logistic,3,0.014738918954902258,6,230,uncalibrated
0,logistic,3,0.006006638811873032,7,230,uncalibrated
0,logistic,3,0.002449127479472934,8,230,uncalibrated
0,logistic,3,0.0010067153840909995,9,230,uncalibrated
0,logistic,3,0.00040269745746196044,10,230,uncalibrated
0,logistic,3,0.00016150386093340352,11,230,uncalibrated
0,logistic,3,6.518637142251934e-05,12,230,uncalibrated
0,logistic,3,2.6667520855719903e-05,13,230,uncalibrated
0,logistic,3,1.0818912721128852e-05,14,230,uncalibrated
0,logistic,3,4.425407018560459e-06,15,230,uncalibrated
1,logistic,3,0.5689706870606778,1,234,uncalibrated
1,logistic,3,0.34385196497019666,2,234,uncalibrated
1,logistic,3,0.7779955643618993,3,234,uncalibrated
1,logistic,3,0.8993934434013612,4,234,uncalibrated
0,logistic,3,0.743314231822303,5,234,uncalibrated
0,logistic,3,0.5744824447303665,6,234,uncalibrated
0,logistic,3,0.3100101692694142,7,234,uncalibrated
0,logistic,3,0.13432143148744077,8,234,uncalibrated
0,logistic,3,0.22539685602809692,9,234,uncalibrated
0,logistic,3,0.09686335532604991,10,234,uncalibrated
0,logistic,3,0.036866210938068904,11,234,uncalibrated
0,logistic,3,0.010480049533699116,12,234,uncalibrated
0,logistic,3,0.003890121470619943,13,234,uncalibrated
0,logistic,3,0.0014540623552519005,14,234,uncalibrated
0,logistic,3,0.000546170183148076,15,234,uncalibrated
0,logistic,3,0.5724888115675747,1,235,uncalibrated
0,logistic,3,0.3499948765886143,2,235,uncalibrated
0,logistic,3,0.1777531011468091,3,235,uncalibrated
0,logistic,3,0.08013389752429229,4,235,uncalibrated
0,logistic,3,0.03390163046825044,5,235,uncalibrated
0,logistic,3,0.01389024685367411,6,235,uncalibrated
0,logistic,3,0.0056674800513778194,7,235,uncalibrated
0,logistic,3,0.0022910429697208133,8,235,uncalibrated
0,logistic,3,0.0009231916703091881,9,235,uncalibrated
0,logistic,3,0.0003721003634359191,10,235,uncalibrated
0,logistic,3,0.00014973928802326203,11,235,uncalibrated
0,logistic,3,6.029354158236567e-05,12,235,uncalibrated
0,logistic,3,2.422318919592062e-05,13,235,uncalibrated
0,logistic,3,9.739616570860324e-06,14,235,uncalibrated
0,logistic,3,3.915100687993213e-06,15,235,uncalibrated
0,logistic,3,0.5683259259787126,1,246,uncalibrated
0,logistic,3,0.34305068423466273,2,246,uncalibrated
0,logistic,3,0.7745633604850913,3,246,uncalibrated
0,logistic,3,0.5310140808805826,4,246,uncalibrated
0,logistic,3,0.5551275479585713,5,246,uncalibrated
0,logistic,3,0.2653732674388012,6,246,uncalibrated
0,logistic,3,0.10573835783371452,7,246,uncalibrated
0,logistic,3,0.15403936197771473,8,246,uncalibrated
0,logistic,3,0.25061238354154824,9,246,uncalibrated
0,logistic,3,0.2319162267955444,10,246,uncalibrated
0,logistic,3,0.17121559668410408,11,246,uncalibrated
0,logistic,3,0.13444750396995286,12,246,uncalibrated
0,logistic,3,0.16548402800679782,13,246,uncalibrated
0,logistic,3,0.11883215129455775,14,246,uncalibrated
0,logistic,3,0.1399228738163907,15,246,uncalibrated
0,logistic,3,0.9795076628152628,1,248,uncalibrated
0,logistic,3,0.9758514248393174,2,248,uncalibrated
0,logistic,3,0.9715617813953066,3,248,uncalibrated
0,logistic,3,0.966536275254884,4,248,uncalibrated
0,logistic,3,0.9606586399733923,5,248,uncalibrated
0,logistic,3,0.953797993588497,6,248,uncalibrated
0,logistic,3,0.9458084259797575,7,248,uncalibrated
0,logistic,3,0.9365291873421292,8,248,uncalibrated
0,logistic,3,0.9257857363863253,9,248,uncalibrated
0,logistic,3,0.9133919551501296,10,248,uncalibrated
0,logistic,3,0.899153872323745,11,248,uncalibrated
0,logistic,3,0.8828752432654131,12,248,uncalibrated
0,logistic,3,0.8643652916776694,13,248,uncalibrated
0,logistic,3,0.8434488008573191,14,248,uncalibrated
0,logistic,3,0.8199785279247249,15,248,uncalibrated
0,logistic,3,0.5685050496047108,1,255,uncalibrated
0,logistic,3,0.3445112181849373,2,255,uncalibrated
0,logistic,3,0.1726257427327642,3,255,uncalibrated
0,logistic,3,0.0767078806752459,4,255,uncalibrated
0,logistic,3,0.03191011032198258,5,255,uncalibrated
0,logistic,3,0.012879557191666828,6,255,uncalibrated
0,logistic,3,0.005185200951794752,7,255,uncalibrated
0,logistic,3,0.0021030251223635196,8,255,uncalibrated
0,logistic,3,0.0008365636424615089,9,255,uncalibrated
0,logistic,3,0.0003337388151537506,10,255,uncalibrated
0,logistic,3,0.00013292028196266044,11,255,uncalibrated
0,logistic,3,5.292487935399103e-05,12,255,uncalibrated
0,logistic,3,2.1005522486069322e-05,13,255,uncalibrated
0,logistic,3,8.37094565148755e-06,14,255,uncalibrated
0,logistic,3,3.3302155342904083e-06,15,255,uncalibrated
0,logistic,3,0.568182614206784,1,259,uncalibrated
0,logistic,3,0.34272164955954004,2,259,uncalibrated
0,logistic,3,0.1714193699560444,3,259,uncalibrated
0,logistic,3,0.07577198131576095,4,259,uncalibrated
0,logistic,3,0.031515501109521234,5,259,uncalibrated
0,logistic,3,0.012749013685494397,6,259,uncalibrated
0,logistic,3,0.005092132463991883,7,259,uncalibrated
0,logistic,3,0.0020250284830604388,8,259,uncalibrated
0,logistic,3,0.0008048727891156267,9,259,uncalibrated
0,logistic,3,0.00031898749094693465,10,259,uncalibrated
0,logistic,3,0.00012658729970135014,11,259,uncalibrated
0,logistic,3,5.0231638695409604e-05,12,259,uncalibrated
0,logistic,3,1.989874981164836e-05,13,259,uncalibrated
0,logistic,3,7.92524784808351e-06,14,259,uncalibrated
0,logistic,3,3.14784198668556e-06,15,259,uncalibrated
0,logistic,3,0.5692571726378437,1,269,uncalibrated
0,logistic,3,0.35195751623786986,2,269,uncalibrated
0,logistic,3,0.18246838632693238,3,269,uncalibrated
0,logistic,3,0.08141696866017324,4,269,uncalibrated
0,logistic,3,0.034075840291588236,5,269,uncalibrated
0,logistic,3,0.013825720024322325,6,269,uncalibrated
0,logistic,3,0.0055437545335037305,7,269,uncalibrated
0,logistic,3,0.002217798864190102,8,269,uncalibrated
0,logistic,3,0.0008813800293026438,9,269,uncalibrated
0,logistic,3,0.0003516102405789841,10,269,uncalibrated
0,logistic,3,0.00013991692323967413,11,269,uncalibrated
0,logistic,3,5.7504568712619014e-05,12,269,uncalibrated
0,logistic,3,2.283212228271271e-05,13,269,uncalibrated
0,logistic,3,9.103307126961383e-06,14,269,uncalibrated
0,logistic,3,3.6314583500915734e-06,15,269,uncalibrated
0,logistic,3,0.5708797098919838,1,280,uncalibrated
0,logistic,3,0.3456113037658291,2,280,uncalibrated
0,logistic,3,0.17325933280409303,3,280,uncalibrated
0,logistic,3,0.07697030416014135,4,280,uncalibrated
0,logistic,3,0.032077448709637496,5,280,uncalibrated
0,logistic,3,0.013038953977819524,6,280,uncalibrated
0,logistic,3,0.005258274805251864,7,280,uncalibrated
0,logistic,3,0.002090802094913812,8,280,uncalibrated
0,logistic,3,0.0008309270816014216,9,280,uncalibrated
0,logistic,3,0.000330393960750454,10,280,uncalibrated
0,logistic,3,0.0001309616891876462,11,280,uncalibrated
0,logistic,3,5.2030872471853595e-05,12,280,uncalibrated
0,logistic,3,2.080100639024109e-05,13,280,uncalibrated
0,logistic,3,8.27613752490777e-06,14,280,uncalibrated
0,logistic,3,3.3008424331686264e-06,15,280,uncalibrated
0,logistic,3,0.5742868046150101,1,292,uncalibrated
0,logistic,3,0.6195027183281179,2,292,uncalibrated
0,logistic,3,0.5713143664192958,3,292,uncalibrated
0,logistic,3,0.6922864995988047,4,292,uncalibrated
0,logistic,3,0.6164966116890546,5,292,uncalibrated
0,logistic,3,0.5297555844197122,6,292,uncalibrated
0,logistic,3,0.4384457528896282,7,292,uncalibrated
0,logistic,3,0.34954459274955874,8,292,uncalibrated
0,logistic,3,0.26909215096002415,9,292,uncalibrated
0,logistic,3,0.20090282722351455,10,292,uncalibrated
0,logistic,3,0.6565400960332576,11,292,uncalibrated
0,logistic,3,0.6074676753391112,12,292,uncalibrated
0,logistic,3,0.5143070013852501,13,292,uncalibrated
0,logistic,3,0.41962175565979665,14,292,uncalibrated
0,logistic,3,0.3301286927961011,15,292,uncalibrated
1,logistic,3,0.5708797098919838,1,294,uncalibrated
1,logistic,3,0.9435697868018589,2,294,uncalibrated
0,logistic,3,0.8293055370442298,3,294,uncalibrated
0,logistic,3,0.6091678377699092,4,294,uncalibrated
0,logistic,3,0.33235137741713744,5,294,uncalibrated
0,logistic,3,0.14513399631897334,6,294,uncalibrated
0,logistic,3,0.11790765856122684,7,294,uncalibrated
0,logistic,3,0.04565457067924291,8,294,uncalibrated
0,logistic,3,0.017033776543335277,9,294,uncalibrated
0,logistic,3,0.006416360090603445,10,294,uncalibrated
0,logistic,3,0.002427710480600582,11,294,uncalibrated
0,logistic,3,0.0009313383285047801,12,294,uncalibrated
0,logistic,3,0.0010061015514685177,13,294,uncalibrated
0,logistic,3,0.00040573455799585817,14,294,uncalibrated
0,logistic,3,0.0003344418737269152,15,294,uncalibrated
0,logistic,3,0.5681467844791501,1,300,uncalibrated
0,logistic,3,0.3425791147804325,2,300,uncalibrated
0,logistic,3,0.17122586680336804,3,300,uncalibrated
0,logistic,3,0.07570042489651095,4,300,uncalibrated
0,logistic,3,0.03140870232586767,5,300,uncalibrated
0,logistic,3,0.012683622976384357,6,300,uncalibrated
0,logistic,3,0.0050498906560417795,7,300,uncalibrated
0,logistic,3,0.002001263843446319,8,300,uncalibrated
0,logistic,3,0.0008234039007013735,9,300,uncalibrated
0,logistic,3,0.0003258276349706887,10,300,uncalibrated
0,logistic,3,0.0001290131136144087,11,300,uncalibrated
0,logistic,3,5.105246999928895e-05,12,300,uncalibrated
0,logistic,3,2.021900219072783e-05,13,300,uncalibrated
0,logistic,3,7.998496620612574e-06,14,300,uncalibrated
0,logistic,3,3.162894318511214e-06,15,300,uncalibrated
0,logistic,3,0.5707962338120064,1,301,uncalibrated
0,logistic,3,0.347032856953308,2,301,uncalibrated
0,logistic,3,0.17553716013886306,3,301,uncalibrated
0,logistic,3,0.07919527187770536,4,301,uncalibrated
0,logistic,3,0.03319615808419904,5,301,uncalibrated
0,logistic,3,0.10613849948787056,6,301,uncalibrated
0,logistic,3,0.04316332356666804,7,301,uncalibrated
0,logistic,3,0.048325587287053544,8,301,uncalibrated
0,logistic,3,0.015177986172217328,9,301,uncalibrated
0,logistic,3,0.005500120850064239,10,301,uncalibrated
0,logistic,3,0.00428070468044522,11,301,uncalibrated
0,logistic,3,0.00459724918768445,12,301,uncalibrated
0,logistic,3,0.0017838559662348805,13,301,uncalibrated
0,logistic,3,0.0012794570516213744,14,301,uncalibrated
0,logistic,3,0.0009599117380011612,15,301,uncalibrated
1,logistic,3,0.5718095981010389,1,302,uncalibrated
1,logistic,3,0.9429130669125043,2,302,uncalibrated
1,logistic,3,0.9373506565749676,3,302,uncalibrated
1,logistic,3,0.9453655174055092,4,302,uncalibrated
1,logistic,3,0.9315472008371848,5,302,uncalibrated
1,logistic,3,0.9103154395707892,6,302,uncalibrated
1,logistic,3,0.8801162665333406,7,302,uncalibrated
1,logistic,3,0.8375164934053438,8,302,uncalibrated
1,logistic,3,0.8025515777481204,9,302,uncalibrated
1,logistic,3,0.8413055572703342,10,302,uncalibrated
1,logistic,3,0.7818852610387366,11,302,uncalibrated
1,logistic,3,0.7237668167876509,12,302,uncalibrated
1,logistic,3,0.8112960254268704,13,302,uncalibrated
0,logistic,3,0.8098732877257075,14,302,uncalibrated
0,logistic,3,0.8133124719585482,15,302,uncalibrated
0,logistic,3,0.5763205704753507,1,304,uncalibrated
0,logistic,3,0.3558085171033285,2,304,uncalibrated
0,logistic,3,0.3544176041084187,3,304,uncalibrated
0,logistic,3,0.16934829022203587,4,304,uncalibrated
0,logistic,3,0.07232960408261296,5,304,uncalibrated
0,logistic,3,0.029567209527890544,6,304,uncalibrated
0,logistic,3,0.0119604825312122,7,304,uncalibrated
0,logistic,3,0.004782685616725761,8,304,uncalibrated
0,logistic,3,0.003614875416384216,9,304,uncalibrated
0,logistic,3,0.0014321727332669944,10,304,uncalibrated
0,logistic,3,0.0005757952479150927,11,304,uncalibrated
0,logistic,3,0.0002310666329624522,12,304,uncalibrated
0,logistic,3,9.236910520231817e-05,13,304,uncalibrated
0,logistic,3,3.7128510243805304e-05,14,304,uncalibrated
0,logistic,3,1.4897529582510414e-05,15,304,uncalibrated
0,logistic,3,0.571058573622898,1,307,uncalibrated
0,logistic,3,0.34814776492942634,2,307,uncalibrated
0,logistic,3,0.17624982255686508,3,307,uncalibrated
0,logistic,3,0.5145941584614068,4,307,uncalibrated
0,logistic,3,0.274822213070006,5,307,uncalibrated
0,logistic,3,0.11422935965144891,6,307,uncalibrated
0,logistic,3,0.03358146988287291,7,307,uncalibrated
0,logistic,3,0.012528709933937423,8,307,uncalibrated
0,logistic,3,0.004697248224237389,9,307,uncalibrated
0,logistic,3,0.0017665374671891898,10,307,uncalibrated
0,logistic,3,0.000671945699103553,11,307,uncalibrated
0,logistic,3,0.00025646020647157304,12,307,uncalibrated
0,logistic,3,9.888275878819587e-05,13,307,uncalibrated
0,logistic,3,3.835076822874979e-05,14,307,uncalibrated
0,logistic,3,1.5013604747836042e-05,15,307,uncalibrated
1,logistic,3,0.5709870303551695,1,309,uncalibrated
1,logistic,3,0.9428973435415248,2,309,uncalibrated
1,logistic,3,0.936992383303402,3,309,uncalibrated
1,logistic,3,0.9447513431804639,4,309,uncalibrated
0,logistic,3,0.8666333321539391,5,309,uncalibrated
0,logistic,3,0.9443420312352878,6,309,uncalibrated
0,logistic,3,0.8242966889521817,7,309,uncalibrated
0,logistic,3,0.8264631176961901,8,309,uncalibrated
0,logistic,3,0.8236518784804101,9,309,uncalibrated
0,logistic,3,0.6284287040697691,10,309,uncalibrated
0,logistic,3,0.673591562460034,11,309,uncalibrated
0,logistic,3,0.8051121995530423,12,309,uncalibrated
0,logistic,3,0.7969265698423461,13,309,uncalibrated
0,logistic,3,0.7802583531571801,14,309,uncalibrated
0,logistic,3,0.5746869988079596,15,309,uncalibrated
0,logistic,3,0.5752385913186314,1,311,uncalibrated
0,logistic,3,0.35327985255092564,2,311,uncalibrated
0,logistic,3,0.1819533906026355,3,311,uncalibrated
0,logistic,3,0.08274828906805431,4,311,uncalibrated
0,logistic,3,0.03513111995679066,5,311,uncalibrated
0,logistic,3,0.01443179433281249,6,311,uncalibrated
0,logistic,3,0.005886082441831121,7,311,uncalibrated
0,logistic,3,0.0023732604916131255,8,311,uncalibrated
0,logistic,3,0.0009627150520006906,9,311,uncalibrated
0,logistic,3,0.002389319104451565,10,311,uncalibrated
0,logistic,3,0.0009588125165684493,11,311,uncalibrated
0,logistic,3,0.0010216425606901862,12,311,uncalibrated
0,logistic,3,0.0003245255795886798,13,311,uncalibrated
0,logistic,3,0.00012297994099272344,14,311,uncalibrated
0,logistic,3,3.5714143930218835e-05,15,311,uncalibrated
0,logistic,3,0.5719287780085301,1,317,uncalibrated
0,logistic,3,0.34879981927263204,2,317,uncalibrated
0,logistic,3,0.17763218553013796,3,317,uncalibrated
0,logistic,3,0.5171106908573536,4,317,uncalibrated
0,logistic,3,0.2782697355613992,5,317,uncalibrated
0,logistic,3,0.473718012740374,6,317,uncalibrated
0,logistic,3,0.19646018802909898,7,317,uncalibrated
0,logistic,3,0.07795706917597818,8,317,uncalibrated
0,logistic,3,0.022838227033359925,9,317,uncalibrated
0,logistic,3,0.01724051914618683,10,317,uncalibrated
0,logistic,3,0.006282336290530315,11,317,uncalibrated
0,logistic,3,0.0023004218458567466,12,317,uncalibrated
0,logistic,3,0.002345867443737805,13,317,uncalibrated
0,logistic,3,0.0024718957224801703,14,317,uncalibrated
0,logistic,3,0.004608272417640237,15,317,uncalibrated
0,logistic,3,0.5716308126210352,1,318,uncalibrated
0,logistic,3,0.3472203977094151,2,318,uncalibrated
0,logistic,3,0.17570629995902518,3,318,uncalibrated
0,logistic,3,0.07828777764743525,4,318,uncalibrated
0,logistic,3,0.033728280178509484,5,318,uncalibrated
0,logistic,3,0.014141832077527339,6,318,uncalibrated
0,logistic,3,0.00573342011163725,7,318,uncalibrated
0,logistic,3,0.0023042100998934374,8,318,uncalibrated
0,logistic,3,0.0009211286989049589,9,318,uncalibrated
0,logistic,3,0.0003787497267722914,10,318,uncalibrated
0,logistic,3,0.0001518973222934184,11,318,uncalibrated
0,logistic,3,6.124002040761343e-05,12,318,uncalibrated
0,logistic,3,2.5167918716503092e-05,13,318,uncalibrated
0,logistic,3,1.0047814587862726e-05,14,318,uncalibrated
0,logistic,3,4.040759768329412e-06,15,318,uncalibrated
0,logistic,3,0.5691497459688226,1,319,uncalibrated
0,logistic,3,0.3439617988209755,2,319,uncalibrated
0,logistic,3,0.17218817847075735,3,319,uncalibrated
0,logistic,3,0.07650472308891126,4,319,uncalibrated
0,logistic,3,0.031830508074198835,5,319,uncalibrated
0,logistic,3,0.012856061227602937,6,319,uncalibrated
0,logistic,3,0.005141942067342392,7,319,uncalibrated
0,logistic,3,0.00204907474398387,8,319,uncalibrated
0,logistic,3,0.0008156313517916845,9,319,uncalibrated
0,logistic,3,0.00032514656683318494,10,319,uncalibrated
0,logistic,3,0.00012927711176727706,11,319,uncalibrated
0,logistic,3,5.140656066428379e-05,12,319,uncalibrated
0,logistic,3,2.036320634177744e-05,13,319,uncalibrated
0,logistic,3,8.10155264733361e-06,14,319,uncalibrated
0,logistic,3,3.218495729091527e-06,15,319,uncalibrated
0,logistic,3,0.5688871200619147,1,321,uncalibrated
0,logistic,3,0.3437311670180032,2,321,uncalibrated
0,logistic,3,0.17220899493019665,3,321,uncalibrated
0,logistic,3,0.07666996635899508,4,321,uncalibrated
0,logistic,3,0.03191762989771251,5,321,uncalibrated
0,logistic,3,0.012907436175299191,6,321,uncalibrated
0,logistic,3,0.0051604017511542345,7,321,uncalibrated
0,logistic,3,0.002051166144581936,8,321,uncalibrated
0,logistic,3,0.0008177366067716773,9,321,uncalibrated
0,logistic,3,0.0003251623894520851,10,321,uncalibrated
0,logistic,3,0.0001287057969838113,11,321,uncalibrated
0,logistic,3,5.10201753620021e-05,12,321,uncalibrated
0,logistic,3,2.019244640148625e-05,13,321,uncalibrated
0,logistic,3,8.033223506274648e-06,14,321,uncalibrated
0,logistic,3,3.1899527308604955e-06,15,321,uncalibrated
0,logistic,3,0.5763562277197214,1,327,uncalibrated
0,logistic,3,0.6214972086464385,2,327,uncalibrated
0,logistic,3,0.9447635588708723,3,327,uncalibrated
0,logistic,3,0.9497564368684528,4,327,uncalibrated
0,logistic,3,0.9501776233711203,5,327,uncalibrated
0,logistic,3,0.9352513800107614,6,327,uncalibrated
0,logistic,3,0.9136578740223923,7,327,uncalibrated
0,logistic,3,0.8836206306752616,8,327,uncalibrated
0,logistic,3,0.8430817219872722,9,327,uncalibrated
0,logistic,3,0.7901446461714048,10,327,uncalibrated
0,logistic,3,0.7122375404023773,11,327,uncalibrated
0,logistic,3,0.6602030147949628,12,327,uncalibrated
0,logistic,3,0.5743684730076959,13,327,uncalibrated
0,logistic,3,0.4827389077642685,14,327,uncalibrated
0,logistic,3,0.391442122306417,15,327,uncalibrated
0,logistic,3,0.5692094282558217,1,341,uncalibrated
0,logistic,3,0.34450022571697253,2,341,uncalibrated
0,logistic,3,0.17348257011771964,3,341,uncalibrated
0,logistic,3,0.07707065617382584,4,341,uncalibrated
0,logistic,3,0.0322881953266888,5,341,uncalibrated
0,logistic,3,0.013117490204168119,6,341,uncalibrated
0,logistic,3,0.005285588901522071,7,341,uncalibrated
0,logistic,3,0.002109675675057522,8,341,uncalibrated
0,logistic,3,0.0008383966018680046,9,341,uncalibrated
0,logistic,3,0.0003342914391421048,10,341,uncalibrated
0,logistic,3,0.00013412905106898097,11,341,uncalibrated
0,logistic,3,0.0003117647448378979,12,341,uncalibrated
0,logistic,3,0.00012360223422734753,13,341,uncalibrated
0,logistic,3,4.736811308108323e-05,14,341,uncalibrated
0,logistic,3,1.3976158932909625e-05,15,341,uncalibrated
0,logistic,3,0.5696510145786355,1,344,uncalibrated
0,logistic,3,0.34568837183430484,2,344,uncalibrated
0,logistic,3,0.1739716939310276,3,344,uncalibrated
0,logistic,3,0.07754287398373735,4,344,uncalibrated
0,logistic,3,0.0325125272451956,5,344,uncalibrated
0,logistic,3,0.013223143357166171,6,344,uncalibrated
0,logistic,3,0.005317161750231215,7,344,uncalibrated
0,logistic,3,0.0021288226658006323,8,344,uncalibrated
0,logistic,3,0.0008432631208274337,9,344,uncalibrated
0,logistic,3,0.0003369043289497213,10,344,uncalibrated
0,logistic,3,0.00013441660028323373,11,344,uncalibrated
0,logistic,3,5.361980309192306e-05,12,344,uncalibrated
0,logistic,3,2.143207932797604e-05,13,344,uncalibrated
0,logistic,3,8.560498308349361e-06,14,344,uncalibrated
0,logistic,3,3.411266805000443e-06,15,344,uncalibrated
1,logistic,3,0.5706411961244588,1,357,uncalibrated
1,logistic,3,0.942560940993771,2,357,uncalibrated
1,logistic,3,0.9368715751364984,3,357,uncalibrated
1,logistic,3,0.8504604523215007,4,357,uncalibrated
1,logistic,3,0.795996163676152,5,357,uncalibrated
1,logistic,3,0.7614537881590543,6,357,uncalibrated
1,logistic,3,0.8646966063612993,7,357,uncalibrated
1,logistic,3,0.7921801862648703,8,357,uncalibrated
1,logistic,3,0.715439342791552,9,357,uncalibrated
1,logistic,3,0.42080716836256854,10,357,uncalibrated
1,logistic,3,0.4670831683402804,11,357,uncalibrated
1,logistic,3,0.3679646792288209,12,357,uncalibrated
0,logistic,3,0.6380714067356125,13,357,uncalibrated
0,logistic,3,0.47673867211394894,14,357,uncalibrated
0,logistic,3,0.19582529031048004,15,357,uncalibrated
0,logistic,3,0.5731201158995624,1,361,uncalibrated
0,logistic,3,0.3515912185600631,2,361,uncalibrated
0,logistic,3,0.1799406223917384,3,361,uncalibrated
0,logistic,3,0.08182563830463892,4,361,uncalibrated
0,logistic,3,0.03463132142851864,5,361,uncalibrated
0,logistic,3,0.014259037077275601,6,361,uncalibrated
0,logistic,3,0.005816707661913932,7,361,uncalibrated
0,logistic,3,0.0023551204067918706,8,361,uncalibrated
0,logistic,3,0.0062087452345945164,9,361,uncalibrated
0,logistic,3,0.005632449570752004,10,361,uncalibrated
0,logistic,3,0.002127498889400404,11,361,uncalibrated
0,logistic,3,0.0005364178587616794,12,361,uncalibrated
0,logistic,3,0.00020420490978527472,13,361,uncalibrated
0,logistic,3,0.0001482458192867931,14,361,uncalibrated
0,logistic,3,5.682887798073661e-05,15,361,uncalibrated
0,logistic,3,0.5687796710137225,1,363,uncalibrated
0,logistic,3,0.3434676780299439,2,363,uncalibrated
0,logistic,3,0.17313386162942618,3,363,uncalibrated
0,logistic,3,0.07664584801452158,4,363,uncalibrated
0,logistic,3,0.03188455657691597,5,363,uncalibrated
0,logistic,3,0.012836307969206536,6,363,uncalibrated
0,logistic,3,0.0051180922277050496,7,363,uncalibrated
0,logistic,3,0.0020311368511522886,8,363,uncalibrated
0,logistic,3,0.0008128591237901791,9,363,uncalibrated
0,logistic,3,0.00032093372951908205,10,363,uncalibrated
0,logistic,3,0.00012708115609998038,11,363,uncalibrated
0,logistic,3,5.019986327136453e-05,12,363,uncalibrated
0,logistic,3,1.9880354811151294e-05,13,363,uncalibrated
0,logistic,3,7.847320237810273e-06,14,363,uncalibrated
0,logistic,3,1.6069030187627383e-05,15,363,uncalibrated
0,logistic,3,0.5701044203520698,1,370,uncalibrated
0,logistic,3,0.34557827707554434,2,370,uncalibrated
0,logistic,3,0.17456709270981,3,370,uncalibrated
0,logistic,3,0.07760557162626767,4,370,uncalibrated
0,logistic,3,0.032384153782737346,5,370,uncalibrated
0,logistic,3,0.013065290253221205,6,370,uncalibrated
0,logistic,3,0.005227302901437201,7,370,uncalibrated
0,logistic,3,0.002086135420097837,8,370,uncalibrated
0,logistic,3,0.0008309270816014216,9,370,uncalibrated
0,logistic,3,0.00032906221877019567,10,370,uncalibrated
0,logistic,3,0.0001298446423732892,11,370,uncalibrated
0,logistic,3,5.174547307247423e-05,12,370,uncalibrated
0,logistic,3,2.0661746371194986e-05,13,370,uncalibrated
0,logistic,3,8.222730233688166e-06,14,370,uncalibrated
0,logistic,3,3.2872131191867897e-06,15,370,uncalibrated
1,logistic,3,0.5734297254204704,1,372,uncalibrated
1,logistic,3,0.9438000216902023,2,372,uncalibrated
1,logistic,3,0.9395077053273269,3,372,uncalibrated
1,logistic,3,0.9482025139576751,4,372,uncalibrated
0,logistic,3,0.8730094615517441,5,372,uncalibrated
0,logistic,3,0.8988556340175696,6,372,uncalibrated
0,logistic,3,0.8720537490334438,7,372,uncalibrated
0,logistic,3,0.9284241146884551,8,372,uncalibrated
1,logistic,3,0.911380177063974,9,372,uncalibrated
1,logistic,3,0.7915084307060662,10,372,uncalibrated
1,logistic,3,0.8198973288150891,11,372,uncalibrated
0,logistic,3,0.8668637687541598,12,372,uncalibrated
0,logistic,3,0.7250157088604491,13,372,uncalibrated
0,logistic,3,0.6158652999970989,14,372,uncalibrated
0,logistic,3,0.5901405675928877,15,372,uncalibrated
0,logistic,3,0.5705815625520414,1,375,uncalibrated
0,logistic,3,0.3473638432320854,2,375,uncalibrated
0,logistic,3,0.17608733336612445,3,375,uncalibrated
0,logistic,3,0.07863269813719308,4,375,uncalibrated
0,logistic,3,0.03297347796462896,5,375,uncalibrated
0,logistic,3,0.013609054588591544,6,375,uncalibrated
0,logistic,3,0.0055266058541355014,7,375,uncalibrated
0,logistic,3,0.0022159684144441617,8,375,uncalibrated
0,logistic,3,0.005839560996176965,9,375,uncalibrated
0,logistic,3,0.0023065219441557247,10,375,uncalibrated
0,logistic,3,0.0008821294099301558,11,375,uncalibrated
0,logistic,3,0.000256235652463787,12,375,uncalibrated
0,logistic,3,9.913817213815895e-05,13,375,uncalibrated
0,logistic,3,3.851726978615964e-05,14,375,uncalibrated
0,logistic,3,1.501872133472351e-05,15,375,uncalibrated
1,logistic,3,0.5732034779563637,1,380,uncalibrated
1,logistic,3,0.3507593737538246,2,380,uncalibrated
1,logistic,3,0.7867632699535207,3,380,uncalibrated
1,logistic,3,0.9062868720179375,4,380,uncalibrated
1,logistic,3,0.9097297759646847,5,380,uncalibrated
1,logistic,3,0.8944813833149132,6,380,uncalibrated
0,logistic,3,0.8678503487764654,7,380,uncalibrated
0,logistic,3,0.7020091268489544,8,380,uncalibrated
0,logistic,3,0.7512806839599716,9,380,uncalibrated
0,logistic,3,0.5118790981346498,10,380,uncalibrated
0,logistic,3,0.4672397080905983,11,380,uncalibrated
0,logistic,3,0.3880793426722088,12,380,uncalibrated
0,logistic,3,0.42527411488463945,13,380,uncalibrated
0,logistic,3,0.14583865954056954,14,380,uncalibrated
0,logistic,3,0.10365429759237844,15,380,uncalibrated
0,logistic,3,0.5670476616296531,1,384,uncalibrated
0,logistic,3,0.3407724936243736,2,384,uncalibrated
0,logistic,3,0.16930720632868576,3,384,uncalibrated
0,logistic,3,0.0744699345362108,4,384,uncalibrated
0,logistic,3,0.030762161910969074,5,384,uncalibrated
0,logistic,3,0.01236398090932162,6,384,uncalibrated
0,logistic,3,0.004911903946259419,7,384,uncalibrated
0,logistic,3,0.001946606093672995,8,384,uncalibrated
0,logistic,3,0.0007678552909629221,9,384,uncalibrated
0,logistic,3,0.0003026263892749848,10,384,uncalibrated
0,logistic,3,0.00011928362308936913,11,384,uncalibrated
0,logistic,3,4.702550114249831e-05,12,384,uncalibrated
0,logistic,3,1.8530057671344656e-05,13,384,uncalibrated
0,logistic,3,7.3071976559130225e-06,14,384,uncalibrated
0,logistic,3,2.8795592661381402e-06,15,384,uncalibrated
0,logistic,3,0.5687796710137225,1,399,uncalibrated
0,logistic,3,0.34337986977241847,2,399,uncalibrated
0,logistic,3,0.17132259670836553,3,399,uncalibrated
0,logistic,3,0.07591186569158259,4,399,uncalibrated
0,logistic,3,0.03161668916808739,5,399,uncalibrated
0,logistic,3,0.012777841790754184,6,399,uncalibrated
0,logistic,3,0.00510719786248984,7,399,uncalibrated
0,logistic,3,0.002036175257815297,8,399,uncalibrated
0,logistic,3,0.0008071465649116849,9,399,uncalibrated
0,logistic,3,0.00031974900645699366,10,399,uncalibrated
0,logistic,3,0.0001266489266549779,11,399,uncalibrated
0,logistic,3,5.030994083511829e-05,12,399,uncalibrated
0,logistic,3,1.9920070550512652e-05,13,399,uncalibrated
0,logistic,3,7.905597489049347e-06,14,399,uncalibrated
0,logistic,3,3.126006302590895e-06,15,399,uncalibrated
0,logistic,3,0.5667249671833029,1,411,uncalibrated
0,logistic,3,0.3398436085271955,2,411,uncalibrated
0,logistic,3,0.1688763368306987,3,411,uncalibrated
0,logistic,3,0.0741651982328988,4,411,uncalibrated
0,logistic,3,0.0305596190835278,5,411,uncalibrated
0,logistic,3,0.012260979841253159,6,411,uncalibrated
0,logistic,3,0.0048791791648197845,7,411,uncalibrated
0,logistic,3,0.0019327534652613008,8,411,uncalibrated
0,logistic,3,0.0007646500051294856,9,411,uncalibrated
0,logistic,3,0.00030118660826059304,10,411,uncalibrated
0,logistic,3,0.00011862359933169643,11,411,uncalibrated
0,logistic,3,4.682905989312632e-05,12,411,uncalibrated
0,logistic,3,1.843918090911139e-05,13,411,uncalibrated
0,logistic,3,7.27454689630615e-06,14,411,uncalibrated
0,logistic,3,2.874797432527915e-06,15,411,uncalibrated
0,logistic,3,0.5686483356062577,1,413,uncalibrated
0,logistic,3,0.3440606635537235,2,413,uncalibrated
0,logistic,3,0.1773337293119782,3,413,uncalibrated
0,logistic,3,0.07894006717603945,4,413,uncalibrated
0,logistic,3,0.03306517760383896,5,413,uncalibrated
0,logistic,3,0.013418273958843466,6,413,uncalibrated
0,logistic,3,0.00535514130439584,7,413,uncalibrated
0,logistic,3,0.0021299604300828324,8,413,uncalibrated
0,logistic,3,0.0008430580783522365,9,413,uncalibrated
0,logistic,3,0.0003337550557579385,10,413,uncalibrated
0,logistic,3,0.00013198552218866011,11,413,uncalibrated
0,logistic,3,5.227711650607722e-05,12,413,uncalibrated
0,logistic,3,2.0696977451171187e-05,13,413,uncalibrated
0,logistic,3,8.199947027657267e-06,14,413,uncalibrated
0,logistic,3,3.2450818936774306e-06,15,413,uncalibrated
1,logistic,3,0.9795076628152628,1,419,uncalibrated
1,logistic,3,0.9758514248393174,2,419,uncalibrated
1,logistic,3,0.9715617813953066,3,419,uncalibrated
0,logistic,3,0.8111582802778504,4,419,uncalibrated
0,logistic,3,0.5822802663794056,5,419,uncalibrated
0,logistic,3,0.49415025460669043,6,419,uncalibrated
0,logistic,3,0.6060828599635719,7,419,uncalibrated
0,logistic,3,0.918322988654375,8,419,uncalibrated
0,logistic,3,0.9023181583965489,9,419,uncalibrated
0,logistic,3,0.8520686655557965,10,419,uncalibrated
0,logistic,3,0.8343556182196026,11,419,uncalibrated
0,logistic,3,0.7771129146618111,12,419,uncalibrated
0,logistic,3,0.7061900313979412,13,419,uncalibrated
0,logistic,3,0.6228779540608267,14,419,uncalibrated
0,logistic,3,0.17472961188382513,15,419,uncalibrated
0,logistic,3,0.5720002819480507,1,433,uncalibrated
0,logistic,3,0.34950777299670094,2,433,uncalibrated
0,logistic,3,0.177553980381762,3,433,uncalibrated
0,logistic,3,0.07997616077705538,4,433,uncalibrated
0,logistic,3,0.03367755099119404,5,433,uncalibrated
0,logistic,3,0.013819084602786833,6,433,uncalibrated
0,logistic,3,0.005596060431159435,7,433,uncalibrated
0,logistic,3,0.0022558216644757915,8,433,uncalibrated
0,logistic,3,0.000907831190999327,9,433,uncalibrated
0,logistic,3,0.00036496338568597664,10,433,uncalibrated
0,logistic,3,0.00014709554117072865,11,433,uncalibrated
0,logistic,3,5.916553431808754e-05,12,433,uncalibrated
0,logistic,3,2.3773462767914464e-05,13,433,uncalibrated
0,logistic,3,9.578817450495434e-06,14,433,uncalibrated
0,logistic,3,3.832697963184045e-06,15,433,uncalibrated
0,logistic,3,0.5717857611192508,1,434,uncalibrated
0,logistic,3,0.349552042182076,2,434,uncalibrated
0,logistic,3,0.17758952482915663,3,434,uncalibrated
0,logistic,3,0.07962942395196639,4,434,uncalibrated
0,logistic,3,0.03366963121062201,5,434,uncalibrated
0,logistic,3,0.013823729068080458,6,434,uncalibrated
0,logistic,3,0.005612608321988688,7,434,uncalibrated
0,logistic,3,0.0022474012287124613,8,434,uncalibrated
0,logistic,3,0.005966960750447363,9,434,uncalibrated
0,logistic,3,0.0023608056447403016,10,434,uncalibrated
0,logistic,3,0.0009007714041587022,11,434,uncalibrated
0,logistic,3,0.0014294092319593412,12,434,uncalibrated
0,logistic,3,0.0005523713686976694,13,434,uncalibrated
0,logistic,3,0.000561644817974761,14,434,uncalibrated
0,logistic,3,0.00017037440624948,15,434,uncalibrated
0,logistic,3,0.5768434635479383,1,436,uncalibrated
0,logistic,3,0.6219665799669128,2,436,uncalibrated
0,logistic,3,0.5738756308628403,3,436,uncalibrated
0,logistic,3,0.31104760467958614,4,436,uncalibrated
0,logistic,3,0.2548124835210252,5,436,uncalibrated
0,logistic,3,0.7044735083211076,6,436,uncalibrated
0,logistic,3,0.7472396683650359,7,436,uncalibrated
0,logistic,3,0.679609588256835,8,436,uncalibrated
0,logistic,3,0.6001630231669561,9,436,uncalibrated
0,logistic,3,0.5126480993712587,10,436,uncalibrated
0,logistic,3,0.4487337443301171,11,436,uncalibrated
0,logistic,3,0.40652279600961105,12,436,uncalibrated
0,logistic,3,0.3223788980788965,13,436,uncalibrated
0,logistic,3,0.05976899501392876,14,436,uncalibrated
0,logistic,3,0.018943565767885154,15,436,uncalibrated
0,logistic,3,0.5701282805632549,1,452,uncalibrated
0,logistic,3,0.34622807507495224,2,452,uncalibrated
0,logistic,3,0.17456709270981,3,452,uncalibrated
0,logistic,3,0.07774855627671859,4,452,uncalibrated
0,logistic,3,0.03255389448704487,5,452,uncalibrated
0,logistic,3,0.013237124176349306,6,452,uncalibrated
0,logistic,3,0.005341934254642104,7,452,uncalibrated
0,logistic,3,0.0021384610888310605,8,452,uncalibrated
0,logistic,3,0.0008561568239310481,9,452,uncalibrated
0,logistic,3,0.00034155934747863475,10,452,uncalibrated
0,logistic,3,0.0001363140218610241,11,452,uncalibrated
0,logistic,3,5.440323534979814e-05,12,452,uncalibrated
0,logistic,3,2.1708215580990423e-05,13,452,uncalibrated
0,logistic,3,8.663623109523531e-06,14,452,uncalibrated
0,logistic,3,3.457238106445869e-06,15,452,uncalibrated
0,logistic,3,0.5743106060240445,1,459,uncalibrated
0,logistic,3,0.35435938828905544,2,459,uncalibrated
0,logistic,3,0.3529710362229327,3,459,uncalibrated
0,logistic,3,0.16697870253724026,4,459,uncalibrated
0,logistic,3,0.5201994714572342,5,459,uncalibrated
0,logistic,3,0.24758810369314632,6,459,uncalibrated
0,logistic,3,0.0988425415107644,7,459,uncalibrated
0,logistic,3,0.028652613778125894,8,459,uncalibrated
0,logistic,3,0.010548853255520612,9,459,uncalibrated
0,logistic,3,0.003926354767188782,10,459,uncalibrated
0,logistic,3,0.0014776621117506413,11,459,uncalibrated
0,logistic,3,0.0005635440317533115,12,459,uncalibrated
0,logistic,3,0.00021703433604657938,13,459,uncalibrated
0,logistic,3,8.457002058297563e-05,14,459,uncalibrated
0,logistic,3,3.313164404549337e-05,15,459,uncalibrated
0,logistic,3,0.5702833639897692,1,460,uncalibrated
0,logistic,3,0.9420236092126678,2,460,uncalibrated
0,logistic,3,0.8069583901277161,3,460,uncalibrated
0,logistic,3,0.541424478694279,4,460,uncalibrated
0,logistic,3,0.6735132345680447,5,460,uncalibrated
0,logistic,3,0.41193692440980684,6,460,uncalibrated
0,logistic,3,0.4178572143778332,7,460,uncalibrated
0,logistic,3,0.5220833467098982,8,460,uncalibrated
0,logistic,3,0.6462773796131916,9,460,uncalibrated
0,logistic,3,0.6007652618479582,10,460,uncalibrated
0,logistic,3,0.800011239741457,11,460,uncalibrated
0,logistic,3,0.5870253962710535,12,460,uncalibrated
0,logistic,3,0.657588520245392,13,460,uncalibrated
0,logistic,3,0.5829684990769318,14,460,uncalibrated
0,logistic,3,0.5657196151727986,15,460,uncalibrated
0,logistic,3,0.5696987470172726,1,462,uncalibrated
0,logistic,3,0.34511605992488315,2,462,uncalibrated
0,logistic,3,0.17351049075520616,3,462,uncalibrated
0,logistic,3,0.07744195869816645,4,462,uncalibrated
0,logistic,3,0.032446750938546945,5,462,uncalibrated
0,logistic,3,0.10359801457777171,6,462,uncalibrated
0,logistic,3,0.1232748442665924,7,462,uncalibrated
0,logistic,3,0.14327847523114368,8,462,uncalibrated
0,logistic,3,0.04658369761372,9,462,uncalibrated
0,logistic,3,0.030422170285061435,10,462,uncalibrated
0,logistic,3,0.007308143375354885,11,462,uncalibrated
0,logistic,3,0.002575040306382265,12,462,uncalibrated
0,logistic,3,0.0009275330528511025,13,462,uncalibrated
0,logistic,3,0.0006648288786741755,14,462,uncalibrated
0,logistic,3,0.0007537313557534538,15,462,uncalibrated
0,logistic,3,0.5690542501316619,1,463,uncalibrated
0,logistic,3,0.34369822562961705,2,463,uncalibrated
0,logistic,3,0.17245894791527597,3,463,uncalibrated
0,logistic,3,0.07631578344556394,4,463,uncalibrated
0,logistic,3,0.03173613633595917,5,463,uncalibrated
0,logistic,3,0.012837541669759452,6,463,uncalibrated
0,logistic,3,0.005139950364869109,7,463,uncalibrated
0,logistic,3,0.0020448983247820696,8,463,uncalibrated
0,logistic,3,0.0008113581447509028,9,463,uncalibrated
0,logistic,3,0.00032284470463107026,10,463,uncalibrated
0,logistic,3,0.00012830550591378932,11,463,uncalibrated
0,logistic,3,5.1015208769708896e-05,12,463,uncalibrated
0,logistic,3,2.027517915614551e-05,13,463,uncalibrated
0,logistic,3,8.022281969379676e-06,14,463,uncalibrated
0,logistic,3,3.1877795654280927e-06,15,463,uncalibrated
1,logistic,3,0.5746675857747797,1,466,uncalibrated
1,logistic,3,0.9444113730648271,2,466,uncalibrated
1,logistic,3,0.815924266301347,3,466,uncalibrated
1,logistic,3,0.8211707428064652,4,466,uncalibrated
1,logistic,3,0.8110077731494983,5,466,uncalibrated
1,logistic,3,0.8240558661304725,6,466,uncalibrated
1,logistic,3,0.8790242235158592,7,466,uncalibrated
0,logistic,3,0.8286654055050742,8,466,uncalibrated
1,logistic,3,0.9105234996697074,9,466,uncalibrated
0,logistic,3,0.7788985472381769,10,466,uncalibrated
0,logistic,3,0.8215385177984069,11,466,uncalibrated
0,logistic,3,0.7663604223188947,12,466,uncalibrated
0,logistic,3,0.7519831831710115,13,466,uncalibrated
0,logistic,3,0.6735352555576245,14,466,uncalibrated
0,logistic,3,0.5843185954807096,15,466,uncalibrated
0,logistic,3,0.5688513044326254,1,471,uncalibrated
0,logistic,3,0.34388491337282107,2,471,uncalibrated
0,logistic,3,0.1722506338281189,3,471,uncalibrated
0,logistic,3,0.07625061292703132,4,471,uncalibrated
0,logistic,3,0.0317017506408954,5,471,uncalibrated
0,logistic,3,0.01279074322157553,6,471,uncalibrated
0,logistic,3,0.005094599168069246,7,471,uncalibrated
0,logistic,3,0.0020198213498975885,8,471,uncalibrated
0,logistic,3,0.000802020062730983,9,471,uncalibrated
0,logistic,3,0.0003173772155427776,10,471,uncalibrated
0,logistic,3,0.00012588074114693122,11,471,uncalibrated
0,logistic,3,4.979345436915973e-05,12,471,uncalibrated
0,logistic,3,1.9779967249736782e-05,13,471,uncalibrated
0,logistic,3,7.834343443628263e-06,14,471,uncalibrated
0,logistic,3,3.1064383571294988e-06,15,471,uncalibrated
0,logistic,3,0.5702356474802467,1,472,uncalibrated
0,logistic,3,0.3463492874182245,2,472,uncalibrated
0,logistic,3,0.17458112142108562,3,472,uncalibrated
0,logistic,3,0.0778743026321958,4,472,uncalibrated
0,logistic,3,0.032527842519344326,5,472,uncalibrated
0,logistic,3,0.013240939657418134,6,472,uncalibrated
0,logistic,3,0.005303277465358991,7,472,uncalibrated
0,logistic,3,0.0021242776701082136,8,472,uncalibrated
0,logistic,3,0.0008484879386519139,9,472,uncalibrated
0,logistic,3,0.0003385477424575887,10,472,uncalibrated
0,logistic,3,0.00013526319977927333,11,472,uncalibrated
0,logistic,3,5.396279855325228e-05,12,472,uncalibrated
0,logistic,3,2.1609114307230784e-05,13,472,uncalibrated
0,logistic,3,8.600595277309859e-06,14,472,uncalibrated
0,logistic,3,3.4204119005683505e-06,15,472,uncalibrated
1,logistic,3,0.9795076628152628,1,475,uncalibrated
1,logistic,3,0.9758514248393174,2,475,uncalibrated
1,logistic,3,0.9715617813953066,3,475,uncalibrated
1,logistic,3,0.966536275254884,4,475,uncalibrated
1,logistic,3,0.9606586399733923,5,475,uncalibrated
1,logistic,3,0.953797993588497,6,475,uncalibrated
1,logistic,3,0.9458084259797575,7,475,uncalibrated
1,logistic,3,0.9365291873421292,8,475,uncalibrated
0,logistic,3,0.6877783141359866,9,475,uncalibrated
0,logistic,3,0.4058951184672337,10,475,uncalibrated
0,logistic,3,0.31761759096259945,11,475,uncalibrated
0,logistic,3,0.8896986315733711,12,475,uncalibrated
0,logistic,3,0.8668878692671131,13,475,uncalibrated
0,logistic,3,0.8164004313853419,14,475,uncalibrated
0,logistic,3,0.7519185868636513,15,475,uncalibrated
0,logistic,3,0.568875181598866,1,479,uncalibrated
0,logistic,3,0.34585354498362314,2,479,uncalibrated
0,logistic,3,0.1739716939310276,3,479,uncalibrated
0,logistic,3,0.07719193035722444,4,479,uncalibrated
0,logistic,3,0.03210012698051035,5,479,uncalibrated
0,logistic,3,0.012985190665849947,6,479,uncalibrated
0,logistic,3,0.005377485611531217,7,479,uncalibrated
0,logistic,3,0.0021408514935285575,8,479,uncalibrated
0,logistic,3,0.0008545344000063509,9,479,uncalibrated
0,logistic,3,0.0003421582146420139,10,479,uncalibrated
0,logistic,3,0.00013561917133387598,11,479,uncalibrated
0,logistic,3,5.419707675756244e-05,12,479,uncalibrated
0,logistic,3,2.1468623901926018e-05,13,479,uncalibrated
0,logistic,3,8.492844691635461e-06,14,479,uncalibrated
0,logistic,3,3.377559835227295e-06,15,479,uncalibrated
1,logistic,3,0.5763681132911547,1,482,uncalibrated
1,logistic,3,0.9439779101574411,2,482,uncalibrated
1,logistic,3,0.9384281646281302,3,482,uncalibrated
1,logistic,3,0.8603487906300041,4,482,uncalibrated
1,logistic,3,0.6657074525564902,5,482,uncalibrated
1,logistic,3,0.8006122973590507,6,482,uncalibrated
1,logistic,3,0.7982678031845746,7,482,uncalibrated
1,logistic,3,0.5936684874443132,8,482,uncalibrated
1,logistic,3,0.6500543049710479,9,482,uncalibrated
1,logistic,3,0.5514577679911804,10,482,uncalibrated
0,logistic,3,0.77229192650205,11,482,uncalibrated
0,logistic,3,0.6365186319417602,12,482,uncalibrated
0,logistic,3,0.6083492316160256,13,482,uncalibrated
0,logistic,3,0.3701011147152765,14,482,uncalibrated
0,logistic,3,0.34369834054127985,15,482,uncalibrated
1,logistic,3,0.9795076628152628,1,483,uncalibrated
1,logistic,3,0.9758514248393174,2,483,uncalibrated
1,logistic,3,0.9715617813953066,3,483,uncalibrated
1,logistic,3,0.966536275254884,4,483,uncalibrated
1,logistic,3,0.9606586399733923,5,483,uncalibrated
1,logistic,3,0.953797993588497,6,483,uncalibrated
1,logistic,3,0.9458084259797575,7,483,uncalibrated
1,logistic,3,0.9365291873421292,8,483,uncalibrated
1,logistic,3,0.9257857363863253,9,483,uncalibrated
1,logistic,3,0.9133919551501296,10,483,uncalibrated
1,logistic,3,0.899153872323745,11,483,uncalibrated
1,logistic,3,0.8828752432654131,12,483,uncalibrated
1,logistic,3,0.8643652916776694,13,483,uncalibrated
0,logistic,3,0.4990534749859906,14,483,uncalibrated
0,logistic,3,0.23471138633198083,15,483,uncalibrated
0,logistic,3,0.5749531135467661,1,484,uncalibrated
0,logistic,3,0.35615447026222535,2,484,uncalibrated
0,logistic,3,0.18397631388900781,3,484,uncalibrated
0,logistic,3,0.08479564279549073,4,484,uncalibrated
0,logistic,3,0.07308113350166902,5,484,uncalibrated
0,logistic,3,0.029745108269060294,6,484,uncalibrated
0,logistic,3,0.012105733346629377,7,484,uncalibrated
0,logistic,3,0.004831823094398867,8,484,uncalibrated
0,logistic,3,0.0019485258413098857,9,484,uncalibrated
0,logistic,3,0.000785473377427448,10,484,uncalibrated
0,logistic,3,0.000316464852916756,11,484,uncalibrated
0,logistic,3,0.00012887220368199137,12,484,uncalibrated
0,logistic,3,5.249678119160842e-05,13,484,uncalibrated
0,logistic,3,3.821397342714424e-05,14,484,uncalibrated
0,logistic,3,1.539514708177686e-05,15,484,uncalibrated
0,logistic,3,0.5727866261769382,1,490,uncalibrated
0,logistic,3,0.9435023599708534,2,490,uncalibrated
0,logistic,3,0.8110648773214851,3,490,uncalibrated
0,logistic,3,0.8161047663651273,4,490,uncalibrated
0,logistic,3,0.8044004028506442,5,490,uncalibrated
0,logistic,3,0.8162156859386819,6,490,uncalibrated
0,logistic,3,0.7924457023696282,7,490,uncalibrated
0,logistic,3,0.4571088917571184,8,490,uncalibrated
0,logistic,3,0.2830223359186226,9,490,uncalibrated
0,logistic,3,0.2980441480137148,10,490,uncalibrated
0,logistic,3,0.3196360351965064,11,490,uncalibrated
0,logistic,3,0.11550713868500849,12,490,uncalibrated
0,logistic,3,0.07905050145294579,13,490,uncalibrated
0,logistic,3,0.057686086866170036,14,490,uncalibrated
0,logistic,3,0.05262612231456349,15,490,uncalibrated
0,logistic,3,0.5724054140514874,1,492,uncalibrated
0,logistic,3,0.34863398895844644,2,492,uncalibrated
0,logistic,3,0.1793308778206489,3,492,uncalibrated
0,logistic,3,0.08008726394947478,4,492,uncalibrated
0,logistic,3,0.03362056867838485,5,492,uncalibrated
0,logistic,3,0.013800522122445421,6,492,uncalibrated
0,logistic,3,0.005627570260165707,7,492,uncalibrated
0,logistic,3,0.0022590011512021303,8,492,uncalibrated
0,logistic,3,0.0009019780414181309,9,492,uncalibrated
0,logistic,3,0.000367386627919324,10,492,uncalibrated
0,logistic,3,0.00014809404547444673,11,492,uncalibrated
0,logistic,3,5.9744320911860896e-05,12,492,uncalibrated
0,logistic,3,2.416195352228224e-05,13,492,uncalibrated
0,logistic,3,9.760974333001875e-06,14,492,uncalibrated
0,logistic,3,3.913195379065997e-06,15,492,uncalibrated
1,logistic,3,0.9795076628152628,1,494,uncalibrated
0,logistic,3,0.8178527831422624,2,494,uncalibrated
0,logistic,3,0.40505053778338485,3,494,uncalibrated
0,logistic,3,0.8065904102223831,4,494,uncalibrated
0,logistic,3,0.8274975036238532,5,494,uncalibrated
0,logistic,3,0.848270924257148,6,494,uncalibrated
0,logistic,3,0.8183901488931924,7,494,uncalibrated
0,logistic,3,0.871690603451153,8,494,uncalibrated
0,logistic,3,0.8337183677598548,9,494,uncalibrated
0,logistic,3,0.7872527438294252,10,494,uncalibrated
0,logistic,3,0.7431839805123849,11,494,uncalibrated
0,logistic,3,0.7452922912791072,12,494,uncalibrated
0,logistic,3,0.7350203857335263,13,494,uncalibrated
0,logistic,3,0.5019483528857176,14,494,uncalibrated
0,logistic,3,0.2282468748586343,15,494,uncalibrated
1,logistic,3,0.5707843083288383,1,497,uncalibrated
1,logistic,3,0.9423206488753674,2,497,uncalibrated
1,logistic,3,0.936209074993955,3,497,uncalibrated
1,logistic,3,0.9440998529706058,4,497,uncalibrated
1,logistic,3,0.9300738240186462,5,497,uncalibrated
1,logistic,3,0.907179262099887,6,497,uncalibrated
0,logistic,3,0.8527407784023002,7,497,uncalibrated
0,logistic,3,0.7324008865594351,8,497,uncalibrated
0,logistic,3,0.643252500608017,9,497,uncalibrated
0,logistic,3,0.6348850985769912,10,497,uncalibrated
0,logistic,3,0.6160095175496013,11,497,uncalibrated
0,logistic,3,0.3090348653593597,12,497,uncalibrated
0,logistic,3,0.3564915812250667,13,497,uncalibrated
0,logistic,3,0.2608807772302847,14,497,uncalibrated
0,logistic,3,0.23761665611036548,15,497,uncalibrated
0,histgb,3,0.7137963726857911,1,2,uncalibrated
0,histgb,3,0.21140126577064558,2,2,uncalibrated
0,histgb,3,0.15092105587881652,3,2,uncalibrated
0,histgb,3,0.04122736788666396,4,2,uncalibrated
0,histgb,3,0.005381037566093657,5,2,uncalibrated
0,histgb,3,0.005381037566093657,6,2,uncalibrated
0,histgb,3,0.005690844397408842,7,2,uncalibrated
0,histgb,3,0.004301216042657253,8,2,uncalibrated
0,histgb,3,0.004301216042657253,9,2,uncalibrated
0,histgb,3,0.004648375251809882,10,2,uncalibrated
0,histgb,3,0.00443775862227562,11,2,uncalibrated
0,histgb,3,0.004255524063713516,12,2,uncalibrated
0,histgb,3,0.004255524063713516,13,2,uncalibrated
0,histgb,3,0.004255524063713516,14,2,uncalibrated
0,histgb,3,0.004255524063713516,15,2,uncalibrated
0,histgb,3,0.1876585229538647,1,5,uncalibrated
0,histgb,3,0.11425133635691122,2,5,uncalibrated
0,histgb,3,0.052125608503593115,3,5,uncalibrated
0,histgb,3,0.045069553411164885,4,5,uncalibrated
0,histgb,3,0.005381037566093657,5,5,uncalibrated
0,histgb,3,0.005381037566093657,6,5,uncalibrated
0,histgb,3,0.005381037566093657,7,5,uncalibrated
0,histgb,3,0.00406675049712837,8,5,uncalibrated
0,histgb,3,0.00406675049712837,9,5,uncalibrated
0,histgb,3,0.0043950690848639645,10,5,uncalibrated
0,histgb,3,0.00443775862227562,11,5,uncalibrated
0,histgb,3,0.004255524063713516,12,5,uncalibrated
0,histgb,3,0.004255524063713516,13,5,uncalibrated
0,histgb,3,0.004255524063713516,14,5,uncalibrated
0,histgb,3,0.004255524063713516,15,5,uncalibrated
0,histgb,3,0.1876585229538647,1,6,uncalibrated
0,histgb,3,0.11425133635691122,2,6,uncalibrated
0,histgb,3,0.06419006004240382,3,6,uncalibrated
0,histgb,3,0.04122736788666396,4,6,uncalibrated
0,histgb,3,0.005381037566093657,5,6,uncalibrated
0,histgb,3,0.005381037566093657,6,6,uncalibrated
0,histgb,3,0.005690844397408842,7,6,uncalibrated
0,histgb,3,0.004301216042657253,8,6,uncalibrated
0,histgb,3,0.004301216042657253,9,6,uncalibrated
0,histgb,3,0.004648375251809882,10,6,uncalibrated
0,histgb,3,0.00443775862227562,11,6,uncalibrated
0,histgb,3,0.004255524063713516,12,6,uncalibrated
0,histgb,3,0.004255524063713516,13,6,uncalibrated
0,histgb,3,0.004255524063713516,14,6,uncalibrated
0,histgb,3,0.004255524063713516,15,6,uncalibrated
1,histgb,3,0.7137963726857911,1,7,uncalibrated
1,histgb,3,0.9236700058454607,2,7,uncalibrated
1,histgb,3,0.9336668325457508,3,7,uncalibrated
1,histgb,3,0.9433131582462085,4,7,uncalibrated
0,histgb,3,0.8314546653246045,5,7,uncalibrated
0,histgb,3,0.6281794970978959,6,7,uncalibrated
0,histgb,3,0.6374403524228719,7,7,uncalibrated
0,histgb,3,0.32842761335517917,8,7,uncalibrated
0,histgb,3,0.1389356415863509,9,7,uncalibrated
0,histgb,3,0.00717351333525703,10,7,uncalibrated
0,histgb,3,0.028663779253237622,11,7,uncalibrated
0,histgb,3,0.004257746175185842,12,7,uncalibrated
0,histgb,3,0.003923652000036862,13,7,uncalibrated
0,histgb,3,0.004668933755186268,14,7,uncalibrated
0,histgb,3,0.004526541691816773,15,7,uncalibrated
0,histgb,3,0.7137963726857911,1,22,uncalibrated
0,histgb,3,0.21140126577064558,2,22,uncalibrated
0,histgb,3,0.15092105587881652,3,22,uncalibrated
0,histgb,3,0.04122736788666396,4,22,uncalibrated
0,histgb,3,0.005381037566093657,5,22,uncalibrated
0,histgb,3,0.05470618311699034,6,22,uncalibrated
0,histgb,3,0.005690844397408842,7,22,uncalibrated
0,histgb,3,0.003963724478963369,8,22,uncalibrated
0,histgb,3,0.004301216042657253,9,22,uncalibrated
0,histgb,3,0.00454297958115842,10,22,uncalibrated
0,histgb,3,0.0044044118409749715,11,22,uncalibrated
0,histgb,3,0.00422354084359082,12,22,uncalibrated
0,histgb,3,0.004255524063713516,13,22,uncalibrated
0,histgb,3,0.004255524063713516,14,22,uncalibrated
0,histgb,3,0.004255524063713516,15,22,uncalibrated
0,histgb,3,0.7137963726857911,1,23,uncalibrated
0,histgb,3,0.21140126577064558,2,23,uncalibrated
0,histgb,3,0.15092105587881652,3,23,uncalibrated
0,histgb,3,0.04122736788666396,4,23,uncalibrated
0,histgb,3,0.005381037566093657,5,23,uncalibrated
0,histgb,3,0.005690844397408842,6,23,uncalibrated
0,histgb,3,0.005690844397408842,7,23,uncalibrated
0,histgb,3,0.004301216042657253,8,23,uncalibrated
0,histgb,3,0.004301216042657253,9,23,uncalibrated
0,histgb,3,0.004726712460811313,10,23,uncalibrated
0,histgb,3,0.00451256248531658,11,23,uncalibrated
0,histgb,3,0.004255524063713516,12,23,uncalibrated
0,histgb,3,0.004255524063713516,13,23,uncalibrated
0,histgb,3,0.004255524063713516,14,23,uncalibrated
0,histgb,3,0.004255524063713516,15,23,uncalibrated
0,histgb,3,0.1876585229538647,1,29,uncalibrated
0,histgb,3,0.11425133635691122,2,29,uncalibrated
0,histgb,3,0.06419006004240382,3,29,uncalibrated
0,histgb,3,0.04122736788666396,4,29,uncalibrated
0,histgb,3,0.005381037566093657,5,29,uncalibrated
0,histgb,3,0.005381037566093657,6,29,uncalibrated
0,histgb,3,0.005381037566093657,7,29,uncalibrated
0,histgb,3,0.004301216042657253,8,29,uncalibrated
0,histgb,3,0.004301216042657253,9,29,uncalibrated
0,histgb,3,0.004648375251809882,10,29,uncalibrated
0,histgb,3,0.00443775862227562,11,29,uncalibrated
0,histgb,3,0.004255524063713516,12,29,uncalibrated
0,histgb,3,0.004255524063713516,13,29,uncalibrated
0,histgb,3,0.004255524063713516,14,29,uncalibrated
0,histgb,3,0.004255524063713516,15,29,uncalibrated
0,histgb,3,0.1876585229538647,1,32,uncalibrated
0,histgb,3,0.11425133635691122,2,32,uncalibrated
0,histgb,3,0.11499906955417312,3,32,uncalibrated
0,histgb,3,0.024308249000588186,4,32,uncalibrated
0,histgb,3,0.005381037566093657,5,32,uncalibrated
0,histgb,3,0.005381037566093657,6,32,uncalibrated
0,histgb,3,0.005381037566093657,7,32,uncalibrated
0,histgb,3,0.00406675049712837,8,32,uncalibrated
0,histgb,3,0.00406675049712837,9,32,uncalibrated
0,histgb,3,0.004648375251809882,10,32,uncalibrated
0,histgb,3,0.00443775862227562,11,32,uncalibrated
0,histgb,3,0.004255524063713516,12,32,uncalibrated
0,histgb,3,0.004255524063713516,13,32,uncalibrated
0,histgb,3,0.004255524063713516,14,32,uncalibrated
0,histgb,3,0.004255524063713516,15,32,uncalibrated
0,histgb,3,0.7137963726857911,1,39,uncalibrated
0,histgb,3,0.3367971267997181,2,39,uncalibrated
0,histgb,3,0.15092105587881652,3,39,uncalibrated
0,histgb,3,0.04122736788666396,4,39,uncalibrated
0,histgb,3,0.005381037566093657,5,39,uncalibrated
0,histgb,3,0.005381037566093657,6,39,uncalibrated
0,histgb,3,0.005690844397408842,7,39,uncalibrated
0,histgb,3,0.004301216042657253,8,39,uncalibrated
0,histgb,3,0.005857254499429693,9,39,uncalibrated
0,histgb,3,0.004648375251809882,10,39,uncalibrated
0,histgb,3,0.006344983006188129,11,39,uncalibrated
0,histgb,3,0.004255524063713516,12,39,uncalibrated
0,histgb,3,0.004255524063713516,13,39,uncalibrated
0,histgb,3,0.004255524063713516,14,39,uncalibrated
0,histgb,3,0.004255524063713516,15,39,uncalibrated
1,histgb,3,0.7137963726857911,1,43,uncalibrated
1,histgb,3,0.9171236534410635,2,43,uncalibrated
0,histgb,3,0.7531845497686857,3,43,uncalibrated
0,histgb,3,0.5143368772113772,4,43,uncalibrated
0,histgb,3,0.670924237199107,5,43,uncalibrated
0,histgb,3,0.6503418239838328,6,43,uncalibrated
0,histgb,3,0.3273774150273688,7,43,uncalibrated
0,histgb,3,0.22743139417529284,8,43,uncalibrated
0,histgb,3,0.05870244043734024,9,43,uncalibrated
0,histgb,3,0.004257746175185842,10,43,uncalibrated
0,histgb,3,0.003923652000036862,11,43,uncalibrated
0,histgb,3,0.004668933755186268,12,43,uncalibrated
0,histgb,3,0.004526541691816773,13,43,uncalibrated
0,histgb,3,0.00422354084359082,14,43,uncalibrated
0,histgb,3,0.00422354084359082,15,43,uncalibrated
0,histgb,3,0.7137963726857911,1,57,uncalibrated
0,histgb,3,0.21140126577064558,2,57,uncalibrated
0,histgb,3,0.15092105587881652,3,57,uncalibrated
0,histgb,3,0.04122736788666396,4,57,uncalibrated
0,histgb,3,0.005381037566093657,5,57,uncalibrated
0,histgb,3,0.005381037566093657,6,57,uncalibrated
0,histgb,3,0.005690844397408842,7,57,uncalibrated
0,histgb,3,0.004301216042657253,8,57,uncalibrated
0,histgb,3,0.004301216042657253,9,57,uncalibrated
0,histgb,3,0.004648375251809882,10,57,uncalibrated
0,histgb,3,0.00443775862227562,11,57,uncalibrated
0,histgb,3,0.004255524063713516,12,57,uncalibrated
0,histgb,3,0.004255524063713516,13,57,uncalibrated
0,histgb,3,0.004255524063713516,14,57,uncalibrated
0,histgb,3,0.004255524063713516,15,57,uncalibrated
0,histgb,3,0.1876585229538647,1,58,uncalibrated
0,histgb,3,0.11425133635691122,2,58,uncalibrated
0,histgb,3,0.6592924065293468,3,58,uncalibrated
0,histgb,3,0.20700073244574416,4,58,uncalibrated
0,histgb,3,0.13198766209426524,5,58,uncalibrated
0,histgb,3,0.5065746101729085,6,58,uncalibrated
0,histgb,3,0.17467627640388725,7,58,uncalibrated
0,histgb,3,0.034788987909647004,8,58,uncalibrated
0,histgb,3,0.018407567874016085,9,58,uncalibrated
0,histgb,3,0.00429539200633907,10,58,uncalibrated
0,histgb,3,0.0044044118409749715,11,58,uncalibrated
0,histgb,3,0.00422354084359082,12,58,uncalibrated
0,histgb,3,0.004255524063713516,13,58,uncalibrated
0,histgb,3,0.004255524063713516,14,58,uncalibrated
0,histgb,3,0.00422354084359082,15,58,uncalibrated
0,histgb,3,0.1876585229538647,1,73,uncalibrated
0,histgb,3,0.21140126577064558,2,73,uncalibrated
0,histgb,3,0.15092105587881652,3,73,uncalibrated
0,histgb,3,0.04122736788666396,4,73,uncalibrated
0,histgb,3,0.005381037566093657,5,73,uncalibrated
0,histgb,3,0.005381037566093657,6,73,uncalibrated
0,histgb,3,0.005381037566093657,7,73,uncalibrated
0,histgb,3,0.00406675049712837,8,73,uncalibrated
0,histgb,3,0.004301216042657253,9,73,uncalibrated
0,histgb,3,0.004648375251809882,10,73,uncalibrated
0,histgb,3,0.00443775862227562,11,73,uncalibrated
0,histgb,3,0.004255524063713516,12,73,uncalibrated
0,histgb,3,0.004255524063713516,13,73,uncalibrated
0,histgb,3,0.004255524063713516,14,73,uncalibrated
0,histgb,3,0.004255524063713516,15,73,uncalibrated
0,histgb,3,0.8228324780542254,1,75,uncalibrated
0,histgb,3,0.21140126577064558,2,75,uncalibrated
0,histgb,3,0.15092105587881652,3,75,uncalibrated
0,histgb,3,0.04122736788666396,4,75,uncalibrated
0,histgb,3,0.005381037566093657,5,75,uncalibrated
0,histgb,3,0.005381037566093657,6,75,uncalibrated
0,histgb,3,0.005690844397408842,7,75,uncalibrated
0,histgb,3,0.004301216042657253,8,75,uncalibrated
0,histgb,3,0.004301216042657253,9,75,uncalibrated
0,histgb,3,0.004648375251809882,10,75,uncalibrated
0,histgb,3,0.00443775862227562,11,75,uncalibrated
0,histgb,3,0.004255524063713516,12,75,uncalibrated
0,histgb,3,0.004255524063713516,13,75,uncalibrated
0,histgb,3,0.004255524063713516,14,75,uncalibrated
0,histgb,3,0.004255524063713516,15,75,uncalibrated
0,histgb,3,0.1876585229538647,1,79,uncalibrated
0,histgb,3,0.11425133635691122,2,79,uncalibrated
0,histgb,3,0.052125608503593115,3,79,uncalibrated
0,histgb,3,0.024308249000588186,4,79,uncalibrated
0,histgb,3,0.005381037566093657,5,79,uncalibrated
0,histgb,3,0.005381037566093657,6,79,uncalibrated
0,histgb,3,0.005381037566093657,7,79,uncalibrated
0,histgb,3,0.00406675049712837,8,79,uncalibrated
0,histgb,3,0.00406675049712837,9,79,uncalibrated
0,histgb,3,0.0043950690848639645,10,79,uncalibrated
0,histgb,3,0.00443775862227562,11,79,uncalibrated
0,histgb,3,0.004255524063713516,12,79,uncalibrated
0,histgb,3,0.004255524063713516,13,79,uncalibrated
0,histgb,3,0.004255524063713516,14,79,uncalibrated
0,histgb,3,0.004255524063713516,15,79,uncalibrated
0,histgb,3,0.7137963726857911,1,83,uncalibrated
0,histgb,3,0.11425133635691122,2,83,uncalibrated
0,histgb,3,0.06419006004240382,3,83,uncalibrated
0,histgb,3,0.04122736788666396,4,83,uncalibrated
0,histgb,3,0.005381037566093657,5,83,uncalibrated
0,histgb,3,0.005381037566093657,6,83,uncalibrated
0,histgb,3,0.005381037566093657,7,83,uncalibrated
0,histgb,3,0.00406675049712837,8,83,uncalibrated
0,histgb,3,0.00406675049712837,9,83,uncalibrated
0,histgb,3,0.004648375251809882,10,83,uncalibrated
0,histgb,3,0.006344983006188129,11,83,uncalibrated
0,histgb,3,0.004255524063713516,12,83,uncalibrated
0,histgb,3,0.004255524063713516,13,83,uncalibrated
0,histgb,3,0.004255524063713516,14,83,uncalibrated
0,histgb,3,0.004255524063713516,15,83,uncalibrated
0,histgb,3,0.7137963726857911,1,87,uncalibrated
0,histgb,3,0.21140126577064558,2,87,uncalibrated
0,histgb,3,0.15092105587881652,3,87,uncalibrated
0,histgb,3,0.04122736788666396,4,87,uncalibrated
0,histgb,3,0.005381037566093657,5,87,uncalibrated
0,histgb,3,0.005690844397408842,6,87,uncalibrated
0,histgb,3,0.005690844397408842,7,87,uncalibrated
0,histgb,3,0.004301216042657253,8,87,uncalibrated
0,histgb,3,0.004301216042657253,9,87,uncalibrated
0,histgb,3,0.004648375251809882,10,87,uncalibrated
0,histgb,3,0.00443775862227562,11,87,uncalibrated
0,histgb,3,0.004255524063713516,12,87,uncalibrated
0,histgb,3,0.004255524063713516,13,87,uncalibrated
0,histgb,3,0.004255524063713516,14,87,uncalibrated
0,histgb,3,0.004255524063713516,15,87,uncalibrated
1,histgb,3,0.7137963726857911,1,89,uncalibrated
1,histgb,3,0.9171236534410635,2,89,uncalibrated
0,histgb,3,0.7531845497686857,3,89,uncalibrated
0,histgb,3,0.6589063035986604,4,89,uncalibrated
0,histgb,3,0.670924237199107,5,89,uncalibrated
0,histgb,3,0.36656819511920047,6,89,uncalibrated
0,histgb,3,0.14826079930669306,7,89,uncalibrated
0,histgb,3,0.005848436166552517,8,89,uncalibrated
0,histgb,3,0.005848436166552517,9,89,uncalibrated
0,histgb,3,0.005129697949866679,10,89,uncalibrated
0,histgb,3,0.009897754454111795,11,89,uncalibrated
0,histgb,3,0.004668933755186268,12,89,uncalibrated
0,histgb,3,0.004526541691816773,13,89,uncalibrated
0,histgb,3,0.00422354084359082,14,89,uncalibrated
0,histgb,3,0.00422354084359082,15,89,uncalibrated
0,histgb,3,0.7137963726857911,1,92,uncalibrated
0,histgb,3,0.21140126577064558,2,92,uncalibrated
0,histgb,3,0.15092105587881652,3,92,uncalibrated
0,histgb,3,0.521824688809082,4,92,uncalibrated
0,histgb,3,0.5137922575016047,5,92,uncalibrated
0,histgb,3,0.6471380326085294,6,92,uncalibrated
0,histgb,3,0.4838340223495842,7,92,uncalibrated
0,histgb,3,0.06686070330407616,8,92,uncalibrated
0,histgb,3,0.05947544560362353,9,92,uncalibrated
0,histgb,3,0.0051179276728850675,10,92,uncalibrated
0,histgb,3,0.006403344069312541,11,92,uncalibrated
0,histgb,3,0.00422354084359082,12,92,uncalibrated
0,histgb,3,0.00422354084359082,13,92,uncalibrated
0,histgb,3,0.004255524063713516,14,92,uncalibrated
0,histgb,3,0.004255524063713516,15,92,uncalibrated
1,histgb,3,0.9587941141319584,1,99,uncalibrated
0,histgb,3,0.8055904321231085,2,99,uncalibrated
0,histgb,3,0.45414000948732963,3,99,uncalibrated
0,histgb,3,0.5694827663779295,4,99,uncalibrated
0,histgb,3,0.24987135488277135,5,99,uncalibrated
0,histgb,3,0.05997454175690895,6,99,uncalibrated
0,histgb,3,0.046584735840805254,7,99,uncalibrated
0,histgb,3,0.005786647785562758,8,99,uncalibrated
0,histgb,3,0.004373728424506842,9,99,uncalibrated
0,histgb,3,0.004373728424506842,10,99,uncalibrated
0,histgb,3,0.004726712460811313,11,99,uncalibrated
0,histgb,3,0.00451256248531658,12,99,uncalibrated
0,histgb,3,0.004255524063713516,13,99,uncalibrated
0,histgb,3,0.004255524063713516,14,99,uncalibrated
0,histgb,3,0.004255524063713516,15,99,uncalibrated
0,histgb,3,0.1876585229538647,1,106,uncalibrated
0,histgb,3,0.11425133635691122,2,106,uncalibrated
0,histgb,3,0.11499906955417312,3,106,uncalibrated
0,histgb,3,0.024308249000588186,4,106,uncalibrated
0,histgb,3,0.005381037566093657,5,106,uncalibrated
0,histgb,3,0.005381037566093657,6,106,uncalibrated
0,histgb,3,0.005381037566093657,7,106,uncalibrated
0,histgb,3,0.00406675049712837,8,106,uncalibrated
0,histgb,3,0.00406675049712837,9,106,uncalibrated
0,histgb,3,0.0043950690848639645,10,106,uncalibrated
0,histgb,3,0.00443775862227562,11,106,uncalibrated
0,histgb,3,0.004255524063713516,12,106,uncalibrated
0,histgb,3,0.004255524063713516,13,106,uncalibrated
0,histgb,3,0.004255524063713516,14,106,uncalibrated
0,histgb,3,0.004255524063713516,15,106,uncalibrated
1,histgb,3,0.9587941141319584,1,110,uncalibrated
1,histgb,3,0.9501618883142849,2,110,uncalibrated
1,histgb,3,0.9501618883142849,3,110,uncalibrated
0,histgb,3,0.6989195544981771,4,110,uncalibrated
0,histgb,3,0.6783051537163067,5,110,uncalibrated
0,histgb,3,0.6708110644691656,6,110,uncalibrated
0,histgb,3,0.3323730112513175,7,110,uncalibrated
0,histgb,3,0.7288521872578098,8,110,uncalibrated
0,histgb,3,0.7331510102563631,9,110,uncalibrated
0,histgb,3,0.6992177302840679,10,110,uncalibrated
0,histgb,3,0.4357778328585597,11,110,uncalibrated
0,histgb,3,0.03363466363393924,12,110,uncalibrated
0,histgb,3,0.052042917687482294,13,110,uncalibrated
0,histgb,3,0.043097786668519565,14,110,uncalibrated
0,histgb,3,0.040051783865769505,15,110,uncalibrated
0,histgb,3,0.1876585229538647,1,113,uncalibrated
0,histgb,3,0.11425133635691122,2,113,uncalibrated
0,histgb,3,0.052125608503593115,3,113,uncalibrated
0,histgb,3,0.024308249000588186,4,113,uncalibrated
0,histgb,3,0.005381037566093657,5,113,uncalibrated
0,histgb,3,0.005381037566093657,6,113,uncalibrated
0,histgb,3,0.005381037566093657,7,113,uncalibrated
0,histgb,3,0.00406675049712837,8,113,uncalibrated
0,histgb,3,0.004301216042657253,9,113,uncalibrated
0,histgb,3,0.004648375251809882,10,113,uncalibrated
0,histgb,3,0.00443775862227562,11,113,uncalibrated
0,histgb,3,0.004255524063713516,12,113,uncalibrated
0,histgb,3,0.004255524063713516,13,113,uncalibrated
0,histgb,3,0.004255524063713516,14,113,uncalibrated
0,histgb,3,0.004255524063713516,15,113,uncalibrated
0,histgb,3,0.7137963726857911,1,139,uncalibrated
0,histgb,3,0.40991160682038924,2,139,uncalibrated
0,histgb,3,0.15092105587881652,3,139,uncalibrated
0,histgb,3,0.05873121927581839,4,139,uncalibrated
0,histgb,3,0.05997454175690895,5,139,uncalibrated
0,histgb,3,0.005786647785562758,6,139,uncalibrated
0,histgb,3,0.005786647785562758,7,139,uncalibrated
0,histgb,3,0.004373728424506842,8,139,uncalibrated
0,histgb,3,0.004373728424506842,9,139,uncalibrated
0,histgb,3,0.004726712460811313,10,139,uncalibrated
0,histgb,3,0.00451256248531658,11,139,uncalibrated
0,histgb,3,0.004255524063713516,12,139,uncalibrated
0,histgb,3,0.004255524063713516,13,139,uncalibrated
0,histgb,3,0.004255524063713516,14,139,uncalibrated
0,histgb,3,0.004255524063713516,15,139,uncalibrated
0,histgb,3,0.1876585229538647,1,146,uncalibrated
0,histgb,3,0.11425133635691122,2,146,uncalibrated
0,histgb,3,0.14464590401183786,3,146,uncalibrated
0,histgb,3,0.024308249000588186,4,146,uncalibrated
0,histgb,3,0.005381037566093657,5,146,uncalibrated
0,histgb,3,0.005381037566093657,6,146,uncalibrated
0,histgb,3,0.005381037566093657,7,146,uncalibrated
0,histgb,3,0.00406675049712837,8,146,uncalibrated
0,histgb,3,0.004301216042657253,9,146,uncalibrated
0,histgb,3,0.004648375251809882,10,146,uncalibrated
0,histgb,3,0.00443775862227562,11,146,uncalibrated
0,histgb,3,0.004255524063713516,12,146,uncalibrated
0,histgb,3,0.004255524063713516,13,146,uncalibrated
0,histgb,3,0.004255524063713516,14,146,uncalibrated
0,histgb,3,0.004255524063713516,15,146,uncalibrated
0,histgb,3,0.8228324780542254,1,147,uncalibrated
0,histgb,3,0.9236700058454607,2,147,uncalibrated
0,histgb,3,0.9336668325457508,3,147,uncalibrated
0,histgb,3,0.8092016891391423,4,147,uncalibrated
0,histgb,3,0.8244512921558211,5,147,uncalibrated
0,histgb,3,0.8628843011032491,6,147,uncalibrated
0,histgb,3,0.8373539409241545,7,147,uncalibrated
0,histgb,3,0.8373539409241545,8,147,uncalibrated
0,histgb,3,0.7229231737390395,9,147,uncalibrated
0,histgb,3,0.7800721501785578,10,147,uncalibrated
0,histgb,3,0.7800721501785578,11,147,uncalibrated
0,histgb,3,0.7818885841278926,12,147,uncalibrated
0,histgb,3,0.4351625347158429,13,147,uncalibrated
0,histgb,3,0.43630355541419136,14,147,uncalibrated
0,histgb,3,0.7370222332578423,15,147,uncalibrated
0,histgb,3,0.1876585229538647,1,155,uncalibrated
0,histgb,3,0.11425133635691122,2,155,uncalibrated
0,histgb,3,0.06419006004240382,3,155,uncalibrated
0,histgb,3,0.04122736788666396,4,155,uncalibrated
0,histgb,3,0.005381037566093657,5,155,uncalibrated
0,histgb,3,0.005381037566093657,6,155,uncalibrated
0,histgb,3,0.005381037566093657,7,155,uncalibrated
0,histgb,3,0.00406675049712837,8,155,uncalibrated
0,histgb,3,0.004301216042657253,9,155,uncalibrated
0,histgb,3,0.004648375251809882,10,155,uncalibrated
0,histgb,3,0.00443775862227562,11,155,uncalibrated
0,histgb,3,0.004255524063713516,12,155,uncalibrated
0,histgb,3,0.004255524063713516,13,155,uncalibrated
0,histgb,3,0.004255524063713516,14,155,uncalibrated
0,histgb,3,0.004255524063713516,15,155,uncalibrated
0,histgb,3,0.7137963726857911,1,156,uncalibrated
0,histgb,3,0.40991160682038924,2,156,uncalibrated
0,histgb,3,0.4306654937202416,3,156,uncalibrated
0,histgb,3,0.7986209989815121,4,156,uncalibrated
0,histgb,3,0.9340449816215846,5,156,uncalibrated
0,histgb,3,0.9281883676640222,6,156,uncalibrated
0,histgb,3,0.6911050113154572,7,156,uncalibrated
0,histgb,3,0.35252758708890064,8,156,uncalibrated
0,histgb,3,0.2585086693633438,9,156,uncalibrated
0,histgb,3,0.025599965371542122,10,156,uncalibrated
0,histgb,3,0.01938683280807139,11,156,uncalibrated
0,histgb,3,0.015916192929532707,12,156,uncalibrated
0,histgb,3,0.012664425423271652,13,156,uncalibrated
0,histgb,3,0.00422354084359082,14,156,uncalibrated
0,histgb,3,0.00422354084359082,15,156,uncalibrated
0,histgb,3,0.7137963726857911,1,160,uncalibrated
0,histgb,3,0.11425133635691122,2,160,uncalibrated
0,histgb,3,0.06419006004240382,3,160,uncalibrated
0,histgb,3,0.04122736788666396,4,160,uncalibrated
0,histgb,3,0.005381037566093657,5,160,uncalibrated
0,histgb,3,0.005381037566093657,6,160,uncalibrated
0,histgb,3,0.005381037566093657,7,160,uncalibrated
0,histgb,3,0.004301216042657253,8,160,uncalibrated
0,histgb,3,0.004301216042657253,9,160,uncalibrated
0,histgb,3,0.004648375251809882,10,160,uncalibrated
0,histgb,3,0.00443775862227562,11,160,uncalibrated
0,histgb,3,0.004255524063713516,12,160,uncalibrated
0,histgb,3,0.004255524063713516,13,160,uncalibrated
0,histgb,3,0.004255524063713516,14,160,uncalibrated
0,histgb,3,0.004255524063713516,15,160,uncalibrated
0,histgb,3,0.7137963726857911,1,164,uncalibrated
0,histgb,3,0.21140126577064558,2,164,uncalibrated
0,histgb,3,0.7845706229230167,3,164,uncalibrated
0,histgb,3,0.7995689571519676,4,164,uncalibrated
0,histgb,3,0.9350223357497501,5,164,uncalibrated
0,histgb,3,0.7856715118457912,6,164,uncalibrated
0,histgb,3,0.8801233256653352,7,164,uncalibrated
0,histgb,3,0.7690405475764982,8,164,uncalibrated
0,histgb,3,0.7314767541582216,9,164,uncalibrated
0,histgb,3,0.8233197719563401,10,164,uncalibrated
0,histgb,3,0.714026707330888,11,164,uncalibrated
0,histgb,3,0.6408556566549588,12,164,uncalibrated
0,histgb,3,0.6037647091959458,13,164,uncalibrated
0,histgb,3,0.8127132072430899,14,164,uncalibrated
0,histgb,3,0.5813508524440971,15,164,uncalibrated
0,histgb,3,0.1876585229538647,1,169,uncalibrated
0,histgb,3,0.11425133635691122,2,169,uncalibrated
0,histgb,3,0.14464590401183786,3,169,uncalibrated
0,histgb,3,0.024308249000588186,4,169,uncalibrated
0,histgb,3,0.005381037566093657,5,169,uncalibrated
0,histgb,3,0.005381037566093657,6,169,uncalibrated
0,histgb,3,0.005381037566093657,7,169,uncalibrated
0,histgb,3,0.00406675049712837,8,169,uncalibrated
0,histgb,3,0.00406675049712837,9,169,uncalibrated
0,histgb,3,0.0043950690848639645,10,169,uncalibrated
0,histgb,3,0.00443775862227562,11,169,uncalibrated
0,histgb,3,0.004255524063713516,12,169,uncalibrated
0,histgb,3,0.004255524063713516,13,169,uncalibrated
0,histgb,3,0.004255524063713516,14,169,uncalibrated
0,histgb,3,0.004255524063713516,15,169,uncalibrated
0,histgb,3,0.7137963726857911,1,174,uncalibrated
0,histgb,3,0.11425133635691122,2,174,uncalibrated
0,histgb,3,0.06419006004240382,3,174,uncalibrated
0,histgb,3,0.04122736788666396,4,174,uncalibrated
0,histgb,3,0.005381037566093657,5,174,uncalibrated
0,histgb,3,0.005381037566093657,6,174,uncalibrated
0,histgb,3,0.005381037566093657,7,174,uncalibrated
0,histgb,3,0.004301216042657253,8,174,uncalibrated
0,histgb,3,0.004301216042657253,9,174,uncalibrated
0,histgb,3,0.004648375251809882,10,174,uncalibrated
0,histgb,3,0.00443775862227562,11,174,uncalibrated
0,histgb,3,0.004255524063713516,12,174,uncalibrated
0,histgb,3,0.004255524063713516,13,174,uncalibrated
0,histgb,3,0.004255524063713516,14,174,uncalibrated
0,histgb,3,0.004255524063713516,15,174,uncalibrated
0,histgb,3,0.7137963726857911,1,175,uncalibrated
0,histgb,3,0.40991160682038924,2,175,uncalibrated
0,histgb,3,0.15092105587881652,3,175,uncalibrated
0,histgb,3,0.05873121927581839,4,175,uncalibrated
0,histgb,3,0.005690844397408842,5,175,uncalibrated
0,histgb,3,0.005786647785562758,6,175,uncalibrated
0,histgb,3,0.005786647785562758,7,175,uncalibrated
0,histgb,3,0.004373728424506842,8,175,uncalibrated
0,histgb,3,0.004373728424506842,9,175,uncalibrated
0,histgb,3,0.004726712460811313,10,175,uncalibrated
0,histgb,3,0.00451256248531658,11,175,uncalibrated
0,histgb,3,0.004255524063713516,12,175,uncalibrated
0,histgb,3,0.004255524063713516,13,175,uncalibrated
0,histgb,3,0.004255524063713516,14,175,uncalibrated
0,histgb,3,0.004255524063713516,15,175,uncalibrated
1,histgb,3,0.7137963726857911,1,184,uncalibrated
1,histgb,3,0.9236700058454607,2,184,uncalibrated
1,histgb,3,0.9336668325457508,3,184,uncalibrated
0,histgb,3,0.8092016891391423,4,184,uncalibrated
0,histgb,3,0.9343065533781058,5,184,uncalibrated
0,histgb,3,0.7393719795933782,6,184,uncalibrated
0,histgb,3,0.6242856820291584,7,184,uncalibrated
0,histgb,3,0.7706059359998778,8,184,uncalibrated
0,histgb,3,0.7144720557593401,9,184,uncalibrated
0,histgb,3,0.8059053212528193,10,184,uncalibrated
0,histgb,3,0.7667690181345558,11,184,uncalibrated
0,histgb,3,0.700541448927831,12,184,uncalibrated
0,histgb,3,0.044687603122829725,13,184,uncalibrated
0,histgb,3,0.011989863409437924,14,184,uncalibrated
0,histgb,3,0.019947071145722705,15,184,uncalibrated
0,histgb,3,0.1876585229538647,1,185,uncalibrated
0,histgb,3,0.11425133635691122,2,185,uncalibrated
0,histgb,3,0.052125608503593115,3,185,uncalibrated
0,histgb,3,0.04232705668416899,4,185,uncalibrated
0,histgb,3,0.005381037566093657,5,185,uncalibrated
0,histgb,3,0.005381037566093657,6,185,uncalibrated
0,histgb,3,0.005381037566093657,7,185,uncalibrated
0,histgb,3,0.00406675049712837,8,185,uncalibrated
0,histgb,3,0.00406675049712837,9,185,uncalibrated
0,histgb,3,0.0043950690848639645,10,185,uncalibrated
0,histgb,3,0.00443775862227562,11,185,uncalibrated
0,histgb,3,0.004255524063713516,12,185,uncalibrated
0,histgb,3,0.004255524063713516,13,185,uncalibrated
0,histgb,3,0.004255524063713516,14,185,uncalibrated
0,histgb,3,0.004255524063713516,15,185,uncalibrated
0,histgb,3,0.8228324780542254,1,186,uncalibrated
0,histgb,3,0.40991160682038924,2,186,uncalibrated
0,histgb,3,0.15092105587881652,3,186,uncalibrated
0,histgb,3,0.04122736788666396,4,186,uncalibrated
0,histgb,3,0.005381037566093657,5,186,uncalibrated
0,histgb,3,0.005690844397408842,6,186,uncalibrated
0,histgb,3,0.005690844397408842,7,186,uncalibrated
0,histgb,3,0.004301216042657253,8,186,uncalibrated
0,histgb,3,0.005857254499429693,9,186,uncalibrated
0,histgb,3,0.004648375251809882,10,186,uncalibrated
0,histgb,3,0.00443775862227562,11,186,uncalibrated
0,histgb,3,0.004255524063713516,12,186,uncalibrated
0,histgb,3,0.004255524063713516,13,186,uncalibrated
0,histgb,3,0.004255524063713516,14,186,uncalibrated
0,histgb,3,0.004255524063713516,15,186,uncalibrated
0,histgb,3,0.7137963726857911,1,187,uncalibrated
0,histgb,3,0.40991160682038924,2,187,uncalibrated
0,histgb,3,0.15092105587881652,3,187,uncalibrated
0,histgb,3,0.04122736788666396,4,187,uncalibrated
0,histgb,3,0.005381037566093657,5,187,uncalibrated
0,histgb,3,0.005381037566093657,6,187,uncalibrated
0,histgb,3,0.005690844397408842,7,187,uncalibrated
0,histgb,3,0.004301216042657253,8,187,uncalibrated
0,histgb,3,0.004301216042657253,9,187,uncalibrated
0,histgb,3,0.004648375251809882,10,187,uncalibrated
0,histgb,3,0.00443775862227562,11,187,uncalibrated
0,histgb,3,0.004255524063713516,12,187,uncalibrated
0,histgb,3,0.004255524063713516,13,187,uncalibrated
0,histgb,3,0.004255524063713516,14,187,uncalibrated
0,histgb,3,0.004255524063713516,15,187,uncalibrated
1,histgb,3,0.8228324780542254,1,189,uncalibrated
1,histgb,3,0.9236700058454607,2,189,uncalibrated
1,histgb,3,0.8092016891391423,3,189,uncalibrated
1,histgb,3,0.7900860285113942,4,189,uncalibrated
1,histgb,3,0.7960395183265133,5,189,uncalibrated
1,histgb,3,0.8264499415215801,6,189,uncalibrated
1,histgb,3,0.8145314474923314,7,189,uncalibrated
1,histgb,3,0.797674097065288,8,189,uncalibrated
1,histgb,3,0.7624394995793661,9,189,uncalibrated
1,histgb,3,0.4832209433155336,10,189,uncalibrated
1,histgb,3,0.4063432125162838,11,189,uncalibrated
1,histgb,3,0.31902027204886496,12,189,uncalibrated
1,histgb,3,0.1617869707166998,13,189,uncalibrated
1,histgb,3,0.17342759117614337,14,189,uncalibrated
1,histgb,3,0.15327063607548902,15,189,uncalibrated
0,histgb,3,0.1876585229538647,1,193,uncalibrated
0,histgb,3,0.11425133635691122,2,193,uncalibrated
0,histgb,3,0.11499906955417312,3,193,uncalibrated
0,histgb,3,0.04122736788666396,4,193,uncalibrated
0,histgb,3,0.005381037566093657,5,193,uncalibrated
0,histgb,3,0.005381037566093657,6,193,uncalibrated
0,histgb,3,0.005381037566093657,7,193,uncalibrated
0,histgb,3,0.00406675049712837,8,193,uncalibrated
0,histgb,3,0.00406675049712837,9,193,uncalibrated
0,histgb,3,0.004648375251809882,10,193,uncalibrated
0,histgb,3,0.00443775862227562,11,193,uncalibrated
0,histgb,3,0.004255524063713516,12,193,uncalibrated
0,histgb,3,0.004255524063713516,13,193,uncalibrated
0,histgb,3,0.004255524063713516,14,193,uncalibrated
0,histgb,3,0.004255524063713516,15,193,uncalibrated
0,histgb,3,0.1876585229538647,1,199,uncalibrated
0,histgb,3,0.11425133635691122,2,199,uncalibrated
0,histgb,3,0.11499906955417312,3,199,uncalibrated
0,histgb,3,0.024308249000588186,4,199,uncalibrated
0,histgb,3,0.005381037566093657,5,199,uncalibrated
0,histgb,3,0.005381037566093657,6,199,uncalibrated
0,histgb,3,0.005381037566093657,7,199,uncalibrated
0,histgb,3,0.00406675049712837,8,199,uncalibrated
0,histgb,3,0.00406675049712837,9,199,uncalibrated
0,histgb,3,0.0043950690848639645,10,199,uncalibrated
0,histgb,3,0.00443775862227562,11,199,uncalibrated
0,histgb,3,0.004255524063713516,12,199,uncalibrated
0,histgb,3,0.004255524063713516,13,199,uncalibrated
0,histgb,3,0.004255524063713516,14,199,uncalibrated
0,histgb,3,0.004255524063713516,15,199,uncalibrated
0,histgb,3,0.7137963726857911,1,203,uncalibrated
0,histgb,3,0.21140126577064558,2,203,uncalibrated
0,histgb,3,0.15092105587881652,3,203,uncalibrated
0,histgb,3,0.04122736788666396,4,203,uncalibrated
0,histgb,3,0.005381037566093657,5,203,uncalibrated
0,histgb,3,0.005381037566093657,6,203,uncalibrated
0,histgb,3,0.005690844397408842,7,203,uncalibrated
0,histgb,3,0.004301216042657253,8,203,uncalibrated
0,histgb,3,0.004301216042657253,9,203,uncalibrated
0,histgb,3,0.004648375251809882,10,203,uncalibrated
0,histgb,3,0.00443775862227562,11,203,uncalibrated
0,histgb,3,0.004255524063713516,12,203,uncalibrated
0,histgb,3,0.004255524063713516,13,203,uncalibrated
0,histgb,3,0.004255524063713516,14,203,uncalibrated
0,histgb,3,0.004255524063713516,15,203,uncalibrated
1,histgb,3,0.8228324780542254,1,204,uncalibrated
1,histgb,3,0.9236700058454607,2,204,uncalibrated
1,histgb,3,0.7950100108104485,3,204,uncalibrated
1,histgb,3,0.6217795362269675,4,204,uncalibrated
1,histgb,3,0.7810443775938319,5,204,uncalibrated
1,histgb,3,0.5665542586195698,6,204,uncalibrated
1,histgb,3,0.7600208617818557,7,204,uncalibrated
1,histgb,3,0.06487160660740617,8,204,uncalibrated
1,histgb,3,0.20849475110900006,9,204,uncalibrated
1,histgb,3,0.6778729222165968,10,204,uncalibrated
0,histgb,3,0.7223695829502192,11,204,uncalibrated
0,histgb,3,0.11297091571298958,12,204,uncalibrated
0,histgb,3,0.7150106362068932,13,204,uncalibrated
0,histgb,3,0.11297091571298958,14,204,uncalibrated
0,histgb,3,0.04521210660144707,15,204,uncalibrated
0,histgb,3,0.7137963726857911,1,217,uncalibrated
0,histgb,3,0.11425133635691122,2,217,uncalibrated
0,histgb,3,0.06419006004240382,3,217,uncalibrated
0,histgb,3,0.04122736788666396,4,217,uncalibrated
0,histgb,3,0.005381037566093657,5,217,uncalibrated
0,histgb,3,0.005381037566093657,6,217,uncalibrated
0,histgb,3,0.005381037566093657,7,217,uncalibrated
0,histgb,3,0.004301216042657253,8,217,uncalibrated
0,histgb,3,0.004301216042657253,9,217,uncalibrated
0,histgb,3,0.004648375251809882,10,217,uncalibrated
0,histgb,3,0.00443775862227562,11,217,uncalibrated
0,histgb,3,0.004255524063713516,12,217,uncalibrated
0,histgb,3,0.004255524063713516,13,217,uncalibrated
0,histgb,3,0.004255524063713516,14,217,uncalibrated
0,histgb,3,0.004255524063713516,15,217,uncalibrated
0,histgb,3,0.7137963726857911,1,230,uncalibrated
0,histgb,3,0.40991160682038924,2,230,uncalibrated
0,histgb,3,0.15092105587881652,3,230,uncalibrated
0,histgb,3,0.05873121927581839,4,230,uncalibrated
0,histgb,3,0.005690844397408842,5,230,uncalibrated
0,histgb,3,0.005690844397408842,6,230,uncalibrated
0,histgb,3,0.005690844397408842,7,230,uncalibrated
0,histgb,3,0.004301216042657253,8,230,uncalibrated
0,histgb,3,0.004301216042657253,9,230,uncalibrated
0,histgb,3,0.004648375251809882,10,230,uncalibrated
0,histgb,3,0.00443775862227562,11,230,uncalibrated
0,histgb,3,0.004255524063713516,12,230,uncalibrated
0,histgb,3,0.004255524063713516,13,230,uncalibrated
0,histgb,3,0.004255524063713516,14,230,uncalibrated
0,histgb,3,0.004255524063713516,15,230,uncalibrated
1,histgb,3,0.1876585229538647,1,234,uncalibrated
1,histgb,3,0.11425133635691122,2,234,uncalibrated
1,histgb,3,0.7690770690957739,3,234,uncalibrated
1,histgb,3,0.9236700058454607,4,234,uncalibrated
0,histgb,3,0.8002481329681409,5,234,uncalibrated
0,histgb,3,0.5067764177316085,6,234,uncalibrated
0,histgb,3,0.5936913191020712,7,234,uncalibrated
0,histgb,3,0.37491870510377123,8,234,uncalibrated
0,histgb,3,0.5285024329975556,9,234,uncalibrated
0,histgb,3,0.12953289292961162,10,234,uncalibrated
0,histgb,3,0.006956576001960739,11,234,uncalibrated
0,histgb,3,0.005259507744061187,12,234,uncalibrated
0,histgb,3,0.005259507744061187,13,234,uncalibrated
0,histgb,3,0.005172612777024616,14,234,uncalibrated
0,histgb,3,0.004526541691816773,15,234,uncalibrated
0,histgb,3,0.7137963726857911,1,235,uncalibrated
0,histgb,3,0.21140126577064558,2,235,uncalibrated
0,histgb,3,0.15092105587881652,3,235,uncalibrated
0,histgb,3,0.04122736788666396,4,235,uncalibrated
0,histgb,3,0.005381037566093657,5,235,uncalibrated
0,histgb,3,0.005690844397408842,6,235,uncalibrated
0,histgb,3,0.005690844397408842,7,235,uncalibrated
0,histgb,3,0.004301216042657253,8,235,uncalibrated
0,histgb,3,0.004301216042657253,9,235,uncalibrated
0,histgb,3,0.004648375251809882,10,235,uncalibrated
0,histgb,3,0.00443775862227562,11,235,uncalibrated
0,histgb,3,0.004255524063713516,12,235,uncalibrated
0,histgb,3,0.004255524063713516,13,235,uncalibrated
0,histgb,3,0.004255524063713516,14,235,uncalibrated
0,histgb,3,0.004255524063713516,15,235,uncalibrated
0,histgb,3,0.1876585229538647,1,246,uncalibrated
0,histgb,3,0.11425133635691122,2,246,uncalibrated
0,histgb,3,0.6592924065293468,3,246,uncalibrated
0,histgb,3,0.20700073244574416,4,246,uncalibrated
0,histgb,3,0.2785566501534593,5,246,uncalibrated
0,histgb,3,0.15452409765865754,6,246,uncalibrated
0,histgb,3,0.056353809610117656,7,246,uncalibrated
0,histgb,3,0.05191273121964351,8,246,uncalibrated
0,histgb,3,0.057416361999543794,9,246,uncalibrated
0,histgb,3,0.09360518887702432,10,246,uncalibrated
0,histgb,3,0.08394881718803714,11,246,uncalibrated
0,histgb,3,0.056353261603137965,12,246,uncalibrated
0,histgb,3,0.1106585968684635,13,246,uncalibrated
0,histgb,3,0.10125362152307271,14,246,uncalibrated
0,histgb,3,0.26817232227421955,15,246,uncalibrated
0,histgb,3,0.9587941141319584,1,248,uncalibrated
0,histgb,3,0.9501618883142849,2,248,uncalibrated
0,histgb,3,0.9501618883142849,3,248,uncalibrated
0,histgb,3,0.9493999306546568,4,248,uncalibrated
0,histgb,3,0.9439124964852187,5,248,uncalibrated
0,histgb,3,0.9144672149551891,6,248,uncalibrated
0,histgb,3,0.8698420757835673,7,248,uncalibrated
0,histgb,3,0.8571301621128582,8,248,uncalibrated
0,histgb,3,0.8404531086666459,9,248,uncalibrated
0,histgb,3,0.7590160051650855,10,248,uncalibrated
0,histgb,3,0.7590160051650855,11,248,uncalibrated
0,histgb,3,0.5401172779439384,12,248,uncalibrated
0,histgb,3,0.5401172779439384,13,248,uncalibrated
0,histgb,3,0.5053170952884916,14,248,uncalibrated
0,histgb,3,0.4361478873712674,15,248,uncalibrated
0,histgb,3,0.1876585229538647,1,255,uncalibrated
0,histgb,3,0.11425133635691122,2,255,uncalibrated
0,histgb,3,0.11499906955417312,3,255,uncalibrated
0,histgb,3,0.024308249000588186,4,255,uncalibrated
0,histgb,3,0.005381037566093657,5,255,uncalibrated
0,histgb,3,0.005381037566093657,6,255,uncalibrated
0,histgb,3,0.005381037566093657,7,255,uncalibrated
0,histgb,3,0.00406675049712837,8,255,uncalibrated
0,histgb,3,0.004301216042657253,9,255,uncalibrated
0,histgb,3,0.004648375251809882,10,255,uncalibrated
0,histgb,3,0.00443775862227562,11,255,uncalibrated
0,histgb,3,0.004255524063713516,12,255,uncalibrated
0,histgb,3,0.004255524063713516,13,255,uncalibrated
0,histgb,3,0.004255524063713516,14,255,uncalibrated
0,histgb,3,0.004255524063713516,15,255,uncalibrated
0,histgb,3,0.1876585229538647,1,259,uncalibrated
0,histgb,3,0.11425133635691122,2,259,uncalibrated
0,histgb,3,0.052125608503593115,3,259,uncalibrated
0,histgb,3,0.024308249000588186,4,259,uncalibrated
0,histgb,3,0.005381037566093657,5,259,uncalibrated
0,histgb,3,0.005381037566093657,6,259,uncalibrated
0,histgb,3,0.005381037566093657,7,259,uncalibrated
0,histgb,3,0.00406675049712837,8,259,uncalibrated
0,histgb,3,0.00406675049712837,9,259,uncalibrated
0,histgb,3,0.0043950690848639645,10,259,uncalibrated
0,histgb,3,0.00443775862227562,11,259,uncalibrated
0,histgb,3,0.004255524063713516,12,259,uncalibrated
0,histgb,3,0.004255524063713516,13,259,uncalibrated
0,histgb,3,0.004255524063713516,14,259,uncalibrated
0,histgb,3,0.004255524063713516,15,259,uncalibrated
0,histgb,3,0.1876585229538647,1,269,uncalibrated
0,histgb,3,0.21140126577064558,2,269,uncalibrated
0,histgb,3,0.15092105587881652,3,269,uncalibrated
0,histgb,3,0.04122736788666396,4,269,uncalibrated
0,histgb,3,0.005381037566093657,5,269,uncalibrated
0,histgb,3,0.005690844397408842,6,269,uncalibrated
0,histgb,3,0.005690844397408842,7,269,uncalibrated
0,histgb,3,0.004301216042657253,8,269,uncalibrated
0,histgb,3,0.004301216042657253,9,269,uncalibrated
0,histgb,3,0.004648375251809882,10,269,uncalibrated
0,histgb,3,0.00443775862227562,11,269,uncalibrated
0,histgb,3,0.004255524063713516,12,269,uncalibrated
0,histgb,3,0.004255524063713516,13,269,uncalibrated
0,histgb,3,0.004255524063713516,14,269,uncalibrated
0,histgb,3,0.004255524063713516,15,269,uncalibrated
0,histgb,3,0.7137963726857911,1,280,uncalibrated
0,histgb,3,0.11425133635691122,2,280,uncalibrated
0,histgb,3,0.06419006004240382,3,280,uncalibrated
0,histgb,3,0.04122736788666396,4,280,uncalibrated
0,histgb,3,0.005381037566093657,5,280,uncalibrated
0,histgb,3,0.005381037566093657,6,280,uncalibrated
0,histgb,3,0.005381037566093657,7,280,uncalibrated
0,histgb,3,0.00406675049712837,8,280,uncalibrated
0,histgb,3,0.00406675049712837,9,280,uncalibrated
0,histgb,3,0.004648375251809882,10,280,uncalibrated
0,histgb,3,0.00443775862227562,11,280,uncalibrated
0,histgb,3,0.004255524063713516,12,280,uncalibrated
0,histgb,3,0.004255524063713516,13,280,uncalibrated
0,histgb,3,0.004255524063713516,14,280,uncalibrated
0,histgb,3,0.004255524063713516,15,280,uncalibrated
0,histgb,3,0.7137963726857911,1,292,uncalibrated
0,histgb,3,0.7838801488848088,2,292,uncalibrated
0,histgb,3,0.7995689571519676,3,292,uncalibrated
0,histgb,3,0.816225948315242,4,292,uncalibrated
0,histgb,3,0.8130944148578806,5,292,uncalibrated
0,histgb,3,0.8078508336680046,6,292,uncalibrated
0,histgb,3,0.7846529042604679,7,292,uncalibrated
0,histgb,3,0.5002178599237511,8,292,uncalibrated
0,histgb,3,0.3883441211752909,9,292,uncalibrated
0,histgb,3,0.29487527779495804,10,292,uncalibrated
0,histgb,3,0.6652731770710039,11,292,uncalibrated
0,histgb,3,0.3141055099428661,12,292,uncalibrated
0,histgb,3,0.16140166662176972,13,292,uncalibrated
0,histgb,3,0.1505589727266643,14,292,uncalibrated
0,histgb,3,0.1505589727266643,15,292,uncalibrated
1,histgb,3,0.7137963726857911,1,294,uncalibrated
1,histgb,3,0.9171236534410635,2,294,uncalibrated
0,histgb,3,0.7531845497686857,3,294,uncalibrated
0,histgb,3,0.6589063035986604,4,294,uncalibrated
0,histgb,3,0.5620546949732971,5,294,uncalibrated
0,histgb,3,0.047615053940857785,6,294,uncalibrated
0,histgb,3,0.058640534565254414,7,294,uncalibrated
0,histgb,3,0.005786647785562758,8,294,uncalibrated
0,histgb,3,0.005786647785562758,9,294,uncalibrated
0,histgb,3,0.004373728424506842,10,294,uncalibrated
0,histgb,3,0.004373728424506842,11,294,uncalibrated
0,histgb,3,0.004726712460811313,12,294,uncalibrated
0,histgb,3,0.006451727136220771,13,294,uncalibrated
0,histgb,3,0.004255524063713516,14,294,uncalibrated
0,histgb,3,0.004255524063713516,15,294,uncalibrated
0,histgb,3,0.1876585229538647,1,300,uncalibrated
0,histgb,3,0.11425133635691122,2,300,uncalibrated
0,histgb,3,0.052125608503593115,3,300,uncalibrated
0,histgb,3,0.024308249000588186,4,300,uncalibrated
0,histgb,3,0.005381037566093657,5,300,uncalibrated
0,histgb,3,0.005381037566093657,6,300,uncalibrated
0,histgb,3,0.005381037566093657,7,300,uncalibrated
0,histgb,3,0.00406675049712837,8,300,uncalibrated
0,histgb,3,0.00406675049712837,9,300,uncalibrated
0,histgb,3,0.0043950690848639645,10,300,uncalibrated
0,histgb,3,0.00443775862227562,11,300,uncalibrated
0,histgb,3,0.004255524063713516,12,300,uncalibrated
0,histgb,3,0.004255524063713516,13,300,uncalibrated
0,histgb,3,0.004255524063713516,14,300,uncalibrated
0,histgb,3,0.004255524063713516,15,300,uncalibrated
0,histgb,3,0.7137963726857911,1,301,uncalibrated
0,histgb,3,0.3979144908505391,2,301,uncalibrated
0,histgb,3,0.15092105587881652,3,301,uncalibrated
0,histgb,3,0.04122736788666396,4,301,uncalibrated
0,histgb,3,0.005381037566093657,5,301,uncalibrated
0,histgb,3,0.0555382167245344,6,301,uncalibrated
0,histgb,3,0.005690844397408842,7,301,uncalibrated
0,histgb,3,0.003963724478963369,8,301,uncalibrated
0,histgb,3,0.004301216042657253,9,301,uncalibrated
0,histgb,3,0.004648375251809882,10,301,uncalibrated
0,histgb,3,0.006344983006188129,11,301,uncalibrated
0,histgb,3,0.00422354084359082,12,301,uncalibrated
0,histgb,3,0.004255524063713516,13,301,uncalibrated
0,histgb,3,0.00422354084359082,14,301,uncalibrated
0,histgb,3,0.00422354084359082,15,301,uncalibrated
1,histgb,3,0.7137963726857911,1,302,uncalibrated
1,histgb,3,0.9171236534410635,2,302,uncalibrated
1,histgb,3,0.9336668325457508,3,302,uncalibrated
1,histgb,3,0.9433131582462085,4,302,uncalibrated
1,histgb,3,0.9387059682214494,5,302,uncalibrated
1,histgb,3,0.9188194026968396,6,302,uncalibrated
1,histgb,3,0.8981350235067797,7,302,uncalibrated
1,histgb,3,0.9003774181187126,8,302,uncalibrated
1,histgb,3,0.8934443534152884,9,302,uncalibrated
1,histgb,3,0.3819647185628104,10,302,uncalibrated
1,histgb,3,0.3735585777704016,11,302,uncalibrated
1,histgb,3,0.3735585777704016,12,302,uncalibrated
1,histgb,3,0.3740904948051839,13,302,uncalibrated
0,histgb,3,0.7830045735753015,14,302,uncalibrated
0,histgb,3,0.7532035910031455,15,302,uncalibrated
0,histgb,3,0.8228324780542254,1,304,uncalibrated
0,histgb,3,0.40991160682038924,2,304,uncalibrated
0,histgb,3,0.45414000948732963,3,304,uncalibrated
0,histgb,3,0.2528776269253656,4,304,uncalibrated
0,histgb,3,0.05997454175690895,5,304,uncalibrated
0,histgb,3,0.005786647785562758,6,304,uncalibrated
0,histgb,3,0.005786647785562758,7,304,uncalibrated
0,histgb,3,0.004373728424506842,8,304,uncalibrated
0,histgb,3,0.004373728424506842,9,304,uncalibrated
0,histgb,3,0.004726712460811313,10,304,uncalibrated
0,histgb,3,0.00451256248531658,11,304,uncalibrated
0,histgb,3,0.004255524063713516,12,304,uncalibrated
0,histgb,3,0.004255524063713516,13,304,uncalibrated
0,histgb,3,0.004255524063713516,14,304,uncalibrated
0,histgb,3,0.004255524063713516,15,304,uncalibrated
0,histgb,3,0.7137963726857911,1,307,uncalibrated
0,histgb,3,0.21140126577064558,2,307,uncalibrated
0,histgb,3,0.15092105587881652,3,307,uncalibrated
0,histgb,3,0.521824688809082,4,307,uncalibrated
0,histgb,3,0.3538481137704543,5,307,uncalibrated
0,histgb,3,0.032731936310311356,6,307,uncalibrated
0,histgb,3,0.005690844397408842,7,307,uncalibrated
0,histgb,3,0.004301216042657253,8,307,uncalibrated
0,histgb,3,0.004301216042657253,9,307,uncalibrated
0,histgb,3,0.004648375251809882,10,307,uncalibrated
0,histgb,3,0.00443775862227562,11,307,uncalibrated
0,histgb,3,0.004255524063713516,12,307,uncalibrated
0,histgb,3,0.004255524063713516,13,307,uncalibrated
0,histgb,3,0.004255524063713516,14,307,uncalibrated
0,histgb,3,0.004255524063713516,15,307,uncalibrated
1,histgb,3,0.7137963726857911,1,309,uncalibrated
1,histgb,3,0.9171236534410635,2,309,uncalibrated
1,histgb,3,0.9336668325457508,3,309,uncalibrated
1,histgb,3,0.9433131582462085,4,309,uncalibrated
0,histgb,3,0.8314546653246045,5,309,uncalibrated
0,histgb,3,0.9169313757588832,6,309,uncalibrated
0,histgb,3,0.5941730705407147,7,309,uncalibrated
0,histgb,3,0.7407844145802984,8,309,uncalibrated
0,histgb,3,0.7046432395071951,9,309,uncalibrated
0,histgb,3,0.5401100066755726,10,309,uncalibrated
0,histgb,3,0.6732472870141917,11,309,uncalibrated
0,histgb,3,0.7967038153746577,12,309,uncalibrated
0,histgb,3,0.8059842000030667,13,309,uncalibrated
0,histgb,3,0.7699206506068003,14,309,uncalibrated
0,histgb,3,0.5514748601120747,15,309,uncalibrated
0,histgb,3,0.7199213456069782,1,311,uncalibrated
0,histgb,3,0.40991160682038924,2,311,uncalibrated
0,histgb,3,0.15092105587881652,3,311,uncalibrated
0,histgb,3,0.05873121927581839,4,311,uncalibrated
0,histgb,3,0.005690844397408842,5,311,uncalibrated
0,histgb,3,0.005690844397408842,6,311,uncalibrated
0,histgb,3,0.005690844397408842,7,311,uncalibrated
0,histgb,3,0.004301216042657253,8,311,uncalibrated
0,histgb,3,0.004301216042657253,9,311,uncalibrated
0,histgb,3,0.005254437518335163,10,311,uncalibrated
0,histgb,3,0.00443775862227562,11,311,uncalibrated
0,histgb,3,0.006084907827621495,12,311,uncalibrated
0,histgb,3,0.004255524063713516,13,311,uncalibrated
0,histgb,3,0.004255524063713516,14,311,uncalibrated
0,histgb,3,0.004255524063713516,15,311,uncalibrated
0,histgb,3,0.7137963726857911,1,317,uncalibrated
0,histgb,3,0.21140126577064558,2,317,uncalibrated
0,histgb,3,0.15092105587881652,3,317,uncalibrated
0,histgb,3,0.521824688809082,4,317,uncalibrated
0,histgb,3,0.49972351805446624,5,317,uncalibrated
0,histgb,3,0.6471380326085294,6,317,uncalibrated
0,histgb,3,0.2231138660970989,7,317,uncalibrated
0,histgb,3,0.05318853397040397,8,317,uncalibrated
0,histgb,3,0.005117703529010269,9,317,uncalibrated
0,histgb,3,0.0051179276728850675,10,317,uncalibrated
0,histgb,3,0.004478656131806417,11,317,uncalibrated
0,histgb,3,0.004255524063713516,12,317,uncalibrated
0,histgb,3,0.006039258906616785,13,317,uncalibrated
0,histgb,3,0.00422354084359082,14,317,uncalibrated
0,histgb,3,0.00422354084359082,15,317,uncalibrated
0,histgb,3,0.7137963726857911,1,318,uncalibrated
0,histgb,3,0.3979144908505391,2,318,uncalibrated
0,histgb,3,0.15092105587881652,3,318,uncalibrated
0,histgb,3,0.04122736788666396,4,318,uncalibrated
0,histgb,3,0.005381037566093657,5,318,uncalibrated
0,histgb,3,0.005690844397408842,6,318,uncalibrated
0,histgb,3,0.005690844397408842,7,318,uncalibrated
0,histgb,3,0.004301216042657253,8,318,uncalibrated
0,histgb,3,0.004301216042657253,9,318,uncalibrated
0,histgb,3,0.004648375251809882,10,318,uncalibrated
0,histgb,3,0.00443775862227562,11,318,uncalibrated
0,histgb,3,0.004255524063713516,12,318,uncalibrated
0,histgb,3,0.004255524063713516,13,318,uncalibrated
0,histgb,3,0.004255524063713516,14,318,uncalibrated
0,histgb,3,0.004255524063713516,15,318,uncalibrated
0,histgb,3,0.1876585229538647,1,319,uncalibrated
0,histgb,3,0.11425133635691122,2,319,uncalibrated
0,histgb,3,0.14464590401183786,3,319,uncalibrated
0,histgb,3,0.024308249000588186,4,319,uncalibrated
0,histgb,3,0.005381037566093657,5,319,uncalibrated
0,histgb,3,0.005381037566093657,6,319,uncalibrated
0,histgb,3,0.005381037566093657,7,319,uncalibrated
0,histgb,3,0.00406675049712837,8,319,uncalibrated
0,histgb,3,0.00406675049712837,9,319,uncalibrated
0,histgb,3,0.0043950690848639645,10,319,uncalibrated
0,histgb,3,0.00443775862227562,11,319,uncalibrated
0,histgb,3,0.004255524063713516,12,319,uncalibrated
0,histgb,3,0.004255524063713516,13,319,uncalibrated
0,histgb,3,0.004255524063713516,14,319,uncalibrated
0,histgb,3,0.004255524063713516,15,319,uncalibrated
0,histgb,3,0.1876585229538647,1,321,uncalibrated
0,histgb,3,0.11425133635691122,2,321,uncalibrated
0,histgb,3,0.14464590401183786,3,321,uncalibrated
0,histgb,3,0.024308249000588186,4,321,uncalibrated
0,histgb,3,0.005381037566093657,5,321,uncalibrated
0,histgb,3,0.005381037566093657,6,321,uncalibrated
0,histgb,3,0.005381037566093657,7,321,uncalibrated
0,histgb,3,0.00406675049712837,8,321,uncalibrated
0,histgb,3,0.00406675049712837,9,321,uncalibrated
0,histgb,3,0.0043950690848639645,10,321,uncalibrated
0,histgb,3,0.00443775862227562,11,321,uncalibrated
0,histgb,3,0.004255524063713516,12,321,uncalibrated
0,histgb,3,0.004255524063713516,13,321,uncalibrated
0,histgb,3,0.004255524063713516,14,321,uncalibrated
0,histgb,3,0.004255524063713516,15,321,uncalibrated
0,histgb,3,0.8228324780542254,1,327,uncalibrated
0,histgb,3,0.7838801488848088,2,327,uncalibrated
0,histgb,3,0.9294638932331863,3,327,uncalibrated
0,histgb,3,0.9468080289067833,4,327,uncalibrated
0,histgb,3,0.9410429283148153,5,327,uncalibrated
0,histgb,3,0.9257323502407467,6,327,uncalibrated
0,histgb,3,0.9079739354756061,7,327,uncalibrated
0,histgb,3,0.898551839354521,8,327,uncalibrated
0,histgb,3,0.8968770673902206,9,327,uncalibrated
0,histgb,3,0.8730588593059841,10,327,uncalibrated
0,histgb,3,0.7682019624483302,11,327,uncalibrated
0,histgb,3,0.41425967664071794,12,327,uncalibrated
0,histgb,3,0.22913101999498958,13,327,uncalibrated
0,histgb,3,0.20541787086812732,14,327,uncalibrated
0,histgb,3,0.18236309936886183,15,327,uncalibrated
0,histgb,3,0.1876585229538647,1,341,uncalibrated
0,histgb,3,0.11425133635691122,2,341,uncalibrated
0,histgb,3,0.06419006004240382,3,341,uncalibrated
0,histgb,3,0.04122736788666396,4,341,uncalibrated
0,histgb,3,0.005381037566093657,5,341,uncalibrated
0,histgb,3,0.005381037566093657,6,341,uncalibrated
0,histgb,3,0.005381037566093657,7,341,uncalibrated
0,histgb,3,0.00406675049712837,8,341,uncalibrated
0,histgb,3,0.004301216042657253,9,341,uncalibrated
0,histgb,3,0.004648375251809882,10,341,uncalibrated
0,histgb,3,0.00443775862227562,11,341,uncalibrated
0,histgb,3,0.006084907827621495,12,341,uncalibrated
0,histgb,3,0.004255524063713516,13,341,uncalibrated
0,histgb,3,0.004255524063713516,14,341,uncalibrated
0,histgb,3,0.004255524063713516,15,341,uncalibrated
0,histgb,3,0.1876585229538647,1,344,uncalibrated
0,histgb,3,0.11425133635691122,2,344,uncalibrated
0,histgb,3,0.06419006004240382,3,344,uncalibrated
0,histgb,3,0.04122736788666396,4,344,uncalibrated
0,histgb,3,0.005381037566093657,5,344,uncalibrated
0,histgb,3,0.005381037566093657,6,344,uncalibrated
0,histgb,3,0.005381037566093657,7,344,uncalibrated
0,histgb,3,0.00406675049712837,8,344,uncalibrated
0,histgb,3,0.004301216042657253,9,344,uncalibrated
0,histgb,3,0.004648375251809882,10,344,uncalibrated
0,histgb,3,0.00443775862227562,11,344,uncalibrated
0,histgb,3,0.004255524063713516,12,344,uncalibrated
0,histgb,3,0.004255524063713516,13,344,uncalibrated
0,histgb,3,0.004255524063713516,14,344,uncalibrated
0,histgb,3,0.004255524063713516,15,344,uncalibrated
1,histgb,3,0.7137963726857911,1,357,uncalibrated
1,histgb,3,0.9299817458538531,2,357,uncalibrated
1,histgb,3,0.9336668325457508,3,357,uncalibrated
1,histgb,3,0.7172886985815113,4,357,uncalibrated
1,histgb,3,0.8090183391105703,5,357,uncalibrated
1,histgb,3,0.7851309592502336,6,357,uncalibrated
1,histgb,3,0.835542840348204,7,357,uncalibrated
1,histgb,3,0.8461454729107611,8,357,uncalibrated
1,histgb,3,0.8981350235067797,9,357,uncalibrated
1,histgb,3,0.23800468619592743,10,357,uncalibrated
1,histgb,3,0.520871664471529,11,357,uncalibrated
1,histgb,3,0.30874973245480625,12,357,uncalibrated
0,histgb,3,0.778142162375143,13,357,uncalibrated
0,histgb,3,0.15007119831927448,14,357,uncalibrated
0,histgb,3,0.043747682652958905,15,357,uncalibrated
0,histgb,3,0.7137963726857911,1,361,uncalibrated
0,histgb,3,0.21140126577064558,2,361,uncalibrated
0,histgb,3,0.15092105587881652,3,361,uncalibrated
0,histgb,3,0.04515827066136953,4,361,uncalibrated
0,histgb,3,0.005690844397408842,5,361,uncalibrated
0,histgb,3,0.005690844397408842,6,361,uncalibrated
0,histgb,3,0.005690844397408842,7,361,uncalibrated
0,histgb,3,0.004301216042657253,8,361,uncalibrated
0,histgb,3,0.005857254499429693,9,361,uncalibrated
0,histgb,3,0.004726712460811313,10,361,uncalibrated
0,histgb,3,0.00451256248531658,11,361,uncalibrated
0,histgb,3,0.004255524063713516,12,361,uncalibrated
0,histgb,3,0.004255524063713516,13,361,uncalibrated
0,histgb,3,0.004255524063713516,14,361,uncalibrated
0,histgb,3,0.004255524063713516,15,361,uncalibrated
0,histgb,3,0.1876585229538647,1,363,uncalibrated
0,histgb,3,0.11425133635691122,2,363,uncalibrated
0,histgb,3,0.06419006004240382,3,363,uncalibrated
0,histgb,3,0.024308249000588186,4,363,uncalibrated
0,histgb,3,0.005381037566093657,5,363,uncalibrated
0,histgb,3,0.005381037566093657,6,363,uncalibrated
0,histgb,3,0.005381037566093657,7,363,uncalibrated
0,histgb,3,0.00406675049712837,8,363,uncalibrated
0,histgb,3,0.00406675049712837,9,363,uncalibrated
0,histgb,3,0.0043950690848639645,10,363,uncalibrated
0,histgb,3,0.00443775862227562,11,363,uncalibrated
0,histgb,3,0.004255524063713516,12,363,uncalibrated
0,histgb,3,0.004255524063713516,13,363,uncalibrated
0,histgb,3,0.004255524063713516,14,363,uncalibrated
0,histgb,3,0.006084907827621495,15,363,uncalibrated
0,histgb,3,0.7137963726857911,1,370,uncalibrated
0,histgb,3,0.11425133635691122,2,370,uncalibrated
0,histgb,3,0.06419006004240382,3,370,uncalibrated
0,histgb,3,0.04122736788666396,4,370,uncalibrated
0,histgb,3,0.005381037566093657,5,370,uncalibrated
0,histgb,3,0.005381037566093657,6,370,uncalibrated
0,histgb,3,0.005381037566093657,7,370,uncalibrated
0,histgb,3,0.00406675049712837,8,370,uncalibrated
0,histgb,3,0.00406675049712837,9,370,uncalibrated
0,histgb,3,0.004648375251809882,10,370,uncalibrated
0,histgb,3,0.00443775862227562,11,370,uncalibrated
0,histgb,3,0.004255524063713516,12,370,uncalibrated
0,histgb,3,0.004255524063713516,13,370,uncalibrated
0,histgb,3,0.004255524063713516,14,370,uncalibrated
0,histgb,3,0.004255524063713516,15,370,uncalibrated
1,histgb,3,0.7137963726857911,1,372,uncalibrated
1,histgb,3,0.9236700058454607,2,372,uncalibrated
1,histgb,3,0.9336668325457508,3,372,uncalibrated
1,histgb,3,0.9433131582462085,4,372,uncalibrated
0,histgb,3,0.8314546653246045,5,372,uncalibrated
0,histgb,3,0.7958259191409254,6,372,uncalibrated
0,histgb,3,0.7775878729126201,7,372,uncalibrated
0,histgb,3,0.8982546872251056,8,372,uncalibrated
1,histgb,3,0.8149933012331593,9,372,uncalibrated
1,histgb,3,0.7120314461397,10,372,uncalibrated
1,histgb,3,0.6725712415599358,11,372,uncalibrated
0,histgb,3,0.7884044096760606,12,372,uncalibrated
0,histgb,3,0.6575732415287165,13,372,uncalibrated
0,histgb,3,0.6409423560000035,14,372,uncalibrated
0,histgb,3,0.5030374425830983,15,372,uncalibrated
0,histgb,3,0.7137963726857911,1,375,uncalibrated
0,histgb,3,0.3367971267997181,2,375,uncalibrated
0,histgb,3,0.15092105587881652,3,375,uncalibrated
0,histgb,3,0.04122736788666396,4,375,uncalibrated
0,histgb,3,0.005381037566093657,5,375,uncalibrated
0,histgb,3,0.005381037566093657,6,375,uncalibrated
0,histgb,3,0.005690844397408842,7,375,uncalibrated
0,histgb,3,0.004301216042657253,8,375,uncalibrated
0,histgb,3,0.005857254499429693,9,375,uncalibrated
0,histgb,3,0.004648375251809882,10,375,uncalibrated
0,histgb,3,0.00443775862227562,11,375,uncalibrated
0,histgb,3,0.004255524063713516,12,375,uncalibrated
0,histgb,3,0.004255524063713516,13,375,uncalibrated
0,histgb,3,0.004255524063713516,14,375,uncalibrated
0,histgb,3,0.004255524063713516,15,375,uncalibrated
1,histgb,3,0.7137963726857911,1,380,uncalibrated
1,histgb,3,0.21140126577064558,2,380,uncalibrated
1,histgb,3,0.7845706229230167,3,380,uncalibrated
1,histgb,3,0.9236700058454607,4,380,uncalibrated
1,histgb,3,0.940200745362063,5,380,uncalibrated
1,histgb,3,0.9209683309800395,6,380,uncalibrated
0,histgb,3,0.7550647088944649,7,380,uncalibrated
0,histgb,3,0.5372474624050553,8,380,uncalibrated
0,histgb,3,0.7309123825717648,9,380,uncalibrated
0,histgb,3,0.3154345242419325,10,380,uncalibrated
0,histgb,3,0.39916981917083316,11,380,uncalibrated
0,histgb,3,0.3627254541980993,12,380,uncalibrated
0,histgb,3,0.3272614999964031,13,380,uncalibrated
0,histgb,3,0.018074282860106785,14,380,uncalibrated
0,histgb,3,0.022434380935884613,15,380,uncalibrated
0,histgb,3,0.1876585229538647,1,384,uncalibrated
0,histgb,3,0.10626657868987771,2,384,uncalibrated
0,histgb,3,0.052125608503593115,3,384,uncalibrated
0,histgb,3,0.0262752373918145,4,384,uncalibrated
0,histgb,3,0.005381037566093657,5,384,uncalibrated
0,histgb,3,0.005381037566093657,6,384,uncalibrated
0,histgb,3,0.005381037566093657,7,384,uncalibrated
0,histgb,3,0.00406675049712837,8,384,uncalibrated
0,histgb,3,0.00406675049712837,9,384,uncalibrated
0,histgb,3,0.0043950690848639645,10,384,uncalibrated
0,histgb,3,0.00443775862227562,11,384,uncalibrated
0,histgb,3,0.004255524063713516,12,384,uncalibrated
0,histgb,3,0.004255524063713516,13,384,uncalibrated
0,histgb,3,0.004255524063713516,14,384,uncalibrated
0,histgb,3,0.004255524063713516,15,384,uncalibrated
0,histgb,3,0.1876585229538647,1,399,uncalibrated
0,histgb,3,0.11425133635691122,2,399,uncalibrated
0,histgb,3,0.052125608503593115,3,399,uncalibrated
0,histgb,3,0.024308249000588186,4,399,uncalibrated
0,histgb,3,0.005381037566093657,5,399,uncalibrated
0,histgb,3,0.005381037566093657,6,399,uncalibrated
0,histgb,3,0.005381037566093657,7,399,uncalibrated
0,histgb,3,0.00406675049712837,8,399,uncalibrated
0,histgb,3,0.00406675049712837,9,399,uncalibrated
0,histgb,3,0.0043950690848639645,10,399,uncalibrated
0,histgb,3,0.00443775862227562,11,399,uncalibrated
0,histgb,3,0.004255524063713516,12,399,uncalibrated
0,histgb,3,0.004255524063713516,13,399,uncalibrated
0,histgb,3,0.004255524063713516,14,399,uncalibrated
0,histgb,3,0.004255524063713516,15,399,uncalibrated
0,histgb,3,0.1876585229538647,1,411,uncalibrated
0,histgb,3,0.10626657868987771,2,411,uncalibrated
0,histgb,3,0.052125608503593115,3,411,uncalibrated
0,histgb,3,0.0262752373918145,4,411,uncalibrated
0,histgb,3,0.005381037566093657,5,411,uncalibrated
0,histgb,3,0.005381037566093657,6,411,uncalibrated
0,histgb,3,0.005381037566093657,7,411,uncalibrated
0,histgb,3,0.00406675049712837,8,411,uncalibrated
0,histgb,3,0.00406675049712837,9,411,uncalibrated
0,histgb,3,0.0043950690848639645,10,411,uncalibrated
0,histgb,3,0.00443775862227562,11,411,uncalibrated
0,histgb,3,0.004255524063713516,12,411,uncalibrated
0,histgb,3,0.004255524063713516,13,411,uncalibrated
0,histgb,3,0.004255524063713516,14,411,uncalibrated
0,histgb,3,0.004255524063713516,15,411,uncalibrated
0,histgb,3,0.1876585229538647,1,413,uncalibrated
0,histgb,3,0.11425133635691122,2,413,uncalibrated
0,histgb,3,0.15092105587881652,3,413,uncalibrated
0,histgb,3,0.04122736788666396,4,413,uncalibrated
0,histgb,3,0.005381037566093657,5,413,uncalibrated
0,histgb,3,0.005381037566093657,6,413,uncalibrated
0,histgb,3,0.005381037566093657,7,413,uncalibrated
0,histgb,3,0.004301216042657253,8,413,uncalibrated
0,histgb,3,0.004301216042657253,9,413,uncalibrated
0,histgb,3,0.004648375251809882,10,413,uncalibrated
0,histgb,3,0.00443775862227562,11,413,uncalibrated
0,histgb,3,0.004255524063713516,12,413,uncalibrated
0,histgb,3,0.004255524063713516,13,413,uncalibrated
0,histgb,3,0.004255524063713516,14,413,uncalibrated
0,histgb,3,0.004255524063713516,15,413,uncalibrated
1,histgb,3,0.9587941141319584,1,419,uncalibrated
1,histgb,3,0.9501618883142849,2,419,uncalibrated
1,histgb,3,0.9501618883142849,3,419,uncalibrated
0,histgb,3,0.6989195544981771,4,419,uncalibrated
0,histgb,3,0.6783051537163067,5,419,uncalibrated
0,histgb,3,0.6708110644691656,6,419,uncalibrated
0,histgb,3,0.7768355141870424,7,419,uncalibrated
0,histgb,3,0.8752052352794831,8,419,uncalibrated
0,histgb,3,0.8654999193955715,9,419,uncalibrated
0,histgb,3,0.8988778613984355,10,419,uncalibrated
0,histgb,3,0.8923117344001676,11,419,uncalibrated
0,histgb,3,0.8923117344001676,12,419,uncalibrated
0,histgb,3,0.7194634897726419,13,419,uncalibrated
0,histgb,3,0.42978916663703715,14,419,uncalibrated
0,histgb,3,0.03233081539181017,15,419,uncalibrated
0,histgb,3,0.7137963726857911,1,433,uncalibrated
0,histgb,3,0.21140126577064558,2,433,uncalibrated
0,histgb,3,0.15092105587881652,3,433,uncalibrated
0,histgb,3,0.04122736788666396,4,433,uncalibrated
0,histgb,3,0.005381037566093657,5,433,uncalibrated
0,histgb,3,0.005690844397408842,6,433,uncalibrated
0,histgb,3,0.005690844397408842,7,433,uncalibrated
0,histgb,3,0.004301216042657253,8,433,uncalibrated
0,histgb,3,0.004301216042657253,9,433,uncalibrated
0,histgb,3,0.004648375251809882,10,433,uncalibrated
0,histgb,3,0.00443775862227562,11,433,uncalibrated
0,histgb,3,0.004255524063713516,12,433,uncalibrated
0,histgb,3,0.004255524063713516,13,433,uncalibrated
0,histgb,3,0.004255524063713516,14,433,uncalibrated
0,histgb,3,0.004255524063713516,15,433,uncalibrated
0,histgb,3,0.7137963726857911,1,434,uncalibrated
0,histgb,3,0.21140126577064558,2,434,uncalibrated
0,histgb,3,0.15092105587881652,3,434,uncalibrated
0,histgb,3,0.04122736788666396,4,434,uncalibrated
0,histgb,3,0.005381037566093657,5,434,uncalibrated
0,histgb,3,0.005690844397408842,6,434,uncalibrated
0,histgb,3,0.005690844397408842,7,434,uncalibrated
0,histgb,3,0.004301216042657253,8,434,uncalibrated
0,histgb,3,0.005857254499429693,9,434,uncalibrated
0,histgb,3,0.004648375251809882,10,434,uncalibrated
0,histgb,3,0.00443775862227562,11,434,uncalibrated
0,histgb,3,0.004255524063713516,12,434,uncalibrated
0,histgb,3,0.004255524063713516,13,434,uncalibrated
0,histgb,3,0.006084907827621495,14,434,uncalibrated
0,histgb,3,0.004255524063713516,15,434,uncalibrated
0,histgb,3,0.8228324780542254,1,436,uncalibrated
0,histgb,3,0.7838801488848088,2,436,uncalibrated
0,histgb,3,0.7995689571519676,3,436,uncalibrated
0,histgb,3,0.5694827663779295,4,436,uncalibrated
0,histgb,3,0.5643906044666562,5,436,uncalibrated
0,histgb,3,0.7756974017021991,6,436,uncalibrated
0,histgb,3,0.7846529042604679,7,436,uncalibrated
0,histgb,3,0.5002178599237511,8,436,uncalibrated
0,histgb,3,0.3883441211752909,9,436,uncalibrated
0,histgb,3,0.29487527779495804,10,436,uncalibrated
0,histgb,3,0.21822273484442842,11,436,uncalibrated
0,histgb,3,0.06646038857994918,12,436,uncalibrated
0,histgb,3,0.06646038857994918,13,436,uncalibrated
0,histgb,3,0.0173513454536318,14,436,uncalibrated
0,histgb,3,0.01593858295774597,15,436,uncalibrated
0,histgb,3,0.7137963726857911,1,452,uncalibrated
0,histgb,3,0.11425133635691122,2,452,uncalibrated
0,histgb,3,0.06419006004240382,3,452,uncalibrated
0,histgb,3,0.04122736788666396,4,452,uncalibrated
0,histgb,3,0.005381037566093657,5,452,uncalibrated
0,histgb,3,0.005381037566093657,6,452,uncalibrated
0,histgb,3,0.005381037566093657,7,452,uncalibrated
0,histgb,3,0.004301216042657253,8,452,uncalibrated
0,histgb,3,0.004301216042657253,9,452,uncalibrated
0,histgb,3,0.004648375251809882,10,452,uncalibrated
0,histgb,3,0.00443775862227562,11,452,uncalibrated
0,histgb,3,0.004255524063713516,12,452,uncalibrated
0,histgb,3,0.004255524063713516,13,452,uncalibrated
0,histgb,3,0.004255524063713516,14,452,uncalibrated
0,histgb,3,0.004255524063713516,15,452,uncalibrated
0,histgb,3,0.7137963726857911,1,459,uncalibrated
0,histgb,3,0.40991160682038924,2,459,uncalibrated
0,histgb,3,0.4306654937202416,3,459,uncalibrated
0,histgb,3,0.26093008125157485,4,459,uncalibrated
0,histgb,3,0.6400628334859536,5,459,uncalibrated
0,histgb,3,0.40519785565539884,6,459,uncalibrated
0,histgb,3,0.034666102532067936,7,459,uncalibrated
0,histgb,3,0.004373728424506842,8,459,uncalibrated
0,histgb,3,0.004373728424506842,9,459,uncalibrated
0,histgb,3,0.004726712460811313,10,459,uncalibrated
0,histgb,3,0.00451256248531658,11,459,uncalibrated
0,histgb,3,0.004255524063713516,12,459,uncalibrated
0,histgb,3,0.004255524063713516,13,459,uncalibrated
0,histgb,3,0.004255524063713516,14,459,uncalibrated
0,histgb,3,0.004255524063713516,15,459,uncalibrated
0,histgb,3,0.7137963726857911,1,460,uncalibrated
0,histgb,3,0.8908965724924135,2,460,uncalibrated
0,histgb,3,0.5951442230295444,3,460,uncalibrated
0,histgb,3,0.4034931504209844,4,460,uncalibrated
0,histgb,3,0.7740721082458409,5,460,uncalibrated
0,histgb,3,0.4855290363884062,6,460,uncalibrated
0,histgb,3,0.41706295004061716,7,460,uncalibrated
0,histgb,3,0.28379518238970974,8,460,uncalibrated
0,histgb,3,0.870546251014618,9,460,uncalibrated
0,histgb,3,0.5876087831228384,10,460,uncalibrated
0,histgb,3,0.8125681183218884,11,460,uncalibrated
0,histgb,3,0.7226257816062598,12,460,uncalibrated
0,histgb,3,0.6444865469160461,13,460,uncalibrated
0,histgb,3,0.6484333879394456,14,460,uncalibrated
0,histgb,3,0.6986357793103948,15,460,uncalibrated
0,histgb,3,0.1876585229538647,1,462,uncalibrated
0,histgb,3,0.11425133635691122,2,462,uncalibrated
0,histgb,3,0.06419006004240382,3,462,uncalibrated
0,histgb,3,0.04122736788666396,4,462,uncalibrated
0,histgb,3,0.005381037566093657,5,462,uncalibrated
0,histgb,3,0.04193997324601325,6,462,uncalibrated
0,histgb,3,0.0404519824660894,7,462,uncalibrated
0,histgb,3,0.028176437175526817,8,462,uncalibrated
0,histgb,3,0.004142838468586883,9,462,uncalibrated
0,histgb,3,0.004619548842595797,10,462,uncalibrated
0,histgb,3,0.004478656131806417,11,462,uncalibrated
0,histgb,3,0.004255524063713516,12,462,uncalibrated
0,histgb,3,0.004255524063713516,13,462,uncalibrated
0,histgb,3,0.004255524063713516,14,462,uncalibrated
0,histgb,3,0.004255524063713516,15,462,uncalibrated
0,histgb,3,0.1876585229538647,1,463,uncalibrated
0,histgb,3,0.11425133635691122,2,463,uncalibrated
0,histgb,3,0.11499906955417312,3,463,uncalibrated
0,histgb,3,0.024308249000588186,4,463,uncalibrated
0,histgb,3,0.005381037566093657,5,463,uncalibrated
0,histgb,3,0.005381037566093657,6,463,uncalibrated
0,histgb,3,0.005381037566093657,7,463,uncalibrated
0,histgb,3,0.00406675049712837,8,463,uncalibrated
0,histgb,3,0.00406675049712837,9,463,uncalibrated
0,histgb,3,0.0043950690848639645,10,463,uncalibrated
0,histgb,3,0.00443775862227562,11,463,uncalibrated
0,histgb,3,0.004255524063713516,12,463,uncalibrated
0,histgb,3,0.004255524063713516,13,463,uncalibrated
0,histgb,3,0.004255524063713516,14,463,uncalibrated
0,histgb,3,0.004255524063713516,15,463,uncalibrated
1,histgb,3,0.7137963726857911,1,466,uncalibrated
1,histgb,3,0.9236700058454607,2,466,uncalibrated
1,histgb,3,0.7790629551732583,3,466,uncalibrated
1,histgb,3,0.7845706229230167,4,466,uncalibrated
1,histgb,3,0.8065378547896731,5,466,uncalibrated
1,histgb,3,0.8139674991975522,6,466,uncalibrated
1,histgb,3,0.8892008061986076,7,466,uncalibrated
0,histgb,3,0.8111480016971797,8,466,uncalibrated
1,histgb,3,0.8423682166818641,9,466,uncalibrated
0,histgb,3,0.6646339549157739,10,466,uncalibrated
0,histgb,3,0.6593433966104207,11,466,uncalibrated
0,histgb,3,0.5855473456224732,12,466,uncalibrated
0,histgb,3,0.6127066740679745,13,466,uncalibrated
0,histgb,3,0.51758221881661,14,466,uncalibrated
0,histgb,3,0.4357886850721691,15,466,uncalibrated
0,histgb,3,0.1876585229538647,1,471,uncalibrated
0,histgb,3,0.11425133635691122,2,471,uncalibrated
0,histgb,3,0.11499906955417312,3,471,uncalibrated
0,histgb,3,0.024308249000588186,4,471,uncalibrated
0,histgb,3,0.005381037566093657,5,471,uncalibrated
0,histgb,3,0.005381037566093657,6,471,uncalibrated
0,histgb,3,0.005381037566093657,7,471,uncalibrated
0,histgb,3,0.00406675049712837,8,471,uncalibrated
0,histgb,3,0.00406675049712837,9,471,uncalibrated
0,histgb,3,0.0043950690848639645,10,471,uncalibrated
0,histgb,3,0.00443775862227562,11,471,uncalibrated
0,histgb,3,0.004255524063713516,12,471,uncalibrated
0,histgb,3,0.004255524063713516,13,471,uncalibrated
0,histgb,3,0.004255524063713516,14,471,uncalibrated
0,histgb,3,0.004255524063713516,15,471,uncalibrated
0,histgb,3,0.7137963726857911,1,472,uncalibrated
0,histgb,3,0.11425133635691122,2,472,uncalibrated
0,histgb,3,0.06419006004240382,3,472,uncalibrated
0,histgb,3,0.04122736788666396,4,472,uncalibrated
0,histgb,3,0.005381037566093657,5,472,uncalibrated
0,histgb,3,0.005381037566093657,6,472,uncalibrated
0,histgb,3,0.005381037566093657,7,472,uncalibrated
0,histgb,3,0.00406675049712837,8,472,uncalibrated
0,histgb,3,0.004301216042657253,9,472,uncalibrated
0,histgb,3,0.004648375251809882,10,472,uncalibrated
0,histgb,3,0.00443775862227562,11,472,uncalibrated
0,histgb,3,0.004255524063713516,12,472,uncalibrated
0,histgb,3,0.004255524063713516,13,472,uncalibrated
0,histgb,3,0.004255524063713516,14,472,uncalibrated
0,histgb,3,0.004255524063713516,15,472,uncalibrated
1,histgb,3,0.9587941141319584,1,475,uncalibrated
1,histgb,3,0.9501618883142849,2,475,uncalibrated
1,histgb,3,0.9501618883142849,3,475,uncalibrated
1,histgb,3,0.9493999306546568,4,475,uncalibrated
1,histgb,3,0.9439124964852187,5,475,uncalibrated
1,histgb,3,0.9144672149551891,6,475,uncalibrated
1,histgb,3,0.8698420757835673,7,475,uncalibrated
1,histgb,3,0.8571301621128582,8,475,uncalibrated
0,histgb,3,0.6150885659354636,9,475,uncalibrated
0,histgb,3,0.6073016669289679,10,475,uncalibrated
0,histgb,3,0.6157641020745418,11,475,uncalibrated
0,histgb,3,0.841243756082463,12,475,uncalibrated
0,histgb,3,0.6493260170622093,13,475,uncalibrated
0,histgb,3,0.6303433478695943,14,475,uncalibrated
0,histgb,3,0.6420162939433424,15,475,uncalibrated
0,histgb,3,0.1876585229538647,1,479,uncalibrated
0,histgb,3,0.11425133635691122,2,479,uncalibrated
0,histgb,3,0.06419006004240382,3,479,uncalibrated
0,histgb,3,0.04122736788666396,4,479,uncalibrated
0,histgb,3,0.005381037566093657,5,479,uncalibrated
0,histgb,3,0.005381037566093657,6,479,uncalibrated
0,histgb,3,0.005381037566093657,7,479,uncalibrated
0,histgb,3,0.004301216042657253,8,479,uncalibrated
0,histgb,3,0.004301216042657253,9,479,uncalibrated
0,histgb,3,0.004648375251809882,10,479,uncalibrated
0,histgb,3,0.00443775862227562,11,479,uncalibrated
0,histgb,3,0.004255524063713516,12,479,uncalibrated
0,histgb,3,0.004255524063713516,13,479,uncalibrated
0,histgb,3,0.004255524063713516,14,479,uncalibrated
0,histgb,3,0.004255524063713516,15,479,uncalibrated
1,histgb,3,0.8228324780542254,1,482,uncalibrated
1,histgb,3,0.9236700058454607,2,482,uncalibrated
1,histgb,3,0.9336668325457508,3,482,uncalibrated
1,histgb,3,0.8092016891391423,4,482,uncalibrated
1,histgb,3,0.6589063035986604,5,482,uncalibrated
1,histgb,3,0.7985888379189379,6,482,uncalibrated
1,histgb,3,0.7563234446240594,7,482,uncalibrated
1,histgb,3,0.6051959539368775,8,482,uncalibrated
1,histgb,3,0.755444126808245,9,482,uncalibrated
1,histgb,3,0.7491198779632375,10,482,uncalibrated
0,histgb,3,0.8837164840604146,11,482,uncalibrated
0,histgb,3,0.6163562207238937,12,482,uncalibrated
0,histgb,3,0.6352567964521122,13,482,uncalibrated
0,histgb,3,0.16583880008927313,14,482,uncalibrated
0,histgb,3,0.19502298296813317,15,482,uncalibrated
1,histgb,3,0.9587941141319584,1,483,uncalibrated
1,histgb,3,0.9501618883142849,2,483,uncalibrated
1,histgb,3,0.9501618883142849,3,483,uncalibrated
1,histgb,3,0.9493999306546568,4,483,uncalibrated
1,histgb,3,0.9439124964852187,5,483,uncalibrated
1,histgb,3,0.9144672149551891,6,483,uncalibrated
1,histgb,3,0.8698420757835673,7,483,uncalibrated
1,histgb,3,0.8571301621128582,8,483,uncalibrated
1,histgb,3,0.8404531086666459,9,483,uncalibrated
1,histgb,3,0.7590160051650855,10,483,uncalibrated
1,histgb,3,0.7590160051650855,11,483,uncalibrated
1,histgb,3,0.5401172779439384,12,483,uncalibrated
1,histgb,3,0.5401172779439384,13,483,uncalibrated
0,histgb,3,0.6234872318354217,14,483,uncalibrated
0,histgb,3,0.6157641020745418,15,483,uncalibrated
0,histgb,3,0.7137963726857911,1,484,uncalibrated
0,histgb,3,0.40991160682038924,2,484,uncalibrated
0,histgb,3,0.15092105587881652,3,484,uncalibrated
0,histgb,3,0.0564421975956992,4,484,uncalibrated
0,histgb,3,0.05997454175690895,5,484,uncalibrated
0,histgb,3,0.005786647785562758,6,484,uncalibrated
0,histgb,3,0.005786647785562758,7,484,uncalibrated
0,histgb,3,0.004373728424506842,8,484,uncalibrated
0,histgb,3,0.004373728424506842,9,484,uncalibrated
0,histgb,3,0.004726712460811313,10,484,uncalibrated
0,histgb,3,0.00451256248531658,11,484,uncalibrated
0,histgb,3,0.004255524063713516,12,484,uncalibrated
0,histgb,3,0.004255524063713516,13,484,uncalibrated
0,histgb,3,0.004255524063713516,14,484,uncalibrated
0,histgb,3,0.004255524063713516,15,484,uncalibrated
0,histgb,3,0.7137963726857911,1,490,uncalibrated
0,histgb,3,0.9171236534410635,2,490,uncalibrated
0,histgb,3,0.7172886985815113,3,490,uncalibrated
0,histgb,3,0.7845706229230167,4,490,uncalibrated
0,histgb,3,0.8090183391105703,5,490,uncalibrated
0,histgb,3,0.8163744118435821,6,490,uncalibrated
0,histgb,3,0.7845273842231812,7,490,uncalibrated
0,histgb,3,0.05484260674771394,8,490,uncalibrated
0,histgb,3,0.04784868964928358,9,490,uncalibrated
0,histgb,3,0.06359078352396909,10,490,uncalibrated
0,histgb,3,0.0832362731234068,11,490,uncalibrated
0,histgb,3,0.02093402860378925,12,490,uncalibrated
0,histgb,3,0.021310266586351156,13,490,uncalibrated
0,histgb,3,0.02015023270944901,14,490,uncalibrated
0,histgb,3,0.025521756561974345,15,490,uncalibrated
0,histgb,3,0.7137963726857911,1,492,uncalibrated
0,histgb,3,0.21140126577064558,2,492,uncalibrated
0,histgb,3,0.15092105587881652,3,492,uncalibrated
0,histgb,3,0.04122736788666396,4,492,uncalibrated
0,histgb,3,0.005381037566093657,5,492,uncalibrated
0,histgb,3,0.005690844397408842,6,492,uncalibrated
0,histgb,3,0.005690844397408842,7,492,uncalibrated
0,histgb,3,0.004301216042657253,8,492,uncalibrated
0,histgb,3,0.004301216042657253,9,492,uncalibrated
0,histgb,3,0.004648375251809882,10,492,uncalibrated
0,histgb,3,0.00443775862227562,11,492,uncalibrated
0,histgb,3,0.004255524063713516,12,492,uncalibrated
0,histgb,3,0.004255524063713516,13,492,uncalibrated
0,histgb,3,0.004255524063713516,14,492,uncalibrated
0,histgb,3,0.004255524063713516,15,492,uncalibrated
1,histgb,3,0.9587941141319584,1,494,uncalibrated
0,histgb,3,0.8055904321231085,2,494,uncalibrated
0,histgb,3,0.4306654937202416,3,494,uncalibrated
0,histgb,3,0.7986209989815121,4,494,uncalibrated
0,histgb,3,0.7986209989815121,5,494,uncalibrated
0,histgb,3,0.835449055051467,6,494,uncalibrated
0,histgb,3,0.7845273842231812,7,494,uncalibrated
0,histgb,3,0.8815922141635096,8,494,uncalibrated
0,histgb,3,0.891064784074041,9,494,uncalibrated
0,histgb,3,0.8801399816492393,10,494,uncalibrated
0,histgb,3,0.6293667822984406,11,494,uncalibrated
0,histgb,3,0.6138399296667126,12,494,uncalibrated
0,histgb,3,0.6138399296667126,13,494,uncalibrated
0,histgb,3,0.2105758602947932,14,494,uncalibrated
0,histgb,3,0.058370133172927025,15,494,uncalibrated
1,histgb,3,0.7137963726857911,1,497,uncalibrated
1,histgb,3,0.9453107641260691,2,497,uncalibrated
1,histgb,3,0.9279109319641756,3,497,uncalibrated
1,histgb,3,0.9433131582462085,4,497,uncalibrated
1,histgb,3,0.9329954827208039,5,497,uncalibrated
1,histgb,3,0.9199177262732126,6,497,uncalibrated
0,histgb,3,0.6294662974192374,7,497,uncalibrated
0,histgb,3,0.5756097634526526,8,497,uncalibrated
0,histgb,3,0.4964023738577828,9,497,uncalibrated
0,histgb,3,0.4459323057615226,10,497,uncalibrated
0,histgb,3,0.502471165712933,11,497,uncalibrated
0,histgb,3,0.14421305267472348,12,497,uncalibrated
0,histgb,3,0.2993886888999491,13,497,uncalibrated
0,histgb,3,0.0744759814445193,14,497,uncalibrated
0,histgb,3,0.10964015422060824,15,497,uncalibrated
0,logistic,4,0.08789535130113404,1,18,uncalibrated
0,logistic,4,0.045340510128896526,2,18,uncalibrated
0,logistic,4,0.21758765301165528,3,18,uncalibrated
0,logistic,4,0.3434657425510783,4,18,uncalibrated
0,logistic,4,0.16166018564163426,5,18,uncalibrated
0,logistic,4,0.1997678904780068,6,18,uncalibrated
0,logistic,4,0.10515863659204702,7,18,uncalibrated
0,logistic,4,0.11866638269508883,8,18,uncalibrated
0,logistic,4,0.05466693256659598,9,18,uncalibrated
0,logistic,4,0.05873879057605373,10,18,uncalibrated
0,logistic,4,0.021225567595931437,11,18,uncalibrated
0,logistic,4,0.031534101334786714,12,18,uncalibrated
0,logistic,4,0.03341543713320577,13,18,uncalibrated
0,logistic,4,0.03158741004922235,14,18,uncalibrated
0,logistic,4,0.03445735807232644,15,18,uncalibrated
0,logistic,4,0.09048822591745621,1,24,uncalibrated
0,logistic,4,0.5178587268573328,2,24,uncalibrated
0,logistic,4,0.2126907446752685,3,24,uncalibrated
0,logistic,4,0.3149850709427596,4,24,uncalibrated
0,logistic,4,0.32591026280735597,5,24,uncalibrated
0,logistic,4,0.15095644249222226,6,24,uncalibrated
0,logistic,4,0.1517081477272484,7,24,uncalibrated
0,logistic,4,0.17327924260765387,8,24,uncalibrated
0,logistic,4,0.07687311827991931,9,24,uncalibrated
0,logistic,4,0.05940187977792848,10,24,uncalibrated
0,logistic,4,0.020244744186484347,11,24,uncalibrated
0,logistic,4,0.009089180720489571,12,24,uncalibrated
0,logistic,4,0.0032138385395766864,13,24,uncalibrated
0,logistic,4,0.0045997142452883595,14,24,uncalibrated
0,logistic,4,0.002040807699165822,15,24,uncalibrated
1,logistic,4,0.8206332191068748,1,25,uncalibrated
1,logistic,4,0.11970887070555825,2,25,uncalibrated
1,logistic,4,0.11528565826267721,3,25,uncalibrated
1,logistic,4,0.5377681962766988,4,25,uncalibrated
1,logistic,4,0.5544936663505937,5,25,uncalibrated
1,logistic,4,0.4924905100546321,6,25,uncalibrated
0,logistic,4,0.15449506850015257,7,25,uncalibrated
0,logistic,4,0.2708706407939657,8,25,uncalibrated
0,logistic,4,0.22568232336717195,9,25,uncalibrated
0,logistic,4,0.24942015423488242,10,25,uncalibrated
0,logistic,4,0.20658890493594326,11,25,uncalibrated
0,logistic,4,0.2116234430572538,12,25,uncalibrated
0,logistic,4,0.2012818894800361,13,25,uncalibrated
0,logistic,4,0.18187415701627158,14,25,uncalibrated
0,logistic,4,0.1600307801623877,15,25,uncalibrated
0,logistic,4,0.09016123872800422,1,26,uncalibrated
0,logistic,4,0.5209217027705426,2,26,uncalibrated
0,logistic,4,0.21309363673523382,3,26,uncalibrated
0,logistic,4,0.36153447401817895,4,26,uncalibrated
0,logistic,4,0.3870857042649728,5,26,uncalibrated
0,logistic,4,0.18934029866533839,6,26,uncalibrated
0,logistic,4,0.06931755949833064,7,26,uncalibrated
0,logistic,4,0.07167621095289632,8,26,uncalibrated
0,logistic,4,0.10100083709389368,9,26,uncalibrated
0,logistic,4,0.13397966022212646,10,26,uncalibrated
0,logistic,4,0.12382137307902016,11,26,uncalibrated
0,logistic,4,0.09624311473519924,12,26,uncalibrated
0,logistic,4,0.034324402073370286,13,26,uncalibrated
0,logistic,4,0.03709649925499588,14,26,uncalibrated
0,logistic,4,0.01361189544411982,15,26,uncalibrated
0,logistic,4,0.0870153452584747,1,27,uncalibrated
0,logistic,4,0.04451871168441229,2,27,uncalibrated
0,logistic,4,0.022322771931309028,3,27,uncalibrated
0,logistic,4,0.011169848783667237,4,27,uncalibrated
0,logistic,4,0.005505039014913135,5,27,uncalibrated
0,logistic,4,0.017023531832875857,6,27,uncalibrated
0,logistic,4,0.007307517274101578,7,27,uncalibrated
0,logistic,4,0.003329070183861005,8,27,uncalibrated
0,logistic,4,0.0012045513900955387,9,27,uncalibrated
0,logistic,4,0.000593036408344584,10,27,uncalibrated
0,logistic,4,0.0002794442320481207,11,27,uncalibrated
0,logistic,4,0.00013151613554938872,12,27,uncalibrated
0,logistic,4,6.247481308766744e-05,13,27,uncalibrated
0,logistic,4,2.980339290238173e-05,14,27,uncalibrated
0,logistic,4,1.4238019463132274e-05,15,27,uncalibrated
0,logistic,4,0.08736506503421917,1,35,uncalibrated
0,logistic,4,0.04504358189506875,2,35,uncalibrated
0,logistic,4,0.022625119314846055,3,35,uncalibrated
0,logistic,4,0.01124150172111727,4,35,uncalibrated
0,logistic,4,0.005536446852941898,5,35,uncalibrated
0,logistic,4,0.002720766433612016,6,35,uncalibrated
0,logistic,4,0.0013510408872581896,7,35,uncalibrated
0,logistic,4,0.0006656026788277983,8,35,uncalibrated
0,logistic,4,0.0003287533902621394,9,35,uncalibrated
0,logistic,4,0.0001611028693623593,10,35,uncalibrated
0,logistic,4,7.931427885011541e-05,11,35,uncalibrated
0,logistic,4,3.907234612901224e-05,12,35,uncalibrated
0,logistic,4,1.9152187354129514e-05,13,35,uncalibrated
0,logistic,4,9.486360871654011e-06,14,35,uncalibrated
0,logistic,4,4.695985407999737e-06,15,35,uncalibrated
1,logistic,4,0.08959157195161703,1,36,uncalibrated
1,logistic,4,0.5217492737883268,2,36,uncalibrated
0,logistic,4,0.242473378709709,3,36,uncalibrated
0,logistic,4,0.09670473727386995,4,36,uncalibrated
0,logistic,4,0.18626335970267902,5,36,uncalibrated
0,logistic,4,0.08534368591995224,6,36,uncalibrated
0,logistic,4,0.03856332544669231,7,36,uncalibrated
0,logistic,4,0.013807153659356933,8,36,uncalibrated
0,logistic,4,0.011493377681722833,9,36,uncalibrated
0,logistic,4,0.02059695727638372,10,36,uncalibrated
0,logistic,4,0.023246146941206074,11,36,uncalibrated
0,logistic,4,0.007416197376061506,12,36,uncalibrated
0,logistic,4,0.004048263284407515,13,36,uncalibrated
0,logistic,4,0.001809784306036558,14,36,uncalibrated
0,logistic,4,0.003019014016242987,15,36,uncalibrated
0,logistic,4,0.08605850787322517,1,37,uncalibrated
0,logistic,4,0.04354853263853728,2,37,uncalibrated
0,logistic,4,0.021589327607728467,3,37,uncalibrated
0,logistic,4,0.010551886036780242,4,37,uncalibrated
0,logistic,4,0.005138295488060601,5,37,uncalibrated
0,logistic,4,0.002500072976367635,6,37,uncalibrated
0,logistic,4,0.0012119603587599842,7,37,uncalibrated
0,logistic,4,0.0005896177375690158,8,37,uncalibrated
0,logistic,4,0.0002859498405056601,9,37,uncalibrated
0,logistic,4,0.00013857637919768403,10,37,uncalibrated
0,logistic,4,6.763755849353379e-05,11,37,uncalibrated
0,logistic,4,3.2644509045479015e-05,12,37,uncalibrated
0,logistic,4,1.5854806639088604e-05,13,37,uncalibrated
0,logistic,4,7.766344498183422e-06,14,37,uncalibrated
0,logistic,4,3.753198370740096e-06,15,37,uncalibrated
0,logistic,4,0.08851546368072123,1,44,uncalibrated
0,logistic,4,0.0457224311726349,2,44,uncalibrated
0,logistic,4,0.023204248194031284,3,44,uncalibrated
0,logistic,4,0.011536466648269569,4,44,uncalibrated
0,logistic,4,0.005737177445579476,5,44,uncalibrated
0,logistic,4,0.0028250673458441655,6,44,uncalibrated
0,logistic,4,0.0013892681067330668,7,44,uncalibrated
0,logistic,4,0.0006874041086315753,8,44,uncalibrated
0,logistic,4,0.00034195393310819427,9,44,uncalibrated
0,logistic,4,0.0001709258174449736,10,44,uncalibrated
0,logistic,4,8.543003166486191e-05,11,44,uncalibrated
0,logistic,4,4.2249566760822466e-05,12,44,uncalibrated
0,logistic,4,2.0890674464095974e-05,13,44,uncalibrated
0,logistic,4,1.0385283902350623e-05,14,44,uncalibrated
0,logistic,4,5.154634430663681e-06,15,44,uncalibrated
0,logistic,4,0.08711419385345955,1,53,uncalibrated
0,logistic,4,0.04483008974232875,2,53,uncalibrated
0,logistic,4,0.022420690100462045,3,53,uncalibrated
0,logistic,4,0.01102066348347391,4,53,uncalibrated
0,logistic,4,0.005393608783733166,5,53,uncalibrated
0,logistic,4,0.0026508165125853685,6,53,uncalibrated
0,logistic,4,0.0012896134085806498,7,53,uncalibrated
0,logistic,4,0.0006290345570264019,8,53,uncalibrated
0,logistic,4,0.00030858159580439545,9,53,uncalibrated
0,logistic,4,0.00015049099855266515,10,53,uncalibrated
0,logistic,4,7.320415414422883e-05,11,53,uncalibrated
0,logistic,4,3.7904573091294847e-05,12,53,uncalibrated
0,logistic,4,1.8649212878054662e-05,13,53,uncalibrated
0,logistic,4,9.085323961722427e-06,14,53,uncalibrated
0,logistic,4,4.444086576739437e-06,15,53,uncalibrated
0,logistic,4,0.0867194080603495,1,54,uncalibrated
0,logistic,4,0.044198887642477945,2,54,uncalibrated
0,logistic,4,0.022027945722245812,3,54,uncalibrated
0,logistic,4,0.010865426481185762,4,54,uncalibrated
0,logistic,4,0.005326863899418324,5,54,uncalibrated
0,logistic,4,0.002604967178148965,6,54,uncalibrated
0,logistic,4,0.00127253552807139,7,54,uncalibrated
0,logistic,4,0.0006202877488519981,8,54,uncalibrated
0,logistic,4,0.0003026042882161738,9,54,uncalibrated
0,logistic,4,0.00014747766110398587,10,54,uncalibrated
0,logistic,4,7.190496551674718e-05,11,54,uncalibrated
0,logistic,4,3.5054090001381165e-05,12,54,uncalibrated
0,logistic,4,1.7074588692027454e-05,13,54,uncalibrated
0,logistic,4,8.347224092796806e-06,14,54,uncalibrated
0,logistic,4,4.069862657100596e-06,15,54,uncalibrated
0,logistic,4,0.08610416530103603,1,56,uncalibrated
0,logistic,4,0.04357616734139307,2,56,uncalibrated
0,logistic,4,0.021554329652191097,3,56,uncalibrated
0,logistic,4,0.01054496344078328,4,56,uncalibrated
0,logistic,4,0.005122638029874539,5,56,uncalibrated
0,logistic,4,0.00248379219969179,6,56,uncalibrated
0,logistic,4,0.001202662726297437,7,56,uncalibrated
0,logistic,4,0.0005814187065748943,8,56,uncalibrated
0,logistic,4,0.00028110891447276245,9,56,uncalibrated
0,logistic,4,0.00013590293569138817,10,56,uncalibrated
0,logistic,4,6.569230062146123e-05,11,56,uncalibrated
0,logistic,4,3.176876869125524e-05,12,56,uncalibrated
0,logistic,4,1.5363093901545104e-05,13,56,uncalibrated
0,logistic,4,7.41093698349341e-06,14,56,uncalibrated
0,logistic,4,3.57254507464535e-06,15,56,uncalibrated
1,logistic,4,0.8206332191068748,1,64,uncalibrated
1,logistic,4,0.11970887070555825,2,64,uncalibrated
1,logistic,4,0.5672510972201869,3,64,uncalibrated
1,logistic,4,0.5134660515941558,4,64,uncalibrated
1,logistic,4,0.5532235025336488,5,64,uncalibrated
1,logistic,4,0.5668413033506242,6,64,uncalibrated
0,logistic,4,0.2099341589768502,7,64,uncalibrated
0,logistic,4,0.28241639014391784,8,64,uncalibrated
0,logistic,4,0.3254102532343724,9,64,uncalibrated
0,logistic,4,0.33100403426188474,10,64,uncalibrated
0,logistic,4,0.2838457959391682,11,64,uncalibrated
0,logistic,4,0.23198590923268103,12,64,uncalibrated
0,logistic,4,0.21402878938250883,13,64,uncalibrated
0,logistic,4,0.06799265286674991,14,64,uncalibrated
0,logistic,4,0.06703102686476653,15,64,uncalibrated
0,logistic,4,0.0863197031111541,1,65,uncalibrated
0,logistic,4,0.043655710372856274,2,65,uncalibrated
0,logistic,4,0.021578822389982235,3,65,uncalibrated
0,logistic,4,0.010577885838257138,4,65,uncalibrated
0,logistic,4,0.005160381070662136,5,65,uncalibrated
0,logistic,4,0.0024984194576721896,6,65,uncalibrated
0,logistic,4,0.001204356956289937,7,65,uncalibrated
0,logistic,4,0.0005819006689305291,8,65,uncalibrated
0,logistic,4,0.0002812487471243352,9,65,uncalibrated
0,logistic,4,0.0006362769492129257,10,65,uncalibrated
0,logistic,4,0.00028633402563216486,11,65,uncalibrated
0,logistic,4,0.0001339905953122394,12,65,uncalibrated
0,logistic,4,4.9250199885299865e-05,13,65,uncalibrated
0,logistic,4,2.314262948249147e-05,14,65,uncalibrated
0,logistic,4,1.0975555911968884e-05,15,65,uncalibrated
0,logistic,4,0.08937541092533012,1,68,uncalibrated
0,logistic,4,0.04788587451517414,2,68,uncalibrated
0,logistic,4,0.05157194099081145,3,68,uncalibrated
0,logistic,4,0.2478069823969114,4,68,uncalibrated
0,logistic,4,0.2774675493314107,5,68,uncalibrated
0,logistic,4,0.08278857508500377,6,68,uncalibrated
0,logistic,4,0.023890049709146592,7,68,uncalibrated
0,logistic,4,0.04491360176067006,8,68,uncalibrated
0,logistic,4,0.03977238217268279,9,68,uncalibrated
0,logistic,4,0.060587121592816665,10,68,uncalibrated
0,logistic,4,0.018130464946391915,11,68,uncalibrated
0,logistic,4,0.02427215724375903,12,68,uncalibrated
0,logistic,4,0.023403435924494786,13,68,uncalibrated
0,logistic,4,0.010015041398128187,14,68,uncalibrated
0,logistic,4,0.0033963065072625874,15,68,uncalibrated
0,logistic,4,0.08798844991457663,1,70,uncalibrated
0,logistic,4,0.04524729648007465,2,70,uncalibrated
0,logistic,4,0.023011478821342714,3,70,uncalibrated
0,logistic,4,0.01152890564161898,4,70,uncalibrated
0,logistic,4,0.005784664712229348,5,70,uncalibrated
0,logistic,4,0.0028809651541648706,6,70,uncalibrated
0,logistic,4,0.0014347387474098487,7,70,uncalibrated
0,logistic,4,0.0007194519312640389,8,70,uncalibrated
0,logistic,4,0.000355507505349234,9,70,uncalibrated
0,logistic,4,0.00017605962154478925,10,70,uncalibrated
0,logistic,4,8.756682086510346e-05,11,70,uncalibrated
0,logistic,4,4.3184468190831656e-05,12,70,uncalibrated
0,logistic,4,2.1507527304189048e-05,13,70,uncalibrated
0,logistic,4,1.0671571738621888e-05,14,70,uncalibrated
0,logistic,4,5.231268340669124e-06,15,70,uncalibrated
0,logistic,4,0.08668001866069731,1,81,uncalibrated
0,logistic,4,0.044398959618550525,2,81,uncalibrated
0,logistic,4,0.022236084455424906,3,81,uncalibrated
0,logistic,4,0.011088642390281483,4,81,uncalibrated
0,logistic,4,0.005488722720978591,5,81,uncalibrated
0,logistic,4,0.0027064069299987856,6,81,uncalibrated
0,logistic,4,0.0013302837918384481,7,81,uncalibrated
0,logistic,4,0.0006892289947372313,8,81,uncalibrated
0,logistic,4,0.0003422941948234311,9,81,uncalibrated
0,logistic,4,0.00016717046437555313,10,81,uncalibrated
0,logistic,4,8.213814785460393e-05,11,81,uncalibrated
0,logistic,4,4.04702276893408e-05,12,81,uncalibrated
0,logistic,4,1.975206686871991e-05,13,81,uncalibrated
0,logistic,4,9.653769945060501e-06,14,81,uncalibrated
0,logistic,4,4.727235592958857e-06,15,81,uncalibrated
1,logistic,4,0.08751722532119165,1,82,uncalibrated
1,logistic,4,0.5085590587715383,2,82,uncalibrated
0,logistic,4,0.2316337055031826,3,82,uncalibrated
1,logistic,4,0.42047485555250014,4,82,uncalibrated
1,logistic,4,0.4623496722832683,5,82,uncalibrated
1,logistic,4,0.38819780234762835,6,82,uncalibrated
0,logistic,4,0.24262679602711537,7,82,uncalibrated
0,logistic,4,0.2558039065351706,8,82,uncalibrated
0,logistic,4,0.28115621734789426,9,82,uncalibrated
0,logistic,4,0.3039544441032213,10,82,uncalibrated
0,logistic,4,0.12561927595020453,11,82,uncalibrated
0,logistic,4,0.04631010998851327,12,82,uncalibrated
0,logistic,4,0.01636063187437363,13,82,uncalibrated
0,logistic,4,0.022309975168902606,14,82,uncalibrated
0,logistic,4,0.02129162763937175,15,82,uncalibrated
0,logistic,4,0.08972014047640478,1,95,uncalibrated
0,logistic,4,0.04706481428851968,2,95,uncalibrated
0,logistic,4,0.02463628178376748,3,95,uncalibrated
0,logistic,4,0.012616909187616012,4,95,uncalibrated
0,logistic,4,0.0064001368391769,5,95,uncalibrated
0,logistic,4,0.0032475195486072464,6,95,uncalibrated
0,logistic,4,0.0016634777180627928,7,95,uncalibrated
0,logistic,4,0.0008409095296519708,8,95,uncalibrated
0,logistic,4,0.0004253755649302464,9,95,uncalibrated
0,logistic,4,0.00021454510079446366,10,95,uncalibrated
0,logistic,4,0.00010829671794681205,11,95,uncalibrated
0,logistic,4,5.4762243616644316e-05,12,95,uncalibrated
0,logistic,4,2.7459910550641308e-05,13,95,uncalibrated
0,logistic,4,1.3905794544236041e-05,14,95,uncalibrated
0,logistic,4,7.096989819775462e-06,15,95,uncalibrated
0,logistic,4,0.08654228325622103,1,98,uncalibrated
0,logistic,4,0.04391605352310912,2,98,uncalibrated
0,logistic,4,0.02174045309898083,3,98,uncalibrated
0,logistic,4,0.010672886357899472,4,98,uncalibrated
0,logistic,4,0.00521084926888402,5,98,uncalibrated
0,logistic,4,0.0025367278356272964,6,98,uncalibrated
0,logistic,4,0.0012302620781627605,7,98,uncalibrated
0,logistic,4,0.0005979818660432984,8,98,uncalibrated
0,logistic,4,0.0002904886217964967,9,98,uncalibrated
0,logistic,4,0.0001407296110900367,10,98,uncalibrated
0,logistic,4,6.83477836181394e-05,11,98,uncalibrated
0,logistic,4,3.538989723751953e-05,12,98,uncalibrated
0,logistic,4,1.716115883942817e-05,13,98,uncalibrated
0,logistic,4,8.885681794761153e-06,14,98,uncalibrated
0,logistic,4,4.296985883382941e-06,15,98,uncalibrated
0,logistic,4,0.09060428973472398,1,101,uncalibrated
0,logistic,4,0.11652235258764194,2,101,uncalibrated
0,logistic,4,0.10431193094877811,3,101,uncalibrated
0,logistic,4,0.16173268302847174,4,101,uncalibrated
0,logistic,4,0.12880820940193294,5,101,uncalibrated
0,logistic,4,0.09993662007512696,6,101,uncalibrated
0,logistic,4,0.4286157567627682,7,101,uncalibrated
0,logistic,4,0.4333905381494373,8,101,uncalibrated
0,logistic,4,0.36316866021665717,9,101,uncalibrated
0,logistic,4,0.29984650608652025,10,101,uncalibrated
0,logistic,4,0.2419932492947933,11,101,uncalibrated
0,logistic,4,0.19138161708117402,12,101,uncalibrated
0,logistic,4,0.1487320892944935,13,101,uncalibrated
0,logistic,4,0.11390694556511183,14,101,uncalibrated
0,logistic,4,0.08619777652582647,15,101,uncalibrated
0,logistic,4,0.08915972036267865,1,108,uncalibrated
0,logistic,4,0.5228249369728933,2,108,uncalibrated
0,logistic,4,0.2145151239884819,3,108,uncalibrated
0,logistic,4,0.09532040214072497,4,108,uncalibrated
0,logistic,4,0.12609505016396516,5,108,uncalibrated
0,logistic,4,0.053557750698450285,6,108,uncalibrated
0,logistic,4,0.02332232660949948,7,108,uncalibrated
0,logistic,4,0.015585966501499796,8,108,uncalibrated
0,logistic,4,0.030857197793141368,9,108,uncalibrated
0,logistic,4,0.013297180235475865,10,108,uncalibrated
0,logistic,4,0.0052821215961783696,11,108,uncalibrated
0,logistic,4,0.0018992924681727826,12,108,uncalibrated
0,logistic,4,0.0014997748444165343,13,108,uncalibrated
0,logistic,4,0.000683356778183432,14,108,uncalibrated
0,logistic,4,0.0005304252827157465,15,108,uncalibrated
0,logistic,4,0.0872131440128593,1,116,uncalibrated
0,logistic,4,0.04468121940954712,2,116,uncalibrated
0,logistic,4,0.022344495348242146,3,116,uncalibrated
0,logistic,4,0.011055054468823447,4,116,uncalibrated
0,logistic,4,0.005423042655308514,5,116,uncalibrated
0,logistic,4,0.002668851127319604,6,116,uncalibrated
0,logistic,4,0.0013068119722594567,7,116,uncalibrated
0,logistic,4,0.0006400222804983965,8,116,uncalibrated
0,logistic,4,0.0003123901497821278,9,116,uncalibrated
0,logistic,4,0.0001524497408755884,10,116,uncalibrated
0,logistic,4,7.400963083116999e-05,11,116,uncalibrated
0,logistic,4,3.613105228422876e-05,12,116,uncalibrated
0,logistic,4,1.7778090862038107e-05,13,116,uncalibrated
0,logistic,4,8.706292025961361e-06,14,116,uncalibrated
0,logistic,4,4.247750911434171e-06,15,116,uncalibrated
0,logistic,4,0.08747750824997352,1,120,uncalibrated
0,logistic,4,0.5088698696219198,2,120,uncalibrated
0,logistic,4,0.20380634774671413,3,120,uncalibrated
0,logistic,4,0.08934670183162442,4,120,uncalibrated
0,logistic,4,0.03072641716088503,5,120,uncalibrated
0,logistic,4,0.013721169711644115,6,120,uncalibrated
0,logistic,4,0.026343400952701653,7,120,uncalibrated
0,logistic,4,0.011440902325504876,8,120,uncalibrated
0,logistic,4,0.01880747979964225,9,120,uncalibrated
0,logistic,4,0.0065556005565602085,10,120,uncalibrated
0,logistic,4,0.0029740105346365018,11,120,uncalibrated
0,logistic,4,0.0035519106291352744,12,120,uncalibrated
0,logistic,4,0.005049328482505748,13,120,uncalibrated
0,logistic,4,0.002321980222483857,14,120,uncalibrated
0,logistic,4,0.0025696024990776068,15,120,uncalibrated
0,logistic,4,0.0896456858092671,1,124,uncalibrated
0,logistic,4,0.04757686443738829,2,124,uncalibrated
0,logistic,4,0.024598457819283468,3,124,uncalibrated
0,logistic,4,0.012506871165670135,4,124,uncalibrated
0,logistic,4,0.006366482533920893,5,124,uncalibrated
0,logistic,4,0.0032011560064108295,6,124,uncalibrated
0,logistic,4,0.001621739676852861,7,124,uncalibrated
0,logistic,4,0.0008185719595238065,8,124,uncalibrated
0,logistic,4,0.0004147927473743705,9,124,uncalibrated
0,logistic,4,0.00020977943162405103,10,124,uncalibrated
0,logistic,4,0.00010603142932728979,11,124,uncalibrated
0,logistic,4,5.3483513479100415e-05,12,124,uncalibrated
0,logistic,4,2.6997153893027678e-05,13,124,uncalibrated
0,logistic,4,1.3555200692589517e-05,14,124,uncalibrated
0,logistic,4,7.0185814198337604e-06,15,124,uncalibrated
0,logistic,4,0.08687055087074869,1,125,uncalibrated
0,logistic,4,0.04429355116510172,2,125,uncalibrated
0,logistic,4,0.022313726599690064,3,125,uncalibrated
0,logistic,4,0.011112305059340844,4,125,uncalibrated
0,logistic,4,0.00545173714054984,5,125,uncalibrated
0,logistic,4,0.0026692925212989166,6,125,uncalibrated
0,logistic,4,0.0013129941403892805,7,125,uncalibrated
0,logistic,4,0.0006488321190246077,8,125,uncalibrated
0,logistic,4,0.00031908918937833153,9,125,uncalibrated
0,logistic,4,0.00015768089370338413,10,125,uncalibrated
0,logistic,4,7.659383513132918e-05,11,125,uncalibrated
0,logistic,4,3.76415220567782e-05,12,125,uncalibrated
0,logistic,4,1.848603989334824e-05,13,125,uncalibrated
0,logistic,4,9.571683044277304e-06,14,125,uncalibrated
0,logistic,4,4.6525819033543345e-06,15,125,uncalibrated
0,logistic,4,0.09046775797057693,1,126,uncalibrated
0,logistic,4,0.11635176182804306,2,126,uncalibrated
0,logistic,4,0.10415710894671125,3,126,uncalibrated
0,logistic,4,0.16150800347323963,4,126,uncalibrated
0,logistic,4,0.0375707568141844,5,126,uncalibrated
0,logistic,4,0.19196558550484621,6,126,uncalibrated
0,logistic,4,0.14871905016464815,7,126,uncalibrated
0,logistic,4,0.23888591050912072,8,126,uncalibrated
0,logistic,4,0.24170383747259827,9,126,uncalibrated
0,logistic,4,0.1950307765677353,10,126,uncalibrated
0,logistic,4,0.2250497180258185,11,126,uncalibrated
0,logistic,4,0.17928825470293136,12,126,uncalibrated
0,logistic,4,0.16672097971177452,13,126,uncalibrated
0,logistic,4,0.13038237813015496,14,126,uncalibrated
0,logistic,4,0.09417149159045975,15,126,uncalibrated
0,logistic,4,0.08768288865281018,1,130,uncalibrated
0,logistic,4,0.045082827065619696,2,130,uncalibrated
0,logistic,4,0.022757498426817055,3,130,uncalibrated
0,logistic,4,0.011349833976129438,4,130,uncalibrated
0,logistic,4,0.005635923624606044,5,130,uncalibrated
0,logistic,4,0.0027858695363736797,6,130,uncalibrated
0,logistic,4,0.001376217252796789,7,130,uncalibrated
0,logistic,4,0.0006787453834824603,8,130,uncalibrated
0,logistic,4,0.00033333532392835813,9,130,uncalibrated
0,logistic,4,0.00016458545240030325,10,130,uncalibrated
0,logistic,4,8.126442069973373e-05,11,130,uncalibrated
0,logistic,4,4.01460809457792e-05,12,130,uncalibrated
0,logistic,4,1.9811107580566536e-05,13,130,uncalibrated
0,logistic,4,9.751101835530572e-06,14,130,uncalibrated
0,logistic,4,4.790361221822173e-06,15,130,uncalibrated
0,logistic,4,0.08806166131925888,1,131,uncalibrated
0,logistic,4,0.04580570431820632,2,131,uncalibrated
0,logistic,4,0.02326445804689407,3,131,uncalibrated
0,logistic,4,0.011801310665715718,4,131,uncalibrated
0,logistic,4,0.00595053436003808,5,131,uncalibrated
0,logistic,4,0.0029733924773536024,6,131,uncalibrated
0,logistic,4,0.001485011016827513,7,131,uncalibrated
0,logistic,4,0.0007438781377537342,8,131,uncalibrated
0,logistic,4,0.0003709175804687072,9,131,uncalibrated
0,logistic,4,0.00018503751077562902,10,131,uncalibrated
0,logistic,4,9.277562021354215e-05,11,131,uncalibrated
0,logistic,4,4.613807784984927e-05,12,131,uncalibrated
0,logistic,4,2.2957626497487017e-05,13,131,uncalibrated
0,logistic,4,1.132704935622677e-05,14,131,uncalibrated
0,logistic,4,5.64308744663039e-06,15,131,uncalibrated
0,logistic,4,0.08881022460507279,1,134,uncalibrated
0,logistic,4,0.04654328666248096,2,134,uncalibrated
0,logistic,4,0.023817108332461496,3,134,uncalibrated
0,logistic,4,0.0121217004576526,4,134,uncalibrated
0,logistic,4,0.006171776442025989,5,134,uncalibrated
0,logistic,4,0.003093478138095483,6,134,uncalibrated
0,logistic,4,0.0015767342500890627,7,134,uncalibrated
0,logistic,4,0.0007881612898300236,8,134,uncalibrated
0,logistic,4,0.00039193371554516095,9,134,uncalibrated
0,logistic,4,0.00019528080977364531,10,134,uncalibrated
0,logistic,4,9.872705286503725e-05,11,134,uncalibrated
0,logistic,4,4.959291973401402e-05,12,134,uncalibrated
0,logistic,4,2.4773090245630174e-05,13,134,uncalibrated
0,logistic,4,1.240553445243638e-05,14,134,uncalibrated
0,logistic,4,6.187052247080577e-06,15,134,uncalibrated
0,logistic,4,0.08824159541058708,1,137,uncalibrated
0,logistic,4,0.04557795151601859,2,137,uncalibrated
0,logistic,4,0.023232452597743296,3,137,uncalibrated
0,logistic,4,0.01160283484935665,4,137,uncalibrated
0,logistic,4,0.005752331049665288,5,137,uncalibrated
0,logistic,4,0.0028456952905477595,6,137,uncalibrated
0,logistic,4,0.0014171489702619001,7,137,uncalibrated
0,logistic,4,0.0006997584583006244,8,137,uncalibrated
0,logistic,4,0.00034562953558639475,9,137,uncalibrated
0,logistic,4,0.00017050128416333318,10,137,uncalibrated
0,logistic,4,8.40670666854742e-05,11,137,uncalibrated
0,logistic,4,4.174471818310012e-05,12,137,uncalibrated
0,logistic,4,2.0581234548589343e-05,13,137,uncalibrated
0,logistic,4,1.0141930117145174e-05,14,137,uncalibrated
0,logistic,4,5.0501503138918935e-06,15,137,uncalibrated
0,logistic,4,0.08822825557941974,1,140,uncalibrated
0,logistic,4,0.045958141006307754,2,140,uncalibrated
0,logistic,4,0.0233040536174859,3,140,uncalibrated
0,logistic,4,0.011685847152918382,4,140,uncalibrated
0,logistic,4,0.005845055411968703,5,140,uncalibrated
0,logistic,4,0.0029113712578834215,6,140,uncalibrated
0,logistic,4,0.0014437945044721706,7,140,uncalibrated
0,logistic,4,0.0007187965696082198,8,140,uncalibrated
0,logistic,4,0.0003553602160252006,9,140,uncalibrated
0,logistic,4,0.00017652725563659075,10,140,uncalibrated
0,logistic,4,8.721906382374768e-05,11,140,uncalibrated
0,logistic,4,4.3277653437543284e-05,12,140,uncalibrated
0,logistic,4,2.1502178640971812e-05,13,140,uncalibrated
0,logistic,4,1.0643297258414628e-05,14,140,uncalibrated
0,logistic,4,5.2547413016555625e-06,15,140,uncalibrated
0,logistic,4,0.08645056975419946,1,144,uncalibrated
0,logistic,4,0.04413938370948872,2,144,uncalibrated
0,logistic,4,0.02193526146531852,3,144,uncalibrated
0,logistic,4,0.010776682501088833,4,144,uncalibrated
0,logistic,4,0.005263110445489953,5,144,uncalibrated
0,logistic,4,0.002558004295000752,6,144,uncalibrated
0,logistic,4,0.0012442980704248994,7,144,uncalibrated
0,logistic,4,0.0006056611006270714,8,144,uncalibrated
0,logistic,4,0.00029429338287356727,9,144,uncalibrated
0,logistic,4,0.0001440581658120634,10,144,uncalibrated
0,logistic,4,6.99876786187173e-05,11,144,uncalibrated
0,logistic,4,3.4057193799810634e-05,12,144,uncalibrated
0,logistic,4,1.6513527959463626e-05,13,144,uncalibrated
0,logistic,4,8.021564570443103e-06,14,144,uncalibrated
0,logistic,4,3.890059796714667e-06,15,144,uncalibrated
0,logistic,4,0.0890789575343734,1,152,uncalibrated
0,logistic,4,0.5180243295137428,2,152,uncalibrated
0,logistic,4,0.5709729122904597,3,152,uncalibrated
0,logistic,4,0.307884933766118,4,152,uncalibrated
0,logistic,4,0.3513862395121307,5,152,uncalibrated
0,logistic,4,0.408851895237374,6,152,uncalibrated
0,logistic,4,0.4548065771615996,7,152,uncalibrated
0,logistic,4,0.418588790016404,8,152,uncalibrated
0,logistic,4,0.3710857492542616,9,152,uncalibrated
0,logistic,4,0.13991005552894628,10,152,uncalibrated
0,logistic,4,0.15600009415035515,11,152,uncalibrated
0,logistic,4,0.22333780732877137,12,152,uncalibrated
0,logistic,4,0.1572475431820051,13,152,uncalibrated
0,logistic,4,0.1254263794140122,14,152,uncalibrated
0,logistic,4,0.1107307490044139,15,152,uncalibrated
0,logistic,4,0.08703510685615713,1,153,uncalibrated
0,logistic,4,0.045516679395601854,2,153,uncalibrated
0,logistic,4,0.02280179268543925,3,153,uncalibrated
0,logistic,4,0.011337746276608711,4,153,uncalibrated
0,logistic,4,0.005580901449714443,5,153,uncalibrated
0,logistic,4,0.0027734594897909698,6,153,uncalibrated
0,logistic,4,0.001375306014149996,7,153,uncalibrated
0,logistic,4,0.0006754355925154303,8,153,uncalibrated
0,logistic,4,0.00033441451878282003,9,153,uncalibrated
0,logistic,4,0.00016484487775472387,10,153,uncalibrated
0,logistic,4,8.280131809237191e-05,11,153,uncalibrated
0,logistic,4,4.065855419652587e-05,12,153,uncalibrated
0,logistic,4,2.0462138372079973e-05,13,153,uncalibrated
0,logistic,4,1.0035703725172607e-05,14,153,uncalibrated
0,logistic,4,4.989802833159012e-06,15,153,uncalibrated
0,logistic,4,0.08675224493418009,1,157,uncalibrated
0,logistic,4,0.044508132950553926,2,157,uncalibrated
0,logistic,4,0.022313726599690064,3,157,uncalibrated
0,logistic,4,0.011087733283283094,4,157,uncalibrated
0,logistic,4,0.005446345446842601,5,157,uncalibrated
0,logistic,4,0.002685453324691417,6,157,uncalibrated
0,logistic,4,0.0013138641472798715,7,157,uncalibrated
0,logistic,4,0.0006443320707497865,8,157,uncalibrated
0,logistic,4,0.00031574807674228627,9,157,uncalibrated
0,logistic,4,0.00015413981160682121,10,157,uncalibrated
0,logistic,4,7.558458109253145e-05,11,157,uncalibrated
0,logistic,4,3.6869383937405166e-05,12,157,uncalibrated
0,logistic,4,1.804688227255336e-05,13,157,uncalibrated
0,logistic,4,8.847456460911958e-06,14,157,uncalibrated
0,logistic,4,4.320921272510886e-06,15,157,uncalibrated
0,logistic,4,0.08818824701428202,1,159,uncalibrated
0,logistic,4,0.04528671072415028,2,159,uncalibrated
0,logistic,4,0.022785172479783292,3,159,uncalibrated
0,logistic,4,0.0114263736041726,4,159,uncalibrated
0,logistic,4,0.0056975878078500426,5,159,uncalibrated
0,logistic,4,0.0028190013094802806,6,159,uncalibrated
0,logistic,4,0.0013860512287091212,7,159,uncalibrated
0,logistic,4,0.0006813371387762509,8,159,uncalibrated
0,logistic,4,0.0003407656776421909,9,159,uncalibrated
0,logistic,4,0.00016886965125463527,10,159,uncalibrated
0,logistic,4,8.744349863511896e-05,11,159,uncalibrated
0,logistic,4,4.3073624891751604e-05,12,159,uncalibrated
0,logistic,4,2.1250524263957237e-05,13,159,uncalibrated
0,logistic,4,1.0496950909844997e-05,14,159,uncalibrated
0,logistic,4,5.2191384850552014e-06,15,159,uncalibrated
1,logistic,4,0.08999135481512027,1,166,uncalibrated
1,logistic,4,0.5169064365636199,2,166,uncalibrated
1,logistic,4,0.5801677306620215,3,166,uncalibrated
1,logistic,4,0.6445164076008563,4,166,uncalibrated
1,logistic,4,0.6222678317356717,5,166,uncalibrated
0,logistic,4,0.40486747787674815,6,166,uncalibrated
0,logistic,4,0.1843833265167775,7,166,uncalibrated
0,logistic,4,0.06907431074905637,8,166,uncalibrated
0,logistic,4,0.03076172005318922,9,166,uncalibrated
0,logistic,4,0.014173096880084364,10,166,uncalibrated
0,logistic,4,0.017399885513848842,11,166,uncalibrated
0,logistic,4,0.007413235099335739,12,166,uncalibrated
0,logistic,4,0.003317626400591208,13,166,uncalibrated
0,logistic,4,0.001180488570021681,14,166,uncalibrated
0,logistic,4,0.0005423951672655061,15,166,uncalibrated
0,logistic,4,0.09014763738950504,1,168,uncalibrated
0,logistic,4,0.11595172701648784,2,168,uncalibrated
0,logistic,4,0.050206511565286174,3,168,uncalibrated
0,logistic,4,0.023227274964300642,4,168,uncalibrated
0,logistic,4,0.01137372519692281,5,168,uncalibrated
0,logistic,4,0.039368284891416506,6,168,uncalibrated
0,logistic,4,0.01687661834398186,7,168,uncalibrated
0,logistic,4,0.026542570806133682,8,168,uncalibrated
0,logistic,4,0.02772288093024416,9,168,uncalibrated
0,logistic,4,0.035617200557561804,10,168,uncalibrated
0,logistic,4,0.012051518376515273,11,168,uncalibrated
0,logistic,4,0.011869024171673404,12,168,uncalibrated
0,logistic,4,0.010871903050038541,13,168,uncalibrated
0,logistic,4,0.0046092468890218995,14,168,uncalibrated
0,logistic,4,0.0016180977414907793,15,168,uncalibrated
0,logistic,4,0.08734523568604835,1,171,uncalibrated
0,logistic,4,0.04481944048818445,2,171,uncalibrated
0,logistic,4,0.022533632245426764,3,171,uncalibrated
0,logistic,4,0.01117534447986955,4,171,uncalibrated
0,logistic,4,0.005520493134674697,5,171,uncalibrated
0,logistic,4,0.0027198667428289668,6,171,uncalibrated
0,logistic,4,0.0013424549610018504,7,171,uncalibrated
0,logistic,4,0.0036533551282748765,8,171,uncalibrated
0,logistic,4,0.0016351929505585465,9,171,uncalibrated
0,logistic,4,0.0007622588253826518,10,171,uncalibrated
0,logistic,4,0.00028162993401947183,11,171,uncalibrated
0,logistic,4,0.00013353753683377598,12,171,uncalibrated
0,logistic,4,6.356145791572007e-05,13,171,uncalibrated
0,logistic,4,3.0264026928960906e-05,14,171,uncalibrated
0,logistic,4,1.4478474157586005e-05,15,171,uncalibrated
0,logistic,4,0.08737167572150707,1,180,uncalibrated
0,logistic,4,0.5057822164444558,2,180,uncalibrated
0,logistic,4,0.19862292490768735,3,180,uncalibrated
0,logistic,4,0.3341980148565823,4,180,uncalibrated
1,logistic,4,0.15917199228510454,5,180,uncalibrated
1,logistic,4,0.061479425132125266,6,180,uncalibrated
1,logistic,4,0.02937684890511308,7,180,uncalibrated
1,logistic,4,0.013524810646083081,8,180,uncalibrated
1,logistic,4,0.021814023257820617,9,180,uncalibrated
1,logistic,4,0.031831665019364595,10,180,uncalibrated
1,logistic,4,0.04388435096873182,11,180,uncalibrated
0,logistic,4,0.03618399888536669,12,180,uncalibrated
0,logistic,4,0.04532129923089358,13,180,uncalibrated
0,logistic,4,0.021063282000198164,14,180,uncalibrated
0,logistic,4,0.028986031246605714,15,180,uncalibrated
0,logistic,4,0.08645056975419946,1,182,uncalibrated
0,logistic,4,0.04393346230203018,2,182,uncalibrated
0,logistic,4,0.021830562107064688,3,182,uncalibrated
0,logistic,4,0.010720262987331232,4,182,uncalibrated
0,logistic,4,0.005234108350236372,5,182,uncalibrated
0,logistic,4,0.0025463961260067916,6,182,uncalibrated
0,logistic,4,0.0012375163517052475,7,182,uncalibrated
0,logistic,4,0.0006015599697164815,8,182,uncalibrated
0,logistic,4,0.000292203117002481,9,182,uncalibrated
0,logistic,4,0.00014190105713023787,10,182,uncalibrated
0,logistic,4,6.889390863289109e-05,11,182,uncalibrated
0,logistic,4,3.3458288765192344e-05,12,182,uncalibrated
0,logistic,4,1.6246009297282487e-05,13,182,uncalibrated
0,logistic,4,7.887035791764113e-06,14,182,uncalibrated
0,logistic,4,3.826405630900689e-06,15,182,uncalibrated
0,logistic,4,0.08742457750538019,1,192,uncalibrated
0,logistic,4,0.045122104813710345,2,192,uncalibrated
0,logistic,4,0.022733540804818476,3,192,uncalibrated
0,logistic,4,0.011403919103501517,4,192,uncalibrated
0,logistic,4,0.005659202805686675,5,192,uncalibrated
0,logistic,4,0.0027941736488604116,6,192,uncalibrated
0,logistic,4,0.0013740540447491165,7,192,uncalibrated
0,logistic,4,0.0006753796335870748,8,192,uncalibrated
0,logistic,4,0.00033159935877456325,9,192,uncalibrated
0,logistic,4,0.00016332151055084104,10,192,uncalibrated
0,logistic,4,8.048000995173119e-05,11,192,uncalibrated
0,logistic,4,3.945645765572052e-05,12,192,uncalibrated
0,logistic,4,1.9546806535567732e-05,13,192,uncalibrated
0,logistic,4,9.660175011414761e-06,14,192,uncalibrated
0,logistic,4,5.001814361561151e-06,15,192,uncalibrated
0,logistic,4,0.09037229600258699,1,194,uncalibrated
0,logistic,4,0.047633248743454114,2,194,uncalibrated
0,logistic,4,0.024784137263351616,3,194,uncalibrated
0,logistic,4,0.024229683655739007,4,194,uncalibrated
0,logistic,4,0.10573686491194582,5,194,uncalibrated
0,logistic,4,0.042725257949876735,6,194,uncalibrated
0,logistic,4,0.016771023631461223,7,194,uncalibrated
0,logistic,4,0.006063947066747415,8,194,uncalibrated
0,logistic,4,0.002868260693211869,9,194,uncalibrated
0,logistic,4,0.0013500810725175652,10,194,uncalibrated
0,logistic,4,0.0006370617341639237,11,194,uncalibrated
0,logistic,4,0.00030734645650456257,12,194,uncalibrated
0,logistic,4,0.0004190419604894435,13,194,uncalibrated
0,logistic,4,0.0006940938511642671,14,194,uncalibrated
0,logistic,4,0.0007389519198266623,15,194,uncalibrated
0,logistic,4,0.09164110497374459,1,197,uncalibrated
0,logistic,4,0.5247481848782224,2,197,uncalibrated
0,logistic,4,0.21763273036582742,3,197,uncalibrated
0,logistic,4,0.09637657914880272,4,197,uncalibrated
0,logistic,4,0.034279150435569256,5,197,uncalibrated
0,logistic,4,0.015390216693548243,6,197,uncalibrated
0,logistic,4,0.007090153807045474,7,197,uncalibrated
0,logistic,4,0.003342339773993402,8,197,uncalibrated
0,logistic,4,0.0015619185461719393,9,197,uncalibrated
0,logistic,4,0.0007378492194638574,10,197,uncalibrated
0,logistic,4,0.0003522327587569562,11,197,uncalibrated
0,logistic,4,0.00017587278409354792,12,197,uncalibrated
0,logistic,4,8.526200330431911e-05,13,197,uncalibrated
0,logistic,4,4.122439290430185e-05,14,197,uncalibrated
0,logistic,4,2.055510619544245e-05,15,197,uncalibrated
0,logistic,4,0.08917992138840233,1,201,uncalibrated
0,logistic,4,0.04825006436209627,2,201,uncalibrated
0,logistic,4,0.024784137263351616,3,201,uncalibrated
0,logistic,4,0.012497658948603167,4,201,uncalibrated
0,logistic,4,0.006297624850075721,5,201,uncalibrated
0,logistic,4,0.003143218993844439,6,201,uncalibrated
0,logistic,4,0.0015769953074514303,7,201,uncalibrated
0,logistic,4,0.0007881612898300236,8,201,uncalibrated
0,logistic,4,0.00039924446395716705,9,201,uncalibrated
0,logistic,4,0.00020119600166015005,10,201,uncalibrated
0,logistic,4,0.00010107063651212225,11,201,uncalibrated
0,logistic,4,5.0589549279217636e-05,12,201,uncalibrated
0,logistic,4,2.541171112075784e-05,13,201,uncalibrated
0,logistic,4,1.273906112280114e-05,14,201,uncalibrated
0,logistic,4,6.361827644586615e-06,15,201,uncalibrated
0,logistic,4,0.08749736474810865,1,206,uncalibrated
0,logistic,4,0.04510781822539206,2,206,uncalibrated
0,logistic,4,0.022816576141253472,3,206,uncalibrated
0,logistic,4,0.011378709923693699,4,206,uncalibrated
0,logistic,4,0.005644293140458723,5,206,uncalibrated
0,logistic,4,0.0027925570294473055,6,206,uncalibrated
0,logistic,4,0.001377813371463983,7,206,uncalibrated
0,logistic,4,0.0006793079691661068,8,206,uncalibrated
0,logistic,4,0.0003347195380909687,9,206,uncalibrated
0,logistic,4,0.0001650362948601903,10,206,uncalibrated
0,logistic,4,8.135879246458036e-05,11,206,uncalibrated
0,logistic,4,4.0423282513654786e-05,12,206,uncalibrated
0,logistic,4,1.9934676477206824e-05,13,206,uncalibrated
0,logistic,4,9.923182837430532e-06,14,206,uncalibrated
0,logistic,4,4.88825453557994e-06,15,206,uncalibrated
0,logistic,4,0.08694950258033493,1,207,uncalibrated
0,logistic,4,0.044494031700188064,2,207,uncalibrated
0,logistic,4,0.02204223877441474,3,207,uncalibrated
0,logistic,4,0.010872557144194335,4,207,uncalibrated
0,logistic,4,0.005659202805686675,5,207,uncalibrated
0,logistic,4,0.0027750650843486246,6,207,uncalibrated
0,logistic,4,0.0013611459176626143,7,207,uncalibrated
0,logistic,4,0.0006647209092615125,8,207,uncalibrated
0,logistic,4,0.0003249069378494412,9,207,uncalibrated
0,logistic,4,0.00015880901191830127,10,207,uncalibrated
0,logistic,4,7.776469994783202e-05,11,207,uncalibrated
0,logistic,4,3.7945447304697835e-05,12,207,uncalibrated
0,logistic,4,1.8661586113733e-05,13,207,uncalibrated
0,logistic,4,9.165519260231745e-06,14,207,uncalibrated
0,logistic,4,4.469211870150112e-06,15,207,uncalibrated
0,logistic,4,0.0863524029445923,1,229,uncalibrated
0,logistic,4,0.043801320542668866,2,229,uncalibrated
0,logistic,4,0.021761622445573506,3,229,uncalibrated
0,logistic,4,0.010653644199944702,4,229,uncalibrated
0,logistic,4,0.0051928299797952444,5,229,uncalibrated
0,logistic,4,0.002529396064064073,6,229,uncalibrated
0,logistic,4,0.0012311792781182394,7,229,uncalibrated
0,logistic,4,0.0005972391092038661,8,229,uncalibrated
0,logistic,4,0.00029000748341621,9,229,uncalibrated
0,logistic,4,0.00014113851320871377,10,229,uncalibrated
0,logistic,4,6.844985128183552e-05,11,229,uncalibrated
0,logistic,4,3.314630510041558e-05,12,229,uncalibrated
0,logistic,4,1.6083848686463498e-05,13,229,uncalibrated
0,logistic,4,7.807662833402955e-06,14,229,uncalibrated
0,logistic,4,3.792611204836284e-06,15,229,uncalibrated
0,logistic,4,0.0872593555340162,1,237,uncalibrated
0,logistic,4,0.04716531305089003,2,237,uncalibrated
0,logistic,4,0.02498935638445232,3,237,uncalibrated
0,logistic,4,0.012460877029414308,4,237,uncalibrated
0,logistic,4,0.006253676889064166,5,237,uncalibrated
0,logistic,4,0.0030899006687281055,6,237,uncalibrated
0,logistic,4,0.00885316411580547,7,237,uncalibrated
0,logistic,4,0.0039466371653026034,8,237,uncalibrated
0,logistic,4,0.0018344057284453354,9,237,uncalibrated
0,logistic,4,0.0006748635492159693,10,237,uncalibrated
0,logistic,4,0.0003228491557399299,11,237,uncalibrated
0,logistic,4,0.00015347924349486008,12,237,uncalibrated
0,logistic,4,7.32603197606084e-05,13,237,uncalibrated
0,logistic,4,3.570436855941318e-05,14,237,uncalibrated
0,logistic,4,1.8044903708804894e-05,15,237,uncalibrated
0,logistic,4,0.0901680400905278,1,241,uncalibrated
0,logistic,4,0.0479312550799791,2,241,uncalibrated
0,logistic,4,0.02505002942062195,3,241,uncalibrated
0,logistic,4,0.01305067099531509,4,241,uncalibrated
0,logistic,4,0.006716619215225899,5,241,uncalibrated
0,logistic,4,0.003425299203278401,6,241,uncalibrated
0,logistic,4,0.0017564380294109888,7,241,uncalibrated
0,logistic,4,0.0008934026257200188,8,241,uncalibrated
0,logistic,4,0.00044802554893199486,9,241,uncalibrated
0,logistic,4,0.00022692881107569287,10,241,uncalibrated
0,logistic,4,0.00011538708573110696,11,241,uncalibrated
0,logistic,4,5.859018723090386e-05,12,241,uncalibrated
0,logistic,4,2.978410130565851e-05,13,241,uncalibrated
0,logistic,4,1.514544324199622e-05,14,241,uncalibrated
0,logistic,4,7.681749783400524e-06,15,241,uncalibrated
1,logistic,4,0.08917318725444379,1,242,uncalibrated
1,logistic,4,0.5151257436935549,2,242,uncalibrated
0,logistic,4,0.23537303288269018,3,242,uncalibrated
0,logistic,4,0.3107853753436339,4,242,uncalibrated
0,logistic,4,0.13936007658405283,5,242,uncalibrated
0,logistic,4,0.06071876165601528,6,242,uncalibrated
0,logistic,4,0.06633904035016155,7,242,uncalibrated
0,logistic,4,0.027899769935168156,8,242,uncalibrated
0,logistic,4,0.012072822820189793,9,242,uncalibrated
0,logistic,4,0.004237920986705987,10,242,uncalibrated
0,logistic,4,0.0019089162531085962,11,242,uncalibrated
0,logistic,4,0.000862461144735877,12,242,uncalibrated
0,logistic,4,0.0003961534014518357,13,242,uncalibrated
0,logistic,4,0.0001834243025019278,14,242,uncalibrated
0,logistic,4,8.578563307322827e-05,15,242,uncalibrated
1,logistic,4,0.09164110497374459,1,249,uncalibrated
1,logistic,4,0.11781733211833097,2,249,uncalibrated
1,logistic,4,0.5464233420614343,3,249,uncalibrated
0,logistic,4,0.21230660416260147,4,249,uncalibrated
0,logistic,4,0.3232920824589845,5,249,uncalibrated
0,logistic,4,0.4510084008311917,6,249,uncalibrated
0,logistic,4,0.2326503110812186,7,249,uncalibrated
0,logistic,4,0.1826573214150635,8,249,uncalibrated
0,logistic,4,0.05753927272390088,9,249,uncalibrated
0,logistic,4,0.0978670365661109,10,249,uncalibrated
0,logistic,4,0.10642265309835773,11,249,uncalibrated
0,logistic,4,0.1406165171091945,12,249,uncalibrated
0,logistic,4,0.12894795589830507,13,249,uncalibrated
0,logistic,4,0.10237875852372431,14,249,uncalibrated
0,logistic,4,0.03278154234579759,15,249,uncalibrated
0,logistic,4,0.08705487251385706,1,263,uncalibrated
0,logistic,4,0.04465999072512385,2,263,uncalibrated
0,logistic,4,0.02241523920934081,3,263,uncalibrated
0,logistic,4,0.011192765160732197,4,263,uncalibrated
0,logistic,4,0.00551730788126719,5,263,uncalibrated
0,logistic,4,0.0027146992755666304,6,263,uncalibrated
0,logistic,4,0.0013335922303561996,7,263,uncalibrated
0,logistic,4,0.0006536884583823304,8,263,uncalibrated
0,logistic,4,0.0003204673809929691,9,263,uncalibrated
0,logistic,4,0.00015697663908737655,10,263,uncalibrated
0,logistic,4,7.69693886941821e-05,11,263,uncalibrated
0,logistic,4,3.791714508083383e-05,12,263,uncalibrated
0,logistic,4,1.8589010733153916e-05,13,263,uncalibrated
0,logistic,4,9.11323662891784e-06,14,263,uncalibrated
0,logistic,4,4.508661365910169e-06,15,263,uncalibrated
0,logistic,4,0.08636548601834963,1,268,uncalibrated
0,logistic,4,0.044128890950223584,2,268,uncalibrated
0,logistic,4,0.02190326735979933,3,268,uncalibrated
0,logistic,4,0.01077579869155892,4,268,uncalibrated
0,logistic,4,0.005258771647360783,5,268,uncalibrated
0,logistic,4,0.0025622385211351677,6,268,uncalibrated
0,logistic,4,0.001247702836384467,7,268,uncalibrated
0,logistic,4,0.0006044578857671547,8,268,uncalibrated
0,logistic,4,0.0002941470665333399,9,268,uncalibrated
0,logistic,4,0.00014288075836745357,10,268,uncalibrated
0,logistic,4,6.932360312508162e-05,11,268,uncalibrated
0,logistic,4,3.3781609797936126e-05,12,268,uncalibrated
0,logistic,4,1.6453398076755624e-05,13,268,uncalibrated
0,logistic,4,7.971840782854494e-06,14,268,uncalibrated
0,logistic,4,3.8803963351580725e-06,15,268,uncalibrated
0,logistic,4,0.08723294623950692,1,270,uncalibrated
0,logistic,4,0.04472724789506883,2,270,uncalibrated
0,logistic,4,0.022313726599690064,3,270,uncalibrated
0,logistic,4,0.011066844151133848,4,270,uncalibrated
0,logistic,4,0.005435129778289908,5,270,uncalibrated
0,logistic,4,0.0026615786273331853,6,270,uncalibrated
0,logistic,4,0.0013025988258069448,7,270,uncalibrated
0,logistic,4,0.0006410306255651508,8,270,uncalibrated
0,logistic,4,0.00031522511413828946,9,270,uncalibrated
0,logistic,4,0.00015480567371185003,10,270,uncalibrated
0,logistic,4,7.587966219917376e-05,11,270,uncalibrated
0,logistic,4,3.7343126819782016e-05,12,270,uncalibrated
0,logistic,4,1.8207688436108132e-05,13,270,uncalibrated
0,logistic,4,8.892314463478576e-06,14,270,uncalibrated
0,logistic,4,4.377169319674878e-06,15,270,uncalibrated
0,logistic,4,0.0881615837425966,1,271,uncalibrated
0,logistic,4,0.045715196844980974,2,271,uncalibrated
0,logistic,4,0.023161066353206108,3,271,uncalibrated
0,logistic,4,0.011661933132708989,4,271,uncalibrated
0,logistic,4,0.005914353674427606,5,271,uncalibrated
0,logistic,4,0.002935538064101547,6,271,uncalibrated
0,logistic,4,0.0014580886979370382,7,271,uncalibrated
0,logistic,4,0.0007243562072671903,8,271,uncalibrated
0,logistic,4,0.00035858499712267507,9,271,uncalibrated
0,logistic,4,0.00017759869909105764,10,271,uncalibrated
0,logistic,4,8.812027384743274e-05,11,271,uncalibrated
0,logistic,4,4.357286448080734e-05,12,271,uncalibrated
0,logistic,4,2.1578970075774872e-05,13,271,uncalibrated
0,logistic,4,1.0779165268369797e-05,14,271,uncalibrated
0,logistic,4,5.335959335886466e-06,15,271,uncalibrated
0,logistic,4,0.08909241342072038,1,272,uncalibrated
0,logistic,4,0.04785942136585844,2,272,uncalibrated
0,logistic,4,0.024672167304044364,3,272,uncalibrated
0,logistic,4,0.10135780645966908,4,272,uncalibrated
0,logistic,4,0.18117364120362459,5,272,uncalibrated
0,logistic,4,0.26069442633260276,6,272,uncalibrated
0,logistic,4,0.27186499741173176,7,272,uncalibrated
1,logistic,4,0.1305674465680134,8,272,uncalibrated
0,logistic,4,0.20535282187178786,9,272,uncalibrated
0,logistic,4,0.08755411508907453,10,272,uncalibrated
0,logistic,4,0.03349046850523372,11,272,uncalibrated
0,logistic,4,0.015866189970821197,12,272,uncalibrated
0,logistic,4,0.007571372554694319,13,272,uncalibrated
0,logistic,4,0.0036311645717114834,14,272,uncalibrated
0,logistic,4,0.005380752304936131,15,272,uncalibrated
1,logistic,4,0.0870944160118685,1,274,uncalibrated
1,logistic,4,0.5063417636715914,2,274,uncalibrated
1,logistic,4,0.19845142439878713,3,274,uncalibrated
1,logistic,4,0.3329079102069327,4,274,uncalibrated
1,logistic,4,0.1231206697752909,5,274,uncalibrated
1,logistic,4,0.1695701277266111,6,274,uncalibrated
1,logistic,4,0.1883014719434931,7,274,uncalibrated
0,logistic,4,0.10389991314967949,8,274,uncalibrated
0,logistic,4,0.04034735155206769,9,274,uncalibrated
0,logistic,4,0.05099163031679687,10,274,uncalibrated
0,logistic,4,0.022729936274495443,11,274,uncalibrated
0,logistic,4,0.02762842417578813,12,274,uncalibrated
0,logistic,4,0.030285377621523765,13,274,uncalibrated
0,logistic,4,0.0342865123069461,14,274,uncalibrated
0,logistic,4,0.034441302822139794,15,274,uncalibrated
0,logistic,4,0.08641129091170037,1,275,uncalibrated
0,logistic,4,0.044149878848437005,2,275,uncalibrated
0,logistic,4,0.02197086405437222,3,275,uncalibrated
0,logistic,4,0.01081032044385078,4,275,uncalibrated
0,logistic,4,0.005294018472491038,5,275,uncalibrated
0,logistic,4,0.0025899319062212133,6,275,uncalibrated
0,logistic,4,0.0012649714854500148,7,275,uncalibrated
0,logistic,4,0.0006175186163011329,8,275,uncalibrated
0,logistic,4,0.00030137782295097855,9,275,uncalibrated
0,logistic,4,0.00014697727504694126,10,275,uncalibrated
0,logistic,4,7.157785271242934e-05,11,275,uncalibrated
0,logistic,4,3.4813706244258584e-05,12,275,uncalibrated
0,logistic,4,1.698563856469136e-05,13,275,uncalibrated
0,logistic,4,8.226990271631427e-06,14,275,uncalibrated
0,logistic,4,4.002602588644769e-06,15,275,uncalibrated
0,logistic,4,0.08770278728960389,1,276,uncalibrated
0,logistic,4,0.04517214182941804,2,276,uncalibrated
0,logistic,4,0.2162216521910921,3,276,uncalibrated
0,logistic,4,0.08635073315223848,4,276,uncalibrated
0,logistic,4,0.16890651166162488,5,276,uncalibrated
0,logistic,4,0.20267289084861337,6,276,uncalibrated
0,logistic,4,0.0921810087535675,7,276,uncalibrated
0,logistic,4,0.03345188657367466,8,276,uncalibrated
0,logistic,4,0.01176380365470651,9,276,uncalibrated
0,logistic,4,0.005211928521309137,10,276,uncalibrated
0,logistic,4,0.0023463362028512957,11,276,uncalibrated
0,logistic,4,0.0010758948192670112,12,276,uncalibrated
0,logistic,4,0.0004960536700990641,13,276,uncalibrated
0,logistic,4,0.00023004883466800716,14,276,uncalibrated
0,logistic,4,0.00034342183002106474,15,276,uncalibrated
1,logistic,4,0.08762321722539863,1,281,uncalibrated
1,logistic,4,0.5208803211672922,2,281,uncalibrated
0,logistic,4,0.24113578459590584,3,281,uncalibrated
0,logistic,4,0.3172323058558451,4,281,uncalibrated
1,logistic,4,0.47527471108436986,5,281,uncalibrated
0,logistic,4,0.2830631037303996,6,281,uncalibrated
0,logistic,4,0.12114143386001473,7,281,uncalibrated
0,logistic,4,0.14867514553665404,8,281,uncalibrated
0,logistic,4,0.07021370661461537,9,281,uncalibrated
0,logistic,4,0.03203605377809463,10,281,uncalibrated
0,logistic,4,0.011266663229792155,11,281,uncalibrated
0,logistic,4,0.011727660802699873,12,281,uncalibrated
0,logistic,4,0.00524631294713889,13,281,uncalibrated
0,logistic,4,0.007567999890819357,14,281,uncalibrated
0,logistic,4,0.002659073661784671,15,281,uncalibrated
0,logistic,4,0.08641783626315508,1,282,uncalibrated
0,logistic,4,0.04431110265253368,2,282,uncalibrated
0,logistic,4,0.02220906214844391,3,282,uncalibrated
0,logistic,4,0.011025182561717264,4,282,uncalibrated
0,logistic,4,0.0383304525058629,5,282,uncalibrated
0,logistic,4,0.07027531605786726,6,282,uncalibrated
0,logistic,4,0.029844251348788736,7,282,uncalibrated
0,logistic,4,0.0379024638424317,8,282,uncalibrated
0,logistic,4,0.04348876885946202,9,282,uncalibrated
0,logistic,4,0.019007267890012884,10,282,uncalibrated
0,logistic,4,0.006645580855752782,11,282,uncalibrated
0,logistic,4,0.0023165693933235427,12,282,uncalibrated
0,logistic,4,0.001047818222566584,13,282,uncalibrated
0,logistic,4,0.00047873589313281856,14,282,uncalibrated
0,logistic,4,0.00022005377691204932,15,282,uncalibrated
0,logistic,4,0.08662096492340124,1,283,uncalibrated
0,logistic,4,0.04680520914469121,2,283,uncalibrated
0,logistic,4,0.023391016773589773,3,283,uncalibrated
0,logistic,4,0.01155255006353799,4,283,uncalibrated
0,logistic,4,0.005688670744312241,5,283,uncalibrated
0,logistic,4,0.002953550174999316,6,283,uncalibrated
0,logistic,4,0.0014554354677650478,7,283,uncalibrated
0,logistic,4,0.0007151138543377599,8,283,uncalibrated
0,logistic,4,0.0003476117408548253,9,283,uncalibrated
0,logistic,4,0.00017102502718586938,10,283,uncalibrated
0,logistic,4,8.399740303069689e-05,11,283,uncalibrated
0,logistic,4,4.1228808049196855e-05,12,283,uncalibrated
0,logistic,4,2.0340358376961728e-05,13,283,uncalibrated
0,logistic,4,9.930589935452517e-06,14,283,uncalibrated
0,logistic,4,4.860370474752148e-06,15,283,uncalibrated
1,logistic,4,0.8206332191068748,1,286,uncalibrated
0,logistic,4,0.11642848264681266,2,286,uncalibrated
0,logistic,4,0.5693461425730105,3,286,uncalibrated
0,logistic,4,0.5155991279117815,4,286,uncalibrated
0,logistic,4,0.6201773520346084,5,286,uncalibrated
0,logistic,4,0.5664926879019611,6,286,uncalibrated
0,logistic,4,0.5519662987130215,7,286,uncalibrated
0,logistic,4,0.48926413264849716,8,286,uncalibrated
0,logistic,4,0.4650116558804347,9,286,uncalibrated
0,logistic,4,0.39936586641486416,10,286,uncalibrated
0,logistic,4,0.1443452903200791,11,286,uncalibrated
0,logistic,4,0.08300930399866378,12,286,uncalibrated
0,logistic,4,0.10435068737002064,13,286,uncalibrated
0,logistic,4,0.15352239257029604,14,286,uncalibrated
0,logistic,4,0.13019578750685573,15,286,uncalibrated
0,logistic,4,0.09164110497374459,1,288,uncalibrated
0,logistic,4,0.11781733211833097,2,288,uncalibrated
0,logistic,4,0.10548741185661314,3,288,uncalibrated
0,logistic,4,0.16343716141333148,4,288,uncalibrated
0,logistic,4,0.13021960349794137,5,288,uncalibrated
0,logistic,4,0.10106835954515775,6,288,uncalibrated
0,logistic,4,0.023011709884380293,7,288,uncalibrated
0,logistic,4,0.017430139716467508,8,288,uncalibrated
0,logistic,4,0.09788481650805703,9,288,uncalibrated
0,logistic,4,0.17872638915788147,10,288,uncalibrated
0,logistic,4,0.1852187182792941,11,288,uncalibrated
0,logistic,4,0.14473099595357586,12,288,uncalibrated
0,logistic,4,0.1421440193619454,13,288,uncalibrated
0,logistic,4,0.10957821534514313,14,288,uncalibrated
0,logistic,4,0.10102558467273928,15,288,uncalibrated
0,logistic,4,0.08881022460507279,1,296,uncalibrated
0,logistic,4,0.04804109344563527,2,296,uncalibrated
0,logistic,4,0.051738458795324904,3,296,uncalibrated
0,logistic,4,0.024895088271218814,4,296,uncalibrated
0,logistic,4,0.012045150896136092,5,296,uncalibrated
0,logistic,4,0.005737299686482286,6,296,uncalibrated
0,logistic,4,0.002818862504683935,7,296,uncalibrated
0,logistic,4,0.00805173566888502,8,296,uncalibrated
0,logistic,4,0.0035757787781756805,9,296,uncalibrated
0,logistic,4,0.003257375789468856,10,296,uncalibrated
0,logistic,4,0.0017835901113724209,11,296,uncalibrated
0,logistic,4,0.0040453860193133025,12,296,uncalibrated
0,logistic,4,0.004117235996875555,13,296,uncalibrated
0,logistic,4,0.001408836629508123,14,296,uncalibrated
0,logistic,4,0.0009634483995927124,15,296,uncalibrated
0,logistic,4,0.08721974430329071,1,312,uncalibrated
0,logistic,4,0.045168566004467656,2,312,uncalibrated
0,logistic,4,0.02286653944703187,3,312,uncalibrated
0,logistic,4,0.011447933507417591,4,312,uncalibrated
0,logistic,4,0.04186730217068153,5,312,uncalibrated
0,logistic,4,0.018492339605869563,6,312,uncalibrated
0,logistic,4,0.008275382424844891,7,312,uncalibrated
0,logistic,4,0.0029631544799443078,8,312,uncalibrated
0,logistic,4,0.0013866193197960511,9,312,uncalibrated
0,logistic,4,0.0006495729864980014,10,312,uncalibrated
0,logistic,4,0.00030703407259837905,11,312,uncalibrated
0,logistic,4,0.00014595970055345935,12,312,uncalibrated
0,logistic,4,6.970540272239895e-05,13,312,uncalibrated
0,logistic,4,3.362710992847878e-05,14,312,uncalibrated
0,logistic,4,1.623749578436317e-05,15,312,uncalibrated
0,logistic,4,0.08708782430068905,1,313,uncalibrated
0,logistic,4,0.04481589127261069,2,313,uncalibrated
0,logistic,4,0.022601297829942413,3,313,uncalibrated
0,logistic,4,0.011317319154166911,4,313,uncalibrated
0,logistic,4,0.005891973282933222,5,313,uncalibrated
0,logistic,4,0.0029084846041056746,6,313,uncalibrated
0,logistic,4,0.001433551430537394,7,313,uncalibrated
0,logistic,4,0.0007027214360474538,8,313,uncalibrated
0,logistic,4,0.0003453718214856751,9,313,uncalibrated
0,logistic,4,0.00016955696236373218,10,313,uncalibrated
0,logistic,4,8.313146230470302e-05,11,313,uncalibrated
0,logistic,4,4.093250660042677e-05,12,313,uncalibrated
0,logistic,4,2.0112303431935746e-05,13,313,uncalibrated
0,logistic,4,3.9956756078653456e-05,14,313,uncalibrated
0,logistic,4,1.8799069268991768e-05,15,313,uncalibrated
0,logistic,4,0.08858237713929104,1,320,uncalibrated
0,logistic,4,0.04621327566942535,2,320,uncalibrated
0,logistic,4,0.21918681570038065,3,320,uncalibrated
0,logistic,4,0.08851375611354445,4,320,uncalibrated
0,logistic,4,0.03871364281968338,5,320,uncalibrated
0,logistic,4,0.013559429104555947,6,320,uncalibrated
0,logistic,4,0.006168895335753827,7,320,uncalibrated
0,logistic,4,0.0028525906250666524,8,320,uncalibrated
0,logistic,4,0.0013336970689444,9,320,uncalibrated
0,logistic,4,0.000632471976120037,10,320,uncalibrated
0,logistic,4,0.00030143630473496885,11,320,uncalibrated
0,logistic,4,0.00014551270582653986,12,320,uncalibrated
0,logistic,4,6.987318773065515e-05,13,320,uncalibrated
0,logistic,4,3.430574228083848e-05,14,320,uncalibrated
0,logistic,4,1.668649036711144e-05,15,320,uncalibrated
0,logistic,4,0.08942265592208448,1,332,uncalibrated
0,logistic,4,0.5166579925315778,2,332,uncalibrated
0,logistic,4,0.571561784103586,3,332,uncalibrated
1,logistic,4,0.30177111893611025,4,332,uncalibrated
1,logistic,4,0.15315200095789339,5,332,uncalibrated
1,logistic,4,0.2080991666679522,6,332,uncalibrated
0,logistic,4,0.2824333038458116,7,332,uncalibrated
1,logistic,4,0.1922454908025604,8,332,uncalibrated
1,logistic,4,0.1622219477505527,9,332,uncalibrated
0,logistic,4,0.20140757601030285,10,332,uncalibrated
1,logistic,4,0.11037754574529479,11,332,uncalibrated
0,logistic,4,0.1250567517546404,12,332,uncalibrated
0,logistic,4,0.15739299782058425,13,332,uncalibrated
0,logistic,4,0.061490844276364545,14,332,uncalibrated
0,logistic,4,0.028518116962118627,15,332,uncalibrated
0,logistic,4,0.8206332191068748,1,340,uncalibrated
0,logistic,4,0.7847551794685685,2,340,uncalibrated
0,logistic,4,0.7439398743492681,3,340,uncalibrated
0,logistic,4,0.698359932254416,4,340,uncalibrated
0,logistic,4,0.6485000184794399,5,340,uncalibrated
0,logistic,4,0.5951759608692878,6,340,uncalibrated
0,logistic,4,0.5395066788860421,7,340,uncalibrated
0,logistic,4,0.4828340071439811,8,340,uncalibrated
0,logistic,4,0.4265995104195774,9,340,uncalibrated
0,logistic,4,0.3722008810947485,10,340,uncalibrated
0,logistic,4,0.3208574048991683,11,340,uncalibrated
0,logistic,4,0.2735108829006315,12,340,uncalibrated
0,logistic,4,0.23077685210344,13,340,uncalibrated
0,logistic,4,0.19294640044489297,14,340,uncalibrated
0,logistic,4,0.16002723724050263,15,340,uncalibrated
0,logistic,4,0.08676538283420693,1,342,uncalibrated
0,logistic,4,0.044455275221979104,2,342,uncalibrated
0,logistic,4,0.022435232142651477,3,342,uncalibrated
0,logistic,4,0.011065029544974356,4,342,uncalibrated
0,logistic,4,0.005440510429610474,5,342,uncalibrated
0,logistic,4,0.0027374643495278947,6,342,uncalibrated
0,logistic,4,0.0013372410042919733,7,342,uncalibrated
0,logistic,4,0.0006533094438332226,8,342,uncalibrated
0,logistic,4,0.00032147828275852107,9,342,uncalibrated
0,logistic,4,0.00015713286783262517,10,342,uncalibrated
0,logistic,4,7.775180737527423e-05,11,342,uncalibrated
0,logistic,4,3.782922863939898e-05,12,342,uncalibrated
0,logistic,4,1.848603989334824e-05,13,342,uncalibrated
0,logistic,4,9.01778465670707e-06,14,342,uncalibrated
0,logistic,4,4.390617276841895e-06,15,342,uncalibrated
0,logistic,4,0.08755033533350799,1,343,uncalibrated
0,logistic,4,0.04489403592615504,2,343,uncalibrated
0,logistic,4,0.02250260904679633,3,343,uncalibrated
0,logistic,4,0.011171680385438303,4,343,uncalibrated
0,logistic,4,0.005512306175275067,5,343,uncalibrated
0,logistic,4,0.0027225667056512332,6,343,uncalibrated
0,logistic,4,0.0013345863633263861,7,343,uncalibrated
0,logistic,4,0.0006529306488966389,8,343,uncalibrated
0,logistic,4,0.00032150492844143047,9,343,uncalibrated
0,logistic,4,0.00015743274092526008,10,343,uncalibrated
0,logistic,4,7.714826120928897e-05,11,343,uncalibrated
0,logistic,4,3.782922863939898e-05,12,343,uncalibrated
0,logistic,4,1.854744620522913e-05,13,343,uncalibrated
0,logistic,4,9.086830566487334e-06,14,343,uncalibrated
0,logistic,4,4.4510926253805154e-06,15,343,uncalibrated
0,logistic,4,0.08772269000795938,1,346,uncalibrated
0,logistic,4,0.04519360244327024,2,346,uncalibrated
0,logistic,4,0.0233040536174859,3,346,uncalibrated
0,logistic,4,0.011639974949316848,4,346,uncalibrated
0,logistic,4,0.0057775167891180165,5,346,uncalibrated
0,logistic,4,0.002860555208194615,6,346,uncalibrated
0,logistic,4,0.0014213790193886593,7,346,uncalibrated
0,logistic,4,0.0007061063364834189,8,346,uncalibrated
0,logistic,4,0.00034839047624431895,9,346,uncalibrated
0,logistic,4,0.00017184926871425385,10,346,uncalibrated
0,logistic,4,8.411586561473162e-05,11,346,uncalibrated
0,logistic,4,4.112980335496062e-05,12,346,uncalibrated
0,logistic,4,2.0242785099204025e-05,13,346,uncalibrated
0,logistic,4,9.93635483394877e-06,14,346,uncalibrated
0,logistic,4,4.922008264382721e-06,15,346,uncalibrated
0,logistic,4,0.0885020864665671,1,351,uncalibrated
0,logistic,4,0.04663903975096557,2,351,uncalibrated
0,logistic,4,0.024033956896285985,3,351,uncalibrated
0,logistic,4,0.012221383572587178,4,351,uncalibrated
0,logistic,4,0.006230020518252212,5,351,uncalibrated
0,logistic,4,0.0031140001745348788,6,351,uncalibrated
0,logistic,4,0.0015784318945230471,7,351,uncalibrated
0,logistic,4,0.0007811410259043824,8,351,uncalibrated
0,logistic,4,0.0003865786530944688,9,351,uncalibrated
0,logistic,4,0.0001918472874501734,10,351,uncalibrated
0,logistic,4,9.56099305632665e-05,11,351,uncalibrated
0,logistic,4,0.00020623080430724617,12,351,uncalibrated
0,logistic,4,9.667080677832474e-05,13,351,uncalibrated
0,logistic,4,0.0001641937274886217,14,351,uncalibrated
0,logistic,4,0.00020059723868524396,15,351,uncalibrated
0,logistic,4,0.08990312921835074,1,359,uncalibrated
0,logistic,4,0.048291961970458624,2,359,uncalibrated
0,logistic,4,0.05200757999339281,3,359,uncalibrated
0,logistic,4,0.2529418983905191,4,359,uncalibrated
0,logistic,4,0.10097019077826533,5,359,uncalibrated
0,logistic,4,0.039148727443199256,6,359,uncalibrated
0,logistic,4,0.04971269694315982,7,359,uncalibrated
0,logistic,4,0.04536833081547844,8,359,uncalibrated
0,logistic,4,0.05181200712007832,9,359,uncalibrated
0,logistic,4,0.010639954946884075,10,359,uncalibrated
0,logistic,4,0.004572484480786808,11,359,uncalibrated
0,logistic,4,0.006274951763287487,12,359,uncalibrated
0,logistic,4,0.0027264437474693857,13,359,uncalibrated
0,logistic,4,0.001226608820663766,14,359,uncalibrated
0,logistic,4,0.00043722601468364,15,359,uncalibrated
0,logistic,4,0.08601287237704724,1,362,uncalibrated
0,logistic,4,0.0434484969985454,2,362,uncalibrated
0,logistic,4,0.021454889608086385,3,362,uncalibrated
0,logistic,4,0.010483721967772338,4,362,uncalibrated
0,logistic,4,0.005098609918108893,5,362,uncalibrated
0,logistic,4,0.0024665969907120685,6,362,uncalibrated
0,logistic,4,0.0011986856870323185,7,362,uncalibrated
0,logistic,4,0.0005791588220708876,8,362,uncalibrated
0,logistic,4,0.0002799231396420125,9,362,uncalibrated
0,logistic,4,0.00013526229277729786,10,362,uncalibrated
0,logistic,4,6.564330431811248e-05,11,362,uncalibrated
0,logistic,4,3.170036353728173e-05,12,362,uncalibrated
0,logistic,4,1.531349962425412e-05,13,362,uncalibrated
0,logistic,4,7.3900760507285465e-06,14,362,uncalibrated
0,logistic,4,3.5749153950107056e-06,15,362,uncalibrated
0,logistic,4,0.09164110497374459,1,381,uncalibrated
0,logistic,4,0.5331555963876118,2,381,uncalibrated
0,logistic,4,0.22467250918289955,3,381,uncalibrated
0,logistic,4,0.340494172064321,4,381,uncalibrated
0,logistic,4,0.2913527281478993,5,381,uncalibrated
0,logistic,4,0.12833553228325592,6,381,uncalibrated
0,logistic,4,0.14108845891877664,7,381,uncalibrated
0,logistic,4,0.15499943124977883,8,381,uncalibrated
0,logistic,4,0.21692963196644618,9,381,uncalibrated
0,logistic,4,0.2017774069132351,10,381,uncalibrated
0,logistic,4,0.15724587431433282,11,381,uncalibrated
0,logistic,4,0.05814587145875403,12,381,uncalibrated
0,logistic,4,0.05221843409564373,13,381,uncalibrated
0,logistic,4,0.0397876540203384,14,381,uncalibrated
0,logistic,4,0.0393910763921773,15,381,uncalibrated
0,logistic,4,0.08735184501651352,1,386,uncalibrated
0,logistic,4,0.04474850705203297,2,386,uncalibrated
0,logistic,4,0.022317344302468987,3,386,uncalibrated
0,logistic,4,0.011113216158391032,4,386,uncalibrated
0,logistic,4,0.005483746785921218,5,386,uncalibrated
0,logistic,4,0.0026887861036380667,6,386,uncalibrated
0,logistic,4,0.0013098451855886818,7,386,uncalibrated
0,logistic,4,0.0006433718400325047,8,386,uncalibrated
0,logistic,4,0.0003135314583255682,9,386,uncalibrated
0,logistic,4,0.00015318447400339012,10,386,uncalibrated
0,logistic,4,7.478676060893692e-05,11,386,uncalibrated
0,logistic,4,3.671991153503462e-05,12,386,uncalibrated
0,logistic,4,1.79752071228754e-05,13,386,uncalibrated
0,logistic,4,8.815971293041925e-06,14,386,uncalibrated
0,logistic,4,4.362315633412734e-06,15,386,uncalibrated
0,logistic,4,0.08660128843832646,1,387,uncalibrated
0,logistic,4,0.044529292815455625,2,387,uncalibrated
0,logistic,4,0.02235174107663731,3,387,uncalibrated
0,logistic,4,0.011003507684880821,4,387,uncalibrated
0,logistic,4,0.005388718609306495,5,387,uncalibrated
0,logistic,4,0.002646217474035376,6,387,uncalibrated
0,logistic,4,0.0013034619536178539,7,387,uncalibrated
0,logistic,4,0.0006331130144833933,8,387,uncalibrated
0,logistic,4,0.00030804496652927105,9,387,uncalibrated
0,logistic,4,0.00014959547024296412,10,387,uncalibrated
0,logistic,4,7.309499771256563e-05,11,387,uncalibrated
0,logistic,4,3.594581098141427e-05,12,387,uncalibrated
0,logistic,4,1.7450979270544138e-05,13,387,uncalibrated
0,logistic,4,8.584444048120285e-06,14,387,uncalibrated
0,logistic,4,4.177897373258728e-06,15,387,uncalibrated
1,logistic,4,0.0873848984530715,1,388,uncalibrated
1,logistic,4,0.5085176168196466,2,388,uncalibrated
1,logistic,4,0.2096112281586448,3,388,uncalibrated
1,logistic,4,0.362338633765059,4,388,uncalibrated
1,logistic,4,0.13907346046548594,5,388,uncalibrated
1,logistic,4,0.20891943911614444,6,388,uncalibrated
1,logistic,4,0.07643994490626314,7,388,uncalibrated
1,logistic,4,0.11059291061900939,8,388,uncalibrated
0,logistic,4,0.06545212663994102,9,388,uncalibrated
1,logistic,4,0.11035494056621364,10,388,uncalibrated
0,logistic,4,0.04738653390351159,11,388,uncalibrated
0,logistic,4,0.023782921378041794,12,388,uncalibrated
0,logistic,4,0.008867361260001929,13,388,uncalibrated
0,logistic,4,0.0041803598825320394,14,388,uncalibrated
0,logistic,4,0.001992266784327745,15,388,uncalibrated
1,logistic,4,0.08767625668078204,1,398,uncalibrated
1,logistic,4,0.5210458458553251,2,398,uncalibrated
1,logistic,4,0.5765284916802319,3,398,uncalibrated
1,logistic,4,0.6358079237215676,4,398,uncalibrated
0,logistic,4,0.3429330148083498,5,398,uncalibrated
0,logistic,4,0.4320400374493024,6,398,uncalibrated
0,logistic,4,0.41929353782391815,7,398,uncalibrated
0,logistic,4,0.2321612295345607,8,398,uncalibrated
0,logistic,4,0.09105835170160494,9,398,uncalibrated
0,logistic,4,0.08707023409838358,10,398,uncalibrated
0,logistic,4,0.09916890980582613,11,398,uncalibrated
0,logistic,4,0.1385835344511733,12,398,uncalibrated
0,logistic,4,0.12249554903417952,13,398,uncalibrated
0,logistic,4,0.09180118844480778,14,398,uncalibrated
0,logistic,4,0.07930498775299541,15,398,uncalibrated
0,logistic,4,0.09164110497374459,1,400,uncalibrated
0,logistic,4,0.5304306987064622,2,400,uncalibrated
1,logistic,4,0.25244619715427125,3,400,uncalibrated
1,logistic,4,0.3320266220822446,4,400,uncalibrated
0,logistic,4,0.49167109790728963,5,400,uncalibrated
1,logistic,4,0.3074285188360179,6,400,uncalibrated
0,logistic,4,0.328611957875426,7,400,uncalibrated
1,logistic,4,0.18723649393750938,8,400,uncalibrated
0,logistic,4,0.23635748785801497,9,400,uncalibrated
0,logistic,4,0.2548362898635497,10,400,uncalibrated
0,logistic,4,0.10378066581195933,11,400,uncalibrated
0,logistic,4,0.04796473191779718,12,400,uncalibrated
0,logistic,4,0.017499836428988582,13,400,uncalibrated
0,logistic,4,0.007835377920519217,14,400,uncalibrated
0,logistic,4,0.00904459068865128,15,400,uncalibrated
1,logistic,4,0.8206332191068748,1,401,uncalibrated
1,logistic,4,0.7847551794685685,2,401,uncalibrated
1,logistic,4,0.7439398743492681,3,401,uncalibrated
1,logistic,4,0.698359932254416,4,401,uncalibrated
1,logistic,4,0.6485000184794399,5,401,uncalibrated
0,logistic,4,0.07349548289222874,6,401,uncalibrated
0,logistic,4,0.4501079937267819,7,401,uncalibrated
0,logistic,4,0.359835763835324,8,401,uncalibrated
0,logistic,4,0.13791837855135058,9,401,uncalibrated
0,logistic,4,0.07876477985283774,10,401,uncalibrated
0,logistic,4,0.05991727420684169,11,401,uncalibrated
0,logistic,4,0.08933266435466711,12,401,uncalibrated
0,logistic,4,0.016661224693262693,13,401,uncalibrated
0,logistic,4,0.030260743210343544,14,401,uncalibrated
0,logistic,4,0.02215596515256239,15,401,uncalibrated
0,logistic,4,0.09164110497374459,1,403,uncalibrated
0,logistic,4,0.04806384844568714,2,403,uncalibrated
0,logistic,4,0.024564663311206,3,403,uncalibrated
0,logistic,4,0.09967127964230467,4,403,uncalibrated
0,logistic,4,0.17571661076798886,5,403,uncalibrated
0,logistic,4,0.07743748614168283,6,403,uncalibrated
0,logistic,4,0.027584297452020488,7,403,uncalibrated
0,logistic,4,0.009810806626941553,8,403,uncalibrated
0,logistic,4,0.004462194326200259,9,403,uncalibrated
0,logistic,4,0.0020539911253221518,10,403,uncalibrated
0,logistic,4,0.0009566580711039597,11,403,uncalibrated
0,logistic,4,0.00044977647031802783,12,403,uncalibrated
0,logistic,4,0.0002132590191142862,13,403,uncalibrated
0,logistic,4,0.0003408371291341995,14,403,uncalibrated
0,logistic,4,0.00015832191047839754,15,403,uncalibrated
0,logistic,4,0.08691001861360967,1,406,uncalibrated
0,logistic,4,0.04383258295995348,2,406,uncalibrated
0,logistic,4,0.021871318876380857,3,406,uncalibrated
0,logistic,4,0.010781986864136665,4,406,uncalibrated
0,logistic,4,0.005302320212488245,5,406,uncalibrated
0,logistic,4,0.0025873631357546966,6,406,uncalibrated
0,logistic,4,0.0012528793104613642,7,406,uncalibrated
0,logistic,4,0.0006100428547361362,8,406,uncalibrated
0,logistic,4,0.0002960794036884026,9,406,uncalibrated
0,logistic,4,0.00014314157017670224,10,406,uncalibrated
0,logistic,4,7.02143281785573e-05,11,406,uncalibrated
0,logistic,4,3.420433378828044e-05,12,406,uncalibrated
0,logistic,4,1.6644104313404708e-05,13,406,uncalibrated
0,logistic,4,8.108488290221727e-06,14,406,uncalibrated
0,logistic,4,3.9656077762033904e-06,15,406,uncalibrated
1,logistic,4,0.8206332191068748,1,422,uncalibrated
1,logistic,4,0.7847551794685685,2,422,uncalibrated
1,logistic,4,0.7439398743492681,3,422,uncalibrated
1,logistic,4,0.698359932254416,4,422,uncalibrated
1,logistic,4,0.6485000184794399,5,422,uncalibrated
1,logistic,4,0.5951759608692878,6,422,uncalibrated
0,logistic,4,0.06292040142663272,7,422,uncalibrated
0,logistic,4,0.050964000516193396,8,422,uncalibrated
0,logistic,4,0.03789374191122678,9,422,uncalibrated
0,logistic,4,0.05639872286846983,10,422,uncalibrated
0,logistic,4,0.04176248305085404,11,422,uncalibrated
0,logistic,4,0.030745668972597173,12,422,uncalibrated
0,logistic,4,0.022535407248895918,13,422,uncalibrated
0,logistic,4,0.016462297733240164,14,422,uncalibrated
0,logistic,4,0.011995188286579786,15,422,uncalibrated
0,logistic,4,0.08740473594324519,1,427,uncalibrated
0,logistic,4,0.04503288431750594,2,427,uncalibrated
0,logistic,4,0.022561040352749695,3,427,uncalibrated
0,logistic,4,0.011157035881846853,4,427,uncalibrated
0,logistic,4,0.005492344402904834,5,427,uncalibrated
0,logistic,4,0.002713577209348899,6,427,uncalibrated
0,logistic,4,0.0013279727631925482,7,427,uncalibrated
0,logistic,4,0.0006523898939815208,8,427,uncalibrated
0,logistic,4,0.0003173221742708758,9,427,uncalibrated
0,logistic,4,0.00015444677599692474,10,427,uncalibrated
0,logistic,4,7.584192822502215e-05,11,427,uncalibrated
0,logistic,4,3.7256541273974355e-05,12,427,uncalibrated
0,logistic,4,1.8394311399567655e-05,13,427,uncalibrated
0,logistic,4,9.092859484317214e-06,14,427,uncalibrated
0,logistic,4,4.477371015583278e-06,15,427,uncalibrated
0,logistic,4,0.08881693400182629,1,429,uncalibrated
0,logistic,4,0.04622424007677001,2,429,uncalibrated
0,logistic,4,0.22433772325323742,3,429,uncalibrated
0,logistic,4,0.09152208689327264,4,429,uncalibrated
0,logistic,4,0.04044355895743725,5,429,uncalibrated
0,logistic,4,0.014219053486938818,6,429,uncalibrated
0,logistic,4,0.006477751467122367,7,429,uncalibrated
0,logistic,4,0.009765700047679836,8,429,uncalibrated
0,logistic,4,0.004270293090593277,9,429,uncalibrated
0,logistic,4,0.007408610871225882,10,429,uncalibrated
0,logistic,4,0.009021512532704336,11,429,uncalibrated
0,logistic,4,0.004000445370608875,12,429,uncalibrated
0,logistic,4,0.0014281006010833468,13,429,uncalibrated
0,logistic,4,0.0005139989058231362,14,429,uncalibrated
0,logistic,4,0.0002408186943832907,15,429,uncalibrated
0,logistic,4,0.08637857088689517,1,430,uncalibrated
0,logistic,4,0.04386386666666715,2,430,uncalibrated
0,logistic,4,0.02172987597781539,3,430,uncalibrated
0,logistic,4,0.010651896615516842,4,430,uncalibrated
0,logistic,4,0.005193686633902327,5,430,uncalibrated
0,logistic,4,0.002522919862778764,6,430,uncalibrated
0,logistic,4,0.0012302620781627605,7,430,uncalibrated
0,logistic,4,0.0005962007983863764,8,430,uncalibrated
0,logistic,4,0.0002878760600239788,9,430,uncalibrated
0,logistic,4,0.0001395562652161182,10,430,uncalibrated
0,logistic,4,6.753670198261323e-05,11,430,uncalibrated
0,logistic,4,3.2687840261223665e-05,12,430,uncalibrated
0,logistic,4,1.596296045222464e-05,13,430,uncalibrated
0,logistic,4,7.736140660122022e-06,14,430,uncalibrated
0,logistic,4,3.790096543472957e-06,15,430,uncalibrated
0,logistic,4,0.08710100817437426,1,441,uncalibrated
0,logistic,4,0.044674142112857695,2,441,uncalibrated
0,logistic,4,0.022357176879555643,3,441,uncalibrated
0,logistic,4,0.011089551570983623,4,441,uncalibrated
0,logistic,4,0.005444100473256803,5,441,uncalibrated
0,logistic,4,0.0026823464481794484,6,441,uncalibrated
0,logistic,4,0.0013159327217164456,7,441,uncalibrated
0,logistic,4,0.0006487783627272554,8,441,uncalibrated
0,logistic,4,0.0003186399131404585,9,441,uncalibrated
0,logistic,4,0.00015612015293901807,10,441,uncalibrated
0,logistic,4,7.616958035596326e-05,11,441,uncalibrated
0,logistic,4,3.720715398350501e-05,12,441,uncalibrated
0,logistic,4,1.8398886995570365e-05,13,441,uncalibrated
0,logistic,4,9.01404722901568e-06,14,441,uncalibrated
0,logistic,4,4.4282714747990656e-06,15,441,uncalibrated
0,logistic,4,0.08906550348159835,1,446,uncalibrated
0,logistic,4,0.047761288273084075,2,446,uncalibrated
0,logistic,4,0.02463428963619869,3,446,uncalibrated
0,logistic,4,0.012513016368088978,4,446,uncalibrated
0,logistic,4,0.0063173713099198125,5,446,uncalibrated
0,logistic,4,0.003178747622415571,6,446,uncalibrated
0,logistic,4,0.0015980203259044735,7,446,uncalibrated
0,logistic,4,0.0008008641227163362,8,446,uncalibrated
0,logistic,4,0.0004054799770832995,9,446,uncalibrated
0,logistic,4,0.00020260179230264822,10,446,uncalibrated
0,logistic,4,0.00010165042504651074,11,446,uncalibrated
0,logistic,4,5.0938857470124316e-05,12,446,uncalibrated
0,logistic,4,2.5500350222044914e-05,13,446,uncalibrated
0,logistic,4,1.2789857695359746e-05,14,446,uncalibrated
0,logistic,4,6.366048592740534e-06,15,446,uncalibrated
0,logistic,4,0.08872974751786883,1,448,uncalibrated
0,logistic,4,0.046506508364845385,2,448,uncalibrated
0,logistic,4,0.02383253400986826,3,448,uncalibrated
0,logistic,4,0.012028730770041862,4,448,uncalibrated
0,logistic,4,0.006028523020174797,5,448,uncalibrated
0,logistic,4,0.0030435155960141956,6,448,uncalibrated
0,logistic,4,0.001524749402753772,7,448,uncalibrated
0,logistic,4,0.0007619664071697154,8,448,uncalibrated
0,logistic,4,0.0018736678089004988,9,448,uncalibrated
0,logistic,4,0.0008599743255803694,10,448,uncalibrated
0,logistic,4,0.0004134610863927116,11,448,uncalibrated
0,logistic,4,0.00015804980829329455,12,448,uncalibrated
0,logistic,4,7.662083468759704e-05,13,448,uncalibrated
0,logistic,4,0.00010110560349516095,14,448,uncalibrated
0,logistic,4,4.744288799987025e-05,15,448,uncalibrated
0,logistic,4,0.08637857088689517,1,449,uncalibrated
0,logistic,4,0.046668539913496385,2,449,uncalibrated
0,logistic,4,0.023277649267922796,3,449,uncalibrated
0,logistic,4,0.01147799679777354,4,449,uncalibrated
0,logistic,4,0.005614128021728055,5,449,uncalibrated
0,logistic,4,0.0027410881253842386,6,449,uncalibrated
0,logistic,4,0.0013327091774713844,7,449,uncalibrated
0,logistic,4,0.0006480262417376459,8,449,uncalibrated
0,logistic,4,0.0003155910969570619,9,449,uncalibrated
0,logistic,4,0.00015440837204727027,10,449,uncalibrated
0,logistic,4,7.502273066818774e-05,11,449,uncalibrated
0,logistic,4,3.6601376901415565e-05,12,449,uncalibrated
0,logistic,4,1.7881565304686207e-05,13,449,uncalibrated
0,logistic,4,8.696192468829141e-06,14,449,uncalibrated
0,logistic,4,4.222120040986132e-06,15,449,uncalibrated
0,logistic,4,0.08601287237704724,1,457,uncalibrated
0,logistic,4,0.043414052838664785,2,457,uncalibrated
0,logistic,4,0.021427057358358245,3,457,uncalibrated
0,logistic,4,0.010415139055621069,4,457,uncalibrated
0,logistic,4,0.0050359125048958925,5,457,uncalibrated
0,logistic,4,0.0024406228370584767,6,457,uncalibrated
0,logistic,4,0.0011795826080128935,7,457,uncalibrated
0,logistic,4,0.000567519953891509,8,457,uncalibrated
0,logistic,4,0.00027443255376456894,9,457,uncalibrated
0,logistic,4,0.00013243302843978714,10,457,uncalibrated
0,logistic,4,6.387178470149279e-05,11,457,uncalibrated
0,logistic,4,3.074781478056466e-05,12,457,uncalibrated
0,logistic,4,1.4989422818990943e-05,13,457,uncalibrated
0,logistic,4,7.218103916264559e-06,14,457,uncalibrated
0,logistic,4,3.473821953102677e-06,15,457,uncalibrated
0,logistic,4,0.08650951832737573,1,465,uncalibrated
0,logistic,4,0.04402758353271015,2,465,uncalibrated
0,logistic,4,0.02329084779017379,3,465,uncalibrated
0,logistic,4,0.011479878342204937,4,465,uncalibrated
0,logistic,4,0.005977075252897784,5,465,uncalibrated
0,logistic,4,0.0029159476363195694,6,465,uncalibrated
0,logistic,4,0.0015119289504195407,7,465,uncalibrated
0,logistic,4,0.0007362754006561391,8,465,uncalibrated
0,logistic,4,0.00035825823777193276,9,465,uncalibrated
0,logistic,4,0.00017531688838463348,10,465,uncalibrated
0,logistic,4,8.615548220738145e-05,11,465,uncalibrated
0,logistic,4,4.1876437087289075e-05,12,465,uncalibrated
0,logistic,4,2.058976789480281e-05,13,465,uncalibrated
0,logistic,4,1.0003306857748574e-05,14,465,uncalibrated
0,logistic,4,2.041002089886443e-05,15,465,uncalibrated
1,logistic,4,0.09164110497374459,1,473,uncalibrated
1,logistic,4,0.5264226758329716,2,473,uncalibrated
1,logistic,4,0.22174003520681468,3,473,uncalibrated
1,logistic,4,0.09968988722251125,4,473,uncalibrated
1,logistic,4,0.035726783492198384,5,473,uncalibrated
1,logistic,4,0.031956381296480575,6,473,uncalibrated
1,logistic,4,0.07001561457922409,7,473,uncalibrated
1,logistic,4,0.1208910628686709,8,473,uncalibrated
1,logistic,4,0.13893167103546794,9,473,uncalibrated
0,logistic,4,0.0563573784081115,10,473,uncalibrated
0,logistic,4,0.0772533686954856,11,473,uncalibrated
0,logistic,4,0.07142780243357155,12,473,uncalibrated
1,logistic,4,0.0948932683420346,13,473,uncalibrated
1,logistic,4,0.03370974606367661,14,473,uncalibrated
1,logistic,4,0.04788055758915301,15,473,uncalibrated
0,logistic,4,0.08692975856866941,1,487,uncalibrated
0,logistic,4,0.044437669283580394,2,487,uncalibrated
0,logistic,4,0.022315535379441958,3,487,uncalibrated
0,logistic,4,0.011023374710572076,4,487,uncalibrated
0,logistic,4,0.005456684189518721,5,487,uncalibrated
0,logistic,4,0.0026737104673674635,6,487,uncalibrated
0,logistic,4,0.0013087610888186782,7,487,uncalibrated
0,logistic,4,0.0006455611167376636,8,487,uncalibrated
0,logistic,4,0.00031577424762788863,9,487,uncalibrated
0,logistic,4,0.0001543315927891578,10,487,uncalibrated
0,logistic,4,7.530937493983507e-05,11,487,uncalibrated
0,logistic,4,3.684493878718787e-05,12,487,uncalibrated
0,logistic,4,1.810833106924391e-05,13,487,uncalibrated
0,logistic,4,8.854060596790029e-06,14,487,uncalibrated
0,logistic,4,4.31304722534111e-06,15,487,uncalibrated
0,logistic,4,0.08686397449056601,1,491,uncalibrated
0,logistic,4,0.5026733957191141,2,491,uncalibrated
0,logistic,4,0.19582699501212283,3,491,uncalibrated
0,logistic,4,0.2913147667867114,4,491,uncalibrated
0,logistic,4,0.3444309370045921,5,491,uncalibrated
0,logistic,4,0.39185683703664675,6,491,uncalibrated
1,logistic,4,0.1826415666190837,7,491,uncalibrated
1,logistic,4,0.22710678728344005,8,491,uncalibrated
1,logistic,4,0.17982782501266764,9,491,uncalibrated
1,logistic,4,0.20357298085453915,10,491,uncalibrated
1,logistic,4,0.18192878838886548,11,491,uncalibrated
0,logistic,4,0.2021224269140259,12,491,uncalibrated
0,logistic,4,0.18510226166175767,13,491,uncalibrated
0,logistic,4,0.13621212414575415,14,491,uncalibrated
0,logistic,4,0.14394105346431355,15,491,uncalibrated
0,histgb,4,0.1531749275144086,1,18,uncalibrated
0,histgb,4,0.04084957108271761,2,18,uncalibrated
0,histgb,4,0.16970572090921274,3,18,uncalibrated
0,histgb,4,0.5522759161714077,4,18,uncalibrated
0,histgb,4,0.17547352744130285,5,18,uncalibrated
0,histgb,4,0.3797018254676696,6,18,uncalibrated
0,histgb,4,0.1699780681094551,7,18,uncalibrated
0,histgb,4,0.19764613814558255,8,18,uncalibrated
0,histgb,4,0.0479974256333601,9,18,uncalibrated
0,histgb,4,0.04487815025845453,10,18,uncalibrated
0,histgb,4,0.0008234919905906323,11,18,uncalibrated
0,histgb,4,0.05300260585159726,12,18,uncalibrated
0,histgb,4,0.20472427451448236,13,18,uncalibrated
0,histgb,4,0.1072735087659383,14,18,uncalibrated
0,histgb,4,0.06333763214303931,15,18,uncalibrated
0,histgb,4,0.20138909629742358,1,24,uncalibrated
0,histgb,4,0.5321969515179187,2,24,uncalibrated
0,histgb,4,0.23112233845845434,3,24,uncalibrated
0,histgb,4,0.2856956338479123,4,24,uncalibrated
0,histgb,4,0.284252965365054,5,24,uncalibrated
0,histgb,4,0.04508652936095555,6,24,uncalibrated
0,histgb,4,0.05048251604279937,7,24,uncalibrated
0,histgb,4,0.15536980923458538,8,24,uncalibrated
0,histgb,4,0.0264214212934426,9,24,uncalibrated
0,histgb,4,0.04406443156384324,10,24,uncalibrated
0,histgb,4,0.0008234919905906323,11,24,uncalibrated
0,histgb,4,0.0008234919905906323,12,24,uncalibrated
0,histgb,4,0.0008234919905906323,13,24,uncalibrated
0,histgb,4,0.0008234919905906323,14,24,uncalibrated
0,histgb,4,0.0008234919905906323,15,24,uncalibrated
1,histgb,4,0.7743749860854159,1,25,uncalibrated
1,histgb,4,0.2530809638978322,2,25,uncalibrated
1,histgb,4,0.25373714469312103,3,25,uncalibrated
1,histgb,4,0.5765972693835005,4,25,uncalibrated
1,histgb,4,0.44510703271334484,5,25,uncalibrated
1,histgb,4,0.44510703271334484,6,25,uncalibrated
0,histgb,4,0.1858070167300233,7,25,uncalibrated
0,histgb,4,0.3113923321668382,8,25,uncalibrated
0,histgb,4,0.3060050442706636,9,25,uncalibrated
0,histgb,4,0.3369074299634905,10,25,uncalibrated
0,histgb,4,0.3369074299634905,11,25,uncalibrated
0,histgb,4,0.3775412513655929,12,25,uncalibrated
0,histgb,4,0.3486238578007994,13,25,uncalibrated
0,histgb,4,0.4144156547478566,14,25,uncalibrated
0,histgb,4,0.17140668926700953,15,25,uncalibrated
0,histgb,4,0.18081850113236797,1,26,uncalibrated
0,histgb,4,0.5321969515179187,2,26,uncalibrated
0,histgb,4,0.23112233845845434,3,26,uncalibrated
0,histgb,4,0.5365991173706267,4,26,uncalibrated
0,histgb,4,0.44181074221549954,5,26,uncalibrated
0,histgb,4,0.23604340328709916,6,26,uncalibrated
0,histgb,4,0.02567832892824284,7,26,uncalibrated
0,histgb,4,0.04137454718419623,8,26,uncalibrated
0,histgb,4,0.12265579697870073,9,26,uncalibrated
0,histgb,4,0.32870283795432426,10,26,uncalibrated
0,histgb,4,0.2493145675547301,11,26,uncalibrated
0,histgb,4,0.25879742454792065,12,26,uncalibrated
0,histgb,4,0.08660394416843081,13,26,uncalibrated
0,histgb,4,0.09852298079157891,14,26,uncalibrated
0,histgb,4,0.04425191517245717,15,26,uncalibrated
0,histgb,4,0.0954656497350567,1,27,uncalibrated
0,histgb,4,0.030062074563046267,2,27,uncalibrated
0,histgb,4,0.0008234919905906323,3,27,uncalibrated
0,histgb,4,0.0008234919905906323,4,27,uncalibrated
0,histgb,4,0.0008234919905906323,5,27,uncalibrated
0,histgb,4,0.0008234919905906323,6,27,uncalibrated
0,histgb,4,0.0008234919905906323,7,27,uncalibrated
0,histgb,4,0.0008234919905906323,8,27,uncalibrated
0,histgb,4,0.0008234919905906323,9,27,uncalibrated
0,histgb,4,0.0008234919905906323,10,27,uncalibrated
0,histgb,4,0.0008234919905906323,11,27,uncalibrated
0,histgb,4,0.0008234919905906323,12,27,uncalibrated
0,histgb,4,0.0008234919905906323,13,27,uncalibrated
0,histgb,4,0.0008234919905906323,14,27,uncalibrated
0,histgb,4,0.0008234919905906323,15,27,uncalibrated
0,histgb,4,0.0954656497350567,1,35,uncalibrated
0,histgb,4,0.030062074563046267,2,35,uncalibrated
0,histgb,4,0.0008234919905906323,3,35,uncalibrated
0,histgb,4,0.0008234919905906323,4,35,uncalibrated
0,histgb,4,0.0008234919905906323,5,35,uncalibrated
0,histgb,4,0.0008234919905906323,6,35,uncalibrated
0,histgb,4,0.0008234919905906323,7,35,uncalibrated
0,histgb,4,0.0008234919905906323,8,35,uncalibrated
0,histgb,4,0.0008234919905906323,9,35,uncalibrated
0,histgb,4,0.0008234919905906323,10,35,uncalibrated
0,histgb,4,0.0008234919905906323,11,35,uncalibrated
0,histgb,4,0.0008234919905906323,12,35,uncalibrated
0,histgb,4,0.0008234919905906323,13,35,uncalibrated
0,histgb,4,0.0008234919905906323,14,35,uncalibrated
0,histgb,4,0.0008234919905906323,15,35,uncalibrated
1,histgb,4,0.14828810399625797,1,36,uncalibrated
1,histgb,4,0.5321969515179187,2,36,uncalibrated
0,histgb,4,0.23112233845845434,3,36,uncalibrated
0,histgb,4,0.040665493960668216,4,36,uncalibrated
0,histgb,4,0.17016411302760476,5,36,uncalibrated
0,histgb,4,0.05643870590080247,6,36,uncalibrated
0,histgb,4,0.0008234919905906323,7,36,uncalibrated
0,histgb,4,0.0008234919905906323,8,36,uncalibrated
0,histgb,4,0.0008234919905906323,9,36,uncalibrated
0,histgb,4,0.0008234919905906323,10,36,uncalibrated
0,histgb,4,0.0008234919905906323,11,36,uncalibrated
0,histgb,4,0.0008234919905906323,12,36,uncalibrated
0,histgb,4,0.0008234919905906323,13,36,uncalibrated
0,histgb,4,0.0008234919905906323,14,36,uncalibrated
0,histgb,4,0.0008234919905906323,15,36,uncalibrated
0,histgb,4,0.027096372900488667,1,37,uncalibrated
0,histgb,4,0.029324968633340966,2,37,uncalibrated
0,histgb,4,0.0008234919905906323,3,37,uncalibrated
0,histgb,4,0.0008234919905906323,4,37,uncalibrated
0,histgb,4,0.0008234919905906323,5,37,uncalibrated
0,histgb,4,0.0008234919905906323,6,37,uncalibrated
0,histgb,4,0.0008234919905906323,7,37,uncalibrated
0,histgb,4,0.0008234919905906323,8,37,uncalibrated
0,histgb,4,0.0008234919905906323,9,37,uncalibrated
0,histgb,4,0.0008234919905906323,10,37,uncalibrated
0,histgb,4,0.0008234919905906323,11,37,uncalibrated
0,histgb,4,0.0008234919905906323,12,37,uncalibrated
0,histgb,4,0.0008234919905906323,13,37,uncalibrated
0,histgb,4,0.0008234919905906323,14,37,uncalibrated
0,histgb,4,0.0008234919905906323,15,37,uncalibrated
0,histgb,4,0.14828810399625797,1,44,uncalibrated
0,histgb,4,0.049634915933454864,2,44,uncalibrated
0,histgb,4,0.0008234919905906323,3,44,uncalibrated
0,histgb,4,0.0008234919905906323,4,44,uncalibrated
0,histgb,4,0.0008234919905906323,5,44,uncalibrated
0,histgb,4,0.0008234919905906323,6,44,uncalibrated
0,histgb,4,0.0008234919905906323,7,44,uncalibrated
0,histgb,4,0.0008234919905906323,8,44,uncalibrated
0,histgb,4,0.0008234919905906323,9,44,uncalibrated
0,histgb,4,0.0008234919905906323,10,44,uncalibrated
0,histgb,4,0.0008234919905906323,11,44,uncalibrated
0,histgb,4,0.0008234919905906323,12,44,uncalibrated
0,histgb,4,0.0008234919905906323,13,44,uncalibrated
0,histgb,4,0.0008234919905906323,14,44,uncalibrated
0,histgb,4,0.0008234919905906323,15,44,uncalibrated
0,histgb,4,0.0954656497350567,1,53,uncalibrated
0,histgb,4,0.030062074563046267,2,53,uncalibrated
0,histgb,4,0.0008234919905906323,3,53,uncalibrated
0,histgb,4,0.0008234919905906323,4,53,uncalibrated
0,histgb,4,0.0008234919905906323,5,53,uncalibrated
0,histgb,4,0.0008234919905906323,6,53,uncalibrated
0,histgb,4,0.0008234919905906323,7,53,uncalibrated
0,histgb,4,0.0008234919905906323,8,53,uncalibrated
0,histgb,4,0.0008234919905906323,9,53,uncalibrated
0,histgb,4,0.0008234919905906323,10,53,uncalibrated
0,histgb,4,0.0008234919905906323,11,53,uncalibrated
0,histgb,4,0.0008234919905906323,12,53,uncalibrated
0,histgb,4,0.0008234919905906323,13,53,uncalibrated
0,histgb,4,0.0008234919905906323,14,53,uncalibrated
0,histgb,4,0.0008234919905906323,15,53,uncalibrated
0,histgb,4,0.027096372900488667,1,54,uncalibrated
0,histgb,4,0.030062074563046267,2,54,uncalibrated
0,histgb,4,0.0008234919905906323,3,54,uncalibrated
0,histgb,4,0.0008234919905906323,4,54,uncalibrated
0,histgb,4,0.0008234919905906323,5,54,uncalibrated
0,histgb,4,0.0008234919905906323,6,54,uncalibrated
0,histgb,4,0.0008234919905906323,7,54,uncalibrated
0,histgb,4,0.0008234919905906323,8,54,uncalibrated
0,histgb,4,0.0008234919905906323,9,54,uncalibrated
0,histgb,4,0.0008234919905906323,10,54,uncalibrated
0,histgb,4,0.0008234919905906323,11,54,uncalibrated
0,histgb,4,0.0008234919905906323,12,54,uncalibrated
0,histgb,4,0.0008234919905906323,13,54,uncalibrated
0,histgb,4,0.0008234919905906323,14,54,uncalibrated
0,histgb,4,0.0008234919905906323,15,54,uncalibrated
0,histgb,4,0.027096372900488667,1,56,uncalibrated
0,histgb,4,0.029324968633340966,2,56,uncalibrated
0,histgb,4,0.0008234919905906323,3,56,uncalibrated
0,histgb,4,0.0008234919905906323,4,56,uncalibrated
0,histgb,4,0.0008234919905906323,5,56,uncalibrated
0,histgb,4,0.0008234919905906323,6,56,uncalibrated
0,histgb,4,0.0008234919905906323,7,56,uncalibrated
0,histgb,4,0.0008234919905906323,8,56,uncalibrated
0,histgb,4,0.0008234919905906323,9,56,uncalibrated
0,histgb,4,0.0008234919905906323,10,56,uncalibrated
0,histgb,4,0.0008234919905906323,11,56,uncalibrated
0,histgb,4,0.0008234919905906323,12,56,uncalibrated
0,histgb,4,0.0008234919905906323,13,56,uncalibrated
0,histgb,4,0.0008234919905906323,14,56,uncalibrated
0,histgb,4,0.0008234919905906323,15,56,uncalibrated
1,histgb,4,0.7743749860854159,1,64,uncalibrated
1,histgb,4,0.2530809638978322,2,64,uncalibrated
1,histgb,4,0.5902256832670749,3,64,uncalibrated
1,histgb,4,0.6131757372932973,4,64,uncalibrated
1,histgb,4,0.44510703271334484,5,64,uncalibrated
1,histgb,4,0.4977133423170237,6,64,uncalibrated
0,histgb,4,0.24258165905520582,7,64,uncalibrated
0,histgb,4,0.2830597520143518,8,64,uncalibrated
0,histgb,4,0.4287542120568313,9,64,uncalibrated
0,histgb,4,0.4697434749939317,10,64,uncalibrated
0,histgb,4,0.39786304594227256,11,64,uncalibrated
0,histgb,4,0.41538504319185526,12,64,uncalibrated
0,histgb,4,0.40050762943602475,13,64,uncalibrated
0,histgb,4,0.04858343373331111,14,64,uncalibrated
0,histgb,4,0.07393034746572479,15,64,uncalibrated
0,histgb,4,0.027096372900488667,1,65,uncalibrated
0,histgb,4,0.029324968633340966,2,65,uncalibrated
0,histgb,4,0.0008234919905906323,3,65,uncalibrated
0,histgb,4,0.0008234919905906323,4,65,uncalibrated
0,histgb,4,0.0008234919905906323,5,65,uncalibrated
0,histgb,4,0.0008234919905906323,6,65,uncalibrated
0,histgb,4,0.0008234919905906323,7,65,uncalibrated
0,histgb,4,0.0008234919905906323,8,65,uncalibrated
0,histgb,4,0.0008234919905906323,9,65,uncalibrated
0,histgb,4,0.0008234919905906323,10,65,uncalibrated
0,histgb,4,0.0008234919905906323,11,65,uncalibrated
0,histgb,4,0.0008234919905906323,12,65,uncalibrated
0,histgb,4,0.0008234919905906323,13,65,uncalibrated
0,histgb,4,0.0008234919905906323,14,65,uncalibrated
0,histgb,4,0.0008234919905906323,15,65,uncalibrated
0,histgb,4,0.14828810399625797,1,68,uncalibrated
0,histgb,4,0.023721254745438337,2,68,uncalibrated
0,histgb,4,0.032958114148942175,3,68,uncalibrated
0,histgb,4,0.21701878311999653,4,68,uncalibrated
0,histgb,4,0.22035733535892982,5,68,uncalibrated
0,histgb,4,0.05033783003774378,6,68,uncalibrated
0,histgb,4,0.0008234919905906323,7,68,uncalibrated
0,histgb,4,0.032257511985845096,8,68,uncalibrated
0,histgb,4,0.030642372061617518,9,68,uncalibrated
0,histgb,4,0.0329649770816743,10,68,uncalibrated
0,histgb,4,0.0008234919905906323,11,68,uncalibrated
0,histgb,4,0.026063547589259963,12,68,uncalibrated
0,histgb,4,0.014414419192551436,13,68,uncalibrated
0,histgb,4,0.0008234919905906323,14,68,uncalibrated
0,histgb,4,0.0008234919905906323,15,68,uncalibrated
0,histgb,4,0.1531749275144086,1,70,uncalibrated
0,histgb,4,0.04084957108271761,2,70,uncalibrated
0,histgb,4,0.0008234919905906323,3,70,uncalibrated
0,histgb,4,0.0008234919905906323,4,70,uncalibrated
0,histgb,4,0.0008234919905906323,5,70,uncalibrated
0,histgb,4,0.0008234919905906323,6,70,uncalibrated
0,histgb,4,0.0008234919905906323,7,70,uncalibrated
0,histgb,4,0.0008234919905906323,8,70,uncalibrated
0,histgb,4,0.0008234919905906323,9,70,uncalibrated
0,histgb,4,0.0008234919905906323,10,70,uncalibrated
0,histgb,4,0.0008234919905906323,11,70,uncalibrated
0,histgb,4,0.0008234919905906323,12,70,uncalibrated
0,histgb,4,0.0008234919905906323,13,70,uncalibrated
0,histgb,4,0.0008234919905906323,14,70,uncalibrated
0,histgb,4,0.0008234919905906323,15,70,uncalibrated
0,histgb,4,0.027096372900488667,1,81,uncalibrated
0,histgb,4,0.030062074563046267,2,81,uncalibrated
0,histgb,4,0.0008234919905906323,3,81,uncalibrated
0,histgb,4,0.0008234919905906323,4,81,uncalibrated
0,histgb,4,0.0008234919905906323,5,81,uncalibrated
0,histgb,4,0.0008234919905906323,6,81,uncalibrated
0,histgb,4,0.0008234919905906323,7,81,uncalibrated
0,histgb,4,0.0008234919905906323,8,81,uncalibrated
0,histgb,4,0.0008234919905906323,9,81,uncalibrated
0,histgb,4,0.0008234919905906323,10,81,uncalibrated
0,histgb,4,0.0008234919905906323,11,81,uncalibrated
0,histgb,4,0.0008234919905906323,12,81,uncalibrated
0,histgb,4,0.0008234919905906323,13,81,uncalibrated
0,histgb,4,0.0008234919905906323,14,81,uncalibrated
0,histgb,4,0.0008234919905906323,15,81,uncalibrated
1,histgb,4,0.11578036328110644,1,82,uncalibrated
1,histgb,4,0.4966984990550364,2,82,uncalibrated
0,histgb,4,0.1223371874811876,3,82,uncalibrated
1,histgb,4,0.45896723789055,4,82,uncalibrated
1,histgb,4,0.2567276691569685,5,82,uncalibrated
1,histgb,4,0.271109557902041,6,82,uncalibrated
0,histgb,4,0.17761598294925324,7,82,uncalibrated
0,histgb,4,0.13554445741789417,8,82,uncalibrated
0,histgb,4,0.20158991399973794,9,82,uncalibrated
0,histgb,4,0.2913315862751825,10,82,uncalibrated
0,histgb,4,0.1940189227292522,11,82,uncalibrated
0,histgb,4,0.05345852483270645,12,82,uncalibrated
0,histgb,4,0.0008234919905906323,13,82,uncalibrated
0,histgb,4,0.040355936959340935,14,82,uncalibrated
0,histgb,4,0.012896653530602797,15,82,uncalibrated
0,histgb,4,0.14828810399625797,1,95,uncalibrated
0,histgb,4,0.023721254745438337,2,95,uncalibrated
0,histgb,4,0.0008234919905906323,3,95,uncalibrated
0,histgb,4,0.0008234919905906323,4,95,uncalibrated
0,histgb,4,0.0008234919905906323,5,95,uncalibrated
0,histgb,4,0.0008234919905906323,6,95,uncalibrated
0,histgb,4,0.0008234919905906323,7,95,uncalibrated
0,histgb,4,0.0008234919905906323,8,95,uncalibrated
0,histgb,4,0.0008234919905906323,9,95,uncalibrated
0,histgb,4,0.0008234919905906323,10,95,uncalibrated
0,histgb,4,0.0008234919905906323,11,95,uncalibrated
0,histgb,4,0.0008234919905906323,12,95,uncalibrated
0,histgb,4,0.0008234919905906323,13,95,uncalibrated
0,histgb,4,0.0008234919905906323,14,95,uncalibrated
0,histgb,4,0.0008234919905906323,15,95,uncalibrated
0,histgb,4,0.027096372900488667,1,98,uncalibrated
0,histgb,4,0.031195470739284532,2,98,uncalibrated
0,histgb,4,0.0008234919905906323,3,98,uncalibrated
0,histgb,4,0.0008234919905906323,4,98,uncalibrated
0,histgb,4,0.0008234919905906323,5,98,uncalibrated
0,histgb,4,0.0008234919905906323,6,98,uncalibrated
0,histgb,4,0.0008234919905906323,7,98,uncalibrated
0,histgb,4,0.0008234919905906323,8,98,uncalibrated
0,histgb,4,0.0008234919905906323,9,98,uncalibrated
0,histgb,4,0.0008234919905906323,10,98,uncalibrated
0,histgb,4,0.0008234919905906323,11,98,uncalibrated
0,histgb,4,0.0008234919905906323,12,98,uncalibrated
0,histgb,4,0.0008234919905906323,13,98,uncalibrated
0,histgb,4,0.0008234919905906323,14,98,uncalibrated
0,histgb,4,0.0008234919905906323,15,98,uncalibrated
0,histgb,4,0.2817459414271217,1,101,uncalibrated
0,histgb,4,0.19459852363470495,2,101,uncalibrated
0,histgb,4,0.25373714469312103,3,101,uncalibrated
0,histgb,4,0.2674319093699814,4,101,uncalibrated
0,histgb,4,0.2101776078844662,5,101,uncalibrated
0,histgb,4,0.13799827573019183,6,101,uncalibrated
0,histgb,4,0.4232813661715267,7,101,uncalibrated
0,histgb,4,0.3929827380030011,8,101,uncalibrated
0,histgb,4,0.379345806463077,9,101,uncalibrated
0,histgb,4,0.36578020570723263,10,101,uncalibrated
0,histgb,4,0.3089423463821788,11,101,uncalibrated
0,histgb,4,0.26002292689533824,12,101,uncalibrated
0,histgb,4,0.11985164135206135,13,101,uncalibrated
0,histgb,4,0.060258054462349615,14,101,uncalibrated
0,histgb,4,0.043775447076676924,15,101,uncalibrated
0,histgb,4,0.14828810399625797,1,108,uncalibrated
0,histgb,4,0.5321969515179187,2,108,uncalibrated
0,histgb,4,0.23112233845845434,3,108,uncalibrated
0,histgb,4,0.040665493960668216,4,108,uncalibrated
0,histgb,4,0.040278586930444116,5,108,uncalibrated
0,histgb,4,0.0008234919905906323,6,108,uncalibrated
0,histgb,4,0.0008234919905906323,7,108,uncalibrated
0,histgb,4,0.0008234919905906323,8,108,uncalibrated
0,histgb,4,0.0008234919905906323,9,108,uncalibrated
0,histgb,4,0.0008234919905906323,10,108,uncalibrated
0,histgb,4,0.0008234919905906323,11,108,uncalibrated
0,histgb,4,0.0008234919905906323,12,108,uncalibrated
0,histgb,4,0.0008234919905906323,13,108,uncalibrated
0,histgb,4,0.0008234919905906323,14,108,uncalibrated
0,histgb,4,0.0008234919905906323,15,108,uncalibrated
0,histgb,4,0.0954656497350567,1,116,uncalibrated
0,histgb,4,0.030062074563046267,2,116,uncalibrated
0,histgb,4,0.0008234919905906323,3,116,uncalibrated
0,histgb,4,0.0008234919905906323,4,116,uncalibrated
0,histgb,4,0.0008234919905906323,5,116,uncalibrated
0,histgb,4,0.0008234919905906323,6,116,uncalibrated
0,histgb,4,0.0008234919905906323,7,116,uncalibrated
0,histgb,4,0.0008234919905906323,8,116,uncalibrated
0,histgb,4,0.0008234919905906323,9,116,uncalibrated
0,histgb,4,0.0008234919905906323,10,116,uncalibrated
0,histgb,4,0.0008234919905906323,11,116,uncalibrated
0,histgb,4,0.0008234919905906323,12,116,uncalibrated
0,histgb,4,0.0008234919905906323,13,116,uncalibrated
0,histgb,4,0.0008234919905906323,14,116,uncalibrated
0,histgb,4,0.0008234919905906323,15,116,uncalibrated
0,histgb,4,0.11578036328110644,1,120,uncalibrated
0,histgb,4,0.5896142077182258,2,120,uncalibrated
0,histgb,4,0.12833567247055674,3,120,uncalibrated
0,histgb,4,0.040665493960668216,4,120,uncalibrated
0,histgb,4,0.0008234919905906323,5,120,uncalibrated
0,histgb,4,0.0008234919905906323,6,120,uncalibrated
0,histgb,4,0.0008234919905906323,7,120,uncalibrated
0,histgb,4,0.0008234919905906323,8,120,uncalibrated
0,histgb,4,0.0008234919905906323,9,120,uncalibrated
0,histgb,4,0.0008234919905906323,10,120,uncalibrated
0,histgb,4,0.0008234919905906323,11,120,uncalibrated
0,histgb,4,0.0008234919905906323,12,120,uncalibrated
0,histgb,4,0.0008234919905906323,13,120,uncalibrated
0,histgb,4,0.0008234919905906323,14,120,uncalibrated
0,histgb,4,0.0008234919905906323,15,120,uncalibrated
0,histgb,4,0.14828810399625797,1,124,uncalibrated
0,histgb,4,0.023721254745438337,2,124,uncalibrated
0,histgb,4,0.0008234919905906323,3,124,uncalibrated
0,histgb,4,0.0008234919905906323,4,124,uncalibrated
0,histgb,4,0.0008234919905906323,5,124,uncalibrated
0,histgb,4,0.0008234919905906323,6,124,uncalibrated
0,histgb,4,0.0008234919905906323,7,124,uncalibrated
0,histgb,4,0.0008234919905906323,8,124,uncalibrated
0,histgb,4,0.0008234919905906323,9,124,uncalibrated
0,histgb,4,0.0008234919905906323,10,124,uncalibrated
0,histgb,4,0.0008234919905906323,11,124,uncalibrated
0,histgb,4,0.0008234919905906323,12,124,uncalibrated
0,histgb,4,0.0008234919905906323,13,124,uncalibrated
0,histgb,4,0.0008234919905906323,14,124,uncalibrated
0,histgb,4,0.0008234919905906323,15,124,uncalibrated
0,histgb,4,0.0954656497350567,1,125,uncalibrated
0,histgb,4,0.030062074563046267,2,125,uncalibrated
0,histgb,4,0.0008234919905906323,3,125,uncalibrated
0,histgb,4,0.0008234919905906323,4,125,uncalibrated
0,histgb,4,0.0008234919905906323,5,125,uncalibrated
0,histgb,4,0.0008234919905906323,6,125,uncalibrated
0,histgb,4,0.0008234919905906323,7,125,uncalibrated
0,histgb,4,0.0008234919905906323,8,125,uncalibrated
0,histgb,4,0.0008234919905906323,9,125,uncalibrated
0,histgb,4,0.0008234919905906323,10,125,uncalibrated
0,histgb,4,0.0008234919905906323,11,125,uncalibrated
0,histgb,4,0.0008234919905906323,12,125,uncalibrated
0,histgb,4,0.0008234919905906323,13,125,uncalibrated
0,histgb,4,0.0008234919905906323,14,125,uncalibrated
0,histgb,4,0.0008234919905906323,15,125,uncalibrated
0,histgb,4,0.20138909629742358,1,126,uncalibrated
0,histgb,4,0.19459852363470495,2,126,uncalibrated
0,histgb,4,0.25373714469312103,3,126,uncalibrated
0,histgb,4,0.2674319093699814,4,126,uncalibrated
0,histgb,4,0.048768675109257524,5,126,uncalibrated
0,histgb,4,0.21173513048674053,6,126,uncalibrated
0,histgb,4,0.14638896342827581,7,126,uncalibrated
0,histgb,4,0.1610599180103062,8,126,uncalibrated
0,histgb,4,0.21743412117533556,9,126,uncalibrated
0,histgb,4,0.16865870098312918,10,126,uncalibrated
0,histgb,4,0.33781663520288435,11,126,uncalibrated
0,histgb,4,0.2696105347318052,12,126,uncalibrated
0,histgb,4,0.1576110837014179,13,126,uncalibrated
0,histgb,4,0.06589602475218284,14,126,uncalibrated
0,histgb,4,0.049971806160174374,15,126,uncalibrated
0,histgb,4,0.11578036328110644,1,130,uncalibrated
0,histgb,4,0.030062074563046267,2,130,uncalibrated
0,histgb,4,0.0008234919905906323,3,130,uncalibrated
0,histgb,4,0.0008234919905906323,4,130,uncalibrated
0,histgb,4,0.0008234919905906323,5,130,uncalibrated
0,histgb,4,0.0008234919905906323,6,130,uncalibrated
0,histgb,4,0.0008234919905906323,7,130,uncalibrated
0,histgb,4,0.0008234919905906323,8,130,uncalibrated
0,histgb,4,0.0008234919905906323,9,130,uncalibrated
0,histgb,4,0.0008234919905906323,10,130,uncalibrated
0,histgb,4,0.0008234919905906323,11,130,uncalibrated
0,histgb,4,0.0008234919905906323,12,130,uncalibrated
0,histgb,4,0.0008234919905906323,13,130,uncalibrated
0,histgb,4,0.0008234919905906323,14,130,uncalibrated
0,histgb,4,0.0008234919905906323,15,130,uncalibrated
0,histgb,4,0.1531749275144086,1,131,uncalibrated
0,histgb,4,0.02726052286567366,2,131,uncalibrated
0,histgb,4,0.0008234919905906323,3,131,uncalibrated
0,histgb,4,0.0008234919905906323,4,131,uncalibrated
0,histgb,4,0.0008234919905906323,5,131,uncalibrated
0,histgb,4,0.0008234919905906323,6,131,uncalibrated
0,histgb,4,0.0008234919905906323,7,131,uncalibrated
0,histgb,4,0.0008234919905906323,8,131,uncalibrated
0,histgb,4,0.0008234919905906323,9,131,uncalibrated
0,histgb,4,0.0008234919905906323,10,131,uncalibrated
0,histgb,4,0.0008234919905906323,11,131,uncalibrated
0,histgb,4,0.0008234919905906323,12,131,uncalibrated
0,histgb,4,0.0008234919905906323,13,131,uncalibrated
0,histgb,4,0.0008234919905906323,14,131,uncalibrated
0,histgb,4,0.0008234919905906323,15,131,uncalibrated
0,histgb,4,0.14828810399625797,1,134,uncalibrated
0,histgb,4,0.023721254745438337,2,134,uncalibrated
0,histgb,4,0.0008234919905906323,3,134,uncalibrated
0,histgb,4,0.0008234919905906323,4,134,uncalibrated
0,histgb,4,0.0008234919905906323,5,134,uncalibrated
0,histgb,4,0.0008234919905906323,6,134,uncalibrated
0,histgb,4,0.0008234919905906323,7,134,uncalibrated
0,histgb,4,0.0008234919905906323,8,134,uncalibrated
0,histgb,4,0.0008234919905906323,9,134,uncalibrated
0,histgb,4,0.0008234919905906323,10,134,uncalibrated
0,histgb,4,0.0008234919905906323,11,134,uncalibrated
0,histgb,4,0.0008234919905906323,12,134,uncalibrated
0,histgb,4,0.0008234919905906323,13,134,uncalibrated
0,histgb,4,0.0008234919905906323,14,134,uncalibrated
0,histgb,4,0.0008234919905906323,15,134,uncalibrated
0,histgb,4,0.1531749275144086,1,137,uncalibrated
0,histgb,4,0.049634915933454864,2,137,uncalibrated
0,histgb,4,0.0008234919905906323,3,137,uncalibrated
0,histgb,4,0.0008234919905906323,4,137,uncalibrated
0,histgb,4,0.0008234919905906323,5,137,uncalibrated
0,histgb,4,0.0008234919905906323,6,137,uncalibrated
0,histgb,4,0.0008234919905906323,7,137,uncalibrated
0,histgb,4,0.0008234919905906323,8,137,uncalibrated
0,histgb,4,0.0008234919905906323,9,137,uncalibrated
0,histgb,4,0.0008234919905906323,10,137,uncalibrated
0,histgb,4,0.0008234919905906323,11,137,uncalibrated
0,histgb,4,0.0008234919905906323,12,137,uncalibrated
0,histgb,4,0.0008234919905906323,13,137,uncalibrated
0,histgb,4,0.0008234919905906323,14,137,uncalibrated
0,histgb,4,0.0008234919905906323,15,137,uncalibrated
0,histgb,4,0.1531749275144086,1,140,uncalibrated
0,histgb,4,0.02726052286567366,2,140,uncalibrated
0,histgb,4,0.0008234919905906323,3,140,uncalibrated
0,histgb,4,0.0008234919905906323,4,140,uncalibrated
0,histgb,4,0.0008234919905906323,5,140,uncalibrated
0,histgb,4,0.0008234919905906323,6,140,uncalibrated
0,histgb,4,0.0008234919905906323,7,140,uncalibrated
0,histgb,4,0.0008234919905906323,8,140,uncalibrated
0,histgb,4,0.0008234919905906323,9,140,uncalibrated
0,histgb,4,0.0008234919905906323,10,140,uncalibrated
0,histgb,4,0.0008234919905906323,11,140,uncalibrated
0,histgb,4,0.0008234919905906323,12,140,uncalibrated
0,histgb,4,0.0008234919905906323,13,140,uncalibrated
0,histgb,4,0.0008234919905906323,14,140,uncalibrated
0,histgb,4,0.0008234919905906323,15,140,uncalibrated
0,histgb,4,0.027096372900488667,1,144,uncalibrated
0,histgb,4,0.030062074563046267,2,144,uncalibrated
0,histgb,4,0.0008234919905906323,3,144,uncalibrated
0,histgb,4,0.0008234919905906323,4,144,uncalibrated
0,histgb,4,0.0008234919905906323,5,144,uncalibrated
0,histgb,4,0.0008234919905906323,6,144,uncalibrated
0,histgb,4,0.0008234919905906323,7,144,uncalibrated
0,histgb,4,0.0008234919905906323,8,144,uncalibrated
0,histgb,4,0.0008234919905906323,9,144,uncalibrated
0,histgb,4,0.0008234919905906323,10,144,uncalibrated
0,histgb,4,0.0008234919905906323,11,144,uncalibrated
0,histgb,4,0.0008234919905906323,12,144,uncalibrated
0,histgb,4,0.0008234919905906323,13,144,uncalibrated
0,histgb,4,0.0008234919905906323,14,144,uncalibrated
0,histgb,4,0.0008234919905906323,15,144,uncalibrated
0,histgb,4,0.14828810399625797,1,152,uncalibrated
0,histgb,4,0.5321969515179187,2,152,uncalibrated
0,histgb,4,0.6195193650403555,3,152,uncalibrated
0,histgb,4,0.3025378140405519,4,152,uncalibrated
0,histgb,4,0.29065786022992673,5,152,uncalibrated
0,histgb,4,0.3071471355122553,6,152,uncalibrated
0,histgb,4,0.3527043972940127,7,152,uncalibrated
0,histgb,4,0.29159651391166974,8,152,uncalibrated
0,histgb,4,0.440160930527506,9,152,uncalibrated
0,histgb,4,0.055029975347444,10,152,uncalibrated
0,histgb,4,0.45250153592668535,11,152,uncalibrated
0,histgb,4,0.4932928201243609,12,152,uncalibrated
0,histgb,4,0.21480567836012454,13,152,uncalibrated
0,histgb,4,0.19681412921489497,14,152,uncalibrated
0,histgb,4,0.06304337525223938,15,152,uncalibrated
0,histgb,4,0.0954656497350567,1,153,uncalibrated
0,histgb,4,0.049634915933454864,2,153,uncalibrated
0,histgb,4,0.0008234919905906323,3,153,uncalibrated
0,histgb,4,0.0008234919905906323,4,153,uncalibrated
0,histgb,4,0.0008234919905906323,5,153,uncalibrated
0,histgb,4,0.0008234919905906323,6,153,uncalibrated
0,histgb,4,0.0008234919905906323,7,153,uncalibrated
0,histgb,4,0.0008234919905906323,8,153,uncalibrated
0,histgb,4,0.0008234919905906323,9,153,uncalibrated
0,histgb,4,0.0008234919905906323,10,153,uncalibrated
0,histgb,4,0.0008234919905906323,11,153,uncalibrated
0,histgb,4,0.0008234919905906323,12,153,uncalibrated
0,histgb,4,0.0008234919905906323,13,153,uncalibrated
0,histgb,4,0.0008234919905906323,14,153,uncalibrated
0,histgb,4,0.0008234919905906323,15,153,uncalibrated
0,histgb,4,0.027096372900488667,1,157,uncalibrated
0,histgb,4,0.030062074563046267,2,157,uncalibrated
0,histgb,4,0.0008234919905906323,3,157,uncalibrated
0,histgb,4,0.0008234919905906323,4,157,uncalibrated
0,histgb,4,0.0008234919905906323,5,157,uncalibrated
0,histgb,4,0.0008234919905906323,6,157,uncalibrated
0,histgb,4,0.0008234919905906323,7,157,uncalibrated
0,histgb,4,0.0008234919905906323,8,157,uncalibrated
0,histgb,4,0.0008234919905906323,9,157,uncalibrated
0,histgb,4,0.0008234919905906323,10,157,uncalibrated
0,histgb,4,0.0008234919905906323,11,157,uncalibrated
0,histgb,4,0.0008234919905906323,12,157,uncalibrated
0,histgb,4,0.0008234919905906323,13,157,uncalibrated
0,histgb,4,0.0008234919905906323,14,157,uncalibrated
0,histgb,4,0.0008234919905906323,15,157,uncalibrated
0,histgb,4,0.1531749275144086,1,159,uncalibrated
0,histgb,4,0.04084957108271761,2,159,uncalibrated
0,histgb,4,0.0008234919905906323,3,159,uncalibrated
0,histgb,4,0.0008234919905906323,4,159,uncalibrated
0,histgb,4,0.0008234919905906323,5,159,uncalibrated
0,histgb,4,0.0008234919905906323,6,159,uncalibrated
0,histgb,4,0.0008234919905906323,7,159,uncalibrated
0,histgb,4,0.0008234919905906323,8,159,uncalibrated
0,histgb,4,0.0008234919905906323,9,159,uncalibrated
0,histgb,4,0.0008234919905906323,10,159,uncalibrated
0,histgb,4,0.0008234919905906323,11,159,uncalibrated
0,histgb,4,0.0008234919905906323,12,159,uncalibrated
0,histgb,4,0.0008234919905906323,13,159,uncalibrated
0,histgb,4,0.0008234919905906323,14,159,uncalibrated
0,histgb,4,0.0008234919905906323,15,159,uncalibrated
1,histgb,4,0.14828810399625797,1,166,uncalibrated
1,histgb,4,0.5321969515179187,2,166,uncalibrated
1,histgb,4,0.6195193650403555,3,166,uncalibrated
1,histgb,4,0.6515660196153678,4,166,uncalibrated
1,histgb,4,0.6025187734426212,5,166,uncalibrated
0,histgb,4,0.3239252826482587,6,166,uncalibrated
0,histgb,4,0.0820222008949603,7,166,uncalibrated
0,histgb,4,0.0008234919905906323,8,166,uncalibrated
0,histgb,4,0.0008234919905906323,9,166,uncalibrated
0,histgb,4,0.0008234919905906323,10,166,uncalibrated
0,histgb,4,0.0008234919905906323,11,166,uncalibrated
0,histgb,4,0.0008234919905906323,12,166,uncalibrated
0,histgb,4,0.0008234919905906323,13,166,uncalibrated
0,histgb,4,0.0008234919905906323,14,166,uncalibrated
0,histgb,4,0.0008234919905906323,15,166,uncalibrated
0,histgb,4,0.18081850113236797,1,168,uncalibrated
0,histgb,4,0.19459852363470495,2,168,uncalibrated
0,histgb,4,0.032958114148942175,3,168,uncalibrated
0,histgb,4,0.0008234919905906323,4,168,uncalibrated
0,histgb,4,0.0008234919905906323,5,168,uncalibrated
0,histgb,4,0.0008234919905906323,6,168,uncalibrated
0,histgb,4,0.0008234919905906323,7,168,uncalibrated
0,histgb,4,0.0008234919905906323,8,168,uncalibrated
0,histgb,4,0.0008234919905906323,9,168,uncalibrated
0,histgb,4,0.0008234919905906323,10,168,uncalibrated
0,histgb,4,0.0008234919905906323,11,168,uncalibrated
0,histgb,4,0.0008234919905906323,12,168,uncalibrated
0,histgb,4,0.0008234919905906323,13,168,uncalibrated
0,histgb,4,0.0008234919905906323,14,168,uncalibrated
0,histgb,4,0.0008234919905906323,15,168,uncalibrated
0,histgb,4,0.0954656497350567,1,171,uncalibrated
0,histgb,4,0.030062074563046267,2,171,uncalibrated
0,histgb,4,0.0008234919905906323,3,171,uncalibrated
0,histgb,4,0.0008234919905906323,4,171,uncalibrated
0,histgb,4,0.0008234919905906323,5,171,uncalibrated
0,histgb,4,0.0008234919905906323,6,171,uncalibrated
0,histgb,4,0.0008234919905906323,7,171,uncalibrated
0,histgb,4,0.0008234919905906323,8,171,uncalibrated
0,histgb,4,0.0008234919905906323,9,171,uncalibrated
0,histgb,4,0.0008234919905906323,10,171,uncalibrated
0,histgb,4,0.0008234919905906323,11,171,uncalibrated
0,histgb,4,0.0008234919905906323,12,171,uncalibrated
0,histgb,4,0.0008234919905906323,13,171,uncalibrated
0,histgb,4,0.0008234919905906323,14,171,uncalibrated
0,histgb,4,0.0008234919905906323,15,171,uncalibrated
0,histgb,4,0.0954656497350567,1,180,uncalibrated
0,histgb,4,0.46346943700168897,2,180,uncalibrated
0,histgb,4,0.13850278036916897,3,180,uncalibrated
0,histgb,4,0.5457944381936618,4,180,uncalibrated
1,histgb,4,0.108148559557647,5,180,uncalibrated
1,histgb,4,0.03263509418165552,6,180,uncalibrated
1,histgb,4,0.0008234919905906323,7,180,uncalibrated
1,histgb,4,0.0008234919905906323,8,180,uncalibrated
1,histgb,4,0.0008234919905906323,9,180,uncalibrated
1,histgb,4,0.03110717201468573,10,180,uncalibrated
1,histgb,4,0.15785285923093945,11,180,uncalibrated
0,histgb,4,0.2989306187693865,12,180,uncalibrated
0,histgb,4,0.26095249533969544,13,180,uncalibrated
0,histgb,4,0.11896897632250675,14,180,uncalibrated
0,histgb,4,0.0843547901462439,15,180,uncalibrated
0,histgb,4,0.027096372900488667,1,182,uncalibrated
0,histgb,4,0.031195470739284532,2,182,uncalibrated
0,histgb,4,0.0008234919905906323,3,182,uncalibrated
0,histgb,4,0.0008234919905906323,4,182,uncalibrated
0,histgb,4,0.0008234919905906323,5,182,uncalibrated
0,histgb,4,0.0008234919905906323,6,182,uncalibrated
0,histgb,4,0.0008234919905906323,7,182,uncalibrated
0,histgb,4,0.0008234919905906323,8,182,uncalibrated
0,histgb,4,0.0008234919905906323,9,182,uncalibrated
0,histgb,4,0.0008234919905906323,10,182,uncalibrated
0,histgb,4,0.0008234919905906323,11,182,uncalibrated
0,histgb,4,0.0008234919905906323,12,182,uncalibrated
0,histgb,4,0.0008234919905906323,13,182,uncalibrated
0,histgb,4,0.0008234919905906323,14,182,uncalibrated
0,histgb,4,0.0008234919905906323,15,182,uncalibrated
0,histgb,4,0.11578036328110644,1,192,uncalibrated
0,histgb,4,0.030062074563046267,2,192,uncalibrated
0,histgb,4,0.0008234919905906323,3,192,uncalibrated
0,histgb,4,0.0008234919905906323,4,192,uncalibrated
0,histgb,4,0.0008234919905906323,5,192,uncalibrated
0,histgb,4,0.0008234919905906323,6,192,uncalibrated
0,histgb,4,0.0008234919905906323,7,192,uncalibrated
0,histgb,4,0.0008234919905906323,8,192,uncalibrated
0,histgb,4,0.0008234919905906323,9,192,uncalibrated
0,histgb,4,0.0008234919905906323,10,192,uncalibrated
0,histgb,4,0.0008234919905906323,11,192,uncalibrated
0,histgb,4,0.0008234919905906323,12,192,uncalibrated
0,histgb,4,0.0008234919905906323,13,192,uncalibrated
0,histgb,4,0.0008234919905906323,14,192,uncalibrated
0,histgb,4,0.0008234919905906323,15,192,uncalibrated
0,histgb,4,0.20138909629742358,1,194,uncalibrated
0,histgb,4,0.023721254745438337,2,194,uncalibrated
0,histgb,4,0.0008234919905906323,3,194,uncalibrated
0,histgb,4,0.0008234919905906323,4,194,uncalibrated
0,histgb,4,0.040278586930444116,5,194,uncalibrated
0,histgb,4,0.0008234919905906323,6,194,uncalibrated
0,histgb,4,0.0008234919905906323,7,194,uncalibrated
0,histgb,4,0.0008234919905906323,8,194,uncalibrated
0,histgb,4,0.0008234919905906323,9,194,uncalibrated
0,histgb,4,0.0008234919905906323,10,194,uncalibrated
0,histgb,4,0.0008234919905906323,11,194,uncalibrated
0,histgb,4,0.0008234919905906323,12,194,uncalibrated
0,histgb,4,0.0008234919905906323,13,194,uncalibrated
0,histgb,4,0.0008234919905906323,14,194,uncalibrated
0,histgb,4,0.0008234919905906323,15,194,uncalibrated
0,histgb,4,0.32479597847264746,1,197,uncalibrated
0,histgb,4,0.5321969515179187,2,197,uncalibrated
0,histgb,4,0.23112233845845434,3,197,uncalibrated
0,histgb,4,0.040665493960668216,4,197,uncalibrated
0,histgb,4,0.0008234919905906323,5,197,uncalibrated
0,histgb,4,0.0008234919905906323,6,197,uncalibrated
0,histgb,4,0.0008234919905906323,7,197,uncalibrated
0,histgb,4,0.0008234919905906323,8,197,uncalibrated
0,histgb,4,0.0008234919905906323,9,197,uncalibrated
0,histgb,4,0.0008234919905906323,10,197,uncalibrated
0,histgb,4,0.0008234919905906323,11,197,uncalibrated
0,histgb,4,0.0008234919905906323,12,197,uncalibrated
0,histgb,4,0.0008234919905906323,13,197,uncalibrated
0,histgb,4,0.0008234919905906323,14,197,uncalibrated
0,histgb,4,0.0008234919905906323,15,197,uncalibrated
0,histgb,4,0.14828810399625797,1,201,uncalibrated
0,histgb,4,0.023721254745438337,2,201,uncalibrated
0,histgb,4,0.0008234919905906323,3,201,uncalibrated
0,histgb,4,0.0008234919905906323,4,201,uncalibrated
0,histgb,4,0.0008234919905906323,5,201,uncalibrated
0,histgb,4,0.0008234919905906323,6,201,uncalibrated
0,histgb,4,0.0008234919905906323,7,201,uncalibrated
0,histgb,4,0.0008234919905906323,8,201,uncalibrated
0,histgb,4,0.0008234919905906323,9,201,uncalibrated
0,histgb,4,0.0008234919905906323,10,201,uncalibrated
0,histgb,4,0.0008234919905906323,11,201,uncalibrated
0,histgb,4,0.0008234919905906323,12,201,uncalibrated
0,histgb,4,0.0008234919905906323,13,201,uncalibrated
0,histgb,4,0.0008234919905906323,14,201,uncalibrated
0,histgb,4,0.0008234919905906323,15,201,uncalibrated
0,histgb,4,0.11578036328110644,1,206,uncalibrated
0,histgb,4,0.030062074563046267,2,206,uncalibrated
0,histgb,4,0.0008234919905906323,3,206,uncalibrated
0,histgb,4,0.0008234919905906323,4,206,uncalibrated
0,histgb,4,0.0008234919905906323,5,206,uncalibrated
0,histgb,4,0.0008234919905906323,6,206,uncalibrated
0,histgb,4,0.0008234919905906323,7,206,uncalibrated
0,histgb,4,0.0008234919905906323,8,206,uncalibrated
0,histgb,4,0.0008234919905906323,9,206,uncalibrated
0,histgb,4,0.0008234919905906323,10,206,uncalibrated
0,histgb,4,0.0008234919905906323,11,206,uncalibrated
0,histgb,4,0.0008234919905906323,12,206,uncalibrated
0,histgb,4,0.0008234919905906323,13,206,uncalibrated
0,histgb,4,0.0008234919905906323,14,206,uncalibrated
0,histgb,4,0.0008234919905906323,15,206,uncalibrated
0,histgb,4,0.0954656497350567,1,207,uncalibrated
0,histgb,4,0.030062074563046267,2,207,uncalibrated
0,histgb,4,0.0008234919905906323,3,207,uncalibrated
0,histgb,4,0.0008234919905906323,4,207,uncalibrated
0,histgb,4,0.0008234919905906323,5,207,uncalibrated
0,histgb,4,0.0008234919905906323,6,207,uncalibrated
0,histgb,4,0.0008234919905906323,7,207,uncalibrated
0,histgb,4,0.0008234919905906323,8,207,uncalibrated
0,histgb,4,0.0008234919905906323,9,207,uncalibrated
0,histgb,4,0.0008234919905906323,10,207,uncalibrated
0,histgb,4,0.0008234919905906323,11,207,uncalibrated
0,histgb,4,0.0008234919905906323,12,207,uncalibrated
0,histgb,4,0.0008234919905906323,13,207,uncalibrated
0,histgb,4,0.0008234919905906323,14,207,uncalibrated
0,histgb,4,0.0008234919905906323,15,207,uncalibrated
0,histgb,4,0.027096372900488667,1,229,uncalibrated
0,histgb,4,0.029324968633340966,2,229,uncalibrated
0,histgb,4,0.0008234919905906323,3,229,uncalibrated
0,histgb,4,0.0008234919905906323,4,229,uncalibrated
0,histgb,4,0.0008234919905906323,5,229,uncalibrated
0,histgb,4,0.0008234919905906323,6,229,uncalibrated
0,histgb,4,0.0008234919905906323,7,229,uncalibrated
0,histgb,4,0.0008234919905906323,8,229,uncalibrated
0,histgb,4,0.0008234919905906323,9,229,uncalibrated
0,histgb,4,0.0008234919905906323,10,229,uncalibrated
0,histgb,4,0.0008234919905906323,11,229,uncalibrated
0,histgb,4,0.0008234919905906323,12,229,uncalibrated
0,histgb,4,0.0008234919905906323,13,229,uncalibrated
0,histgb,4,0.0008234919905906323,14,229,uncalibrated
0,histgb,4,0.0008234919905906323,15,229,uncalibrated
0,histgb,4,0.0954656497350567,1,237,uncalibrated
0,histgb,4,0.023721254745438337,2,237,uncalibrated
0,histgb,4,0.0008234919905906323,3,237,uncalibrated
0,histgb,4,0.0008234919905906323,4,237,uncalibrated
0,histgb,4,0.0008234919905906323,5,237,uncalibrated
0,histgb,4,0.0008234919905906323,6,237,uncalibrated
0,histgb,4,0.0008234919905906323,7,237,uncalibrated
0,histgb,4,0.0008234919905906323,8,237,uncalibrated
0,histgb,4,0.0008234919905906323,9,237,uncalibrated
0,histgb,4,0.0008234919905906323,10,237,uncalibrated
0,histgb,4,0.0008234919905906323,11,237,uncalibrated
0,histgb,4,0.0008234919905906323,12,237,uncalibrated
0,histgb,4,0.0008234919905906323,13,237,uncalibrated
0,histgb,4,0.0008234919905906323,14,237,uncalibrated
0,histgb,4,0.0008234919905906323,15,237,uncalibrated
0,histgb,4,0.18081850113236797,1,241,uncalibrated
0,histgb,4,0.023721254745438337,2,241,uncalibrated
0,histgb,4,0.0008234919905906323,3,241,uncalibrated
0,histgb,4,0.0008234919905906323,4,241,uncalibrated
0,histgb,4,0.0008234919905906323,5,241,uncalibrated
0,histgb,4,0.0008234919905906323,6,241,uncalibrated
0,histgb,4,0.0008234919905906323,7,241,uncalibrated
0,histgb,4,0.0008234919905906323,8,241,uncalibrated
0,histgb,4,0.0008234919905906323,9,241,uncalibrated
0,histgb,4,0.0008234919905906323,10,241,uncalibrated
0,histgb,4,0.0008234919905906323,11,241,uncalibrated
0,histgb,4,0.0008234919905906323,12,241,uncalibrated
0,histgb,4,0.0008234919905906323,13,241,uncalibrated
0,histgb,4,0.0008234919905906323,14,241,uncalibrated
0,histgb,4,0.0008234919905906323,15,241,uncalibrated
1,histgb,4,0.14828810399625797,1,242,uncalibrated
1,histgb,4,0.5321969515179187,2,242,uncalibrated
0,histgb,4,0.1223371874811876,3,242,uncalibrated
0,histgb,4,0.2856956338479123,4,242,uncalibrated
0,histgb,4,0.03194014115816634,5,242,uncalibrated
0,histgb,4,0.0008234919905906323,6,242,uncalibrated
0,histgb,4,0.0008234919905906323,7,242,uncalibrated
0,histgb,4,0.0008234919905906323,8,242,uncalibrated
0,histgb,4,0.0008234919905906323,9,242,uncalibrated
0,histgb,4,0.0008234919905906323,10,242,uncalibrated
0,histgb,4,0.0008234919905906323,11,242,uncalibrated
0,histgb,4,0.0008234919905906323,12,242,uncalibrated
0,histgb,4,0.0008234919905906323,13,242,uncalibrated
0,histgb,4,0.0008234919905906323,14,242,uncalibrated
0,histgb,4,0.0008234919905906323,15,242,uncalibrated
1,histgb,4,0.32479597847264746,1,249,uncalibrated
1,histgb,4,0.25373714469312103,2,249,uncalibrated
1,histgb,4,0.5902256832670749,3,249,uncalibrated
0,histgb,4,0.23112233845845434,4,249,uncalibrated
0,histgb,4,0.22570054685884783,5,249,uncalibrated
0,histgb,4,0.38486116320610947,6,249,uncalibrated
0,histgb,4,0.263268979225668,7,249,uncalibrated
0,histgb,4,0.2583164714969996,8,249,uncalibrated
0,histgb,4,0.042965759479467285,9,249,uncalibrated
0,histgb,4,0.20472427451448236,10,249,uncalibrated
0,histgb,4,0.12649710560523278,11,249,uncalibrated
0,histgb,4,0.3352437078034481,12,249,uncalibrated
0,histgb,4,0.326612829361178,13,249,uncalibrated
0,histgb,4,0.1558315636887831,14,249,uncalibrated
0,histgb,4,0.03007260133890574,15,249,uncalibrated
0,histgb,4,0.0954656497350567,1,263,uncalibrated
0,histgb,4,0.030062074563046267,2,263,uncalibrated
0,histgb,4,0.0008234919905906323,3,263,uncalibrated
0,histgb,4,0.0008234919905906323,4,263,uncalibrated
0,histgb,4,0.0008234919905906323,5,263,uncalibrated
0,histgb,4,0.0008234919905906323,6,263,uncalibrated
0,histgb,4,0.0008234919905906323,7,263,uncalibrated
0,histgb,4,0.0008234919905906323,8,263,uncalibrated
0,histgb,4,0.0008234919905906323,9,263,uncalibrated
0,histgb,4,0.0008234919905906323,10,263,uncalibrated
0,histgb,4,0.0008234919905906323,11,263,uncalibrated
0,histgb,4,0.0008234919905906323,12,263,uncalibrated
0,histgb,4,0.0008234919905906323,13,263,uncalibrated
0,histgb,4,0.0008234919905906323,14,263,uncalibrated
0,histgb,4,0.0008234919905906323,15,263,uncalibrated
0,histgb,4,0.027096372900488667,1,268,uncalibrated
0,histgb,4,0.030062074563046267,2,268,uncalibrated
0,histgb,4,0.0008234919905906323,3,268,uncalibrated
0,histgb,4,0.0008234919905906323,4,268,uncalibrated
0,histgb,4,0.0008234919905906323,5,268,uncalibrated
0,histgb,4,0.0008234919905906323,6,268,uncalibrated
0,histgb,4,0.0008234919905906323,7,268,uncalibrated
0,histgb,4,0.0008234919905906323,8,268,uncalibrated
0,histgb,4,0.0008234919905906323,9,268,uncalibrated
0,histgb,4,0.0008234919905906323,10,268,uncalibrated
0,histgb,4,0.0008234919905906323,11,268,uncalibrated
0,histgb,4,0.0008234919905906323,12,268,uncalibrated
0,histgb,4,0.0008234919905906323,13,268,uncalibrated
0,histgb,4,0.0008234919905906323,14,268,uncalibrated
0,histgb,4,0.0008234919905906323,15,268,uncalibrated
0,histgb,4,0.0954656497350567,1,270,uncalibrated
0,histgb,4,0.030062074563046267,2,270,uncalibrated
0,histgb,4,0.0008234919905906323,3,270,uncalibrated
0,histgb,4,0.0008234919905906323,4,270,uncalibrated
0,histgb,4,0.0008234919905906323,5,270,uncalibrated
0,histgb,4,0.0008234919905906323,6,270,uncalibrated
0,histgb,4,0.0008234919905906323,7,270,uncalibrated
0,histgb,4,0.0008234919905906323,8,270,uncalibrated
0,histgb,4,0.0008234919905906323,9,270,uncalibrated
0,histgb,4,0.0008234919905906323,10,270,uncalibrated
0,histgb,4,0.0008234919905906323,11,270,uncalibrated
0,histgb,4,0.0008234919905906323,12,270,uncalibrated
0,histgb,4,0.0008234919905906323,13,270,uncalibrated
0,histgb,4,0.0008234919905906323,14,270,uncalibrated
0,histgb,4,0.0008234919905906323,15,270,uncalibrated
0,histgb,4,0.1531749275144086,1,271,uncalibrated
0,histgb,4,0.049634915933454864,2,271,uncalibrated
0,histgb,4,0.0008234919905906323,3,271,uncalibrated
0,histgb,4,0.0008234919905906323,4,271,uncalibrated
0,histgb,4,0.0008234919905906323,5,271,uncalibrated
0,histgb,4,0.0008234919905906323,6,271,uncalibrated
0,histgb,4,0.0008234919905906323,7,271,uncalibrated
0,histgb,4,0.0008234919905906323,8,271,uncalibrated
0,histgb,4,0.0008234919905906323,9,271,uncalibrated
0,histgb,4,0.0008234919905906323,10,271,uncalibrated
0,histgb,4,0.0008234919905906323,11,271,uncalibrated
0,histgb,4,0.0008234919905906323,12,271,uncalibrated
0,histgb,4,0.0008234919905906323,13,271,uncalibrated
0,histgb,4,0.0008234919905906323,14,271,uncalibrated
0,histgb,4,0.0008234919905906323,15,271,uncalibrated
0,histgb,4,0.14828810399625797,1,272,uncalibrated
0,histgb,4,0.023721254745438337,2,272,uncalibrated
0,histgb,4,0.0008234919905906323,3,272,uncalibrated
0,histgb,4,0.032943674571391315,4,272,uncalibrated
0,histgb,4,0.16866800914395622,5,272,uncalibrated
0,histgb,4,0.3789241623984951,6,272,uncalibrated
0,histgb,4,0.4028419263723964,7,272,uncalibrated
1,histgb,4,0.12719487096202764,8,272,uncalibrated
0,histgb,4,0.2813367092913086,9,272,uncalibrated
0,histgb,4,0.10587503095206809,10,272,uncalibrated
0,histgb,4,0.05765816598980757,11,272,uncalibrated
0,histgb,4,0.0008234919905906323,12,272,uncalibrated
0,histgb,4,0.0008234919905906323,13,272,uncalibrated
0,histgb,4,0.0008234919905906323,14,272,uncalibrated
0,histgb,4,0.0008234919905906323,15,272,uncalibrated
1,histgb,4,0.0954656497350567,1,274,uncalibrated
1,histgb,4,0.46346943700168897,2,274,uncalibrated
1,histgb,4,0.13850278036916897,3,274,uncalibrated
1,histgb,4,0.5457944381936618,4,274,uncalibrated
1,histgb,4,0.10564939968367512,5,274,uncalibrated
1,histgb,4,0.22040345201203712,6,274,uncalibrated
1,histgb,4,0.3097042859025754,7,274,uncalibrated
0,histgb,4,0.10496211495802625,8,274,uncalibrated
0,histgb,4,0.026062208633713075,9,274,uncalibrated
0,histgb,4,0.03179035425892667,10,274,uncalibrated
0,histgb,4,0.0008234919905906323,11,274,uncalibrated
0,histgb,4,0.0008234919905906323,12,274,uncalibrated
0,histgb,4,0.04686288159512162,13,274,uncalibrated
0,histgb,4,0.03903434991834427,14,274,uncalibrated
0,histgb,4,0.054028107385309956,15,274,uncalibrated
0,histgb,4,0.027096372900488667,1,275,uncalibrated
0,histgb,4,0.030062074563046267,2,275,uncalibrated
0,histgb,4,0.0008234919905906323,3,275,uncalibrated
0,histgb,4,0.0008234919905906323,4,275,uncalibrated
0,histgb,4,0.0008234919905906323,5,275,uncalibrated
0,histgb,4,0.0008234919905906323,6,275,uncalibrated
0,histgb,4,0.0008234919905906323,7,275,uncalibrated
0,histgb,4,0.0008234919905906323,8,275,uncalibrated
0,histgb,4,0.0008234919905906323,9,275,uncalibrated
0,histgb,4,0.0008234919905906323,10,275,uncalibrated
0,histgb,4,0.0008234919905906323,11,275,uncalibrated
0,histgb,4,0.0008234919905906323,12,275,uncalibrated
0,histgb,4,0.0008234919905906323,13,275,uncalibrated
0,histgb,4,0.0008234919905906323,14,275,uncalibrated
0,histgb,4,0.0008234919905906323,15,275,uncalibrated
0,histgb,4,0.11578036328110644,1,276,uncalibrated
0,histgb,4,0.030062074563046267,2,276,uncalibrated
0,histgb,4,0.16970572090921274,3,276,uncalibrated
0,histgb,4,0.020339717900809514,4,276,uncalibrated
0,histgb,4,0.16404127564453358,5,276,uncalibrated
0,histgb,4,0.3797018254676696,6,276,uncalibrated
0,histgb,4,0.08661681587621543,7,276,uncalibrated
0,histgb,4,0.028422100318188547,8,276,uncalibrated
0,histgb,4,0.0008234919905906323,9,276,uncalibrated
0,histgb,4,0.0008234919905906323,10,276,uncalibrated
0,histgb,4,0.0008234919905906323,11,276,uncalibrated
0,histgb,4,0.0008234919905906323,12,276,uncalibrated
0,histgb,4,0.0008234919905906323,13,276,uncalibrated
0,histgb,4,0.0008234919905906323,14,276,uncalibrated
0,histgb,4,0.0008234919905906323,15,276,uncalibrated
1,histgb,4,0.11578036328110644,1,281,uncalibrated
1,histgb,4,0.5321969515179187,2,281,uncalibrated
0,histgb,4,0.23112233845845434,3,281,uncalibrated
0,histgb,4,0.2856956338479123,4,281,uncalibrated
1,histgb,4,0.25754461807428664,5,281,uncalibrated
0,histgb,4,0.1833038450688248,6,281,uncalibrated
0,histgb,4,0.02769660399853707,7,281,uncalibrated
0,histgb,4,0.22384222598462694,8,281,uncalibrated
0,histgb,4,0.05624611123513371,9,281,uncalibrated
0,histgb,4,0.0008234919905906323,10,281,uncalibrated
0,histgb,4,0.0008234919905906323,11,281,uncalibrated
0,histgb,4,0.0008234919905906323,12,281,uncalibrated
0,histgb,4,0.0008234919905906323,13,281,uncalibrated
0,histgb,4,0.0008234919905906323,14,281,uncalibrated
0,histgb,4,0.0008234919905906323,15,281,uncalibrated
0,histgb,4,0.027096372900488667,1,282,uncalibrated
0,histgb,4,0.030062074563046267,2,282,uncalibrated
0,histgb,4,0.0008234919905906323,3,282,uncalibrated
0,histgb,4,0.0008234919905906323,4,282,uncalibrated
0,histgb,4,0.0008234919905906323,5,282,uncalibrated
0,histgb,4,0.02639618079221326,6,282,uncalibrated
0,histgb,4,0.0008234919905906323,7,282,uncalibrated
0,histgb,4,0.019791552490966594,8,282,uncalibrated
0,histgb,4,0.09450865152315314,9,282,uncalibrated
0,histgb,4,0.019226566825795464,10,282,uncalibrated
0,histgb,4,0.0008234919905906323,11,282,uncalibrated
0,histgb,4,0.0008234919905906323,12,282,uncalibrated
0,histgb,4,0.0008234919905906323,13,282,uncalibrated
0,histgb,4,0.0008234919905906323,14,282,uncalibrated
0,histgb,4,0.0008234919905906323,15,282,uncalibrated
0,histgb,4,0.027096372900488667,1,283,uncalibrated
0,histgb,4,0.023721254745438337,2,283,uncalibrated
0,histgb,4,0.0008234919905906323,3,283,uncalibrated
0,histgb,4,0.0008234919905906323,4,283,uncalibrated
0,histgb,4,0.0008234919905906323,5,283,uncalibrated
0,histgb,4,0.0008234919905906323,6,283,uncalibrated
0,histgb,4,0.0008234919905906323,7,283,uncalibrated
0,histgb,4,0.0008234919905906323,8,283,uncalibrated
0,histgb,4,0.0008234919905906323,9,283,uncalibrated
0,histgb,4,0.0008234919905906323,10,283,uncalibrated
0,histgb,4,0.0008234919905906323,11,283,uncalibrated
0,histgb,4,0.0008234919905906323,12,283,uncalibrated
0,histgb,4,0.0008234919905906323,13,283,uncalibrated
0,histgb,4,0.0008234919905906323,14,283,uncalibrated
0,histgb,4,0.0008234919905906323,15,283,uncalibrated
1,histgb,4,0.7743749860854159,1,286,uncalibrated
0,histgb,4,0.13578555937996697,2,286,uncalibrated
0,histgb,4,0.5902256832670749,3,286,uncalibrated
0,histgb,4,0.6131757372932973,4,286,uncalibrated
0,histgb,4,0.5071991393493955,5,286,uncalibrated
0,histgb,4,0.4977133423170237,6,286,uncalibrated
0,histgb,4,0.596148286971968,7,286,uncalibrated
0,histgb,4,0.5316101667741077,8,286,uncalibrated
0,histgb,4,0.517225209978412,9,286,uncalibrated
0,histgb,4,0.47383978726372056,10,286,uncalibrated
0,histgb,4,0.14069314832747207,11,286,uncalibrated
0,histgb,4,0.20517625011986984,12,286,uncalibrated
0,histgb,4,0.3303166859328945,13,286,uncalibrated
0,histgb,4,0.23711899644936346,14,286,uncalibrated
0,histgb,4,0.20585319726283394,15,286,uncalibrated
0,histgb,4,0.32479597847264746,1,288,uncalibrated
0,histgb,4,0.25373714469312103,2,288,uncalibrated
0,histgb,4,0.25373714469312103,3,288,uncalibrated
0,histgb,4,0.2450336305152363,4,288,uncalibrated
0,histgb,4,0.2101776078844662,5,288,uncalibrated
0,histgb,4,0.13616251945142946,6,288,uncalibrated
0,histgb,4,0.034499063069473104,7,288,uncalibrated
0,histgb,4,0.022250128387754874,8,288,uncalibrated
0,histgb,4,0.07758183939990711,9,288,uncalibrated
0,histgb,4,0.2686381248169232,10,288,uncalibrated
0,histgb,4,0.27108829109744553,11,288,uncalibrated
0,histgb,4,0.2080576929846526,12,288,uncalibrated
0,histgb,4,0.1593029919104438,13,288,uncalibrated
0,histgb,4,0.06310807977887896,14,288,uncalibrated
0,histgb,4,0.049971806160174374,15,288,uncalibrated
0,histgb,4,0.14828810399625797,1,296,uncalibrated
0,histgb,4,0.023721254745438337,2,296,uncalibrated
0,histgb,4,0.032958114148942175,3,296,uncalibrated
0,histgb,4,0.0008234919905906323,4,296,uncalibrated
0,histgb,4,0.0008234919905906323,5,296,uncalibrated
0,histgb,4,0.0008234919905906323,6,296,uncalibrated
0,histgb,4,0.0008234919905906323,7,296,uncalibrated
0,histgb,4,0.0008234919905906323,8,296,uncalibrated
0,histgb,4,0.0008234919905906323,9,296,uncalibrated
0,histgb,4,0.0008234919905906323,10,296,uncalibrated
0,histgb,4,0.0008234919905906323,11,296,uncalibrated
0,histgb,4,0.0008234919905906323,12,296,uncalibrated
0,histgb,4,0.0008234919905906323,13,296,uncalibrated
0,histgb,4,0.0008234919905906323,14,296,uncalibrated
0,histgb,4,0.0008234919905906323,15,296,uncalibrated
0,histgb,4,0.0954656497350567,1,312,uncalibrated
0,histgb,4,0.030062074563046267,2,312,uncalibrated
0,histgb,4,0.0008234919905906323,3,312,uncalibrated
0,histgb,4,0.0008234919905906323,4,312,uncalibrated
0,histgb,4,0.0008234919905906323,5,312,uncalibrated
0,histgb,4,0.0008234919905906323,6,312,uncalibrated
0,histgb,4,0.0008234919905906323,7,312,uncalibrated
0,histgb,4,0.0008234919905906323,8,312,uncalibrated
0,histgb,4,0.0008234919905906323,9,312,uncalibrated
0,histgb,4,0.0008234919905906323,10,312,uncalibrated
0,histgb,4,0.0008234919905906323,11,312,uncalibrated
0,histgb,4,0.0008234919905906323,12,312,uncalibrated
0,histgb,4,0.0008234919905906323,13,312,uncalibrated
0,histgb,4,0.0008234919905906323,14,312,uncalibrated
0,histgb,4,0.0008234919905906323,15,312,uncalibrated
0,histgb,4,0.0954656497350567,1,313,uncalibrated
0,histgb,4,0.030062074563046267,2,313,uncalibrated
0,histgb,4,0.0008234919905906323,3,313,uncalibrated
0,histgb,4,0.0008234919905906323,4,313,uncalibrated
0,histgb,4,0.0008234919905906323,5,313,uncalibrated
0,histgb,4,0.0008234919905906323,6,313,uncalibrated
0,histgb,4,0.0008234919905906323,7,313,uncalibrated
0,histgb,4,0.0008234919905906323,8,313,uncalibrated
0,histgb,4,0.0008234919905906323,9,313,uncalibrated
0,histgb,4,0.0008234919905906323,10,313,uncalibrated
0,histgb,4,0.0008234919905906323,11,313,uncalibrated
0,histgb,4,0.0008234919905906323,12,313,uncalibrated
0,histgb,4,0.0008234919905906323,13,313,uncalibrated
0,histgb,4,0.0008234919905906323,14,313,uncalibrated
0,histgb,4,0.0008234919905906323,15,313,uncalibrated
0,histgb,4,0.14828810399625797,1,320,uncalibrated
0,histgb,4,0.02726052286567366,2,320,uncalibrated
0,histgb,4,0.16970572090921274,3,320,uncalibrated
0,histgb,4,0.02911854847010584,4,320,uncalibrated
0,histgb,4,0.0008234919905906323,5,320,uncalibrated
0,histgb,4,0.0008234919905906323,6,320,uncalibrated
0,histgb,4,0.0008234919905906323,7,320,uncalibrated
0,histgb,4,0.0008234919905906323,8,320,uncalibrated
0,histgb,4,0.0008234919905906323,9,320,uncalibrated
0,histgb,4,0.0008234919905906323,10,320,uncalibrated
0,histgb,4,0.0008234919905906323,11,320,uncalibrated
0,histgb,4,0.0008234919905906323,12,320,uncalibrated
0,histgb,4,0.0008234919905906323,13,320,uncalibrated
0,histgb,4,0.0008234919905906323,14,320,uncalibrated
0,histgb,4,0.0008234919905906323,15,320,uncalibrated
0,histgb,4,0.14828810399625797,1,332,uncalibrated
0,histgb,4,0.5321969515179187,2,332,uncalibrated
0,histgb,4,0.6195193650403555,3,332,uncalibrated
1,histgb,4,0.3025378140405519,4,332,uncalibrated
1,histgb,4,0.03194014115816634,5,332,uncalibrated
1,histgb,4,0.22232035038469958,6,332,uncalibrated
0,histgb,4,0.26453559931606846,7,332,uncalibrated
1,histgb,4,0.19478755413244536,8,332,uncalibrated
1,histgb,4,0.2267887061501739,9,332,uncalibrated
0,histgb,4,0.31449777778792926,10,332,uncalibrated
1,histgb,4,0.22618109365147435,11,332,uncalibrated
0,histgb,4,0.31817497475369294,12,332,uncalibrated
0,histgb,4,0.28018294205141836,13,332,uncalibrated
0,histgb,4,0.178272689814884,14,332,uncalibrated
0,histgb,4,0.024770927515811843,15,332,uncalibrated
0,histgb,4,0.7743749860854159,1,340,uncalibrated
0,histgb,4,0.6922035377537497,2,340,uncalibrated
0,histgb,4,0.6922035377537497,3,340,uncalibrated
0,histgb,4,0.6349152363168838,4,340,uncalibrated
0,histgb,4,0.5393821242791821,5,340,uncalibrated
0,histgb,4,0.5355240633022957,6,340,uncalibrated
0,histgb,4,0.49030853166141064,7,340,uncalibrated
0,histgb,4,0.4603134882483361,8,340,uncalibrated
0,histgb,4,0.44593278564903127,9,340,uncalibrated
0,histgb,4,0.41668218836924725,10,340,uncalibrated
0,histgb,4,0.3563792912507762,11,340,uncalibrated
0,histgb,4,0.29384700811337594,12,340,uncalibrated
0,histgb,4,0.23936394614572457,13,340,uncalibrated
0,histgb,4,0.11145602498166121,14,340,uncalibrated
0,histgb,4,0.048722054467202805,15,340,uncalibrated
0,histgb,4,0.0954656497350567,1,342,uncalibrated
0,histgb,4,0.030062074563046267,2,342,uncalibrated
0,histgb,4,0.0008234919905906323,3,342,uncalibrated
0,histgb,4,0.0008234919905906323,4,342,uncalibrated
0,histgb,4,0.0008234919905906323,5,342,uncalibrated
0,histgb,4,0.0008234919905906323,6,342,uncalibrated
0,histgb,4,0.0008234919905906323,7,342,uncalibrated
0,histgb,4,0.0008234919905906323,8,342,uncalibrated
0,histgb,4,0.0008234919905906323,9,342,uncalibrated
0,histgb,4,0.0008234919905906323,10,342,uncalibrated
0,histgb,4,0.0008234919905906323,11,342,uncalibrated
0,histgb,4,0.0008234919905906323,12,342,uncalibrated
0,histgb,4,0.0008234919905906323,13,342,uncalibrated
0,histgb,4,0.0008234919905906323,14,342,uncalibrated
0,histgb,4,0.0008234919905906323,15,342,uncalibrated
0,histgb,4,0.11578036328110644,1,343,uncalibrated
0,histgb,4,0.030062074563046267,2,343,uncalibrated
0,histgb,4,0.0008234919905906323,3,343,uncalibrated
0,histgb,4,0.0008234919905906323,4,343,uncalibrated
0,histgb,4,0.0008234919905906323,5,343,uncalibrated
0,histgb,4,0.0008234919905906323,6,343,uncalibrated
0,histgb,4,0.0008234919905906323,7,343,uncalibrated
0,histgb,4,0.0008234919905906323,8,343,uncalibrated
0,histgb,4,0.0008234919905906323,9,343,uncalibrated
0,histgb,4,0.0008234919905906323,10,343,uncalibrated
0,histgb,4,0.0008234919905906323,11,343,uncalibrated
0,histgb,4,0.0008234919905906323,12,343,uncalibrated
0,histgb,4,0.0008234919905906323,13,343,uncalibrated
0,histgb,4,0.0008234919905906323,14,343,uncalibrated
0,histgb,4,0.0008234919905906323,15,343,uncalibrated
0,histgb,4,0.11578036328110644,1,346,uncalibrated
0,histgb,4,0.030062074563046267,2,346,uncalibrated
0,histgb,4,0.0008234919905906323,3,346,uncalibrated
0,histgb,4,0.0008234919905906323,4,346,uncalibrated
0,histgb,4,0.0008234919905906323,5,346,uncalibrated
0,histgb,4,0.0008234919905906323,6,346,uncalibrated
0,histgb,4,0.0008234919905906323,7,346,uncalibrated
0,histgb,4,0.0008234919905906323,8,346,uncalibrated
0,histgb,4,0.0008234919905906323,9,346,uncalibrated
0,histgb,4,0.0008234919905906323,10,346,uncalibrated
0,histgb,4,0.0008234919905906323,11,346,uncalibrated
0,histgb,4,0.0008234919905906323,12,346,uncalibrated
0,histgb,4,0.0008234919905906323,13,346,uncalibrated
0,histgb,4,0.0008234919905906323,14,346,uncalibrated
0,histgb,4,0.0008234919905906323,15,346,uncalibrated
0,histgb,4,0.14828810399625797,1,351,uncalibrated
0,histgb,4,0.023721254745438337,2,351,uncalibrated
0,histgb,4,0.0008234919905906323,3,351,uncalibrated
0,histgb,4,0.0008234919905906323,4,351,uncalibrated
0,histgb,4,0.0008234919905906323,5,351,uncalibrated
0,histgb,4,0.0008234919905906323,6,351,uncalibrated
0,histgb,4,0.0008234919905906323,7,351,uncalibrated
0,histgb,4,0.0008234919905906323,8,351,uncalibrated
0,histgb,4,0.0008234919905906323,9,351,uncalibrated
0,histgb,4,0.0008234919905906323,10,351,uncalibrated
0,histgb,4,0.0008234919905906323,11,351,uncalibrated
0,histgb,4,0.0008234919905906323,12,351,uncalibrated
0,histgb,4,0.0008234919905906323,13,351,uncalibrated
0,histgb,4,0.0008234919905906323,14,351,uncalibrated
0,histgb,4,0.0008234919905906323,15,351,uncalibrated
0,histgb,4,0.14828810399625797,1,359,uncalibrated
0,histgb,4,0.025668867962595546,2,359,uncalibrated
0,histgb,4,0.032958114148942175,3,359,uncalibrated
0,histgb,4,0.21701878311999653,4,359,uncalibrated
0,histgb,4,0.046554729232127445,5,359,uncalibrated
0,histgb,4,0.0008234919905906323,6,359,uncalibrated
0,histgb,4,0.0008234919905906323,7,359,uncalibrated
0,histgb,4,0.0008234919905906323,8,359,uncalibrated
0,histgb,4,0.0008234919905906323,9,359,uncalibrated
0,histgb,4,0.0008234919905906323,10,359,uncalibrated
0,histgb,4,0.0008234919905906323,11,359,uncalibrated
0,histgb,4,0.0008234919905906323,12,359,uncalibrated
0,histgb,4,0.0008234919905906323,13,359,uncalibrated
0,histgb,4,0.0008234919905906323,14,359,uncalibrated
0,histgb,4,0.0008234919905906323,15,359,uncalibrated
0,histgb,4,0.027096372900488667,1,362,uncalibrated
0,histgb,4,0.029324968633340966,2,362,uncalibrated
0,histgb,4,0.0008234919905906323,3,362,uncalibrated
0,histgb,4,0.0008234919905906323,4,362,uncalibrated
0,histgb,4,0.0008234919905906323,5,362,uncalibrated
0,histgb,4,0.0008234919905906323,6,362,uncalibrated
0,histgb,4,0.0008234919905906323,7,362,uncalibrated
0,histgb,4,0.0008234919905906323,8,362,uncalibrated
0,histgb,4,0.0008234919905906323,9,362,uncalibrated
0,histgb,4,0.0008234919905906323,10,362,uncalibrated
0,histgb,4,0.0008234919905906323,11,362,uncalibrated
0,histgb,4,0.0008234919905906323,12,362,uncalibrated
0,histgb,4,0.0008234919905906323,13,362,uncalibrated
0,histgb,4,0.0008234919905906323,14,362,uncalibrated
0,histgb,4,0.0008234919905906323,15,362,uncalibrated
0,histgb,4,0.32479597847264746,1,381,uncalibrated
0,histgb,4,0.5522759161714077,2,381,uncalibrated
0,histgb,4,0.23112233845845434,3,381,uncalibrated
0,histgb,4,0.2856956338479123,4,381,uncalibrated
0,histgb,4,0.27087672334788265,5,381,uncalibrated
0,histgb,4,0.0425674679577191,6,381,uncalibrated
0,histgb,4,0.052690059428087514,7,381,uncalibrated
0,histgb,4,0.047254511093703724,8,381,uncalibrated
0,histgb,4,0.19483957546458086,9,381,uncalibrated
0,histgb,4,0.246891549765094,10,381,uncalibrated
0,histgb,4,0.409148510071722,11,381,uncalibrated
0,histgb,4,0.02410276899049913,12,381,uncalibrated
0,histgb,4,0.04821936601724703,13,381,uncalibrated
0,histgb,4,0.04345233472544552,14,381,uncalibrated
0,histgb,4,0.03872564401091607,15,381,uncalibrated
0,histgb,4,0.0954656497350567,1,386,uncalibrated
0,histgb,4,0.030062074563046267,2,386,uncalibrated
0,histgb,4,0.0008234919905906323,3,386,uncalibrated
0,histgb,4,0.0008234919905906323,4,386,uncalibrated
0,histgb,4,0.0008234919905906323,5,386,uncalibrated
0,histgb,4,0.0008234919905906323,6,386,uncalibrated
0,histgb,4,0.0008234919905906323,7,386,uncalibrated
0,histgb,4,0.0008234919905906323,8,386,uncalibrated
0,histgb,4,0.0008234919905906323,9,386,uncalibrated
0,histgb,4,0.0008234919905906323,10,386,uncalibrated
0,histgb,4,0.0008234919905906323,11,386,uncalibrated
0,histgb,4,0.0008234919905906323,12,386,uncalibrated
0,histgb,4,0.0008234919905906323,13,386,uncalibrated
0,histgb,4,0.0008234919905906323,14,386,uncalibrated
0,histgb,4,0.0008234919905906323,15,386,uncalibrated
0,histgb,4,0.027096372900488667,1,387,uncalibrated
0,histgb,4,0.030062074563046267,2,387,uncalibrated
0,histgb,4,0.0008234919905906323,3,387,uncalibrated
0,histgb,4,0.0008234919905906323,4,387,uncalibrated
0,histgb,4,0.0008234919905906323,5,387,uncalibrated
0,histgb,4,0.0008234919905906323,6,387,uncalibrated
0,histgb,4,0.0008234919905906323,7,387,uncalibrated
0,histgb,4,0.0008234919905906323,8,387,uncalibrated
0,histgb,4,0.0008234919905906323,9,387,uncalibrated
0,histgb,4,0.0008234919905906323,10,387,uncalibrated
0,histgb,4,0.0008234919905906323,11,387,uncalibrated
0,histgb,4,0.0008234919905906323,12,387,uncalibrated
0,histgb,4,0.0008234919905906323,13,387,uncalibrated
0,histgb,4,0.0008234919905906323,14,387,uncalibrated
0,histgb,4,0.0008234919905906323,15,387,uncalibrated
1,histgb,4,0.0954656497350567,1,388,uncalibrated
1,histgb,4,0.4966984990550364,2,388,uncalibrated
1,histgb,4,0.13129269987410683,3,388,uncalibrated
1,histgb,4,0.5365991173706267,4,388,uncalibrated
1,histgb,4,0.17547352744130285,5,388,uncalibrated
1,histgb,4,0.3875909917379975,6,388,uncalibrated
1,histgb,4,0.08925329746452508,7,388,uncalibrated
1,histgb,4,0.27203394712016726,8,388,uncalibrated
0,histgb,4,0.08292423528412014,9,388,uncalibrated
1,histgb,4,0.2357576290614993,10,388,uncalibrated
0,histgb,4,0.10592532074115854,11,388,uncalibrated
0,histgb,4,0.026593318664535643,12,388,uncalibrated
0,histgb,4,0.0008234919905906323,13,388,uncalibrated
0,histgb,4,0.0008234919905906323,14,388,uncalibrated
0,histgb,4,0.0008234919905906323,15,388,uncalibrated
1,histgb,4,0.11578036328110644,1,398,uncalibrated
1,histgb,4,0.5321969515179187,2,398,uncalibrated
1,histgb,4,0.6195193650403555,3,398,uncalibrated
1,histgb,4,0.6515660196153678,4,398,uncalibrated
0,histgb,4,0.31407708134987833,5,398,uncalibrated
0,histgb,4,0.3367185679491628,6,398,uncalibrated
0,histgb,4,0.3572639119980935,7,398,uncalibrated
0,histgb,4,0.08450880385813986,8,398,uncalibrated
0,histgb,4,0.0008234919905906323,9,398,uncalibrated
0,histgb,4,0.0008234919905906323,10,398,uncalibrated
0,histgb,4,0.0008234919905906323,11,398,uncalibrated
0,histgb,4,0.1553210620579843,12,398,uncalibrated
0,histgb,4,0.04357355959184339,13,398,uncalibrated
0,histgb,4,0.03759173746733503,14,398,uncalibrated
0,histgb,4,0.011321829730112547,15,398,uncalibrated
0,histgb,4,0.32479597847264746,1,400,uncalibrated
0,histgb,4,0.5522759161714077,2,400,uncalibrated
1,histgb,4,0.23112233845845434,3,400,uncalibrated
1,histgb,4,0.2856956338479123,4,400,uncalibrated
0,histgb,4,0.2639758092696754,5,400,uncalibrated
1,histgb,4,0.20575248847715147,6,400,uncalibrated
0,histgb,4,0.2864532055581417,7,400,uncalibrated
1,histgb,4,0.19608068382689856,8,400,uncalibrated
0,histgb,4,0.28523021851538194,9,400,uncalibrated
0,histgb,4,0.2545596031293488,10,400,uncalibrated
0,histgb,4,0.2027020897781363,11,400,uncalibrated
0,histgb,4,0.06024572648979123,12,400,uncalibrated
0,histgb,4,0.0008234919905906323,13,400,uncalibrated
0,histgb,4,0.0008234919905906323,14,400,uncalibrated
0,histgb,4,0.0008234919905906323,15,400,uncalibrated
1,histgb,4,0.7743749860854159,1,401,uncalibrated
1,histgb,4,0.6922035377537497,2,401,uncalibrated
1,histgb,4,0.6922035377537497,3,401,uncalibrated
1,histgb,4,0.6349152363168838,4,401,uncalibrated
1,histgb,4,0.5393821242791821,5,401,uncalibrated
0,histgb,4,0.13056869397844117,6,401,uncalibrated
0,histgb,4,0.41532308708204235,7,401,uncalibrated
0,histgb,4,0.35622998699551517,8,401,uncalibrated
0,histgb,4,0.15020631149028424,9,401,uncalibrated
0,histgb,4,0.15182934853235974,10,401,uncalibrated
0,histgb,4,0.15737800091402004,11,401,uncalibrated
0,histgb,4,0.11725992156589715,12,401,uncalibrated
0,histgb,4,0.014769307784521592,13,401,uncalibrated
0,histgb,4,0.016631574738548555,14,401,uncalibrated
0,histgb,4,0.00894615505858651,15,401,uncalibrated
0,histgb,4,0.32479597847264746,1,403,uncalibrated
0,histgb,4,0.023721254745438337,2,403,uncalibrated
0,histgb,4,0.0008234919905906323,3,403,uncalibrated
0,histgb,4,0.032943674571391315,4,403,uncalibrated
0,histgb,4,0.16404127564453358,5,403,uncalibrated
0,histgb,4,0.039861890894251156,6,403,uncalibrated
0,histgb,4,0.0008234919905906323,7,403,uncalibrated
0,histgb,4,0.0008234919905906323,8,403,uncalibrated
0,histgb,4,0.0008234919905906323,9,403,uncalibrated
0,histgb,4,0.0008234919905906323,10,403,uncalibrated
0,histgb,4,0.0008234919905906323,11,403,uncalibrated
0,histgb,4,0.0008234919905906323,12,403,uncalibrated
0,histgb,4,0.0008234919905906323,13,403,uncalibrated
0,histgb,4,0.0008234919905906323,14,403,uncalibrated
0,histgb,4,0.0008234919905906323,15,403,uncalibrated
0,histgb,4,0.0954656497350567,1,406,uncalibrated
0,histgb,4,0.031195470739284532,2,406,uncalibrated
0,histgb,4,0.0008234919905906323,3,406,uncalibrated
0,histgb,4,0.0008234919905906323,4,406,uncalibrated
0,histgb,4,0.0008234919905906323,5,406,uncalibrated
0,histgb,4,0.0008234919905906323,6,406,uncalibrated
0,histgb,4,0.0008234919905906323,7,406,uncalibrated
0,histgb,4,0.0008234919905906323,8,406,uncalibrated
0,histgb,4,0.0008234919905906323,9,406,uncalibrated
0,histgb,4,0.0008234919905906323,10,406,uncalibrated
0,histgb,4,0.0008234919905906323,11,406,uncalibrated
0,histgb,4,0.0008234919905906323,12,406,uncalibrated
0,histgb,4,0.0008234919905906323,13,406,uncalibrated
0,histgb,4,0.0008234919905906323,14,406,uncalibrated
0,histgb,4,0.0008234919905906323,15,406,uncalibrated
1,histgb,4,0.7743749860854159,1,422,uncalibrated
1,histgb,4,0.6922035377537497,2,422,uncalibrated
1,histgb,4,0.6922035377537497,3,422,uncalibrated
1,histgb,4,0.6349152363168838,4,422,uncalibrated
1,histgb,4,0.5393821242791821,5,422,uncalibrated
1,histgb,4,0.5355240633022957,6,422,uncalibrated
0,histgb,4,0.12107688645640574,7,422,uncalibrated
0,histgb,4,0.09923684015563274,8,422,uncalibrated
0,histgb,4,0.09416828237039765,9,422,uncalibrated
0,histgb,4,0.10435942857162456,10,422,uncalibrated
0,histgb,4,0.10435942857162456,11,422,uncalibrated
0,histgb,4,0.10435942857162456,12,422,uncalibrated
0,histgb,4,0.05699028185539303,13,422,uncalibrated
0,histgb,4,0.04239575933221876,14,422,uncalibrated
0,histgb,4,0.021605350450719336,15,422,uncalibrated
0,histgb,4,0.0954656497350567,1,427,uncalibrated
0,histgb,4,0.030062074563046267,2,427,uncalibrated
0,histgb,4,0.0008234919905906323,3,427,uncalibrated
0,histgb,4,0.0008234919905906323,4,427,uncalibrated
0,histgb,4,0.0008234919905906323,5,427,uncalibrated
0,histgb,4,0.0008234919905906323,6,427,uncalibrated
0,histgb,4,0.0008234919905906323,7,427,uncalibrated
0,histgb,4,0.0008234919905906323,8,427,uncalibrated
0,histgb,4,0.0008234919905906323,9,427,uncalibrated
0,histgb,4,0.0008234919905906323,10,427,uncalibrated
0,histgb,4,0.0008234919905906323,11,427,uncalibrated
0,histgb,4,0.0008234919905906323,12,427,uncalibrated
0,histgb,4,0.0008234919905906323,13,427,uncalibrated
0,histgb,4,0.0008234919905906323,14,427,uncalibrated
0,histgb,4,0.0008234919905906323,15,427,uncalibrated
0,histgb,4,0.14828810399625797,1,429,uncalibrated
0,histgb,4,0.02726052286567366,2,429,uncalibrated
0,histgb,4,0.17342631716122678,3,429,uncalibrated
0,histgb,4,0.040665493960668216,4,429,uncalibrated
0,histgb,4,0.0008234919905906323,5,429,uncalibrated
0,histgb,4,0.0008234919905906323,6,429,uncalibrated
0,histgb,4,0.0008234919905906323,7,429,uncalibrated
0,histgb,4,0.0008234919905906323,8,429,uncalibrated
0,histgb,4,0.0008234919905906323,9,429,uncalibrated
0,histgb,4,0.0008234919905906323,10,429,uncalibrated
0,histgb,4,0.0008234919905906323,11,429,uncalibrated
0,histgb,4,0.0008234919905906323,12,429,uncalibrated
0,histgb,4,0.0008234919905906323,13,429,uncalibrated
0,histgb,4,0.0008234919905906323,14,429,uncalibrated
0,histgb,4,0.0008234919905906323,15,429,uncalibrated
0,histgb,4,0.027096372900488667,1,430,uncalibrated
0,histgb,4,0.031195470739284532,2,430,uncalibrated
0,histgb,4,0.0008234919905906323,3,430,uncalibrated
0,histgb,4,0.0008234919905906323,4,430,uncalibrated
0,histgb,4,0.0008234919905906323,5,430,uncalibrated
0,histgb,4,0.0008234919905906323,6,430,uncalibrated
0,histgb,4,0.0008234919905906323,7,430,uncalibrated
0,histgb,4,0.0008234919905906323,8,430,uncalibrated
0,histgb,4,0.0008234919905906323,9,430,uncalibrated
0,histgb,4,0.0008234919905906323,10,430,uncalibrated
0,histgb,4,0.0008234919905906323,11,430,uncalibrated
0,histgb,4,0.0008234919905906323,12,430,uncalibrated
0,histgb,4,0.0008234919905906323,13,430,uncalibrated
0,histgb,4,0.0008234919905906323,14,430,uncalibrated
0,histgb,4,0.0008234919905906323,15,430,uncalibrated
0,histgb,4,0.0954656497350567,1,441,uncalibrated
0,histgb,4,0.030062074563046267,2,441,uncalibrated
0,histgb,4,0.0008234919905906323,3,441,uncalibrated
0,histgb,4,0.0008234919905906323,4,441,uncalibrated
0,histgb,4,0.0008234919905906323,5,441,uncalibrated
0,histgb,4,0.0008234919905906323,6,441,uncalibrated
0,histgb,4,0.0008234919905906323,7,441,uncalibrated
0,histgb,4,0.0008234919905906323,8,441,uncalibrated
0,histgb,4,0.0008234919905906323,9,441,uncalibrated
0,histgb,4,0.0008234919905906323,10,441,uncalibrated
0,histgb,4,0.0008234919905906323,11,441,uncalibrated
0,histgb,4,0.0008234919905906323,12,441,uncalibrated
0,histgb,4,0.0008234919905906323,13,441,uncalibrated
0,histgb,4,0.0008234919905906323,14,441,uncalibrated
0,histgb,4,0.0008234919905906323,15,441,uncalibrated
0,histgb,4,0.14828810399625797,1,446,uncalibrated
0,histgb,4,0.023721254745438337,2,446,uncalibrated
0,histgb,4,0.0008234919905906323,3,446,uncalibrated
0,histgb,4,0.0008234919905906323,4,446,uncalibrated
0,histgb,4,0.0008234919905906323,5,446,uncalibrated
0,histgb,4,0.0008234919905906323,6,446,uncalibrated
0,histgb,4,0.0008234919905906323,7,446,uncalibrated
0,histgb,4,0.0008234919905906323,8,446,uncalibrated
0,histgb,4,0.0008234919905906323,9,446,uncalibrated
0,histgb,4,0.0008234919905906323,10,446,uncalibrated
0,histgb,4,0.0008234919905906323,11,446,uncalibrated
0,histgb,4,0.0008234919905906323,12,446,uncalibrated
0,histgb,4,0.0008234919905906323,13,446,uncalibrated
0,histgb,4,0.0008234919905906323,14,446,uncalibrated
0,histgb,4,0.0008234919905906323,15,446,uncalibrated
0,histgb,4,0.14828810399625797,1,448,uncalibrated
0,histgb,4,0.023721254745438337,2,448,uncalibrated
0,histgb,4,0.0008234919905906323,3,448,uncalibrated
0,histgb,4,0.0008234919905906323,4,448,uncalibrated
0,histgb,4,0.0008234919905906323,5,448,uncalibrated
0,histgb,4,0.0008234919905906323,6,448,uncalibrated
0,histgb,4,0.0008234919905906323,7,448,uncalibrated
0,histgb,4,0.0008234919905906323,8,448,uncalibrated
0,histgb,4,0.0008234919905906323,9,448,uncalibrated
0,histgb,4,0.0008234919905906323,10,448,uncalibrated
0,histgb,4,0.0008234919905906323,11,448,uncalibrated
0,histgb,4,0.0008234919905906323,12,448,uncalibrated
0,histgb,4,0.0008234919905906323,13,448,uncalibrated
0,histgb,4,0.0008234919905906323,14,448,uncalibrated
0,histgb,4,0.0008234919905906323,15,448,uncalibrated
0,histgb,4,0.027096372900488667,1,449,uncalibrated
0,histgb,4,0.023721254745438337,2,449,uncalibrated
0,histgb,4,0.0008234919905906323,3,449,uncalibrated
0,histgb,4,0.0008234919905906323,4,449,uncalibrated
0,histgb,4,0.0008234919905906323,5,449,uncalibrated
0,histgb,4,0.0008234919905906323,6,449,uncalibrated
0,histgb,4,0.0008234919905906323,7,449,uncalibrated
0,histgb,4,0.0008234919905906323,8,449,uncalibrated
0,histgb,4,0.0008234919905906323,9,449,uncalibrated
0,histgb,4,0.0008234919905906323,10,449,uncalibrated
0,histgb,4,0.0008234919905906323,11,449,uncalibrated
0,histgb,4,0.0008234919905906323,12,449,uncalibrated
0,histgb,4,0.0008234919905906323,13,449,uncalibrated
0,histgb,4,0.0008234919905906323,14,449,uncalibrated
0,histgb,4,0.0008234919905906323,15,449,uncalibrated
0,histgb,4,0.027096372900488667,1,457,uncalibrated
0,histgb,4,0.029324968633340966,2,457,uncalibrated
0,histgb,4,0.0008234919905906323,3,457,uncalibrated
0,histgb,4,0.0008234919905906323,4,457,uncalibrated
0,histgb,4,0.0008234919905906323,5,457,uncalibrated
0,histgb,4,0.0008234919905906323,6,457,uncalibrated
0,histgb,4,0.0008234919905906323,7,457,uncalibrated
0,histgb,4,0.0008234919905906323,8,457,uncalibrated
0,histgb,4,0.0008234919905906323,9,457,uncalibrated
0,histgb,4,0.0008234919905906323,10,457,uncalibrated
0,histgb,4,0.0008234919905906323,11,457,uncalibrated
0,histgb,4,0.0008234919905906323,12,457,uncalibrated
0,histgb,4,0.0008234919905906323,13,457,uncalibrated
0,histgb,4,0.0008234919905906323,14,457,uncalibrated
0,histgb,4,0.0008234919905906323,15,457,uncalibrated
0,histgb,4,0.027096372900488667,1,465,uncalibrated
0,histgb,4,0.031195470739284532,2,465,uncalibrated
0,histgb,4,0.0008234919905906323,3,465,uncalibrated
0,histgb,4,0.0008234919905906323,4,465,uncalibrated
0,histgb,4,0.0008234919905906323,5,465,uncalibrated
0,histgb,4,0.0008234919905906323,6,465,uncalibrated
0,histgb,4,0.0008234919905906323,7,465,uncalibrated
0,histgb,4,0.0008234919905906323,8,465,uncalibrated
0,histgb,4,0.0008234919905906323,9,465,uncalibrated
0,histgb,4,0.0008234919905906323,10,465,uncalibrated
0,histgb,4,0.0008234919905906323,11,465,uncalibrated
0,histgb,4,0.0008234919905906323,12,465,uncalibrated
0,histgb,4,0.0008234919905906323,13,465,uncalibrated
0,histgb,4,0.0008234919905906323,14,465,uncalibrated
0,histgb,4,0.0008234919905906323,15,465,uncalibrated
1,histgb,4,0.32479597847264746,1,473,uncalibrated
1,histgb,4,0.5522759161714077,2,473,uncalibrated
1,histgb,4,0.23112233845845434,3,473,uncalibrated
1,histgb,4,0.040665493960668216,4,473,uncalibrated
1,histgb,4,0.0008234919905906323,5,473,uncalibrated
1,histgb,4,0.0008234919905906323,6,473,uncalibrated
1,histgb,4,0.0390426006639417,7,473,uncalibrated
1,histgb,4,0.12287282251790947,8,473,uncalibrated
1,histgb,4,0.27800275242521877,9,473,uncalibrated
0,histgb,4,0.08290110407903538,10,473,uncalibrated
0,histgb,4,0.10959366342783626,11,473,uncalibrated
0,histgb,4,0.12196460709064633,12,473,uncalibrated
1,histgb,4,0.21409685260496195,13,473,uncalibrated
1,histgb,4,0.10783210850416376,14,473,uncalibrated
1,histgb,4,0.038789131828388446,15,473,uncalibrated
0,histgb,4,0.0954656497350567,1,487,uncalibrated
0,histgb,4,0.030062074563046267,2,487,uncalibrated
0,histgb,4,0.0008234919905906323,3,487,uncalibrated
0,histgb,4,0.0008234919905906323,4,487,uncalibrated
0,histgb,4,0.0008234919905906323,5,487,uncalibrated
0,histgb,4,0.0008234919905906323,6,487,uncalibrated
0,histgb,4,0.0008234919905906323,7,487,uncalibrated
0,histgb,4,0.0008234919905906323,8,487,uncalibrated
0,histgb,4,0.0008234919905906323,9,487,uncalibrated
0,histgb,4,0.0008234919905906323,10,487,uncalibrated
0,histgb,4,0.0008234919905906323,11,487,uncalibrated
0,histgb,4,0.0008234919905906323,12,487,uncalibrated
0,histgb,4,0.0008234919905906323,13,487,uncalibrated
0,histgb,4,0.0008234919905906323,14,487,uncalibrated
0,histgb,4,0.0008234919905906323,15,487,uncalibrated
0,histgb,4,0.0954656497350567,1,491,uncalibrated
0,histgb,4,0.46346943700168897,2,491,uncalibrated
0,histgb,4,0.15096243250159375,3,491,uncalibrated
0,histgb,4,0.29331283269092573,4,491,uncalibrated
0,histgb,4,0.4056427236216699,5,491,uncalibrated
0,histgb,4,0.47209117376533316,6,491,uncalibrated
1,histgb,4,0.2278241332758537,7,491,uncalibrated
1,histgb,4,0.25721142407516534,8,491,uncalibrated
1,histgb,4,0.2697815447104078,9,491,uncalibrated
1,histgb,4,0.3088537143824164,10,491,uncalibrated
1,histgb,4,0.3158613998291921,11,491,uncalibrated
0,histgb,4,0.26654632837343345,12,491,uncalibrated
0,histgb,4,0.37236968852957164,13,491,uncalibrated
0,histgb,4,0.14627911637738097,14,491,uncalibrated
0,histgb,4,0.06391028597823929,15,491,uncalibrated
0,logistic,5,0.07111084660576664,1,0,sigmoid
0,logistic,5,0.0415845881434543,2,0,sigmoid
0,logistic,5,0.024005035808264946,3,0,sigmoid
0,logistic,5,0.013799760458932046,4,0,sigmoid
0,logistic,5,0.00789878741630154,5,0,sigmoid
0,logistic,5,0.004500523741706395,6,0,sigmoid
0,logistic,5,0.0025678761798973103,7,0,sigmoid
0,logistic,5,0.0014658906185921828,8,0,sigmoid
0,logistic,5,0.0008328584783497661,9,0,sigmoid
0,logistic,5,0.0004737478422683418,10,0,sigmoid
0,logistic,5,0.00026976694052537704,11,0,sigmoid
0,logistic,5,0.00015378064921995897,12,0,sigmoid
0,logistic,5,8.71965801952826e-05,13,0,sigmoid
0,logistic,5,4.946972997779545e-05,14,0,sigmoid
0,logistic,5,2.801462484774489e-05,15,0,sigmoid
0,logistic,5,0.07011305947675338,1,1,sigmoid
0,logistic,5,0.04063408428380304,2,1,sigmoid
0,logistic,5,0.023084049861224892,3,1,sigmoid
0,logistic,5,0.01298103946894535,4,1,sigmoid
0,logistic,5,0.00730272089140189,5,1,sigmoid
0,logistic,5,0.004095572046372805,6,1,sigmoid
0,logistic,5,0.002301117220692702,7,1,sigmoid
0,logistic,5,0.001283777499175669,8,1,sigmoid
0,logistic,5,0.0007220203256533687,9,1,sigmoid
0,logistic,5,0.000403861596206041,10,1,sigmoid
0,logistic,5,0.00022490631832369073,11,1,sigmoid
0,logistic,5,0.00012588773590780782,12,1,sigmoid
0,logistic,5,7.017550175101957e-05,13,1,sigmoid
0,logistic,5,3.9339854297535176e-05,14,1,sigmoid
0,logistic,5,2.2074512287798207e-05,15,1,sigmoid
0,logistic,5,0.0705560784727142,1,3,sigmoid
0,logistic,5,0.04098491475273802,2,3,sigmoid
0,logistic,5,0.023526049684486863,3,3,sigmoid
0,logistic,5,0.013396207454523584,4,3,sigmoid
0,logistic,5,0.007596964333000931,5,3,sigmoid
0,logistic,5,0.004294094903636531,6,3,sigmoid
0,logistic,5,0.0024262608900659788,7,3,sigmoid
0,logistic,5,0.0013636583863174652,8,3,sigmoid
0,logistic,5,0.0007691026695725708,9,3,sigmoid
0,logistic,5,0.0004313315889888928,10,3,sigmoid
0,logistic,5,0.00024202024991280737,11,3,sigmoid
0,logistic,5,0.0001360691014993099,12,3,sigmoid
0,logistic,5,7.664453675232051e-05,13,3,sigmoid
0,logistic,5,4.335327354563691e-05,14,3,sigmoid
0,logistic,5,2.439415582930265e-05,15,3,sigmoid
0,logistic,5,0.0701095813647977,1,12,sigmoid
0,logistic,5,0.04079452316221003,2,12,sigmoid
0,logistic,5,0.18487067192193848,3,12,sigmoid
0,logistic,5,0.11868745601110095,4,12,sigmoid
0,logistic,5,0.05402920561821074,5,12,sigmoid
0,logistic,5,0.01875226774810002,6,12,sigmoid
0,logistic,5,0.009171482756740009,7,12,sigmoid
0,logistic,5,0.004682066797223906,8,12,sigmoid
0,logistic,5,0.008994832998744864,9,12,sigmoid
0,logistic,5,0.0050987337541647,10,12,sigmoid
0,logistic,5,0.0026019938143344258,11,12,sigmoid
0,logistic,5,0.0009497289755572718,12,12,sigmoid
0,logistic,5,0.00048435667088436794,13,12,sigmoid
0,logistic,5,0.0002556249181593273,14,12,sigmoid
0,logistic,5,0.0001358342014022585,15,12,sigmoid
0,logistic,5,0.07098760865880036,1,14,sigmoid
0,logistic,5,0.4763650025386766,2,14,sigmoid
0,logistic,5,0.27949492566701084,3,14,sigmoid
0,logistic,5,0.12408625224118656,4,14,sigmoid
0,logistic,5,0.041984476766228185,5,14,sigmoid
0,logistic,5,0.020299840750669915,6,14,sigmoid
0,logistic,5,0.010205492609372391,7,14,sigmoid
0,logistic,5,0.02016878758332483,8,14,sigmoid
0,logistic,5,0.011584395354901092,9,14,sigmoid
0,logistic,5,0.005909688212805289,10,14,sigmoid
0,logistic,5,0.0021947681420239292,11,14,sigmoid
0,logistic,5,0.0011534150017617952,12,14,sigmoid
0,logistic,5,0.0006138315974173785,13,14,sigmoid
0,logistic,5,0.00032941251878805387,14,14,sigmoid
0,logistic,5,0.00017807257124106485,15,14,sigmoid
0,logistic,5,0.06972450121107462,1,15,sigmoid
0,logistic,5,0.04013993862211264,2,15,sigmoid
0,logistic,5,0.022932947053668325,3,15,sigmoid
0,logistic,5,0.013044761870231727,4,15,sigmoid
0,logistic,5,0.0073488879320727975,5,15,sigmoid
0,logistic,5,0.004116514683821485,6,15,sigmoid
0,logistic,5,0.0023072493226828856,7,15,sigmoid
0,logistic,5,0.0012883684803908805,8,15,sigmoid
0,logistic,5,0.0007210971298218092,9,15,sigmoid
0,logistic,5,0.0004009217994480954,10,15,sigmoid
0,logistic,5,0.0002246545479807016,11,15,sigmoid
0,logistic,5,0.0001248844877520391,12,15,sigmoid
0,logistic,5,7.020545625638227e-05,13,15,sigmoid
0,logistic,5,0.00012306337431773948,14,15,sigmoid
0,logistic,5,7.435312235323015e-05,15,15,sigmoid
0,logistic,5,0.0698769109740363,1,17,sigmoid
0,logistic,5,0.4690515332718525,2,17,sigmoid
0,logistic,5,0.25361263934406,3,17,sigmoid
0,logistic,5,0.10313963737550033,4,17,sigmoid
0,logistic,5,0.2013221457910636,5,17,sigmoid
0,logistic,5,0.275200158980026,6,17,sigmoid
0,logistic,5,0.28659278800297305,7,17,sigmoid
0,logistic,5,0.3422454101292731,8,17,sigmoid
0,logistic,5,0.21294045093590566,9,17,sigmoid
0,logistic,5,0.2366123188454565,10,17,sigmoid
0,logistic,5,0.23200331535589114,11,17,sigmoid
0,logistic,5,0.2013433806512531,12,17,sigmoid
0,logistic,5,0.11747455081738728,13,17,sigmoid
0,logistic,5,0.126074089541064,14,17,sigmoid
0,logistic,5,0.12212560322681128,15,17,sigmoid
0,logistic,5,0.07092079069271721,1,30,sigmoid
0,logistic,5,0.041544208502393105,2,30,sigmoid
0,logistic,5,0.024025042295036467,3,30,sigmoid
0,logistic,5,0.013681914773308905,4,30,sigmoid
0,logistic,5,0.007820992358350251,5,30,sigmoid
0,logistic,5,0.004453918329345803,6,30,sigmoid
0,logistic,5,0.002533941500671812,7,30,sigmoid
0,logistic,5,0.0014361321773543477,8,30,sigmoid
0,logistic,5,0.0008120786632863767,9,30,sigmoid
0,logistic,5,0.00046157897877411956,10,30,sigmoid
0,logistic,5,0.00026033888879110987,11,30,sigmoid
0,logistic,5,0.00014831853506779523,12,30,sigmoid
0,logistic,5,8.4544567706924e-05,13,30,sigmoid
0,logistic,5,4.8039355018804467e-05,14,30,sigmoid
0,logistic,5,2.728161635409123e-05,15,30,sigmoid
0,logistic,5,0.06979374021815221,1,31,sigmoid
0,logistic,5,0.04052400361097534,2,31,sigmoid
0,logistic,5,0.023414781440924026,3,31,sigmoid
0,logistic,5,0.013251033887668918,4,31,sigmoid
0,logistic,5,0.007537668127621568,5,31,sigmoid
0,logistic,5,0.004278611896038833,6,31,sigmoid
0,logistic,5,0.002431172554647607,7,31,sigmoid
0,logistic,5,0.0013748924913563848,8,31,sigmoid
0,logistic,5,0.0007720191191117757,9,31,sigmoid
0,logistic,5,0.000435723999927946,10,31,sigmoid
0,logistic,5,0.0002481903147700094,11,31,sigmoid
0,logistic,5,0.00014137396619697408,12,31,sigmoid
0,logistic,5,7.92598813952961e-05,13,31,sigmoid
0,logistic,5,4.507487963002481e-05,14,31,sigmoid
0,logistic,5,2.568697128901878e-05,15,31,sigmoid
0,logistic,5,0.06965878301380297,1,51,sigmoid
0,logistic,5,0.04007626779290488,2,51,sigmoid
0,logistic,5,0.02793357598118441,3,51,sigmoid
0,logistic,5,0.01586541884379615,4,51,sigmoid
0,logistic,5,0.008943618476570768,5,51,sigmoid
0,logistic,5,0.00501174148229596,6,51,sigmoid
0,logistic,5,0.0035066895511703063,7,51,sigmoid
0,logistic,5,0.0019271778680303158,8,51,sigmoid
0,logistic,5,0.0010776264431936356,9,51,sigmoid
0,logistic,5,0.0005975295667344677,10,51,sigmoid
0,logistic,5,0.0003335306357243405,11,51,sigmoid
0,logistic,5,0.0002340469483815307,12,51,sigmoid
0,logistic,5,0.00013052708468927558,13,51,sigmoid
0,logistic,5,7.29024022675284e-05,14,51,sigmoid
0,logistic,5,4.0659145777099774e-05,15,51,sigmoid
0,logistic,5,0.07103335970981195,1,52,sigmoid
0,logistic,5,0.04172941260176044,2,52,sigmoid
0,logistic,5,0.02414919454796407,3,52,sigmoid
0,logistic,5,0.013857964421058824,4,52,sigmoid
0,logistic,5,0.007970176101949899,5,52,sigmoid
0,logistic,5,0.004548097639630426,6,52,sigmoid
0,logistic,5,0.0025760877236828367,7,52,sigmoid
0,logistic,5,0.0014707401183299746,8,52,sigmoid
0,logistic,5,0.0008352147359890394,9,52,sigmoid
0,logistic,5,0.0004761284186549226,10,52,sigmoid
0,logistic,5,0.00026940748382259873,11,52,sigmoid
0,logistic,5,0.00015334651744747718,12,52,sigmoid
0,logistic,5,8.69782370182286e-05,13,52,sigmoid
0,logistic,5,4.9411705615479754e-05,14,52,sigmoid
0,logistic,5,2.7999683792868096e-05,15,52,sigmoid
0,logistic,5,0.07062608057339233,1,59,sigmoid
0,logistic,5,0.04114036548795897,2,59,sigmoid
0,logistic,5,0.023661238760340018,3,59,sigmoid
0,logistic,5,0.013472571858336342,4,59,sigmoid
0,logistic,5,0.0076559127463880685,5,59,sigmoid
0,logistic,5,0.0043383438480398,6,59,sigmoid
0,logistic,5,0.002449875357484878,7,59,sigmoid
0,logistic,5,0.0013790739633722786,8,59,sigmoid
0,logistic,5,0.0007782999918069414,9,59,sigmoid
0,logistic,5,0.00043821727094186586,10,59,sigmoid
0,logistic,5,0.00024739734215936817,11,59,sigmoid
0,logistic,5,0.00013983646892851986,12,59,sigmoid
0,logistic,5,7.909937698396006e-05,13,59,sigmoid
0,logistic,5,4.466794873411426e-05,14,59,sigmoid
0,logistic,5,2.51916377000898e-05,15,59,sigmoid
1,logistic,5,0.7877156537097965,1,60,sigmoid
1,logistic,5,0.7440511286114384,2,60,sigmoid
1,logistic,5,0.6948841400511208,3,60,sigmoid
1,logistic,5,0.08693308411208142,4,60,sigmoid
1,logistic,5,0.27931957476147246,5,60,sigmoid
1,logistic,5,0.3549347816313207,6,60,sigmoid
1,logistic,5,0.4483056855260272,7,60,sigmoid
0,logistic,5,0.22788639886816067,8,60,sigmoid
0,logistic,5,0.16714365867924136,9,60,sigmoid
0,logistic,5,0.13683516954516733,10,60,sigmoid
0,logistic,5,0.1810842612784101,11,60,sigmoid
0,logistic,5,0.1345393132913819,12,60,sigmoid
0,logistic,5,0.10396602531108959,13,60,sigmoid
0,logistic,5,0.08416336311816307,14,60,sigmoid
0,logistic,5,0.06074295968756603,15,60,sigmoid
0,logistic,5,0.07072068520747117,1,61,sigmoid
0,logistic,5,0.041357675719152207,2,61,sigmoid
0,logistic,5,0.023877875945858638,3,61,sigmoid
0,logistic,5,0.013675436945006805,4,61,sigmoid
0,logistic,5,0.007773939953590999,5,61,sigmoid
0,logistic,5,0.00442280207518893,6,61,sigmoid
0,logistic,5,0.002498326048611908,7,61,sigmoid
0,logistic,5,0.001420685042867582,8,61,sigmoid
0,logistic,5,0.0008039382317180574,9,61,sigmoid
0,logistic,5,0.00045692605021797753,10,61,sigmoid
0,logistic,5,0.00025881599334074594,11,61,sigmoid
0,logistic,5,0.00014677596958512053,12,61,sigmoid
0,logistic,5,8.338896576156991e-05,13,61,sigmoid
0,logistic,5,4.7030144481756205e-05,14,61,sigmoid
0,logistic,5,2.6620279343625884e-05,15,61,sigmoid
0,logistic,5,0.07078031114035895,1,66,sigmoid
0,logistic,5,0.0412879327433506,2,66,sigmoid
0,logistic,5,0.023892801756420546,3,66,sigmoid
0,logistic,5,0.013698482973746727,4,66,sigmoid
0,logistic,5,0.0078131307156773,5,66,sigmoid
0,logistic,5,0.004435269634772213,6,66,sigmoid
0,logistic,5,0.0025180800897687283,7,66,sigmoid
0,logistic,5,0.0014240190449752983,8,66,sigmoid
0,logistic,5,0.000803766831419249,9,66,sigmoid
0,logistic,5,0.0004512840401868179,10,66,sigmoid
0,logistic,5,0.00025582415616417944,11,66,sigmoid
0,logistic,5,0.00014395363615067407,12,66,sigmoid
0,logistic,5,8.155449043323482e-05,13,66,sigmoid
0,logistic,5,4.611833897889248e-05,14,66,sigmoid
0,logistic,5,2.6016577661255902e-05,15,66,sigmoid
0,logistic,5,0.07073821742760272,1,69,sigmoid
0,logistic,5,0.041275264299627225,2,69,sigmoid
0,logistic,5,0.02373406128718615,3,69,sigmoid
0,logistic,5,0.01347328093859708,4,69,sigmoid
0,logistic,5,0.007650645558882368,5,69,sigmoid
0,logistic,5,0.004345262572297792,6,69,sigmoid
0,logistic,5,0.002460065898477624,7,69,sigmoid
0,logistic,5,0.0013891761850486973,8,69,sigmoid
0,logistic,5,0.0007847574122707288,9,69,sigmoid
0,logistic,5,0.00044308125364319424,10,69,sigmoid
0,logistic,5,0.00024999713960974614,11,69,sigmoid
0,logistic,5,0.00014128350240909457,12,69,sigmoid
0,logistic,5,7.992647762041408e-05,13,69,sigmoid
0,logistic,5,4.506766646356805e-05,14,69,sigmoid
0,logistic,5,2.5456425771170072e-05,15,69,sigmoid
1,logistic,5,0.07099464551018247,1,71,sigmoid
1,logistic,5,0.4778689476080698,2,71,sigmoid
1,logistic,5,0.5618101660973176,3,71,sigmoid
0,logistic,5,0.3226062823238937,4,71,sigmoid
0,logistic,5,0.384787165787873,5,71,sigmoid
0,logistic,5,0.20142270230661025,6,71,sigmoid
0,logistic,5,0.09517529436695112,7,71,sigmoid
0,logistic,5,0.11461253321439491,8,71,sigmoid
0,logistic,5,0.06074713795042379,9,71,sigmoid
0,logistic,5,0.06210566404431173,10,71,sigmoid
0,logistic,5,0.08235537996696214,11,71,sigmoid
0,logistic,5,0.043301912754194635,12,71,sigmoid
0,logistic,5,0.015110659234235503,13,71,sigmoid
0,logistic,5,0.011077553554563304,14,71,sigmoid
0,logistic,5,0.0063155562987989204,15,71,sigmoid
0,logistic,5,0.07088564667993341,1,91,sigmoid
0,logistic,5,0.041656940171313536,2,91,sigmoid
0,logistic,5,0.18841784986768023,3,91,sigmoid
0,logistic,5,0.4587337602800633,4,91,sigmoid
0,logistic,5,0.27051887533717145,5,91,sigmoid
0,logistic,5,0.09809952735891962,6,91,sigmoid
0,logistic,5,0.12315413211803283,7,91,sigmoid
0,logistic,5,0.06505052464346973,8,91,sigmoid
0,logistic,5,0.10269579505051818,9,91,sigmoid
0,logistic,5,0.1219896401279723,10,91,sigmoid
0,logistic,5,0.06427003820359331,11,91,sigmoid
0,logistic,5,0.02302621330953148,12,91,sigmoid
0,logistic,5,0.024953864906428525,13,91,sigmoid
0,logistic,5,0.038376049578024644,14,91,sigmoid
0,logistic,5,0.020052679170331895,15,91,sigmoid
1,logistic,5,0.7877156537097965,1,94,sigmoid
0,logistic,5,0.1386319695800147,2,94,sigmoid
0,logistic,5,0.031037489810173822,3,94,sigmoid
0,logistic,5,0.1464105070512316,4,94,sigmoid
0,logistic,5,0.09107158907589531,5,94,sigmoid
0,logistic,5,0.18001706452281926,6,94,sigmoid
0,logistic,5,0.12791098800448494,7,94,sigmoid
0,logistic,5,0.24675874851487245,8,94,sigmoid
0,logistic,5,0.08350340697998422,9,94,sigmoid
0,logistic,5,0.07322199414487632,10,94,sigmoid
0,logistic,5,0.06713090921242487,11,94,sigmoid
0,logistic,5,0.07584794033080415,12,94,sigmoid
0,logistic,5,0.057844126070986636,13,94,sigmoid
0,logistic,5,0.04658107108247948,14,94,sigmoid
0,logistic,5,0.03320036812676591,15,94,sigmoid
1,logistic,5,0.06874472687182999,1,96,sigmoid
1,logistic,5,0.04756000088867614,2,96,sigmoid
1,logistic,5,0.03357920355355784,3,96,sigmoid
1,logistic,5,0.06221542074543364,4,96,sigmoid
1,logistic,5,0.04454493488617515,5,96,sigmoid
1,logistic,5,0.24938697175669458,6,96,sigmoid
1,logistic,5,0.27948428942601256,7,96,sigmoid
1,logistic,5,0.2144036626791342,8,96,sigmoid
1,logistic,5,0.161180384694711,9,96,sigmoid
1,logistic,5,0.12223571388093371,10,96,sigmoid
1,logistic,5,0.1250888257714028,11,96,sigmoid
1,logistic,5,0.09149140676284652,12,96,sigmoid
0,logistic,5,0.02461709003854336,13,96,sigmoid
0,logistic,5,0.019887211268394035,14,96,sigmoid
0,logistic,5,0.014503488313067827,15,96,sigmoid
0,logistic,5,0.06851625223653293,1,97,sigmoid
0,logistic,5,0.04014199413275903,2,97,sigmoid
0,logistic,5,0.023285819804789085,3,97,sigmoid
0,logistic,5,0.013382817210155018,4,97,sigmoid
0,logistic,5,0.007642953829365852,5,97,sigmoid
0,logistic,5,0.004370261064907757,6,97,sigmoid
0,logistic,5,0.00249593409781909,7,97,sigmoid
0,logistic,5,0.0014221237683115357,8,97,sigmoid
0,logistic,5,0.0008097444578022191,9,97,sigmoid
0,logistic,5,0.0004618744329308003,10,97,sigmoid
0,logistic,5,0.0002597148062926373,11,97,sigmoid
0,logistic,5,0.0001479787329962432,12,97,sigmoid
0,logistic,5,8.419801235439615e-05,13,97,sigmoid
0,logistic,5,4.797021144808799e-05,14,97,sigmoid
0,logistic,5,2.733697768965716e-05,15,97,sigmoid
1,logistic,5,0.07101575992994226,1,100,sigmoid
1,logistic,5,0.46962287570570654,2,100,sigmoid
1,logistic,5,0.5022488952810131,3,100,sigmoid
1,logistic,5,0.5514856936582023,4,100,sigmoid
1,logistic,5,0.5716507032528008,5,100,sigmoid
1,logistic,5,0.5461548742008872,6,100,sigmoid
1,logistic,5,0.49271254767780526,7,100,sigmoid
0,logistic,5,0.2459972415166985,8,100,sigmoid
0,logistic,5,0.22366441931186598,9,100,sigmoid
0,logistic,5,0.22794596119047192,10,100,sigmoid
0,logistic,5,0.2569527729365862,11,100,sigmoid
0,logistic,5,0.22217564369917311,12,100,sigmoid
0,logistic,5,0.09821556412988125,13,100,sigmoid
0,logistic,5,0.1030990022641362,14,100,sigmoid
0,logistic,5,0.10956819660569879,15,100,sigmoid
0,logistic,5,0.06995670228919632,1,111,sigmoid
0,logistic,5,0.0407340270534945,2,111,sigmoid
0,logistic,5,0.02319015807194547,3,111,sigmoid
0,logistic,5,0.01326359581884244,4,111,sigmoid
0,logistic,5,0.00747091536605351,5,111,sigmoid
0,logistic,5,0.0041897668600454924,6,111,sigmoid
0,logistic,5,0.002342140903764294,7,111,sigmoid
0,logistic,5,0.0012826152243837609,8,111,sigmoid
0,logistic,5,0.0009195922352232271,9,111,sigmoid
0,logistic,5,0.0005148200629402838,10,111,sigmoid
0,logistic,5,0.00028874437230618644,11,111,sigmoid
0,logistic,5,0.00016267142039553447,12,111,sigmoid
0,logistic,5,9.157719872467599e-05,13,111,sigmoid
0,logistic,5,5.172206243032252e-05,14,111,sigmoid
0,logistic,5,2.9077730537713618e-05,15,111,sigmoid
1,logistic,5,0.7877156537097965,1,123,sigmoid
0,logistic,5,0.13701545236125806,2,123,sigmoid
0,logistic,5,0.3935170498028657,3,123,sigmoid
0,logistic,5,0.4779150562355643,4,123,sigmoid
0,logistic,5,0.5747307954103753,5,123,sigmoid
0,logistic,5,0.5478204877439662,6,123,sigmoid
0,logistic,5,0.32239825868936717,7,123,sigmoid
0,logistic,5,0.24597124352246402,8,123,sigmoid
0,logistic,5,0.12477004276339375,9,123,sigmoid
0,logistic,5,0.060757180403782855,10,123,sigmoid
0,logistic,5,0.026914641397524728,11,123,sigmoid
0,logistic,5,0.017367352342819,12,123,sigmoid
0,logistic,5,0.012266708513030807,13,123,sigmoid
0,logistic,5,0.005925254151289204,14,123,sigmoid
0,logistic,5,0.003863368276657609,15,123,sigmoid
1,logistic,5,0.07017917392286777,1,129,sigmoid
1,logistic,5,0.4694634232310656,2,129,sigmoid
0,logistic,5,0.2522215671164699,3,129,sigmoid
0,logistic,5,0.259418000819886,4,129,sigmoid
0,logistic,5,0.35169496636734676,5,129,sigmoid
0,logistic,5,0.22495659565472373,6,129,sigmoid
0,logistic,5,0.2568564225959785,7,129,sigmoid
0,logistic,5,0.1031677961291791,8,129,sigmoid
0,logistic,5,0.15249905096212382,9,129,sigmoid
1,logistic,5,0.16668280129715646,10,129,sigmoid
0,logistic,5,0.12577259271077706,11,129,sigmoid
0,logistic,5,0.11819335987591063,12,129,sigmoid
0,logistic,5,0.04933292989079827,13,129,sigmoid
0,logistic,5,0.049702483785492656,14,129,sigmoid
0,logistic,5,0.05953686410186952,15,129,sigmoid
0,logistic,5,0.07059807203546106,1,133,sigmoid
0,logistic,5,0.04137460007594988,2,133,sigmoid
0,logistic,5,0.023890313489423644,3,133,sigmoid
0,logistic,5,0.013690556584835718,4,133,sigmoid
0,logistic,5,0.007729213935778691,5,133,sigmoid
0,logistic,5,0.004385608356215795,6,133,sigmoid
0,logistic,5,0.0024984590017909855,7,133,sigmoid
0,logistic,5,0.0014221995309929279,8,133,sigmoid
0,logistic,5,0.002974894487511358,9,133,sigmoid
0,logistic,5,0.0019112424773095173,10,133,sigmoid
0,logistic,5,0.0010307545770030864,11,133,sigmoid
0,logistic,5,0.00040105283674987083,12,133,sigmoid
0,logistic,5,0.0002172625551990506,13,133,sigmoid
0,logistic,5,0.00011917779077712941,14,133,sigmoid
0,logistic,5,6.51289707574664e-05,15,133,sigmoid
0,logistic,5,0.07108970607824566,1,135,sigmoid
0,logistic,5,0.04138729769221565,2,135,sigmoid
0,logistic,5,0.02379718574874532,3,135,sigmoid
0,logistic,5,0.013537961563172538,4,135,sigmoid
0,logistic,5,0.007687998501223586,5,135,sigmoid
0,logistic,5,0.004344108689162666,6,135,sigmoid
0,logistic,5,0.002453528646366486,7,135,sigmoid
0,logistic,5,0.0013909535089291142,8,135,sigmoid
0,logistic,5,0.0007825851064887813,9,135,sigmoid
0,logistic,5,0.0004404898474599134,10,135,sigmoid
0,logistic,5,0.00024865405507569835,11,135,sigmoid
0,logistic,5,0.00014012767506377182,12,135,sigmoid
0,logistic,5,7.958186786305513e-05,13,135,sigmoid
0,logistic,5,4.4706090991438236e-05,14,135,sigmoid
0,logistic,5,2.5265661244143462e-05,15,135,sigmoid
0,logistic,5,0.07061907747648459,1,142,sigmoid
0,logistic,5,0.4732520316299026,2,142,sigmoid
0,logistic,5,0.2751221514574183,3,142,sigmoid
0,logistic,5,0.12063753725665571,4,142,sigmoid
0,logistic,5,0.17785268271951962,5,142,sigmoid
0,logistic,5,0.3178795869233737,6,142,sigmoid
0,logistic,5,0.1764000682963294,7,142,sigmoid
0,logistic,5,0.20048341640596012,8,142,sigmoid
0,logistic,5,0.07935751854489304,9,142,sigmoid
0,logistic,5,0.11852997988408596,10,142,sigmoid
1,logistic,5,0.07360704445447239,11,142,sigmoid
0,logistic,5,0.11649389743096739,12,142,sigmoid
0,logistic,5,0.0595765505844085,13,142,sigmoid
0,logistic,5,0.0642830479162396,14,142,sigmoid
1,logistic,5,0.033347983732931505,15,142,sigmoid
0,logistic,5,0.07000183899179034,1,145,sigmoid
0,logistic,5,0.4650146748082054,2,145,sigmoid
0,logistic,5,0.26676589616232627,3,145,sigmoid
0,logistic,5,0.2816083119223669,4,145,sigmoid
0,logistic,5,0.30612775763155814,5,145,sigmoid
0,logistic,5,0.3721203078754808,6,145,sigmoid
0,logistic,5,0.469495087903478,7,145,sigmoid
0,logistic,5,0.38482070761134346,8,145,sigmoid
0,logistic,5,0.17818624652868997,9,145,sigmoid
0,logistic,5,0.1861496427468299,10,145,sigmoid
0,logistic,5,0.07101648824450867,11,145,sigmoid
0,logistic,5,0.099238054434437,12,145,sigmoid
1,logistic,5,0.06768727921432637,13,145,sigmoid
1,logistic,5,0.04408917754867347,14,145,sigmoid
0,logistic,5,0.06917235413696501,15,145,sigmoid
0,logistic,5,0.07061907747648459,1,151,sigmoid
0,logistic,5,0.04083420517749483,2,151,sigmoid
0,logistic,5,0.023526049684486863,3,151,sigmoid
0,logistic,5,0.013374367017122118,4,151,sigmoid
0,logistic,5,0.040114043488528046,5,151,sigmoid
0,logistic,5,0.02611732931553856,6,151,sigmoid
0,logistic,5,0.012847142693388547,7,151,sigmoid
0,logistic,5,0.011036382204399484,8,151,sigmoid
0,logistic,5,0.007062954687104771,9,151,sigmoid
0,logistic,5,0.0035461323998276554,10,151,sigmoid
0,logistic,5,0.0013035834799535661,11,151,sigmoid
0,logistic,5,0.0006745901736534335,12,151,sigmoid
0,logistic,5,0.0003535239812938425,13,151,sigmoid
0,logistic,5,0.00018513910607880068,14,151,sigmoid
0,logistic,5,0.00020304766703319312,15,151,sigmoid
0,logistic,5,0.06983531414410091,1,154,sigmoid
0,logistic,5,0.4716963104773605,2,154,sigmoid
0,logistic,5,0.5622041282874635,3,154,sigmoid
0,logistic,5,0.659941510165794,4,154,sigmoid
0,logistic,5,0.6320640887691372,5,154,sigmoid
1,logistic,5,0.3289830525413836,6,154,sigmoid
1,logistic,5,0.29897130488070556,7,154,sigmoid
0,logistic,5,0.4313959662612162,8,154,sigmoid
0,logistic,5,0.24634385272165232,9,154,sigmoid
0,logistic,5,0.1855878393618049,10,154,sigmoid
0,logistic,5,0.11016754002188758,11,154,sigmoid
0,logistic,5,0.10926238803922672,12,154,sigmoid
0,logistic,5,0.04506917599193273,13,154,sigmoid
0,logistic,5,0.04262483448938137,14,154,sigmoid
0,logistic,5,0.0343289077657986,15,154,sigmoid
0,logistic,5,0.07154905250832078,1,161,sigmoid
0,logistic,5,0.0404514654750826,2,161,sigmoid
0,logistic,5,0.02353217825693946,3,161,sigmoid
0,logistic,5,0.013608676236485054,4,161,sigmoid
0,logistic,5,0.007836324402363346,5,161,sigmoid
0,logistic,5,0.004499806747976743,6,161,sigmoid
0,logistic,5,0.0025804779175512458,7,161,sigmoid
0,logistic,5,0.0014784381499731722,8,161,sigmoid
0,logistic,5,0.00084664489668989,9,161,sigmoid
0,logistic,5,0.0004633298343140825,10,161,sigmoid
0,logistic,5,0.00026506047699508255,11,161,sigmoid
0,logistic,5,0.00015172738542925152,12,161,sigmoid
0,logistic,5,8.685768638049011e-05,13,161,sigmoid
0,logistic,5,4.9710464521272423e-05,14,161,sigmoid
0,logistic,5,2.8454436601771588e-05,15,161,sigmoid
0,logistic,5,0.06983877967164696,1,163,sigmoid
0,logistic,5,0.040817492458121336,2,163,sigmoid
0,logistic,5,0.023447741397565388,3,163,sigmoid
0,logistic,5,0.013336406236397296,4,163,sigmoid
0,logistic,5,0.00756565616579139,5,163,sigmoid
0,logistic,5,0.004288851770601056,6,163,sigmoid
0,logistic,5,0.002428715483754076,7,163,sigmoid
0,logistic,5,0.0013719656873799019,8,163,sigmoid
0,logistic,5,0.0007733784111964438,9,163,sigmoid
0,logistic,5,0.0004283974707062286,10,163,sigmoid
0,logistic,5,0.00023819125567059143,11,163,sigmoid
0,logistic,5,0.00013438842116415608,12,163,sigmoid
0,logistic,5,7.583116728140463e-05,13,163,sigmoid
0,logistic,5,4.2207683391534894e-05,14,163,sigmoid
0,logistic,5,7.37919113171287e-05,15,163,sigmoid
0,logistic,5,0.07102631931452925,1,165,sigmoid
0,logistic,5,0.04159947431544631,2,165,sigmoid
0,logistic,5,0.02405758752795136,3,165,sigmoid
0,logistic,5,0.013825922353531273,4,165,sigmoid
0,logistic,5,0.04238797418590629,5,165,sigmoid
0,logistic,5,0.02769239578324173,6,165,sigmoid
0,logistic,5,0.01386679378054959,7,165,sigmoid
0,logistic,5,0.005138432499013666,8,165,sigmoid
0,logistic,5,0.002699829546807838,9,165,sigmoid
0,logistic,5,0.0014399711847291334,10,165,sigmoid
0,logistic,5,0.0007768791870514277,11,165,sigmoid
0,logistic,5,0.00042193881702458813,12,165,sigmoid
0,logistic,5,0.0002308828719078618,13,165,sigmoid
0,logistic,5,0.00012711690145732364,14,165,sigmoid
0,logistic,5,0.0001460541179488527,15,165,sigmoid
0,logistic,5,0.07145696461051974,1,178,sigmoid
0,logistic,5,0.04212371304540706,2,178,sigmoid
0,logistic,5,0.02434863373143883,3,178,sigmoid
0,logistic,5,0.014062111291627185,4,178,sigmoid
0,logistic,5,0.008064792508371398,5,178,sigmoid
0,logistic,5,0.004626045250301209,6,178,sigmoid
0,logistic,5,0.0026292653564737993,7,178,sigmoid
0,logistic,5,0.0015045769999040795,8,178,sigmoid
0,logistic,5,0.0008578197301478092,9,178,sigmoid
0,logistic,5,0.0004811307006549988,10,178,sigmoid
0,logistic,5,0.00027426424094493114,11,178,sigmoid
0,logistic,5,0.00015672036556576,12,178,sigmoid
0,logistic,5,8.973051225462744e-05,13,178,sigmoid
0,logistic,5,5.085851654823288e-05,14,178,sigmoid
0,logistic,5,2.9026308644351487e-05,15,178,sigmoid
0,logistic,5,0.0686184672075129,1,188,sigmoid
0,logistic,5,0.03887279857483966,2,188,sigmoid
0,logistic,5,0.026998835844694428,3,188,sigmoid
0,logistic,5,0.01894201821916633,4,188,sigmoid
0,logistic,5,0.035506541855116744,5,188,sigmoid
0,logistic,5,0.025183254884571182,6,188,sigmoid
0,logistic,5,0.01783423135992932,7,188,sigmoid
0,logistic,5,0.01261464660792663,8,188,sigmoid
0,logistic,5,0.008914772624009915,9,188,sigmoid
0,logistic,5,0.006296099189052182,10,188,sigmoid
0,logistic,5,0.0012902763994597601,11,188,sigmoid
0,logistic,5,0.0009091701355889289,12,188,sigmoid
0,logistic,5,0.0006407479233149422,13,188,sigmoid
0,logistic,5,0.0012296515006294513,14,188,sigmoid
0,logistic,5,0.000867055777636117,15,188,sigmoid
0,logistic,5,0.07048614049343406,1,190,sigmoid
0,logistic,5,0.47532712950498784,2,190,sigmoid
0,logistic,5,0.27659280903319217,3,190,sigmoid
0,logistic,5,0.12138089404222303,4,190,sigmoid
0,logistic,5,0.17965394505982415,5,190,sigmoid
0,logistic,5,0.32229146198937536,6,190,sigmoid
0,logistic,5,0.18042721687736007,7,190,sigmoid
0,logistic,5,0.205158364027908,8,190,sigmoid
0,logistic,5,0.11401789413639915,9,190,sigmoid
0,logistic,5,0.054070176523338176,10,190,sigmoid
0,logistic,5,0.084687203134516,11,190,sigmoid
0,logistic,5,0.09523097091737553,12,190,sigmoid
0,logistic,5,0.09619517126121709,13,190,sigmoid
0,logistic,5,0.05771498370710741,14,190,sigmoid
0,logistic,5,0.08436437819367255,15,190,sigmoid
0,logistic,5,0.07107561561776392,1,191,sigmoid
0,logistic,5,0.04187043876834446,2,191,sigmoid
0,logistic,5,0.024229787349397586,3,191,sigmoid
0,logistic,5,0.013946458098564422,4,191,sigmoid
0,logistic,5,0.007994255293219845,5,191,sigmoid
0,logistic,5,0.004564551364534827,6,191,sigmoid
0,logistic,5,0.002601018229070678,7,191,sigmoid
0,logistic,5,0.001482302239889755,8,191,sigmoid
0,logistic,5,0.0008441214249384265,9,191,sigmoid
0,logistic,5,0.00048087421517231487,10,191,sigmoid
0,logistic,5,0.00027389879336025684,11,191,sigmoid
0,logistic,5,0.00015593653621698162,12,191,sigmoid
0,logistic,5,8.897266367687463e-05,13,191,sigmoid
0,logistic,5,5.06392294125044e-05,14,191,sigmoid
0,logistic,5,2.891811765936455e-05,15,191,sigmoid
0,logistic,5,0.07104040074959754,1,196,sigmoid
0,logistic,5,0.04148689142793178,2,196,sigmoid
0,logistic,5,0.02397255992132283,3,196,sigmoid
0,logistic,5,0.013753370893472868,4,196,sigmoid
0,logistic,5,0.007886255424354399,5,196,sigmoid
0,logistic,5,0.004483585355190952,6,196,sigmoid
0,logistic,5,0.0025594183448881497,7,196,sigmoid
0,logistic,5,0.0014594235321848466,8,196,sigmoid
0,logistic,5,0.0008256534178898066,9,196,sigmoid
0,logistic,5,0.00047055041551201024,10,196,sigmoid
0,logistic,5,0.00026846081716832117,11,196,sigmoid
0,logistic,5,0.0001533301591312646,12,196,sigmoid
0,logistic,5,8.742013466059263e-05,13,196,sigmoid
0,logistic,5,4.972903101129277e-05,14,196,sigmoid
0,logistic,5,2.839226800173083e-05,15,196,sigmoid
0,logistic,5,0.07026276929295884,1,200,sigmoid
0,logistic,5,0.040817492458121336,2,200,sigmoid
0,logistic,5,0.023655077390430424,3,200,sigmoid
0,logistic,5,0.013533687492186659,4,200,sigmoid
0,logistic,5,0.007715315012128363,5,200,sigmoid
0,logistic,5,0.004399840683985801,6,200,sigmoid
0,logistic,5,0.0024850663078390387,7,200,sigmoid
0,logistic,5,0.0014106545795329675,8,200,sigmoid
0,logistic,5,0.000801670138678949,9,200,sigmoid
0,logistic,5,0.00045379370654318786,10,200,sigmoid
0,logistic,5,0.00025549689967423975,11,200,sigmoid
0,logistic,5,0.00014350130815679368,12,200,sigmoid
0,logistic,5,8.146318155853955e-05,13,200,sigmoid
0,logistic,5,4.635760106956867e-05,14,200,sigmoid
0,logistic,5,2.6097201477893926e-05,15,200,sigmoid
0,logistic,5,0.07070666232197621,1,208,sigmoid
0,logistic,5,0.041180369471393086,2,208,sigmoid
0,logistic,5,0.023705646873045504,3,208,sigmoid
0,logistic,5,0.013533687492186659,4,208,sigmoid
0,logistic,5,0.007686370703822811,5,208,sigmoid
0,logistic,5,0.004367708386724868,6,208,sigmoid
0,logistic,5,0.002480838034989382,7,208,sigmoid
0,logistic,5,0.0014051043720189026,8,208,sigmoid
0,logistic,5,0.0007971956100436392,9,208,sigmoid
0,logistic,5,0.00045123591358047096,10,208,sigmoid
0,logistic,5,0.0002552925769355581,11,208,sigmoid
0,logistic,5,0.00014429189324649053,12,208,sigmoid
0,logistic,5,8.162412778178396e-05,13,208,sigmoid
0,logistic,5,4.620945787737356e-05,14,208,sigmoid
0,logistic,5,2.61641135439087e-05,15,208,sigmoid
0,logistic,5,0.06905274370582584,1,213,sigmoid
0,logistic,5,0.047777967546711014,2,213,sigmoid
0,logistic,5,0.02758514441316587,3,213,sigmoid
0,logistic,5,0.015458325907091768,4,213,sigmoid
0,logistic,5,0.008671648926627754,5,213,sigmoid
0,logistic,5,0.0048639132468831486,6,213,sigmoid
0,logistic,5,0.003403103063783495,7,213,sigmoid
0,logistic,5,0.0019077792264789815,8,213,sigmoid
0,logistic,5,0.0010608174849957182,9,213,sigmoid
0,logistic,5,0.000596924563014614,10,213,sigmoid
0,logistic,5,0.0003351353589741262,11,213,sigmoid
0,logistic,5,0.0001887104215044531,12,213,sigmoid
0,logistic,5,0.00010546474218694769,13,213,sigmoid
0,logistic,5,5.888271764617876e-05,14,213,sigmoid
0,logistic,5,0.00010563870145674772,15,213,sigmoid
1,logistic,5,0.07009914798609412,1,214,sigmoid
1,logistic,5,0.4705531377098148,2,214,sigmoid
1,logistic,5,0.5611928021200926,3,214,sigmoid
0,logistic,5,0.3183773305589879,4,214,sigmoid
0,logistic,5,0.528536600814548,5,214,sigmoid
0,logistic,5,0.26165485811174044,6,214,sigmoid
0,logistic,5,0.25982344122116735,7,214,sigmoid
0,logistic,5,0.24124096366189196,8,214,sigmoid
0,logistic,5,0.2630657813156361,9,214,sigmoid
0,logistic,5,0.20823760125049307,10,214,sigmoid
1,logistic,5,0.13679135669556575,11,214,sigmoid
1,logistic,5,0.1749847057506614,12,214,sigmoid
1,logistic,5,0.184854021381837,13,214,sigmoid
0,logistic,5,0.10156998213471154,14,214,sigmoid
0,logistic,5,0.09379854176216557,15,214,sigmoid
0,logistic,5,0.07044420846404092,1,216,sigmoid
0,logistic,5,0.04099749789150892,2,216,sigmoid
0,logistic,5,0.023545666601088974,3,216,sigmoid
0,logistic,5,0.013423734110841589,4,216,sigmoid
0,logistic,5,0.007619924651890784,5,216,sigmoid
0,logistic,5,0.004320865463437098,6,216,sigmoid
0,logistic,5,0.0024360941380045364,7,216,sigmoid
0,logistic,5,0.0013794413644622847,8,216,sigmoid
0,logistic,5,0.0007774706529398623,9,216,sigmoid
0,logistic,5,0.0004391061590179399,10,216,sigmoid
0,logistic,5,0.00024774065216029336,11,216,sigmoid
0,logistic,5,0.00013985138784639224,12,216,sigmoid
0,logistic,5,7.928948349836288e-05,13,216,sigmoid
0,logistic,5,4.469178382981707e-05,14,216,sigmoid
0,logistic,5,2.5277794878837748e-05,15,216,sigmoid
0,logistic,5,0.0697521891857907,1,219,sigmoid
0,logistic,5,0.4678559645984738,2,219,sigmoid
0,logistic,5,0.5565895771063565,3,219,sigmoid
0,logistic,5,0.6500443670801201,4,219,sigmoid
0,logistic,5,0.6287203955463952,5,219,sigmoid
0,logistic,5,0.5853583205431305,6,219,sigmoid
0,logistic,5,0.5310117165556993,7,219,sigmoid
0,logistic,5,0.28596948053078713,8,219,sigmoid
0,logistic,5,0.20880376672143636,9,219,sigmoid
0,logistic,5,0.17146261552535094,10,219,sigmoid
0,logistic,5,0.18522711478884452,11,219,sigmoid
0,logistic,5,0.1500870854590165,12,219,sigmoid
0,logistic,5,0.16805810570681362,13,219,sigmoid
0,logistic,5,0.12299516111232343,14,219,sigmoid
0,logistic,5,0.09365209571531638,15,219,sigmoid
0,logistic,5,0.06925879760522141,1,224,sigmoid
0,logistic,5,0.047923805424497805,2,224,sigmoid
0,logistic,5,0.02736561776165113,3,224,sigmoid
0,logistic,5,0.15071222675867227,4,224,sigmoid
0,logistic,5,0.15467182484606337,5,224,sigmoid
0,logistic,5,0.0681030478199791,6,224,sigmoid
0,logistic,5,0.05845182960159281,7,224,sigmoid
0,logistic,5,0.05544942887218298,8,224,sigmoid
0,logistic,5,0.025983749152458588,9,224,sigmoid
0,logistic,5,0.007066412628895588,10,224,sigmoid
0,logistic,5,0.004677946946295887,11,224,sigmoid
0,logistic,5,0.002329361814158247,12,224,sigmoid
0,logistic,5,0.001134255849205106,13,224,sigmoid
0,logistic,5,0.0012763220808772924,14,224,sigmoid
0,logistic,5,0.0026348959639356413,15,224,sigmoid
0,logistic,5,0.07103688014913885,1,226,sigmoid
0,logistic,5,0.04169742461705991,2,226,sigmoid
0,logistic,5,0.024170576476955474,3,226,sigmoid
0,logistic,5,0.013900313579363622,4,226,sigmoid
0,logistic,5,0.008008228845329023,5,226,sigmoid
0,logistic,5,0.004598125105618284,6,226,sigmoid
0,logistic,5,0.0026355683471978274,7,226,sigmoid
0,logistic,5,0.001507545342872579,8,226,sigmoid
0,logistic,5,0.0008559470760461248,9,226,sigmoid
0,logistic,5,0.00048644482888144167,10,226,sigmoid
0,logistic,5,0.0002778567053128414,11,226,sigmoid
0,logistic,5,0.00015828297553148617,12,226,sigmoid
0,logistic,5,9.0147912732767e-05,13,226,sigmoid
0,logistic,5,5.1371145807699654e-05,14,226,sigmoid
0,logistic,5,2.9198699043575386e-05,15,226,sigmoid
0,logistic,5,0.07045119553422187,1,233,sigmoid
0,logistic,5,0.04087392414779913,2,233,sigmoid
0,logistic,5,0.02343919187805556,3,233,sigmoid
0,logistic,5,0.013357482417910602,4,233,sigmoid
0,logistic,5,0.00756565616579139,5,233,sigmoid
0,logistic,5,0.004274749837395001,6,233,sigmoid
0,logistic,5,0.002416981708509792,7,233,sigmoid
0,logistic,5,0.0013644577734958415,8,233,sigmoid
0,logistic,5,0.0007707032975743203,9,233,sigmoid
0,logistic,5,0.0004347028484777066,10,233,sigmoid
0,logistic,5,0.0002447592934204016,11,233,sigmoid
0,logistic,5,0.0001381387326628694,12,233,sigmoid
0,logistic,5,7.77025367297041e-05,13,233,sigmoid
0,logistic,5,4.381829852211499e-05,14,233,sigmoid
0,logistic,5,2.4659768847033e-05,15,233,sigmoid
1,logistic,5,0.06990118637282329,1,240,sigmoid
1,logistic,5,0.46857326239584957,2,240,sigmoid
1,logistic,5,0.5603124029445793,3,240,sigmoid
1,logistic,5,0.6592227950208007,4,240,sigmoid
1,logistic,5,0.6380358928594939,5,240,sigmoid
0,logistic,5,0.3352547251215345,6,240,sigmoid
0,logistic,5,0.20987911876548418,7,240,sigmoid
0,logistic,5,0.07607410837104144,8,240,sigmoid
0,logistic,5,0.03649213734564402,9,240,sigmoid
0,logistic,5,0.03889722638424266,10,240,sigmoid
0,logistic,5,0.04798900000807773,11,240,sigmoid
0,logistic,5,0.02750933097023199,12,240,sigmoid
0,logistic,5,0.009506745590606297,13,240,sigmoid
0,logistic,5,0.0033446351811208357,14,240,sigmoid
0,logistic,5,0.00515168432446335,15,240,sigmoid
0,logistic,5,0.06968644684638546,1,244,sigmoid
0,logistic,5,0.03974714388730129,2,244,sigmoid
0,logistic,5,0.022297395548593456,3,244,sigmoid
0,logistic,5,0.012554081081647439,4,244,sigmoid
0,logistic,5,0.006939189102417615,5,244,sigmoid
0,logistic,5,0.0038898269069921002,6,244,sigmoid
0,logistic,5,0.0021332522315681136,7,244,sigmoid
0,logistic,5,0.0011784902706020368,8,244,sigmoid
0,logistic,5,0.0006457187005667761,9,244,sigmoid
0,logistic,5,0.0003572241157174785,10,244,sigmoid
0,logistic,5,0.00019713463217954378,11,244,sigmoid
0,logistic,5,0.00010797186337636236,12,244,sigmoid
0,logistic,5,6.0358320035583274e-05,13,244,sigmoid
0,logistic,5,3.340759921873646e-05,14,244,sigmoid
0,logistic,5,1.8365626382909718e-05,15,244,sigmoid
1,logistic,5,0.06855030821038367,1,245,sigmoid
1,logistic,5,0.4589151454227066,2,245,sigmoid
1,logistic,5,0.5446040190337202,3,245,sigmoid
1,logistic,5,0.6359255453223424,4,245,sigmoid
1,logistic,5,0.6072510146281435,5,245,sigmoid
1,logistic,5,0.5615088457012841,6,245,sigmoid
1,logistic,5,0.5032701538537993,7,245,sigmoid
1,logistic,5,0.4382110178467918,8,245,sigmoid
1,logistic,5,0.37270736671765625,9,245,sigmoid
1,logistic,5,0.3056782343403742,10,245,sigmoid
0,logistic,5,0.11188220015408426,11,245,sigmoid
0,logistic,5,0.09637642358474344,12,245,sigmoid
0,logistic,5,0.11522004638822184,13,245,sigmoid
0,logistic,5,0.14254761523043713,14,245,sigmoid
0,logistic,5,0.1125712303326367,15,245,sigmoid
0,logistic,5,0.07026973972735988,1,247,sigmoid
0,logistic,5,0.04075279250921922,2,247,sigmoid
0,logistic,5,0.023249447282955586,3,247,sigmoid
0,logistic,5,0.013222464400406161,4,247,sigmoid
0,logistic,5,0.007499451548468697,5,247,sigmoid
0,logistic,5,0.004208728967627957,6,247,sigmoid
0,logistic,5,0.0023643093262762744,7,247,sigmoid
0,logistic,5,0.0013317087154641697,8,247,sigmoid
0,logistic,5,0.0007496725446498305,9,247,sigmoid
0,logistic,5,0.00042045352993340927,10,247,sigmoid
0,logistic,5,0.00023580222343129938,11,247,sigmoid
0,logistic,5,0.00013262941479438785,12,247,sigmoid
0,logistic,5,7.437688701044819e-05,13,247,sigmoid
0,logistic,5,4.1824404888081367e-05,14,247,sigmoid
0,logistic,5,2.352132009761553e-05,15,247,sigmoid
0,logistic,5,0.06990812363348638,1,250,sigmoid
0,logistic,5,0.04032327453913768,2,250,sigmoid
0,logistic,5,0.022940120473657122,3,250,sigmoid
0,logistic,5,0.012901988158523238,4,250,sigmoid
0,logistic,5,0.007241101030141224,5,250,sigmoid
0,logistic,5,0.004059393113751197,6,250,sigmoid
0,logistic,5,0.00228051082491113,7,250,sigmoid
0,logistic,5,0.0012761394783905226,8,250,sigmoid
0,logistic,5,0.0007147058033375152,9,250,sigmoid
0,logistic,5,0.0004015208895533701,10,250,sigmoid
0,logistic,5,0.0002236741401294642,11,250,sigmoid
0,logistic,5,0.00012467149828569656,12,250,sigmoid
0,logistic,5,7.001098026376276e-05,13,250,sigmoid
0,logistic,5,3.90700577481116e-05,14,250,sigmoid
0,logistic,5,2.1904415786317586e-05,15,250,sigmoid
0,logistic,5,0.06965532574916214,1,252,sigmoid
0,logistic,5,0.04047010625135967,2,252,sigmoid
0,logistic,5,0.023188949626250805,3,252,sigmoid
0,logistic,5,0.013138503428599357,4,252,sigmoid
0,logistic,5,0.007346553262223045,5,252,sigmoid
0,logistic,5,0.0041239574136602815,6,252,sigmoid
0,logistic,5,0.0023310725430056587,7,252,sigmoid
0,logistic,5,0.0013117102747597946,8,252,sigmoid
0,logistic,5,0.0007405368738315668,9,252,sigmoid
0,logistic,5,0.0004118214674871298,10,252,sigmoid
0,logistic,5,0.00023325046181979682,11,252,sigmoid
0,logistic,5,0.00013181128552419922,12,252,sigmoid
0,logistic,5,7.420251640433309e-05,13,252,sigmoid
0,logistic,5,4.146450983004238e-05,14,252,sigmoid
0,logistic,5,2.3336340283275006e-05,15,252,sigmoid
0,logistic,5,0.07030111459338698,1,258,sigmoid
0,logistic,5,0.0410373688992127,2,258,sigmoid
0,logistic,5,0.023529726641017285,3,258,sigmoid
0,logistic,5,0.013380704168283634,4,258,sigmoid
0,logistic,5,0.007537269043834203,5,258,sigmoid
0,logistic,5,0.004255039454571166,6,258,sigmoid
0,logistic,5,0.002389228879650575,7,258,sigmoid
0,logistic,5,0.0013482712242065553,8,258,sigmoid
0,logistic,5,0.00075908267686096,9,258,sigmoid
0,logistic,5,0.0004273934821779415,10,258,sigmoid
0,logistic,5,0.0002404377171338088,11,258,sigmoid
0,logistic,5,0.00013598928546141713,12,258,sigmoid
0,logistic,5,7.635072364206016e-05,13,258,sigmoid
0,logistic,5,4.290004862108937e-05,14,258,sigmoid
0,logistic,5,2.414556869183963e-05,15,258,sigmoid
0,logistic,5,0.07116372332570725,1,262,sigmoid
0,logistic,5,0.041938979047622706,2,262,sigmoid
0,logistic,5,0.024347366421958238,3,262,sigmoid
0,logistic,5,0.01406802969548616,4,262,sigmoid
0,logistic,5,0.008072050954357687,5,262,sigmoid
0,logistic,5,0.004618191025049872,6,262,sigmoid
0,logistic,5,0.0026393573728365027,7,262,sigmoid
0,logistic,5,0.001506421499025703,8,262,sigmoid
0,logistic,5,0.0008591009676936643,9,262,sigmoid
0,logistic,5,0.0004902466385781457,10,262,sigmoid
0,logistic,5,0.00027949160662010694,11,262,sigmoid
0,logistic,5,0.00015932486163545927,12,262,sigmoid
0,logistic,5,9.086728579167845e-05,13,262,sigmoid
0,logistic,5,5.179491284229179e-05,14,262,sigmoid
0,logistic,5,2.9537101524708374e-05,15,262,sigmoid
1,logistic,5,0.07026276929295884,1,266,sigmoid
1,logistic,5,0.040980721194767776,2,266,sigmoid
1,logistic,5,0.1862736064055472,3,266,sigmoid
1,logistic,5,0.45464351445727447,4,266,sigmoid
0,logistic,5,0.16472055053918855,5,266,sigmoid
1,logistic,5,0.3505240361352836,6,266,sigmoid
0,logistic,5,0.16313359469889488,7,266,sigmoid
0,logistic,5,0.10259270180186791,8,266,sigmoid
0,logistic,5,0.1216241498622677,9,266,sigmoid
1,logistic,5,0.14113727658285105,10,266,sigmoid
1,logistic,5,0.07136519470077517,11,266,sigmoid
1,logistic,5,0.1068000459107642,12,266,sigmoid
0,logistic,5,0.05565654367276863,13,266,sigmoid
0,logistic,5,0.026622337247018197,14,266,sigmoid
0,logistic,5,0.013755410592580663,15,266,sigmoid
0,logistic,5,0.07051410799367035,1,278,sigmoid
0,logistic,5,0.040980721194767776,2,278,sigmoid
0,logistic,5,0.02363906515451656,3,278,sigmoid
0,logistic,5,0.013493150137615149,4,278,sigmoid
0,logistic,5,0.00768230270636421,5,278,sigmoid
0,logistic,5,0.004340879439137509,6,278,sigmoid
0,logistic,5,0.002456402899637573,7,278,sigmoid
0,logistic,5,0.0013960759739582494,8,278,sigmoid
0,logistic,5,0.0007935916566049889,9,278,sigmoid
0,logistic,5,0.0004489318594001927,10,278,sigmoid
0,logistic,5,0.00025347452646350496,11,278,sigmoid
0,logistic,5,0.00014338653626597112,12,278,sigmoid
0,logistic,5,8.106436507834896e-05,13,278,sigmoid
0,logistic,5,4.579472752248896e-05,14,278,sigmoid
0,logistic,5,2.5984675158787904e-05,15,278,sigmoid
1,logistic,5,0.07032552621905991,1,279,sigmoid
1,logistic,5,0.0409660469762826,2,279,sigmoid
1,logistic,5,0.02344651985131894,3,279,sigmoid
1,logistic,5,0.08453553607644015,4,279,sigmoid
1,logistic,5,0.23059594511273843,5,279,sigmoid
1,logistic,5,0.3916330450860629,6,279,sigmoid
0,logistic,5,0.11833096972713582,7,279,sigmoid
0,logistic,5,0.1560748318947364,8,279,sigmoid
0,logistic,5,0.09705238221791375,9,279,sigmoid
0,logistic,5,0.048483980331319516,10,279,sigmoid
0,logistic,5,0.01750381482902783,11,279,sigmoid
0,logistic,5,0.008878997377302827,12,279,sigmoid
0,logistic,5,0.004427623035378849,13,279,sigmoid
0,logistic,5,0.006929876304718064,14,279,sigmoid
0,logistic,5,0.003743813304860769,15,279,sigmoid
0,logistic,5,0.06943094377530797,1,295,sigmoid
0,logistic,5,0.4686131161092274,2,295,sigmoid
0,logistic,5,0.26719395425414566,3,295,sigmoid
0,logistic,5,0.11572886459332402,4,295,sigmoid
0,logistic,5,0.17126563338489614,5,295,sigmoid
0,logistic,5,0.0899251313326533,6,295,sigmoid
0,logistic,5,0.0420270108632563,7,295,sigmoid
0,logistic,5,0.01452081541827451,8,295,sigmoid
0,logistic,5,0.016051560649530634,9,295,sigmoid
0,logistic,5,0.03311024193790869,10,295,sigmoid
0,logistic,5,0.0558781464597688,11,295,sigmoid
0,logistic,5,0.04334486600799878,12,295,sigmoid
0,logistic,5,0.03479759262797671,13,295,sigmoid
0,logistic,5,0.03744010068108621,14,295,sigmoid
0,logistic,5,0.028431940690635954,15,295,sigmoid
1,logistic,5,0.068878044288889,1,298,sigmoid
1,logistic,5,0.04765433687513601,2,298,sigmoid
1,logistic,5,0.3688712191023662,3,298,sigmoid
0,logistic,5,0.1461591188819972,4,298,sigmoid
0,logistic,5,0.12403224167227149,5,298,sigmoid
1,logistic,5,0.26910046028770085,6,298,sigmoid
0,logistic,5,0.14743037828835026,7,298,sigmoid
0,logistic,5,0.07255426678582413,8,298,sigmoid
0,logistic,5,0.03699341759695185,9,298,sigmoid
0,logistic,5,0.017201788092654484,10,298,sigmoid
0,logistic,5,0.007973915556564458,11,298,sigmoid
0,logistic,5,0.0037959972826199888,12,298,sigmoid
0,logistic,5,0.006435154445855217,13,298,sigmoid
0,logistic,5,0.003405011237469498,14,298,sigmoid
0,logistic,5,0.001671832837312611,15,298,sigmoid
1,logistic,5,0.07028019657754105,1,306,sigmoid
1,logistic,5,0.4693836993295407,2,306,sigmoid
1,logistic,5,0.2664321053336992,3,306,sigmoid
1,logistic,5,0.2809612011817272,4,306,sigmoid
1,logistic,5,0.3059691325679532,5,306,sigmoid
1,logistic,5,0.5073925544670504,6,306,sigmoid
1,logistic,5,0.4279796878746987,7,306,sigmoid
1,logistic,5,0.3781116333737438,8,306,sigmoid
0,logistic,5,0.17654541708624463,9,306,sigmoid
0,logistic,5,0.1610341164963743,10,306,sigmoid
0,logistic,5,0.14743348306709397,11,306,sigmoid
0,logistic,5,0.07817060921580302,12,306,sigmoid
0,logistic,5,0.05595150968316721,13,306,sigmoid
0,logistic,5,0.043185946509362166,14,306,sigmoid
0,logistic,5,0.05286447975773358,15,306,sigmoid
0,logistic,5,0.07081891737077485,1,310,sigmoid
0,logistic,5,0.04141058633990777,2,310,sigmoid
0,logistic,5,0.023899023530045423,3,310,sigmoid
0,logistic,5,0.013661052597398055,4,310,sigmoid
0,logistic,5,0.0077755861508382535,5,310,sigmoid
0,logistic,5,0.004416464097877785,6,310,sigmoid
0,logistic,5,0.0025055156290083383,7,310,sigmoid
0,logistic,5,0.00142083641918062,8,310,sigmoid
0,logistic,5,0.0008065566160388195,9,310,sigmoid
0,logistic,5,0.00045614702494446203,10,310,sigmoid
0,logistic,5,0.0002585124846572845,11,310,sigmoid
0,logistic,5,0.00014644751250118807,12,310,sigmoid
0,logistic,5,8.261853741544563e-05,13,310,sigmoid
0,logistic,5,4.67649533872201e-05,14,310,sigmoid
0,logistic,5,2.6443354701925784e-05,15,310,sigmoid
0,logistic,5,0.06911106795138151,1,316,sigmoid
0,logistic,5,0.0402407773352133,2,316,sigmoid
0,logistic,5,0.02312257970620594,3,316,sigmoid
0,logistic,5,0.013191872065068817,4,316,sigmoid
0,logistic,5,0.007414951156468074,5,316,sigmoid
0,logistic,5,0.0042002412507478855,6,316,sigmoid
0,logistic,5,0.002379204443972419,7,316,sigmoid
0,logistic,5,0.0013240680444281728,8,316,sigmoid
0,logistic,5,0.0007335430927464251,9,316,sigmoid
0,logistic,5,0.0004092163650456756,10,316,sigmoid
0,logistic,5,0.00023141648104076486,11,316,sigmoid
0,logistic,5,0.00012759136705895623,12,316,sigmoid
0,logistic,5,7.117457759491681e-05,13,316,sigmoid
0,logistic,5,3.976183140642475e-05,14,316,sigmoid
0,logistic,5,2.175186962520807e-05,15,316,sigmoid
0,logistic,5,0.06851625223653293,1,323,sigmoid
0,logistic,5,0.039990158457750814,2,323,sigmoid
0,logistic,5,0.022700999734278148,3,323,sigmoid
0,logistic,5,0.012888406723277315,4,323,sigmoid
0,logistic,5,0.007322471408244314,5,323,sigmoid
0,logistic,5,0.004132950295656268,6,323,sigmoid
0,logistic,5,0.002324258649411686,7,323,sigmoid
0,logistic,5,0.001297668828946354,8,323,sigmoid
0,logistic,5,0.0027683040186224504,9,323,sigmoid
0,logistic,5,0.006243676792679994,10,323,sigmoid
0,logistic,5,0.0036154775369383464,11,323,sigmoid
0,logistic,5,0.0013346490292878118,12,323,sigmoid
0,logistic,5,0.0004875178701246134,13,323,sigmoid
0,logistic,5,0.0002509508757333688,14,323,sigmoid
0,logistic,5,0.00013430678480728592,15,323,sigmoid
1,logistic,5,0.06920379431802169,1,324,sigmoid
1,logistic,5,0.4612475251681706,2,324,sigmoid
1,logistic,5,0.5506701447640947,3,324,sigmoid
1,logistic,5,0.641575811039506,4,324,sigmoid
0,logistic,5,0.3941327216175152,5,324,sigmoid
0,logistic,5,0.1856622729434004,6,324,sigmoid
0,logistic,5,0.06382512035830104,7,324,sigmoid
0,logistic,5,0.06721509067885907,8,324,sigmoid
0,logistic,5,0.03873809473759348,9,324,sigmoid
0,logistic,5,0.06091942430062345,10,324,sigmoid
0,logistic,5,0.038267905327974305,11,324,sigmoid
0,logistic,5,0.04728513224746052,12,324,sigmoid
0,logistic,5,0.015626254321062925,13,324,sigmoid
0,logistic,5,0.006286234937616768,14,324,sigmoid
0,logistic,5,0.0030119612521098257,15,324,sigmoid
0,logistic,5,0.07045818324489231,1,325,sigmoid
0,logistic,5,0.04098491475273802,2,325,sigmoid
0,logistic,5,0.02351012268493807,3,325,sigmoid
0,logistic,5,0.013391272669723975,4,325,sigmoid
0,logistic,5,0.007593345300708333,5,325,sigmoid
0,logistic,5,0.004304600323612479,6,325,sigmoid
0,logistic,5,0.0024324667456955104,7,325,sigmoid
0,logistic,5,0.0013712349590727306,8,325,sigmoid
0,logistic,5,0.0007733784111964438,9,325,sigmoid
0,logistic,5,0.0004363983421585792,10,325,sigmoid
0,logistic,5,0.00024600260904584636,11,325,sigmoid
0,logistic,5,0.00013881830183015364,12,325,sigmoid
0,logistic,5,7.834349769760655e-05,13,325,sigmoid
0,logistic,5,4.42599689283781e-05,14,325,sigmoid
0,logistic,5,2.4953554034263986e-05,15,325,sigmoid
0,logistic,5,0.06907332352832347,1,330,sigmoid
0,logistic,5,0.040304698553598,2,330,sigmoid
0,logistic,5,0.023097287419678737,3,330,sigmoid
0,logistic,5,0.013130205447436271,4,330,sigmoid
0,logistic,5,0.0073843875099204506,5,330,sigmoid
0,logistic,5,0.004205153112404069,6,330,sigmoid
0,logistic,5,0.0023804710367444377,7,330,sigmoid
0,logistic,5,0.0013491334790985486,8,330,sigmoid
0,logistic,5,0.0007535189274787778,9,330,sigmoid
0,logistic,5,0.00042620998209723517,10,330,sigmoid
0,logistic,5,0.00023882731245670729,11,330,sigmoid
0,logistic,5,0.0001343812528611859,12,330,sigmoid
0,logistic,5,7.587567746228789e-05,13,330,sigmoid
0,logistic,5,4.2492344755906954e-05,14,330,sigmoid
0,logistic,5,2.399917028543969e-05,15,330,sigmoid
0,logistic,5,0.07091727556734419,1,338,sigmoid
0,logistic,5,0.04146780255427851,2,338,sigmoid
0,logistic,5,0.023942620220586422,3,338,sigmoid
0,logistic,5,0.013717957846762267,4,338,sigmoid
0,logistic,5,0.007838813488061577,5,338,sigmoid
0,logistic,5,0.004461020544192722,6,338,sigmoid
0,logistic,5,0.0025350204507680932,7,338,sigmoid
0,logistic,5,0.0014402694332776697,8,338,sigmoid
0,logistic,5,0.0008179436333049367,9,338,sigmoid
0,logistic,5,0.0004647898196450048,10,338,sigmoid
0,logistic,5,0.0002632711554619628,11,338,sigmoid
0,logistic,5,0.00015007730757120568,12,338,sigmoid
0,logistic,5,8.210449675910961e-05,13,338,sigmoid
0,logistic,5,4.665780266366744e-05,14,338,sigmoid
0,logistic,5,2.651964142472875e-05,15,338,sigmoid
0,logistic,5,0.07122722331230517,1,349,sigmoid
0,logistic,5,0.041945410196580976,2,349,sigmoid
0,logistic,5,0.19066330467480277,3,349,sigmoid
0,logistic,5,0.3003696702090313,4,349,sigmoid
0,logistic,5,0.202989252589571,5,349,sigmoid
0,logistic,5,0.0707090956768447,6,349,sigmoid
0,logistic,5,0.09246748627702943,7,349,sigmoid
0,logistic,5,0.10903325706485109,8,349,sigmoid
0,logistic,5,0.06548890524952045,9,349,sigmoid
0,logistic,5,0.02283889166698476,10,349,sigmoid
0,logistic,5,0.007950274148961416,11,349,sigmoid
0,logistic,5,0.003915036080666216,12,349,sigmoid
0,logistic,5,0.006252903993547837,13,349,sigmoid
0,logistic,5,0.003397424490771178,14,349,sigmoid
0,logistic,5,0.003571225865537278,15,349,sigmoid
0,logistic,5,0.07085051875431088,1,350,sigmoid
0,logistic,5,0.04159096730737177,2,350,sigmoid
0,logistic,5,0.024097702232853437,3,350,sigmoid
0,logistic,5,0.013810655311126616,4,350,sigmoid
0,logistic,5,0.007879996827204867,5,350,sigmoid
0,logistic,5,0.0044686086673112356,6,350,sigmoid
0,logistic,5,0.002548003650698382,7,350,sigmoid
0,logistic,5,0.0014515923598888705,8,350,sigmoid
0,logistic,5,0.0008231485818603473,9,350,sigmoid
0,logistic,5,0.0004685973429600311,10,350,sigmoid
0,logistic,5,0.00026462259497922556,11,350,sigmoid
0,logistic,5,0.00015061461799018892,12,350,sigmoid
0,logistic,5,8.536937892906291e-05,13,350,sigmoid
0,logistic,5,4.858314299963491e-05,14,350,sigmoid
0,logistic,5,2.7431935262260564e-05,15,350,sigmoid
0,logistic,5,0.07075575366317591,1,353,sigmoid
0,logistic,5,0.04136402157652977,2,353,sigmoid
0,logistic,5,0.02378231821409385,3,353,sigmoid
0,logistic,5,0.013151652482119138,4,353,sigmoid
0,logistic,5,0.007485169961045531,5,353,sigmoid
0,logistic,5,0.00426680946653414,6,353,sigmoid
0,logistic,5,0.0024198132517269403,7,353,sigmoid
0,logistic,5,0.0013667131105348904,8,353,sigmoid
0,logistic,5,0.0007725131307110875,9,353,sigmoid
0,logistic,5,0.0004374934577063841,10,353,sigmoid
0,logistic,5,0.00024791248572768847,11,353,sigmoid
0,logistic,5,0.0001403221492675901,12,353,sigmoid
0,logistic,5,7.926410959048479e-05,13,353,sigmoid
0,logistic,5,4.4870952902384104e-05,14,353,sigmoid
0,logistic,5,2.5357482030129324e-05,15,353,sigmoid
0,logistic,5,0.07089267419532376,1,358,sigmoid
0,logistic,5,0.4744490953274736,2,358,sigmoid
0,logistic,5,0.2768704324120564,3,358,sigmoid
0,logistic,5,0.45481547663214983,4,358,sigmoid
0,logistic,5,0.21612739032476286,5,358,sigmoid
0,logistic,5,0.3511801600247532,6,358,sigmoid
0,logistic,5,0.19120758669258736,7,358,sigmoid
0,logistic,5,0.07130380450879194,8,358,sigmoid
0,logistic,5,0.03534299008936344,9,358,sigmoid
0,logistic,5,0.056518254721155486,10,358,sigmoid
0,logistic,5,0.0301274197728734,11,358,sigmoid
0,logistic,5,0.046171685467374574,12,358,sigmoid
0,logistic,5,0.01769916798154017,13,358,sigmoid
0,logistic,5,0.008592990741779041,14,358,sigmoid
0,logistic,5,0.0031198908134358063,15,358,sigmoid
0,logistic,5,0.07022792670778079,1,364,sigmoid
0,logistic,5,0.04039766052993118,2,364,sigmoid
0,logistic,5,0.02302637260495735,3,364,sigmoid
0,logistic,5,0.013096375659376406,4,364,sigmoid
0,logistic,5,0.007382823518488883,5,364,sigmoid
0,logistic,5,0.004109958678858714,6,364,sigmoid
0,logistic,5,0.0023136440037555537,7,364,sigmoid
0,logistic,5,0.001303420073692257,8,364,sigmoid
0,logistic,5,0.0007216739888896114,9,364,sigmoid
0,logistic,5,0.0004049830644209441,10,364,sigmoid
0,logistic,5,0.00022668871761613907,11,364,sigmoid
0,logistic,5,0.00012402147479823177,12,364,sigmoid
0,logistic,5,6.979842346586102e-05,13,364,sigmoid
0,logistic,5,3.9051303925831506e-05,14,364,sigmoid
0,logistic,5,2.1870554089563534e-05,15,364,sigmoid
0,logistic,5,0.06989424974883954,1,365,sigmoid
0,logistic,5,0.04021605972214288,2,365,sigmoid
0,logistic,5,0.0229508847122365,3,365,sigmoid
0,logistic,5,0.08140628403609544,4,365,sigmoid
0,logistic,5,0.2191599960079477,5,365,sigmoid
0,logistic,5,0.11832027388143516,6,365,sigmoid
0,logistic,5,0.04038944455874277,7,365,sigmoid
0,logistic,5,0.013794248948854225,8,365,sigmoid
0,logistic,5,0.006727397596017443,9,365,sigmoid
0,logistic,5,0.007422991303872343,10,365,sigmoid
0,logistic,5,0.009795659974815754,11,365,sigmoid
0,logistic,5,0.005704583596503597,12,365,sigmoid
0,logistic,5,0.001982295100725252,13,365,sigmoid
0,logistic,5,0.0007119893067961997,14,365,sigmoid
0,logistic,5,0.00036147652571367095,15,365,sigmoid
0,logistic,5,0.0703325024083077,1,366,sigmoid
0,logistic,5,0.04062576632755554,2,366,sigmoid
0,logistic,5,0.02326398963153922,3,366,sigmoid
0,logistic,5,0.01321759276020553,4,366,sigmoid
0,logistic,5,0.007530487826841307,5,366,sigmoid
0,logistic,5,0.004290674745664761,6,366,sigmoid
0,logistic,5,0.0024220035286925045,7,366,sigmoid
0,logistic,5,0.0013765782261313828,8,366,sigmoid
0,logistic,5,0.0007810847232648097,9,366,sigmoid
0,logistic,5,0.00043987955014544917,10,366,sigmoid
0,logistic,5,0.00024741053759103955,11,366,sigmoid
0,logistic,5,0.00013901837432275392,12,366,sigmoid
0,logistic,5,7.874993084881418e-05,13,366,sigmoid
0,logistic,5,4.4741878935938616e-05,14,366,sigmoid
0,logistic,5,2.5361540623774104e-05,15,366,sigmoid
0,logistic,5,0.07109322909640738,1,374,sigmoid
0,logistic,5,0.04174648245591548,2,374,sigmoid
0,logistic,5,0.024233571565537817,3,374,sigmoid
0,logistic,5,0.013958935646641078,4,374,sigmoid
0,logistic,5,0.00800356830471572,5,374,sigmoid
0,logistic,5,0.004569159310382748,6,374,sigmoid
0,logistic,5,0.002605728084395474,7,374,sigmoid
0,logistic,5,0.0014869683032437734,8,374,sigmoid
0,logistic,5,0.0008473672720613094,9,374,sigmoid
0,logistic,5,0.0004822351472575595,10,374,sigmoid
0,logistic,5,0.00027499659915009294,11,374,sigmoid
0,logistic,5,0.000156695288984344,12,374,sigmoid
0,logistic,5,8.916746918203689e-05,13,374,sigmoid
0,logistic,5,5.059332636019662e-05,14,374,sigmoid
0,logistic,5,2.8807256188509816e-05,15,374,sigmoid
0,logistic,5,0.06936548163670862,1,382,sigmoid
0,logistic,5,0.4686529702230059,2,382,sigmoid
0,logistic,5,0.27040248011786744,3,382,sigmoid
0,logistic,5,0.11782522976947943,4,382,sigmoid
0,logistic,5,0.039141199744685946,5,382,sigmoid
0,logistic,5,0.018588059822123405,6,382,sigmoid
0,logistic,5,0.009118790112601255,7,382,sigmoid
0,logistic,5,0.004634082284466959,8,382,sigmoid
0,logistic,5,0.002381200974833847,9,382,sigmoid
0,logistic,5,0.0012464444506821147,10,382,sigmoid
0,logistic,5,0.0006656682302084831,11,382,sigmoid
0,logistic,5,0.0003563322865683534,12,382,sigmoid
0,logistic,5,0.00019216917839893647,13,382,sigmoid
0,logistic,5,0.0001043989418248411,14,382,sigmoid
0,logistic,5,5.6467777094268694e-05,15,382,sigmoid
1,logistic,5,0.07013045242971165,1,389,sigmoid
1,logistic,5,0.4722680089572349,2,389,sigmoid
1,logistic,5,0.2738790970893667,3,389,sigmoid
1,logistic,5,0.29295642306341696,4,389,sigmoid
1,logistic,5,0.46839248744795564,5,389,sigmoid
0,logistic,5,0.2362056918132242,6,389,sigmoid
0,logistic,5,0.10751174016966403,7,389,sigmoid
0,logistic,5,0.11335994672465062,8,389,sigmoid
0,logistic,5,0.14294231301829333,9,389,sigmoid
0,logistic,5,0.16729051175432605,10,389,sigmoid
0,logistic,5,0.07259566485551401,11,389,sigmoid
0,logistic,5,0.07775995094930044,12,389,sigmoid
0,logistic,5,0.08619954119659333,13,389,sigmoid
0,logistic,5,0.04466780386017779,14,389,sigmoid
0,logistic,5,0.031549952501816005,15,389,sigmoid
0,logistic,5,0.07036041356246862,1,396,sigmoid
0,logistic,5,0.03975732603302154,2,396,sigmoid
0,logistic,5,0.022722313905987123,3,396,sigmoid
0,logistic,5,0.012604442141740476,4,396,sigmoid
0,logistic,5,0.00719979969042759,5,396,sigmoid
0,logistic,5,0.019398923575021248,6,396,sigmoid
0,logistic,5,0.030531571440499332,7,396,sigmoid
0,logistic,5,0.019205137067832136,8,396,sigmoid
0,logistic,5,0.00684161456237671,9,396,sigmoid
0,logistic,5,0.002455844544254244,10,396,sigmoid
0,logistic,5,0.0012553248492702853,11,396,sigmoid
0,logistic,5,0.0014277364279704145,12,396,sigmoid
0,logistic,5,0.000880968364068338,13,396,sigmoid
0,logistic,5,0.00045790719649854114,14,396,sigmoid
0,logistic,5,0.00036060429621746434,15,396,sigmoid
0,logistic,5,0.07076978554326019,1,405,sigmoid
0,logistic,5,0.041595220603367324,2,405,sigmoid
0,logistic,5,0.024213395737352476,3,405,sigmoid
0,logistic,5,0.013817196292860632,4,405,sigmoid
0,logistic,5,0.007821820356084648,5,405,sigmoid
0,logistic,5,0.0044423422451184726,6,405,sigmoid
0,logistic,5,0.0025451579201152853,7,405,sigmoid
0,logistic,5,0.0014387357303920982,8,405,sigmoid
0,logistic,5,0.000813074902426645,9,405,sigmoid
0,logistic,5,0.00046323101834256096,10,405,sigmoid
0,logistic,5,0.0002623740313244974,11,405,sigmoid
0,logistic,5,0.00015005329377562149,12,405,sigmoid
0,logistic,5,8.477941157031903e-05,13,405,sigmoid
0,logistic,5,4.774809171987159e-05,14,405,sigmoid
0,logistic,5,2.6990643501718648e-05,15,405,sigmoid
0,logistic,5,0.06965186864326392,1,409,sigmoid
0,logistic,5,0.0400208914181186,2,409,sigmoid
0,logistic,5,0.022748391106434535,3,409,sigmoid
0,logistic,5,0.01261241209933858,4,409,sigmoid
0,logistic,5,0.007049232119603533,5,409,sigmoid
0,logistic,5,0.003874354368905647,6,409,sigmoid
0,logistic,5,0.0021751073982266495,7,409,sigmoid
0,logistic,5,0.0012198925020305196,8,409,sigmoid
0,logistic,5,0.0006782882119627682,9,409,sigmoid
0,logistic,5,0.00037484764882873844,10,409,sigmoid
0,logistic,5,0.00020833451561075558,11,409,sigmoid
0,logistic,5,0.00011674800947125985,12,409,sigmoid
0,logistic,5,6.431759496256373e-05,13,409,sigmoid
0,logistic,5,3.5789490253755106e-05,14,409,sigmoid
0,logistic,5,1.9696081345027003e-05,15,409,sigmoid
0,logistic,5,0.07050012296189721,1,414,sigmoid
0,logistic,5,0.04112984430723726,2,414,sigmoid
0,logistic,5,0.023577578141236254,3,414,sigmoid
0,logistic,5,0.013452732548426211,4,414,sigmoid
0,logistic,5,0.007642144620141,5,414,sigmoid
0,logistic,5,0.0042950074041214065,6,414,sigmoid
0,logistic,5,0.0024142819552198254,7,414,sigmoid
0,logistic,5,0.0013648940000904387,8,414,sigmoid
0,logistic,5,0.0007708676526365482,9,414,sigmoid
0,logistic,5,0.0004339848375718337,10,414,sigmoid
0,logistic,5,0.0002446157369888622,11,414,sigmoid
0,logistic,5,0.0001374478256790115,12,414,sigmoid
0,logistic,5,7.776473680526004e-05,13,414,sigmoid
0,logistic,5,4.3706239642387366e-05,14,414,sigmoid
0,logistic,5,2.449718072802303e-05,15,414,sigmoid
0,logistic,5,0.0701582894522646,1,420,sigmoid
0,logistic,5,0.040817492458121336,2,420,sigmoid
0,logistic,5,0.023324678385415125,3,420,sigmoid
0,logistic,5,0.013225248990126389,4,420,sigmoid
0,logistic,5,0.007458267234647652,5,420,sigmoid
0,logistic,5,0.004208728967627957,6,420,sigmoid
0,logistic,5,0.0023716189935923055,7,420,sigmoid
0,logistic,5,0.001335403245702379,8,420,sigmoid
0,logistic,5,0.0007489934619764165,9,420,sigmoid
0,logistic,5,0.0004207451071914393,10,420,sigmoid
0,logistic,5,0.00023645712423125989,11,420,sigmoid
0,logistic,5,0.00013257990128923665,12,420,sigmoid
0,logistic,5,7.440863474919187e-05,13,420,sigmoid
0,logistic,5,4.175752279592159e-05,14,420,sigmoid
0,logistic,5,2.3488717806118336e-05,15,420,sigmoid
0,logistic,5,0.06920379431802169,1,423,sigmoid
0,logistic,5,0.039245235091075636,2,423,sigmoid
0,logistic,5,0.1766400097627757,3,423,sigmoid
0,logistic,5,0.27394557366001665,4,423,sigmoid
0,logistic,5,0.5226173203279121,5,423,sigmoid
0,logistic,5,0.21302156988136628,6,423,sigmoid
0,logistic,5,0.09390531245872585,7,423,sigmoid
0,logistic,5,0.14739589018122293,8,423,sigmoid
0,logistic,5,0.17002718340294296,9,423,sigmoid
0,logistic,5,0.12786374048502022,10,423,sigmoid
0,logistic,5,0.05951606806299337,11,423,sigmoid
0,logistic,5,0.06436937415008429,12,423,sigmoid
0,logistic,5,0.033943656446971546,13,423,sigmoid
0,logistic,5,0.04975397174985535,14,423,sigmoid
0,logistic,5,0.0440202360874021,15,423,sigmoid
0,logistic,5,0.07062958236247965,1,424,sigmoid
0,logistic,5,0.041081480036780436,2,424,sigmoid
0,logistic,5,0.0235518001605238,3,424,sigmoid
0,logistic,5,0.013376479071817013,4,424,sigmoid
0,logistic,5,0.007593747330906773,5,424,sigmoid
0,logistic,5,0.004295463726762891,6,424,sigmoid
0,logistic,5,0.002422132430085808,7,424,sigmoid
0,logistic,5,0.0013616982364564986,8,424,sigmoid
0,logistic,5,0.0007706622142801125,9,424,sigmoid
0,logistic,5,0.00043551493316164715,10,424,sigmoid
0,logistic,5,0.0002458845509927971,11,424,sigmoid
0,logistic,5,0.000138256679206287,12,424,sigmoid
0,logistic,5,7.772741078807835e-05,13,424,sigmoid
0,logistic,5,4.396581191271113e-05,14,424,sigmoid
0,logistic,5,2.474674725288547e-05,15,424,sigmoid
0,logistic,5,0.07016176979829082,1,437,sigmoid
0,logistic,5,0.041146679432767334,2,437,sigmoid
0,logistic,5,0.023694537226727614,3,437,sigmoid
0,logistic,5,0.013479664317624318,4,437,sigmoid
0,logistic,5,0.007681082723759477,5,437,sigmoid
0,logistic,5,0.004358901460489893,6,437,sigmoid
0,logistic,5,0.0024403762070484966,7,437,sigmoid
0,logistic,5,0.0013784128876439452,8,437,sigmoid
0,logistic,5,0.0007810014529697063,9,437,sigmoid
0,logistic,5,0.00044178365131775847,10,437,sigmoid
0,logistic,5,0.00024848170763811574,11,437,sigmoid
0,logistic,5,0.00017413785534214235,12,437,sigmoid
0,logistic,5,9.893641126529216e-05,13,437,sigmoid
0,logistic,5,0.00021319322958463608,14,437,sigmoid
0,logistic,5,0.00011278826871695932,15,437,sigmoid
0,logistic,5,0.07093836873368484,1,443,sigmoid
0,logistic,5,0.041372484168998684,2,443,sigmoid
0,logistic,5,0.023967567436351207,3,443,sigmoid
0,logistic,5,0.013793227615777377,4,443,sigmoid
0,logistic,5,0.00791092045374673,5,443,sigmoid
0,logistic,5,0.004483823482825716,6,443,sigmoid
0,logistic,5,0.0025344809184510587,7,443,sigmoid
0,logistic,5,0.0014395790650512214,8,443,sigmoid
0,logistic,5,0.0008207388329556081,9,443,sigmoid
0,logistic,5,0.00046379949798647506,10,443,sigmoid
0,logistic,5,0.0002633975592523668,11,443,sigmoid
0,logistic,5,0.0001495738238376793,12,443,sigmoid
0,logistic,5,8.499223546183298e-05,13,443,sigmoid
0,logistic,5,4.837624675826986e-05,14,443,sigmoid
0,logistic,5,2.739975890734632e-05,15,443,sigmoid
0,logistic,5,0.07024186182467952,1,450,sigmoid
0,logistic,5,0.040565509892681366,2,450,sigmoid
0,logistic,5,0.023084049861224892,3,450,sigmoid
0,logistic,5,0.01304201477999756,4,450,sigmoid
0,logistic,5,0.0393346397715739,5,450,sigmoid
0,logistic,5,0.025155299221865497,6,450,sigmoid
0,logistic,5,0.01239315134236875,7,450,sigmoid
0,logistic,5,0.004497343277720909,8,450,sigmoid
0,logistic,5,0.0023201502907878513,9,450,sigmoid
0,logistic,5,0.0012121891586516292,10,450,sigmoid
0,logistic,5,0.0006425497781200897,11,450,sigmoid
0,logistic,5,0.0003443387010627878,12,450,sigmoid
0,logistic,5,0.0001812088227042957,13,450,sigmoid
0,logistic,5,0.00020508455822519121,14,450,sigmoid
0,logistic,5,0.00012865334675533506,15,450,sigmoid
0,logistic,5,0.07080838647010129,1,455,sigmoid
0,logistic,5,0.04148901293276295,2,455,sigmoid
0,logistic,5,0.02399753756602308,3,455,sigmoid
0,logistic,5,0.013740351556425778,4,455,sigmoid
0,logistic,5,0.007842963707391248,5,455,sigmoid
0,logistic,5,0.004467659449670436,6,455,sigmoid
0,logistic,5,0.002551802895559524,7,455,sigmoid
0,logistic,5,0.0014475768464770303,8,455,sigmoid
0,logistic,5,0.0008212202181801743,9,455,sigmoid
0,logistic,5,0.00046595614869572404,10,455,sigmoid
0,logistic,5,0.0002647355275078822,11,455,sigmoid
0,logistic,5,0.00015002128135762835,12,455,sigmoid
0,logistic,5,8.494237778108337e-05,13,455,sigmoid
0,logistic,5,4.805986113491705e-05,14,455,sigmoid
0,logistic,5,2.72859829067928e-05,15,455,sigmoid
0,logistic,5,0.07130137274984365,1,469,sigmoid
0,logistic,5,0.041936835540838026,2,469,sigmoid
0,logistic,5,0.024390491045572997,3,469,sigmoid
0,logistic,5,0.01408579964315789,4,469,sigmoid
0,logistic,5,0.008099435029515375,5,469,sigmoid
0,logistic,5,0.0046272736734502004,6,469,sigmoid
0,logistic,5,0.002636550165935929,7,469,sigmoid
0,logistic,5,0.001506983316342914,8,469,sigmoid
0,logistic,5,0.0008603382575196787,9,469,sigmoid
0,logistic,5,0.0004882899591721173,10,469,sigmoid
0,logistic,5,0.000278658095039356,11,469,sigmoid
0,logistic,5,0.00015911254241035702,12,469,sigmoid
0,logistic,5,9.094002315403254e-05,13,469,sigmoid
0,logistic,5,5.162664059108336e-05,14,469,sigmoid
0,logistic,5,2.943014656050287e-05,15,469,sigmoid
1,logistic,5,0.7877156537097965,1,470,sigmoid
1,logistic,5,0.7440511286114384,2,470,sigmoid
1,logistic,5,0.6948841400511208,3,470,sigmoid
1,logistic,5,0.08738300120883548,4,470,sigmoid
1,logistic,5,0.28082552619898776,5,470,sigmoid
1,logistic,5,0.3127871673542788,6,470,sigmoid
1,logistic,5,0.3455844421419574,7,470,sigmoid
1,logistic,5,0.27089884731141806,8,470,sigmoid
1,logistic,5,0.2073528976264301,9,470,sigmoid
1,logistic,5,0.15559520886215417,10,470,sigmoid
1,logistic,5,0.11684904089881258,11,470,sigmoid
1,logistic,5,0.11963411124190795,12,470,sigmoid
0,logistic,5,0.04265177102587452,13,470,sigmoid
0,logistic,5,0.021238224715303063,14,470,sigmoid
0,logistic,5,0.015494547015801207,15,470,sigmoid
0,logistic,5,0.06937236969738252,1,474,sigmoid
0,logistic,5,0.04025932509605159,2,474,sigmoid
0,logistic,5,0.02324702442109946,3,474,sigmoid
0,logistic,5,0.013184929006728607,4,474,sigmoid
0,logistic,5,0.007393386844560603,5,474,sigmoid
0,logistic,5,0.004120015477141033,6,474,sigmoid
0,logistic,5,0.0023027100012489284,7,474,sigmoid
0,logistic,5,0.0012732190961031063,8,474,sigmoid
0,logistic,5,0.0007118159488468159,9,474,sigmoid
0,logistic,5,0.0003993001979477567,10,474,sigmoid
0,logistic,5,0.00022485834032868603,11,474,sigmoid
0,logistic,5,0.0001245186364865397,12,474,sigmoid
0,logistic,5,6.912773088640201e-05,13,474,sigmoid
0,logistic,5,3.819625142030291e-05,14,474,sigmoid
0,logistic,5,2.133355484292281e-05,15,474,sigmoid
0,logistic,5,0.0708997023542489,1,476,sigmoid
0,logistic,5,0.04145296146243027,2,476,sigmoid
0,logistic,5,0.023938880323581203,3,476,sigmoid
0,logistic,5,0.013715070958563126,4,476,sigmoid
0,logistic,5,0.007818922744439644,5,476,sigmoid
0,logistic,5,0.004455811151924215,6,476,sigmoid
0,logistic,5,0.0025348855569495925,7,476,sigmoid
0,logistic,5,0.0014370505407796078,8,476,sigmoid
0,logistic,5,0.0008155491093326197,9,476,sigmoid
0,logistic,5,0.00046138211429399217,10,476,sigmoid
0,logistic,5,0.0002619825011745947,11,476,sigmoid
0,logistic,5,0.00014857191725763853,12,476,sigmoid
0,logistic,5,8.427889786468836e-05,13,476,sigmoid
0,logistic,5,4.775828152921967e-05,14,476,sigmoid
0,logistic,5,2.71205441881369e-05,15,476,sigmoid
0,logistic,5,0.07060157254132314,1,480,sigmoid
0,logistic,5,0.04032740364960244,2,480,sigmoid
0,logistic,5,0.023184116458218405,3,480,sigmoid
0,logistic,5,0.013226641501939399,4,480,sigmoid
0,logistic,5,0.007472102219235079,5,480,sigmoid
0,logistic,5,0.004234519672966588,6,480,sigmoid
0,logistic,5,0.002397636022272269,7,480,sigmoid
0,logistic,5,0.0013458311561617411,8,480,sigmoid
0,logistic,5,0.0007566989665269118,9,480,sigmoid
0,logistic,5,0.0004257556625215933,10,480,sigmoid
0,logistic,5,0.00023929908745924937,11,480,sigmoid
0,logistic,5,0.00013405192386831195,12,480,sigmoid
0,logistic,5,7.552435491860459e-05,13,480,sigmoid
0,logistic,5,4.243797592954202e-05,14,480,sigmoid
0,logistic,5,2.3991489741057398e-05,15,480,sigmoid
1,logistic,5,0.06922785327911812,1,481,sigmoid
1,logistic,5,0.4631173092505631,2,481,sigmoid
1,logistic,5,0.4957137905249079,3,481,sigmoid
1,logistic,5,0.5422451743540905,4,481,sigmoid
0,logistic,5,0.19072048307450487,5,481,sigmoid
0,logistic,5,0.15802827472304612,6,481,sigmoid
0,logistic,5,0.07437233303071289,7,481,sigmoid
0,logistic,5,0.04935699302724309,8,481,sigmoid
0,logistic,5,0.03514557081215537,9,481,sigmoid
0,logistic,5,0.07680595822487025,10,481,sigmoid
0,logistic,5,0.06727732011800658,11,481,sigmoid
0,logistic,5,0.05491153621010292,12,481,sigmoid
0,logistic,5,0.04983214143541828,13,481,sigmoid
0,logistic,5,0.019518013762464037,14,481,sigmoid
0,logistic,5,0.01361525806966448,15,481,sigmoid
1,logistic,5,0.7877156537097965,1,485,sigmoid
1,logistic,5,0.13733116172994095,2,485,sigmoid
1,logistic,5,0.030048700954317952,3,485,sigmoid
1,logistic,5,0.13973350797937853,4,485,sigmoid
1,logistic,5,0.16522739408845366,5,485,sigmoid
1,logistic,5,0.18608391451510997,6,485,sigmoid
1,logistic,5,0.28864359968422265,7,485,sigmoid
0,logistic,5,0.07441499254047568,8,485,sigmoid
0,logistic,5,0.06579221450895816,9,485,sigmoid
0,logistic,5,0.04845477165022497,10,485,sigmoid
0,logistic,5,0.09124824770399323,11,485,sigmoid
0,logistic,5,0.06778330315109032,12,485,sigmoid
0,logistic,5,0.05004381955944539,13,485,sigmoid
0,logistic,5,0.03576449434835184,14,485,sigmoid
0,logistic,5,0.025458122033410448,15,485,sigmoid
0,logistic,5,0.07130137274984365,1,486,sigmoid
0,logistic,5,0.4783614783455847,2,486,sigmoid
0,logistic,5,0.2817241828496176,3,486,sigmoid
0,logistic,5,0.1254319034486102,4,486,sigmoid
0,logistic,5,0.04264819605391609,5,486,sigmoid
0,logistic,5,0.020587219794724727,6,486,sigmoid
0,logistic,5,0.010343284135826875,7,486,sigmoid
0,logistic,5,0.0053365882754319,8,486,sigmoid
0,logistic,5,0.002815420318712331,9,486,sigmoid
0,logistic,5,0.0015049867973581173,10,486,sigmoid
0,logistic,5,0.0008141037557689517,11,486,sigmoid
0,logistic,5,0.00044538208174317877,12,486,sigmoid
0,logistic,5,0.00024480783611907235,13,486,sigmoid
0,logistic,5,0.00013527417706859647,14,486,sigmoid
0,logistic,5,7.488648660698897e-05,15,486,sigmoid
0,logistic,5,0.07123781172840152,1,488,sigmoid
0,logistic,5,0.04193040564902343,2,488,sigmoid
0,logistic,5,0.024347366421958238,3,488,sigmoid
0,logistic,5,0.014038462209996045,4,488,sigmoid
0,logistic,5,0.008057114151101576,5,488,sigmoid
0,logistic,5,0.004607902494241724,6,488,sigmoid
0,logistic,5,0.0026352878945410463,7,488,sigmoid
0,logistic,5,0.0015054588701403214,8,488,sigmoid
0,logistic,5,0.0008616232534882133,9,488,sigmoid
0,logistic,5,0.0004919225342467689,10,488,sigmoid
0,logistic,5,0.00028125610293376293,11,488,sigmoid
0,logistic,5,0.0001604249391705507,12,488,sigmoid
0,logistic,5,9.173419945279744e-05,13,488,sigmoid
0,logistic,5,5.236444686198781e-05,14,488,sigmoid
0,logistic,5,2.9932073622897317e-05,15,488,sigmoid
0,logistic,5,0.06851625223653293,1,498,sigmoid
0,logistic,5,0.047398350593014345,2,498,sigmoid
0,logistic,5,0.027192913236893723,3,498,sigmoid
0,logistic,5,0.01907931593946991,4,498,sigmoid
0,logistic,5,0.010616850480313909,5,498,sigmoid
0,logistic,5,0.045865133505670376,6,498,sigmoid
0,logistic,5,0.024764381940261967,7,498,sigmoid
0,logistic,5,0.011435390870773714,8,498,sigmoid
0,logistic,5,0.003972817507763083,9,498,sigmoid
0,logistic,5,0.0019997327043527386,10,498,sigmoid
0,logistic,5,0.0037899521382263814,11,498,sigmoid
0,logistic,5,0.002106816686257232,12,498,sigmoid
0,logistic,5,0.0035236314886268405,13,498,sigmoid
0,logistic,5,0.00438953366289223,14,498,sigmoid
0,logistic,5,0.002307733753520329,15,498,sigmoid
0,histgb,5,0.4113684803602621,1,0,uncalibrated
0,histgb,5,0.2237129192902069,2,0,uncalibrated
0,histgb,5,0.021450355592062795,3,0,uncalibrated
0,histgb,5,0.00834058814191265,4,0,uncalibrated
0,histgb,5,0.001013479042221644,5,0,uncalibrated
0,histgb,5,0.0010336456688513343,6,0,uncalibrated
0,histgb,5,0.0017647009499070633,7,0,uncalibrated
0,histgb,5,0.001515881656773614,8,0,uncalibrated
0,histgb,5,0.001086267366948586,9,0,uncalibrated
0,histgb,5,0.00099316894926773,10,0,uncalibrated
0,histgb,5,0.0008665277734895612,11,0,uncalibrated
0,histgb,5,0.0007131771064061794,12,0,uncalibrated
0,histgb,5,0.0005813453721098023,13,0,uncalibrated
0,histgb,5,0.0005489532901025379,14,0,uncalibrated
0,histgb,5,0.0005489532901025379,15,0,uncalibrated
0,histgb,5,0.6596798365475125,1,1,uncalibrated
0,histgb,5,0.18380487502610696,2,1,uncalibrated
0,histgb,5,0.011160729274964096,3,1,uncalibrated
0,histgb,5,0.011892447069278535,4,1,uncalibrated
0,histgb,5,0.001595182921587195,5,1,uncalibrated
0,histgb,5,0.0019184840011815625,6,1,uncalibrated
0,histgb,5,0.0015868544450767913,7,1,uncalibrated
0,histgb,5,0.0013630769113402406,8,1,uncalibrated
0,histgb,5,0.0015291595957811239,9,1,uncalibrated
0,histgb,5,0.0012131249466507238,10,1,uncalibrated
0,histgb,5,0.001058466410140171,11,1,uncalibrated
0,histgb,5,0.000768534298848894,12,1,uncalibrated
0,histgb,5,0.0006210383019761106,13,1,uncalibrated
0,histgb,5,0.0005864358605846966,14,1,uncalibrated
0,histgb,5,0.0005864358605846966,15,1,uncalibrated
0,histgb,5,0.6418163758323958,1,3,uncalibrated
0,histgb,5,0.18380487502610696,2,3,uncalibrated
0,histgb,5,0.011160729274964096,3,3,uncalibrated
0,histgb,5,0.006336583238769731,4,3,uncalibrated
0,histgb,5,0.0017302959983528272,5,3,uncalibrated
0,histgb,5,0.0013768853184779432,6,3,uncalibrated
0,histgb,5,0.0015868544450767913,7,3,uncalibrated
0,histgb,5,0.0013630769113402406,8,3,uncalibrated
0,histgb,5,0.001251974059451441,9,3,uncalibrated
0,histgb,5,0.00099316894926773,10,3,uncalibrated
0,histgb,5,0.001058466410140171,11,3,uncalibrated
0,histgb,5,0.0008711777038419358,12,3,uncalibrated
0,histgb,5,0.0007101601056682479,13,3,uncalibrated
0,histgb,5,0.0006705953895016275,14,3,uncalibrated
0,histgb,5,0.0005915708873869411,15,3,uncalibrated
0,histgb,5,0.6596798365475125,1,12,uncalibrated
0,histgb,5,0.18380487502610696,2,12,uncalibrated
0,histgb,5,0.7141555433397245,3,12,uncalibrated
0,histgb,5,0.3195839130553767,4,12,uncalibrated
0,histgb,5,0.09865055329959194,5,12,uncalibrated
0,histgb,5,0.006767491003242039,6,12,uncalibrated
0,histgb,5,0.0005465685184052228,7,12,uncalibrated
0,histgb,5,0.0016878534190419277,8,12,uncalibrated
0,histgb,5,0.0042490019124278,9,12,uncalibrated
0,histgb,5,0.002775546285669881,10,12,uncalibrated
0,histgb,5,0.001425918306402759,11,12,uncalibrated
0,histgb,5,0.0009850540985196822,12,12,uncalibrated
0,histgb,5,0.0006210383019761106,13,12,uncalibrated
0,histgb,5,0.0005864358605846966,14,12,uncalibrated
0,histgb,5,0.0005864358605846966,15,12,uncalibrated
0,histgb,5,0.4250094175691582,1,14,uncalibrated
0,histgb,5,0.8977496297727016,2,14,uncalibrated
0,histgb,5,0.7457307548722658,3,14,uncalibrated
0,histgb,5,0.3258412749802284,4,14,uncalibrated
0,histgb,5,0.14506536377447454,5,14,uncalibrated
0,histgb,5,0.00291319013518751,6,14,uncalibrated
0,histgb,5,0.0005497246300816458,7,14,uncalibrated
0,histgb,5,0.020931857221658787,8,14,uncalibrated
0,histgb,5,0.0018938287100048296,9,14,uncalibrated
0,histgb,5,0.001972374768327035,10,14,uncalibrated
0,histgb,5,0.0011674250850461866,11,14,uncalibrated
0,histgb,5,0.000960875398931356,12,14,uncalibrated
0,histgb,5,0.0005813453721098023,13,14,uncalibrated
0,histgb,5,0.0005489532901025379,14,14,uncalibrated
0,histgb,5,0.0005489532901025379,15,14,uncalibrated
0,histgb,5,0.6837313571600808,1,15,uncalibrated
0,histgb,5,0.13264567869247038,2,15,uncalibrated
0,histgb,5,0.011160729274964096,3,15,uncalibrated
0,histgb,5,0.011892447069278535,4,15,uncalibrated
0,histgb,5,0.0013500310700629986,5,15,uncalibrated
0,histgb,5,0.0019184840011815625,6,15,uncalibrated
0,histgb,5,0.0015868544450767913,7,15,uncalibrated
0,histgb,5,0.0013630769113402406,8,15,uncalibrated
0,histgb,5,0.0015291595957811239,9,15,uncalibrated
0,histgb,5,0.0012131249466507238,10,15,uncalibrated
0,histgb,5,0.001058466410140171,11,15,uncalibrated
0,histgb,5,0.000768534298848894,12,15,uncalibrated
0,histgb,5,0.0006210383019761106,13,15,uncalibrated
0,histgb,5,0.0008425287001499322,14,15,uncalibrated
0,histgb,5,0.0005864358605846966,15,15,uncalibrated
0,histgb,5,0.6837313571600808,1,17,uncalibrated
0,histgb,5,0.9466222692535627,2,17,uncalibrated
0,histgb,5,0.7119149818514623,3,17,uncalibrated
0,histgb,5,0.585544916723048,4,17,uncalibrated
0,histgb,5,0.89192190412908,5,17,uncalibrated
0,histgb,5,0.5817628622187732,6,17,uncalibrated
0,histgb,5,0.361248585390533,7,17,uncalibrated
0,histgb,5,0.43631785743907475,8,17,uncalibrated
0,histgb,5,0.5206030515613047,9,17,uncalibrated
0,histgb,5,0.7137257836844522,10,17,uncalibrated
0,histgb,5,0.08374924564356057,11,17,uncalibrated
0,histgb,5,0.07181028814369593,12,17,uncalibrated
0,histgb,5,0.08945256799388082,13,17,uncalibrated
0,histgb,5,0.5689930153528001,14,17,uncalibrated
0,histgb,5,0.06587683838095096,15,17,uncalibrated
0,histgb,5,0.4250094175691582,1,30,uncalibrated
0,histgb,5,0.2237129192902069,2,30,uncalibrated
0,histgb,5,0.021450355592062795,3,30,uncalibrated
0,histgb,5,0.006336583238769731,4,30,uncalibrated
0,histgb,5,0.001013479042221644,5,30,uncalibrated
0,histgb,5,0.0017647009499070633,6,30,uncalibrated
0,histgb,5,0.0017647009499070633,7,30,uncalibrated
0,histgb,5,0.0011826824663861034,8,30,uncalibrated
0,histgb,5,0.001251974059451441,9,30,uncalibrated
0,histgb,5,0.00099316894926773,10,30,uncalibrated
0,histgb,5,0.0008665277734895612,11,30,uncalibrated
0,histgb,5,0.0007131771064061794,12,30,uncalibrated
0,histgb,5,0.0005813453721098023,13,30,uncalibrated
0,histgb,5,0.0005489532901025379,14,30,uncalibrated
0,histgb,5,0.0006705953895016275,15,30,uncalibrated
0,histgb,5,0.6837313571600808,1,31,uncalibrated
0,histgb,5,0.18380487502610696,2,31,uncalibrated
0,histgb,5,0.011160729274964096,3,31,uncalibrated
0,histgb,5,0.01417539710919374,4,31,uncalibrated
0,histgb,5,0.0017302959983528272,5,31,uncalibrated
0,histgb,5,0.0013768853184779432,6,31,uncalibrated
0,histgb,5,0.0015868544450767913,7,31,uncalibrated
0,histgb,5,0.0013630769113402406,8,31,uncalibrated
0,histgb,5,0.001251974059451441,9,31,uncalibrated
0,histgb,5,0.00099316894926773,10,31,uncalibrated
0,histgb,5,0.0008665277734895612,11,31,uncalibrated
0,histgb,5,0.0008711777038419358,12,31,uncalibrated
0,histgb,5,0.0007101601056682479,13,31,uncalibrated
0,histgb,5,0.0006705953895016275,14,31,uncalibrated
0,histgb,5,0.0006705953895016275,15,31,uncalibrated
0,histgb,5,0.6837313571600808,1,51,uncalibrated
0,histgb,5,0.1039041150396272,2,51,uncalibrated
0,histgb,5,0.17729502905861044,3,51,uncalibrated
0,histgb,5,0.049823436232797884,4,51,uncalibrated
0,histgb,5,0.01834979467705415,5,51,uncalibrated
0,histgb,5,0.0019184840011815625,6,51,uncalibrated
0,histgb,5,0.0019380382217293506,7,51,uncalibrated
0,histgb,5,0.0016648194815270794,8,51,uncalibrated
0,histgb,5,0.001026562833600609,9,51,uncalibrated
0,histgb,5,0.00106095039974789,10,51,uncalibrated
0,histgb,5,0.0009256742693878945,11,51,uncalibrated
0,histgb,5,0.0007618643433419534,12,51,uncalibrated
0,histgb,5,0.0006210383019761106,13,51,uncalibrated
0,histgb,5,0.0005864358605846966,14,51,uncalibrated
0,histgb,5,0.0005864358605846966,15,51,uncalibrated
0,histgb,5,0.4113684803602621,1,52,uncalibrated
0,histgb,5,0.1512573640992785,2,52,uncalibrated
0,histgb,5,0.014684947175541474,3,52,uncalibrated
0,histgb,5,0.012233616157407116,4,52,uncalibrated
0,histgb,5,0.001013479042221644,5,52,uncalibrated
0,histgb,5,0.0010336456688513343,6,52,uncalibrated
0,histgb,5,0.0017647009499070633,7,52,uncalibrated
0,histgb,5,0.001515881656773614,8,52,uncalibrated
0,histgb,5,0.001086267366948586,9,52,uncalibrated
0,histgb,5,0.0008616871978267451,10,52,uncalibrated
0,histgb,5,0.0008665277734895612,11,52,uncalibrated
0,histgb,5,0.0007131771064061794,12,52,uncalibrated
0,histgb,5,0.0005813453721098023,13,52,uncalibrated
0,histgb,5,0.0005489532901025379,14,52,uncalibrated
0,histgb,5,0.0005489532901025379,15,52,uncalibrated
0,histgb,5,0.6418163758323958,1,59,uncalibrated
0,histgb,5,0.13278140224043772,2,59,uncalibrated
0,histgb,5,0.024232178451186973,3,59,uncalibrated
0,histgb,5,0.006336583238769731,4,59,uncalibrated
0,histgb,5,0.0017302959983528272,5,59,uncalibrated
0,histgb,5,0.0013768853184779432,6,59,uncalibrated
0,histgb,5,0.0015868544450767913,7,59,uncalibrated
0,histgb,5,0.0013630769113402406,8,59,uncalibrated
0,histgb,5,0.001251974059451441,9,59,uncalibrated
0,histgb,5,0.00099316894926773,10,59,uncalibrated
0,histgb,5,0.0008665277734895612,11,59,uncalibrated
0,histgb,5,0.0008711777038419358,12,59,uncalibrated
0,histgb,5,0.0007101601056682479,13,59,uncalibrated
0,histgb,5,0.0006705953895016275,14,59,uncalibrated
0,histgb,5,0.0006705953895016275,15,59,uncalibrated
1,histgb,5,0.9731389514290512,1,60,uncalibrated
1,histgb,5,0.9728812883978207,2,60,uncalibrated
1,histgb,5,0.9677707451243198,3,60,uncalibrated
1,histgb,5,0.41711809707643177,4,60,uncalibrated
1,histgb,5,0.8796449437535127,5,60,uncalibrated
1,histgb,5,0.8865212298366529,6,60,uncalibrated
1,histgb,5,0.7804697611842111,7,60,uncalibrated
0,histgb,5,0.4256805604882681,8,60,uncalibrated
0,histgb,5,0.6410937832631439,9,60,uncalibrated
0,histgb,5,0.5881071387429728,10,60,uncalibrated
0,histgb,5,0.6672212402317416,11,60,uncalibrated
0,histgb,5,0.6839045484691582,12,60,uncalibrated
0,histgb,5,0.8152352760790972,13,60,uncalibrated
0,histgb,5,0.8095356974536112,14,60,uncalibrated
0,histgb,5,0.7980389549722677,15,60,uncalibrated
0,histgb,5,0.45114289824157344,1,61,uncalibrated
0,histgb,5,0.1809833744684853,2,61,uncalibrated
0,histgb,5,0.021450355592062795,3,61,uncalibrated
0,histgb,5,0.006336583238769731,4,61,uncalibrated
0,histgb,5,0.001013479042221644,5,61,uncalibrated
0,histgb,5,0.0017647009499070633,6,61,uncalibrated
0,histgb,5,0.0013768853184779432,7,61,uncalibrated
0,histgb,5,0.0011826824663861034,8,61,uncalibrated
0,histgb,5,0.001251974059451441,9,61,uncalibrated
0,histgb,5,0.00099316894926773,10,61,uncalibrated
0,histgb,5,0.0008665277734895612,11,61,uncalibrated
0,histgb,5,0.0007131771064061794,12,61,uncalibrated
0,histgb,5,0.0005813453721098023,13,61,uncalibrated
0,histgb,5,0.0006705953895016275,14,61,uncalibrated
0,histgb,5,0.0006705953895016275,15,61,uncalibrated
0,histgb,5,0.4250094175691582,1,66,uncalibrated
0,histgb,5,0.1809833744684853,2,66,uncalibrated
0,histgb,5,0.021450355592062795,3,66,uncalibrated
0,histgb,5,0.006336583238769731,4,66,uncalibrated
0,histgb,5,0.001013479042221644,5,66,uncalibrated
0,histgb,5,0.0017647009499070633,6,66,uncalibrated
0,histgb,5,0.0017647009499070633,7,66,uncalibrated
0,histgb,5,0.0011826824663861034,8,66,uncalibrated
0,histgb,5,0.001251974059451441,9,66,uncalibrated
0,histgb,5,0.00099316894926773,10,66,uncalibrated
0,histgb,5,0.0008665277734895612,11,66,uncalibrated
0,histgb,5,0.0007131771064061794,12,66,uncalibrated
0,histgb,5,0.0007101601056682479,13,66,uncalibrated
0,histgb,5,0.0006705953895016275,14,66,uncalibrated
0,histgb,5,0.0006705953895016275,15,66,uncalibrated
0,histgb,5,0.45114289824157344,1,69,uncalibrated
0,histgb,5,0.1809833744684853,2,69,uncalibrated
0,histgb,5,0.021450355592062795,3,69,uncalibrated
0,histgb,5,0.006336583238769731,4,69,uncalibrated
0,histgb,5,0.0017302959983528272,5,69,uncalibrated
0,histgb,5,0.0013768853184779432,6,69,uncalibrated
0,histgb,5,0.0013768853184779432,7,69,uncalibrated
0,histgb,5,0.0013630769113402406,8,69,uncalibrated
0,histgb,5,0.001251974059451441,9,69,uncalibrated
0,histgb,5,0.00099316894926773,10,69,uncalibrated
0,histgb,5,0.0008665277734895612,11,69,uncalibrated
0,histgb,5,0.0008711777038419358,12,69,uncalibrated
0,histgb,5,0.0007101601056682479,13,69,uncalibrated
0,histgb,5,0.0006705953895016275,14,69,uncalibrated
0,histgb,5,0.0006705953895016275,15,69,uncalibrated
1,histgb,5,0.4250094175691582,1,71,uncalibrated
1,histgb,5,0.8776426774419674,2,71,uncalibrated
1,histgb,5,0.9455326120480483,3,71,uncalibrated
0,histgb,5,0.871507005389722,4,71,uncalibrated
0,histgb,5,0.9405141275009078,5,71,uncalibrated
0,histgb,5,0.4953590047935366,6,71,uncalibrated
0,histgb,5,0.17124445538528493,7,71,uncalibrated
0,histgb,5,0.7683087972996999,8,71,uncalibrated
0,histgb,5,0.10007480825081631,9,71,uncalibrated
0,histgb,5,0.15304535835929592,10,71,uncalibrated
0,histgb,5,0.3708929502766908,11,71,uncalibrated
0,histgb,5,0.019882365678013186,12,71,uncalibrated
0,histgb,5,0.002762914387551886,13,71,uncalibrated
0,histgb,5,0.012376083889845126,14,71,uncalibrated
0,histgb,5,0.000868128540696876,15,71,uncalibrated
0,histgb,5,0.4250094175691582,1,91,uncalibrated
0,histgb,5,0.2237129192902069,2,91,uncalibrated
0,histgb,5,0.8088027480702396,3,91,uncalibrated
0,histgb,5,0.9489004274243804,4,91,uncalibrated
0,histgb,5,0.8939136876010281,5,91,uncalibrated
0,histgb,5,0.5973556515782859,6,91,uncalibrated
0,histgb,5,0.8998652787692221,7,91,uncalibrated
0,histgb,5,0.6914602046601475,8,91,uncalibrated
0,histgb,5,0.9233659365119471,9,91,uncalibrated
0,histgb,5,0.905272039517687,10,91,uncalibrated
0,histgb,5,0.8017261746339402,11,91,uncalibrated
0,histgb,5,0.13179978882565713,12,91,uncalibrated
0,histgb,5,0.37798325263567106,13,91,uncalibrated
0,histgb,5,0.5915065316551085,14,91,uncalibrated
0,histgb,5,0.39685849537227014,15,91,uncalibrated
1,histgb,5,0.9731389514290512,1,94,uncalibrated
0,histgb,5,0.6315610639046123,2,94,uncalibrated
0,histgb,5,0.17729502905861044,3,94,uncalibrated
0,histgb,5,0.7317797389672053,4,94,uncalibrated
0,histgb,5,0.7325441895389927,5,94,uncalibrated
0,histgb,5,0.823620635084492,6,94,uncalibrated
0,histgb,5,0.8120029791594819,7,94,uncalibrated
0,histgb,5,0.9037942301220663,8,94,uncalibrated
0,histgb,5,0.7624716837191208,9,94,uncalibrated
0,histgb,5,0.7031431193494411,10,94,uncalibrated
0,histgb,5,0.5088923933672846,11,94,uncalibrated
0,histgb,5,0.37705896036689196,12,94,uncalibrated
0,histgb,5,0.08817561769603018,13,94,uncalibrated
0,histgb,5,0.10485981301458491,14,94,uncalibrated
0,histgb,5,0.08186238937119711,15,94,uncalibrated
1,histgb,5,0.7934119660382055,1,96,uncalibrated
1,histgb,5,0.7717676028168894,2,96,uncalibrated
1,histgb,5,0.7576706619465866,3,96,uncalibrated
1,histgb,5,0.6527937261628445,4,96,uncalibrated
1,histgb,5,0.5517499391330284,5,96,uncalibrated
1,histgb,5,0.8793237943017118,6,96,uncalibrated
1,histgb,5,0.6117130949130534,7,96,uncalibrated
1,histgb,5,0.4761520199003358,8,96,uncalibrated
1,histgb,5,0.37612702627937966,9,96,uncalibrated
1,histgb,5,0.36765859369655185,10,96,uncalibrated
1,histgb,5,0.15694980692446328,11,96,uncalibrated
1,histgb,5,0.09714836597395438,12,96,uncalibrated
0,histgb,5,0.39307511688443,13,96,uncalibrated
0,histgb,5,0.2938714197363029,14,96,uncalibrated
0,histgb,5,0.22858218686668635,15,96,uncalibrated
0,histgb,5,0.7934119660382055,1,97,uncalibrated
0,histgb,5,0.13264567869247038,2,97,uncalibrated
0,histgb,5,0.011160729274964096,3,97,uncalibrated
0,histgb,5,0.006336583238769731,4,97,uncalibrated
0,histgb,5,0.0017302959983528272,5,97,uncalibrated
0,histgb,5,0.0017647009499070633,6,97,uncalibrated
0,histgb,5,0.0013768853184779432,7,97,uncalibrated
0,histgb,5,0.0011826824663861034,8,97,uncalibrated
0,histgb,5,0.001251974059451441,9,97,uncalibrated
0,histgb,5,0.00099316894926773,10,97,uncalibrated
0,histgb,5,0.0008665277734895612,11,97,uncalibrated
0,histgb,5,0.0007131771064061794,12,97,uncalibrated
0,histgb,5,0.0005813453721098023,13,97,uncalibrated
0,histgb,5,0.0005489532901025379,14,97,uncalibrated
0,histgb,5,0.0006705953895016275,15,97,uncalibrated
1,histgb,5,0.4113684803602621,1,100,uncalibrated
1,histgb,5,0.9399539685496804,2,100,uncalibrated
1,histgb,5,0.9280753528727026,3,100,uncalibrated
1,histgb,5,0.9393861831583957,4,100,uncalibrated
1,histgb,5,0.9564610526494975,5,100,uncalibrated
1,histgb,5,0.9481486832899695,6,100,uncalibrated
1,histgb,5,0.9335773552082198,7,100,uncalibrated
0,histgb,5,0.38418473533114433,8,100,uncalibrated
0,histgb,5,0.8486313589765444,9,100,uncalibrated
0,histgb,5,0.8430491553877902,10,100,uncalibrated
0,histgb,5,0.9209401088878296,11,100,uncalibrated
0,histgb,5,0.8256242800962963,12,100,uncalibrated
0,histgb,5,0.044080275779841506,13,100,uncalibrated
0,histgb,5,0.6456756064916841,14,100,uncalibrated
0,histgb,5,0.5967619325999729,15,100,uncalibrated
0,histgb,5,0.6837313571600808,1,111,uncalibrated
0,histgb,5,0.18380487502610696,2,111,uncalibrated
0,histgb,5,0.011160729274964096,3,111,uncalibrated
0,histgb,5,0.01417539710919374,4,111,uncalibrated
0,histgb,5,0.0013500310700629986,5,111,uncalibrated
0,histgb,5,0.0019184840011815625,6,111,uncalibrated
0,histgb,5,0.0015868544450767913,7,111,uncalibrated
0,histgb,5,0.0013630769113402406,8,111,uncalibrated
0,histgb,5,0.0015291595957811239,9,111,uncalibrated
0,histgb,5,0.0012131249466507238,10,111,uncalibrated
0,histgb,5,0.001058466410140171,11,111,uncalibrated
0,histgb,5,0.000768534298848894,12,111,uncalibrated
0,histgb,5,0.0006264761292984295,13,111,uncalibrated
0,histgb,5,0.0005864358605846966,14,111,uncalibrated
0,histgb,5,0.0005864358605846966,15,111,uncalibrated
1,histgb,5,0.9731389514290512,1,123,uncalibrated
0,histgb,5,0.7777251310407532,2,123,uncalibrated
0,histgb,5,0.923037526402449,3,123,uncalibrated
0,histgb,5,0.929551292722852,4,123,uncalibrated
0,histgb,5,0.9516950455504855,5,123,uncalibrated
0,histgb,5,0.9273570400869305,6,123,uncalibrated
0,histgb,5,0.3891300195696324,7,123,uncalibrated
0,histgb,5,0.6132435255058564,8,123,uncalibrated
0,histgb,5,0.5379335191944731,9,123,uncalibrated
0,histgb,5,0.06912546706452857,10,123,uncalibrated
0,histgb,5,0.021069732371194156,11,123,uncalibrated
0,histgb,5,0.08278852965134964,12,123,uncalibrated
0,histgb,5,0.06497944440256366,13,123,uncalibrated
0,histgb,5,0.00933000655562261,14,123,uncalibrated
0,histgb,5,0.022691346197562665,15,123,uncalibrated
1,histgb,5,0.6596798365475125,1,129,uncalibrated
1,histgb,5,0.9399539685496804,2,129,uncalibrated
0,histgb,5,0.7119149818514623,3,129,uncalibrated
0,histgb,5,0.8701474465883186,4,129,uncalibrated
0,histgb,5,0.9405141275009078,5,129,uncalibrated
0,histgb,5,0.8477163871674508,6,129,uncalibrated
0,histgb,5,0.9288914413028148,7,129,uncalibrated
0,histgb,5,0.2440676186468812,8,129,uncalibrated
0,histgb,5,0.8443340287899025,9,129,uncalibrated
1,histgb,5,0.3185332812880864,10,129,uncalibrated
0,histgb,5,0.7250548470377115,11,129,uncalibrated
0,histgb,5,0.13575263244246172,12,129,uncalibrated
0,histgb,5,0.06044225299195414,13,129,uncalibrated
0,histgb,5,0.010196178999808639,14,129,uncalibrated
0,histgb,5,0.32061877651162707,15,129,uncalibrated
0,histgb,5,0.6418163758323958,1,133,uncalibrated
0,histgb,5,0.1809833744684853,2,133,uncalibrated
0,histgb,5,0.021450355592062795,3,133,uncalibrated
0,histgb,5,0.006336583238769731,4,133,uncalibrated
0,histgb,5,0.002066534559133789,5,133,uncalibrated
0,histgb,5,0.0017647009499070633,6,133,uncalibrated
0,histgb,5,0.0013768853184779432,7,133,uncalibrated
0,histgb,5,0.0011826824663861034,8,133,uncalibrated
0,histgb,5,0.0018462631498101325,9,133,uncalibrated
0,histgb,5,0.001337982868126515,10,133,uncalibrated
0,histgb,5,0.0008665277734895612,11,133,uncalibrated
0,histgb,5,0.0007131771064061794,12,133,uncalibrated
0,histgb,5,0.0007101601056682479,13,133,uncalibrated
0,histgb,5,0.0006705953895016275,14,133,uncalibrated
0,histgb,5,0.0006705953895016275,15,133,uncalibrated
0,histgb,5,0.4113684803602621,1,135,uncalibrated
0,histgb,5,0.1809833744684853,2,135,uncalibrated
0,histgb,5,0.021450355592062795,3,135,uncalibrated
0,histgb,5,0.006336583238769731,4,135,uncalibrated
0,histgb,5,0.002066534559133789,5,135,uncalibrated
0,histgb,5,0.0013768853184779432,6,135,uncalibrated
0,histgb,5,0.0015868544450767913,7,135,uncalibrated
0,histgb,5,0.0013630769113402406,8,135,uncalibrated
0,histgb,5,0.001251974059451441,9,135,uncalibrated
0,histgb,5,0.00099316894926773,10,135,uncalibrated
0,histgb,5,0.0008665277734895612,11,135,uncalibrated
0,histgb,5,0.0008711777038419358,12,135,uncalibrated
0,histgb,5,0.0007101601056682479,13,135,uncalibrated
0,histgb,5,0.0006705953895016275,14,135,uncalibrated
0,histgb,5,0.0006705953895016275,15,135,uncalibrated
0,histgb,5,0.6418163758323958,1,142,uncalibrated
0,histgb,5,0.9399539685496804,2,142,uncalibrated
0,histgb,5,0.6339904428834038,3,142,uncalibrated
0,histgb,5,0.2220686590913587,4,142,uncalibrated
0,histgb,5,0.8271186504029925,5,142,uncalibrated
0,histgb,5,0.9486921577223171,6,142,uncalibrated
0,histgb,5,0.879689964067341,7,142,uncalibrated
0,histgb,5,0.9425162165890163,8,142,uncalibrated
0,histgb,5,0.8423532148727514,9,142,uncalibrated
0,histgb,5,0.9002590271397993,10,142,uncalibrated
1,histgb,5,0.6554668063028313,11,142,uncalibrated
0,histgb,5,0.6680556795046799,12,142,uncalibrated
0,histgb,5,0.29400103110619413,13,142,uncalibrated
0,histgb,5,0.4617401046465662,14,142,uncalibrated
1,histgb,5,0.25795514580254886,15,142,uncalibrated
0,histgb,5,0.6596798365475125,1,145,uncalibrated
0,histgb,5,0.9364563956686973,2,145,uncalibrated
0,histgb,5,0.7206709094549315,3,145,uncalibrated
0,histgb,5,0.814745421249917,4,145,uncalibrated
0,histgb,5,0.9048806733128033,5,145,uncalibrated
0,histgb,5,0.8973815881170346,6,145,uncalibrated
0,histgb,5,0.9348976955204438,7,145,uncalibrated
0,histgb,5,0.9356652300842484,8,145,uncalibrated
0,histgb,5,0.5794129262383504,9,145,uncalibrated
0,histgb,5,0.8428995687386857,10,145,uncalibrated
0,histgb,5,0.07071195722754905,11,145,uncalibrated
0,histgb,5,0.3127382167040283,12,145,uncalibrated
1,histgb,5,0.17069901537338397,13,145,uncalibrated
1,histgb,5,0.17285115501038617,14,145,uncalibrated
0,histgb,5,0.4749337883917136,15,145,uncalibrated
0,histgb,5,0.6418163758323958,1,151,uncalibrated
0,histgb,5,0.18380487502610696,2,151,uncalibrated
0,histgb,5,0.011160729274964096,3,151,uncalibrated
0,histgb,5,0.006336583238769731,4,151,uncalibrated
0,histgb,5,0.06095932134261647,5,151,uncalibrated
0,histgb,5,0.006767491003242039,6,151,uncalibrated
0,histgb,5,0.0005465685184052228,7,151,uncalibrated
0,histgb,5,0.0016528615379432904,8,151,uncalibrated
0,histgb,5,0.0005456536981506455,9,151,uncalibrated
0,histgb,5,0.0004327941879542637,10,151,uncalibrated
0,histgb,5,0.0006574251096315743,11,151,uncalibrated
0,histgb,5,0.0009054677035107978,12,151,uncalibrated
0,histgb,5,0.0007758811963471298,13,151,uncalibrated
0,histgb,5,0.0007901496132751745,14,151,uncalibrated
0,histgb,5,0.0006391519117222564,15,151,uncalibrated
0,histgb,5,0.6837313571600808,1,154,uncalibrated
0,histgb,5,0.9399539685496804,2,154,uncalibrated
0,histgb,5,0.9455326120480483,3,154,uncalibrated
0,histgb,5,0.9647408165002685,4,154,uncalibrated
0,histgb,5,0.9516528458207765,5,154,uncalibrated
1,histgb,5,0.7836928001548312,6,154,uncalibrated
1,histgb,5,0.8965906326942715,7,154,uncalibrated
0,histgb,5,0.8375938649682205,8,154,uncalibrated
0,histgb,5,0.13881300171227864,9,154,uncalibrated
0,histgb,5,0.24412366550740497,10,154,uncalibrated
0,histgb,5,0.0312031098886084,11,154,uncalibrated
0,histgb,5,0.06416705791728353,12,154,uncalibrated
0,histgb,5,0.0014209629737832843,13,154,uncalibrated
0,histgb,5,0.0014861159366943012,14,154,uncalibrated
0,histgb,5,0.0011127043719473414,15,154,uncalibrated
0,histgb,5,0.08815657639215888,1,161,uncalibrated
0,histgb,5,0.18380487502610696,2,161,uncalibrated
0,histgb,5,0.011160729274964096,3,161,uncalibrated
0,histgb,5,0.006336583238769731,4,161,uncalibrated
0,histgb,5,0.001013479042221644,5,161,uncalibrated
0,histgb,5,0.0010336456688513343,6,161,uncalibrated
0,histgb,5,0.0021076111135396648,7,161,uncalibrated
0,histgb,5,0.001515881656773614,8,161,uncalibrated
0,histgb,5,0.0013923412287233624,9,161,uncalibrated
0,histgb,5,0.00099316894926773,10,161,uncalibrated
0,histgb,5,0.0008665277734895612,11,161,uncalibrated
0,histgb,5,0.0007131771064061794,12,161,uncalibrated
0,histgb,5,0.0005813453721098023,13,161,uncalibrated
0,histgb,5,0.0005489532901025379,14,161,uncalibrated
0,histgb,5,0.0005489532901025379,15,161,uncalibrated
0,histgb,5,0.6837313571600808,1,163,uncalibrated
0,histgb,5,0.18380487502610696,2,163,uncalibrated
0,histgb,5,0.011160729274964096,3,163,uncalibrated
0,histgb,5,0.006336583238769731,4,163,uncalibrated
0,histgb,5,0.0017302959983528272,5,163,uncalibrated
0,histgb,5,0.0013768853184779432,6,163,uncalibrated
0,histgb,5,0.0015868544450767913,7,163,uncalibrated
0,histgb,5,0.0013630769113402406,8,163,uncalibrated
0,histgb,5,0.001251974059451441,9,163,uncalibrated
0,histgb,5,0.00099316894926773,10,163,uncalibrated
0,histgb,5,0.001058466410140171,11,163,uncalibrated
0,histgb,5,0.0008711777038419358,12,163,uncalibrated
0,histgb,5,0.0007101601056682479,13,163,uncalibrated
0,histgb,5,0.0005915708873869411,14,163,uncalibrated
0,histgb,5,0.0007503996287456646,15,163,uncalibrated
0,histgb,5,0.4113684803602621,1,165,uncalibrated
0,histgb,5,0.2237129192902069,2,165,uncalibrated
0,histgb,5,0.021450355592062795,3,165,uncalibrated
0,histgb,5,0.012233616157407116,4,165,uncalibrated
0,histgb,5,0.03795649434177528,5,165,uncalibrated
0,histgb,5,0.005928426720690915,6,165,uncalibrated
0,histgb,5,0.0009388440231500615,7,165,uncalibrated
0,histgb,5,0.0012135688820087607,8,165,uncalibrated
0,histgb,5,0.0014633563659305917,9,165,uncalibrated
0,histgb,5,0.001337982868126515,10,165,uncalibrated
0,histgb,5,0.0008665277734895612,11,165,uncalibrated
0,histgb,5,0.0007131771064061794,12,165,uncalibrated
0,histgb,5,0.0005813453721098023,13,165,uncalibrated
0,histgb,5,0.0005489532901025379,14,165,uncalibrated
0,histgb,5,0.0006737272919576224,15,165,uncalibrated
0,histgb,5,0.08815657639215888,1,178,uncalibrated
0,histgb,5,0.12601468494515436,2,178,uncalibrated
0,histgb,5,0.021056785223585207,3,178,uncalibrated
0,histgb,5,0.012233616157407116,4,178,uncalibrated
0,histgb,5,0.001966459675483639,5,178,uncalibrated
0,histgb,5,0.0010336456688513343,6,178,uncalibrated
0,histgb,5,0.0010336456688513343,7,178,uncalibrated
0,histgb,5,0.0008878120284423495,8,178,uncalibrated
0,histgb,5,0.0013923412287233624,9,178,uncalibrated
0,histgb,5,0.0008616871978267451,10,178,uncalibrated
0,histgb,5,0.0008616871978267451,11,178,uncalibrated
0,histgb,5,0.0007131771064061794,12,178,uncalibrated
0,histgb,5,0.0005813453721098023,13,178,uncalibrated
0,histgb,5,0.0005489532901025379,14,178,uncalibrated
0,histgb,5,0.0005489532901025379,15,178,uncalibrated
0,histgb,5,0.7934119660382055,1,188,uncalibrated
0,histgb,5,0.1039041150396272,2,188,uncalibrated
0,histgb,5,0.17729502905861044,3,188,uncalibrated
0,histgb,5,0.3770499429104904,4,188,uncalibrated
0,histgb,5,0.3264876117023226,5,188,uncalibrated
0,histgb,5,0.33677007973952877,6,188,uncalibrated
0,histgb,5,0.12240589764078341,7,188,uncalibrated
0,histgb,5,0.05498700456266817,8,188,uncalibrated
0,histgb,5,0.04796073962288998,9,188,uncalibrated
0,histgb,5,0.048731180879217836,10,188,uncalibrated
0,histgb,5,0.0033454690419330428,11,188,uncalibrated
0,histgb,5,0.0021757054703972,12,188,uncalibrated
0,histgb,5,0.0015625264828474648,13,188,uncalibrated
0,histgb,5,0.002930298591629421,14,188,uncalibrated
0,histgb,5,0.002930298591629421,15,188,uncalibrated
0,histgb,5,0.6418163758323958,1,190,uncalibrated
0,histgb,5,0.9014156568934951,2,190,uncalibrated
0,histgb,5,0.7457307548722658,3,190,uncalibrated
0,histgb,5,0.2220686590913587,4,190,uncalibrated
0,histgb,5,0.851100685770069,5,190,uncalibrated
0,histgb,5,0.9486921577223171,6,190,uncalibrated
0,histgb,5,0.879689964067341,7,190,uncalibrated
0,histgb,5,0.9443936826721498,8,190,uncalibrated
0,histgb,5,0.8950774676145711,9,190,uncalibrated
0,histgb,5,0.6206890636110889,10,190,uncalibrated
0,histgb,5,0.8787044449344451,11,190,uncalibrated
0,histgb,5,0.6459297461756074,12,190,uncalibrated
0,histgb,5,0.2703827341922905,13,190,uncalibrated
0,histgb,5,0.41125682395459356,14,190,uncalibrated
0,histgb,5,0.6682544466831016,15,190,uncalibrated
0,histgb,5,0.4113684803602621,1,191,uncalibrated
0,histgb,5,0.1512573640992785,2,191,uncalibrated
0,histgb,5,0.014684947175541474,3,191,uncalibrated
0,histgb,5,0.012233616157407116,4,191,uncalibrated
0,histgb,5,0.001013479042221644,5,191,uncalibrated
0,histgb,5,0.0010336456688513343,6,191,uncalibrated
0,histgb,5,0.0010336456688513343,7,191,uncalibrated
0,histgb,5,0.001515881656773614,8,191,uncalibrated
0,histgb,5,0.0013923412287233624,9,191,uncalibrated
0,histgb,5,0.0008616871978267451,10,191,uncalibrated
0,histgb,5,0.0008665277734895612,11,191,uncalibrated
0,histgb,5,0.0007131771064061794,12,191,uncalibrated
0,histgb,5,0.0005813453721098023,13,191,uncalibrated
0,histgb,5,0.0005489532901025379,14,191,uncalibrated
0,histgb,5,0.0005489532901025379,15,191,uncalibrated
0,histgb,5,0.4113684803602621,1,196,uncalibrated
0,histgb,5,0.1809833744684853,2,196,uncalibrated
0,histgb,5,0.021450355592062795,3,196,uncalibrated
0,histgb,5,0.006336583238769731,4,196,uncalibrated
0,histgb,5,0.001013479042221644,5,196,uncalibrated
0,histgb,5,0.0021076111135396648,6,196,uncalibrated
0,histgb,5,0.0017647009499070633,7,196,uncalibrated
0,histgb,5,0.001515881656773614,8,196,uncalibrated
0,histgb,5,0.001086267366948586,9,196,uncalibrated
0,histgb,5,0.00099316894926773,10,196,uncalibrated
0,histgb,5,0.0008665277734895612,11,196,uncalibrated
0,histgb,5,0.0007131771064061794,12,196,uncalibrated
0,histgb,5,0.0005813453721098023,13,196,uncalibrated
0,histgb,5,0.0005489532901025379,14,196,uncalibrated
0,histgb,5,0.0005489532901025379,15,196,uncalibrated
0,histgb,5,0.6596798365475125,1,200,uncalibrated
0,histgb,5,0.18380487502610696,2,200,uncalibrated
0,histgb,5,0.024232178451186973,3,200,uncalibrated
0,histgb,5,0.006336583238769731,4,200,uncalibrated
0,histgb,5,0.002066534559133789,5,200,uncalibrated
0,histgb,5,0.0017647009499070633,6,200,uncalibrated
0,histgb,5,0.0013768853184779432,7,200,uncalibrated
0,histgb,5,0.0013630769113402406,8,200,uncalibrated
0,histgb,5,0.001251974059451441,9,200,uncalibrated
0,histgb,5,0.00099316894926773,10,200,uncalibrated
0,histgb,5,0.0008665277734895612,11,200,uncalibrated
0,histgb,5,0.0007131771064061794,12,200,uncalibrated
0,histgb,5,0.0007101601056682479,13,200,uncalibrated
0,histgb,5,0.0006705953895016275,14,200,uncalibrated
0,histgb,5,0.0006705953895016275,15,200,uncalibrated
0,histgb,5,0.45114289824157344,1,208,uncalibrated
0,histgb,5,0.13278140224043772,2,208,uncalibrated
0,histgb,5,0.021450355592062795,3,208,uncalibrated
0,histgb,5,0.006336583238769731,4,208,uncalibrated
0,histgb,5,0.002066534559133789,5,208,uncalibrated
0,histgb,5,0.0017647009499070633,6,208,uncalibrated
0,histgb,5,0.0013768853184779432,7,208,uncalibrated
0,histgb,5,0.0013630769113402406,8,208,uncalibrated
0,histgb,5,0.001251974059451441,9,208,uncalibrated
0,histgb,5,0.00099316894926773,10,208,uncalibrated
0,histgb,5,0.0008665277734895612,11,208,uncalibrated
0,histgb,5,0.0007131771064061794,12,208,uncalibrated
0,histgb,5,0.0007101601056682479,13,208,uncalibrated
0,histgb,5,0.0006705953895016275,14,208,uncalibrated
0,histgb,5,0.0006705953895016275,15,208,uncalibrated
0,histgb,5,0.6788300645849188,1,213,uncalibrated
0,histgb,5,0.623582066238502,2,213,uncalibrated
0,histgb,5,0.17729502905861044,3,213,uncalibrated
0,histgb,5,0.049823436232797884,4,213,uncalibrated
0,histgb,5,0.020767028182933106,5,213,uncalibrated
0,histgb,5,0.0019184840011815625,6,213,uncalibrated
0,histgb,5,0.0019380382217293506,7,213,uncalibrated
0,histgb,5,0.0016648194815270794,8,213,uncalibrated
0,histgb,5,0.001026562833600609,9,213,uncalibrated
0,histgb,5,0.00106095039974789,10,213,uncalibrated
0,histgb,5,0.0009256742693878945,11,213,uncalibrated
0,histgb,5,0.0007618643433419534,12,213,uncalibrated
0,histgb,5,0.0006210383019761106,13,213,uncalibrated
0,histgb,5,0.0005864358605846966,14,213,uncalibrated
0,histgb,5,0.00089335003331806,15,213,uncalibrated
1,histgb,5,0.6596798365475125,1,214,uncalibrated
1,histgb,5,0.9399539685496804,2,214,uncalibrated
1,histgb,5,0.9455326120480483,3,214,uncalibrated
0,histgb,5,0.8637172207960327,4,214,uncalibrated
0,histgb,5,0.9339836262213155,5,214,uncalibrated
0,histgb,5,0.9231304929583326,6,214,uncalibrated
0,histgb,5,0.9342056079756191,7,214,uncalibrated
0,histgb,5,0.9191368720617903,8,214,uncalibrated
0,histgb,5,0.8746569910832949,9,214,uncalibrated
0,histgb,5,0.8360420909299356,10,214,uncalibrated
1,histgb,5,0.4187480725151098,11,214,uncalibrated
1,histgb,5,0.21657207331278025,12,214,uncalibrated
1,histgb,5,0.6501508870658227,13,214,uncalibrated
0,histgb,5,0.3363296444287811,14,214,uncalibrated
0,histgb,5,0.06612760538746072,15,214,uncalibrated
0,histgb,5,0.6418163758323958,1,216,uncalibrated
0,histgb,5,0.18380487502610696,2,216,uncalibrated
0,histgb,5,0.011160729274964096,3,216,uncalibrated
0,histgb,5,0.006336583238769731,4,216,uncalibrated
0,histgb,5,0.0017302959983528272,5,216,uncalibrated
0,histgb,5,0.0013768853184779432,6,216,uncalibrated
0,histgb,5,0.0015868544450767913,7,216,uncalibrated
0,histgb,5,0.0013630769113402406,8,216,uncalibrated
0,histgb,5,0.001251974059451441,9,216,uncalibrated
0,histgb,5,0.00099316894926773,10,216,uncalibrated
0,histgb,5,0.0008665277734895612,11,216,uncalibrated
0,histgb,5,0.0008711777038419358,12,216,uncalibrated
0,histgb,5,0.0007101601056682479,13,216,uncalibrated
0,histgb,5,0.0006705953895016275,14,216,uncalibrated
0,histgb,5,0.0006705953895016275,15,216,uncalibrated
0,histgb,5,0.6837313571600808,1,219,uncalibrated
0,histgb,5,0.9364563956686973,2,219,uncalibrated
0,histgb,5,0.9509316343977839,3,219,uncalibrated
0,histgb,5,0.9581621662600813,4,219,uncalibrated
0,histgb,5,0.9516528458207765,5,219,uncalibrated
0,histgb,5,0.9530126848125895,6,219,uncalibrated
0,histgb,5,0.9538124077818672,7,219,uncalibrated
0,histgb,5,0.8383970508701909,8,219,uncalibrated
0,histgb,5,0.9227048379195198,9,219,uncalibrated
0,histgb,5,0.7813043464610121,10,219,uncalibrated
0,histgb,5,0.4485349776430259,11,219,uncalibrated
0,histgb,5,0.4429217690509122,12,219,uncalibrated
0,histgb,5,0.5128062552169036,13,219,uncalibrated
0,histgb,5,0.27524084315397945,14,219,uncalibrated
0,histgb,5,0.2878301657678618,15,219,uncalibrated
0,histgb,5,0.6788300645849188,1,224,uncalibrated
0,histgb,5,0.623582066238502,2,224,uncalibrated
0,histgb,5,0.17729502905861044,3,224,uncalibrated
0,histgb,5,0.7045050769219247,4,224,uncalibrated
0,histgb,5,0.7659131350713918,5,224,uncalibrated
0,histgb,5,0.2629816774010228,6,224,uncalibrated
0,histgb,5,0.15897226301215733,7,224,uncalibrated
0,histgb,5,0.16256283044644906,8,224,uncalibrated
0,histgb,5,0.0018873339382709672,9,224,uncalibrated
0,histgb,5,0.0014642372715111985,10,224,uncalibrated
0,histgb,5,0.006418571322814983,11,224,uncalibrated
0,histgb,5,0.00027172358608933855,12,224,uncalibrated
0,histgb,5,0.0003725971021408444,13,224,uncalibrated
0,histgb,5,0.0005928002041712977,14,224,uncalibrated
0,histgb,5,0.0005219055243124486,15,224,uncalibrated
0,histgb,5,0.4113684803602621,1,226,uncalibrated
0,histgb,5,0.1512573640992785,2,226,uncalibrated
0,histgb,5,0.014684947175541474,3,226,uncalibrated
0,histgb,5,0.012233616157407116,4,226,uncalibrated
0,histgb,5,0.0013362653832940398,5,226,uncalibrated
0,histgb,5,0.0010336456688513343,6,226,uncalibrated
0,histgb,5,0.0010336456688513343,7,226,uncalibrated
0,histgb,5,0.0008878120284423495,8,226,uncalibrated
0,histgb,5,0.0013923412287233624,9,226,uncalibrated
0,histgb,5,0.0011045518402606623,10,226,uncalibrated
0,histgb,5,0.0008616871978267451,11,226,uncalibrated
0,histgb,5,0.0007131771064061794,12,226,uncalibrated
0,histgb,5,0.0005813453721098023,13,226,uncalibrated
0,histgb,5,0.0005489532901025379,14,226,uncalibrated
0,histgb,5,0.0005489532901025379,15,226,uncalibrated
0,histgb,5,0.6418163758323958,1,233,uncalibrated
0,histgb,5,0.18380487502610696,2,233,uncalibrated
0,histgb,5,0.011160729274964096,3,233,uncalibrated
0,histgb,5,0.006336583238769731,4,233,uncalibrated
0,histgb,5,0.0017302959983528272,5,233,uncalibrated
0,histgb,5,0.0013768853184779432,6,233,uncalibrated
0,histgb,5,0.0015868544450767913,7,233,uncalibrated
0,histgb,5,0.0013630769113402406,8,233,uncalibrated
0,histgb,5,0.001251974059451441,9,233,uncalibrated
0,histgb,5,0.00099316894926773,10,233,uncalibrated
0,histgb,5,0.001058466410140171,11,233,uncalibrated
0,histgb,5,0.0008711777038419358,12,233,uncalibrated
0,histgb,5,0.0007101601056682479,13,233,uncalibrated
0,histgb,5,0.0006705953895016275,14,233,uncalibrated
0,histgb,5,0.0005915708873869411,15,233,uncalibrated
1,histgb,5,0.6837313571600808,1,240,uncalibrated
1,histgb,5,0.944274850422849,2,240,uncalibrated
1,histgb,5,0.9455326120480483,3,240,uncalibrated
1,histgb,5,0.9647408165002685,4,240,uncalibrated
1,histgb,5,0.9516528458207765,5,240,uncalibrated
0,histgb,5,0.809676184764315,6,240,uncalibrated
0,histgb,5,0.7230478913442766,7,240,uncalibrated
0,histgb,5,0.3663088215374206,8,240,uncalibrated
0,histgb,5,0.120919053236419,9,240,uncalibrated
0,histgb,5,0.09215201302544662,10,240,uncalibrated
0,histgb,5,0.057343747325069055,11,240,uncalibrated
0,histgb,5,0.0007786263420203365,12,240,uncalibrated
0,histgb,5,0.00046708648594201955,13,240,uncalibrated
0,histgb,5,0.0009250408788295953,14,240,uncalibrated
0,histgb,5,0.0010110135854079002,15,240,uncalibrated
0,histgb,5,0.6837313571600808,1,244,uncalibrated
0,histgb,5,0.1039041150396272,2,244,uncalibrated
0,histgb,5,0.020857579105312055,3,244,uncalibrated
0,histgb,5,0.023037289686957146,4,244,uncalibrated
0,histgb,5,0.0018093858192064066,5,244,uncalibrated
0,histgb,5,0.0019184840011815625,6,244,uncalibrated
0,histgb,5,0.0019380382217293506,7,244,uncalibrated
0,histgb,5,0.0016648194815270794,8,244,uncalibrated
0,histgb,5,0.001026562833600609,9,244,uncalibrated
0,histgb,5,0.00106095039974789,10,244,uncalibrated
0,histgb,5,0.0009256742693878945,11,244,uncalibrated
0,histgb,5,0.0007618643433419534,12,244,uncalibrated
0,histgb,5,0.0006210383019761106,13,244,uncalibrated
0,histgb,5,0.0005864358605846966,14,244,uncalibrated
0,histgb,5,0.0005864358605846966,15,244,uncalibrated
1,histgb,5,0.7934119660382055,1,245,uncalibrated
1,histgb,5,0.9427005682162576,2,245,uncalibrated
1,histgb,5,0.9419315524192186,3,245,uncalibrated
1,histgb,5,0.9549207014159997,4,245,uncalibrated
1,histgb,5,0.9450420884268215,5,245,uncalibrated
1,histgb,5,0.9352405977648656,6,245,uncalibrated
1,histgb,5,0.9077632994928513,7,245,uncalibrated
1,histgb,5,0.8473394753006708,8,245,uncalibrated
1,histgb,5,0.7606554461470477,9,245,uncalibrated
1,histgb,5,0.6976818108202593,10,245,uncalibrated
0,histgb,5,0.7198311685017728,11,245,uncalibrated
0,histgb,5,0.6849829151471382,12,245,uncalibrated
0,histgb,5,0.6467837306213449,13,245,uncalibrated
0,histgb,5,0.6424450358772537,14,245,uncalibrated
0,histgb,5,0.5757470767622674,15,245,uncalibrated
0,histgb,5,0.6596798365475125,1,247,uncalibrated
0,histgb,5,0.18380487502610696,2,247,uncalibrated
0,histgb,5,0.011160729274964096,3,247,uncalibrated
0,histgb,5,0.011892447069278535,4,247,uncalibrated
0,histgb,5,0.0017302959983528272,5,247,uncalibrated
0,histgb,5,0.0019184840011815625,6,247,uncalibrated
0,histgb,5,0.0015868544450767913,7,247,uncalibrated
0,histgb,5,0.0013630769113402406,8,247,uncalibrated
0,histgb,5,0.001251974059451441,9,247,uncalibrated
0,histgb,5,0.0012131249466507238,10,247,uncalibrated
0,histgb,5,0.001058466410140171,11,247,uncalibrated
0,histgb,5,0.0008711777038419358,12,247,uncalibrated
0,histgb,5,0.0005959795790184138,13,247,uncalibrated
0,histgb,5,0.0005915708873869411,14,247,uncalibrated
0,histgb,5,0.0005864358605846966,15,247,uncalibrated
0,histgb,5,0.6837313571600808,1,250,uncalibrated
0,histgb,5,0.18380487502610696,2,250,uncalibrated
0,histgb,5,0.011160729274964096,3,250,uncalibrated
0,histgb,5,0.011892447069278535,4,250,uncalibrated
0,histgb,5,0.001595182921587195,5,250,uncalibrated
0,histgb,5,0.0019184840011815625,6,250,uncalibrated
0,histgb,5,0.0015868544450767913,7,250,uncalibrated
0,histgb,5,0.0013630769113402406,8,250,uncalibrated
0,histgb,5,0.0015291595957811239,9,250,uncalibrated
0,histgb,5,0.0012131249466507238,10,250,uncalibrated
0,histgb,5,0.0008883344959467389,11,250,uncalibrated
0,histgb,5,0.000768534298848894,12,250,uncalibrated
0,histgb,5,0.0006210383019761106,13,250,uncalibrated
0,histgb,5,0.0005864358605846966,14,250,uncalibrated
0,histgb,5,0.0005864358605846966,15,250,uncalibrated
0,histgb,5,0.6837313571600808,1,252,uncalibrated
0,histgb,5,0.18380487502610696,2,252,uncalibrated
0,histgb,5,0.011160729274964096,3,252,uncalibrated
0,histgb,5,0.011892447069278535,4,252,uncalibrated
0,histgb,5,0.0013500310700629986,5,252,uncalibrated
0,histgb,5,0.0019184840011815625,6,252,uncalibrated
0,histgb,5,0.0015868544450767913,7,252,uncalibrated
0,histgb,5,0.0013630769113402406,8,252,uncalibrated
0,histgb,5,0.001251974059451441,9,252,uncalibrated
0,histgb,5,0.0012131249466507238,10,252,uncalibrated
0,histgb,5,0.001058466410140171,11,252,uncalibrated
0,histgb,5,0.0008711777038419358,12,252,uncalibrated
0,histgb,5,0.0005959795790184138,13,252,uncalibrated
0,histgb,5,0.0005915708873869411,14,252,uncalibrated
0,histgb,5,0.0005864358605846966,15,252,uncalibrated
0,histgb,5,0.6596798365475125,1,258,uncalibrated
0,histgb,5,0.13278140224043772,2,258,uncalibrated
0,histgb,5,0.011160729274964096,3,258,uncalibrated
0,histgb,5,0.006336583238769731,4,258,uncalibrated
0,histgb,5,0.0017302959983528272,5,258,uncalibrated
0,histgb,5,0.0013768853184779432,6,258,uncalibrated
0,histgb,5,0.0015868544450767913,7,258,uncalibrated
0,histgb,5,0.0013630769113402406,8,258,uncalibrated
0,histgb,5,0.001251974059451441,9,258,uncalibrated
0,histgb,5,0.00099316894926773,10,258,uncalibrated
0,histgb,5,0.001058466410140171,11,258,uncalibrated
0,histgb,5,0.0008711777038419358,12,258,uncalibrated
0,histgb,5,0.0007101601056682479,13,258,uncalibrated
0,histgb,5,0.0005627725502937467,14,258,uncalibrated
0,histgb,5,0.0005915708873869411,15,258,uncalibrated
0,histgb,5,0.08815657639215888,1,262,uncalibrated
0,histgb,5,0.14143956680837733,2,262,uncalibrated
0,histgb,5,0.021056785223585207,3,262,uncalibrated
0,histgb,5,0.012233616157407116,4,262,uncalibrated
0,histgb,5,0.001966459675483639,5,262,uncalibrated
0,histgb,5,0.0010336456688513343,6,262,uncalibrated
0,histgb,5,0.0010336456688513343,7,262,uncalibrated
0,histgb,5,0.0008878120284423495,8,262,uncalibrated
0,histgb,5,0.0013923412287233624,9,262,uncalibrated
0,histgb,5,0.0011045518402606623,10,262,uncalibrated
0,histgb,5,0.0008616871978267451,11,262,uncalibrated
0,histgb,5,0.0007091925663322255,12,262,uncalibrated
0,histgb,5,0.0005813453721098023,13,262,uncalibrated
0,histgb,5,0.0005489532901025379,14,262,uncalibrated
0,histgb,5,0.0005489532901025379,15,262,uncalibrated
1,histgb,5,0.6596798365475125,1,266,uncalibrated
1,histgb,5,0.18380487502610696,2,266,uncalibrated
1,histgb,5,0.7141555433397245,3,266,uncalibrated
1,histgb,5,0.9489004274243804,4,266,uncalibrated
0,histgb,5,0.8990796141893214,5,266,uncalibrated
1,histgb,5,0.6489120280000968,6,266,uncalibrated
0,histgb,5,0.8127088683211899,7,266,uncalibrated
0,histgb,5,0.784361510843119,8,266,uncalibrated
0,histgb,5,0.5009740025268797,9,266,uncalibrated
1,histgb,5,0.6678489831556144,10,266,uncalibrated
1,histgb,5,0.6002934070368495,11,266,uncalibrated
1,histgb,5,0.5349342943326172,12,266,uncalibrated
0,histgb,5,0.3765061366797345,13,266,uncalibrated
0,histgb,5,0.39559034798604886,14,266,uncalibrated
0,histgb,5,0.05818330702837088,15,266,uncalibrated
0,histgb,5,0.6418163758323958,1,278,uncalibrated
0,histgb,5,0.18380487502610696,2,278,uncalibrated
0,histgb,5,0.014667895132155107,3,278,uncalibrated
0,histgb,5,0.006336583238769731,4,278,uncalibrated
0,histgb,5,0.0017302959983528272,5,278,uncalibrated
0,histgb,5,0.0013768853184779432,6,278,uncalibrated
0,histgb,5,0.0013768853184779432,7,278,uncalibrated
0,histgb,5,0.0013630769113402406,8,278,uncalibrated
0,histgb,5,0.001251974059451441,9,278,uncalibrated
0,histgb,5,0.00099316894926773,10,278,uncalibrated
0,histgb,5,0.0008665277734895612,11,278,uncalibrated
0,histgb,5,0.0007131771064061794,12,278,uncalibrated
0,histgb,5,0.0007101601056682479,13,278,uncalibrated
0,histgb,5,0.0006705953895016275,14,278,uncalibrated
0,histgb,5,0.0006705953895016275,15,278,uncalibrated
1,histgb,5,0.6596798365475125,1,279,uncalibrated
1,histgb,5,0.18380487502610696,2,279,uncalibrated
1,histgb,5,0.011160729274964096,3,279,uncalibrated
1,histgb,5,0.125130243035981,4,279,uncalibrated
1,histgb,5,0.8598919209219611,5,279,uncalibrated
1,histgb,5,0.9486921577223171,6,279,uncalibrated
0,histgb,5,0.8901492718912798,7,279,uncalibrated
0,histgb,5,0.899100297979212,8,279,uncalibrated
0,histgb,5,0.5512860131375926,9,279,uncalibrated
0,histgb,5,0.20612125514446422,10,279,uncalibrated
0,histgb,5,0.14051054910678398,11,279,uncalibrated
0,histgb,5,0.02168140647542504,12,279,uncalibrated
0,histgb,5,0.0071064911986387395,13,279,uncalibrated
0,histgb,5,0.0023378769702748635,14,279,uncalibrated
0,histgb,5,0.00164306568347897,15,279,uncalibrated
0,histgb,5,0.7531136670575557,1,295,uncalibrated
0,histgb,5,0.944274850422849,2,295,uncalibrated
0,histgb,5,0.7206709094549315,3,295,uncalibrated
0,histgb,5,0.49756248593158686,4,295,uncalibrated
0,histgb,5,0.8271186504029925,5,295,uncalibrated
0,histgb,5,0.7202933274104943,6,295,uncalibrated
0,histgb,5,0.04935851574808586,7,295,uncalibrated
0,histgb,5,0.17050217791754302,8,295,uncalibrated
0,histgb,5,0.015793916565244297,9,295,uncalibrated
0,histgb,5,0.12329011776661544,10,295,uncalibrated
0,histgb,5,0.2888046251535451,11,295,uncalibrated
0,histgb,5,0.02906873023970426,12,295,uncalibrated
0,histgb,5,0.016253885606897694,13,295,uncalibrated
0,histgb,5,0.13744613762168698,14,295,uncalibrated
0,histgb,5,0.13744613762168698,15,295,uncalibrated
1,histgb,5,0.7934119660382055,1,298,uncalibrated
1,histgb,5,0.623582066238502,2,298,uncalibrated
1,histgb,5,0.923037526402449,3,298,uncalibrated
0,histgb,5,0.8514645672909448,4,298,uncalibrated
0,histgb,5,0.8087386803329233,5,298,uncalibrated
1,histgb,5,0.48899649205640605,6,298,uncalibrated
0,histgb,5,0.8211625720231951,7,298,uncalibrated
0,histgb,5,0.28029506431467444,8,298,uncalibrated
0,histgb,5,0.16773308494090902,9,298,uncalibrated
0,histgb,5,0.22239906344682128,10,298,uncalibrated
0,histgb,5,0.33240504241467367,11,298,uncalibrated
0,histgb,5,0.034583191991047625,12,298,uncalibrated
0,histgb,5,0.01155848142326785,13,298,uncalibrated
0,histgb,5,0.0028616500367594075,14,298,uncalibrated
0,histgb,5,0.0028616500367594075,15,298,uncalibrated
1,histgb,5,0.6596798365475125,1,306,uncalibrated
1,histgb,5,0.9399539685496804,2,306,uncalibrated
1,histgb,5,0.7206709094549315,3,306,uncalibrated
1,histgb,5,0.814745421249917,4,306,uncalibrated
1,histgb,5,0.9048806733128033,5,306,uncalibrated
1,histgb,5,0.9128713996518519,6,306,uncalibrated
1,histgb,5,0.9397953998844877,7,306,uncalibrated
1,histgb,5,0.9275481291845569,8,306,uncalibrated
0,histgb,5,0.49261032218835626,9,306,uncalibrated
0,histgb,5,0.7916040385675867,10,306,uncalibrated
0,histgb,5,0.8107832770104211,11,306,uncalibrated
0,histgb,5,0.012653688453058002,12,306,uncalibrated
0,histgb,5,0.06405363444524256,13,306,uncalibrated
0,histgb,5,0.12707044579460736,14,306,uncalibrated
0,histgb,5,0.14427269696425649,15,306,uncalibrated
0,histgb,5,0.4250094175691582,1,310,uncalibrated
0,histgb,5,0.1809833744684853,2,310,uncalibrated
0,histgb,5,0.021450355592062795,3,310,uncalibrated
0,histgb,5,0.006336583238769731,4,310,uncalibrated
0,histgb,5,0.001013479042221644,5,310,uncalibrated
0,histgb,5,0.0017647009499070633,6,310,uncalibrated
0,histgb,5,0.0013768853184779432,7,310,uncalibrated
0,histgb,5,0.0011826824663861034,8,310,uncalibrated
0,histgb,5,0.001251974059451441,9,310,uncalibrated
0,histgb,5,0.00099316894926773,10,310,uncalibrated
0,histgb,5,0.0008665277734895612,11,310,uncalibrated
0,histgb,5,0.0007131771064061794,12,310,uncalibrated
0,histgb,5,0.0005813453721098023,13,310,uncalibrated
0,histgb,5,0.0006705953895016275,14,310,uncalibrated
0,histgb,5,0.0006705953895016275,15,310,uncalibrated
0,histgb,5,0.6788300645849188,1,316,uncalibrated
0,histgb,5,0.20326822742433215,2,316,uncalibrated
0,histgb,5,0.011160729274964096,3,316,uncalibrated
0,histgb,5,0.011892447069278535,4,316,uncalibrated
0,histgb,5,0.0013500310700629986,5,316,uncalibrated
0,histgb,5,0.0019184840011815625,6,316,uncalibrated
0,histgb,5,0.0015868544450767913,7,316,uncalibrated
0,histgb,5,0.0013630769113402406,8,316,uncalibrated
0,histgb,5,0.0015291595957811239,9,316,uncalibrated
0,histgb,5,0.0012131249466507238,10,316,uncalibrated
0,histgb,5,0.001058466410140171,11,316,uncalibrated
0,histgb,5,0.000768534298848894,12,316,uncalibrated
0,histgb,5,0.0006264761292984295,13,316,uncalibrated
0,histgb,5,0.0005864358605846966,14,316,uncalibrated
0,histgb,5,0.0005864358605846966,15,316,uncalibrated
0,histgb,5,0.7934119660382055,1,323,uncalibrated
0,histgb,5,0.1039041150396272,2,323,uncalibrated
0,histgb,5,0.024818306635902277,3,323,uncalibrated
0,histgb,5,0.011892447069278535,4,323,uncalibrated
0,histgb,5,0.0013500310700629986,5,323,uncalibrated
0,histgb,5,0.0019184840011815625,6,323,uncalibrated
0,histgb,5,0.0015868544450767913,7,323,uncalibrated
0,histgb,5,0.0013630769113402406,8,323,uncalibrated
0,histgb,5,0.0018356959667730026,9,323,uncalibrated
0,histgb,5,0.004375467629637141,10,323,uncalibrated
0,histgb,5,0.001861572726426483,11,323,uncalibrated
0,histgb,5,0.0009850540985196822,12,323,uncalibrated
0,histgb,5,0.0006210383019761106,13,323,uncalibrated
0,histgb,5,0.0005864358605846966,14,323,uncalibrated
0,histgb,5,0.0005864358605846966,15,323,uncalibrated
1,histgb,5,0.6788300645849188,1,324,uncalibrated
1,histgb,5,0.9364563956686973,2,324,uncalibrated
1,histgb,5,0.9419315524192186,3,324,uncalibrated
1,histgb,5,0.9567282726380685,4,324,uncalibrated
0,histgb,5,0.907259221369778,5,324,uncalibrated
0,histgb,5,0.5421789140278996,6,324,uncalibrated
0,histgb,5,0.15392362423052364,7,324,uncalibrated
0,histgb,5,0.2392020756443462,8,324,uncalibrated
0,histgb,5,0.003792632959809254,9,324,uncalibrated
0,histgb,5,0.09013387061696221,10,324,uncalibrated
0,histgb,5,0.02875567779084201,11,324,uncalibrated
0,histgb,5,0.02781113712760925,12,324,uncalibrated
0,histgb,5,0.006023452798403588,13,324,uncalibrated
0,histgb,5,0.0006004471572802271,14,324,uncalibrated
0,histgb,5,0.0024660560214032888,15,324,uncalibrated
0,histgb,5,0.6418163758323958,1,325,uncalibrated
0,histgb,5,0.18380487502610696,2,325,uncalibrated
0,histgb,5,0.011160729274964096,3,325,uncalibrated
0,histgb,5,0.006336583238769731,4,325,uncalibrated
0,histgb,5,0.0017302959983528272,5,325,uncalibrated
0,histgb,5,0.0013768853184779432,6,325,uncalibrated
0,histgb,5,0.0015868544450767913,7,325,uncalibrated
0,histgb,5,0.0013630769113402406,8,325,uncalibrated
0,histgb,5,0.001251974059451441,9,325,uncalibrated
0,histgb,5,0.00099316894926773,10,325,uncalibrated
0,histgb,5,0.0008665277734895612,11,325,uncalibrated
0,histgb,5,0.0008711777038419358,12,325,uncalibrated
0,histgb,5,0.0007101601056682479,13,325,uncalibrated
0,histgb,5,0.0006705953895016275,14,325,uncalibrated
0,histgb,5,0.0005627725502937467,15,325,uncalibrated
0,histgb,5,0.6788300645849188,1,330,uncalibrated
0,histgb,5,0.18380487502610696,2,330,uncalibrated
0,histgb,5,0.011160729274964096,3,330,uncalibrated
0,histgb,5,0.011892447069278535,4,330,uncalibrated
0,histgb,5,0.0013500310700629986,5,330,uncalibrated
0,histgb,5,0.0019184840011815625,6,330,uncalibrated
0,histgb,5,0.0015868544450767913,7,330,uncalibrated
0,histgb,5,0.0013630769113402406,8,330,uncalibrated
0,histgb,5,0.001251974059451441,9,330,uncalibrated
0,histgb,5,0.00099316894926773,10,330,uncalibrated
0,histgb,5,0.001058466410140171,11,330,uncalibrated
0,histgb,5,0.0008711777038419358,12,330,uncalibrated
0,histgb,5,0.0007101601056682479,13,330,uncalibrated
0,histgb,5,0.0005915708873869411,14,330,uncalibrated
0,histgb,5,0.0005915708873869411,15,330,uncalibrated
0,histgb,5,0.4250094175691582,1,338,uncalibrated
0,histgb,5,0.1809833744684853,2,338,uncalibrated
0,histgb,5,0.021450355592062795,3,338,uncalibrated
0,histgb,5,0.006336583238769731,4,338,uncalibrated
0,histgb,5,0.001013479042221644,5,338,uncalibrated
0,histgb,5,0.0021076111135396648,6,338,uncalibrated
0,histgb,5,0.0017647009499070633,7,338,uncalibrated
0,histgb,5,0.0011826824663861034,8,338,uncalibrated
0,histgb,5,0.001251974059451441,9,338,uncalibrated
0,histgb,5,0.00099316894926773,10,338,uncalibrated
0,histgb,5,0.0008665277734895612,11,338,uncalibrated
0,histgb,5,0.0007131771064061794,12,338,uncalibrated
0,histgb,5,0.0005813453721098023,13,338,uncalibrated
0,histgb,5,0.0006705953895016275,14,338,uncalibrated
0,histgb,5,0.0006705953895016275,15,338,uncalibrated
0,histgb,5,0.08815657639215888,1,349,uncalibrated
0,histgb,5,0.14143956680837733,2,349,uncalibrated
0,histgb,5,0.711890607381718,3,349,uncalibrated
0,histgb,5,0.833317460748707,4,349,uncalibrated
0,histgb,5,0.41989895263884564,5,349,uncalibrated
0,histgb,5,0.029205967198401694,6,349,uncalibrated
0,histgb,5,0.37440914694363964,7,349,uncalibrated
0,histgb,5,0.3109798926352697,8,349,uncalibrated
0,histgb,5,0.01631500677956022,9,349,uncalibrated
0,histgb,5,0.0014853768449298946,10,349,uncalibrated
0,histgb,5,0.0006440325081964813,11,349,uncalibrated
0,histgb,5,0.0005300362599610547,12,349,uncalibrated
0,histgb,5,0.0006671821354606849,13,349,uncalibrated
0,histgb,5,0.0002445154538773821,14,349,uncalibrated
0,histgb,5,0.0008064769989860056,15,349,uncalibrated
0,histgb,5,0.4250094175691582,1,350,uncalibrated
0,histgb,5,0.2237129192902069,2,350,uncalibrated
0,histgb,5,0.021450355592062795,3,350,uncalibrated
0,histgb,5,0.013837053574592943,4,350,uncalibrated
0,histgb,5,0.001013479042221644,5,350,uncalibrated
0,histgb,5,0.0021076111135396648,6,350,uncalibrated
0,histgb,5,0.0017647009499070633,7,350,uncalibrated
0,histgb,5,0.0011826824663861034,8,350,uncalibrated
0,histgb,5,0.001086267366948586,9,350,uncalibrated
0,histgb,5,0.00099316894926773,10,350,uncalibrated
0,histgb,5,0.0008665277734895612,11,350,uncalibrated
0,histgb,5,0.0007131771064061794,12,350,uncalibrated
0,histgb,5,0.0005813453721098023,13,350,uncalibrated
0,histgb,5,0.0005489532901025379,14,350,uncalibrated
0,histgb,5,0.0005489532901025379,15,350,uncalibrated
0,histgb,5,0.4250094175691582,1,353,uncalibrated
0,histgb,5,0.1809833744684853,2,353,uncalibrated
0,histgb,5,0.021450355592062795,3,353,uncalibrated
0,histgb,5,0.011892447069278535,4,353,uncalibrated
0,histgb,5,0.0013500310700629986,5,353,uncalibrated
0,histgb,5,0.0013768853184779432,6,353,uncalibrated
0,histgb,5,0.0015868544450767913,7,353,uncalibrated
0,histgb,5,0.0013630769113402406,8,353,uncalibrated
0,histgb,5,0.001251974059451441,9,353,uncalibrated
0,histgb,5,0.00099316894926773,10,353,uncalibrated
0,histgb,5,0.0008665277734895612,11,353,uncalibrated
0,histgb,5,0.0008711777038419358,12,353,uncalibrated
0,histgb,5,0.0007101601056682479,13,353,uncalibrated
0,histgb,5,0.0006705953895016275,14,353,uncalibrated
0,histgb,5,0.0006705953895016275,15,353,uncalibrated
0,histgb,5,0.4250094175691582,1,358,uncalibrated
0,histgb,5,0.9014156568934951,2,358,uncalibrated
0,histgb,5,0.7457307548722658,3,358,uncalibrated
0,histgb,5,0.9489004274243804,4,358,uncalibrated
0,histgb,5,0.8990796141893214,5,358,uncalibrated
0,histgb,5,0.6489120280000968,6,358,uncalibrated
0,histgb,5,0.8127088683211899,7,358,uncalibrated
0,histgb,5,0.784361510843119,8,358,uncalibrated
0,histgb,5,0.6529678715661988,9,358,uncalibrated
0,histgb,5,0.25783471100411953,10,358,uncalibrated
0,histgb,5,0.21031704802797735,11,358,uncalibrated
0,histgb,5,0.06166905973417495,12,358,uncalibrated
0,histgb,5,0.12040964191585157,13,358,uncalibrated
0,histgb,5,0.0195298930967844,14,358,uncalibrated
0,histgb,5,0.002513680984141875,15,358,uncalibrated
0,histgb,5,0.6596798365475125,1,364,uncalibrated
0,histgb,5,0.18380487502610696,2,364,uncalibrated
0,histgb,5,0.011160729274964096,3,364,uncalibrated
0,histgb,5,0.011892447069278535,4,364,uncalibrated
0,histgb,5,0.0013500310700629986,5,364,uncalibrated
0,histgb,5,0.0019184840011815625,6,364,uncalibrated
0,histgb,5,0.0015868544450767913,7,364,uncalibrated
0,histgb,5,0.0013630769113402406,8,364,uncalibrated
0,histgb,5,0.0015291595957811239,9,364,uncalibrated
0,histgb,5,0.0012131249466507238,10,364,uncalibrated
0,histgb,5,0.001058466410140171,11,364,uncalibrated
0,histgb,5,0.000768534298848894,12,364,uncalibrated
0,histgb,5,0.0006210383019761106,13,364,uncalibrated
0,histgb,5,0.0005864358605846966,14,364,uncalibrated
0,histgb,5,0.0005864358605846966,15,364,uncalibrated
0,histgb,5,0.6837313571600808,1,365,uncalibrated
0,histgb,5,0.13264567869247038,2,365,uncalibrated
0,histgb,5,0.011160729274964096,3,365,uncalibrated
0,histgb,5,0.19050180831322608,4,365,uncalibrated
0,histgb,5,0.8555976258292125,5,365,uncalibrated
0,histgb,5,0.7822107720317756,6,365,uncalibrated
0,histgb,5,0.048897833746143225,7,365,uncalibrated
0,histgb,5,0.1769459939235299,8,365,uncalibrated
0,histgb,5,0.010918692448506118,9,365,uncalibrated
0,histgb,5,0.0013679385961343838,10,365,uncalibrated
0,histgb,5,0.0008303804555785092,11,365,uncalibrated
0,histgb,5,0.0002612009537937298,12,365,uncalibrated
0,histgb,5,0.00019823548323237358,13,365,uncalibrated
0,histgb,5,0.0007788214993554115,14,365,uncalibrated
0,histgb,5,0.0018146557846346865,15,365,uncalibrated
0,histgb,5,0.6596798365475125,1,366,uncalibrated
0,histgb,5,0.18380487502610696,2,366,uncalibrated
0,histgb,5,0.011160729274964096,3,366,uncalibrated
0,histgb,5,0.011892447069278535,4,366,uncalibrated
0,histgb,5,0.0017302959983528272,5,366,uncalibrated
0,histgb,5,0.0013768853184779432,6,366,uncalibrated
0,histgb,5,0.0015868544450767913,7,366,uncalibrated
0,histgb,5,0.0013630769113402406,8,366,uncalibrated
0,histgb,5,0.001251974059451441,9,366,uncalibrated
0,histgb,5,0.00099316894926773,10,366,uncalibrated
0,histgb,5,0.0008665277734895612,11,366,uncalibrated
0,histgb,5,0.0008711777038419358,12,366,uncalibrated
0,histgb,5,0.0007101601056682479,13,366,uncalibrated
0,histgb,5,0.0006705953895016275,14,366,uncalibrated
0,histgb,5,0.0006705953895016275,15,366,uncalibrated
0,histgb,5,0.4113684803602621,1,374,uncalibrated
0,histgb,5,0.1512573640992785,2,374,uncalibrated
0,histgb,5,0.014684947175541474,3,374,uncalibrated
0,histgb,5,0.012233616157407116,4,374,uncalibrated
0,histgb,5,0.0013362653832940398,5,374,uncalibrated
0,histgb,5,0.0010336456688513343,6,374,uncalibrated
0,histgb,5,0.0010336456688513343,7,374,uncalibrated
0,histgb,5,0.001515881656773614,8,374,uncalibrated
0,histgb,5,0.0013923412287233624,9,374,uncalibrated
0,histgb,5,0.0008616871978267451,10,374,uncalibrated
0,histgb,5,0.0008616871978267451,11,374,uncalibrated
0,histgb,5,0.0007131771064061794,12,374,uncalibrated
0,histgb,5,0.0005813453721098023,13,374,uncalibrated
0,histgb,5,0.0005489532901025379,14,374,uncalibrated
0,histgb,5,0.0005489532901025379,15,374,uncalibrated
0,histgb,5,0.7531136670575557,1,382,uncalibrated
0,histgb,5,0.944274850422849,2,382,uncalibrated
0,histgb,5,0.6339904428834038,3,382,uncalibrated
0,histgb,5,0.3195839130553767,4,382,uncalibrated
0,histgb,5,0.3335223082726222,5,382,uncalibrated
0,histgb,5,0.006767491003242039,6,382,uncalibrated
0,histgb,5,0.0005465685184052228,7,382,uncalibrated
0,histgb,5,0.0016878534190419277,8,382,uncalibrated
0,histgb,5,0.002059678065108538,9,382,uncalibrated
0,histgb,5,0.0016341794927894268,10,382,uncalibrated
0,histgb,5,0.001058466410140171,11,382,uncalibrated
0,histgb,5,0.000768534298848894,12,382,uncalibrated
0,histgb,5,0.0006264761292984295,13,382,uncalibrated
0,histgb,5,0.0005864358605846966,14,382,uncalibrated
0,histgb,5,0.0005864358605846966,15,382,uncalibrated
1,histgb,5,0.6596798365475125,1,389,uncalibrated
1,histgb,5,0.9399539685496804,2,389,uncalibrated
1,histgb,5,0.6339904428834038,3,389,uncalibrated
1,histgb,5,0.8247664783477934,4,389,uncalibrated
1,histgb,5,0.9293458875464526,5,389,uncalibrated
0,histgb,5,0.8658695775033387,6,389,uncalibrated
0,histgb,5,0.7267152115221847,7,389,uncalibrated
0,histgb,5,0.6866545018606982,8,389,uncalibrated
0,histgb,5,0.7368811329105263,9,389,uncalibrated
0,histgb,5,0.7526357515905102,10,389,uncalibrated
0,histgb,5,0.06321094008764475,11,389,uncalibrated
0,histgb,5,0.4124694615695198,12,389,uncalibrated
0,histgb,5,0.4903846199121156,13,389,uncalibrated
0,histgb,5,0.06945608733513733,14,389,uncalibrated
0,histgb,5,0.09104899888428579,15,389,uncalibrated
0,histgb,5,0.6596798365475125,1,396,uncalibrated
0,histgb,5,0.1039041150396272,2,396,uncalibrated
0,histgb,5,0.024818306635902277,3,396,uncalibrated
0,histgb,5,0.023037289686957146,4,396,uncalibrated
0,histgb,5,0.001595182921587195,5,396,uncalibrated
0,histgb,5,0.013187945261148318,6,396,uncalibrated
0,histgb,5,0.021210031416372618,7,396,uncalibrated
0,histgb,5,0.0006153898095359538,8,396,uncalibrated
0,histgb,5,0.0005456536981506455,9,396,uncalibrated
0,histgb,5,0.0004327941879542637,10,396,uncalibrated
0,histgb,5,0.0005517187075379812,11,396,uncalibrated
0,histgb,5,0.0010280919047012606,12,396,uncalibrated
0,histgb,5,0.00022341707528295923,13,396,uncalibrated
0,histgb,5,0.0003641765512923391,14,396,uncalibrated
0,histgb,5,0.0004294131912310549,15,396,uncalibrated
0,histgb,5,0.4250094175691582,1,405,uncalibrated
0,histgb,5,0.2237129192902069,2,405,uncalibrated
0,histgb,5,0.014684947175541474,3,405,uncalibrated
0,histgb,5,0.013837053574592943,4,405,uncalibrated
0,histgb,5,0.001013479042221644,5,405,uncalibrated
0,histgb,5,0.0017647009499070633,6,405,uncalibrated
0,histgb,5,0.0017647009499070633,7,405,uncalibrated
0,histgb,5,0.0011826824663861034,8,405,uncalibrated
0,histgb,5,0.001251974059451441,9,405,uncalibrated
0,histgb,5,0.00099316894926773,10,405,uncalibrated
0,histgb,5,0.0008665277734895612,11,405,uncalibrated
0,histgb,5,0.0007131771064061794,12,405,uncalibrated
0,histgb,5,0.0005813453721098023,13,405,uncalibrated
0,histgb,5,0.0005489532901025379,14,405,uncalibrated
0,histgb,5,0.0006705953895016275,15,405,uncalibrated
0,histgb,5,0.6837313571600808,1,409,uncalibrated
0,histgb,5,0.1039041150396272,2,409,uncalibrated
0,histgb,5,0.024818306635902277,3,409,uncalibrated
0,histgb,5,0.011892447069278535,4,409,uncalibrated
0,histgb,5,0.001595182921587195,5,409,uncalibrated
0,histgb,5,0.0019184840011815625,6,409,uncalibrated
0,histgb,5,0.0019380382217293506,7,409,uncalibrated
0,histgb,5,0.0016648194815270794,8,409,uncalibrated
0,histgb,5,0.0015291595957811239,9,409,uncalibrated
0,histgb,5,0.0010702359837125295,10,409,uncalibrated
0,histgb,5,0.0009256742693878945,11,409,uncalibrated
0,histgb,5,0.0007618643433419534,12,409,uncalibrated
0,histgb,5,0.0006210383019761106,13,409,uncalibrated
0,histgb,5,0.0005864358605846966,14,409,uncalibrated
0,histgb,5,0.0005864358605846966,15,409,uncalibrated
0,histgb,5,0.6418163758323958,1,414,uncalibrated
0,histgb,5,0.13278140224043772,2,414,uncalibrated
0,histgb,5,0.014667895132155107,3,414,uncalibrated
0,histgb,5,0.006336583238769731,4,414,uncalibrated
0,histgb,5,0.0017302959983528272,5,414,uncalibrated
0,histgb,5,0.0013768853184779432,6,414,uncalibrated
0,histgb,5,0.0015868544450767913,7,414,uncalibrated
0,histgb,5,0.0013630769113402406,8,414,uncalibrated
0,histgb,5,0.001251974059451441,9,414,uncalibrated
0,histgb,5,0.00099316894926773,10,414,uncalibrated
0,histgb,5,0.001058466410140171,11,414,uncalibrated
0,histgb,5,0.0008711777038419358,12,414,uncalibrated
0,histgb,5,0.0007101601056682479,13,414,uncalibrated
0,histgb,5,0.0006705953895016275,14,414,uncalibrated
0,histgb,5,0.0005915708873869411,15,414,uncalibrated
0,histgb,5,0.6596798365475125,1,420,uncalibrated
0,histgb,5,0.18380487502610696,2,420,uncalibrated
0,histgb,5,0.011160729274964096,3,420,uncalibrated
0,histgb,5,0.011892447069278535,4,420,uncalibrated
0,histgb,5,0.0013500310700629986,5,420,uncalibrated
0,histgb,5,0.0019184840011815625,6,420,uncalibrated
0,histgb,5,0.0015868544450767913,7,420,uncalibrated
0,histgb,5,0.0013630769113402406,8,420,uncalibrated
0,histgb,5,0.001251974059451441,9,420,uncalibrated
0,histgb,5,0.0012131249466507238,10,420,uncalibrated
0,histgb,5,0.001058466410140171,11,420,uncalibrated
0,histgb,5,0.0008711777038419358,12,420,uncalibrated
0,histgb,5,0.0005959795790184138,13,420,uncalibrated
0,histgb,5,0.0005915708873869411,14,420,uncalibrated
0,histgb,5,0.0005864358605846966,15,420,uncalibrated
0,histgb,5,0.6788300645849188,1,423,uncalibrated
0,histgb,5,0.1039041150396272,2,423,uncalibrated
0,histgb,5,0.7881935041435718,3,423,uncalibrated
0,histgb,5,0.7962586524785633,4,423,uncalibrated
0,histgb,5,0.9199415794901272,5,423,uncalibrated
0,histgb,5,0.5492376368205804,6,423,uncalibrated
0,histgb,5,0.3453478179991679,7,423,uncalibrated
0,histgb,5,0.6314940651314644,8,423,uncalibrated
0,histgb,5,0.26350144709769224,9,423,uncalibrated
0,histgb,5,0.7592964068452888,10,423,uncalibrated
0,histgb,5,0.1426020145251105,11,423,uncalibrated
0,histgb,5,0.5462920269002643,12,423,uncalibrated
0,histgb,5,0.13127884269343976,13,423,uncalibrated
0,histgb,5,0.4192055237258048,14,423,uncalibrated
0,histgb,5,0.612780558388112,15,423,uncalibrated
0,histgb,5,0.6418163758323958,1,424,uncalibrated
0,histgb,5,0.13278140224043772,2,424,uncalibrated
0,histgb,5,0.011160729274964096,3,424,uncalibrated
0,histgb,5,0.006336583238769731,4,424,uncalibrated
0,histgb,5,0.0017302959983528272,5,424,uncalibrated
0,histgb,5,0.0013768853184779432,6,424,uncalibrated
0,histgb,5,0.0015868544450767913,7,424,uncalibrated
0,histgb,5,0.0013630769113402406,8,424,uncalibrated
0,histgb,5,0.001251974059451441,9,424,uncalibrated
0,histgb,5,0.00099316894926773,10,424,uncalibrated
0,histgb,5,0.0008665277734895612,11,424,uncalibrated
0,histgb,5,0.0008711777038419358,12,424,uncalibrated
0,histgb,5,0.0007101601056682479,13,424,uncalibrated
0,histgb,5,0.0006705953895016275,14,424,uncalibrated
0,histgb,5,0.0005915708873869411,15,424,uncalibrated
0,histgb,5,0.6596798365475125,1,437,uncalibrated
0,histgb,5,0.13278140224043772,2,437,uncalibrated
0,histgb,5,0.021450355592062795,3,437,uncalibrated
0,histgb,5,0.006336583238769731,4,437,uncalibrated
0,histgb,5,0.0017302959983528272,5,437,uncalibrated
0,histgb,5,0.0017647009499070633,6,437,uncalibrated
0,histgb,5,0.0015868544450767913,7,437,uncalibrated
0,histgb,5,0.0013630769113402406,8,437,uncalibrated
0,histgb,5,0.001251974059451441,9,437,uncalibrated
0,histgb,5,0.00099316894926773,10,437,uncalibrated
0,histgb,5,0.0008665277734895612,11,437,uncalibrated
0,histgb,5,0.0008711777038419358,12,437,uncalibrated
0,histgb,5,0.0007101601056682479,13,437,uncalibrated
0,histgb,5,0.0008573130334045495,14,437,uncalibrated
0,histgb,5,0.0005915708873869411,15,437,uncalibrated
0,histgb,5,0.4250094175691582,1,443,uncalibrated
0,histgb,5,0.1809833744684853,2,443,uncalibrated
0,histgb,5,0.021450355592062795,3,443,uncalibrated
0,histgb,5,0.00834058814191265,4,443,uncalibrated
0,histgb,5,0.001013479042221644,5,443,uncalibrated
0,histgb,5,0.0021076111135396648,6,443,uncalibrated
0,histgb,5,0.0017647009499070633,7,443,uncalibrated
0,histgb,5,0.0011826824663861034,8,443,uncalibrated
0,histgb,5,0.001251974059451441,9,443,uncalibrated
0,histgb,5,0.00099316894926773,10,443,uncalibrated
0,histgb,5,0.0008665277734895612,11,443,uncalibrated
0,histgb,5,0.0007131771064061794,12,443,uncalibrated
0,histgb,5,0.0005813453721098023,13,443,uncalibrated
0,histgb,5,0.0005489532901025379,14,443,uncalibrated
0,histgb,5,0.0005489532901025379,15,443,uncalibrated
0,histgb,5,0.6596798365475125,1,450,uncalibrated
0,histgb,5,0.18380487502610696,2,450,uncalibrated
0,histgb,5,0.011160729274964096,3,450,uncalibrated
0,histgb,5,0.011892447069278535,4,450,uncalibrated
0,histgb,5,0.07541014614774226,5,450,uncalibrated
0,histgb,5,0.006767491003242039,6,450,uncalibrated
0,histgb,5,0.0006596922493640339,7,450,uncalibrated
0,histgb,5,0.002061342940768723,8,450,uncalibrated
0,histgb,5,0.002059678065108538,9,450,uncalibrated
0,histgb,5,0.0016341794927894268,10,450,uncalibrated
0,histgb,5,0.0009337770047599517,11,450,uncalibrated
0,histgb,5,0.000768534298848894,12,450,uncalibrated
0,histgb,5,0.0006210383019761106,13,450,uncalibrated
0,histgb,5,0.0006391519117222564,14,450,uncalibrated
0,histgb,5,0.0007901496132751745,15,450,uncalibrated
0,histgb,5,0.4250094175691582,1,455,uncalibrated
0,histgb,5,0.1809833744684853,2,455,uncalibrated
0,histgb,5,0.021450355592062795,3,455,uncalibrated
0,histgb,5,0.006336583238769731,4,455,uncalibrated
0,histgb,5,0.001013479042221644,5,455,uncalibrated
0,histgb,5,0.0021076111135396648,6,455,uncalibrated
0,histgb,5,0.0017647009499070633,7,455,uncalibrated
0,histgb,5,0.0011826824663861034,8,455,uncalibrated
0,histgb,5,0.001086267366948586,9,455,uncalibrated
0,histgb,5,0.00099316894926773,10,455,uncalibrated
0,histgb,5,0.0008665277734895612,11,455,uncalibrated
0,histgb,5,0.0007131771064061794,12,455,uncalibrated
0,histgb,5,0.0005813453721098023,13,455,uncalibrated
0,histgb,5,0.0005489532901025379,14,455,uncalibrated
0,histgb,5,0.0006705953895016275,15,455,uncalibrated
0,histgb,5,0.08815657639215888,1,469,uncalibrated
0,histgb,5,0.14143956680837733,2,469,uncalibrated
0,histgb,5,0.021056785223585207,3,469,uncalibrated
0,histgb,5,0.00835034676300724,4,469,uncalibrated
0,histgb,5,0.001966459675483639,5,469,uncalibrated
0,histgb,5,0.0010336456688513343,6,469,uncalibrated
0,histgb,5,0.0010336456688513343,7,469,uncalibrated
0,histgb,5,0.0008878120284423495,8,469,uncalibrated
0,histgb,5,0.0013923412287233624,9,469,uncalibrated
0,histgb,5,0.0011045518402606623,10,469,uncalibrated
0,histgb,5,0.0008616871978267451,11,469,uncalibrated
0,histgb,5,0.0007091925663322255,12,469,uncalibrated
0,histgb,5,0.0005813453721098023,13,469,uncalibrated
0,histgb,5,0.0005489532901025379,14,469,uncalibrated
0,histgb,5,0.0005489532901025379,15,469,uncalibrated
1,histgb,5,0.9731389514290512,1,470,uncalibrated
1,histgb,5,0.9728812883978207,2,470,uncalibrated
1,histgb,5,0.9677707451243198,3,470,uncalibrated
1,histgb,5,0.4500621894252062,4,470,uncalibrated
1,histgb,5,0.8796449437535127,5,470,uncalibrated
1,histgb,5,0.8553586948261434,6,470,uncalibrated
1,histgb,5,0.6355067109277472,7,470,uncalibrated
1,histgb,5,0.5136167196407041,8,470,uncalibrated
1,histgb,5,0.37653584952992286,9,470,uncalibrated
1,histgb,5,0.373850167195803,10,470,uncalibrated
1,histgb,5,0.1984223348963132,11,470,uncalibrated
1,histgb,5,0.15580825119706693,12,470,uncalibrated
0,histgb,5,0.6780755878968028,13,470,uncalibrated
0,histgb,5,0.48737955151966106,14,470,uncalibrated
0,histgb,5,0.4036759419927708,15,470,uncalibrated
0,histgb,5,0.7531136670575557,1,474,uncalibrated
0,histgb,5,0.20326822742433215,2,474,uncalibrated
0,histgb,5,0.011160729274964096,3,474,uncalibrated
0,histgb,5,0.011892447069278535,4,474,uncalibrated
0,histgb,5,0.0013500310700629986,5,474,uncalibrated
0,histgb,5,0.0019184840011815625,6,474,uncalibrated
0,histgb,5,0.0015868544450767913,7,474,uncalibrated
0,histgb,5,0.0013630769113402406,8,474,uncalibrated
0,histgb,5,0.0015291595957811239,9,474,uncalibrated
0,histgb,5,0.0012131249466507238,10,474,uncalibrated
0,histgb,5,0.001058466410140171,11,474,uncalibrated
0,histgb,5,0.000768534298848894,12,474,uncalibrated
0,histgb,5,0.0006210383019761106,13,474,uncalibrated
0,histgb,5,0.0005864358605846966,14,474,uncalibrated
0,histgb,5,0.0005864358605846966,15,474,uncalibrated
0,histgb,5,0.4250094175691582,1,476,uncalibrated
0,histgb,5,0.1809833744684853,2,476,uncalibrated
0,histgb,5,0.021450355592062795,3,476,uncalibrated
0,histgb,5,0.006336583238769731,4,476,uncalibrated
0,histgb,5,0.001013479042221644,5,476,uncalibrated
0,histgb,5,0.0021076111135396648,6,476,uncalibrated
0,histgb,5,0.0017647009499070633,7,476,uncalibrated
0,histgb,5,0.0011826824663861034,8,476,uncalibrated
0,histgb,5,0.001251974059451441,9,476,uncalibrated
0,histgb,5,0.00099316894926773,10,476,uncalibrated
0,histgb,5,0.0008665277734895612,11,476,uncalibrated
0,histgb,5,0.0007131771064061794,12,476,uncalibrated
0,histgb,5,0.0005813453721098023,13,476,uncalibrated
0,histgb,5,0.0005489532901025379,14,476,uncalibrated
0,histgb,5,0.0006705953895016275,15,476,uncalibrated
0,histgb,5,0.6418163758323958,1,480,uncalibrated
0,histgb,5,0.18380487502610696,2,480,uncalibrated
0,histgb,5,0.011160729274964096,3,480,uncalibrated
0,histgb,5,0.011892447069278535,4,480,uncalibrated
0,histgb,5,0.0013500310700629986,5,480,uncalibrated
0,histgb,5,0.0019184840011815625,6,480,uncalibrated
0,histgb,5,0.0015868544450767913,7,480,uncalibrated
0,histgb,5,0.0013630769113402406,8,480,uncalibrated
0,histgb,5,0.001251974059451441,9,480,uncalibrated
0,histgb,5,0.00099316894926773,10,480,uncalibrated
0,histgb,5,0.001058466410140171,11,480,uncalibrated
0,histgb,5,0.0008711777038419358,12,480,uncalibrated
0,histgb,5,0.0007101601056682479,13,480,uncalibrated
0,histgb,5,0.0005915708873869411,14,480,uncalibrated
0,histgb,5,0.0005915708873869411,15,480,uncalibrated
1,histgb,5,0.6788300645849188,1,481,uncalibrated
1,histgb,5,0.9364563956686973,2,481,uncalibrated
1,histgb,5,0.9280753528727026,3,481,uncalibrated
1,histgb,5,0.9323040013040056,4,481,uncalibrated
0,histgb,5,0.8937954940137779,5,481,uncalibrated
0,histgb,5,0.8358081358021217,6,481,uncalibrated
0,histgb,5,0.2828260066415529,7,481,uncalibrated
0,histgb,5,0.13120595909256824,8,481,uncalibrated
0,histgb,5,0.11154517544166549,9,481,uncalibrated
0,histgb,5,0.1713072416485962,10,481,uncalibrated
0,histgb,5,0.2083758390188017,11,481,uncalibrated
0,histgb,5,0.1472429137952187,12,481,uncalibrated
0,histgb,5,0.1479998377155308,13,481,uncalibrated
0,histgb,5,0.015623779365878708,14,481,uncalibrated
0,histgb,5,0.0359307259871201,15,481,uncalibrated
1,histgb,5,0.9731389514290512,1,485,uncalibrated
1,histgb,5,0.6315610639046123,2,485,uncalibrated
1,histgb,5,0.17729502905861044,3,485,uncalibrated
1,histgb,5,0.6990513092408377,4,485,uncalibrated
1,histgb,5,0.8038802523932467,5,485,uncalibrated
1,histgb,5,0.7765149781639363,6,485,uncalibrated
1,histgb,5,0.8671189440857762,7,485,uncalibrated
0,histgb,5,0.6885867231115991,8,485,uncalibrated
0,histgb,5,0.5624260562638812,9,485,uncalibrated
0,histgb,5,0.5746355424889872,10,485,uncalibrated
0,histgb,5,0.7392471794028265,11,485,uncalibrated
0,histgb,5,0.70585021762557,12,485,uncalibrated
0,histgb,5,0.759547044848119,13,485,uncalibrated
0,histgb,5,0.8512070207060995,14,485,uncalibrated
0,histgb,5,0.854384831325997,15,485,uncalibrated
0,histgb,5,0.08815657639215888,1,486,uncalibrated
0,histgb,5,0.8776426774419674,2,486,uncalibrated
0,histgb,5,0.7120155263707714,3,486,uncalibrated
0,histgb,5,0.3258412749802284,4,486,uncalibrated
0,histgb,5,0.24786335868358012,5,486,uncalibrated
0,histgb,5,0.00291319013518751,6,486,uncalibrated
0,histgb,5,0.0005497246300816458,7,486,uncalibrated
0,histgb,5,0.0011494047266619974,8,486,uncalibrated
0,histgb,5,0.0018754818238566606,9,486,uncalibrated
0,histgb,5,0.001487978692487487,10,486,uncalibrated
0,histgb,5,0.0008616871978267451,11,486,uncalibrated
0,histgb,5,0.0007091925663322255,12,486,uncalibrated
0,histgb,5,0.0005813453721098023,13,486,uncalibrated
0,histgb,5,0.0005489532901025379,14,486,uncalibrated
0,histgb,5,0.0005489532901025379,15,486,uncalibrated
0,histgb,5,0.08815657639215888,1,488,uncalibrated
0,histgb,5,0.14143956680837733,2,488,uncalibrated
0,histgb,5,0.021056785223585207,3,488,uncalibrated
0,histgb,5,0.012233616157407116,4,488,uncalibrated
0,histgb,5,0.001966459675483639,5,488,uncalibrated
0,histgb,5,0.0010336456688513343,6,488,uncalibrated
0,histgb,5,0.0010336456688513343,7,488,uncalibrated
0,histgb,5,0.0008878120284423495,8,488,uncalibrated
0,histgb,5,0.0013923412287233624,9,488,uncalibrated
0,histgb,5,0.0011045518402606623,10,488,uncalibrated
0,histgb,5,0.0011045518402606623,11,488,uncalibrated
0,histgb,5,0.0007091925663322255,12,488,uncalibrated
0,histgb,5,0.0005780969534550754,13,488,uncalibrated
0,histgb,5,0.0005489532901025379,14,488,uncalibrated
0,histgb,5,0.0005489532901025379,15,488,uncalibrated
0,histgb,5,0.7934119660382055,1,498,uncalibrated
0,histgb,5,0.7888268737963445,2,498,uncalibrated
0,histgb,5,0.17729502905861044,3,498,uncalibrated
0,histgb,5,0.3770499429104904,4,498,uncalibrated
0,histgb,5,0.044737885944445485,5,498,uncalibrated
0,histgb,5,0.3222627064158998,6,498,uncalibrated
0,histgb,5,0.017896714153705102,7,498,uncalibrated
0,histgb,5,0.0013257275800258618,8,498,uncalibrated
0,histgb,5,0.00036301295312153337,9,498,uncalibrated
0,histgb,5,0.0013138347799042497,10,498,uncalibrated
0,histgb,5,0.001781004384137431,11,498,uncalibrated
0,histgb,5,0.0012829347840178666,12,498,uncalibrated
0,histgb,5,0.0015438414772143056,13,498,uncalibrated
0,histgb,5,0.011194201758318412,14,498,uncalibrated
0,histgb,5,0.0008399883423773421,15,498,uncalibrated
