question_index,prefix,plurality_vote_key,plurality_correct,valid_answers,consensus,answer_entropy,vote_margin,unique_answers,answer_stability,invalid_extraction_rate,cumulative_output_tokens,delta_consensus,delta_entropy,delta_vote_margin,plurality_changed_previous_step,plurality_switches_so_far,longest_stable_streak_so_far,top_two_count_gap,recent_current_plurality_support,answer_change_risk,missed_recovery_risk,regression_risk,safe_stop,unsafe_stop
0,1,"sympy:(3, pi/2)",1,1,1.0,-0.0,1.0,1,1,0.0,275,0.0,0.0,0.0,0,0,1,1,1.0,0,0,0,1,0
0,2,"sympy:(3, pi/2)",1,2,1.0,-0.0,1.0,1,2,0.0,635,0.0,0.0,0.0,0,0,2,2,1.0,0,0,0,1,0
0,3,"sympy:(3, pi/2)",1,3,1.0,-0.0,1.0,1,3,0.0,992,0.0,0.0,0.0,0,0,3,3,1.0,0,0,0,1,0
0,4,"sympy:(3, pi/2)",1,4,1.0,-0.0,1.0,1,4,0.0,1281,0.0,0.0,0.0,0,0,4,4,1.0,0,0,0,1,0
0,5,"sympy:(3, pi/2)",1,5,1.0,-0.0,1.0,1,5,0.0,1568,0.0,0.0,0.0,0,0,5,5,1.0,0,0,0,1,0
0,6,"sympy:(3, pi/2)",1,6,1.0,-0.0,1.0,1,6,0.0,1893,0.0,0.0,0.0,0,0,6,6,1.0,0,0,0,1,0
0,7,"sympy:(3, pi/2)",1,7,1.0,-0.0,1.0,1,7,0.0,2164,0.0,0.0,0.0,0,0,7,7,1.0,0,0,0,1,0
0,8,"sympy:(3, pi/2)",1,8,1.0,-0.0,1.0,1,8,0.0,2410,0.0,0.0,0.0,0,0,8,8,1.0,0,0,0,1,0
0,9,"sympy:(3, pi/2)",1,9,1.0,-0.0,1.0,1,9,0.0,2736,0.0,0.0,0.0,0,0,9,9,1.0,0,0,0,1,0
0,10,"sympy:(3, pi/2)",1,10,1.0,-0.0,1.0,1,10,0.0,3035,0.0,0.0,0.0,0,0,10,10,1.0,0,0,0,1,0
0,11,"sympy:(3, pi/2)",1,11,1.0,-0.0,1.0,1,11,0.0,3311,0.0,0.0,0.0,0,0,11,11,1.0,0,0,0,1,0
0,12,"sympy:(3, pi/2)",1,12,1.0,-0.0,1.0,1,12,0.0,3565,0.0,0.0,0.0,0,0,12,12,1.0,0,0,0,1,0
0,13,"sympy:(3, pi/2)",1,13,1.0,-0.0,1.0,1,13,0.0,3918,0.0,0.0,0.0,0,0,13,13,1.0,0,0,0,1,0
0,14,"sympy:(3, pi/2)",1,14,1.0,-0.0,1.0,1,14,0.0,4260,0.0,0.0,0.0,0,0,14,14,1.0,0,0,0,1,0
0,15,"sympy:(3, pi/2)",1,15,1.0,-0.0,1.0,1,15,0.0,4636,0.0,0.0,0.0,0,0,15,15,1.0,0,0,0,1,0
0,16,"sympy:(3, pi/2)",1,16,1.0,-0.0,1.0,1,16,0.0,4955,0.0,0.0,0.0,0,0,16,16,1.0,0,0,0,1,0
1,1,sympy:p - q,1,1,1.0,-0.0,1.0,1,1,0.0,560,0.0,0.0,0.0,0,0,1,1,1.0,0,0,0,1,0
1,2,sympy:p - q,1,2,1.0,-0.0,1.0,1,2,0.0,1087,0.0,0.0,0.0,0,0,2,2,1.0,0,0,0,1,0
1,3,sympy:p - q,1,3,1.0,-0.0,1.0,1,3,0.0,1743,0.0,0.0,0.0,0,0,3,3,1.0,0,0,0,1,0
1,4,sympy:p - q,1,4,1.0,-0.0,1.0,1,4,0.0,2443,0.0,0.0,0.0,0,0,4,4,1.0,0,0,0,1,0
1,5,sympy:p - q,1,5,1.0,-0.0,1.0,1,5,0.0,3050,0.0,0.0,0.0,0,0,5,5,1.0,0,0,0,1,0
1,6,sympy:p - q,1,6,1.0,-0.0,1.0,1,6,0.0,3668,0.0,0.0,0.0,0,0,6,6,1.0,0,0,0,1,0
1,7,sympy:p - q,1,7,1.0,-0.0,1.0,1,7,0.0,4225,0.0,0.0,0.0,0,0,7,7,1.0,0,0,0,1,0
1,8,sympy:p - q,1,8,1.0,-0.0,1.0,1,8,0.0,4900,0.0,0.0,0.0,0,0,8,8,1.0,0,0,0,1,0
1,9,sympy:p - q,1,9,1.0,-0.0,1.0,1,9,0.0,5415,0.0,0.0,0.0,0,0,9,9,1.0,0,0,0,1,0
1,10,sympy:p - q,1,10,1.0,-0.0,1.0,1,10,0.0,6028,0.0,0.0,0.0,0,0,10,10,1.0,0,0,0,1,0
1,11,sympy:p - q,1,11,1.0,-0.0,1.0,1,11,0.0,6721,0.0,0.0,0.0,0,0,11,11,1.0,0,0,0,1,0
1,12,sympy:p - q,1,12,1.0,-0.0,1.0,1,12,0.0,7317,0.0,0.0,0.0,0,0,12,12,1.0,0,0,0,1,0
1,13,sympy:p - q,1,13,1.0,-0.0,1.0,1,13,0.0,7989,0.0,0.0,0.0,0,0,13,13,1.0,0,0,0,1,0
1,14,sympy:p - q,1,14,1.0,-0.0,1.0,1,14,0.0,8555,0.0,0.0,0.0,0,0,14,14,1.0,0,0,0,1,0
1,15,sympy:p - q,1,15,1.0,-0.0,1.0,1,15,0.0,9103,0.0,0.0,0.0,0,0,15,15,1.0,0,0,0,1,0
1,16,sympy:p - q,1,16,1.0,-0.0,1.0,1,16,0.0,9629,0.0,0.0,0.0,0,0,16,16,1.0,0,0,0,1,0
2,1,sympy:14/3,1,1,1.0,-0.0,1.0,1,1,0.0,520,0.0,0.0,0.0,0,0,1,1,1.0,0,0,0,1,0
2,2,sympy:14/3,1,2,1.0,-0.0,1.0,1,2,0.0,1038,0.0,0.0,0.0,0,0,2,2,1.0,0,0,0,1,0
2,3,sympy:14/3,1,3,1.0,-0.0,1.0,1,3,0.0,1543,0.0,0.0,0.0,0,0,3,3,1.0,0,0,0,1,0
2,4,sympy:14/3,1,4,1.0,-0.0,1.0,1,4,0.0,2026,0.0,0.0,0.0,0,0,4,4,1.0,0,0,0,1,0
2,5,sympy:14/3,1,5,1.0,-0.0,1.0,1,5,0.0,2514,0.0,0.0,0.0,0,0,5,5,1.0,0,0,0,1,0
2,6,sympy:14/3,1,6,1.0,-0.0,1.0,1,6,0.0,3006,0.0,0.0,0.0,0,0,6,6,1.0,0,0,0,1,0
2,7,sympy:14/3,1,7,1.0,-0.0,1.0,1,7,0.0,3498,0.0,0.0,0.0,0,0,7,7,1.0,0,0,0,1,0
2,8,sympy:14/3,1,8,1.0,-0.0,1.0,1,8,0.0,3968,0.0,0.0,0.0,0,0,8,8,1.0,0,0,0,1,0
2,9,sympy:14/3,1,9,1.0,-0.0,1.0,1,9,0.0,4498,0.0,0.0,0.0,0,0,9,9,1.0,0,0,0,1,0
2,10,sympy:14/3,1,10,1.0,-0.0,1.0,1,10,0.0,5013,0.0,0.0,0.0,0,0,10,10,1.0,0,0,0,1,0
2,11,sympy:14/3,1,11,1.0,-0.0,1.0,1,11,0.0,5501,0.0,0.0,0.0,0,0,11,11,1.0,0,0,0,1,0
2,12,sympy:14/3,1,12,1.0,-0.0,1.0,1,12,0.0,5974,0.0,0.0,0.0,0,0,12,12,1.0,0,0,0,1,0
2,13,sympy:14/3,1,13,1.0,-0.0,1.0,1,13,0.0,6452,0.0,0.0,0.0,0,0,13,13,1.0,0,0,0,1,0
2,14,sympy:14/3,1,14,1.0,-0.0,1.0,1,14,0.0,6945,0.0,0.0,0.0,0,0,14,14,1.0,0,0,0,1,0
2,15,sympy:14/3,1,15,1.0,-0.0,1.0,1,15,0.0,7434,0.0,0.0,0.0,0,0,15,15,1.0,0,0,0,1,0
2,16,sympy:14/3,1,16,1.0,-0.0,1.0,1,16,0.0,7912,0.0,0.0,0.0,0,0,16,16,1.0,0,0,0,1,0
3,1,sympy:9,1,1,1.0,-0.0,1.0,1,1,0.0,433,0.0,0.0,0.0,0,0,1,1,1.0,0,0,0,1,0
3,2,sympy:9,1,2,1.0,-0.0,1.0,1,2,0.0,919,0.0,0.0,0.0,0,0,2,2,1.0,0,0,0,1,0
3,3,sympy:9,1,3,1.0,-0.0,1.0,1,3,0.0,1379,0.0,0.0,0.0,0,0,3,3,1.0,0,0,0,1,0
3,4,sympy:9,1,4,1.0,-0.0,1.0,1,4,0.0,1845,0.0,0.0,0.0,0,0,4,4,1.0,0,0,0,1,0
3,5,sympy:9,1,5,1.0,-0.0,1.0,1,5,0.0,2304,0.0,0.0,0.0,0,0,5,5,1.0,0,0,0,1,0
3,6,sympy:9,1,6,1.0,-0.0,1.0,1,6,0.0,2777,0.0,0.0,0.0,0,0,6,6,1.0,0,0,0,1,0
3,7,sympy:9,1,7,1.0,-0.0,1.0,1,7,0.0,3230,0.0,0.0,0.0,0,0,7,7,1.0,0,0,0,1,0
3,8,sympy:9,1,8,1.0,-0.0,1.0,1,8,0.0,3767,0.0,0.0,0.0,0,0,8,8,1.0,0,0,0,1,0
3,9,sympy:9,1,9,1.0,-0.0,1.0,1,9,0.0,4230,0.0,0.0,0.0,0,0,9,9,1.0,0,0,0,1,0
3,10,sympy:9,1,10,1.0,-0.0,1.0,1,10,0.0,4794,0.0,0.0,0.0,0,0,10,10,1.0,0,0,0,1,0
3,11,sympy:9,1,11,1.0,-0.0,1.0,1,11,0.0,5346,0.0,0.0,0.0,0,0,11,11,1.0,0,0,0,1,0
3,12,sympy:9,1,12,1.0,-0.0,1.0,1,12,0.0,5859,0.0,0.0,0.0,0,0,12,12,1.0,0,0,0,1,0
3,13,sympy:9,1,13,1.0,-0.0,1.0,1,13,0.0,6336,0.0,0.0,0.0,0,0,13,13,1.0,0,0,0,1,0
3,14,sympy:9,1,14,1.0,-0.0,1.0,1,14,0.0,6734,0.0,0.0,0.0,0,0,14,14,1.0,0,0,0,1,0
3,15,sympy:9,1,15,1.0,-0.0,1.0,1,15,0.0,7230,0.0,0.0,0.0,0,0,15,15,1.0,0,0,0,1,0
3,16,sympy:9,1,16,1.0,-0.0,1.0,1,16,0.0,7703,0.0,0.0,0.0,0,0,16,16,1.0,0,0,0,1,0
4,1,sympy:E*e*l*n*v*y,1,1,1.0,-0.0,1.0,1,1,0.0,1024,0.0,0.0,0.0,0,0,1,1,1.0,0,0,0,1,0
4,2,sympy:E*e*l*n*v*y,1,2,1.0,-0.0,1.0,1,2,0.0,1513,0.0,0.0,0.0,0,0,2,2,1.0,0,0,0,1,0
4,3,sympy:E*e*l*n*v*y,1,3,1.0,-0.0,1.0,1,3,0.0,1970,0.0,0.0,0.0,0,0,3,3,1.0,0,0,0,1,0
4,4,sympy:E*e*l*n*v*y,1,4,1.0,-0.0,1.0,1,4,0.0,2466,0.0,0.0,0.0,0,0,4,4,1.0,0,0,0,1,0
4,5,sympy:E*e*l*n*v*y,1,5,1.0,-0.0,1.0,1,5,0.0,2956,0.0,0.0,0.0,0,0,5,5,1.0,0,0,0,1,0
4,6,sympy:E*e*l*n*v*y,1,6,1.0,-0.0,1.0,1,6,0.0,3611,0.0,0.0,0.0,0,0,6,6,1.0,0,0,0,1,0
4,7,sympy:E*e*l*n*v*y,1,7,1.0,-0.0,1.0,1,7,0.0,4253,0.0,0.0,0.0,0,0,7,7,1.0,0,0,0,1,0
4,8,sympy:E*e*l*n*v*y,1,8,1.0,-0.0,1.0,1,8,0.0,5053,0.0,0.0,0.0,0,0,8,8,1.0,0,0,0,1,0
4,9,sympy:E*e*l*n*v*y,1,9,1.0,-0.0,1.0,1,9,0.0,5649,0.0,0.0,0.0,0,0,9,9,1.0,0,0,0,1,0
4,10,sympy:E*e*l*n*v*y,1,10,1.0,-0.0,1.0,1,10,0.0,6673,0.0,0.0,0.0,0,0,10,10,1.0,0,0,0,1,0
4,11,sympy:E*e*l*n*v*y,1,11,1.0,-0.0,1.0,1,11,0.0,7182,0.0,0.0,0.0,0,0,11,11,1.0,0,0,0,1,0
4,12,sympy:E*e*l*n*v*y,1,12,1.0,-0.0,1.0,1,12,0.0,7703,0.0,0.0,0.0,0,0,12,12,1.0,0,0,0,1,0
4,13,sympy:E*e*l*n*v*y,1,13,1.0,-0.0,1.0,1,13,0.0,8133,0.0,0.0,0.0,0,0,13,13,1.0,0,0,0,1,0
4,14,sympy:E*e*l*n*v*y,1,14,1.0,-0.0,1.0,1,14,0.0,8600,0.0,0.0,0.0,0,0,14,14,1.0,0,0,0,1,0
4,15,sympy:E*e*l*n*v*y,1,15,1.0,-0.0,1.0,1,15,0.0,9193,0.0,0.0,0.0,0,0,15,15,1.0,0,0,0,1,0
4,16,sympy:E*e*l*n*v*y,1,16,1.0,-0.0,1.0,1,16,0.0,9658,0.0,0.0,0.0,0,0,16,16,1.0,0,0,0,1,0
5,1,sympy:42,1,1,1.0,-0.0,1.0,1,1,0.0,269,0.0,0.0,0.0,0,0,1,1,1.0,0,0,0,1,0
5,2,sympy:42,1,2,1.0,-0.0,1.0,1,2,0.0,539,0.0,0.0,0.0,0,0,2,2,1.0,0,0,0,1,0
5,3,sympy:42,1,3,1.0,-0.0,1.0,1,3,0.0,804,0.0,0.0,0.0,0,0,3,3,1.0,0,0,0,1,0
5,4,sympy:42,1,4,1.0,-0.0,1.0,1,4,0.0,1005,0.0,0.0,0.0,0,0,4,4,1.0,0,0,0,1,0
5,5,sympy:42,1,5,1.0,-0.0,1.0,1,5,0.0,1274,0.0,0.0,0.0,0,0,5,5,1.0,0,0,0,1,0
5,6,sympy:42,1,6,1.0,-0.0,1.0,1,6,0.0,1531,0.0,0.0,0.0,0,0,6,6,1.0,0,0,0,1,0
5,7,sympy:42,1,7,1.0,-0.0,1.0,1,7,0.0,1805,0.0,0.0,0.0,0,0,7,7,1.0,0,0,0,1,0
5,8,sympy:42,1,8,1.0,-0.0,1.0,1,8,0.0,2120,0.0,0.0,0.0,0,0,8,8,1.0,0,0,0,1,0
5,9,sympy:42,1,9,1.0,-0.0,1.0,1,9,0.0,2409,0.0,0.0,0.0,0,0,9,9,1.0,0,0,0,1,0
5,10,sympy:42,1,10,1.0,-0.0,1.0,1,10,0.0,2673,0.0,0.0,0.0,0,0,10,10,1.0,0,0,0,1,0
5,11,sympy:42,1,11,1.0,-0.0,1.0,1,11,0.0,2951,0.0,0.0,0.0,0,0,11,11,1.0,0,0,0,1,0
5,12,sympy:42,1,12,1.0,-0.0,1.0,1,12,0.0,3221,0.0,0.0,0.0,0,0,12,12,1.0,0,0,0,1,0
5,13,sympy:42,1,13,1.0,-0.0,1.0,1,13,0.0,3501,0.0,0.0,0.0,0,0,13,13,1.0,0,0,0,1,0
5,14,sympy:42,1,14,1.0,-0.0,1.0,1,14,0.0,3775,0.0,0.0,0.0,0,0,14,14,1.0,0,0,0,1,0
5,15,sympy:42,1,15,1.0,-0.0,1.0,1,15,0.0,4076,0.0,0.0,0.0,0,0,15,15,1.0,0,0,0,1,0
5,16,sympy:42,1,16,1.0,-0.0,1.0,1,16,0.0,4326,0.0,0.0,0.0,0,0,16,16,1.0,0,0,0,1,0
6,1,sympy:27,1,1,1.0,-0.0,1.0,1,1,0.0,386,0.0,0.0,0.0,0,0,1,1,1.0,0,0,0,1,0
6,2,sympy:27,1,2,1.0,-0.0,1.0,1,2,0.0,814,0.0,0.0,0.0,0,0,2,2,1.0,0,0,0,1,0
6,3,sympy:27,1,3,1.0,-0.0,1.0,1,3,0.0,1231,0.0,0.0,0.0,0,0,3,3,1.0,0,0,0,1,0
6,4,sympy:27,1,4,1.0,-0.0,1.0,1,4,0.0,1629,0.0,0.0,0.0,0,0,4,4,1.0,0,0,0,1,0
6,5,sympy:27,1,5,1.0,-0.0,1.0,1,5,0.0,1987,0.0,0.0,0.0,0,0,5,5,1.0,0,0,0,1,0
6,6,sympy:27,1,6,1.0,-0.0,1.0,1,6,0.0,3011,0.0,0.0,0.0,0,0,6,6,1.0,0,0,0,1,0
6,7,sympy:27,1,7,1.0,-0.0,1.0,1,7,0.0,3556,0.0,0.0,0.0,0,0,7,7,1.0,0,0,0,1,0
6,8,sympy:27,1,8,1.0,-0.0,1.0,1,8,0.0,3940,0.0,0.0,0.0,0,0,8,8,1.0,0,0,0,1,0
6,9,sympy:27,1,9,1.0,-0.0,1.0,1,9,0.0,4375,0.0,0.0,0.0,0,0,9,9,1.0,0,0,0,1,0
6,10,sympy:27,1,10,1.0,-0.0,1.0,1,10,0.0,4812,0.0,0.0,0.0,0,0,10,10,1.0,0,0,0,1,0
6,11,sympy:27,1,11,1.0,-0.0,1.0,1,11,0.0,5226,0.0,0.0,0.0,0,0,11,11,1.0,0,0,0,1,0
6,12,sympy:27,1,12,1.0,-0.0,1.0,1,12,0.0,5639,0.0,0.0,0.0,0,0,12,12,1.0,0,0,0,1,0
6,13,sympy:27,1,13,1.0,-0.0,1.0,1,13,0.0,6000,0.0,0.0,0.0,0,0,13,13,1.0,0,0,0,1,0
6,14,sympy:27,1,14,1.0,-0.0,1.0,1,14,0.0,6407,0.0,0.0,0.0,0,0,14,14,1.0,0,0,0,1,0
6,15,sympy:27,1,15,1.0,-0.0,1.0,1,15,0.0,6859,0.0,0.0,0.0,0,0,15,15,1.0,0,0,0,1,0
6,16,sympy:27,1,16,1.0,-0.0,1.0,1,16,0.0,7256,0.0,0.0,0.0,0,0,16,16,1.0,0,0,0,1,0
7,1,sympy:74,0,1,1.0,-0.0,1.0,1,1,0.0,756,0.0,0.0,0.0,0,0,1,1,1.0,1,1,0,0,1
7,2,sympy:74,0,2,0.5,0.6931471805599453,0.0,2,2,0.0,1780,-0.5,0.6931471805599453,-1.0,0,0,2,0,0.5,1,1,0,0,1
7,3,sympy:74,0,3,0.3333333333333333,1.0986122886681096,0.0,3,3,0.0,2505,-0.16666666666666669,0.4054651081081643,0.0,0,0,3,0,0.3333333333333333,1,1,0,0,1
7,4,sympy:74,0,4,0.25,1.3862943611198906,0.0,4,4,0.0,3075,-0.08333333333333331,0.287682072451781,0.0,0,0,4,0,0.0,1,1,0,0,1
7,5,sympy:90,1,5,0.4,1.3321790402101223,0.2,4,1,0.0,3608,0.15000000000000002,-0.05411532090976823,0.2,1,1,4,1,0.6666666666666666,0,0,0,1,0
7,6,sympy:90,1,6,0.5,1.242453324894,0.3333333333333333,4,2,0.0,4254,0.09999999999999998,-0.08972571531612239,0.1333333333333333,0,1,4,2,1.0,0,0,0,1,0
7,7,sympy:90,1,7,0.42857142857142855,1.4750763110546947,0.2857142857142857,5,3,0.0,4972,-0.07142857142857145,0.23262298616069477,-0.047619047619047616,0,1,4,2,0.6666666666666666,0,0,0,1,0
7,8,sympy:90,1,8,0.5,1.3862943611198906,0.375,5,4,0.0,5562,0.07142857142857145,-0.08878194993480415,0.0892857142857143,0,1,4,3,0.6666666666666666,0,0,0,1,0
7,9,sympy:90,1,9,0.5555555555555556,1.303092403761719,0.4444444444444444,5,5,0.0,6064,0.05555555555555558,-0.08320195735817149,0.06944444444444442,0,1,5,4,0.6666666666666666,0,0,0,1,0
7,10,sympy:90,1,10,0.6,1.2275294114572126,0.5,5,6,0.0,6635,0.0444444444444444,-0.07556299230450647,0.05555555555555558,0,1,6,5,1.0,0,0,0,1,0
7,11,sympy:90,1,11,0.5454545454545454,1.294545165844896,0.36363636363636365,5,7,0.0,7642,-0.054545454545454564,0.06701575438768348,-0.13636363636363635,0,1,7,4,0.6666666666666666,0,0,0,1,0
7,12,sympy:90,1,12,0.5833333333333334,1.2342678660790767,0.4166666666666667,5,8,0.0,8245,0.037878787878787956,-0.060277299765819414,0.05303030303030304,0,1,8,5,0.6666666666666666,0,0,0,1,0
7,13,sympy:90,1,13,0.5384615384615384,1.4105135571148382,0.38461538461538464,6,9,0.0,9069,-0.044871794871794934,0.1762456910357615,-0.03205128205128205,0,1,9,5,0.3333333333333333,0,0,0,1,0
7,14,sympy:90,1,14,0.5714285714285714,1.351783994289646,0.42857142857142855,6,10,0.0,9770,0.03296703296703296,-0.05872956282519226,0.04395604395604391,0,1,10,6,0.6666666666666666,0,0,0,1,0
7,15,sympy:90,1,15,0.5333333333333333,1.3792922544726758,0.3333333333333333,6,11,0.0,10553,-0.03809523809523807,0.027508260183029876,-0.09523809523809523,0,1,11,5,0.3333333333333333,0,0,0,1,0
7,16,sympy:90,1,16,0.5625,1.3306600933628872,0.375,6,12,0.0,11169,0.029166666666666674,-0.04863216110978863,0.041666666666666685,0,1,12,6,0.6666666666666666,0,0,0,1,0
8,1,sympy:3*sqrt(13),1,1,1.0,-0.0,1.0,1,1,0.0,391,0.0,0.0,0.0,0,0,1,1,1.0,0,0,0,1,0
8,2,sympy:3*sqrt(13),1,2,1.0,-0.0,1.0,1,2,0.0,847,0.0,0.0,0.0,0,0,2,2,1.0,0,0,0,1,0
8,3,sympy:3*sqrt(13),1,3,1.0,-0.0,1.0,1,3,0.0,1309,0.0,0.0,0.0,0,0,3,3,1.0,0,0,0,1,0
8,4,sympy:3*sqrt(13),1,4,1.0,-0.0,1.0,1,4,0.0,1784,0.0,0.0,0.0,0,0,4,4,1.0,0,0,0,1,0
8,5,sympy:3*sqrt(13),1,5,1.0,-0.0,1.0,1,5,0.0,2174,0.0,0.0,0.0,0,0,5,5,1.0,0,0,0,1,0
8,6,sympy:3*sqrt(13),1,6,1.0,-0.0,1.0,1,6,0.0,2542,0.0,0.0,0.0,0,0,6,6,1.0,0,0,0,1,0
8,7,sympy:3*sqrt(13),1,7,1.0,-0.0,1.0,1,7,0.0,2938,0.0,0.0,0.0,0,0,7,7,1.0,0,0,0,1,0
8,8,sympy:3*sqrt(13),1,8,1.0,-0.0,1.0,1,8,0.0,3293,0.0,0.0,0.0,0,0,8,8,1.0,0,0,0,1,0
8,9,sympy:3*sqrt(13),1,9,1.0,-0.0,1.0,1,9,0.0,3830,0.0,0.0,0.0,0,0,9,9,1.0,0,0,0,1,0
8,10,sympy:3*sqrt(13),1,10,1.0,-0.0,1.0,1,10,0.0,4211,0.0,0.0,0.0,0,0,10,10,1.0,0,0,0,1,0
8,11,sympy:3*sqrt(13),1,11,1.0,-0.0,1.0,1,11,0.0,4664,0.0,0.0,0.0,0,0,11,11,1.0,0,0,0,1,0
8,12,sympy:3*sqrt(13),1,12,1.0,-0.0,1.0,1,12,0.0,5142,0.0,0.0,0.0,0,0,12,12,1.0,0,0,0,1,0
8,13,sympy:3*sqrt(13),1,13,1.0,-0.0,1.0,1,13,0.0,5537,0.0,0.0,0.0,0,0,13,13,1.0,0,0,0,1,0
8,14,sympy:3*sqrt(13),1,14,1.0,-0.0,1.0,1,14,0.0,5937,0.0,0.0,0.0,0,0,14,14,1.0,0,0,0,1,0
8,15,sympy:3*sqrt(13),1,15,1.0,-0.0,1.0,1,15,0.0,6297,0.0,0.0,0.0,0,0,15,15,1.0,0,0,0,1,0
8,16,sympy:3*sqrt(13),1,16,1.0,-0.0,1.0,1,16,0.0,6649,0.0,0.0,0.0,0,0,16,16,1.0,0,0,0,1,0
9,1,sympy:5,0,1,1.0,-0.0,1.0,1,1,0.0,1024,0.0,0.0,0.0,0,0,1,1,1.0,1,0,0,1,1
9,2,sympy:5,0,2,0.5,0.6931471805599453,0.0,2,2,0.0,2048,-0.5,0.6931471805599453,-1.0,0,0,2,0,0.5,1,0,0,1,1
9,3,sympy:5,0,3,0.3333333333333333,1.0986122886681096,0.0,3,3,0.0,2727,-0.16666666666666669,0.4054651081081643,0.0,0,0,3,0,0.3333333333333333,1,0,0,1,1
9,4,sympy:1,0,4,0.5,1.0397207708399179,0.25,3,1,0.0,3751,0.16666666666666669,-0.058891517828191686,0.25,1,1,3,1,0.6666666666666666,0,0,0,1,0
9,5,sympy:4,1,5,0.4,1.0549201679861442,0.0,3,1,0.0,4490,-0.09999999999999998,0.015199397146226312,-0.25,1,2,3,0,0.3333333333333333,1,0,1,1,0
9,6,sympy:4,1,5,0.4,1.0549201679861442,0.0,3,2,0.16666666666666666,5514,0.0,0.0,0.0,0,2,3,0,0.5,1,0,1,1,0
9,7,sympy:4,1,6,0.3333333333333333,1.3296613488547582,0.0,4,3,0.14285714285714285,6538,-0.06666666666666671,0.274741180868614,0.0,0,2,3,0,0.5,1,0,1,1,0
9,8,sympy:4,1,7,0.2857142857142857,1.5498260458782016,0.0,5,4,0.125,7562,-0.047619047619047616,0.22016469702344343,0.0,0,2,4,0,0.0,1,0,1,1,0
9,9,sympy:4,1,8,0.25,1.559581156259877,0.0,5,5,0.1111111111111111,8176,-0.0357142857142857,0.009755110381675314,0.0,0,2,5,0,0.0,1,0,1,1,0
9,10,sympy:2,0,9,0.3333333333333333,1.5229550675313184,0.1111111111111111,5,1,0.1,8761,0.08333333333333331,-0.03662608872855855,0.1111111111111111,1,3,5,1,1.0,1,0,0,1,1
9,11,sympy:2,0,10,0.4,1.4708084763221114,0.2,5,2,0.09090909090909091,9428,0.06666666666666671,-0.05214659120920695,0.0888888888888889,0,3,5,2,1.0,1,0,0,1,1
9,12,sympy:2,0,10,0.4,1.4708084763221114,0.2,5,3,0.16666666666666666,10452,0.0,0.0,0.0,0,3,5,2,1.0,1,0,0,1,1
9,13,sympy:2,0,11,0.36363636363636365,1.4681399390162087,0.09090909090909091,5,4,0.15384615384615385,11192,-0.036363636363636376,-0.002668537305902774,-0.1090909090909091,0,3,5,1,0.5,1,0,0,1,1
9,14,sympy:2,0,12,0.3333333333333333,1.4735023850806486,0.08333333333333333,5,5,0.14285714285714285,11752,-0.03030303030303033,0.0053624460644399186,-0.007575757575757583,0,3,5,1,0.0,1,0,0,1,1
9,15,sympy:1,0,13,0.3076923076923077,1.4583192224643482,0.0,5,1,0.13333333333333333,12321,-0.025641025641025605,-0.015183162616300372,-0.08333333333333333,1,4,5,0,0.6666666666666666,0,0,0,1,0
9,16,sympy:1,0,14,0.35714285714285715,1.4327570529970877,0.07142857142857142,5,2,0.125,13015,0.04945054945054944,-0.02556216946726053,0.07142857142857142,0,4,5,1,0.6666666666666666,0,0,0,1,0
10,1,sympy:2220,1,1,1.0,-0.0,1.0,1,1,0.0,367,0.0,0.0,0.0,0,0,1,1,1.0,0,0,0,1,0
10,2,sympy:2220,1,2,1.0,-0.0,1.0,1,2,0.0,755,0.0,0.0,0.0,0,0,2,2,1.0,0,0,0,1,0
10,3,sympy:2220,1,3,1.0,-0.0,1.0,1,3,0.0,1146,0.0,0.0,0.0,0,0,3,3,1.0,0,0,0,1,0
10,4,sympy:2220,1,4,1.0,-0.0,1.0,1,4,0.0,1502,0.0,0.0,0.0,0,0,4,4,1.0,0,0,0,1,0
10,5,sympy:2220,1,5,1.0,-0.0,1.0,1,5,0.0,1844,0.0,0.0,0.0,0,0,5,5,1.0,0,0,0,1,0
10,6,sympy:2220,1,6,1.0,-0.0,1.0,1,6,0.0,2311,0.0,0.0,0.0,0,0,6,6,1.0,0,0,0,1,0
10,7,sympy:2220,1,7,1.0,-0.0,1.0,1,7,0.0,2630,0.0,0.0,0.0,0,0,7,7,1.0,0,0,0,1,0
10,8,sympy:2220,1,8,1.0,-0.0,1.0,1,8,0.0,2966,0.0,0.0,0.0,0,0,8,8,1.0,0,0,0,1,0
10,9,sympy:2220,1,9,1.0,-0.0,1.0,1,9,0.0,3350,0.0,0.0,0.0,0,0,9,9,1.0,0,0,0,1,0
10,10,sympy:2220,1,10,1.0,-0.0,1.0,1,10,0.0,3717,0.0,0.0,0.0,0,0,10,10,1.0,0,0,0,1,0
10,11,sympy:2220,1,11,1.0,-0.0,1.0,1,11,0.0,4089,0.0,0.0,0.0,0,0,11,11,1.0,0,0,0,1,0
10,12,sympy:2220,1,12,1.0,-0.0,1.0,1,12,0.0,4506,0.0,0.0,0.0,0,0,12,12,1.0,0,0,0,1,0
10,13,sympy:2220,1,13,1.0,-0.0,1.0,1,13,0.0,4859,0.0,0.0,0.0,0,0,13,13,1.0,0,0,0,1,0
10,14,sympy:2220,1,14,1.0,-0.0,1.0,1,14,0.0,5252,0.0,0.0,0.0,0,0,14,14,1.0,0,0,0,1,0
10,15,sympy:2220,1,15,1.0,-0.0,1.0,1,15,0.0,5624,0.0,0.0,0.0,0,0,15,15,1.0,0,0,0,1,0
10,16,sympy:2220,1,16,1.0,-0.0,1.0,1,16,0.0,6044,0.0,0.0,0.0,0,0,16,16,1.0,0,0,0,1,0
11,1,,0,0,,,,0,0,1.0,1024,0.0,0.0,0.0,0,0,0,0,0.0,1,0,0,1,1
11,2,sympy:8/63,0,1,1.0,-0.0,1.0,1,1,0.5,1873,1.0,-0.0,1.0,0,0,1,1,1.0,0,0,0,1,0
11,3,sympy:8/63,0,2,0.5,0.6931471805599453,0.0,2,2,0.3333333333333333,2775,-0.5,0.6931471805599453,-1.0,0,0,2,0,0.5,0,0,0,1,0
11,4,sympy:8/63,0,3,0.3333333333333333,1.0986122886681096,0.0,3,3,0.25,3663,-0.16666666666666669,0.4054651081081643,0.0,0,0,3,0,0.3333333333333333,0,0,0,1,0
11,5,sympy:8/63,0,4,0.25,1.3862943611198906,0.0,4,4,0.2,4462,-0.08333333333333331,0.287682072451781,0.0,0,0,4,0,0.0,0,0,0,1,0
11,6,sympy:8/63,0,5,0.2,1.6094379124341005,0.0,5,5,0.16666666666666666,5249,-0.04999999999999999,0.22314355131420993,0.0,0,0,5,0,0.0,0,0,0,1,0
11,7,sympy:8/63,0,5,0.2,1.6094379124341005,0.0,5,6,0.2857142857142857,6273,0.0,0.0,0.0,0,0,6,0,0.0,0,0,0,1,0
11,8,sympy:8/63,0,6,0.16666666666666666,1.791759469228055,0.0,6,7,0.25,7177,-0.033333333333333354,0.18232155679395445,0.0,0,0,7,0,0.0,0,0,0,1,0
11,9,sympy:8/63,0,6,0.16666666666666666,1.791759469228055,0.0,6,8,0.3333333333333333,8201,0.0,0.0,0.0,0,0,8,0,0.0,0,0,0,1,0
11,10,sympy:8/63,0,7,0.2857142857142857,1.7478680974667573,0.14285714285714285,6,9,0.3,9206,0.11904761904761904,-0.04389137176129765,0.14285714285714285,0,0,9,1,0.5,0,0,0,1,0
11,11,sympy:8/63,0,8,0.25,1.732867951399863,0.0,6,10,0.2727272727272727,10122,-0.0357142857142857,-0.01500014606689426,-0.14285714285714285,0,0,10,0,0.5,0,0,0,1,0
11,12,sympy:8/63,0,9,0.2222222222222222,1.7351264569629226,0.0,6,11,0.25,10978,-0.02777777777777779,0.0022585055630595097,0.0,0,0,11,0,0.3333333333333333,0,0,0,1,0
11,13,sympy:8/63,0,9,0.2222222222222222,1.7351264569629226,0.0,6,12,0.3076923076923077,12002,0.0,0.0,0.0,0,0,12,0,0.0,0,0,0,1,0
11,14,sympy:8/63,0,9,0.2222222222222222,1.7351264569629226,0.0,6,13,0.35714285714285715,13026,0.0,0.0,0.0,0,0,13,0,0.0,0,0,0,1,0
11,15,sympy:8/63,0,10,0.2,1.8866967846580784,0.0,7,14,0.3333333333333333,13836,-0.0222222222222222,0.15157032769515588,0.0,0,0,14,0,0.0,0,0,0,1,0
11,16,sympy:8/63,0,10,0.2,1.8866967846580784,0.0,7,15,0.375,14860,0.0,0.0,0.0,0,0,15,0,0.0,0,0,0,1,0
12,1,sympy:284,1,1,1.0,-0.0,1.0,1,1,0.0,561,0.0,0.0,0.0,0,0,1,1,1.0,0,0,0,1,0
12,2,sympy:284,1,2,1.0,-0.0,1.0,1,2,0.0,1010,0.0,0.0,0.0,0,0,2,2,1.0,0,0,0,1,0
12,3,sympy:284,1,3,0.6666666666666666,0.6365141682948128,0.3333333333333333,2,3,0.0,1517,-0.33333333333333337,0.6365141682948128,-0.6666666666666667,0,0,3,1,0.6666666666666666,0,0,0,1,0
12,4,sympy:284,1,4,0.75,0.5623351446188083,0.5,2,4,0.0,2139,0.08333333333333337,-0.07417902367600449,0.16666666666666669,0,0,4,2,0.6666666666666666,0,0,0,1,0
12,5,sympy:284,1,5,0.8,0.5004024235381879,0.6,2,5,0.0,2746,0.050000000000000044,-0.06193272108062042,0.09999999999999998,0,0,5,3,0.6666666666666666,0,0,0,1,0
12,6,sympy:284,1,6,0.8333333333333334,0.45056120886630463,0.6666666666666666,2,6,0.0,3196,0.033333333333333326,-0.04984121467188324,0.06666666666666665,0,0,6,4,1.0,0,0,0,1,0
12,7,sympy:284,1,7,0.8571428571428571,0.410116318288409,0.7142857142857143,2,7,0.0,3945,0.023809523809523725,-0.04044489057789563,0.04761904761904767,0,0,7,5,1.0,0,0,0,1,0
12,8,sympy:284,1,8,0.875,0.37677016125643675,0.75,2,8,0.0,4408,0.017857142857142905,-0.033346157031972246,0.0357142857142857,0,0,8,6,1.0,0,0,0,1,0
12,9,sympy:284,1,9,0.7777777777777778,0.5297061990576545,0.5555555555555556,2,9,0.0,4910,-0.09722222222222221,0.15293603780121773,-0.19444444444444442,0,0,9,5,0.6666666666666666,0,0,0,1,0
12,10,sympy:284,1,10,0.8,0.5004024235381879,0.6,2,10,0.0,5576,0.022222222222222254,-0.029303775519466613,0.0444444444444444,0,0,10,6,0.6666666666666666,0,0,0,1,0
12,11,sympy:284,1,11,0.8181818181818182,0.47413931305783735,0.6363636363636364,2,11,0.0,6114,0.018181818181818188,-0.026263110480350516,0.036363636363636376,0,0,11,7,0.6666666666666666,0,0,0,1,0
12,12,sympy:284,1,12,0.8333333333333334,0.45056120886630463,0.6666666666666666,2,12,0.0,6943,0.015151515151515138,-0.023578104191532723,0.030303030303030276,0,0,12,8,1.0,0,0,0,1,0
12,13,sympy:284,1,13,0.8461538461538461,0.4293230219306162,0.6923076923076923,2,13,0.0,7967,0.012820512820512775,-0.021238186935688408,0.02564102564102566,0,0,13,9,1.0,0,0,0,1,0
12,14,sympy:284,1,14,0.8571428571428571,0.410116318288409,0.7142857142857143,2,14,0.0,8523,0.01098901098901095,-0.019206703642207223,0.02197802197802201,0,0,14,10,1.0,0,0,0,1,0
12,15,sympy:284,1,15,0.8666666666666667,0.39267446722755217,0.7333333333333333,2,15,0.0,9093,0.009523809523809601,-0.017441851060856828,0.01904761904761898,0,0,15,11,1.0,0,0,0,1,0
12,16,sympy:284,1,16,0.875,0.37677016125643675,0.75,2,16,0.0,9542,0.008333333333333304,-0.015904305971115418,0.01666666666666672,0,0,16,12,1.0,0,0,0,1,0
13,1,sympy:5,1,1,1.0,-0.0,1.0,1,1,0.0,209,0.0,0.0,0.0,0,0,1,1,1.0,0,0,0,1,0
13,2,sympy:5,1,2,1.0,-0.0,1.0,1,2,0.0,479,0.0,0.0,0.0,0,0,2,2,1.0,0,0,0,1,0
13,3,sympy:5,1,3,1.0,-0.0,1.0,1,3,0.0,707,0.0,0.0,0.0,0,0,3,3,1.0,0,0,0,1,0
13,4,sympy:5,1,4,1.0,-0.0,1.0,1,4,0.0,932,0.0,0.0,0.0,0,0,4,4,1.0,0,0,0,1,0
13,5,sympy:5,1,5,1.0,-0.0,1.0,1,5,0.0,1154,0.0,0.0,0.0,0,0,5,5,1.0,0,0,0,1,0
13,6,sympy:5,1,6,1.0,-0.0,1.0,1,6,0.0,1392,0.0,0.0,0.0,0,0,6,6,1.0,0,0,0,1,0
13,7,sympy:5,1,7,1.0,-0.0,1.0,1,7,0.0,1627,0.0,0.0,0.0,0,0,7,7,1.0,0,0,0,1,0
13,8,sympy:5,1,8,1.0,-0.0,1.0,1,8,0.0,1852,0.0,0.0,0.0,0,0,8,8,1.0,0,0,0,1,0
13,9,sympy:5,1,9,1.0,-0.0,1.0,1,9,0.0,2109,0.0,0.0,0.0,0,0,9,9,1.0,0,0,0,1,0
13,10,sympy:5,1,10,1.0,-0.0,1.0,1,10,0.0,2346,0.0,0.0,0.0,0,0,10,10,1.0,0,0,0,1,0
13,11,sympy:5,1,11,1.0,-0.0,1.0,1,11,0.0,2610,0.0,0.0,0.0,0,0,11,11,1.0,0,0,0,1,0
13,12,sympy:5,1,12,1.0,-0.0,1.0,1,12,0.0,2859,0.0,0.0,0.0,0,0,12,12,1.0,0,0,0,1,0
13,13,sympy:5,1,13,1.0,-0.0,1.0,1,13,0.0,3105,0.0,0.0,0.0,0,0,13,13,1.0,0,0,0,1,0
13,14,sympy:5,1,14,1.0,-0.0,1.0,1,14,0.0,4129,0.0,0.0,0.0,0,0,14,14,1.0,0,0,0,1,0
13,15,sympy:5,1,15,1.0,-0.0,1.0,1,15,0.0,4383,0.0,0.0,0.0,0,0,15,15,1.0,0,0,0,1,0
13,16,sympy:5,1,16,1.0,-0.0,1.0,1,16,0.0,4601,0.0,0.0,0.0,0,0,16,16,1.0,0,0,0,1,0
14,1,sympy:10,0,1,1.0,-0.0,1.0,1,1,0.0,310,0.0,0.0,0.0,0,0,1,1,1.0,0,0,0,1,0
14,2,sympy:10,0,2,0.5,0.6931471805599453,0.0,2,2,0.0,709,-0.5,0.6931471805599453,-1.0,0,0,2,0,0.5,0,0,0,1,0
14,3,sympy:10,0,3,0.6666666666666666,0.6365141682948128,0.3333333333333333,2,3,0.0,968,0.16666666666666663,-0.05663301226513251,0.3333333333333333,0,0,3,1,0.6666666666666666,0,0,0,1,0
14,4,sympy:10,0,4,0.75,0.5623351446188083,0.5,2,4,0.0,1190,0.08333333333333337,-0.07417902367600449,0.16666666666666669,0,0,4,2,0.6666666666666666,0,0,0,1,0
14,5,sympy:10,0,5,0.8,0.5004024235381879,0.6,2,5,0.0,1448,0.050000000000000044,-0.06193272108062042,0.09999999999999998,0,0,5,3,1.0,0,0,0,1,0
14,6,sympy:10,0,6,0.8333333333333334,0.45056120886630463,0.6666666666666666,2,6,0.0,1680,0.033333333333333326,-0.04984121467188324,0.06666666666666665,0,0,6,4,1.0,0,0,0,1,0
14,7,sympy:10,0,7,0.8571428571428571,0.410116318288409,0.7142857142857143,2,7,0.0,1923,0.023809523809523725,-0.04044489057789563,0.04761904761904767,0,0,7,5,1.0,0,0,0,1,0
14,8,sympy:10,0,8,0.75,0.5623351446188083,0.5,2,8,0.0,2356,-0.1071428571428571,0.1522188263303993,-0.2142857142857143,0,0,8,4,0.6666666666666666,0,0,0,1,0
14,9,sympy:10,0,9,0.7777777777777778,0.5297061990576545,0.5555555555555556,2,9,0.0,2567,0.02777777777777779,-0.03262894556115381,0.05555555555555558,0,0,9,5,0.6666666666666666,0,0,0,1,0
14,10,sympy:10,0,10,0.8,0.5004024235381879,0.6,2,10,0.0,2794,0.022222222222222254,-0.029303775519466613,0.0444444444444444,0,0,10,6,0.6666666666666666,0,0,0,1,0
14,11,sympy:10,0,11,0.8181818181818182,0.47413931305783735,0.6363636363636364,2,11,0.0,3049,0.018181818181818188,-0.026263110480350516,0.036363636363636376,0,0,11,7,1.0,0,0,0,1,0
14,12,sympy:10,0,12,0.8333333333333334,0.45056120886630463,0.6666666666666666,2,12,0.0,3297,0.015151515151515138,-0.023578104191532723,0.030303030303030276,0,0,12,8,1.0,0,0,0,1,0
14,13,sympy:10,0,13,0.8461538461538461,0.4293230219306162,0.6923076923076923,2,13,0.0,3524,0.012820512820512775,-0.021238186935688408,0.02564102564102566,0,0,13,9,1.0,0,0,0,1,0
14,14,sympy:10,0,14,0.8571428571428571,0.410116318288409,0.7142857142857143,2,14,0.0,3768,0.01098901098901095,-0.019206703642207223,0.02197802197802201,0,0,14,10,1.0,0,0,0,1,0
14,15,sympy:10,0,15,0.8666666666666667,0.39267446722755217,0.7333333333333333,2,15,0.0,4017,0.009523809523809601,-0.017441851060856828,0.01904761904761898,0,0,15,11,1.0,0,0,0,1,0
14,16,sympy:10,0,16,0.875,0.37677016125643675,0.75,2,16,0.0,4200,0.008333333333333304,-0.015904305971115418,0.01666666666666672,0,0,16,12,1.0,0,0,0,1,0
15,1,sympy:-1*5*i + 6,1,1,1.0,-0.0,1.0,1,1,0.0,672,0.0,0.0,0.0,0,0,1,1,1.0,0,0,0,1,0
15,2,sympy:-1*5*i + 6,1,2,1.0,-0.0,1.0,1,2,0.0,1326,0.0,0.0,0.0,0,0,2,2,1.0,0,0,0,1,0
15,3,sympy:-1*5*i + 6,1,3,1.0,-0.0,1.0,1,3,0.0,1869,0.0,0.0,0.0,0,0,3,3,1.0,0,0,0,1,0
15,4,sympy:-1*5*i + 6,1,4,1.0,-0.0,1.0,1,4,0.0,2350,0.0,0.0,0.0,0,0,4,4,1.0,0,0,0,1,0
15,5,sympy:-1*5*i + 6,1,5,1.0,-0.0,1.0,1,5,0.0,2931,0.0,0.0,0.0,0,0,5,5,1.0,0,0,0,1,0
15,6,sympy:-1*5*i + 6,1,6,1.0,-0.0,1.0,1,6,0.0,3572,0.0,0.0,0.0,0,0,6,6,1.0,0,0,0,1,0
15,7,sympy:-1*5*i + 6,1,7,1.0,-0.0,1.0,1,7,0.0,4175,0.0,0.0,0.0,0,0,7,7,1.0,0,0,0,1,0
15,8,sympy:-1*5*i + 6,1,8,1.0,-0.0,1.0,1,8,0.0,4833,0.0,0.0,0.0,0,0,8,8,1.0,0,0,0,1,0
15,9,sympy:-1*5*i + 6,1,9,1.0,-0.0,1.0,1,9,0.0,5439,0.0,0.0,0.0,0,0,9,9,1.0,0,0,0,1,0
15,10,sympy:-1*5*i + 6,1,10,1.0,-0.0,1.0,1,10,0.0,6165,0.0,0.0,0.0,0,0,10,10,1.0,0,0,0,1,0
15,11,sympy:-1*5*i + 6,1,11,1.0,-0.0,1.0,1,11,0.0,6742,0.0,0.0,0.0,0,0,11,11,1.0,0,0,0,1,0
15,12,sympy:-1*5*i + 6,1,12,1.0,-0.0,1.0,1,12,0.0,7467,0.0,0.0,0.0,0,0,12,12,1.0,0,0,0,1,0
15,13,sympy:-1*5*i + 6,1,13,1.0,-0.0,1.0,1,13,0.0,7981,0.0,0.0,0.0,0,0,13,13,1.0,0,0,0,1,0
15,14,sympy:-1*5*i + 6,1,14,0.9285714285714286,0.25731864054383163,0.8571428571428571,2,14,0.0,8861,-0.0714285714285714,0.25731864054383163,-0.1428571428571429,0,0,14,12,0.6666666666666666,0,0,0,1,0
15,15,sympy:-1*5*i + 6,1,15,0.9333333333333333,0.24493002679463532,0.8666666666666667,2,15,0.0,9885,0.004761904761904745,-0.012388613749196309,0.009523809523809601,0,0,15,13,0.6666666666666666,0,0,0,1,0
15,16,sympy:-1*5*i + 6,1,16,0.9375,0.2337916587064593,0.875,2,16,0.0,10480,0.004166666666666652,-0.011138368088176032,0.008333333333333304,0,0,16,14,0.6666666666666666,0,0,0,1,0
16,1,sympy:-50,1,1,1.0,-0.0,1.0,1,1,0.0,250,0.0,0.0,0.0,0,0,1,1,1.0,0,0,0,1,0
16,2,sympy:-50,1,2,1.0,-0.0,1.0,1,2,0.0,546,0.0,0.0,0.0,0,0,2,2,1.0,0,0,0,1,0
16,3,sympy:-50,1,3,1.0,-0.0,1.0,1,3,0.0,802,0.0,0.0,0.0,0,0,3,3,1.0,0,0,0,1,0
16,4,sympy:-50,1,4,1.0,-0.0,1.0,1,4,0.0,1112,0.0,0.0,0.0,0,0,4,4,1.0,0,0,0,1,0
16,5,sympy:-50,1,5,1.0,-0.0,1.0,1,5,0.0,1291,0.0,0.0,0.0,0,0,5,5,1.0,0,0,0,1,0
16,6,sympy:-50,1,6,1.0,-0.0,1.0,1,6,0.0,1460,0.0,0.0,0.0,0,0,6,6,1.0,0,0,0,1,0
16,7,sympy:-50,1,7,1.0,-0.0,1.0,1,7,0.0,1765,0.0,0.0,0.0,0,0,7,7,1.0,0,0,0,1,0
16,8,sympy:-50,1,8,1.0,-0.0,1.0,1,8,0.0,2037,0.0,0.0,0.0,0,0,8,8,1.0,0,0,0,1,0
16,9,sympy:-50,1,9,1.0,-0.0,1.0,1,9,0.0,2312,0.0,0.0,0.0,0,0,9,9,1.0,0,0,0,1,0
16,10,sympy:-50,1,10,1.0,-0.0,1.0,1,10,0.0,2609,0.0,0.0,0.0,0,0,10,10,1.0,0,0,0,1,0
16,11,sympy:-50,1,11,1.0,-0.0,1.0,1,11,0.0,2892,0.0,0.0,0.0,0,0,11,11,1.0,0,0,0,1,0
16,12,sympy:-50,1,12,1.0,-0.0,1.0,1,12,0.0,3209,0.0,0.0,0.0,0,0,12,12,1.0,0,0,0,1,0
16,13,sympy:-50,1,13,1.0,-0.0,1.0,1,13,0.0,3437,0.0,0.0,0.0,0,0,13,13,1.0,0,0,0,1,0
16,14,sympy:-50,1,14,1.0,-0.0,1.0,1,14,0.0,3721,0.0,0.0,0.0,0,0,14,14,1.0,0,0,0,1,0
16,15,sympy:-50,1,15,1.0,-0.0,1.0,1,15,0.0,3947,0.0,0.0,0.0,0,0,15,15,1.0,0,0,0,1,0
16,16,sympy:-50,1,16,1.0,-0.0,1.0,1,16,0.0,4186,0.0,0.0,0.0,0,0,16,16,1.0,0,0,0,1,0
17,1,sympy:pi/2,0,1,1.0,-0.0,1.0,1,1,0.0,628,0.0,0.0,0.0,0,0,1,1,1.0,0,0,0,1,0
17,2,sympy:pi/2,0,2,0.5,0.6931471805599453,0.0,2,2,0.0,1259,-0.5,0.6931471805599453,-1.0,0,0,2,0,0.5,0,0,0,1,0
17,3,sympy:pi,1,3,0.6666666666666666,0.6365141682948128,0.3333333333333333,2,1,0.0,1764,0.16666666666666663,-0.05663301226513251,0.3333333333333333,1,1,2,1,0.6666666666666666,1,0,1,1,0
17,4,sympy:pi,1,4,0.75,0.5623351446188083,0.5,2,2,0.0,2530,0.08333333333333337,-0.07417902367600449,0.16666666666666669,0,1,2,2,1.0,1,0,1,1,0
17,5,sympy:pi,1,5,0.6,0.6730116670092565,0.2,2,3,0.0,3028,-0.15000000000000002,0.11067652239044823,-0.3,0,1,3,1,0.6666666666666666,1,0,1,1,0
17,6,sympy:pi/2,0,6,0.5,0.6931471805599453,0.0,2,1,0.0,3633,-0.09999999999999998,0.020135513550688766,-0.2,1,2,3,0,0.6666666666666666,0,0,0,1,0
17,7,sympy:pi/2,0,7,0.42857142857142855,1.0042424730540764,0.0,3,2,0.0,4248,-0.07142857142857145,0.31109529249413115,0.0,0,2,3,0,0.6666666666666666,0,0,0,1,0
17,8,sympy:pi/2,0,8,0.375,1.2554823251787535,0.0,4,3,0.0,4888,-0.05357142857142855,0.25123985212467703,0.0,0,2,3,0,0.3333333333333333,0,0,0,1,0
17,9,sympy:pi,1,9,0.4444444444444444,1.2148896539491203,0.1111111111111111,4,1,0.0,5623,0.06944444444444442,-0.04059267122963317,0.1111111111111111,1,3,3,1,0.3333333333333333,1,0,1,1,0
17,10,sympy:pi/2,0,10,0.4,1.1935496040981333,0.0,4,1,0.0,6623,-0.0444444444444444,-0.02134004985098703,-0.1111111111111111,1,4,3,0,0.3333333333333333,0,0,0,1,0
17,11,sympy:pi/2,0,11,0.36363636363636365,1.3896811919839047,0.0,5,2,0.0,7339,-0.036363636363636376,0.19613158788577145,0.0,0,4,3,0,0.3333333333333333,0,0,0,1,0
17,12,sympy:pi/2,0,12,0.3333333333333333,1.5607104090414066,0.0,6,3,0.0,8011,-0.03030303030303033,0.17102921705750185,0.0,0,4,3,0,0.3333333333333333,0,0,0,1,0
17,13,sympy:pi,1,13,0.38461538461538464,1.5193826646423012,0.07692307692307693,6,1,0.0,8493,0.05128205128205132,-0.04132774439910536,0.07692307692307693,1,5,3,1,0.3333333333333333,1,0,1,1,0
17,14,sympy:pi/2,0,14,0.35714285714285715,1.4894588207337582,0.0,6,1,0.0,9517,-0.027472527472527486,-0.02992384390854297,-0.07692307692307693,1,6,3,0,0.3333333333333333,0,0,0,1,0
17,15,sympy:pi/2,0,15,0.3333333333333333,1.5426719687381505,0.0,6,2,0.0,10113,-0.023809523809523836,0.05321314800439225,0.0,0,6,3,0,0.3333333333333333,0,0,0,1,0
17,16,sympy:pi/2,0,16,0.375,1.511086176073611,0.0625,6,3,0.0,11137,0.041666666666666685,-0.031585792664539536,0.0625,0,6,3,1,0.6666666666666666,0,0,0,1,0
18,1,sympy:28,1,1,1.0,-0.0,1.0,1,1,0.0,471,0.0,0.0,0.0,0,0,1,1,1.0,1,0,1,1,0
18,2,sympy:28,1,2,1.0,-0.0,1.0,1,2,0.0,900,0.0,0.0,0.0,0,0,2,2,1.0,1,0,1,1,0
18,3,sympy:28,1,3,0.6666666666666666,0.6365141682948128,0.3333333333333333,2,3,0.0,1340,-0.33333333333333337,0.6365141682948128,-0.6666666666666667,0,0,3,1,0.6666666666666666,1,0,1,1,0
18,4,sympy:28,1,4,0.5,0.6931471805599453,0.0,2,4,0.0,1908,-0.16666666666666663,0.05663301226513251,-0.3333333333333333,0,0,4,0,0.3333333333333333,1,0,1,1,0
18,5,sympy:28,1,5,0.6,0.6730116670092565,0.2,2,5,0.0,2497,0.09999999999999998,-0.020135513550688766,0.2,0,0,5,1,0.3333333333333333,1,0,1,1,0
18,6,sympy:28,1,6,0.5,0.6931471805599453,0.0,2,6,0.0,3044,-0.09999999999999998,0.020135513550688766,-0.2,0,0,6,0,0.3333333333333333,1,0,1,1,0
18,7,sympy:56,0,7,0.5714285714285714,0.6829081047004717,0.14285714285714285,2,1,0.0,3402,0.0714285714285714,-0.01023907585947359,0.14285714285714285,1,1,6,1,0.6666666666666666,0,0,0,1,0
18,8,sympy:56,0,8,0.5,0.9743147528693494,0.125,3,2,0.0,3893,-0.0714285714285714,0.29140664816887774,-0.01785714285714285,0,1,6,1,0.6666666666666666,0,0,0,1,0
18,9,sympy:56,0,9,0.5555555555555556,0.936888307539016,0.2222222222222222,3,3,0.0,4376,0.05555555555555558,-0.03742644533033346,0.09722222222222221,0,1,6,2,0.6666666666666666,0,0,0,1,0
18,10,sympy:56,0,10,0.5,1.0296530140645737,0.2,3,4,0.0,4937,-0.05555555555555558,0.09276470652555768,-0.0222222222222222,0,1,6,2,0.3333333333333333,0,0,0,1,0
18,11,sympy:56,0,11,0.5454545454545454,0.9949236325717752,0.2727272727272727,3,5,0.0,5321,0.045454545454545414,-0.03472938149279847,0.0727272727272727,0,1,6,3,0.6666666666666666,0,0,0,1,0
18,12,sympy:56,0,12,0.5,1.0114042647073518,0.16666666666666666,3,6,0.0,5903,-0.045454545454545414,0.0164806321355766,-0.10606060606060605,0,1,6,2,0.3333333333333333,0,0,0,1,0
18,13,sympy:56,0,13,0.46153846153846156,1.0123308391031736,0.07692307692307693,3,7,0.0,6326,-0.038461538461538436,0.0009265743958217776,-0.08974358974358973,0,1,7,1,0.3333333333333333,0,0,0,1,0
18,14,sympy:56,0,14,0.42857142857142855,1.060944240790747,0.07142857142857142,3,8,0.0,6825,-0.032967032967033016,0.04861340168757344,-0.005494505494505503,0,1,8,1,0.0,0,0,0,1,0
18,15,sympy:28,1,15,0.4,1.0549201679861442,0.0,3,1,0.0,7351,-0.028571428571428525,-0.00602407280460282,-0.07142857142857142,1,2,8,0,0.6666666666666666,1,0,1,1,0
18,16,sympy:56,0,16,0.4375,1.0433534269422904,0.0625,3,1,0.0,7761,0.03749999999999998,-0.011566741043853801,0.0625,1,3,8,1,0.3333333333333333,0,0,0,1,0
19,1,sympy:3,1,1,1.0,-0.0,1.0,1,1,0.0,902,0.0,0.0,0.0,0,0,1,1,1.0,0,0,0,1,0
19,2,sympy:3,1,2,1.0,-0.0,1.0,1,2,0.0,1926,0.0,0.0,0.0,0,0,2,2,1.0,0,0,0,1,0
19,3,sympy:3,1,3,1.0,-0.0,1.0,1,3,0.0,2516,0.0,0.0,0.0,0,0,3,3,1.0,0,0,0,1,0
19,4,sympy:3,1,4,1.0,-0.0,1.0,1,4,0.0,2992,0.0,0.0,0.0,0,0,4,4,1.0,0,0,0,1,0
19,5,sympy:3,1,5,1.0,-0.0,1.0,1,5,0.0,3800,0.0,0.0,0.0,0,0,5,5,1.0,0,0,0,1,0
19,6,sympy:3,1,6,1.0,-0.0,1.0,1,6,0.0,4279,0.0,0.0,0.0,0,0,6,6,1.0,0,0,0,1,0
19,7,sympy:3,1,7,1.0,-0.0,1.0,1,7,0.0,4987,0.0,0.0,0.0,0,0,7,7,1.0,0,0,0,1,0
19,8,sympy:3,1,8,1.0,-0.0,1.0,1,8,0.0,5400,0.0,0.0,0.0,0,0,8,8,1.0,0,0,0,1,0
19,9,sympy:3,1,9,1.0,-0.0,1.0,1,9,0.0,5853,0.0,0.0,0.0,0,0,9,9,1.0,0,0,0,1,0
19,10,sympy:3,1,10,1.0,-0.0,1.0,1,10,0.0,6453,0.0,0.0,0.0,0,0,10,10,1.0,0,0,0,1,0
19,11,sympy:3,1,11,1.0,-0.0,1.0,1,11,0.0,6898,0.0,0.0,0.0,0,0,11,11,1.0,0,0,0,1,0
19,12,sympy:3,1,11,1.0,-0.0,1.0,1,12,0.08333333333333333,7922,0.0,0.0,0.0,0,0,12,11,1.0,0,0,0,1,0
19,13,sympy:3,1,12,1.0,-0.0,1.0,1,13,0.07692307692307693,8477,0.0,0.0,0.0,0,0,13,12,1.0,0,0,0,1,0
19,14,sympy:3,1,13,1.0,-0.0,1.0,1,14,0.07142857142857142,8923,0.0,0.0,0.0,0,0,14,13,1.0,0,0,0,1,0
19,15,sympy:3,1,14,1.0,-0.0,1.0,1,15,0.06666666666666667,9888,0.0,0.0,0.0,0,0,15,14,1.0,0,0,0,1,0
19,16,sympy:3,1,15,1.0,-0.0,1.0,1,16,0.0625,10343,0.0,0.0,0.0,0,0,16,15,1.0,0,0,0,1,0
20,1,sympy:9*i + 6,1,1,1.0,-0.0,1.0,1,1,0.0,168,0.0,0.0,0.0,0,0,1,1,1.0,0,0,0,1,0
20,2,sympy:9*i + 6,1,2,1.0,-0.0,1.0,1,2,0.0,1192,0.0,0.0,0.0,0,0,2,2,1.0,0,0,0,1,0
20,3,sympy:9*i + 6,1,3,1.0,-0.0,1.0,1,3,0.0,1366,0.0,0.0,0.0,0,0,3,3,1.0,0,0,0,1,0
20,4,sympy:9*i + 6,1,4,1.0,-0.0,1.0,1,4,0.0,1574,0.0,0.0,0.0,0,0,4,4,1.0,0,0,0,1,0
20,5,sympy:9*i + 6,1,5,1.0,-0.0,1.0,1,5,0.0,1764,0.0,0.0,0.0,0,0,5,5,1.0,0,0,0,1,0
20,6,sympy:9*i + 6,1,6,1.0,-0.0,1.0,1,6,0.0,1929,0.0,0.0,0.0,0,0,6,6,1.0,0,0,0,1,0
20,7,sympy:9*i + 6,1,7,1.0,-0.0,1.0,1,7,0.0,2107,0.0,0.0,0.0,0,0,7,7,1.0,0,0,0,1,0
20,8,sympy:9*i + 6,1,8,1.0,-0.0,1.0,1,8,0.0,2277,0.0,0.0,0.0,0,0,8,8,1.0,0,0,0,1,0
20,9,sympy:9*i + 6,1,9,1.0,-0.0,1.0,1,9,0.0,2468,0.0,0.0,0.0,0,0,9,9,1.0,0,0,0,1,0
20,10,sympy:9*i + 6,1,10,1.0,-0.0,1.0,1,10,0.0,2648,0.0,0.0,0.0,0,0,10,10,1.0,0,0,0,1,0
20,11,sympy:9*i + 6,1,11,1.0,-0.0,1.0,1,11,0.0,2828,0.0,0.0,0.0,0,0,11,11,1.0,0,0,0,1,0
20,12,sympy:9*i + 6,1,12,1.0,-0.0,1.0,1,12,0.0,3013,0.0,0.0,0.0,0,0,12,12,1.0,0,0,0,1,0
20,13,sympy:9*i + 6,1,13,1.0,-0.0,1.0,1,13,0.0,3205,0.0,0.0,0.0,0,0,13,13,1.0,0,0,0,1,0
20,14,sympy:9*i + 6,1,14,1.0,-0.0,1.0,1,14,0.0,3378,0.0,0.0,0.0,0,0,14,14,1.0,0,0,0,1,0
20,15,sympy:9*i + 6,1,15,1.0,-0.0,1.0,1,15,0.0,3554,0.0,0.0,0.0,0,0,15,15,1.0,0,0,0,1,0
20,16,sympy:9*i + 6,1,16,1.0,-0.0,1.0,1,16,0.0,3731,0.0,0.0,0.0,0,0,16,16,1.0,0,0,0,1,0
21,1,sympy:6768,0,1,1.0,-0.0,1.0,1,1,0.0,907,0.0,0.0,0.0,0,0,1,1,1.0,1,1,0,0,1
21,2,sympy:6768,0,2,0.5,0.6931471805599453,0.0,2,2,0.0,1931,-0.5,0.6931471805599453,-1.0,0,0,2,0,0.5,1,1,0,0,1
21,3,sympy:6768,0,2,0.5,0.6931471805599453,0.0,2,3,0.3333333333333333,2955,0.0,0.0,0.0,0,0,3,0,0.5,1,1,0,0,1
21,4,sympy:6768,0,3,0.3333333333333333,1.0986122886681096,0.0,3,4,0.25,3948,-0.16666666666666669,0.4054651081081643,0.0,0,0,4,0,0.0,1,1,0,0,1
21,5,sympy:6768,0,4,0.25,1.3862943611198906,0.0,4,5,0.2,4700,-0.08333333333333331,0.287682072451781,0.0,0,0,5,0,0.0,1,1,0,0,1
21,6,sympy:13535,1,5,0.4,1.3321790402101223,0.2,4,1,0.16666666666666666,5368,0.15000000000000002,-0.05411532090976823,0.2,1,1,5,1,0.6666666666666666,0,0,0,1,0
21,7,sympy:13535,1,6,0.3333333333333333,1.5607104090414063,0.16666666666666666,5,2,0.14285714285714285,5822,-0.06666666666666671,0.228531368831284,-0.033333333333333354,0,1,5,1,0.6666666666666666,0,0,0,1,0
21,8,sympy:13535,1,7,0.2857142857142857,1.7478680974667573,0.14285714285714285,6,3,0.125,6690,-0.047619047619047616,0.18715768842535097,-0.023809523809523808,0,1,5,1,0.3333333333333333,0,0,0,1,0
21,9,sympy:13535,1,8,0.25,1.9061547465398494,0.125,7,4,0.1111111111111111,7561,-0.0357142857142857,0.1582866490730921,-0.01785714285714285,0,1,5,1,0.0,0,0,0,1,0
21,10,sympy:13535,1,9,0.2222222222222222,2.0431918705451206,0.1111111111111111,8,5,0.1,8249,-0.02777777777777779,0.13703712400527124,-0.013888888888888895,0,1,5,1,0.0,0,0,0,1,0
21,11,sympy:13535,1,10,0.2,2.1639556568820564,0.1,9,6,0.09090909090909091,9200,-0.0222222222222222,0.12076378633693574,-0.0111111111111111,0,1,6,1,0.0,0,0,0,1,0
21,12,sympy:13535,1,11,0.2727272727272727,2.0982737395252498,0.18181818181818182,9,7,0.08333333333333333,10048,0.0727272727272727,-0.06568191735680662,0.08181818181818182,0,1,7,2,0.3333333333333333,0,0,0,1,0
21,13,sympy:13535,1,12,0.25,2.210253577620973,0.16666666666666666,10,8,0.07692307692307693,10851,-0.022727272727272707,0.11197983809572332,-0.015151515151515166,0,1,8,2,0.3333333333333333,0,0,0,1,0
21,14,sympy:13535,1,13,0.23076923076923078,2.311423444691973,0.15384615384615385,11,9,0.07142857142857142,11854,-0.019230769230769218,0.10116986707099995,-0.012820512820512803,0,1,9,2,0.3333333333333333,0,0,0,1,0
21,15,sympy:13535,1,13,0.23076923076923078,2.311423444691973,0.15384615384615385,11,10,0.13333333333333333,12878,0.0,0.0,0.0,0,1,10,2,0.0,0,0,0,1,0
21,16,sympy:13535,1,14,0.2857142857142857,2.242973226438147,0.21428571428571427,11,11,0.125,13584,0.054945054945054916,-0.06845021825382602,0.06043956043956042,0,1,11,3,0.5,0,0,0,1,0
22,1,sympy:5,1,1,1.0,-0.0,1.0,1,1,0.0,590,0.0,0.0,0.0,0,0,1,1,1.0,0,0,0,1,0
22,2,sympy:5,1,2,1.0,-0.0,1.0,1,2,0.0,1239,0.0,0.0,0.0,0,0,2,2,1.0,0,0,0,1,0
22,3,sympy:5,1,3,1.0,-0.0,1.0,1,3,0.0,1887,0.0,0.0,0.0,0,0,3,3,1.0,0,0,0,1,0
22,4,sympy:5,1,4,1.0,-0.0,1.0,1,4,0.0,2676,0.0,0.0,0.0,0,0,4,4,1.0,0,0,0,1,0
22,5,sympy:5,1,5,1.0,-0.0,1.0,1,5,0.0,3303,0.0,0.0,0.0,0,0,5,5,1.0,0,0,0,1,0
22,6,sympy:5,1,6,0.8333333333333334,0.45056120886630463,0.6666666666666666,2,6,0.0,4204,-0.16666666666666663,0.45056120886630463,-0.33333333333333337,0,0,6,4,0.6666666666666666,0,0,0,1,0
22,7,sympy:5,1,7,0.8571428571428571,0.410116318288409,0.7142857142857143,2,7,0.0,4952,0.023809523809523725,-0.04044489057789563,0.04761904761904767,0,0,7,5,0.6666666666666666,0,0,0,1,0
22,8,sympy:5,1,8,0.75,0.7356219397587946,0.625,3,8,0.0,5976,-0.1071428571428571,0.32550562147038564,-0.0892857142857143,0,0,8,5,0.3333333333333333,0,0,0,1,0
22,9,sympy:5,1,9,0.7777777777777778,0.6837389058487535,0.6666666666666666,3,9,0.0,6742,0.02777777777777779,-0.05188303391004112,0.04166666666666663,0,0,9,6,0.6666666666666666,0,0,0,1,0
22,10,sympy:5,1,10,0.7,0.8018185525433373,0.5,3,10,0.0,7766,-0.07777777777777783,0.11807964669458382,-0.16666666666666663,0,0,10,5,0.3333333333333333,0,0,0,1,0
22,11,sympy:5,1,11,0.7272727272727273,0.7595473914748635,0.5454545454545454,3,11,0.0,8413,0.027272727272727337,-0.04227116106847384,0.045454545454545414,0,0,11,6,0.6666666666666666,0,0,0,1,0
22,12,sympy:5,1,12,0.75,0.7214636866925115,0.5833333333333334,3,12,0.0,9072,0.022727272727272707,-0.03808370478235201,0.037878787878787956,0,0,12,7,0.6666666666666666,0,0,0,1,0
22,13,sympy:5,1,13,0.7692307692307693,0.6870920273799715,0.6153846153846154,3,13,0.0,9791,0.019230769230769273,-0.03437165931253994,0.03205128205128205,0,0,13,8,1.0,0,0,0,1,0
22,14,sympy:5,1,13,0.7692307692307693,0.6870920273799715,0.6153846153846154,3,14,0.07142857142857142,10815,0.0,0.0,0.0,0,0,14,8,1.0,0,0,0,1,0
22,15,sympy:5,1,14,0.7857142857142857,0.6559757323365467,0.6428571428571429,3,15,0.06666666666666667,11560,0.016483516483516425,-0.031116295043424835,0.027472527472527486,0,0,15,9,1.0,0,0,0,1,0
22,16,sympy:5,1,15,0.8,0.6277052571971504,0.6666666666666666,3,16,0.0625,12247,0.014285714285714346,-0.02827047513939629,0.023809523809523725,0,0,16,10,1.0,0,0,0,1,0
23,1,sympy:5,1,1,1.0,-0.0,1.0,1,1,0.0,564,0.0,0.0,0.0,0,0,1,1,1.0,0,0,0,1,0
23,2,sympy:5,1,2,1.0,-0.0,1.0,1,2,0.0,1100,0.0,0.0,0.0,0,0,2,2,1.0,0,0,0,1,0
23,3,sympy:5,1,3,1.0,-0.0,1.0,1,3,0.0,1812,0.0,0.0,0.0,0,0,3,3,1.0,0,0,0,1,0
23,4,sympy:5,1,4,1.0,-0.0,1.0,1,4,0.0,2464,0.0,0.0,0.0,0,0,4,4,1.0,0,0,0,1,0
23,5,sympy:5,1,5,1.0,-0.0,1.0,1,5,0.0,2992,0.0,0.0,0.0,0,0,5,5,1.0,0,0,0,1,0
23,6,sympy:5,1,6,1.0,-0.0,1.0,1,6,0.0,3649,0.0,0.0,0.0,0,0,6,6,1.0,0,0,0,1,0
23,7,sympy:5,1,7,1.0,-0.0,1.0,1,7,0.0,4202,0.0,0.0,0.0,0,0,7,7,1.0,0,0,0,1,0
23,8,sympy:5,1,8,1.0,-0.0,1.0,1,8,0.0,4804,0.0,0.0,0.0,0,0,8,8,1.0,0,0,0,1,0
23,9,sympy:5,1,9,1.0,-0.0,1.0,1,9,0.0,5543,0.0,0.0,0.0,0,0,9,9,1.0,0,0,0,1,0
23,10,sympy:5,1,9,1.0,-0.0,1.0,1,10,0.1,6179,0.0,0.0,0.0,0,0,10,9,1.0,0,0,0,1,0
23,11,sympy:5,1,10,1.0,-0.0,1.0,1,11,0.09090909090909091,6907,0.0,0.0,0.0,0,0,11,10,1.0,0,0,0,1,0
23,12,sympy:5,1,11,1.0,-0.0,1.0,1,12,0.08333333333333333,7531,0.0,0.0,0.0,0,0,12,11,1.0,0,0,0,1,0
23,13,sympy:5,1,12,1.0,-0.0,1.0,1,13,0.07692307692307693,8203,0.0,0.0,0.0,0,0,13,12,1.0,0,0,0,1,0
23,14,sympy:5,1,13,1.0,-0.0,1.0,1,14,0.07142857142857142,8830,0.0,0.0,0.0,0,0,14,13,1.0,0,0,0,1,0
23,15,sympy:5,1,14,1.0,-0.0,1.0,1,15,0.06666666666666667,9477,0.0,0.0,0.0,0,0,15,14,1.0,0,0,0,1,0
23,16,sympy:5,1,15,1.0,-0.0,1.0,1,16,0.0625,9983,0.0,0.0,0.0,0,0,16,15,1.0,0,0,0,1,0
24,1,sympy:10,1,1,1.0,-0.0,1.0,1,1,0.0,856,0.0,0.0,0.0,0,0,1,1,1.0,0,0,0,1,0
24,2,sympy:10,1,2,0.5,0.6931471805599453,0.0,2,2,0.0,1308,-0.5,0.6931471805599453,-1.0,0,0,2,0,0.5,0,0,0,1,0
24,3,sympy:10,1,3,0.6666666666666666,0.6365141682948128,0.3333333333333333,2,3,0.0,2104,0.16666666666666663,-0.05663301226513251,0.3333333333333333,0,0,3,1,0.6666666666666666,0,0,0,1,0
24,4,sympy:10,1,4,0.5,1.0397207708399179,0.25,3,4,0.0,2577,-0.16666666666666663,0.4032066025451051,-0.08333333333333331,0,0,4,1,0.3333333333333333,0,0,0,1,0
24,5,sympy:10,1,5,0.4,1.3321790402101223,0.2,4,5,0.0,3005,-0.09999999999999998,0.29245826937020447,-0.04999999999999999,0,0,5,1,0.3333333333333333,0,0,0,1,0
24,6,sympy:10,1,6,0.5,1.242453324894,0.3333333333333333,4,6,0.0,3516,0.09999999999999998,-0.08972571531612239,0.1333333333333333,0,0,6,2,0.3333333333333333,0,0,0,1,0
24,7,sympy:10,1,7,0.42857142857142855,1.4750763110546947,0.2857142857142857,5,7,0.0,3967,-0.07142857142857145,0.23262298616069477,-0.047619047619047616,0,0,7,2,0.3333333333333333,0,0,0,1,0
24,8,sympy:10,1,8,0.375,1.4941751382893083,0.125,5,8,0.0,4431,-0.05357142857142855,0.019098827234613536,-0.1607142857142857,0,0,8,1,0.3333333333333333,0,0,0,1,0
24,9,sympy:10,1,9,0.4444444444444444,1.4270610433807247,0.2222222222222222,5,9,0.0,4899,0.06944444444444442,-0.06711409490858355,0.09722222222222221,0,0,9,2,0.3333333333333333,0,0,0,1,0
24,10,sympy:10,1,10,0.4,1.4708084763221114,0.2,5,10,0.0,5295,-0.0444444444444444,0.04374743294138672,-0.0222222222222222,0,0,10,2,0.3333333333333333,0,0,0,1,0
24,11,sympy:10,1,11,0.45454545454545453,1.4142790651247086,0.2727272727272727,5,11,0.0,5736,0.05454545454545451,-0.056529411197402846,0.0727272727272727,0,0,11,3,0.6666666666666666,0,0,0,1,0
24,12,sympy:10,1,12,0.5,1.3579778549873243,0.3333333333333333,5,12,0.0,6575,0.04545454545454547,-0.05630121013738432,0.06060606060606061,0,0,12,4,0.6666666666666666,0,0,0,1,0
24,13,sympy:10,1,13,0.5384615384615384,1.303875529336385,0.38461538461538464,5,13,0.0,7359,0.038461538461538436,-0.0541023256509392,0.05128205128205132,0,0,13,5,1.0,0,0,0,1,0
24,14,sympy:10,1,14,0.5,1.3316643102930148,0.2857142857142857,5,14,0.0,7845,-0.038461538461538436,0.027788780956629733,-0.09890109890109894,0,0,14,4,0.6666666666666666,0,0,0,1,0
24,15,sympy:10,1,15,0.5333333333333333,1.2868726303980162,0.3333333333333333,5,15,0.0,8441,0.033333333333333326,-0.04479167989499855,0.047619047619047616,0,0,15,5,0.6666666666666666,0,0,0,1,0
24,16,sympy:10,1,16,0.5625,1.244016695792894,0.375,5,16,0.0,8919,0.029166666666666674,-0.04285593460512227,0.041666666666666685,0,0,16,6,0.6666666666666666,0,0,0,1,0
25,1,,0,0,,,,0,0,1.0,1024,0.0,0.0,0.0,0,0,0,0,0.0,1,0,0,1,1
25,2,sympy:i*l*n*n*o*o*o*s*t*u,0,1,1.0,-0.0,1.0,1,1,0.5,2048,1.0,-0.0,1.0,0,0,1,1,1.0,1,0,0,1,1
25,3,sympy:i*l*n*n*o*o*o*s*t*u,0,1,1.0,-0.0,1.0,1,2,0.6666666666666666,3072,0.0,0.0,0.0,0,0,2,1,1.0,1,0,0,1,1
25,4,sympy:i*l*n*n*o*o*o*s*t*u,0,2,0.5,0.6931471805599453,0.0,2,3,0.5,3675,-0.5,0.6931471805599453,-1.0,0,0,3,0,0.5,1,0,0,1,1
25,5,sympy:i*l*n*n*o*o*o*s*t*u,0,2,0.5,0.6931471805599453,0.0,2,4,0.6,4699,0.0,0.0,0.0,0,0,4,0,0.0,1,0,0,1,1
25,6,sympy:i*l*n*n*o*o*o*s*t*u,0,2,0.5,0.6931471805599453,0.0,2,5,0.6666666666666666,5687,0.0,0.0,0.0,0,0,5,0,0.0,1,0,0,1,1
25,7,"sympy:{0, 1}",0,3,0.6666666666666666,0.6365141682948128,0.3333333333333333,2,1,0.5714285714285714,6373,0.16666666666666663,-0.05663301226513251,0.3333333333333333,1,1,5,1,1.0,0,0,0,1,0
25,8,"sympy:{0, 1}",0,4,0.5,1.0397207708399179,0.25,3,2,0.5,7392,-0.16666666666666663,0.4032066025451051,-0.08333333333333331,0,1,5,1,0.5,0,0,0,1,0
25,9,"sympy:{0, 1}",0,4,0.5,1.0397207708399179,0.25,3,3,0.5555555555555556,8416,0.0,0.0,0.0,0,1,5,1,0.5,0,0,0,1,0
25,10,"sympy:{0, 1}",0,4,0.5,1.0397207708399179,0.25,3,4,0.6,9440,0.0,0.0,0.0,0,1,5,1,0.0,0,0,0,1,0
25,11,"sympy:{0, 1}",0,4,0.5,1.0397207708399179,0.25,3,5,0.6363636363636364,10464,0.0,0.0,0.0,0,1,5,1,0.0,0,0,0,1,0
25,12,"sympy:{0, 1}",0,5,0.4,1.3321790402101223,0.2,4,6,0.5833333333333334,11165,-0.09999999999999998,0.29245826937020447,-0.04999999999999999,0,1,6,1,0.0,0,0,0,1,0
25,13,"sympy:{0, 1}",0,6,0.3333333333333333,1.5607104090414063,0.16666666666666666,5,7,0.5384615384615384,12037,-0.06666666666666671,0.228531368831284,-0.033333333333333354,0,1,7,1,0.0,0,0,0,1,0
25,14,"sympy:{0, 1}",0,7,0.2857142857142857,1.7478680974667573,0.14285714285714285,6,8,0.5,12788,-0.047619047619047616,0.18715768842535097,-0.023809523809523808,0,1,8,1,0.0,0,0,0,1,0
25,15,"sympy:{0, 1}",0,8,0.25,1.9061547465398494,0.125,7,9,0.4666666666666667,13607,-0.0357142857142857,0.1582866490730921,-0.01785714285714285,0,1,9,1,0.0,0,0,0,1,0
25,16,"sympy:{0, 1}",0,9,0.2222222222222222,1.8891591637540215,0.0,7,10,0.4375,14561,-0.02777777777777779,-0.016995582785827912,-0.125,0,1,10,0,0.0,0,0,0,1,0
26,1,sympy:576,0,1,1.0,-0.0,1.0,1,1,0.0,808,0.0,0.0,0.0,0,0,1,1,1.0,0,0,0,1,0
26,2,sympy:576,0,2,0.5,0.6931471805599453,0.0,2,2,0.0,1456,-0.5,0.6931471805599453,-1.0,0,0,2,0,0.5,0,0,0,1,0
26,3,sympy:576,0,3,0.6666666666666666,0.6365141682948128,0.3333333333333333,2,3,0.0,2133,0.16666666666666663,-0.05663301226513251,0.3333333333333333,0,0,3,1,0.6666666666666666,0,0,0,1,0
26,4,sympy:576,0,4,0.5,0.6931471805599453,0.0,2,4,0.0,2863,-0.16666666666666663,0.05663301226513251,-0.3333333333333333,0,0,4,0,0.3333333333333333,0,0,0,1,0
26,5,sympy:576,0,5,0.4,1.0549201679861442,0.0,3,5,0.0,3764,-0.09999999999999998,0.3617729874261989,0.0,0,0,5,0,0.3333333333333333,0,0,0,1,0
26,6,sympy:576,0,6,0.5,1.0114042647073518,0.16666666666666666,3,6,0.0,4153,0.09999999999999998,-0.0435159032787924,0.16666666666666666,0,0,6,1,0.3333333333333333,0,0,0,1,0
26,7,sympy:576,0,7,0.5714285714285714,0.9556998911125343,0.2857142857142857,3,7,0.0,4744,0.0714285714285714,-0.0557043735948175,0.11904761904761904,0,0,7,2,0.6666666666666666,0,0,0,1,0
26,8,sympy:576,0,8,0.5,1.2130075659799042,0.25,4,8,0.0,5420,-0.0714285714285714,0.25730767486736994,-0.0357142857142857,0,0,8,2,0.6666666666666666,0,0,0,1,0
26,9,sympy:576,0,9,0.4444444444444444,1.2148896539491203,0.1111111111111111,4,9,0.0,6035,-0.05555555555555558,0.001882087969216073,-0.1388888888888889,0,0,9,1,0.3333333333333333,0,0,0,1,0
26,10,sympy:576,0,10,0.4,1.1935496040981333,0.0,4,10,0.0,6662,-0.0444444444444444,-0.02134004985098703,-0.1111111111111111,0,0,10,0,0.0,0,0,0,1,0
26,11,sympy:576,0,11,0.36363636363636365,1.3896811919839047,0.0,5,11,0.0,7469,-0.036363636363636376,0.19613158788577145,0.0,0,0,11,0,0.0,0,0,0,1,0
26,12,sympy:576,0,12,0.3333333333333333,1.4451858789480823,0.0,5,12,0.0,8204,-0.03030303030303033,0.05550468696417754,0.0,0,0,12,0,0.0,0,0,0,1,0
26,13,sympy:576,0,13,0.38461538461538464,1.4127446368638479,0.07692307692307693,5,13,0.0,8592,0.05128205128205132,-0.03244124208423438,0.07692307692307693,0,0,13,1,0.3333333333333333,0,0,0,1,0
26,14,sympy:576,0,14,0.35714285714285715,1.3904377949394804,0.0,5,14,0.0,9616,-0.027472527472527486,-0.022306841924367493,-0.07692307692307693,0,0,14,0,0.3333333333333333,0,0,0,1,0
26,15,sympy:576,0,15,0.4,1.3624474851916286,0.06666666666666667,5,15,0.0,10640,0.04285714285714287,-0.02799030974785177,0.06666666666666667,0,0,15,1,0.6666666666666666,0,0,0,1,0
26,16,sympy:576,0,16,0.375,1.511086176073611,0.0625,6,16,0.0,11174,-0.025000000000000022,0.14863869088198234,-0.004166666666666666,0,0,16,1,0.3333333333333333,0,0,0,1,0
27,1,sympy:78,1,1,1.0,-0.0,1.0,1,1,0.0,338,0.0,0.0,0.0,0,0,1,1,1.0,0,0,0,1,0
27,2,sympy:78,1,2,1.0,-0.0,1.0,1,2,0.0,669,0.0,0.0,0.0,0,0,2,2,1.0,0,0,0,1,0
27,3,sympy:78,1,3,1.0,-0.0,1.0,1,3,0.0,1029,0.0,0.0,0.0,0,0,3,3,1.0,0,0,0,1,0
27,4,sympy:78,1,4,1.0,-0.0,1.0,1,4,0.0,1504,0.0,0.0,0.0,0,0,4,4,1.0,0,0,0,1,0
27,5,sympy:78,1,5,1.0,-0.0,1.0,1,5,0.0,1864,0.0,0.0,0.0,0,0,5,5,1.0,0,0,0,1,0
27,6,sympy:78,1,6,0.8333333333333334,0.45056120886630463,0.6666666666666666,2,6,0.0,2302,-0.16666666666666663,0.45056120886630463,-0.33333333333333337,0,0,6,4,0.6666666666666666,0,0,0,1,0
27,7,sympy:78,1,7,0.8571428571428571,0.410116318288409,0.7142857142857143,2,7,0.0,2662,0.023809523809523725,-0.04044489057789563,0.04761904761904767,0,0,7,5,0.6666666666666666,0,0,0,1,0
27,8,sympy:78,1,8,0.875,0.37677016125643675,0.75,2,8,0.0,3020,0.017857142857142905,-0.033346157031972246,0.0357142857142857,0,0,8,6,0.6666666666666666,0,0,0,1,0
27,9,sympy:78,1,9,0.8888888888888888,0.34883209584303193,0.7777777777777778,2,9,0.0,3379,0.01388888888888884,-0.027938065413404822,0.02777777777777779,0,0,9,7,1.0,0,0,0,1,0
27,10,sympy:78,1,10,0.9,0.3250829733914482,0.8,2,10,0.0,4403,0.011111111111111183,-0.023749122451583726,0.022222222222222254,0,0,10,8,1.0,0,0,0,1,0
27,11,sympy:78,1,11,0.9090909090909091,0.30463609734923813,0.8181818181818182,2,11,0.0,4803,0.009090909090909038,-0.02044687604221007,0.018181818181818188,0,0,11,9,1.0,0,0,0,1,0
27,12,sympy:78,1,12,0.9166666666666666,0.2868359830561607,0.8333333333333334,2,12,0.0,5114,0.007575757575757569,-0.01780011429307743,0.015151515151515138,0,0,12,10,1.0,0,0,0,1,0
27,13,sympy:78,1,13,0.9230769230769231,0.2711893730418441,0.8461538461538461,2,13,0.0,5478,0.0064102564102564985,-0.01564661001431661,0.012820512820512775,0,0,13,11,1.0,0,0,0,1,0
27,14,sympy:78,1,14,0.9285714285714286,0.25731864054383163,0.8571428571428571,2,14,0.0,5845,0.005494505494505475,-0.013870732498012461,0.01098901098901095,0,0,14,12,1.0,0,0,0,1,0
27,15,sympy:78,1,15,0.9333333333333333,0.24493002679463532,0.8666666666666667,2,15,0.0,6190,0.004761904761904745,-0.012388613749196309,0.009523809523809601,0,0,15,13,1.0,0,0,0,1,0
27,16,sympy:78,1,16,0.9375,0.2337916587064593,0.875,2,16,0.0,6528,0.004166666666666652,-0.011138368088176032,0.008333333333333304,0,0,16,14,1.0,0,0,0,1,0
28,1,sympy:7*i - 2,1,1,1.0,-0.0,1.0,1,1,0.0,259,0.0,0.0,0.0,0,0,1,1,1.0,0,0,0,1,0
28,2,sympy:7*i - 2,1,2,1.0,-0.0,1.0,1,2,0.0,570,0.0,0.0,0.0,0,0,2,2,1.0,0,0,0,1,0
28,3,sympy:7*i - 2,1,3,1.0,-0.0,1.0,1,3,0.0,931,0.0,0.0,0.0,0,0,3,3,1.0,0,0,0,1,0
28,4,sympy:7*i - 2,1,4,1.0,-0.0,1.0,1,4,0.0,1220,0.0,0.0,0.0,0,0,4,4,1.0,0,0,0,1,0
28,5,sympy:7*i - 2,1,5,1.0,-0.0,1.0,1,5,0.0,1488,0.0,0.0,0.0,0,0,5,5,1.0,0,0,0,1,0
28,6,sympy:7*i - 2,1,6,1.0,-0.0,1.0,1,6,0.0,1772,0.0,0.0,0.0,0,0,6,6,1.0,0,0,0,1,0
28,7,sympy:7*i - 2,1,7,1.0,-0.0,1.0,1,7,0.0,2040,0.0,0.0,0.0,0,0,7,7,1.0,0,0,0,1,0
28,8,sympy:7*i - 2,1,8,1.0,-0.0,1.0,1,8,0.0,2305,0.0,0.0,0.0,0,0,8,8,1.0,0,0,0,1,0
28,9,sympy:7*i - 2,1,9,1.0,-0.0,1.0,1,9,0.0,2567,0.0,0.0,0.0,0,0,9,9,1.0,0,0,0,1,0
28,10,sympy:7*i - 2,1,10,1.0,-0.0,1.0,1,10,0.0,2896,0.0,0.0,0.0,0,0,10,10,1.0,0,0,0,1,0
28,11,sympy:7*i - 2,1,11,1.0,-0.0,1.0,1,11,0.0,3226,0.0,0.0,0.0,0,0,11,11,1.0,0,0,0,1,0
28,12,sympy:7*i - 2,1,12,1.0,-0.0,1.0,1,12,0.0,3489,0.0,0.0,0.0,0,0,12,12,1.0,0,0,0,1,0
28,13,sympy:7*i - 2,1,13,1.0,-0.0,1.0,1,13,0.0,3848,0.0,0.0,0.0,0,0,13,13,1.0,0,0,0,1,0
28,14,sympy:7*i - 2,1,14,1.0,-0.0,1.0,1,14,0.0,4137,0.0,0.0,0.0,0,0,14,14,1.0,0,0,0,1,0
28,15,sympy:7*i - 2,1,15,1.0,-0.0,1.0,1,15,0.0,4399,0.0,0.0,0.0,0,0,15,15,1.0,0,0,0,1,0
28,16,sympy:7*i - 2,1,16,1.0,-0.0,1.0,1,16,0.0,4707,0.0,0.0,0.0,0,0,16,16,1.0,0,0,0,1,0
29,1,sympy:225,1,1,1.0,-0.0,1.0,1,1,0.0,379,0.0,0.0,0.0,0,0,1,1,1.0,0,0,0,1,0
29,2,sympy:225,1,2,1.0,-0.0,1.0,1,2,0.0,814,0.0,0.0,0.0,0,0,2,2,1.0,0,0,0,1,0
29,3,sympy:225,1,3,1.0,-0.0,1.0,1,3,0.0,1294,0.0,0.0,0.0,0,0,3,3,1.0,0,0,0,1,0
29,4,sympy:225,1,4,1.0,-0.0,1.0,1,4,0.0,1723,0.0,0.0,0.0,0,0,4,4,1.0,0,0,0,1,0
29,5,sympy:225,1,5,1.0,-0.0,1.0,1,5,0.0,2235,0.0,0.0,0.0,0,0,5,5,1.0,0,0,0,1,0
29,6,sympy:225,1,6,1.0,-0.0,1.0,1,6,0.0,2715,0.0,0.0,0.0,0,0,6,6,1.0,0,0,0,1,0
29,7,sympy:225,1,7,1.0,-0.0,1.0,1,7,0.0,3243,0.0,0.0,0.0,0,0,7,7,1.0,0,0,0,1,0
29,8,sympy:225,1,8,1.0,-0.0,1.0,1,8,0.0,3678,0.0,0.0,0.0,0,0,8,8,1.0,0,0,0,1,0
29,9,sympy:225,1,9,1.0,-0.0,1.0,1,9,0.0,4237,0.0,0.0,0.0,0,0,9,9,1.0,0,0,0,1,0
29,10,sympy:225,1,10,1.0,-0.0,1.0,1,10,0.0,4766,0.0,0.0,0.0,0,0,10,10,1.0,0,0,0,1,0
29,11,sympy:225,1,11,1.0,-0.0,1.0,1,11,0.0,5188,0.0,0.0,0.0,0,0,11,11,1.0,0,0,0,1,0
29,12,sympy:225,1,12,1.0,-0.0,1.0,1,12,0.0,5667,0.0,0.0,0.0,0,0,12,12,1.0,0,0,0,1,0
29,13,sympy:225,1,13,1.0,-0.0,1.0,1,13,0.0,6182,0.0,0.0,0.0,0,0,13,13,1.0,0,0,0,1,0
29,14,sympy:225,1,14,1.0,-0.0,1.0,1,14,0.0,6610,0.0,0.0,0.0,0,0,14,14,1.0,0,0,0,1,0
29,15,sympy:225,1,15,1.0,-0.0,1.0,1,15,0.0,6992,0.0,0.0,0.0,0,0,15,15,1.0,0,0,0,1,0
29,16,sympy:225,1,16,1.0,-0.0,1.0,1,16,0.0,7484,0.0,0.0,0.0,0,0,16,16,1.0,0,0,0,1,0
30,1,sympy:52,1,1,1.0,-0.0,1.0,1,1,0.0,329,0.0,0.0,0.0,0,0,1,1,1.0,0,0,0,1,0
30,2,sympy:52,1,2,1.0,-0.0,1.0,1,2,0.0,654,0.0,0.0,0.0,0,0,2,2,1.0,0,0,0,1,0
30,3,sympy:52,1,3,1.0,-0.0,1.0,1,3,0.0,976,0.0,0.0,0.0,0,0,3,3,1.0,0,0,0,1,0
30,4,sympy:52,1,4,1.0,-0.0,1.0,1,4,0.0,1444,0.0,0.0,0.0,0,0,4,4,1.0,0,0,0,1,0
30,5,sympy:52,1,5,1.0,-0.0,1.0,1,5,0.0,1755,0.0,0.0,0.0,0,0,5,5,1.0,0,0,0,1,0
30,6,sympy:52,1,6,1.0,-0.0,1.0,1,6,0.0,2089,0.0,0.0,0.0,0,0,6,6,1.0,0,0,0,1,0
30,7,sympy:52,1,7,1.0,-0.0,1.0,1,7,0.0,2414,0.0,0.0,0.0,0,0,7,7,1.0,0,0,0,1,0
30,8,sympy:52,1,8,1.0,-0.0,1.0,1,8,0.0,2795,0.0,0.0,0.0,0,0,8,8,1.0,0,0,0,1,0
30,9,sympy:52,1,9,1.0,-0.0,1.0,1,9,0.0,3210,0.0,0.0,0.0,0,0,9,9,1.0,0,0,0,1,0
30,10,sympy:52,1,10,1.0,-0.0,1.0,1,10,0.0,3523,0.0,0.0,0.0,0,0,10,10,1.0,0,0,0,1,0
30,11,sympy:52,1,11,1.0,-0.0,1.0,1,11,0.0,3978,0.0,0.0,0.0,0,0,11,11,1.0,0,0,0,1,0
30,12,sympy:52,1,12,1.0,-0.0,1.0,1,12,0.0,4243,0.0,0.0,0.0,0,0,12,12,1.0,0,0,0,1,0
30,13,sympy:52,1,13,1.0,-0.0,1.0,1,13,0.0,4497,0.0,0.0,0.0,0,0,13,13,1.0,0,0,0,1,0
30,14,sympy:52,1,14,1.0,-0.0,1.0,1,14,0.0,4810,0.0,0.0,0.0,0,0,14,14,1.0,0,0,0,1,0
30,15,sympy:52,1,15,1.0,-0.0,1.0,1,15,0.0,5133,0.0,0.0,0.0,0,0,15,15,1.0,0,0,0,1,0
30,16,sympy:52,1,16,1.0,-0.0,1.0,1,16,0.0,5538,0.0,0.0,0.0,0,0,16,16,1.0,0,0,0,1,0
31,1,sympy:11*sqrt(2),1,1,1.0,-0.0,1.0,1,1,0.0,652,0.0,0.0,0.0,0,0,1,1,1.0,0,0,0,1,0
31,2,sympy:11*sqrt(2),1,2,1.0,-0.0,1.0,1,2,0.0,1140,0.0,0.0,0.0,0,0,2,2,1.0,0,0,0,1,0
31,3,sympy:11*sqrt(2),1,3,1.0,-0.0,1.0,1,3,0.0,1470,0.0,0.0,0.0,0,0,3,3,1.0,0,0,0,1,0
31,4,sympy:11*sqrt(2),1,4,1.0,-0.0,1.0,1,4,0.0,2052,0.0,0.0,0.0,0,0,4,4,1.0,0,0,0,1,0
31,5,sympy:11*sqrt(2),1,5,1.0,-0.0,1.0,1,5,0.0,2452,0.0,0.0,0.0,0,0,5,5,1.0,0,0,0,1,0
31,6,sympy:11*sqrt(2),1,6,1.0,-0.0,1.0,1,6,0.0,2845,0.0,0.0,0.0,0,0,6,6,1.0,0,0,0,1,0
31,7,sympy:11*sqrt(2),1,7,1.0,-0.0,1.0,1,7,0.0,3192,0.0,0.0,0.0,0,0,7,7,1.0,0,0,0,1,0
31,8,sympy:11*sqrt(2),1,8,1.0,-0.0,1.0,1,8,0.0,3613,0.0,0.0,0.0,0,0,8,8,1.0,0,0,0,1,0
31,9,sympy:11*sqrt(2),1,9,1.0,-0.0,1.0,1,9,0.0,4159,0.0,0.0,0.0,0,0,9,9,1.0,0,0,0,1,0
31,10,sympy:11*sqrt(2),1,10,1.0,-0.0,1.0,1,10,0.0,4604,0.0,0.0,0.0,0,0,10,10,1.0,0,0,0,1,0
31,11,sympy:11*sqrt(2),1,11,1.0,-0.0,1.0,1,11,0.0,4874,0.0,0.0,0.0,0,0,11,11,1.0,0,0,0,1,0
31,12,sympy:11*sqrt(2),1,12,1.0,-0.0,1.0,1,12,0.0,5142,0.0,0.0,0.0,0,0,12,12,1.0,0,0,0,1,0
31,13,sympy:11*sqrt(2),1,13,1.0,-0.0,1.0,1,13,0.0,5707,0.0,0.0,0.0,0,0,13,13,1.0,0,0,0,1,0
31,14,sympy:11*sqrt(2),1,14,1.0,-0.0,1.0,1,14,0.0,6004,0.0,0.0,0.0,0,0,14,14,1.0,0,0,0,1,0
31,15,sympy:11*sqrt(2),1,15,1.0,-0.0,1.0,1,15,0.0,6262,0.0,0.0,0.0,0,0,15,15,1.0,0,0,0,1,0
31,16,sympy:11*sqrt(2),1,16,1.0,-0.0,1.0,1,16,0.0,7286,0.0,0.0,0.0,0,0,16,16,1.0,0,0,0,1,0
32,1,sympy:720,1,1,1.0,-0.0,1.0,1,1,0.0,332,0.0,0.0,0.0,0,0,1,1,1.0,0,0,0,1,0
32,2,sympy:720,1,2,1.0,-0.0,1.0,1,2,0.0,682,0.0,0.0,0.0,0,0,2,2,1.0,0,0,0,1,0
32,3,sympy:720,1,3,1.0,-0.0,1.0,1,3,0.0,1000,0.0,0.0,0.0,0,0,3,3,1.0,0,0,0,1,0
32,4,sympy:720,1,4,1.0,-0.0,1.0,1,4,0.0,1376,0.0,0.0,0.0,0,0,4,4,1.0,0,0,0,1,0
32,5,sympy:720,1,5,1.0,-0.0,1.0,1,5,0.0,1742,0.0,0.0,0.0,0,0,5,5,1.0,0,0,0,1,0
32,6,sympy:720,1,6,1.0,-0.0,1.0,1,6,0.0,2130,0.0,0.0,0.0,0,0,6,6,1.0,0,0,0,1,0
32,7,sympy:720,1,7,1.0,-0.0,1.0,1,7,0.0,2501,0.0,0.0,0.0,0,0,7,7,1.0,0,0,0,1,0
32,8,sympy:720,1,8,1.0,-0.0,1.0,1,8,0.0,2885,0.0,0.0,0.0,0,0,8,8,1.0,0,0,0,1,0
32,9,sympy:720,1,9,1.0,-0.0,1.0,1,9,0.0,3246,0.0,0.0,0.0,0,0,9,9,1.0,0,0,0,1,0
32,10,sympy:720,1,10,1.0,-0.0,1.0,1,10,0.0,3651,0.0,0.0,0.0,0,0,10,10,1.0,0,0,0,1,0
32,11,sympy:720,1,11,1.0,-0.0,1.0,1,11,0.0,4675,0.0,0.0,0.0,0,0,11,11,1.0,0,0,0,1,0
32,12,sympy:720,1,12,1.0,-0.0,1.0,1,12,0.0,5042,0.0,0.0,0.0,0,0,12,12,1.0,0,0,0,1,0
32,13,sympy:720,1,13,1.0,-0.0,1.0,1,13,0.0,5356,0.0,0.0,0.0,0,0,13,13,1.0,0,0,0,1,0
32,14,sympy:720,1,14,1.0,-0.0,1.0,1,14,0.0,5713,0.0,0.0,0.0,0,0,14,14,1.0,0,0,0,1,0
32,15,sympy:720,1,15,1.0,-0.0,1.0,1,15,0.0,6035,0.0,0.0,0.0,0,0,15,15,1.0,0,0,0,1,0
32,16,sympy:720,1,16,1.0,-0.0,1.0,1,16,0.0,6398,0.0,0.0,0.0,0,0,16,16,1.0,0,0,0,1,0
33,1,sympy:27/70,0,1,1.0,-0.0,1.0,1,1,0.0,913,0.0,0.0,0.0,0,0,1,1,1.0,1,0,0,1,1
33,2,sympy:27/70,0,2,0.5,0.6931471805599453,0.0,2,2,0.0,1937,-0.5,0.6931471805599453,-1.0,0,0,2,0,0.5,1,0,0,1,1
33,3,sympy:27/70,0,3,0.3333333333333333,1.0986122886681096,0.0,3,3,0.0,2594,-0.16666666666666669,0.4054651081081643,0.0,0,0,3,0,0.3333333333333333,1,0,0,1,1
33,4,sympy:9/25,0,4,0.5,1.0397207708399179,0.25,3,1,0.0,3317,0.16666666666666669,-0.058891517828191686,0.25,1,1,3,1,0.6666666666666666,1,0,0,1,1
33,5,sympy:9/25,0,5,0.4,1.3321790402101223,0.2,4,2,0.0,3983,-0.09999999999999998,0.29245826937020447,-0.04999999999999999,0,1,3,1,0.6666666666666666,1,0,0,1,1
33,6,sympy:9/25,0,6,0.5,1.242453324894,0.3333333333333333,4,3,0.0,4598,0.09999999999999998,-0.08972571531612239,0.1333333333333333,0,1,3,2,0.6666666666666666,1,0,0,1,1
33,7,sympy:9/25,0,7,0.42857142857142855,1.4750763110546947,0.2857142857142857,5,4,0.0,5281,-0.07142857142857145,0.23262298616069477,-0.047619047619047616,0,1,4,2,0.3333333333333333,1,0,0,1,1
33,8,sympy:9/25,0,8,0.375,1.6674619334292946,0.25,6,5,0.0,6077,-0.05357142857142855,0.19238562237459989,-0.0357142857142857,0,1,5,2,0.3333333333333333,1,0,0,1,1
33,9,sympy:9/25,0,9,0.3333333333333333,1.6769877743224173,0.1111111111111111,6,6,0.0,6741,-0.041666666666666685,0.009525840893122695,-0.1388888888888889,0,1,6,1,0.0,1,0,0,1,1
33,10,sympy:9/25,0,10,0.3,1.6957425341696346,0.1,6,7,0.0,7522,-0.033333333333333326,0.018754759847217306,-0.0111111111111111,0,1,7,1,0.0,1,0,0,1,1
33,11,sympy:9/25,0,11,0.2727272727272727,1.8462202193216335,0.09090909090909091,7,8,0.0,8260,-0.027272727272727282,0.15047768515199889,-0.009090909090909094,0,1,8,1,0.0,1,0,0,1,1
33,12,sympy:9/25,0,12,0.25,1.9792045174343245,0.08333333333333333,8,9,0.0,9060,-0.022727272727272707,0.13298429811269097,-0.007575757575757583,0,1,9,1,0.0,1,0,0,1,1
33,13,sympy:9/25,0,13,0.23076923076923078,1.9512595041439562,0.0,8,10,0.0,9791,-0.019230769230769218,-0.027945013290368248,-0.08333333333333333,0,1,10,0,0.0,1,0,0,1,1
33,14,sympy:81/205,0,14,0.2857142857142857,1.90853528164356,0.07142857142857142,8,1,0.0,10484,0.054945054945054916,-0.042724222500396314,0.07142857142857142,1,2,10,1,0.6666666666666666,0,0,0,1,0
33,15,sympy:81/205,0,15,0.26666666666666666,1.8989267893363286,0.06666666666666667,8,2,0.0,11190,-0.019047619047619035,-0.009608492307231264,-0.004761904761904759,0,2,10,1,0.6666666666666666,0,0,0,1,0
33,16,sympy:81/205,0,16,0.25,1.9273921261392744,0.0625,8,3,0.0,11779,-0.016666666666666663,0.028465336802945718,-0.004166666666666666,0,2,10,1,0.3333333333333333,0,0,0,1,0
34,1,sympy:-125,1,1,1.0,-0.0,1.0,1,1,0.0,718,0.0,0.0,0.0,0,0,1,1,1.0,0,0,0,1,0
34,2,sympy:-125,1,2,1.0,-0.0,1.0,1,2,0.0,1742,0.0,0.0,0.0,0,0,2,2,1.0,0,0,0,1,0
34,3,sympy:-125,1,3,0.6666666666666666,0.6365141682948128,0.3333333333333333,2,3,0.0,2544,-0.33333333333333337,0.6365141682948128,-0.6666666666666667,0,0,3,1,0.6666666666666666,0,0,0,1,0
34,4,sympy:-125,1,4,0.75,0.5623351446188083,0.5,2,4,0.0,3402,0.08333333333333337,-0.07417902367600449,0.16666666666666669,0,0,4,2,0.6666666666666666,0,0,0,1,0
34,5,sympy:-125,1,5,0.8,0.5004024235381879,0.6,2,5,0.0,4349,0.050000000000000044,-0.06193272108062042,0.09999999999999998,0,0,5,3,0.6666666666666666,0,0,0,1,0
34,6,sympy:-125,1,6,0.8333333333333334,0.45056120886630463,0.6666666666666666,2,6,0.0,5101,0.033333333333333326,-0.04984121467188324,0.06666666666666665,0,0,6,4,1.0,0,0,0,1,0
34,7,sympy:-125,1,7,0.8571428571428571,0.410116318288409,0.7142857142857143,2,7,0.0,5864,0.023809523809523725,-0.04044489057789563,0.04761904761904767,0,0,7,5,1.0,0,0,0,1,0
34,8,sympy:-125,1,8,0.875,0.37677016125643675,0.75,2,8,0.0,6848,0.017857142857142905,-0.033346157031972246,0.0357142857142857,0,0,8,6,1.0,0,0,0,1,0
34,9,sympy:-125,1,9,0.8888888888888888,0.34883209584303193,0.7777777777777778,2,9,0.0,7624,0.01388888888888884,-0.027938065413404822,0.02777777777777779,0,0,9,7,1.0,0,0,0,1,0
34,10,sympy:-125,1,10,0.9,0.3250829733914482,0.8,2,10,0.0,8486,0.011111111111111183,-0.023749122451583726,0.022222222222222254,0,0,10,8,1.0,0,0,0,1,0
34,11,sympy:-125,1,11,0.9090909090909091,0.30463609734923813,0.8181818181818182,2,11,0.0,9077,0.009090909090909038,-0.02044687604221007,0.018181818181818188,0,0,11,9,1.0,0,0,0,1,0
34,12,sympy:-125,1,12,0.9166666666666666,0.2868359830561607,0.8333333333333334,2,12,0.0,9691,0.007575757575757569,-0.01780011429307743,0.015151515151515138,0,0,12,10,1.0,0,0,0,1,0
34,13,sympy:-125,1,13,0.9230769230769231,0.2711893730418441,0.8461538461538461,2,13,0.0,10375,0.0064102564102564985,-0.01564661001431661,0.012820512820512775,0,0,13,11,1.0,0,0,0,1,0
34,14,sympy:-125,1,14,0.9285714285714286,0.25731864054383163,0.8571428571428571,2,14,0.0,11109,0.005494505494505475,-0.013870732498012461,0.01098901098901095,0,0,14,12,1.0,0,0,0,1,0
34,15,sympy:-125,1,15,0.9333333333333333,0.24493002679463532,0.8666666666666667,2,15,0.0,11860,0.004761904761904745,-0.012388613749196309,0.009523809523809601,0,0,15,13,1.0,0,0,0,1,0
34,16,sympy:-125,1,16,0.9375,0.2337916587064593,0.875,2,16,0.0,12700,0.004166666666666652,-0.011138368088176032,0.008333333333333304,0,0,16,14,1.0,0,0,0,1,0
35,1,sympy:3,1,1,1.0,-0.0,1.0,1,1,0.0,391,0.0,0.0,0.0,0,0,1,1,1.0,0,0,0,1,0
35,2,sympy:3,1,2,1.0,-0.0,1.0,1,2,0.0,817,0.0,0.0,0.0,0,0,2,2,1.0,0,0,0,1,0
35,3,sympy:3,1,3,1.0,-0.0,1.0,1,3,0.0,1195,0.0,0.0,0.0,0,0,3,3,1.0,0,0,0,1,0
35,4,sympy:3,1,4,1.0,-0.0,1.0,1,4,0.0,1582,0.0,0.0,0.0,0,0,4,4,1.0,0,0,0,1,0
35,5,sympy:3,1,5,1.0,-0.0,1.0,1,5,0.0,1933,0.0,0.0,0.0,0,0,5,5,1.0,0,0,0,1,0
35,6,sympy:3,1,6,1.0,-0.0,1.0,1,6,0.0,2293,0.0,0.0,0.0,0,0,6,6,1.0,0,0,0,1,0
35,7,sympy:3,1,7,1.0,-0.0,1.0,1,7,0.0,2796,0.0,0.0,0.0,0,0,7,7,1.0,0,0,0,1,0
35,8,sympy:3,1,8,1.0,-0.0,1.0,1,8,0.0,3212,0.0,0.0,0.0,0,0,8,8,1.0,0,0,0,1,0
35,9,sympy:3,1,9,1.0,-0.0,1.0,1,9,0.0,3663,0.0,0.0,0.0,0,0,9,9,1.0,0,0,0,1,0
35,10,sympy:3,1,10,1.0,-0.0,1.0,1,10,0.0,4021,0.0,0.0,0.0,0,0,10,10,1.0,0,0,0,1,0
35,11,sympy:3,1,11,1.0,-0.0,1.0,1,11,0.0,4436,0.0,0.0,0.0,0,0,11,11,1.0,0,0,0,1,0
35,12,sympy:3,1,12,1.0,-0.0,1.0,1,12,0.0,4859,0.0,0.0,0.0,0,0,12,12,1.0,0,0,0,1,0
35,13,sympy:3,1,13,1.0,-0.0,1.0,1,13,0.0,5222,0.0,0.0,0.0,0,0,13,13,1.0,0,0,0,1,0
35,14,sympy:3,1,14,1.0,-0.0,1.0,1,14,0.0,5711,0.0,0.0,0.0,0,0,14,14,1.0,0,0,0,1,0
35,15,sympy:3,1,15,1.0,-0.0,1.0,1,15,0.0,6193,0.0,0.0,0.0,0,0,15,15,1.0,0,0,0,1,0
35,16,sympy:3,1,16,1.0,-0.0,1.0,1,16,0.0,6655,0.0,0.0,0.0,0,0,16,16,1.0,0,0,0,1,0
36,1,sympy:5,0,1,1.0,-0.0,1.0,1,1,0.0,724,0.0,0.0,0.0,0,0,1,1,1.0,1,1,0,0,1
36,2,sympy:5,0,2,0.5,0.6931471805599453,0.0,2,2,0.0,1496,-0.5,0.6931471805599453,-1.0,0,0,2,0,0.5,1,1,0,0,1
36,3,"sympy:{3, 5, 7}",1,3,0.6666666666666666,0.6365141682948128,0.3333333333333333,2,1,0.0,2116,0.16666666666666663,-0.05663301226513251,0.3333333333333333,1,1,2,1,0.6666666666666666,0,0,0,1,0
36,4,"sympy:{3, 5, 7}",1,4,0.75,0.5623351446188083,0.5,2,2,0.0,2866,0.08333333333333337,-0.07417902367600449,0.16666666666666669,0,1,2,2,1.0,0,0,0,1,0
36,5,"sympy:{3, 5, 7}",1,5,0.6,0.6730116670092565,0.2,2,3,0.0,3821,-0.15000000000000002,0.11067652239044823,-0.3,0,1,3,1,0.6666666666666666,0,0,0,1,0
36,6,"sympy:{3, 5, 7}",1,6,0.6666666666666666,0.6365141682948128,0.3333333333333333,2,4,0.0,4793,0.06666666666666665,-0.036497498714443743,0.1333333333333333,0,1,4,2,0.6666666666666666,0,0,0,1,0
36,7,"sympy:{3, 5, 7}",1,7,0.7142857142857143,0.5982695885852573,0.42857142857142855,2,5,0.0,5415,0.04761904761904767,-0.038244579709555526,0.09523809523809523,0,1,5,3,0.6666666666666666,0,0,0,1,0
36,8,"sympy:{3, 5, 7}",1,8,0.75,0.5623351446188083,0.5,2,6,0.0,6094,0.0357142857142857,-0.03593444396644896,0.07142857142857145,0,1,6,4,1.0,0,0,0,1,0
36,9,"sympy:{3, 5, 7}",1,8,0.75,0.5623351446188083,0.5,2,7,0.1111111111111111,7118,0.0,0.0,0.0,0,1,7,4,1.0,0,0,0,1,0
36,10,"sympy:{3, 5, 7}",1,9,0.6666666666666666,0.6365141682948128,0.3333333333333333,2,8,0.1,7456,-0.08333333333333337,0.07417902367600449,-0.16666666666666669,0,1,8,3,0.5,0,0,0,1,0
36,11,"sympy:{3, 5, 7}",1,9,0.6666666666666666,0.6365141682948128,0.3333333333333333,2,9,0.18181818181818182,8480,0.0,0.0,0.0,0,1,9,3,0.0,0,0,0,1,0
36,12,"sympy:{3, 5, 7}",1,10,0.7,0.6108643020548935,0.4,2,10,0.16666666666666666,9460,0.033333333333333326,-0.025649866239919272,0.06666666666666671,0,1,10,4,0.5,0,0,0,1,0
36,13,"sympy:{3, 5, 7}",1,10,0.7,0.6108643020548935,0.4,2,11,0.23076923076923078,10484,0.0,0.0,0.0,0,1,11,4,1.0,0,0,0,1,0
36,14,"sympy:{3, 5, 7}",1,11,0.7272727272727273,0.5859526183035508,0.45454545454545453,2,12,0.21428571428571427,11117,0.027272727272727337,-0.024911683751342673,0.05454545454545451,0,1,12,5,1.0,0,0,0,1,0
36,15,"sympy:{3, 5, 7}",1,12,0.6666666666666666,0.6365141682948128,0.3333333333333333,2,13,0.2,11493,-0.06060606060606066,0.050561549991261945,-0.12121212121212122,0,1,13,4,0.5,0,0,0,1,0
36,16,"sympy:{3, 5, 7}",1,13,0.6153846153846154,0.8587409130062869,0.3076923076923077,3,14,0.1875,12476,-0.05128205128205121,0.22222674471147408,-0.025641025641025605,0,1,14,4,0.3333333333333333,0,0,0,1,0
37,1,sympy:72,1,1,1.0,-0.0,1.0,1,1,0.0,192,0.0,0.0,0.0,0,0,1,1,1.0,0,0,0,1,0
37,2,sympy:72,1,2,1.0,-0.0,1.0,1,2,0.0,391,0.0,0.0,0.0,0,0,2,2,1.0,0,0,0,1,0
37,3,sympy:72,1,3,1.0,-0.0,1.0,1,3,0.0,617,0.0,0.0,0.0,0,0,3,3,1.0,0,0,0,1,0
37,4,sympy:72,1,4,1.0,-0.0,1.0,1,4,0.0,810,0.0,0.0,0.0,0,0,4,4,1.0,0,0,0,1,0
37,5,sympy:72,1,5,1.0,-0.0,1.0,1,5,0.0,1028,0.0,0.0,0.0,0,0,5,5,1.0,0,0,0,1,0
37,6,sympy:72,1,6,1.0,-0.0,1.0,1,6,0.0,1270,0.0,0.0,0.0,0,0,6,6,1.0,0,0,0,1,0
37,7,sympy:72,1,7,1.0,-0.0,1.0,1,7,0.0,1484,0.0,0.0,0.0,0,0,7,7,1.0,0,0,0,1,0
37,8,sympy:72,1,8,1.0,-0.0,1.0,1,8,0.0,1749,0.0,0.0,0.0,0,0,8,8,1.0,0,0,0,1,0
37,9,sympy:72,1,9,1.0,-0.0,1.0,1,9,0.0,1980,0.0,0.0,0.0,0,0,9,9,1.0,0,0,0,1,0
37,10,sympy:72,1,10,1.0,-0.0,1.0,1,10,0.0,2204,0.0,0.0,0.0,0,0,10,10,1.0,0,0,0,1,0
37,11,sympy:72,1,11,1.0,-0.0,1.0,1,11,0.0,2515,0.0,0.0,0.0,0,0,11,11,1.0,0,0,0,1,0
37,12,sympy:72,1,12,1.0,-0.0,1.0,1,12,0.0,2691,0.0,0.0,0.0,0,0,12,12,1.0,0,0,0,1,0
37,13,sympy:72,1,13,1.0,-0.0,1.0,1,13,0.0,2943,0.0,0.0,0.0,0,0,13,13,1.0,0,0,0,1,0
37,14,sympy:72,1,14,1.0,-0.0,1.0,1,14,0.0,3298,0.0,0.0,0.0,0,0,14,14,1.0,0,0,0,1,0
37,15,sympy:72,1,15,1.0,-0.0,1.0,1,15,0.0,3490,0.0,0.0,0.0,0,0,15,15,1.0,0,0,0,1,0
37,16,sympy:72,1,16,1.0,-0.0,1.0,1,16,0.0,3770,0.0,0.0,0.0,0,0,16,16,1.0,0,0,0,1,0
38,1,sympy:2000,1,1,1.0,-0.0,1.0,1,1,0.0,227,0.0,0.0,0.0,0,0,1,1,1.0,0,0,0,1,0
38,2,sympy:2000,1,2,1.0,-0.0,1.0,1,2,0.0,467,0.0,0.0,0.0,0,0,2,2,1.0,0,0,0,1,0
38,3,sympy:2000,1,3,1.0,-0.0,1.0,1,3,0.0,727,0.0,0.0,0.0,0,0,3,3,1.0,0,0,0,1,0
38,4,sympy:2000,1,4,1.0,-0.0,1.0,1,4,0.0,954,0.0,0.0,0.0,0,0,4,4,1.0,0,0,0,1,0
38,5,sympy:2000,1,5,1.0,-0.0,1.0,1,5,0.0,1206,0.0,0.0,0.0,0,0,5,5,1.0,0,0,0,1,0
38,6,sympy:2000,1,6,1.0,-0.0,1.0,1,6,0.0,1448,0.0,0.0,0.0,0,0,6,6,1.0,0,0,0,1,0
38,7,sympy:2000,1,7,1.0,-0.0,1.0,1,7,0.0,1701,0.0,0.0,0.0,0,0,7,7,1.0,0,0,0,1,0
38,8,sympy:2000,1,8,1.0,-0.0,1.0,1,8,0.0,1933,0.0,0.0,0.0,0,0,8,8,1.0,0,0,0,1,0
38,9,sympy:2000,1,9,1.0,-0.0,1.0,1,9,0.0,2211,0.0,0.0,0.0,0,0,9,9,1.0,0,0,0,1,0
38,10,sympy:2000,1,10,1.0,-0.0,1.0,1,10,0.0,2410,0.0,0.0,0.0,0,0,10,10,1.0,0,0,0,1,0
38,11,sympy:2000,1,11,1.0,-0.0,1.0,1,11,0.0,2641,0.0,0.0,0.0,0,0,11,11,1.0,0,0,0,1,0
38,12,sympy:2000,1,12,1.0,-0.0,1.0,1,12,0.0,2889,0.0,0.0,0.0,0,0,12,12,1.0,0,0,0,1,0
38,13,sympy:2000,1,13,1.0,-0.0,1.0,1,13,0.0,3141,0.0,0.0,0.0,0,0,13,13,1.0,0,0,0,1,0
38,14,sympy:2000,1,14,1.0,-0.0,1.0,1,14,0.0,3390,0.0,0.0,0.0,0,0,14,14,1.0,0,0,0,1,0
38,15,sympy:2000,1,15,1.0,-0.0,1.0,1,15,0.0,3621,0.0,0.0,0.0,0,0,15,15,1.0,0,0,0,1,0
38,16,sympy:2000,1,16,1.0,-0.0,1.0,1,16,0.0,3895,0.0,0.0,0.0,0,0,16,16,1.0,0,0,0,1,0
39,1,sympy:23,1,1,1.0,-0.0,1.0,1,1,0.0,544,0.0,0.0,0.0,0,0,1,1,1.0,0,0,0,1,0
39,2,sympy:23,1,2,1.0,-0.0,1.0,1,2,0.0,995,0.0,0.0,0.0,0,0,2,2,1.0,0,0,0,1,0
39,3,sympy:23,1,3,1.0,-0.0,1.0,1,3,0.0,1520,0.0,0.0,0.0,0,0,3,3,1.0,0,0,0,1,0
39,4,sympy:23,1,4,1.0,-0.0,1.0,1,4,0.0,2019,0.0,0.0,0.0,0,0,4,4,1.0,0,0,0,1,0
39,5,sympy:23,1,5,1.0,-0.0,1.0,1,5,0.0,2624,0.0,0.0,0.0,0,0,5,5,1.0,0,0,0,1,0
39,6,sympy:23,1,6,1.0,-0.0,1.0,1,6,0.0,3190,0.0,0.0,0.0,0,0,6,6,1.0,0,0,0,1,0
39,7,sympy:23,1,7,1.0,-0.0,1.0,1,7,0.0,3844,0.0,0.0,0.0,0,0,7,7,1.0,0,0,0,1,0
39,8,sympy:23,1,8,1.0,-0.0,1.0,1,8,0.0,4433,0.0,0.0,0.0,0,0,8,8,1.0,0,0,0,1,0
39,9,sympy:23,1,9,0.8888888888888888,0.34883209584303193,0.7777777777777778,2,9,0.0,5106,-0.11111111111111116,0.34883209584303193,-0.2222222222222222,0,0,9,7,0.6666666666666666,0,0,0,1,0
39,10,sympy:23,1,10,0.9,0.3250829733914482,0.8,2,10,0.0,5831,0.011111111111111183,-0.023749122451583726,0.022222222222222254,0,0,10,8,0.6666666666666666,0,0,0,1,0
39,11,sympy:23,1,11,0.8181818181818182,0.6001660731596457,0.7272727272727273,3,11,0.0,6377,-0.08181818181818179,0.27508309976819745,-0.07272727272727275,0,0,11,8,0.3333333333333333,0,0,0,1,0
39,12,sympy:23,1,12,0.8333333333333334,0.5660857389596289,0.75,3,12,0.0,6864,0.015151515151515138,-0.03408033420001677,0.022727272727272707,0,0,12,9,0.6666666666666666,0,0,0,1,0
39,13,sympy:23,1,13,0.8461538461538461,0.5359610497090694,0.7692307692307693,3,13,0.0,7384,0.012820512820512775,-0.030124689250559444,0.019230769230769273,0,0,13,10,0.6666666666666666,0,0,0,1,0
39,14,sympy:23,1,14,0.8571428571428571,0.509137344082687,0.7857142857142857,3,14,0.0,8058,0.01098901098901095,-0.026823705626382477,0.016483516483516425,0,0,14,11,1.0,0,0,0,1,0
39,15,sympy:23,1,15,0.8,0.7201248812718097,0.7333333333333333,4,15,0.0,8572,-0.05714285714285705,0.21098753718912278,-0.05238095238095242,0,0,15,11,0.6666666666666666,0,0,0,1,0
39,16,sympy:23,1,16,0.8125,0.6885673693022826,0.75,4,16,0.0,9113,0.012499999999999956,-0.03155751196952716,0.01666666666666672,0,0,16,12,0.6666666666666666,0,0,0,1,0
40,1,sympy:12,1,1,1.0,-0.0,1.0,1,1,0.0,287,0.0,0.0,0.0,0,0,1,1,1.0,0,0,0,1,0
40,2,sympy:12,1,2,1.0,-0.0,1.0,1,2,0.0,507,0.0,0.0,0.0,0,0,2,2,1.0,0,0,0,1,0
40,3,sympy:12,1,3,1.0,-0.0,1.0,1,3,0.0,753,0.0,0.0,0.0,0,0,3,3,1.0,0,0,0,1,0
40,4,sympy:12,1,4,1.0,-0.0,1.0,1,4,0.0,972,0.0,0.0,0.0,0,0,4,4,1.0,0,0,0,1,0
40,5,sympy:12,1,5,1.0,-0.0,1.0,1,5,0.0,1195,0.0,0.0,0.0,0,0,5,5,1.0,0,0,0,1,0
40,6,sympy:12,1,6,1.0,-0.0,1.0,1,6,0.0,1435,0.0,0.0,0.0,0,0,6,6,1.0,0,0,0,1,0
40,7,sympy:12,1,7,1.0,-0.0,1.0,1,7,0.0,1722,0.0,0.0,0.0,0,0,7,7,1.0,0,0,0,1,0
40,8,sympy:12,1,8,1.0,-0.0,1.0,1,8,0.0,2011,0.0,0.0,0.0,0,0,8,8,1.0,0,0,0,1,0
40,9,sympy:12,1,9,1.0,-0.0,1.0,1,9,0.0,2230,0.0,0.0,0.0,0,0,9,9,1.0,0,0,0,1,0
40,10,sympy:12,1,10,1.0,-0.0,1.0,1,10,0.0,2469,0.0,0.0,0.0,0,0,10,10,1.0,0,0,0,1,0
40,11,sympy:12,1,11,1.0,-0.0,1.0,1,11,0.0,2679,0.0,0.0,0.0,0,0,11,11,1.0,0,0,0,1,0
40,12,sympy:12,1,12,1.0,-0.0,1.0,1,12,0.0,2917,0.0,0.0,0.0,0,0,12,12,1.0,0,0,0,1,0
40,13,sympy:12,1,13,1.0,-0.0,1.0,1,13,0.0,3175,0.0,0.0,0.0,0,0,13,13,1.0,0,0,0,1,0
40,14,sympy:12,1,14,1.0,-0.0,1.0,1,14,0.0,3485,0.0,0.0,0.0,0,0,14,14,1.0,0,0,0,1,0
40,15,sympy:12,1,15,1.0,-0.0,1.0,1,15,0.0,3746,0.0,0.0,0.0,0,0,15,15,1.0,0,0,0,1,0
40,16,sympy:12,1,16,1.0,-0.0,1.0,1,16,0.0,3969,0.0,0.0,0.0,0,0,16,16,1.0,0,0,0,1,0
41,1,sympy:17,1,1,1.0,-0.0,1.0,1,1,0.0,538,0.0,0.0,0.0,0,0,1,1,1.0,1,0,1,1,0
41,2,sympy:17,1,2,0.5,0.6931471805599453,0.0,2,2,0.0,1198,-0.5,0.6931471805599453,-1.0,0,0,2,0,0.5,1,0,1,1,0
41,3,sympy:17,1,3,0.3333333333333333,1.0986122886681096,0.0,3,3,0.0,1705,-0.16666666666666669,0.4054651081081643,0.0,0,0,3,0,0.3333333333333333,1,0,1,1,0
41,4,sympy:17,1,4,0.5,1.0397207708399179,0.25,3,4,0.0,2115,0.16666666666666669,-0.058891517828191686,0.25,0,0,4,1,0.3333333333333333,1,0,1,1,0
41,5,sympy:17,1,5,0.4,1.3321790402101223,0.2,4,5,0.0,2680,-0.09999999999999998,0.29245826937020447,-0.04999999999999999,0,0,5,1,0.3333333333333333,1,0,1,1,0
41,6,sympy:17,1,6,0.5,1.242453324894,0.3333333333333333,4,6,0.0,3309,0.09999999999999998,-0.08972571531612239,0.1333333333333333,0,0,6,2,0.6666666666666666,1,0,1,1,0
41,7,sympy:17,1,7,0.42857142857142855,1.277034259466139,0.14285714285714285,4,7,0.0,3899,-0.07142857142857145,0.034580934572139066,-0.19047619047619047,0,0,7,1,0.3333333333333333,1,0,1,1,0
41,8,sympy:17,1,8,0.375,1.2554823251787535,0.0,4,8,0.0,4429,-0.05357142857142855,-0.021551934287385555,-0.14285714285714285,0,0,8,0,0.3333333333333333,1,0,1,1,0
41,9,sympy:17,1,9,0.3333333333333333,1.310783678099714,0.0,4,9,0.0,4945,-0.041666666666666685,0.0553013529209605,0.0,0,0,9,0,0.0,1,0,1,1,0
41,10,sympy:5,0,10,0.4,1.2798542258336676,0.1,4,1,0.0,5523,0.06666666666666671,-0.030929452266046376,0.1,1,1,9,1,0.6666666666666666,0,0,0,1,0
41,11,sympy:5,0,11,0.45454545454545453,1.2406842919533958,0.18181818181818182,4,2,0.0,6015,0.05454545454545451,-0.03916993388027179,0.08181818181818182,0,1,9,2,0.6666666666666666,0,0,0,1,0
41,12,sympy:5,0,12,0.5,1.198849312913621,0.25,4,3,0.0,6602,0.04545454545454547,-0.04183497903977473,0.06818181818181818,0,1,9,3,1.0,0,0,0,1,0
41,13,sympy:5,0,13,0.5384615384615384,1.1569876443452742,0.3076923076923077,4,4,0.0,7189,0.038461538461538436,-0.04186166856834683,0.05769230769230771,0,1,9,4,1.0,0,0,0,1,0
41,14,sympy:5,0,14,0.5714285714285714,1.1163670752893367,0.35714285714285715,4,5,0.0,7770,0.03296703296703296,-0.04062056905593758,0.04945054945054944,0,1,9,5,1.0,0,0,0,1,0
41,15,sympy:5,0,15,0.6,1.0775733728921972,0.4,4,6,0.0,8293,0.02857142857142858,-0.03879370239713942,0.04285714285714287,0,1,9,6,1.0,0,0,0,1,0
41,16,sympy:5,0,16,0.5625,1.1034329096381919,0.3125,4,7,0.0,8697,-0.03749999999999998,0.025859536745994616,-0.08750000000000002,0,1,9,5,0.6666666666666666,0,0,0,1,0
42,1,sympy:4,1,1,1.0,-0.0,1.0,1,1,0.0,400,0.0,0.0,0.0,0,0,1,1,1.0,0,0,0,1,0
42,2,sympy:4,1,2,1.0,-0.0,1.0,1,2,0.0,685,0.0,0.0,0.0,0,0,2,2,1.0,0,0,0,1,0
42,3,sympy:4,1,3,1.0,-0.0,1.0,1,3,0.0,962,0.0,0.0,0.0,0,0,3,3,1.0,0,0,0,1,0
42,4,sympy:4,1,4,1.0,-0.0,1.0,1,4,0.0,1382,0.0,0.0,0.0,0,0,4,4,1.0,0,0,0,1,0
42,5,sympy:4,1,5,1.0,-0.0,1.0,1,5,0.0,1652,0.0,0.0,0.0,0,0,5,5,1.0,0,0,0,1,0
42,6,sympy:4,1,6,1.0,-0.0,1.0,1,6,0.0,1931,0.0,0.0,0.0,0,0,6,6,1.0,0,0,0,1,0
42,7,sympy:4,1,7,1.0,-0.0,1.0,1,7,0.0,2218,0.0,0.0,0.0,0,0,7,7,1.0,0,0,0,1,0
42,8,sympy:4,1,8,1.0,-0.0,1.0,1,8,0.0,2469,0.0,0.0,0.0,0,0,8,8,1.0,0,0,0,1,0
42,9,sympy:4,1,9,1.0,-0.0,1.0,1,9,0.0,2746,0.0,0.0,0.0,0,0,9,9,1.0,0,0,0,1,0
42,10,sympy:4,1,10,1.0,-0.0,1.0,1,10,0.0,3031,0.0,0.0,0.0,0,0,10,10,1.0,0,0,0,1,0
42,11,sympy:4,1,11,1.0,-0.0,1.0,1,11,0.0,3344,0.0,0.0,0.0,0,0,11,11,1.0,0,0,0,1,0
42,12,sympy:4,1,12,1.0,-0.0,1.0,1,12,0.0,3659,0.0,0.0,0.0,0,0,12,12,1.0,0,0,0,1,0
42,13,sympy:4,1,13,1.0,-0.0,1.0,1,13,0.0,3919,0.0,0.0,0.0,0,0,13,13,1.0,0,0,0,1,0
42,14,sympy:4,1,14,1.0,-0.0,1.0,1,14,0.0,4206,0.0,0.0,0.0,0,0,14,14,1.0,0,0,0,1,0
42,15,sympy:4,1,15,1.0,-0.0,1.0,1,15,0.0,4514,0.0,0.0,0.0,0,0,15,15,1.0,0,0,0,1,0
42,16,sympy:4,1,16,1.0,-0.0,1.0,1,16,0.0,4780,0.0,0.0,0.0,0,0,16,16,1.0,0,0,0,1,0
43,1,sympy:20*sqrt(5) + 80,0,1,1.0,-0.0,1.0,1,1,0.0,705,0.0,0.0,0.0,0,0,1,1,1.0,1,0,0,1,1
43,2,sympy:20*sqrt(5) + 80,0,2,0.5,0.6931471805599453,0.0,2,2,0.0,1253,-0.5,0.6931471805599453,-1.0,0,0,2,0,0.5,1,0,0,1,1
43,3,sympy:20*sqrt(5) + 10*sqrt(34),0,3,0.6666666666666666,0.6365141682948128,0.3333333333333333,2,1,0.0,1885,0.16666666666666663,-0.05663301226513251,0.3333333333333333,1,1,2,1,0.6666666666666666,0,0,0,1,0
43,4,sympy:20*sqrt(5) + 10*sqrt(34),0,4,0.75,0.5623351446188083,0.5,2,2,0.0,2715,0.08333333333333337,-0.07417902367600449,0.16666666666666669,0,1,2,2,1.0,0,0,0,1,0
43,5,sympy:20*sqrt(5) + 10*sqrt(34),0,5,0.6,0.9502705392332347,0.4,3,3,0.0,3591,-0.15000000000000002,0.3879353946144264,-0.09999999999999998,0,1,3,2,0.6666666666666666,0,0,0,1,0
43,6,sympy:20*sqrt(5) + 10*sqrt(34),0,6,0.5,1.242453324894,0.3333333333333333,4,4,0.0,4311,-0.09999999999999998,0.2921827856607653,-0.06666666666666671,0,1,4,2,0.3333333333333333,0,0,0,1,0
43,7,sympy:20*sqrt(5) + 10*sqrt(34),0,7,0.5714285714285714,1.1537419427010902,0.42857142857142855,4,5,0.0,4820,0.0714285714285714,-0.08871138219290975,0.09523809523809523,0,1,5,3,0.3333333333333333,0,0,0,1,0
43,8,sympy:20*sqrt(5) + 10*sqrt(34),0,8,0.5,1.3862943611198906,0.375,5,6,0.0,5451,-0.0714285714285714,0.23255241841880037,-0.05357142857142855,0,1,6,3,0.3333333333333333,0,0,0,1,0
43,9,sympy:20*sqrt(5) + 10*sqrt(34),0,9,0.5555555555555556,1.303092403761719,0.4444444444444444,5,7,0.0,6120,0.05555555555555558,-0.08320195735817149,0.06944444444444442,0,1,7,4,0.6666666666666666,0,0,0,1,0
43,10,sympy:20*sqrt(5) + 10*sqrt(34),0,10,0.6,1.2275294114572126,0.5,5,8,0.0,6613,0.0444444444444444,-0.07556299230450647,0.05555555555555558,0,1,8,5,0.6666666666666666,0,0,0,1,0
43,11,sympy:20*sqrt(5) + 10*sqrt(34),0,11,0.5454545454545454,1.4205719259467042,0.45454545454545453,6,9,0.0,7262,-0.054545454545454564,0.1930425144894916,-0.04545454545454547,0,1,9,5,0.6666666666666666,0,0,0,1,0
43,12,sympy:20*sqrt(5) + 10*sqrt(34),0,12,0.5833333333333334,1.349792396172401,0.5,6,10,0.0,7856,0.037878787878787956,-0.07077952977430324,0.04545454545454547,0,1,10,6,0.6666666666666666,0,0,0,1,0
43,13,sympy:20*sqrt(5) + 10*sqrt(34),0,13,0.5384615384615384,1.4105135571148382,0.38461538461538464,6,11,0.0,8600,-0.044871794871794934,0.06072116094243718,-0.11538461538461536,0,1,11,5,0.3333333333333333,0,0,0,1,0
43,14,sympy:20*sqrt(5) + 10*sqrt(34),0,14,0.5,1.567081229293324,0.35714285714285715,7,12,0.0,9458,-0.038461538461538436,0.15656767217848588,-0.027472527472527486,0,1,12,5,0.3333333333333333,0,0,0,1,0
43,15,sympy:20*sqrt(5) + 10*sqrt(34),0,15,0.4666666666666667,1.7075391741350712,0.3333333333333333,8,13,0.0,10482,-0.033333333333333326,0.14045794484174712,-0.023809523809523836,0,1,13,5,0.0,0,0,0,1,0
43,16,sympy:20*sqrt(5) + 10*sqrt(34),0,16,0.4375,1.8346096344580884,0.3125,9,14,0.0,11238,-0.029166666666666674,0.12707046032301728,-0.020833333333333315,0,1,14,5,0.0,0,0,0,1,0
44,1,sympy:1.25000000000000,1,1,1.0,-0.0,1.0,1,1,0.0,564,0.0,0.0,0.0,0,0,1,1,1.0,0,0,0,1,0
44,2,sympy:1.25000000000000,1,2,1.0,-0.0,1.0,1,2,0.0,1006,0.0,0.0,0.0,0,0,2,2,1.0,0,0,0,1,0
44,3,sympy:1.25000000000000,1,3,1.0,-0.0,1.0,1,3,0.0,1507,0.0,0.0,0.0,0,0,3,3,1.0,0,0,0,1,0
44,4,sympy:1.25000000000000,1,4,1.0,-0.0,1.0,1,4,0.0,1898,0.0,0.0,0.0,0,0,4,4,1.0,0,0,0,1,0
44,5,sympy:1.25000000000000,1,5,1.0,-0.0,1.0,1,5,0.0,2365,0.0,0.0,0.0,0,0,5,5,1.0,0,0,0,1,0
44,6,sympy:1.25000000000000,1,6,1.0,-0.0,1.0,1,6,0.0,2748,0.0,0.0,0.0,0,0,6,6,1.0,0,0,0,1,0
44,7,sympy:1.25000000000000,1,7,1.0,-0.0,1.0,1,7,0.0,3133,0.0,0.0,0.0,0,0,7,7,1.0,0,0,0,1,0
44,8,sympy:1.25000000000000,1,8,1.0,-0.0,1.0,1,8,0.0,3601,0.0,0.0,0.0,0,0,8,8,1.0,0,0,0,1,0
44,9,sympy:1.25000000000000,1,9,1.0,-0.0,1.0,1,9,0.0,4138,0.0,0.0,0.0,0,0,9,9,1.0,0,0,0,1,0
44,10,sympy:1.25000000000000,1,10,1.0,-0.0,1.0,1,10,0.0,4735,0.0,0.0,0.0,0,0,10,10,1.0,0,0,0,1,0
44,11,sympy:1.25000000000000,1,11,1.0,-0.0,1.0,1,11,0.0,5332,0.0,0.0,0.0,0,0,11,11,1.0,0,0,0,1,0
44,12,sympy:1.25000000000000,1,12,1.0,-0.0,1.0,1,12,0.0,5802,0.0,0.0,0.0,0,0,12,12,1.0,0,0,0,1,0
44,13,sympy:1.25000000000000,1,13,1.0,-0.0,1.0,1,13,0.0,6270,0.0,0.0,0.0,0,0,13,13,1.0,0,0,0,1,0
44,14,sympy:1.25000000000000,1,14,1.0,-0.0,1.0,1,14,0.0,6803,0.0,0.0,0.0,0,0,14,14,1.0,0,0,0,1,0
44,15,sympy:1.25000000000000,1,15,1.0,-0.0,1.0,1,15,0.0,7317,0.0,0.0,0.0,0,0,15,15,1.0,0,0,0,1,0
44,16,sympy:1.25000000000000,1,16,1.0,-0.0,1.0,1,16,0.0,7763,0.0,0.0,0.0,0,0,16,16,1.0,0,0,0,1,0
45,1,sympy:2,1,1,1.0,-0.0,1.0,1,1,0.0,335,0.0,0.0,0.0,0,0,1,1,1.0,0,0,0,1,0
45,2,sympy:2,1,2,1.0,-0.0,1.0,1,2,0.0,703,0.0,0.0,0.0,0,0,2,2,1.0,0,0,0,1,0
45,3,sympy:2,1,3,1.0,-0.0,1.0,1,3,0.0,1001,0.0,0.0,0.0,0,0,3,3,1.0,0,0,0,1,0
45,4,sympy:2,1,4,1.0,-0.0,1.0,1,4,0.0,1286,0.0,0.0,0.0,0,0,4,4,1.0,0,0,0,1,0
45,5,sympy:2,1,5,1.0,-0.0,1.0,1,5,0.0,1575,0.0,0.0,0.0,0,0,5,5,1.0,0,0,0,1,0
45,6,sympy:2,1,6,1.0,-0.0,1.0,1,6,0.0,1921,0.0,0.0,0.0,0,0,6,6,1.0,0,0,0,1,0
45,7,sympy:2,1,7,1.0,-0.0,1.0,1,7,0.0,2277,0.0,0.0,0.0,0,0,7,7,1.0,0,0,0,1,0
45,8,sympy:2,1,8,1.0,-0.0,1.0,1,8,0.0,2690,0.0,0.0,0.0,0,0,8,8,1.0,0,0,0,1,0
45,9,sympy:2,1,9,1.0,-0.0,1.0,1,9,0.0,3288,0.0,0.0,0.0,0,0,9,9,1.0,0,0,0,1,0
45,10,sympy:2,1,10,1.0,-0.0,1.0,1,10,0.0,3670,0.0,0.0,0.0,0,0,10,10,1.0,0,0,0,1,0
45,11,sympy:2,1,11,1.0,-0.0,1.0,1,11,0.0,4100,0.0,0.0,0.0,0,0,11,11,1.0,0,0,0,1,0
45,12,sympy:2,1,12,1.0,-0.0,1.0,1,12,0.0,4401,0.0,0.0,0.0,0,0,12,12,1.0,0,0,0,1,0
45,13,sympy:2,1,13,1.0,-0.0,1.0,1,13,0.0,4754,0.0,0.0,0.0,0,0,13,13,1.0,0,0,0,1,0
45,14,sympy:2,1,14,1.0,-0.0,1.0,1,14,0.0,5044,0.0,0.0,0.0,0,0,14,14,1.0,0,0,0,1,0
45,15,sympy:2,1,15,1.0,-0.0,1.0,1,15,0.0,5449,0.0,0.0,0.0,0,0,15,15,1.0,0,0,0,1,0
45,16,sympy:2,1,16,1.0,-0.0,1.0,1,16,0.0,5689,0.0,0.0,0.0,0,0,16,16,1.0,0,0,0,1,0
46,1,sympy:6,1,1,1.0,-0.0,1.0,1,1,0.0,534,0.0,0.0,0.0,0,0,1,1,1.0,0,0,0,1,0
46,2,sympy:6,1,1,1.0,-0.0,1.0,1,2,0.5,1558,0.0,0.0,0.0,0,0,2,1,1.0,0,0,0,1,0
46,3,sympy:6,1,1,1.0,-0.0,1.0,1,3,0.6666666666666666,2582,0.0,0.0,0.0,0,0,3,1,1.0,0,0,0,1,0
46,4,sympy:6,1,1,1.0,-0.0,1.0,1,4,0.75,3606,0.0,0.0,0.0,0,0,4,1,0.0,0,0,0,1,0
46,5,sympy:6,1,2,0.5,0.6931471805599453,0.0,2,5,0.6,4630,-0.5,0.6931471805599453,-1.0,0,0,5,0,0.0,0,0,0,1,0
46,6,sympy:6,1,3,0.6666666666666666,0.6365141682948128,0.3333333333333333,2,6,0.5,5190,0.16666666666666663,-0.05663301226513251,0.3333333333333333,0,0,6,1,0.5,0,0,0,1,0
46,7,sympy:6,1,4,0.75,0.5623351446188083,0.5,2,7,0.42857142857142855,6156,0.08333333333333337,-0.07417902367600449,0.16666666666666669,0,0,7,2,0.6666666666666666,0,0,0,1,0
46,8,sympy:6,1,5,0.8,0.5004024235381879,0.6,2,8,0.375,6961,0.050000000000000044,-0.06193272108062042,0.09999999999999998,0,0,8,3,1.0,0,0,0,1,0
46,9,sympy:6,1,6,0.6666666666666666,0.6365141682948128,0.3333333333333333,2,9,0.3333333333333333,7884,-0.13333333333333341,0.1361117447566249,-0.26666666666666666,0,0,9,2,0.6666666666666666,0,0,0,1,0
46,10,sympy:6,1,7,0.7142857142857143,0.5982695885852573,0.42857142857142855,2,10,0.3,8893,0.04761904761904767,-0.038244579709555526,0.09523809523809523,0,0,10,3,0.6666666666666666,0,0,0,1,0
46,11,sympy:6,1,8,0.625,0.6615632381579821,0.25,2,11,0.2727272727272727,9695,-0.0892857142857143,0.06329364957272487,-0.17857142857142855,0,0,11,2,0.3333333333333333,0,0,0,1,0
46,12,sympy:6,1,9,0.5555555555555556,0.6869615765973234,0.1111111111111111,2,12,0.25,10355,-0.06944444444444442,0.02539833843934125,-0.1388888888888889,0,0,12,1,0.3333333333333333,0,0,0,1,0
46,13,sympy:6,1,10,0.6,0.6730116670092565,0.2,2,13,0.23076923076923078,11146,0.0444444444444444,-0.013949909588066856,0.0888888888888889,0,0,13,2,0.3333333333333333,0,0,0,1,0
46,14,sympy:6,1,11,0.6363636363636364,0.6554817739013927,0.2727272727272727,2,14,0.21428571428571427,12034,0.036363636363636376,-0.017529893107863792,0.0727272727272727,0,0,14,3,0.6666666666666666,0,0,0,1,0
46,15,sympy:6,1,12,0.6666666666666666,0.6365141682948128,0.3333333333333333,2,15,0.2,12744,0.030303030303030276,-0.01896760560657995,0.06060606060606061,0,0,15,4,1.0,0,0,0,1,0
46,16,sympy:6,1,13,0.6153846153846154,0.8587409130062869,0.3076923076923077,3,16,0.1875,13525,-0.05128205128205121,0.22222674471147408,-0.025641025641025605,0,0,16,4,0.6666666666666666,0,0,0,1,0
47,1,sympy:5,1,1,1.0,-0.0,1.0,1,1,0.0,434,0.0,0.0,0.0,0,0,1,1,1.0,0,0,0,1,0
47,2,sympy:5,1,2,1.0,-0.0,1.0,1,2,0.0,787,0.0,0.0,0.0,0,0,2,2,1.0,0,0,0,1,0
47,3,sympy:5,1,3,1.0,-0.0,1.0,1,3,0.0,1221,0.0,0.0,0.0,0,0,3,3,1.0,0,0,0,1,0
47,4,sympy:5,1,4,1.0,-0.0,1.0,1,4,0.0,1627,0.0,0.0,0.0,0,0,4,4,1.0,0,0,0,1,0
47,5,sympy:5,1,5,1.0,-0.0,1.0,1,5,0.0,2109,0.0,0.0,0.0,0,0,5,5,1.0,0,0,0,1,0
47,6,sympy:5,1,6,1.0,-0.0,1.0,1,6,0.0,2618,0.0,0.0,0.0,0,0,6,6,1.0,0,0,0,1,0
47,7,sympy:5,1,7,1.0,-0.0,1.0,1,7,0.0,3036,0.0,0.0,0.0,0,0,7,7,1.0,0,0,0,1,0
47,8,sympy:5,1,8,1.0,-0.0,1.0,1,8,0.0,3497,0.0,0.0,0.0,0,0,8,8,1.0,0,0,0,1,0
47,9,sympy:5,1,9,1.0,-0.0,1.0,1,9,0.0,3931,0.0,0.0,0.0,0,0,9,9,1.0,0,0,0,1,0
47,10,sympy:5,1,10,1.0,-0.0,1.0,1,10,0.0,4261,0.0,0.0,0.0,0,0,10,10,1.0,0,0,0,1,0
47,11,sympy:5,1,11,1.0,-0.0,1.0,1,11,0.0,4862,0.0,0.0,0.0,0,0,11,11,1.0,0,0,0,1,0
47,12,sympy:5,1,12,1.0,-0.0,1.0,1,12,0.0,5279,0.0,0.0,0.0,0,0,12,12,1.0,0,0,0,1,0
47,13,sympy:5,1,13,1.0,-0.0,1.0,1,13,0.0,5692,0.0,0.0,0.0,0,0,13,13,1.0,0,0,0,1,0
47,14,sympy:5,1,14,1.0,-0.0,1.0,1,14,0.0,6123,0.0,0.0,0.0,0,0,14,14,1.0,0,0,0,1,0
47,15,sympy:5,1,15,1.0,-0.0,1.0,1,15,0.0,6536,0.0,0.0,0.0,0,0,15,15,1.0,0,0,0,1,0
47,16,sympy:5,1,16,1.0,-0.0,1.0,1,16,0.0,6960,0.0,0.0,0.0,0,0,16,16,1.0,0,0,0,1,0
48,1,sympy:3/2,1,1,1.0,-0.0,1.0,1,1,0.0,208,0.0,0.0,0.0,0,0,1,1,1.0,0,0,0,1,0
48,2,sympy:3/2,1,2,1.0,-0.0,1.0,1,2,0.0,462,0.0,0.0,0.0,0,0,2,2,1.0,0,0,0,1,0
48,3,sympy:3/2,1,3,1.0,-0.0,1.0,1,3,0.0,725,0.0,0.0,0.0,0,0,3,3,1.0,0,0,0,1,0
48,4,sympy:3/2,1,4,1.0,-0.0,1.0,1,4,0.0,1749,0.0,0.0,0.0,0,0,4,4,1.0,0,0,0,1,0
48,5,sympy:3/2,1,5,1.0,-0.0,1.0,1,5,0.0,1994,0.0,0.0,0.0,0,0,5,5,1.0,0,0,0,1,0
48,6,sympy:3/2,1,6,1.0,-0.0,1.0,1,6,0.0,2231,0.0,0.0,0.0,0,0,6,6,1.0,0,0,0,1,0
48,7,sympy:3/2,1,7,1.0,-0.0,1.0,1,7,0.0,3255,0.0,0.0,0.0,0,0,7,7,1.0,0,0,0,1,0
48,8,sympy:3/2,1,8,1.0,-0.0,1.0,1,8,0.0,3534,0.0,0.0,0.0,0,0,8,8,1.0,0,0,0,1,0
48,9,sympy:3/2,1,9,1.0,-0.0,1.0,1,9,0.0,3771,0.0,0.0,0.0,0,0,9,9,1.0,0,0,0,1,0
48,10,sympy:3/2,1,10,0.9,0.3250829733914482,0.8,2,10,0.0,4050,-0.09999999999999998,0.3250829733914482,-0.19999999999999996,0,0,10,8,0.6666666666666666,0,0,0,1,0
48,11,sympy:3/2,1,11,0.9090909090909091,0.30463609734923813,0.8181818181818182,2,11,0.0,4344,0.009090909090909038,-0.02044687604221007,0.018181818181818188,0,0,11,9,0.6666666666666666,0,0,0,1,0
48,12,sympy:3/2,1,12,0.9166666666666666,0.2868359830561607,0.8333333333333334,2,12,0.0,4561,0.007575757575757569,-0.01780011429307743,0.015151515151515138,0,0,12,10,0.6666666666666666,0,0,0,1,0
48,13,sympy:3/2,1,13,0.9230769230769231,0.2711893730418441,0.8461538461538461,2,13,0.0,4830,0.0064102564102564985,-0.01564661001431661,0.012820512820512775,0,0,13,11,1.0,0,0,0,1,0
48,14,sympy:3/2,1,14,0.9285714285714286,0.25731864054383163,0.8571428571428571,2,14,0.0,5052,0.005494505494505475,-0.013870732498012461,0.01098901098901095,0,0,14,12,1.0,0,0,0,1,0
48,15,sympy:3/2,1,15,0.9333333333333333,0.24493002679463532,0.8666666666666667,2,15,0.0,5325,0.004761904761904745,-0.012388613749196309,0.009523809523809601,0,0,15,13,1.0,0,0,0,1,0
48,16,sympy:3/2,1,16,0.9375,0.2337916587064593,0.875,2,16,0.0,6349,0.004166666666666652,-0.011138368088176032,0.008333333333333304,0,0,16,14,1.0,0,0,0,1,0
49,1,sympy:83,1,1,1.0,-0.0,1.0,1,1,0.0,267,0.0,0.0,0.0,0,0,1,1,1.0,0,0,0,1,0
49,2,sympy:83,1,2,1.0,-0.0,1.0,1,2,0.0,526,0.0,0.0,0.0,0,0,2,2,1.0,0,0,0,1,0
49,3,sympy:83,1,3,1.0,-0.0,1.0,1,3,0.0,805,0.0,0.0,0.0,0,0,3,3,1.0,0,0,0,1,0
49,4,sympy:83,1,4,1.0,-0.0,1.0,1,4,0.0,1086,0.0,0.0,0.0,0,0,4,4,1.0,0,0,0,1,0
49,5,sympy:83,1,5,1.0,-0.0,1.0,1,5,0.0,1381,0.0,0.0,0.0,0,0,5,5,1.0,0,0,0,1,0
49,6,sympy:83,1,6,1.0,-0.0,1.0,1,6,0.0,1660,0.0,0.0,0.0,0,0,6,6,1.0,0,0,0,1,0
49,7,sympy:83,1,7,1.0,-0.0,1.0,1,7,0.0,2031,0.0,0.0,0.0,0,0,7,7,1.0,0,0,0,1,0
49,8,sympy:83,1,8,1.0,-0.0,1.0,1,8,0.0,2269,0.0,0.0,0.0,0,0,8,8,1.0,0,0,0,1,0
49,9,sympy:83,1,9,1.0,-0.0,1.0,1,9,0.0,2629,0.0,0.0,0.0,0,0,9,9,1.0,0,0,0,1,0
49,10,sympy:83,1,10,1.0,-0.0,1.0,1,10,0.0,2908,0.0,0.0,0.0,0,0,10,10,1.0,0,0,0,1,0
49,11,sympy:83,1,11,1.0,-0.0,1.0,1,11,0.0,3172,0.0,0.0,0.0,0,0,11,11,1.0,0,0,0,1,0
49,12,sympy:83,1,12,1.0,-0.0,1.0,1,12,0.0,3441,0.0,0.0,0.0,0,0,12,12,1.0,0,0,0,1,0
49,13,sympy:83,1,13,1.0,-0.0,1.0,1,13,0.0,3703,0.0,0.0,0.0,0,0,13,13,1.0,0,0,0,1,0
49,14,sympy:83,1,14,1.0,-0.0,1.0,1,14,0.0,3964,0.0,0.0,0.0,0,0,14,14,1.0,0,0,0,1,0
49,15,sympy:83,1,15,1.0,-0.0,1.0,1,15,0.0,4196,0.0,0.0,0.0,0,0,15,15,1.0,0,0,0,1,0
49,16,sympy:83,1,16,1.0,-0.0,1.0,1,16,0.0,4471,0.0,0.0,0.0,0,0,16,16,1.0,0,0,0,1,0
50,1,sympy:29,0,1,1.0,-0.0,1.0,1,1,0.0,731,0.0,0.0,0.0,0,0,1,1,1.0,1,1,0,0,1
50,2,sympy:29,0,2,0.5,0.6931471805599453,0.0,2,2,0.0,1324,-0.5,0.6931471805599453,-1.0,0,0,2,0,0.5,1,1,0,0,1
50,3,sympy:29,0,3,0.3333333333333333,1.0986122886681096,0.0,3,3,0.0,1959,-0.16666666666666669,0.4054651081081643,0.0,0,0,3,0,0.3333333333333333,1,1,0,0,1
50,4,sympy:256,0,4,0.5,1.0397207708399179,0.25,3,1,0.0,2591,0.16666666666666669,-0.058891517828191686,0.25,1,1,3,1,0.6666666666666666,1,1,0,0,1
50,5,sympy:256,0,5,0.4,1.0549201679861442,0.0,3,2,0.0,3552,-0.09999999999999998,0.015199397146226312,-0.25,0,1,3,0,0.3333333333333333,1,1,0,0,1
50,6,sympy:203,1,6,0.5,1.0114042647073518,0.16666666666666666,3,1,0.0,4221,0.09999999999999998,-0.0435159032787924,0.16666666666666666,1,2,3,1,0.6666666666666666,0,0,0,1,0
50,7,sympy:203,1,7,0.5714285714285714,0.9556998911125343,0.2857142857142857,3,2,0.0,5188,0.0714285714285714,-0.0557043735948175,0.11904761904761904,0,2,3,2,1.0,0,0,0,1,0
50,8,sympy:203,1,8,0.5,0.9743147528693494,0.125,3,3,0.0,5898,-0.0714285714285714,0.01861486175681515,-0.1607142857142857,0,2,3,1,0.6666666666666666,0,0,0,1,0
50,9,sympy:203,1,9,0.5555555555555556,0.936888307539016,0.2222222222222222,3,4,0.0,6425,0.05555555555555558,-0.03742644533033346,0.09722222222222221,0,2,4,2,0.6666666666666666,0,0,0,1,0
50,10,sympy:203,1,10,0.5,0.9433483923290392,0.1,3,5,0.0,7000,-0.05555555555555558,0.006460084790023246,-0.1222222222222222,0,2,5,1,0.3333333333333333,0,0,0,1,0
50,11,sympy:203,1,11,0.5454545454545454,0.9164648855394713,0.18181818181818182,3,6,0.0,7994,0.045454545454545414,-0.026883506789567968,0.08181818181818182,0,2,6,2,0.6666666666666666,0,0,0,1,0
50,12,sympy:203,1,12,0.5833333333333334,0.887694275799104,0.25,3,7,0.0,8936,0.037878787878787956,-0.02877060974036727,0.06818181818181818,0,2,7,3,0.6666666666666666,0,0,0,1,0
50,13,sympy:203,1,13,0.5384615384615384,0.9839614460010255,0.23076923076923078,3,8,0.0,9689,-0.044871794871794934,0.09626717020192155,-0.019230769230769218,0,2,8,3,0.6666666666666666,0,0,0,1,0
50,14,sympy:203,1,14,0.5,1.0346012329101812,0.21428571428571427,3,9,0.0,10313,-0.038461538461538436,0.050639786909155715,-0.016483516483516508,0,2,9,3,0.3333333333333333,0,0,0,1,0
50,15,sympy:203,1,15,0.5333333333333333,1.009613758174038,0.26666666666666666,3,10,0.0,11321,0.033333333333333326,-0.024987474736143156,0.05238095238095239,0,2,10,4,0.3333333333333333,0,0,0,1,0
50,16,sympy:203,1,16,0.5,1.0239287996389363,0.1875,3,11,0.0,11954,-0.033333333333333326,0.01431504146489826,-0.07916666666666666,0,2,11,3,0.3333333333333333,0,0,0,1,0
51,1,sympy:x**5 - x**4 + x**3 - x**2 + x - 1,1,1,1.0,-0.0,1.0,1,1,0.0,691,0.0,0.0,0.0,0,0,1,1,1.0,0,0,0,1,0
51,2,sympy:x**5 - x**4 + x**3 - x**2 + x - 1,1,2,1.0,-0.0,1.0,1,2,0.0,1357,0.0,0.0,0.0,0,0,2,2,1.0,0,0,0,1,0
51,3,sympy:x**5 - x**4 + x**3 - x**2 + x - 1,1,2,1.0,-0.0,1.0,1,3,0.3333333333333333,2320,0.0,0.0,0.0,0,0,3,2,1.0,0,0,0,1,0
51,4,sympy:x**5 - x**4 + x**3 - x**2 + x - 1,1,3,1.0,-0.0,1.0,1,4,0.25,3004,0.0,0.0,0.0,0,0,4,3,1.0,0,0,0,1,0
51,5,sympy:x**5 - x**4 + x**3 - x**2 + x - 1,1,4,1.0,-0.0,1.0,1,5,0.2,3676,0.0,0.0,0.0,0,0,5,4,1.0,0,0,0,1,0
51,6,sympy:x**5 - x**4 + x**3 - x**2 + x - 1,1,5,1.0,-0.0,1.0,1,6,0.16666666666666666,4376,0.0,0.0,0.0,0,0,6,5,1.0,0,0,0,1,0
51,7,sympy:x**5 - x**4 + x**3 - x**2 + x - 1,1,5,1.0,-0.0,1.0,1,7,0.2857142857142857,5400,0.0,0.0,0.0,0,0,7,5,1.0,0,0,0,1,0
51,8,sympy:x**5 - x**4 + x**3 - x**2 + x - 1,1,6,1.0,-0.0,1.0,1,8,0.25,6424,0.0,0.0,0.0,0,0,8,6,1.0,0,0,0,1,0
51,9,sympy:x**5 - x**4 + x**3 - x**2 + x - 1,1,7,1.0,-0.0,1.0,1,9,0.2222222222222222,7097,0.0,0.0,0.0,0,0,9,7,1.0,0,0,0,1,0
51,10,sympy:x**5 - x**4 + x**3 - x**2 + x - 1,1,8,1.0,-0.0,1.0,1,10,0.2,7912,0.0,0.0,0.0,0,0,10,8,1.0,0,0,0,1,0
51,11,sympy:x**5 - x**4 + x**3 - x**2 + x - 1,1,9,1.0,-0.0,1.0,1,11,0.18181818181818182,8592,0.0,0.0,0.0,0,0,11,9,1.0,0,0,0,1,0
51,12,sympy:x**5 - x**4 + x**3 - x**2 + x - 1,1,9,1.0,-0.0,1.0,1,12,0.25,9616,0.0,0.0,0.0,0,0,12,9,1.0,0,0,0,1,0
51,13,sympy:x**5 - x**4 + x**3 - x**2 + x - 1,1,10,1.0,-0.0,1.0,1,13,0.23076923076923078,10311,0.0,0.0,0.0,0,0,13,10,1.0,0,0,0,1,0
51,14,sympy:x**5 - x**4 + x**3 - x**2 + x - 1,1,11,1.0,-0.0,1.0,1,14,0.21428571428571427,10973,0.0,0.0,0.0,0,0,14,11,1.0,0,0,0,1,0
51,15,sympy:x**5 - x**4 + x**3 - x**2 + x - 1,1,12,1.0,-0.0,1.0,1,15,0.2,11658,0.0,0.0,0.0,0,0,15,12,1.0,0,0,0,1,0
51,16,sympy:x**5 - x**4 + x**3 - x**2 + x - 1,1,13,1.0,-0.0,1.0,1,16,0.1875,12186,0.0,0.0,0.0,0,0,16,13,1.0,0,0,0,1,0
52,1,sympy:12,1,1,1.0,-0.0,1.0,1,1,0.0,297,0.0,0.0,0.0,0,0,1,1,1.0,0,0,0,1,0
52,2,sympy:12,1,2,1.0,-0.0,1.0,1,2,0.0,567,0.0,0.0,0.0,0,0,2,2,1.0,0,0,0,1,0
52,3,sympy:12,1,3,1.0,-0.0,1.0,1,3,0.0,877,0.0,0.0,0.0,0,0,3,3,1.0,0,0,0,1,0
52,4,sympy:12,1,4,1.0,-0.0,1.0,1,4,0.0,1201,0.0,0.0,0.0,0,0,4,4,1.0,0,0,0,1,0
52,5,sympy:12,1,5,1.0,-0.0,1.0,1,5,0.0,1398,0.0,0.0,0.0,0,0,5,5,1.0,0,0,0,1,0
52,6,sympy:12,1,6,1.0,-0.0,1.0,1,6,0.0,1695,0.0,0.0,0.0,0,0,6,6,1.0,0,0,0,1,0
52,7,sympy:12,1,7,1.0,-0.0,1.0,1,7,0.0,2104,0.0,0.0,0.0,0,0,7,7,1.0,0,0,0,1,0
52,8,sympy:12,1,8,1.0,-0.0,1.0,1,8,0.0,2348,0.0,0.0,0.0,0,0,8,8,1.0,0,0,0,1,0
52,9,sympy:12,1,9,1.0,-0.0,1.0,1,9,0.0,2683,0.0,0.0,0.0,0,0,9,9,1.0,0,0,0,1,0
52,10,sympy:12,1,10,1.0,-0.0,1.0,1,10,0.0,2941,0.0,0.0,0.0,0,0,10,10,1.0,0,0,0,1,0
52,11,sympy:12,1,11,1.0,-0.0,1.0,1,11,0.0,3336,0.0,0.0,0.0,0,0,11,11,1.0,0,0,0,1,0
52,12,sympy:12,1,12,1.0,-0.0,1.0,1,12,0.0,3618,0.0,0.0,0.0,0,0,12,12,1.0,0,0,0,1,0
52,13,sympy:12,1,13,1.0,-0.0,1.0,1,13,0.0,3965,0.0,0.0,0.0,0,0,13,13,1.0,0,0,0,1,0
52,14,sympy:12,1,14,1.0,-0.0,1.0,1,14,0.0,4282,0.0,0.0,0.0,0,0,14,14,1.0,0,0,0,1,0
52,15,sympy:12,1,15,1.0,-0.0,1.0,1,15,0.0,4646,0.0,0.0,0.0,0,0,15,15,1.0,0,0,0,1,0
52,16,sympy:12,1,16,1.0,-0.0,1.0,1,16,0.0,4963,0.0,0.0,0.0,0,0,16,16,1.0,0,0,0,1,0
53,1,sympy:-1*pi/6,1,1,1.0,-0.0,1.0,1,1,0.0,353,0.0,0.0,0.0,0,0,1,1,1.0,0,0,0,1,0
53,2,sympy:-1*pi/6,1,2,1.0,-0.0,1.0,1,2,0.0,757,0.0,0.0,0.0,0,0,2,2,1.0,0,0,0,1,0
53,3,sympy:-1*pi/6,1,3,1.0,-0.0,1.0,1,3,0.0,1083,0.0,0.0,0.0,0,0,3,3,1.0,0,0,0,1,0
53,4,sympy:-1*pi/6,1,4,1.0,-0.0,1.0,1,4,0.0,1340,0.0,0.0,0.0,0,0,4,4,1.0,0,0,0,1,0
53,5,sympy:-1*pi/6,1,5,1.0,-0.0,1.0,1,5,0.0,1616,0.0,0.0,0.0,0,0,5,5,1.0,0,0,0,1,0
53,6,sympy:-1*pi/6,1,6,1.0,-0.0,1.0,1,6,0.0,1978,0.0,0.0,0.0,0,0,6,6,1.0,0,0,0,1,0
53,7,sympy:-1*pi/6,1,7,1.0,-0.0,1.0,1,7,0.0,2234,0.0,0.0,0.0,0,0,7,7,1.0,0,0,0,1,0
53,8,sympy:-1*pi/6,1,8,1.0,-0.0,1.0,1,8,0.0,2530,0.0,0.0,0.0,0,0,8,8,1.0,0,0,0,1,0
53,9,sympy:-1*pi/6,1,9,1.0,-0.0,1.0,1,9,0.0,2899,0.0,0.0,0.0,0,0,9,9,1.0,0,0,0,1,0
53,10,sympy:-1*pi/6,1,10,1.0,-0.0,1.0,1,10,0.0,3199,0.0,0.0,0.0,0,0,10,10,1.0,0,0,0,1,0
53,11,sympy:-1*pi/6,1,11,1.0,-0.0,1.0,1,11,0.0,3469,0.0,0.0,0.0,0,0,11,11,1.0,0,0,0,1,0
53,12,sympy:-1*pi/6,1,12,1.0,-0.0,1.0,1,12,0.0,4493,0.0,0.0,0.0,0,0,12,12,1.0,0,0,0,1,0
53,13,sympy:-1*pi/6,1,13,1.0,-0.0,1.0,1,13,0.0,4901,0.0,0.0,0.0,0,0,13,13,1.0,0,0,0,1,0
53,14,sympy:-1*pi/6,1,14,1.0,-0.0,1.0,1,14,0.0,5190,0.0,0.0,0.0,0,0,14,14,1.0,0,0,0,1,0
53,15,sympy:-1*pi/6,1,15,1.0,-0.0,1.0,1,15,0.0,5528,0.0,0.0,0.0,0,0,15,15,1.0,0,0,0,1,0
53,16,sympy:-1*pi/6,1,16,1.0,-0.0,1.0,1,16,0.0,5920,0.0,0.0,0.0,0,0,16,16,1.0,0,0,0,1,0
54,1,sympy:0.150000000000000,1,1,1.0,-0.0,1.0,1,1,0.0,293,0.0,0.0,0.0,0,0,1,1,1.0,0,0,0,1,0
54,2,sympy:0.150000000000000,1,2,1.0,-0.0,1.0,1,2,0.0,578,0.0,0.0,0.0,0,0,2,2,1.0,0,0,0,1,0
54,3,sympy:0.150000000000000,1,3,1.0,-0.0,1.0,1,3,0.0,865,0.0,0.0,0.0,0,0,3,3,1.0,0,0,0,1,0
54,4,sympy:0.150000000000000,1,4,1.0,-0.0,1.0,1,4,0.0,1167,0.0,0.0,0.0,0,0,4,4,1.0,0,0,0,1,0
54,5,sympy:0.150000000000000,1,5,1.0,-0.0,1.0,1,5,0.0,1465,0.0,0.0,0.0,0,0,5,5,1.0,0,0,0,1,0
54,6,sympy:0.150000000000000,1,6,1.0,-0.0,1.0,1,6,0.0,1767,0.0,0.0,0.0,0,0,6,6,1.0,0,0,0,1,0
54,7,sympy:0.150000000000000,1,7,1.0,-0.0,1.0,1,7,0.0,2073,0.0,0.0,0.0,0,0,7,7,1.0,0,0,0,1,0
54,8,sympy:0.150000000000000,1,8,1.0,-0.0,1.0,1,8,0.0,2361,0.0,0.0,0.0,0,0,8,8,1.0,0,0,0,1,0
54,9,sympy:0.150000000000000,1,9,1.0,-0.0,1.0,1,9,0.0,2663,0.0,0.0,0.0,0,0,9,9,1.0,0,0,0,1,0
54,10,sympy:0.150000000000000,1,10,1.0,-0.0,1.0,1,10,0.0,2955,0.0,0.0,0.0,0,0,10,10,1.0,0,0,0,1,0
54,11,sympy:0.150000000000000,1,11,1.0,-0.0,1.0,1,11,0.0,3253,0.0,0.0,0.0,0,0,11,11,1.0,0,0,0,1,0
54,12,sympy:0.150000000000000,1,12,1.0,-0.0,1.0,1,12,0.0,3550,0.0,0.0,0.0,0,0,12,12,1.0,0,0,0,1,0
54,13,sympy:0.150000000000000,1,13,1.0,-0.0,1.0,1,13,0.0,3837,0.0,0.0,0.0,0,0,13,13,1.0,0,0,0,1,0
54,14,sympy:0.150000000000000,1,14,1.0,-0.0,1.0,1,14,0.0,4168,0.0,0.0,0.0,0,0,14,14,1.0,0,0,0,1,0
54,15,sympy:0.150000000000000,1,15,1.0,-0.0,1.0,1,15,0.0,4467,0.0,0.0,0.0,0,0,15,15,1.0,0,0,0,1,0
54,16,sympy:0.150000000000000,1,16,1.0,-0.0,1.0,1,16,0.0,4796,0.0,0.0,0.0,0,0,16,16,1.0,0,0,0,1,0
55,1,sympy:3,1,1,1.0,-0.0,1.0,1,1,0.0,417,0.0,0.0,0.0,0,0,1,1,1.0,0,0,0,1,0
55,2,sympy:3,1,2,1.0,-0.0,1.0,1,2,0.0,808,0.0,0.0,0.0,0,0,2,2,1.0,0,0,0,1,0
55,3,sympy:3,1,3,1.0,-0.0,1.0,1,3,0.0,1141,0.0,0.0,0.0,0,0,3,3,1.0,0,0,0,1,0
55,4,sympy:3,1,4,1.0,-0.0,1.0,1,4,0.0,1456,0.0,0.0,0.0,0,0,4,4,1.0,0,0,0,1,0
55,5,sympy:3,1,5,1.0,-0.0,1.0,1,5,0.0,1815,0.0,0.0,0.0,0,0,5,5,1.0,0,0,0,1,0
55,6,sympy:3,1,6,1.0,-0.0,1.0,1,6,0.0,2181,0.0,0.0,0.0,0,0,6,6,1.0,0,0,0,1,0
55,7,sympy:3,1,7,1.0,-0.0,1.0,1,7,0.0,2478,0.0,0.0,0.0,0,0,7,7,1.0,0,0,0,1,0
55,8,sympy:3,1,8,1.0,-0.0,1.0,1,8,0.0,2818,0.0,0.0,0.0,0,0,8,8,1.0,0,0,0,1,0
55,9,sympy:3,1,9,1.0,-0.0,1.0,1,9,0.0,3207,0.0,0.0,0.0,0,0,9,9,1.0,0,0,0,1,0
55,10,sympy:3,1,10,1.0,-0.0,1.0,1,10,0.0,3563,0.0,0.0,0.0,0,0,10,10,1.0,0,0,0,1,0
55,11,sympy:3,1,11,1.0,-0.0,1.0,1,11,0.0,3860,0.0,0.0,0.0,0,0,11,11,1.0,0,0,0,1,0
55,12,sympy:3,1,12,1.0,-0.0,1.0,1,12,0.0,4217,0.0,0.0,0.0,0,0,12,12,1.0,0,0,0,1,0
55,13,sympy:3,1,13,1.0,-0.0,1.0,1,13,0.0,4562,0.0,0.0,0.0,0,0,13,13,1.0,0,0,0,1,0
55,14,sympy:3,1,14,1.0,-0.0,1.0,1,14,0.0,4908,0.0,0.0,0.0,0,0,14,14,1.0,0,0,0,1,0
55,15,sympy:3,1,15,1.0,-0.0,1.0,1,15,0.0,5254,0.0,0.0,0.0,0,0,15,15,1.0,0,0,0,1,0
55,16,sympy:3,1,16,1.0,-0.0,1.0,1,16,0.0,5608,0.0,0.0,0.0,0,0,16,16,1.0,0,0,0,1,0
56,1,sympy:11,1,1,1.0,-0.0,1.0,1,1,0.0,199,0.0,0.0,0.0,0,0,1,1,1.0,0,0,0,1,0
56,2,sympy:11,1,2,1.0,-0.0,1.0,1,2,0.0,399,0.0,0.0,0.0,0,0,2,2,1.0,0,0,0,1,0
56,3,sympy:11,1,3,1.0,-0.0,1.0,1,3,0.0,597,0.0,0.0,0.0,0,0,3,3,1.0,0,0,0,1,0
56,4,sympy:11,1,4,1.0,-0.0,1.0,1,4,0.0,802,0.0,0.0,0.0,0,0,4,4,1.0,0,0,0,1,0
56,5,sympy:11,1,5,1.0,-0.0,1.0,1,5,0.0,991,0.0,0.0,0.0,0,0,5,5,1.0,0,0,0,1,0
56,6,sympy:11,1,6,1.0,-0.0,1.0,1,6,0.0,1191,0.0,0.0,0.0,0,0,6,6,1.0,0,0,0,1,0
56,7,sympy:11,1,7,1.0,-0.0,1.0,1,7,0.0,1391,0.0,0.0,0.0,0,0,7,7,1.0,0,0,0,1,0
56,8,sympy:11,1,8,1.0,-0.0,1.0,1,8,0.0,1580,0.0,0.0,0.0,0,0,8,8,1.0,0,0,0,1,0
56,9,sympy:11,1,9,1.0,-0.0,1.0,1,9,0.0,1774,0.0,0.0,0.0,0,0,9,9,1.0,0,0,0,1,0
56,10,sympy:11,1,10,1.0,-0.0,1.0,1,10,0.0,1969,0.0,0.0,0.0,0,0,10,10,1.0,0,0,0,1,0
56,11,sympy:11,1,11,1.0,-0.0,1.0,1,11,0.0,2163,0.0,0.0,0.0,0,0,11,11,1.0,0,0,0,1,0
56,12,sympy:11,1,12,1.0,-0.0,1.0,1,12,0.0,2363,0.0,0.0,0.0,0,0,12,12,1.0,0,0,0,1,0
56,13,sympy:11,1,13,1.0,-0.0,1.0,1,13,0.0,2563,0.0,0.0,0.0,0,0,13,13,1.0,0,0,0,1,0
56,14,sympy:11,1,14,1.0,-0.0,1.0,1,14,0.0,2733,0.0,0.0,0.0,0,0,14,14,1.0,0,0,0,1,0
56,15,sympy:11,1,15,1.0,-0.0,1.0,1,15,0.0,2895,0.0,0.0,0.0,0,0,15,15,1.0,0,0,0,1,0
56,16,sympy:11,1,16,1.0,-0.0,1.0,1,16,0.0,3463,0.0,0.0,0.0,0,0,16,16,1.0,0,0,0,1,0
57,1,sympy:16,1,1,1.0,-0.0,1.0,1,1,0.0,528,0.0,0.0,0.0,0,0,1,1,1.0,0,0,0,1,0
57,2,sympy:16,1,2,1.0,-0.0,1.0,1,2,0.0,1256,0.0,0.0,0.0,0,0,2,2,1.0,0,0,0,1,0
57,3,sympy:16,1,3,1.0,-0.0,1.0,1,3,0.0,1491,0.0,0.0,0.0,0,0,3,3,1.0,0,0,0,1,0
57,4,sympy:16,1,4,1.0,-0.0,1.0,1,4,0.0,1903,0.0,0.0,0.0,0,0,4,4,1.0,0,0,0,1,0
57,5,sympy:16,1,5,1.0,-0.0,1.0,1,5,0.0,2530,0.0,0.0,0.0,0,0,5,5,1.0,0,0,0,1,0
57,6,sympy:16,1,6,1.0,-0.0,1.0,1,6,0.0,3188,0.0,0.0,0.0,0,0,6,6,1.0,0,0,0,1,0
57,7,sympy:16,1,7,1.0,-0.0,1.0,1,7,0.0,3424,0.0,0.0,0.0,0,0,7,7,1.0,0,0,0,1,0
57,8,sympy:16,1,8,1.0,-0.0,1.0,1,8,0.0,3716,0.0,0.0,0.0,0,0,8,8,1.0,0,0,0,1,0
57,9,sympy:16,1,9,1.0,-0.0,1.0,1,9,0.0,4382,0.0,0.0,0.0,0,0,9,9,1.0,0,0,0,1,0
57,10,sympy:16,1,10,1.0,-0.0,1.0,1,10,0.0,4763,0.0,0.0,0.0,0,0,10,10,1.0,0,0,0,1,0
57,11,sympy:16,1,11,1.0,-0.0,1.0,1,11,0.0,5306,0.0,0.0,0.0,0,0,11,11,1.0,0,0,0,1,0
57,12,sympy:16,1,12,1.0,-0.0,1.0,1,12,0.0,5902,0.0,0.0,0.0,0,0,12,12,1.0,0,0,0,1,0
57,13,sympy:16,1,13,1.0,-0.0,1.0,1,13,0.0,6926,0.0,0.0,0.0,0,0,13,13,1.0,0,0,0,1,0
57,14,sympy:16,1,14,1.0,-0.0,1.0,1,14,0.0,7472,0.0,0.0,0.0,0,0,14,14,1.0,0,0,0,1,0
57,15,sympy:16,1,15,1.0,-0.0,1.0,1,15,0.0,8113,0.0,0.0,0.0,0,0,15,15,1.0,0,0,0,1,0
57,16,sympy:16,1,16,1.0,-0.0,1.0,1,16,0.0,8889,0.0,0.0,0.0,0,0,16,16,1.0,0,0,0,1,0
58,1,sympy:9901,1,1,1.0,-0.0,1.0,1,1,0.0,344,0.0,0.0,0.0,0,0,1,1,1.0,0,0,0,1,0
58,2,sympy:9901,1,2,1.0,-0.0,1.0,1,2,0.0,582,0.0,0.0,0.0,0,0,2,2,1.0,0,0,0,1,0
58,3,sympy:9901,1,3,0.6666666666666666,0.6365141682948128,0.3333333333333333,2,3,0.0,806,-0.33333333333333337,0.6365141682948128,-0.6666666666666667,0,0,3,1,0.6666666666666666,0,0,0,1,0
58,4,sympy:9901,1,4,0.75,0.5623351446188083,0.5,2,4,0.0,1033,0.08333333333333337,-0.07417902367600449,0.16666666666666669,0,0,4,2,0.6666666666666666,0,0,0,1,0
58,5,sympy:9901,1,5,0.8,0.5004024235381879,0.6,2,5,0.0,1242,0.050000000000000044,-0.06193272108062042,0.09999999999999998,0,0,5,3,0.6666666666666666,0,0,0,1,0
58,6,sympy:9901,1,6,0.6666666666666666,0.6365141682948128,0.3333333333333333,2,6,0.0,1436,-0.13333333333333341,0.1361117447566249,-0.26666666666666666,0,0,6,2,0.6666666666666666,0,0,0,1,0
58,7,sympy:9901,1,7,0.7142857142857143,0.5982695885852573,0.42857142857142855,2,7,0.0,1609,0.04761904761904767,-0.038244579709555526,0.09523809523809523,0,0,7,3,0.6666666666666666,0,0,0,1,0
58,8,sympy:9901,1,8,0.625,0.9002560512685369,0.375,3,8,0.0,1940,-0.0892857142857143,0.30198646268327967,-0.05357142857142855,0,0,8,3,0.3333333333333333,0,0,0,1,0
58,9,sympy:9901,1,9,0.6666666666666666,0.8486855577264172,0.4444444444444444,3,9,0.0,2393,0.04166666666666663,-0.05157049354211973,0.06944444444444442,0,0,9,4,0.6666666666666666,0,0,0,1,0
58,10,sympy:9901,1,10,0.7,0.8018185525433373,0.5,3,10,0.0,2592,0.033333333333333326,-0.046867005183079846,0.05555555555555558,0,0,10,5,0.6666666666666666,0,0,0,1,0
58,11,sympy:9901,1,11,0.7272727272727273,0.7595473914748635,0.5454545454545454,3,11,0.0,2776,0.027272727272727337,-0.04227116106847384,0.045454545454545414,0,0,11,6,1.0,0,0,0,1,0
58,12,sympy:9901,1,12,0.75,0.7214636866925115,0.5833333333333334,3,12,0.0,2987,0.022727272727272707,-0.03808370478235201,0.037878787878787956,0,0,12,7,1.0,0,0,0,1,0
58,13,sympy:9901,1,13,0.7692307692307693,0.6870920273799715,0.6153846153846154,3,13,0.0,3301,0.019230769230769273,-0.03437165931253994,0.03205128205128205,0,0,13,8,1.0,0,0,0,1,0
58,14,sympy:9901,1,14,0.7857142857142857,0.6559757323365467,0.6428571428571429,3,14,0.0,3697,0.016483516483516425,-0.031116295043424835,0.027472527472527486,0,0,14,9,1.0,0,0,0,1,0
58,15,sympy:9901,1,15,0.7333333333333333,0.7298712099831165,0.5333333333333333,3,15,0.0,3921,-0.05238095238095242,0.07389547764656978,-0.10952380952380958,0,0,15,8,0.6666666666666666,0,0,0,1,0
58,16,sympy:9901,1,16,0.75,0.7029189307735104,0.5625,3,16,0.0,4159,0.01666666666666672,-0.026952279209606078,0.029166666666666674,0,0,16,9,0.6666666666666666,0,0,0,1,0
59,1,sympy:5,1,1,1.0,-0.0,1.0,1,1,0.0,413,0.0,0.0,0.0,0,0,1,1,1.0,0,0,0,1,0
59,2,sympy:5,1,2,1.0,-0.0,1.0,1,2,0.0,845,0.0,0.0,0.0,0,0,2,2,1.0,0,0,0,1,0
59,3,sympy:5,1,3,1.0,-0.0,1.0,1,3,0.0,1269,0.0,0.0,0.0,0,0,3,3,1.0,0,0,0,1,0
59,4,sympy:5,1,4,1.0,-0.0,1.0,1,4,0.0,1737,0.0,0.0,0.0,0,0,4,4,1.0,0,0,0,1,0
59,5,sympy:5,1,5,1.0,-0.0,1.0,1,5,0.0,2158,0.0,0.0,0.0,0,0,5,5,1.0,0,0,0,1,0
59,6,sympy:5,1,6,1.0,-0.0,1.0,1,6,0.0,2584,0.0,0.0,0.0,0,0,6,6,1.0,0,0,0,1,0
59,7,sympy:5,1,7,1.0,-0.0,1.0,1,7,0.0,3048,0.0,0.0,0.0,0,0,7,7,1.0,0,0,0,1,0
59,8,sympy:5,1,8,1.0,-0.0,1.0,1,8,0.0,3556,0.0,0.0,0.0,0,0,8,8,1.0,0,0,0,1,0
59,9,sympy:5,1,9,1.0,-0.0,1.0,1,9,0.0,4007,0.0,0.0,0.0,0,0,9,9,1.0,0,0,0,1,0
59,10,sympy:5,1,10,1.0,-0.0,1.0,1,10,0.0,4497,0.0,0.0,0.0,0,0,10,10,1.0,0,0,0,1,0
59,11,sympy:5,1,11,1.0,-0.0,1.0,1,11,0.0,4934,0.0,0.0,0.0,0,0,11,11,1.0,0,0,0,1,0
59,12,sympy:5,1,12,1.0,-0.0,1.0,1,12,0.0,5347,0.0,0.0,0.0,0,0,12,12,1.0,0,0,0,1,0
59,13,sympy:5,1,13,1.0,-0.0,1.0,1,13,0.0,5745,0.0,0.0,0.0,0,0,13,13,1.0,0,0,0,1,0
59,14,sympy:5,1,14,1.0,-0.0,1.0,1,14,0.0,6174,0.0,0.0,0.0,0,0,14,14,1.0,0,0,0,1,0
59,15,sympy:5,1,15,1.0,-0.0,1.0,1,15,0.0,6627,0.0,0.0,0.0,0,0,15,15,1.0,0,0,0,1,0
59,16,sympy:5,1,16,1.0,-0.0,1.0,1,16,0.0,7100,0.0,0.0,0.0,0,0,16,16,1.0,0,0,0,1,0
60,1,,0,0,,,,0,0,1.0,1024,0.0,0.0,0.0,0,0,0,0,0.0,1,0,0,1,1
60,2,,0,0,,,,0,0,1.0,2048,0.0,0.0,0.0,0,0,0,0,0.0,1,0,0,1,1
60,3,,0,0,,,,0,0,1.0,3072,0.0,0.0,0.0,0,0,0,0,0.0,1,0,0,1,1
60,4,"sympy:(0, -280, -244)",0,1,1.0,-0.0,1.0,1,1,0.75,4072,1.0,-0.0,1.0,0,0,1,1,1.0,1,0,0,1,1
60,5,"sympy:(0, -280, -244)",0,2,0.5,0.6931471805599453,0.0,2,2,0.6,5096,-0.5,0.6931471805599453,-1.0,0,0,2,0,0.5,1,0,0,1,1
60,6,"sympy:(0, -280, -244)",0,3,0.3333333333333333,1.0986122886681096,0.0,3,3,0.5,6029,-0.16666666666666669,0.4054651081081643,0.0,0,0,3,0,0.3333333333333333,1,0,0,1,1
60,7,"sympy:(0, -280, -244)",0,4,0.25,1.3862943611198906,0.0,4,4,0.42857142857142855,6959,-0.08333333333333331,0.287682072451781,0.0,0,0,4,0,0.0,1,0,0,1,1
60,8,"sympy:(-3, 3, -1)",0,5,0.4,1.3321790402101223,0.2,4,1,0.375,7948,0.15000000000000002,-0.05411532090976823,0.2,1,1,4,1,0.3333333333333333,0,0,0,1,0
60,9,"sympy:(-3, 3, -1)",0,5,0.4,1.3321790402101223,0.2,4,2,0.4444444444444444,8972,0.0,0.0,0.0,0,1,4,1,0.5,0,0,0,1,0
60,10,"sympy:(-3, 3, -1)",0,6,0.3333333333333333,1.5607104090414063,0.16666666666666666,5,3,0.4,9900,-0.06666666666666671,0.228531368831284,-0.033333333333333354,0,1,4,1,0.5,0,0,0,1,0
60,11,"sympy:(-3, 3, -1)",0,6,0.3333333333333333,1.5607104090414063,0.16666666666666666,5,4,0.45454545454545453,10924,0.0,0.0,0.0,0,1,4,1,0.0,0,0,0,1,0
60,12,"sympy:(-3, 3, -1)",0,6,0.3333333333333333,1.5607104090414063,0.16666666666666666,5,5,0.5,11948,0.0,0.0,0.0,0,1,5,1,0.0,0,0,0,1,0
60,13,"sympy:(-3, 3, -1)",0,7,0.2857142857142857,1.7478680974667573,0.14285714285714285,6,6,0.46153846153846156,12935,-0.047619047619047616,0.18715768842535097,-0.023809523809523808,0,1,6,1,0.0,0,0,0,1,0
60,14,"sympy:(-3, 3, -1)",0,7,0.2857142857142857,1.7478680974667573,0.14285714285714285,6,7,0.5,13959,0.0,0.0,0.0,0,1,7,1,0.0,0,0,0,1,0
60,15,"sympy:(-3, 3, -1)",0,7,0.2857142857142857,1.7478680974667573,0.14285714285714285,6,8,0.5333333333333333,14983,0.0,0.0,0.0,0,1,8,1,0.0,0,0,0,1,0
60,16,"sympy:(-3, 3, -1)",0,7,0.2857142857142857,1.7478680974667573,0.14285714285714285,6,9,0.5625,16007,0.0,0.0,0.0,0,1,9,1,0.0,0,0,0,1,0
61,1,sympy:-256,1,1,1.0,-0.0,1.0,1,1,0.0,386,0.0,0.0,0.0,0,0,1,1,1.0,0,0,0,1,0
61,2,sympy:-256,1,2,1.0,-0.0,1.0,1,2,0.0,742,0.0,0.0,0.0,0,0,2,2,1.0,0,0,0,1,0
61,3,sympy:-256,1,3,1.0,-0.0,1.0,1,3,0.0,1094,0.0,0.0,0.0,0,0,3,3,1.0,0,0,0,1,0
61,4,sympy:-256,1,4,1.0,-0.0,1.0,1,4,0.0,1453,0.0,0.0,0.0,0,0,4,4,1.0,0,0,0,1,0
61,5,sympy:-256,1,5,1.0,-0.0,1.0,1,5,0.0,1869,0.0,0.0,0.0,0,0,5,5,1.0,0,0,0,1,0
61,6,sympy:-256,1,6,1.0,-0.0,1.0,1,6,0.0,2221,0.0,0.0,0.0,0,0,6,6,1.0,0,0,0,1,0
61,7,sympy:-256,1,7,1.0,-0.0,1.0,1,7,0.0,2680,0.0,0.0,0.0,0,0,7,7,1.0,0,0,0,1,0
61,8,sympy:-256,1,8,1.0,-0.0,1.0,1,8,0.0,2998,0.0,0.0,0.0,0,0,8,8,1.0,0,0,0,1,0
61,9,sympy:-256,1,9,1.0,-0.0,1.0,1,9,0.0,3399,0.0,0.0,0.0,0,0,9,9,1.0,0,0,0,1,0
61,10,sympy:-256,1,10,1.0,-0.0,1.0,1,10,0.0,3713,0.0,0.0,0.0,0,0,10,10,1.0,0,0,0,1,0
61,11,sympy:-256,1,11,1.0,-0.0,1.0,1,11,0.0,4088,0.0,0.0,0.0,0,0,11,11,1.0,0,0,0,1,0
61,12,sympy:-256,1,12,1.0,-0.0,1.0,1,12,0.0,4439,0.0,0.0,0.0,0,0,12,12,1.0,0,0,0,1,0
61,13,sympy:-256,1,13,1.0,-0.0,1.0,1,13,0.0,4755,0.0,0.0,0.0,0,0,13,13,1.0,0,0,0,1,0
61,14,sympy:-256,1,14,1.0,-0.0,1.0,1,14,0.0,5208,0.0,0.0,0.0,0,0,14,14,1.0,0,0,0,1,0
61,15,sympy:-256,1,15,1.0,-0.0,1.0,1,15,0.0,5593,0.0,0.0,0.0,0,0,15,15,1.0,0,0,0,1,0
61,16,sympy:-256,1,16,1.0,-0.0,1.0,1,16,0.0,5913,0.0,0.0,0.0,0,0,16,16,1.0,0,0,0,1,0
62,1,sympy:sqrt((sqrt(129) + 17)/2),0,1,1.0,-0.0,1.0,1,1,0.0,695,0.0,0.0,0.0,0,0,1,1,1.0,1,0,0,1,1
62,2,sympy:sqrt((sqrt(129) + 17)/2),0,2,0.5,0.6931471805599453,0.0,2,2,0.0,1517,-0.5,0.6931471805599453,-1.0,0,0,2,0,0.5,1,0,0,1,1
62,3,sympy:sqrt((sqrt(129) + 17)/2),0,3,0.3333333333333333,1.0986122886681096,0.0,3,3,0.0,2225,-0.16666666666666669,0.4054651081081643,0.0,0,0,3,0,0.3333333333333333,1,0,0,1,1
62,4,sympy:sqrt((sqrt(129) + 17)/2),0,4,0.25,1.3862943611198906,0.0,4,4,0.0,3249,-0.08333333333333331,0.287682072451781,0.0,0,0,4,0,0.0,1,0,0,1,1
62,5,sympy:4,1,5,0.4,1.3321790402101223,0.2,4,1,0.0,3998,0.15000000000000002,-0.05411532090976823,0.2,1,1,4,1,0.6666666666666666,1,0,1,1,0
62,6,sympy:sqrt((sqrt(129) + 17)/2),0,6,0.3333333333333333,1.3296613488547582,0.0,4,1,0.0,5022,-0.06666666666666671,-0.002517691355364171,-0.2,1,2,4,0,0.3333333333333333,1,0,0,1,1
62,7,sympy:4,1,7,0.42857142857142855,1.277034259466139,0.14285714285714285,4,1,0.0,5758,0.09523809523809523,-0.05262708938861915,0.14285714285714285,1,3,4,1,0.6666666666666666,1,0,1,1,0
62,8,sympy:4,1,8,0.375,1.3208883431493221,0.125,4,2,0.0,6665,-0.05357142857142855,0.04385408368318311,-0.01785714285714285,0,3,4,1,0.3333333333333333,1,0,1,1,0
62,9,sympy:sqrt((sqrt(177) + 17)/2),0,9,0.3333333333333333,1.310783678099714,0.0,4,1,0.0,7583,-0.041666666666666685,-0.010104665049608164,-0.125,1,4,4,0,0.6666666666666666,0,0,0,1,0
62,10,sympy:sqrt((sqrt(129) + 17)/2),0,10,0.3,1.313834033192747,0.0,4,1,0.0,8323,-0.033333333333333326,0.003050355093032975,0.0,1,5,4,0,0.3333333333333333,1,0,0,1,1
62,11,sympy:sqrt((sqrt(177) + 17)/2),0,11,0.36363636363636365,1.2945451658448959,0.09090909090909091,4,1,0.0,9056,0.06363636363636366,-0.01928886734785107,0.09090909090909091,1,6,4,1,0.6666666666666666,0,0,0,1,0
62,12,sympy:sqrt((sqrt(177) + 17)/2),0,12,0.4166666666666667,1.2650013752730702,0.16666666666666666,4,2,0.0,9822,0.05303030303030304,-0.029543790571825657,0.07575757575757575,0,6,4,2,0.6666666666666666,0,0,0,1,0
62,13,sympy:sqrt((sqrt(177) + 17)/2),0,13,0.38461538461538464,1.2658567518727373,0.07692307692307693,4,3,0.0,10601,-0.03205128205128205,0.000855376599667057,-0.08974358974358973,0,6,4,1,0.6666666666666666,0,0,0,1,0
62,14,sympy:sqrt((sqrt(177) + 17)/2),0,14,0.35714285714285715,1.4327570529970877,0.07142857142857142,5,4,0.0,11318,-0.027472527472527486,0.1669003011243504,-0.005494505494505503,0,6,4,1,0.3333333333333333,0,0,0,1,0
62,15,sympy:sqrt((sqrt(177) + 17)/2),0,15,0.3333333333333333,1.415369135079188,0.0,5,5,0.0,11889,-0.023809523809523836,-0.01738791791789973,-0.07142857142857142,0,6,5,0,0.0,0,0,0,1,0
62,16,sympy:sqrt((sqrt(177) + 17)/2),0,16,0.375,1.3917397695183338,0.0625,5,6,0.0,12647,0.041666666666666685,-0.023629365560854154,0.0625,0,6,6,1,0.3333333333333333,0,0,0,1,0
63,1,sympy:7,0,1,1.0,-0.0,1.0,1,1,0.0,635,0.0,0.0,0.0,0,0,1,1,1.0,1,0,0,1,1
63,2,sympy:7,0,2,0.5,0.6931471805599453,0.0,2,2,0.0,1137,-0.5,0.6931471805599453,-1.0,0,0,2,0,0.5,1,0,0,1,1
63,3,sympy:9,0,3,0.6666666666666666,0.6365141682948128,0.3333333333333333,2,1,0.0,1650,0.16666666666666663,-0.05663301226513251,0.3333333333333333,1,1,2,1,0.6666666666666666,0,0,0,1,0
63,4,sympy:9,0,4,0.75,0.5623351446188083,0.5,2,2,0.0,2169,0.08333333333333337,-0.07417902367600449,0.16666666666666669,0,1,2,2,1.0,0,0,0,1,0
63,5,sympy:9,0,5,0.8,0.5004024235381879,0.6,2,3,0.0,2665,0.050000000000000044,-0.06193272108062042,0.09999999999999998,0,1,3,3,1.0,0,0,0,1,0
63,6,sympy:9,0,6,0.8333333333333334,0.45056120886630463,0.6666666666666666,2,4,0.0,3178,0.033333333333333326,-0.04984121467188324,0.06666666666666665,0,1,4,4,1.0,0,0,0,1,0
63,7,sympy:9,0,7,0.8571428571428571,0.410116318288409,0.7142857142857143,2,5,0.0,3703,0.023809523809523725,-0.04044489057789563,0.04761904761904767,0,1,5,5,1.0,0,0,0,1,0
63,8,sympy:9,0,8,0.75,0.7356219397587946,0.625,3,6,0.0,4466,-0.1071428571428571,0.32550562147038564,-0.0892857142857143,0,1,6,5,0.6666666666666666,0,0,0,1,0
63,9,sympy:9,0,9,0.7777777777777778,0.6837389058487535,0.6666666666666666,3,7,0.0,5070,0.02777777777777779,-0.05188303391004112,0.04166666666666663,0,1,7,6,0.6666666666666666,0,0,0,1,0
63,10,sympy:9,0,10,0.8,0.639031859650177,0.7,3,8,0.0,5589,0.022222222222222254,-0.04470704619857657,0.033333333333333326,0,1,8,7,0.6666666666666666,0,0,0,1,0
63,11,sympy:9,0,11,0.8181818181818182,0.6001660731596457,0.7272727272727273,3,9,0.0,6077,0.018181818181818188,-0.038865786490531296,0.027272727272727337,0,1,9,8,1.0,0,0,0,1,0
63,12,sympy:9,0,12,0.8333333333333334,0.5660857389596289,0.75,3,10,0.0,6613,0.015151515151515138,-0.03408033420001677,0.022727272727272707,0,1,10,9,1.0,0,0,0,1,0
63,13,sympy:9,0,13,0.8461538461538461,0.5359610497090694,0.7692307692307693,3,11,0.0,7187,0.012820512820512775,-0.030124689250559444,0.019230769230769273,0,1,11,10,1.0,0,0,0,1,0
63,14,sympy:9,0,14,0.8571428571428571,0.509137344082687,0.7857142857142857,3,12,0.0,7725,0.01098901098901095,-0.026823705626382477,0.016483516483516425,0,1,12,11,1.0,0,0,0,1,0
63,15,sympy:9,0,15,0.8666666666666667,0.48509409130221154,0.8,3,13,0.0,8363,0.009523809523809601,-0.02404325278047542,0.014285714285714346,0,1,13,12,1.0,0,0,0,1,0
63,16,sympy:9,0,16,0.875,0.4634135588264299,0.8125,3,14,0.0,8883,0.008333333333333304,-0.02168053247578161,0.012499999999999956,0,1,14,13,1.0,0,0,0,1,0
64,1,,0,0,,,,0,0,1.0,1024,0.0,0.0,0.0,0,0,0,0,0.0,1,1,0,0,1
64,2,sympy:1/16,0,1,1.0,-0.0,1.0,1,1,0.5,2048,1.0,-0.0,1.0,0,0,1,1,1.0,1,1,0,0,1
64,3,sympy:1/16,0,2,0.5,0.6931471805599453,0.0,2,2,0.3333333333333333,2589,-0.5,0.6931471805599453,-1.0,0,0,2,0,0.5,1,1,0,0,1
64,4,sympy:1/16,0,2,0.5,0.6931471805599453,0.0,2,3,0.5,3613,0.0,0.0,0.0,0,0,3,0,0.5,1,1,0,0,1
64,5,sympy:1/16,0,2,0.5,0.6931471805599453,0.0,2,4,0.6,4637,0.0,0.0,0.0,0,0,4,0,0.0,1,1,0,0,1
64,6,sympy:1/16,0,3,0.3333333333333333,1.0986122886681096,0.0,3,5,0.5,5062,-0.16666666666666669,0.4054651081081643,0.0,0,0,5,0,0.0,1,1,0,0,1
64,7,sympy:35/64,1,4,0.5,1.0397207708399179,0.25,3,1,0.42857142857142855,5522,0.16666666666666669,-0.058891517828191686,0.25,1,1,5,1,1.0,0,0,0,1,0
64,8,sympy:35/64,1,5,0.4,1.3321790402101223,0.2,4,2,0.375,6244,-0.09999999999999998,0.29245826937020447,-0.04999999999999999,0,1,5,1,0.6666666666666666,0,0,0,1,0
64,9,sympy:35/64,1,6,0.3333333333333333,1.5607104090414063,0.16666666666666666,5,3,0.3333333333333333,6880,-0.06666666666666671,0.228531368831284,-0.033333333333333354,0,1,5,1,0.3333333333333333,0,0,0,1,0
64,10,sympy:35/64,1,6,0.3333333333333333,1.5607104090414063,0.16666666666666666,5,4,0.4,7904,0.0,0.0,0.0,0,1,5,1,0.0,0,0,0,1,0
64,11,sympy:35/64,1,6,0.3333333333333333,1.5607104090414063,0.16666666666666666,5,5,0.45454545454545453,8928,0.0,0.0,0.0,0,1,5,1,0.0,0,0,0,1,0
64,12,sympy:35/64,1,6,0.3333333333333333,1.5607104090414063,0.16666666666666666,5,6,0.5,9952,0.0,0.0,0.0,0,1,6,1,0.0,0,0,0,1,0
64,13,sympy:35/64,1,7,0.2857142857142857,1.7478680974667573,0.14285714285714285,6,7,0.46153846153846156,10832,-0.047619047619047616,0.18715768842535097,-0.023809523809523808,0,1,7,1,0.0,0,0,0,1,0
64,14,sympy:35/64,1,8,0.375,1.6674619334292946,0.25,6,8,0.42857142857142855,11825,0.0892857142857143,-0.0804061640374627,0.10714285714285715,0,1,8,2,0.5,0,0,0,1,0
64,15,sympy:35/64,1,9,0.3333333333333333,1.8310204811135162,0.2222222222222222,7,9,0.4,12318,-0.041666666666666685,0.16355854768422162,-0.02777777777777779,0,1,9,2,0.3333333333333333,0,0,0,1,0
64,16,sympy:35/64,1,9,0.3333333333333333,1.8310204811135162,0.2222222222222222,7,10,0.4375,13342,0.0,0.0,0.0,0,1,10,2,0.5,0,0,0,1,0
65,1,sympy:1,1,1,1.0,-0.0,1.0,1,1,0.0,232,0.0,0.0,0.0,0,0,1,1,1.0,0,0,0,1,0
65,2,sympy:1,1,2,1.0,-0.0,1.0,1,2,0.0,422,0.0,0.0,0.0,0,0,2,2,1.0,0,0,0,1,0
65,3,sympy:1,1,3,1.0,-0.0,1.0,1,3,0.0,611,0.0,0.0,0.0,0,0,3,3,1.0,0,0,0,1,0
65,4,sympy:1,1,4,1.0,-0.0,1.0,1,4,0.0,840,0.0,0.0,0.0,0,0,4,4,1.0,0,0,0,1,0
65,5,sympy:1,1,5,1.0,-0.0,1.0,1,5,0.0,1080,0.0,0.0,0.0,0,0,5,5,1.0,0,0,0,1,0
65,6,sympy:1,1,6,1.0,-0.0,1.0,1,6,0.0,1262,0.0,0.0,0.0,0,0,6,6,1.0,0,0,0,1,0
65,7,sympy:1,1,7,1.0,-0.0,1.0,1,7,0.0,1408,0.0,0.0,0.0,0,0,7,7,1.0,0,0,0,1,0
65,8,sympy:1,1,8,1.0,-0.0,1.0,1,8,0.0,1590,0.0,0.0,0.0,0,0,8,8,1.0,0,0,0,1,0
65,9,sympy:1,1,9,1.0,-0.0,1.0,1,9,0.0,1780,0.0,0.0,0.0,0,0,9,9,1.0,0,0,0,1,0
65,10,sympy:1,1,10,0.9,0.3250829733914482,0.8,2,10,0.0,1991,-0.09999999999999998,0.3250829733914482,-0.19999999999999996,0,0,10,8,0.6666666666666666,0,0,0,1,0
65,11,sympy:1,1,11,0.9090909090909091,0.30463609734923813,0.8181818181818182,2,11,0.0,2160,0.009090909090909038,-0.02044687604221007,0.018181818181818188,0,0,11,9,0.6666666666666666,0,0,0,1,0
65,12,sympy:1,1,12,0.9166666666666666,0.2868359830561607,0.8333333333333334,2,12,0.0,2402,0.007575757575757569,-0.01780011429307743,0.015151515151515138,0,0,12,10,0.6666666666666666,0,0,0,1,0
65,13,sympy:1,1,13,0.9230769230769231,0.2711893730418441,0.8461538461538461,2,13,0.0,2609,0.0064102564102564985,-0.01564661001431661,0.012820512820512775,0,0,13,11,1.0,0,0,0,1,0
65,14,sympy:1,1,14,0.9285714285714286,0.25731864054383163,0.8571428571428571,2,14,0.0,2794,0.005494505494505475,-0.013870732498012461,0.01098901098901095,0,0,14,12,1.0,0,0,0,1,0
65,15,sympy:1,1,15,0.9333333333333333,0.24493002679463532,0.8666666666666667,2,15,0.0,3051,0.004761904761904745,-0.012388613749196309,0.009523809523809601,0,0,15,13,1.0,0,0,0,1,0
65,16,sympy:1,1,16,0.9375,0.2337916587064593,0.875,2,16,0.0,3288,0.004166666666666652,-0.011138368088176032,0.008333333333333304,0,0,16,14,1.0,0,0,0,1,0
66,1,sympy:x**3 + 3*x - 6,1,1,1.0,-0.0,1.0,1,1,0.0,369,0.0,0.0,0.0,0,0,1,1,1.0,0,0,0,1,0
66,2,sympy:x**3 + 3*x - 6,1,2,1.0,-0.0,1.0,1,2,0.0,775,0.0,0.0,0.0,0,0,2,2,1.0,0,0,0,1,0
66,3,sympy:x**3 + 3*x - 6,1,3,1.0,-0.0,1.0,1,3,0.0,1082,0.0,0.0,0.0,0,0,3,3,1.0,0,0,0,1,0
66,4,sympy:x**3 + 3*x - 6,1,4,1.0,-0.0,1.0,1,4,0.0,1421,0.0,0.0,0.0,0,0,4,4,1.0,0,0,0,1,0
66,5,sympy:x**3 + 3*x - 6,1,5,1.0,-0.0,1.0,1,5,0.0,1774,0.0,0.0,0.0,0,0,5,5,1.0,0,0,0,1,0
66,6,sympy:x**3 + 3*x - 6,1,6,1.0,-0.0,1.0,1,6,0.0,2168,0.0,0.0,0.0,0,0,6,6,1.0,0,0,0,1,0
66,7,sympy:x**3 + 3*x - 6,1,7,1.0,-0.0,1.0,1,7,0.0,2532,0.0,0.0,0.0,0,0,7,7,1.0,0,0,0,1,0
66,8,sympy:x**3 + 3*x - 6,1,8,1.0,-0.0,1.0,1,8,0.0,2954,0.0,0.0,0.0,0,0,8,8,1.0,0,0,0,1,0
66,9,sympy:x**3 + 3*x - 6,1,9,1.0,-0.0,1.0,1,9,0.0,3403,0.0,0.0,0.0,0,0,9,9,1.0,0,0,0,1,0
66,10,sympy:x**3 + 3*x - 6,1,10,1.0,-0.0,1.0,1,10,0.0,3946,0.0,0.0,0.0,0,0,10,10,1.0,0,0,0,1,0
66,11,sympy:x**3 + 3*x - 6,1,11,1.0,-0.0,1.0,1,11,0.0,4306,0.0,0.0,0.0,0,0,11,11,1.0,0,0,0,1,0
66,12,sympy:x**3 + 3*x - 6,1,12,1.0,-0.0,1.0,1,12,0.0,4803,0.0,0.0,0.0,0,0,12,12,1.0,0,0,0,1,0
66,13,sympy:x**3 + 3*x - 6,1,13,1.0,-0.0,1.0,1,13,0.0,5172,0.0,0.0,0.0,0,0,13,13,1.0,0,0,0,1,0
66,14,sympy:x**3 + 3*x - 6,1,14,1.0,-0.0,1.0,1,14,0.0,5575,0.0,0.0,0.0,0,0,14,14,1.0,0,0,0,1,0
66,15,sympy:x**3 + 3*x - 6,1,15,1.0,-0.0,1.0,1,15,0.0,6023,0.0,0.0,0.0,0,0,15,15,1.0,0,0,0,1,0
66,16,sympy:x**3 + 3*x - 6,1,16,1.0,-0.0,1.0,1,16,0.0,6374,0.0,0.0,0.0,0,0,16,16,1.0,0,0,0,1,0
67,1,sympy:10,1,1,1.0,-0.0,1.0,1,1,0.0,309,0.0,0.0,0.0,0,0,1,1,1.0,0,0,0,1,0
67,2,sympy:10,1,2,0.5,0.6931471805599453,0.0,2,2,0.0,809,-0.5,0.6931471805599453,-1.0,0,0,2,0,0.5,0,0,0,1,0
67,3,sympy:10,1,3,0.6666666666666666,0.6365141682948128,0.3333333333333333,2,3,0.0,1181,0.16666666666666663,-0.05663301226513251,0.3333333333333333,0,0,3,1,0.6666666666666666,0,0,0,1,0
67,4,sympy:10,1,4,0.75,0.5623351446188083,0.5,2,4,0.0,1539,0.08333333333333337,-0.07417902367600449,0.16666666666666669,0,0,4,2,0.6666666666666666,0,0,0,1,0
67,5,sympy:10,1,5,0.6,0.6730116670092565,0.2,2,5,0.0,1837,-0.15000000000000002,0.11067652239044823,-0.3,0,0,5,1,0.6666666666666666,0,0,0,1,0
67,6,sympy:10,1,6,0.6666666666666666,0.6365141682948128,0.3333333333333333,2,6,0.0,2189,0.06666666666666665,-0.036497498714443743,0.1333333333333333,0,0,6,2,0.6666666666666666,0,0,0,1,0
67,7,sympy:10,1,7,0.7142857142857143,0.5982695885852573,0.42857142857142855,2,7,0.0,2512,0.04761904761904767,-0.038244579709555526,0.09523809523809523,0,0,7,3,0.6666666666666666,0,0,0,1,0
67,8,sympy:10,1,8,0.75,0.5623351446188083,0.5,2,8,0.0,2799,0.0357142857142857,-0.03593444396644896,0.07142857142857145,0,0,8,4,1.0,0,0,0,1,0
67,9,sympy:10,1,9,0.7777777777777778,0.5297061990576545,0.5555555555555556,2,9,0.0,3104,0.02777777777777779,-0.03262894556115381,0.05555555555555558,0,0,9,5,1.0,0,0,0,1,0
67,10,sympy:10,1,10,0.8,0.5004024235381879,0.6,2,10,0.0,3452,0.022222222222222254,-0.029303775519466613,0.0444444444444444,0,0,10,6,1.0,0,0,0,1,0
67,11,sympy:10,1,11,0.7272727272727273,0.5859526183035508,0.45454545454545453,2,11,0.0,3878,-0.07272727272727275,0.08555019476536296,-0.14545454545454545,0,0,11,5,0.6666666666666666,0,0,0,1,0
67,12,sympy:10,1,12,0.75,0.5623351446188083,0.5,2,12,0.0,4239,0.022727272727272707,-0.02361747368474254,0.04545454545454547,0,0,12,6,0.6666666666666666,0,0,0,1,0
67,13,sympy:10,1,13,0.7692307692307693,0.5402041423888608,0.5384615384615384,2,13,0.0,4582,0.019230769230769273,-0.02213100222994746,0.038461538461538436,0,0,13,7,0.6666666666666666,0,0,0,1,0
67,14,sympy:10,1,14,0.7857142857142857,0.5195798391305154,0.5714285714285714,2,14,0.0,4928,0.016483516483516425,-0.02062430325834541,0.03296703296703296,0,0,14,8,1.0,0,0,0,1,0
67,15,sympy:10,1,15,0.8,0.5004024235381879,0.6,2,15,0.0,5232,0.014285714285714346,-0.01917741559232755,0.02857142857142858,0,0,15,9,1.0,0,0,0,1,0
67,16,sympy:10,1,16,0.8125,0.48257756517701206,0.625,2,16,0.0,5543,0.012499999999999956,-0.01782485836117581,0.025000000000000022,0,0,16,10,1.0,0,0,0,1,0
68,1,sympy:46,1,1,1.0,-0.0,1.0,1,1,0.0,692,0.0,0.0,0.0,0,0,1,1,1.0,0,0,0,1,0
68,2,sympy:46,1,2,1.0,-0.0,1.0,1,2,0.0,1591,0.0,0.0,0.0,0,0,2,2,1.0,0,0,0,1,0
68,3,sympy:46,1,2,1.0,-0.0,1.0,1,3,0.3333333333333333,2615,0.0,0.0,0.0,0,0,3,2,1.0,0,0,0,1,0
68,4,sympy:46,1,3,0.6666666666666666,0.6365141682948128,0.3333333333333333,2,4,0.25,3219,-0.33333333333333337,0.6365141682948128,-0.6666666666666667,0,0,4,1,0.5,0,0,0,1,0
68,5,sympy:46,1,3,0.6666666666666666,0.6365141682948128,0.3333333333333333,2,5,0.4,4243,0.0,0.0,0.0,0,0,5,1,0.0,0,0,0,1,0
68,6,sympy:46,1,4,0.75,0.5623351446188083,0.5,2,6,0.3333333333333333,4661,0.08333333333333337,-0.07417902367600449,0.16666666666666669,0,0,6,2,0.5,0,0,0,1,0
68,7,sympy:46,1,5,0.8,0.5004024235381879,0.6,2,7,0.2857142857142857,5163,0.050000000000000044,-0.06193272108062042,0.09999999999999998,0,0,7,3,1.0,0,0,0,1,0
68,8,sympy:46,1,6,0.6666666666666666,0.6365141682948128,0.3333333333333333,2,8,0.25,5604,-0.13333333333333341,0.1361117447566249,-0.26666666666666666,0,0,8,2,0.6666666666666666,0,0,0,1,0
68,9,sympy:46,1,6,0.6666666666666666,0.6365141682948128,0.3333333333333333,2,9,0.3333333333333333,6628,0.0,0.0,0.0,0,0,9,2,0.5,0,0,0,1,0
68,10,sympy:46,1,7,0.5714285714285714,0.9556998911125343,0.2857142857142857,3,10,0.3,7326,-0.09523809523809523,0.3191857228177215,-0.047619047619047616,0,0,10,2,0.0,0,0,0,1,0
68,11,sympy:46,1,8,0.625,0.9002560512685369,0.375,3,11,0.2727272727272727,8350,0.0535714285714286,-0.05544383984399737,0.0892857142857143,0,0,11,3,0.5,0,0,0,1,0
68,12,sympy:46,1,9,0.5555555555555556,0.936888307539016,0.2222222222222222,3,12,0.25,8884,-0.06944444444444442,0.03663225627047906,-0.1527777777777778,0,0,12,2,0.3333333333333333,0,0,0,1,0
68,13,sympy:46,1,10,0.5,1.1682824501765625,0.2,4,13,0.23076923076923078,9824,-0.05555555555555558,0.23139414263754654,-0.0222222222222222,0,0,13,2,0.3333333333333333,0,0,0,1,0
68,14,sympy:46,1,11,0.5454545454545454,1.1209503926735833,0.2727272727272727,4,14,0.21428571428571427,10544,0.045454545454545414,-0.0473320575029792,0.0727272727272727,0,0,14,3,0.3333333333333333,0,0,0,1,0
68,15,sympy:46,1,12,0.5833333333333334,1.0751393240053735,0.3333333333333333,4,15,0.2,11024,0.037878787878787956,-0.04581106866820983,0.06060606060606061,0,0,15,4,0.6666666666666666,0,0,0,1,0
68,16,sympy:46,1,13,0.5384615384615384,1.2636256721237273,0.3076923076923077,5,16,0.1875,12048,-0.044871794871794934,0.18848634811835385,-0.025641025641025605,0,0,16,4,0.6666666666666666,0,0,0,1,0
69,1,sympy:-1,1,1,1.0,-0.0,1.0,1,1,0.0,381,0.0,0.0,0.0,0,0,1,1,1.0,0,0,0,1,0
69,2,sympy:-1,1,2,1.0,-0.0,1.0,1,2,0.0,781,0.0,0.0,0.0,0,0,2,2,1.0,0,0,0,1,0
69,3,sympy:-1,1,3,1.0,-0.0,1.0,1,3,0.0,1210,0.0,0.0,0.0,0,0,3,3,1.0,0,0,0,1,0
69,4,sympy:-1,1,4,1.0,-0.0,1.0,1,4,0.0,1736,0.0,0.0,0.0,0,0,4,4,1.0,0,0,0,1,0
69,5,sympy:-1,1,5,1.0,-0.0,1.0,1,5,0.0,2171,0.0,0.0,0.0,0,0,5,5,1.0,0,0,0,1,0
69,6,sympy:-1,1,6,1.0,-0.0,1.0,1,6,0.0,2554,0.0,0.0,0.0,0,0,6,6,1.0,0,0,0,1,0
69,7,sympy:-1,1,7,1.0,-0.0,1.0,1,7,0.0,2970,0.0,0.0,0.0,0,0,7,7,1.0,0,0,0,1,0
69,8,sympy:-1,1,8,1.0,-0.0,1.0,1,8,0.0,3419,0.0,0.0,0.0,0,0,8,8,1.0,0,0,0,1,0
69,9,sympy:-1,1,9,1.0,-0.0,1.0,1,9,0.0,3852,0.0,0.0,0.0,0,0,9,9,1.0,0,0,0,1,0
69,10,sympy:-1,1,10,1.0,-0.0,1.0,1,10,0.0,4290,0.0,0.0,0.0,0,0,10,10,1.0,0,0,0,1,0
69,11,sympy:-1,1,11,1.0,-0.0,1.0,1,11,0.0,4738,0.0,0.0,0.0,0,0,11,11,1.0,0,0,0,1,0
69,12,sympy:-1,1,12,1.0,-0.0,1.0,1,12,0.0,5154,0.0,0.0,0.0,0,0,12,12,1.0,0,0,0,1,0
69,13,sympy:-1,1,13,1.0,-0.0,1.0,1,13,0.0,5550,0.0,0.0,0.0,0,0,13,13,1.0,0,0,0,1,0
69,14,sympy:-1,1,14,1.0,-0.0,1.0,1,14,0.0,6007,0.0,0.0,0.0,0,0,14,14,1.0,0,0,0,1,0
69,15,sympy:-1,1,15,1.0,-0.0,1.0,1,15,0.0,6431,0.0,0.0,0.0,0,0,15,15,1.0,0,0,0,1,0
69,16,sympy:-1,1,16,1.0,-0.0,1.0,1,16,0.0,6862,0.0,0.0,0.0,0,0,16,16,1.0,0,0,0,1,0
70,1,sympy:40,1,1,1.0,-0.0,1.0,1,1,0.0,485,0.0,0.0,0.0,0,0,1,1,1.0,0,0,0,1,0
70,2,sympy:40,1,2,1.0,-0.0,1.0,1,2,0.0,874,0.0,0.0,0.0,0,0,2,2,1.0,0,0,0,1,0
70,3,sympy:40,1,3,1.0,-0.0,1.0,1,3,0.0,1404,0.0,0.0,0.0,0,0,3,3,1.0,0,0,0,1,0
70,4,sympy:40,1,4,1.0,-0.0,1.0,1,4,0.0,1890,0.0,0.0,0.0,0,0,4,4,1.0,0,0,0,1,0
70,5,sympy:40,1,5,1.0,-0.0,1.0,1,5,0.0,2465,0.0,0.0,0.0,0,0,5,5,1.0,0,0,0,1,0
70,6,sympy:40,1,6,1.0,-0.0,1.0,1,6,0.0,2985,0.0,0.0,0.0,0,0,6,6,1.0,0,0,0,1,0
70,7,sympy:40,1,7,1.0,-0.0,1.0,1,7,0.0,3522,0.0,0.0,0.0,0,0,7,7,1.0,0,0,0,1,0
70,8,sympy:40,1,8,1.0,-0.0,1.0,1,8,0.0,4151,0.0,0.0,0.0,0,0,8,8,1.0,0,0,0,1,0
70,9,sympy:40,1,9,1.0,-0.0,1.0,1,9,0.0,4607,0.0,0.0,0.0,0,0,9,9,1.0,0,0,0,1,0
70,10,sympy:40,1,10,1.0,-0.0,1.0,1,10,0.0,5092,0.0,0.0,0.0,0,0,10,10,1.0,0,0,0,1,0
70,11,sympy:40,1,11,1.0,-0.0,1.0,1,11,0.0,5630,0.0,0.0,0.0,0,0,11,11,1.0,0,0,0,1,0
70,12,sympy:40,1,12,1.0,-0.0,1.0,1,12,0.0,6066,0.0,0.0,0.0,0,0,12,12,1.0,0,0,0,1,0
70,13,sympy:40,1,13,1.0,-0.0,1.0,1,13,0.0,6621,0.0,0.0,0.0,0,0,13,13,1.0,0,0,0,1,0
70,14,sympy:40,1,14,1.0,-0.0,1.0,1,14,0.0,7131,0.0,0.0,0.0,0,0,14,14,1.0,0,0,0,1,0
70,15,sympy:40,1,15,1.0,-0.0,1.0,1,15,0.0,7495,0.0,0.0,0.0,0,0,15,15,1.0,0,0,0,1,0
70,16,sympy:40,1,16,1.0,-0.0,1.0,1,16,0.0,7901,0.0,0.0,0.0,0,0,16,16,1.0,0,0,0,1,0
71,1,sympy:1234,0,1,1.0,-0.0,1.0,1,1,0.0,308,0.0,0.0,0.0,0,0,1,1,1.0,1,1,0,0,1
71,2,sympy:1234,0,2,0.5,0.6931471805599453,0.0,2,2,0.0,596,-0.5,0.6931471805599453,-1.0,0,0,2,0,0.5,1,1,0,0,1
71,3,sympy:1234,0,3,0.3333333333333333,1.0986122886681096,0.0,3,3,0.0,1620,-0.16666666666666669,0.4054651081081643,0.0,0,0,3,0,0.3333333333333333,1,1,0,0,1
71,4,sympy:2516,1,4,0.5,1.0397207708399179,0.25,3,1,0.0,1900,0.16666666666666669,-0.058891517828191686,0.25,1,1,3,1,0.6666666666666666,0,0,0,1,0
71,5,sympy:2516,1,5,0.4,1.3321790402101223,0.2,4,2,0.0,2159,-0.09999999999999998,0.29245826937020447,-0.04999999999999999,0,1,3,1,0.3333333333333333,0,0,0,1,0
71,6,sympy:2516,1,6,0.5,1.242453324894,0.3333333333333333,4,3,0.0,2449,0.09999999999999998,-0.08972571531612239,0.1333333333333333,0,1,3,2,0.6666666666666666,0,0,0,1,0
71,7,sympy:2516,1,7,0.5714285714285714,1.1537419427010902,0.42857142857142855,4,4,0.0,2754,0.0714285714285714,-0.08871138219290975,0.09523809523809523,0,1,4,3,0.6666666666666666,0,0,0,1,0
71,8,sympy:2516,1,8,0.5,1.2130075659799042,0.25,4,5,0.0,3122,-0.0714285714285714,0.05926562327881402,-0.17857142857142855,0,1,5,2,0.6666666666666666,0,0,0,1,0
71,9,sympy:2516,1,9,0.5555555555555556,1.1490596969706202,0.3333333333333333,4,6,0.0,3528,0.05555555555555558,-0.06394786900928406,0.08333333333333331,0,1,6,3,0.6666666666666666,0,0,0,1,0
71,10,sympy:2516,1,10,0.5,1.3592367006650063,0.3,5,7,0.0,4015,-0.05555555555555558,0.2101770036943862,-0.033333333333333326,0,1,7,3,0.3333333333333333,0,0,0,1,0
71,11,sympy:2516,1,11,0.45454545454545453,1.3667110520552042,0.18181818181818182,5,8,0.0,4328,-0.04545454545454547,0.007474351390197809,-0.11818181818181817,0,1,8,2,0.3333333333333333,0,0,0,1,0
71,12,sympy:2516,1,12,0.5,1.3143738430069454,0.25,5,9,0.0,4617,0.04545454545454547,-0.05233720904825878,0.06818181818181818,0,1,9,3,0.3333333333333333,0,0,0,1,0
71,13,sympy:2516,1,13,0.5384615384615384,1.2636256721237273,0.3076923076923077,5,10,0.0,5134,0.038461538461538436,-0.050748170883218036,0.05769230769230771,0,1,10,4,0.6666666666666666,0,0,0,1,0
71,14,sympy:2516,1,14,0.5,1.4306853360872926,0.2857142857142857,6,11,0.0,5480,-0.038461538461538436,0.1670596639635653,-0.02197802197802201,0,1,11,4,0.6666666666666666,0,0,0,1,0
71,15,sympy:2516,1,15,0.5333333333333333,1.3792922544726758,0.3333333333333333,6,12,0.0,5809,0.033333333333333326,-0.051393081614616865,0.047619047619047616,0,1,12,5,0.6666666666666666,0,0,0,1,0
71,16,sympy:2516,1,16,0.5,1.4402347497045995,0.3125,6,13,0.0,6340,-0.033333333333333326,0.06094249523192374,-0.020833333333333315,0,1,13,5,0.3333333333333333,0,0,0,1,0
72,1,sympy:3,1,1,1.0,-0.0,1.0,1,1,0.0,424,0.0,0.0,0.0,0,0,1,1,1.0,0,0,0,1,0
72,2,sympy:3,1,2,1.0,-0.0,1.0,1,2,0.0,734,0.0,0.0,0.0,0,0,2,2,1.0,0,0,0,1,0
72,3,sympy:3,1,3,1.0,-0.0,1.0,1,3,0.0,1038,0.0,0.0,0.0,0,0,3,3,1.0,0,0,0,1,0
72,4,sympy:3,1,4,1.0,-0.0,1.0,1,4,0.0,1474,0.0,0.0,0.0,0,0,4,4,1.0,0,0,0,1,0
72,5,sympy:3,1,5,1.0,-0.0,1.0,1,5,0.0,1876,0.0,0.0,0.0,0,0,5,5,1.0,0,0,0,1,0
72,6,sympy:3,1,6,1.0,-0.0,1.0,1,6,0.0,2286,0.0,0.0,0.0,0,0,6,6,1.0,0,0,0,1,0
72,7,sympy:3,1,7,1.0,-0.0,1.0,1,7,0.0,2686,0.0,0.0,0.0,0,0,7,7,1.0,0,0,0,1,0
72,8,sympy:3,1,8,1.0,-0.0,1.0,1,8,0.0,3113,0.0,0.0,0.0,0,0,8,8,1.0,0,0,0,1,0
72,9,sympy:3,1,9,1.0,-0.0,1.0,1,9,0.0,3530,0.0,0.0,0.0,0,0,9,9,1.0,0,0,0,1,0
72,10,sympy:3,1,10,1.0,-0.0,1.0,1,10,0.0,3937,0.0,0.0,0.0,0,0,10,10,1.0,0,0,0,1,0
72,11,sympy:3,1,11,1.0,-0.0,1.0,1,11,0.0,4365,0.0,0.0,0.0,0,0,11,11,1.0,0,0,0,1,0
72,12,sympy:3,1,12,1.0,-0.0,1.0,1,12,0.0,4669,0.0,0.0,0.0,0,0,12,12,1.0,0,0,0,1,0
72,13,sympy:3,1,13,1.0,-0.0,1.0,1,13,0.0,4994,0.0,0.0,0.0,0,0,13,13,1.0,0,0,0,1,0
72,14,sympy:3,1,14,1.0,-0.0,1.0,1,14,0.0,5294,0.0,0.0,0.0,0,0,14,14,1.0,0,0,0,1,0
72,15,sympy:3,1,15,1.0,-0.0,1.0,1,15,0.0,5558,0.0,0.0,0.0,0,0,15,15,1.0,0,0,0,1,0
72,16,sympy:3,1,16,1.0,-0.0,1.0,1,16,0.0,5836,0.0,0.0,0.0,0,0,16,16,1.0,0,0,0,1,0
73,1,sympy:(3*sqrt(3))/4,1,1,1.0,-0.0,1.0,1,1,0.0,271,0.0,0.0,0.0,0,0,1,1,1.0,0,0,0,1,0
73,2,sympy:(3*sqrt(3))/4,1,2,1.0,-0.0,1.0,1,2,0.0,1295,0.0,0.0,0.0,0,0,2,2,1.0,0,0,0,1,0
73,3,sympy:(3*sqrt(3))/4,1,3,1.0,-0.0,1.0,1,3,0.0,1682,0.0,0.0,0.0,0,0,3,3,1.0,0,0,0,1,0
73,4,sympy:(3*sqrt(3))/4,1,4,1.0,-0.0,1.0,1,4,0.0,2023,0.0,0.0,0.0,0,0,4,4,1.0,0,0,0,1,0
73,5,sympy:(3*sqrt(3))/4,1,5,1.0,-0.0,1.0,1,5,0.0,2343,0.0,0.0,0.0,0,0,5,5,1.0,0,0,0,1,0
73,6,sympy:(3*sqrt(3))/4,1,6,1.0,-0.0,1.0,1,6,0.0,2648,0.0,0.0,0.0,0,0,6,6,1.0,0,0,0,1,0
73,7,sympy:(3*sqrt(3))/4,1,7,1.0,-0.0,1.0,1,7,0.0,2899,0.0,0.0,0.0,0,0,7,7,1.0,0,0,0,1,0
73,8,sympy:(3*sqrt(3))/4,1,8,1.0,-0.0,1.0,1,8,0.0,3180,0.0,0.0,0.0,0,0,8,8,1.0,0,0,0,1,0
73,9,sympy:(3*sqrt(3))/4,1,9,1.0,-0.0,1.0,1,9,0.0,3533,0.0,0.0,0.0,0,0,9,9,1.0,0,0,0,1,0
73,10,sympy:(3*sqrt(3))/4,1,10,1.0,-0.0,1.0,1,10,0.0,3893,0.0,0.0,0.0,0,0,10,10,1.0,0,0,0,1,0
73,11,sympy:(3*sqrt(3))/4,1,11,1.0,-0.0,1.0,1,11,0.0,4189,0.0,0.0,0.0,0,0,11,11,1.0,0,0,0,1,0
73,12,sympy:(3*sqrt(3))/4,1,12,1.0,-0.0,1.0,1,12,0.0,4493,0.0,0.0,0.0,0,0,12,12,1.0,0,0,0,1,0
73,13,sympy:(3*sqrt(3))/4,1,13,1.0,-0.0,1.0,1,13,0.0,4870,0.0,0.0,0.0,0,0,13,13,1.0,0,0,0,1,0
73,14,sympy:(3*sqrt(3))/4,1,14,1.0,-0.0,1.0,1,14,0.0,5123,0.0,0.0,0.0,0,0,14,14,1.0,0,0,0,1,0
73,15,sympy:(3*sqrt(3))/4,1,15,1.0,-0.0,1.0,1,15,0.0,5415,0.0,0.0,0.0,0,0,15,15,1.0,0,0,0,1,0
73,16,sympy:(3*sqrt(3))/4,1,16,1.0,-0.0,1.0,1,16,0.0,5777,0.0,0.0,0.0,0,0,16,16,1.0,0,0,0,1,0
74,1,sympy:cot(x),1,1,1.0,-0.0,1.0,1,1,0.0,453,0.0,0.0,0.0,0,0,1,1,1.0,0,0,0,1,0
74,2,sympy:cot(x),1,2,1.0,-0.0,1.0,1,2,0.0,894,0.0,0.0,0.0,0,0,2,2,1.0,0,0,0,1,0
74,3,sympy:cot(x),1,3,1.0,-0.0,1.0,1,3,0.0,1260,0.0,0.0,0.0,0,0,3,3,1.0,0,0,0,1,0
74,4,sympy:cot(x),1,4,1.0,-0.0,1.0,1,4,0.0,1632,0.0,0.0,0.0,0,0,4,4,1.0,0,0,0,1,0
74,5,sympy:cot(x),1,5,1.0,-0.0,1.0,1,5,0.0,1997,0.0,0.0,0.0,0,0,5,5,1.0,0,0,0,1,0
74,6,sympy:cot(x),1,6,1.0,-0.0,1.0,1,6,0.0,2442,0.0,0.0,0.0,0,0,6,6,1.0,0,0,0,1,0
74,7,sympy:cot(x),1,7,1.0,-0.0,1.0,1,7,0.0,2916,0.0,0.0,0.0,0,0,7,7,1.0,0,0,0,1,0
74,8,sympy:cot(x),1,8,1.0,-0.0,1.0,1,8,0.0,3364,0.0,0.0,0.0,0,0,8,8,1.0,0,0,0,1,0
74,9,sympy:cot(x),1,9,1.0,-0.0,1.0,1,9,0.0,3824,0.0,0.0,0.0,0,0,9,9,1.0,0,0,0,1,0
74,10,sympy:cot(x),1,10,1.0,-0.0,1.0,1,10,0.0,4240,0.0,0.0,0.0,0,0,10,10,1.0,0,0,0,1,0
74,11,sympy:cot(x),1,11,1.0,-0.0,1.0,1,11,0.0,4620,0.0,0.0,0.0,0,0,11,11,1.0,0,0,0,1,0
74,12,sympy:cot(x),1,12,1.0,-0.0,1.0,1,12,0.0,5092,0.0,0.0,0.0,0,0,12,12,1.0,0,0,0,1,0
74,13,sympy:cot(x),1,13,1.0,-0.0,1.0,1,13,0.0,5470,0.0,0.0,0.0,0,0,13,13,1.0,0,0,0,1,0
74,14,sympy:cot(x),1,14,1.0,-0.0,1.0,1,14,0.0,6017,0.0,0.0,0.0,0,0,14,14,1.0,0,0,0,1,0
74,15,sympy:cot(x),1,15,1.0,-0.0,1.0,1,15,0.0,6461,0.0,0.0,0.0,0,0,15,15,1.0,0,0,0,1,0
74,16,sympy:cot(x),1,16,1.0,-0.0,1.0,1,16,0.0,6863,0.0,0.0,0.0,0,0,16,16,1.0,0,0,0,1,0
75,1,sympy:11/36,1,1,1.0,-0.0,1.0,1,1,0.0,1024,0.0,0.0,0.0,0,0,1,1,1.0,0,0,0,1,0
75,2,sympy:11/36,1,2,1.0,-0.0,1.0,1,2,0.0,1368,0.0,0.0,0.0,0,0,2,2,1.0,0,0,0,1,0
75,3,sympy:11/36,1,3,1.0,-0.0,1.0,1,3,0.0,1744,0.0,0.0,0.0,0,0,3,3,1.0,0,0,0,1,0
75,4,sympy:11/36,1,4,1.0,-0.0,1.0,1,4,0.0,2213,0.0,0.0,0.0,0,0,4,4,1.0,0,0,0,1,0
75,5,sympy:11/36,1,5,1.0,-0.0,1.0,1,5,0.0,2595,0.0,0.0,0.0,0,0,5,5,1.0,0,0,0,1,0
75,6,sympy:11/36,1,6,1.0,-0.0,1.0,1,6,0.0,3103,0.0,0.0,0.0,0,0,6,6,1.0,0,0,0,1,0
75,7,sympy:11/36,1,7,1.0,-0.0,1.0,1,7,0.0,3607,0.0,0.0,0.0,0,0,7,7,1.0,0,0,0,1,0
75,8,sympy:11/36,1,8,1.0,-0.0,1.0,1,8,0.0,4034,0.0,0.0,0.0,0,0,8,8,1.0,0,0,0,1,0
75,9,sympy:11/36,1,9,1.0,-0.0,1.0,1,9,0.0,4435,0.0,0.0,0.0,0,0,9,9,1.0,0,0,0,1,0
75,10,sympy:11/36,1,10,1.0,-0.0,1.0,1,10,0.0,4881,0.0,0.0,0.0,0,0,10,10,1.0,0,0,0,1,0
75,11,sympy:11/36,1,11,1.0,-0.0,1.0,1,11,0.0,5353,0.0,0.0,0.0,0,0,11,11,1.0,0,0,0,1,0
75,12,sympy:11/36,1,12,1.0,-0.0,1.0,1,12,0.0,5750,0.0,0.0,0.0,0,0,12,12,1.0,0,0,0,1,0
75,13,sympy:11/36,1,13,1.0,-0.0,1.0,1,13,0.0,6774,0.0,0.0,0.0,0,0,13,13,1.0,0,0,0,1,0
75,14,sympy:11/36,1,14,1.0,-0.0,1.0,1,14,0.0,7212,0.0,0.0,0.0,0,0,14,14,1.0,0,0,0,1,0
75,15,sympy:11/36,1,15,1.0,-0.0,1.0,1,15,0.0,7704,0.0,0.0,0.0,0,0,15,15,1.0,0,0,0,1,0
75,16,sympy:11/36,1,16,1.0,-0.0,1.0,1,16,0.0,8083,0.0,0.0,0.0,0,0,16,16,1.0,0,0,0,1,0
76,1,sympy:0,1,1,1.0,-0.0,1.0,1,1,0.0,395,0.0,0.0,0.0,0,0,1,1,1.0,0,0,0,1,0
76,2,sympy:0,1,2,1.0,-0.0,1.0,1,2,0.0,651,0.0,0.0,0.0,0,0,2,2,1.0,0,0,0,1,0
76,3,sympy:0,1,3,1.0,-0.0,1.0,1,3,0.0,912,0.0,0.0,0.0,0,0,3,3,1.0,0,0,0,1,0
76,4,sympy:0,1,4,1.0,-0.0,1.0,1,4,0.0,1167,0.0,0.0,0.0,0,0,4,4,1.0,0,0,0,1,0
76,5,sympy:0,1,5,1.0,-0.0,1.0,1,5,0.0,1411,0.0,0.0,0.0,0,0,5,5,1.0,0,0,0,1,0
76,6,sympy:0,1,6,1.0,-0.0,1.0,1,6,0.0,1654,0.0,0.0,0.0,0,0,6,6,1.0,0,0,0,1,0
76,7,sympy:0,1,7,1.0,-0.0,1.0,1,7,0.0,1833,0.0,0.0,0.0,0,0,7,7,1.0,0,0,0,1,0
76,8,sympy:0,1,8,1.0,-0.0,1.0,1,8,0.0,2060,0.0,0.0,0.0,0,0,8,8,1.0,0,0,0,1,0
76,9,sympy:0,1,9,1.0,-0.0,1.0,1,9,0.0,2276,0.0,0.0,0.0,0,0,9,9,1.0,0,0,0,1,0
76,10,sympy:0,1,10,1.0,-0.0,1.0,1,10,0.0,2515,0.0,0.0,0.0,0,0,10,10,1.0,0,0,0,1,0
76,11,sympy:0,1,11,1.0,-0.0,1.0,1,11,0.0,2761,0.0,0.0,0.0,0,0,11,11,1.0,0,0,0,1,0
76,12,sympy:0,1,12,1.0,-0.0,1.0,1,12,0.0,2998,0.0,0.0,0.0,0,0,12,12,1.0,0,0,0,1,0
76,13,sympy:0,1,13,1.0,-0.0,1.0,1,13,0.0,3226,0.0,0.0,0.0,0,0,13,13,1.0,0,0,0,1,0
76,14,sympy:0,1,14,1.0,-0.0,1.0,1,14,0.0,3652,0.0,0.0,0.0,0,0,14,14,1.0,0,0,0,1,0
76,15,sympy:0,1,15,1.0,-0.0,1.0,1,15,0.0,3942,0.0,0.0,0.0,0,0,15,15,1.0,0,0,0,1,0
76,16,sympy:0,1,16,1.0,-0.0,1.0,1,16,0.0,4140,0.0,0.0,0.0,0,0,16,16,1.0,0,0,0,1,0
77,1,sympy:4,1,1,1.0,-0.0,1.0,1,1,0.0,193,0.0,0.0,0.0,0,0,1,1,1.0,0,0,0,1,0
77,2,sympy:4,1,2,1.0,-0.0,1.0,1,2,0.0,441,0.0,0.0,0.0,0,0,2,2,1.0,0,0,0,1,0
77,3,sympy:4,1,3,1.0,-0.0,1.0,1,3,0.0,647,0.0,0.0,0.0,0,0,3,3,1.0,0,0,0,1,0
77,4,sympy:4,1,4,1.0,-0.0,1.0,1,4,0.0,855,0.0,0.0,0.0,0,0,4,4,1.0,0,0,0,1,0
77,5,sympy:4,1,5,1.0,-0.0,1.0,1,5,0.0,1040,0.0,0.0,0.0,0,0,5,5,1.0,0,0,0,1,0
77,6,sympy:4,1,6,1.0,-0.0,1.0,1,6,0.0,1233,0.0,0.0,0.0,0,0,6,6,1.0,0,0,0,1,0
77,7,sympy:4,1,7,1.0,-0.0,1.0,1,7,0.0,1426,0.0,0.0,0.0,0,0,7,7,1.0,0,0,0,1,0
77,8,sympy:4,1,8,1.0,-0.0,1.0,1,8,0.0,1611,0.0,0.0,0.0,0,0,8,8,1.0,0,0,0,1,0
77,9,sympy:4,1,9,1.0,-0.0,1.0,1,9,0.0,1827,0.0,0.0,0.0,0,0,9,9,1.0,0,0,0,1,0
77,10,sympy:4,1,10,1.0,-0.0,1.0,1,10,0.0,2039,0.0,0.0,0.0,0,0,10,10,1.0,0,0,0,1,0
77,11,sympy:4,1,11,1.0,-0.0,1.0,1,11,0.0,2263,0.0,0.0,0.0,0,0,11,11,1.0,0,0,0,1,0
77,12,sympy:4,1,12,1.0,-0.0,1.0,1,12,0.0,2450,0.0,0.0,0.0,0,0,12,12,1.0,0,0,0,1,0
77,13,sympy:4,1,13,1.0,-0.0,1.0,1,13,0.0,2682,0.0,0.0,0.0,0,0,13,13,1.0,0,0,0,1,0
77,14,sympy:4,1,14,1.0,-0.0,1.0,1,14,0.0,2922,0.0,0.0,0.0,0,0,14,14,1.0,0,0,0,1,0
77,15,sympy:4,1,15,1.0,-0.0,1.0,1,15,0.0,3107,0.0,0.0,0.0,0,0,15,15,1.0,0,0,0,1,0
77,16,sympy:4,1,16,1.0,-0.0,1.0,1,16,0.0,3333,0.0,0.0,0.0,0,0,16,16,1.0,0,0,0,1,0
78,1,"sympy:Interval.open(-2, 1)",1,1,1.0,-0.0,1.0,1,1,0.0,644,0.0,0.0,0.0,0,0,1,1,1.0,0,0,0,1,0
78,2,"sympy:Interval.open(-2, 1)",1,2,1.0,-0.0,1.0,1,2,0.0,1370,0.0,0.0,0.0,0,0,2,2,1.0,0,0,0,1,0
78,3,"sympy:Interval.open(-2, 1)",1,3,1.0,-0.0,1.0,1,3,0.0,2223,0.0,0.0,0.0,0,0,3,3,1.0,0,0,0,1,0
78,4,"sympy:Interval.open(-2, 1)",1,4,1.0,-0.0,1.0,1,4,0.0,2934,0.0,0.0,0.0,0,0,4,4,1.0,0,0,0,1,0
78,5,"sympy:Interval.open(-2, 1)",1,5,0.8,0.5004024235381879,0.6,2,5,0.0,3542,-0.19999999999999996,0.5004024235381879,-0.4,0,0,5,3,0.6666666666666666,0,0,0,1,0
78,6,"sympy:Interval.open(-2, 1)",1,6,0.8333333333333334,0.45056120886630463,0.6666666666666666,2,6,0.0,4142,0.033333333333333326,-0.04984121467188324,0.06666666666666665,0,0,6,4,0.6666666666666666,0,0,0,1,0
78,7,"sympy:Interval.open(-2, 1)",1,7,0.8571428571428571,0.410116318288409,0.7142857142857143,2,7,0.0,4753,0.023809523809523725,-0.04044489057789563,0.04761904761904767,0,0,7,5,0.6666666666666666,0,0,0,1,0
78,8,"sympy:Interval.open(-2, 1)",1,8,0.875,0.37677016125643675,0.75,2,8,0.0,5419,0.017857142857142905,-0.033346157031972246,0.0357142857142857,0,0,8,6,1.0,0,0,0,1,0
78,9,"sympy:Interval.open(-2, 1)",1,9,0.8888888888888888,0.34883209584303193,0.7777777777777778,2,9,0.0,6091,0.01388888888888884,-0.027938065413404822,0.02777777777777779,0,0,9,7,1.0,0,0,0,1,0
78,10,"sympy:Interval.open(-2, 1)",1,10,0.9,0.3250829733914482,0.8,2,10,0.0,6711,0.011111111111111183,-0.023749122451583726,0.022222222222222254,0,0,10,8,1.0,0,0,0,1,0
78,11,"sympy:Interval.open(-2, 1)",1,11,0.9090909090909091,0.30463609734923813,0.8181818181818182,2,11,0.0,7359,0.009090909090909038,-0.02044687604221007,0.018181818181818188,0,0,11,9,1.0,0,0,0,1,0
78,12,"sympy:Interval.open(-2, 1)",1,12,0.9166666666666666,0.2868359830561607,0.8333333333333334,2,12,0.0,7919,0.007575757575757569,-0.01780011429307743,0.015151515151515138,0,0,12,10,1.0,0,0,0,1,0
78,13,"sympy:Interval.open(-2, 1)",1,13,0.9230769230769231,0.2711893730418441,0.8461538461538461,2,13,0.0,8606,0.0064102564102564985,-0.01564661001431661,0.012820512820512775,0,0,13,11,1.0,0,0,0,1,0
78,14,"sympy:Interval.open(-2, 1)",1,14,0.9285714285714286,0.25731864054383163,0.8571428571428571,2,14,0.0,9445,0.005494505494505475,-0.013870732498012461,0.01098901098901095,0,0,14,12,1.0,0,0,0,1,0
78,15,"sympy:Interval.open(-2, 1)",1,15,0.9333333333333333,0.24493002679463532,0.8666666666666667,2,15,0.0,10039,0.004761904761904745,-0.012388613749196309,0.009523809523809601,0,0,15,13,1.0,0,0,0,1,0
78,16,"sympy:Interval.open(-2, 1)",1,16,0.9375,0.2337916587064593,0.875,2,16,0.0,10741,0.004166666666666652,-0.011138368088176032,0.008333333333333304,0,0,16,14,1.0,0,0,0,1,0
79,1,sympy:2,1,1,1.0,-0.0,1.0,1,1,0.0,207,0.0,0.0,0.0,0,0,1,1,1.0,0,0,0,1,0
79,2,sympy:2,1,2,1.0,-0.0,1.0,1,2,0.0,509,0.0,0.0,0.0,0,0,2,2,1.0,0,0,0,1,0
79,3,sympy:2,1,3,1.0,-0.0,1.0,1,3,0.0,752,0.0,0.0,0.0,0,0,3,3,1.0,0,0,0,1,0
79,4,sympy:2,1,4,1.0,-0.0,1.0,1,4,0.0,1041,0.0,0.0,0.0,0,0,4,4,1.0,0,0,0,1,0
79,5,sympy:2,1,5,1.0,-0.0,1.0,1,5,0.0,1361,0.0,0.0,0.0,0,0,5,5,1.0,0,0,0,1,0
79,6,sympy:2,1,6,1.0,-0.0,1.0,1,6,0.0,1576,0.0,0.0,0.0,0,0,6,6,1.0,0,0,0,1,0
79,7,sympy:2,1,7,1.0,-0.0,1.0,1,7,0.0,1852,0.0,0.0,0.0,0,0,7,7,1.0,0,0,0,1,0
79,8,sympy:2,1,8,1.0,-0.0,1.0,1,8,0.0,2072,0.0,0.0,0.0,0,0,8,8,1.0,0,0,0,1,0
79,9,sympy:2,1,9,1.0,-0.0,1.0,1,9,0.0,2425,0.0,0.0,0.0,0,0,9,9,1.0,0,0,0,1,0
79,10,sympy:2,1,10,1.0,-0.0,1.0,1,10,0.0,2664,0.0,0.0,0.0,0,0,10,10,1.0,0,0,0,1,0
79,11,sympy:2,1,11,1.0,-0.0,1.0,1,11,0.0,2917,0.0,0.0,0.0,0,0,11,11,1.0,0,0,0,1,0
79,12,sympy:2,1,12,1.0,-0.0,1.0,1,12,0.0,3184,0.0,0.0,0.0,0,0,12,12,1.0,0,0,0,1,0
79,13,sympy:2,1,13,1.0,-0.0,1.0,1,13,0.0,3437,0.0,0.0,0.0,0,0,13,13,1.0,0,0,0,1,0
79,14,sympy:2,1,14,1.0,-0.0,1.0,1,14,0.0,3719,0.0,0.0,0.0,0,0,14,14,1.0,0,0,0,1,0
79,15,sympy:2,1,15,1.0,-0.0,1.0,1,15,0.0,4023,0.0,0.0,0.0,0,0,15,15,1.0,0,0,0,1,0
79,16,sympy:2,1,16,1.0,-0.0,1.0,1,16,0.0,4361,0.0,0.0,0.0,0,0,16,16,1.0,0,0,0,1,0
80,1,sympy:1,0,1,1.0,-0.0,1.0,1,1,0.0,712,0.0,0.0,0.0,0,0,1,1,1.0,0,0,0,1,0
80,2,sympy:1,0,2,1.0,-0.0,1.0,1,2,0.0,1393,0.0,0.0,0.0,0,0,2,2,1.0,0,0,0,1,0
80,3,sympy:1,0,3,1.0,-0.0,1.0,1,3,0.0,2116,0.0,0.0,0.0,0,0,3,3,1.0,0,0,0,1,0
80,4,sympy:1,0,4,1.0,-0.0,1.0,1,4,0.0,2818,0.0,0.0,0.0,0,0,4,4,1.0,0,0,0,1,0
80,5,sympy:1,0,5,1.0,-0.0,1.0,1,5,0.0,3710,0.0,0.0,0.0,0,0,5,5,1.0,0,0,0,1,0
80,6,sympy:1,0,6,0.8333333333333334,0.45056120886630463,0.6666666666666666,2,6,0.0,4367,-0.16666666666666663,0.45056120886630463,-0.33333333333333337,0,0,6,4,0.6666666666666666,0,0,0,1,0
80,7,sympy:1,0,7,0.7142857142857143,0.5982695885852573,0.42857142857142855,2,7,0.0,5013,-0.11904761904761907,0.14770837971895262,-0.23809523809523808,0,0,7,3,0.3333333333333333,0,0,0,1,0
80,8,sympy:1,0,8,0.75,0.5623351446188083,0.5,2,8,0.0,5859,0.0357142857142857,-0.03593444396644896,0.07142857142857145,0,0,8,4,0.3333333333333333,0,0,0,1,0
80,9,sympy:1,0,9,0.7777777777777778,0.5297061990576545,0.5555555555555556,2,9,0.0,6642,0.02777777777777779,-0.03262894556115381,0.05555555555555558,0,0,9,5,0.6666666666666666,0,0,0,1,0
80,10,sympy:1,0,10,0.7,0.6108643020548935,0.4,2,10,0.0,7369,-0.07777777777777783,0.08115810299723902,-0.15555555555555556,0,0,10,4,0.6666666666666666,0,0,0,1,0
80,11,sympy:1,0,11,0.6363636363636364,0.6554817739013927,0.2727272727272727,2,11,0.0,8031,-0.0636363636363636,0.044617471846499224,-0.12727272727272732,0,0,11,3,0.3333333333333333,0,0,0,1,0
80,12,sympy:1,0,12,0.6666666666666666,0.6365141682948128,0.3333333333333333,2,12,0.0,8834,0.030303030303030276,-0.01896760560657995,0.06060606060606061,0,0,12,4,0.3333333333333333,0,0,0,1,0
80,13,sympy:1,0,13,0.6923076923076923,0.6172417697303416,0.38461538461538464,2,13,0.0,9622,0.02564102564102566,-0.01927239856447116,0.05128205128205132,0,0,13,5,0.6666666666666666,0,0,0,1,0
80,14,sympy:1,0,14,0.7142857142857143,0.5982695885852573,0.42857142857142855,2,14,0.0,10560,0.02197802197802201,-0.018972181145084366,0.04395604395604391,0,0,14,6,1.0,0,0,0,1,0
80,15,sympy:1,0,15,0.7333333333333333,0.5799151714181009,0.4666666666666667,2,15,0.0,11253,0.01904761904761898,-0.018354417167156356,0.038095238095238126,0,0,15,7,1.0,0,0,0,1,0
80,16,sympy:1,0,16,0.75,0.5623351446188083,0.5,2,16,0.0,12046,0.01666666666666672,-0.017580026799292603,0.033333333333333326,0,0,16,8,1.0,0,0,0,1,0
81,1,sympy:3,1,1,1.0,-0.0,1.0,1,1,0.0,287,0.0,0.0,0.0,0,0,1,1,1.0,0,0,0,1,0
81,2,sympy:3,1,2,1.0,-0.0,1.0,1,2,0.0,635,0.0,0.0,0.0,0,0,2,2,1.0,0,0,0,1,0
81,3,sympy:3,1,3,1.0,-0.0,1.0,1,3,0.0,981,0.0,0.0,0.0,0,0,3,3,1.0,0,0,0,1,0
81,4,sympy:3,1,4,1.0,-0.0,1.0,1,4,0.0,1415,0.0,0.0,0.0,0,0,4,4,1.0,0,0,0,1,0
81,5,sympy:3,1,5,1.0,-0.0,1.0,1,5,0.0,1828,0.0,0.0,0.0,0,0,5,5,1.0,0,0,0,1,0
81,6,sympy:3,1,6,1.0,-0.0,1.0,1,6,0.0,2229,0.0,0.0,0.0,0,0,6,6,1.0,0,0,0,1,0
81,7,sympy:3,1,7,1.0,-0.0,1.0,1,7,0.0,2609,0.0,0.0,0.0,0,0,7,7,1.0,0,0,0,1,0
81,8,sympy:3,1,8,1.0,-0.0,1.0,1,8,0.0,3633,0.0,0.0,0.0,0,0,8,8,1.0,0,0,0,1,0
81,9,sympy:3,1,9,1.0,-0.0,1.0,1,9,0.0,4150,0.0,0.0,0.0,0,0,9,9,1.0,0,0,0,1,0
81,10,sympy:3,1,10,1.0,-0.0,1.0,1,10,0.0,4467,0.0,0.0,0.0,0,0,10,10,1.0,0,0,0,1,0
81,11,sympy:3,1,11,1.0,-0.0,1.0,1,11,0.0,4858,0.0,0.0,0.0,0,0,11,11,1.0,0,0,0,1,0
81,12,sympy:3,1,12,1.0,-0.0,1.0,1,12,0.0,5283,0.0,0.0,0.0,0,0,12,12,1.0,0,0,0,1,0
81,13,sympy:3,1,13,1.0,-0.0,1.0,1,13,0.0,5594,0.0,0.0,0.0,0,0,13,13,1.0,0,0,0,1,0
81,14,sympy:3,1,14,1.0,-0.0,1.0,1,14,0.0,5922,0.0,0.0,0.0,0,0,14,14,1.0,0,0,0,1,0
81,15,sympy:3,1,15,1.0,-0.0,1.0,1,15,0.0,6273,0.0,0.0,0.0,0,0,15,15,1.0,0,0,0,1,0
81,16,sympy:3,1,16,1.0,-0.0,1.0,1,16,0.0,6664,0.0,0.0,0.0,0,0,16,16,1.0,0,0,0,1,0
82,1,sympy:3/4,0,1,1.0,-0.0,1.0,1,1,0.0,414,0.0,0.0,0.0,0,0,1,1,1.0,1,1,0,0,1
82,2,sympy:3/4,0,2,0.5,0.6931471805599453,0.0,2,2,0.0,859,-0.5,0.6931471805599453,-1.0,0,0,2,0,0.5,1,1,0,0,1
82,3,sympy:3/2,1,3,0.6666666666666666,0.6365141682948128,0.3333333333333333,2,1,0.0,1393,0.16666666666666663,-0.05663301226513251,0.3333333333333333,1,1,2,1,0.6666666666666666,0,0,0,1,0
82,4,sympy:3/4,0,4,0.5,0.6931471805599453,0.0,2,1,0.0,1814,-0.16666666666666663,0.05663301226513251,-0.3333333333333333,1,2,2,0,0.3333333333333333,1,1,0,0,1
82,5,sympy:3/4,0,5,0.4,1.0549201679861442,0.0,3,2,0.0,2273,-0.09999999999999998,0.3617729874261989,0.0,0,2,2,0,0.3333333333333333,1,1,0,0,1
82,6,sympy:3/4,0,6,0.3333333333333333,1.0986122886681096,0.0,3,3,0.0,2756,-0.06666666666666671,0.043692120681965374,0.0,0,2,3,0,0.3333333333333333,1,1,0,0,1
82,7,sympy:3/2,1,7,0.42857142857142855,1.0789922078775833,0.14285714285714285,3,1,0.0,3364,0.09523809523809523,-0.01962008079052624,0.14285714285714285,1,3,3,1,0.3333333333333333,0,0,0,1,0
82,8,sympy:3/2,1,8,0.375,1.3208883431493221,0.125,4,2,0.0,3803,-0.05357142857142855,0.2418961352717388,-0.01785714285714285,0,3,3,1,0.3333333333333333,0,0,0,1,0
82,9,sympy:3/2,1,9,0.3333333333333333,1.310783678099714,0.0,4,3,0.0,4311,-0.041666666666666685,-0.010104665049608164,-0.125,0,3,3,0,0.3333333333333333,0,0,0,1,0
82,10,sympy:3/2,1,10,0.3,1.5047882836811908,0.0,5,4,0.0,4662,-0.033333333333333326,0.1940046055814768,0.0,0,3,4,0,0.0,0,0,0,1,0
82,11,sympy:3/2,1,11,0.36363636363636365,1.4681399390162087,0.09090909090909091,5,5,0.0,5237,0.06363636363636366,-0.036648344664982124,0.09090909090909091,0,3,5,1,0.3333333333333333,0,0,0,1,0
82,12,sympy:3/2,1,12,0.4166666666666667,1.4241299173467734,0.16666666666666666,5,6,0.0,5795,0.05303030303030304,-0.04401002166943524,0.07575757575757575,0,3,6,2,0.6666666666666666,0,0,0,1,0
82,13,sympy:3/2,1,13,0.46153846153846156,1.377819508039033,0.23076923076923078,5,7,0.0,6358,0.04487179487179488,-0.04631040930774044,0.06410256410256412,0,3,7,3,1.0,0,0,0,1,0
82,14,sympy:3/2,1,14,0.42857142857142855,1.3760552852604169,0.14285714285714285,5,8,0.0,6859,-0.032967032967033016,-0.001764222778616098,-0.08791208791208793,0,3,8,2,0.6666666666666666,0,0,0,1,0
82,15,sympy:3/2,1,15,0.4,1.4368286689630319,0.13333333333333333,5,9,0.0,7302,-0.028571428571428525,0.06077338370261498,-0.009523809523809518,0,3,9,2,0.3333333333333333,0,0,0,1,0
82,16,sympy:3/2,1,16,0.4375,1.4013926466081226,0.1875,5,10,0.0,7856,0.03749999999999998,-0.03543602235490928,0.05416666666666667,0,3,10,3,0.3333333333333333,0,0,0,1,0
83,1,sympy:2,1,1,1.0,-0.0,1.0,1,1,0.0,496,0.0,0.0,0.0,0,0,1,1,1.0,0,0,0,1,0
83,2,sympy:2,1,2,1.0,-0.0,1.0,1,2,0.0,813,0.0,0.0,0.0,0,0,2,2,1.0,0,0,0,1,0
83,3,sympy:2,1,3,1.0,-0.0,1.0,1,3,0.0,1117,0.0,0.0,0.0,0,0,3,3,1.0,0,0,0,1,0
83,4,sympy:2,1,4,1.0,-0.0,1.0,1,4,0.0,1472,0.0,0.0,0.0,0,0,4,4,1.0,0,0,0,1,0
83,5,sympy:2,1,5,1.0,-0.0,1.0,1,5,0.0,1765,0.0,0.0,0.0,0,0,5,5,1.0,0,0,0,1,0
83,6,sympy:2,1,6,1.0,-0.0,1.0,1,6,0.0,2121,0.0,0.0,0.0,0,0,6,6,1.0,0,0,0,1,0
83,7,sympy:2,1,7,1.0,-0.0,1.0,1,7,0.0,2453,0.0,0.0,0.0,0,0,7,7,1.0,0,0,0,1,0
83,8,sympy:2,1,8,1.0,-0.0,1.0,1,8,0.0,2845,0.0,0.0,0.0,0,0,8,8,1.0,0,0,0,1,0
83,9,sympy:2,1,9,1.0,-0.0,1.0,1,9,0.0,3126,0.0,0.0,0.0,0,0,9,9,1.0,0,0,0,1,0
83,10,sympy:2,1,10,1.0,-0.0,1.0,1,10,0.0,3447,0.0,0.0,0.0,0,0,10,10,1.0,0,0,0,1,0
83,11,sympy:2,1,11,0.9090909090909091,0.30463609734923813,0.8181818181818182,2,11,0.0,4203,-0.09090909090909094,0.30463609734923813,-0.18181818181818177,0,0,11,9,0.6666666666666666,0,0,0,1,0
83,12,sympy:2,1,12,0.9166666666666666,0.2868359830561607,0.8333333333333334,2,12,0.0,4572,0.007575757575757569,-0.01780011429307743,0.015151515151515138,0,0,12,10,0.6666666666666666,0,0,0,1,0
83,13,sympy:2,1,13,0.9230769230769231,0.2711893730418441,0.8461538461538461,2,13,0.0,4984,0.0064102564102564985,-0.01564661001431661,0.012820512820512775,0,0,13,11,0.6666666666666666,0,0,0,1,0
83,14,sympy:2,1,14,0.9285714285714286,0.25731864054383163,0.8571428571428571,2,14,0.0,5547,0.005494505494505475,-0.013870732498012461,0.01098901098901095,0,0,14,12,1.0,0,0,0,1,0
83,15,sympy:2,1,15,0.9333333333333333,0.24493002679463532,0.8666666666666667,2,15,0.0,5837,0.004761904761904745,-0.012388613749196309,0.009523809523809601,0,0,15,13,1.0,0,0,0,1,0
83,16,sympy:2,1,16,0.9375,0.2337916587064593,0.875,2,16,0.0,6490,0.004166666666666652,-0.011138368088176032,0.008333333333333304,0,0,16,14,1.0,0,0,0,1,0
84,1,sympy:-1,1,1,1.0,-0.0,1.0,1,1,0.0,804,0.0,0.0,0.0,0,0,1,1,1.0,0,0,0,1,0
84,2,sympy:-1,1,2,1.0,-0.0,1.0,1,2,0.0,1590,0.0,0.0,0.0,0,0,2,2,1.0,0,0,0,1,0
84,3,sympy:-1,1,3,1.0,-0.0,1.0,1,3,0.0,2498,0.0,0.0,0.0,0,0,3,3,1.0,0,0,0,1,0
84,4,sympy:-1,1,4,1.0,-0.0,1.0,1,4,0.0,3318,0.0,0.0,0.0,0,0,4,4,1.0,0,0,0,1,0
84,5,sympy:-1,1,5,1.0,-0.0,1.0,1,5,0.0,4011,0.0,0.0,0.0,0,0,5,5,1.0,0,0,0,1,0
84,6,sympy:-1,1,6,1.0,-0.0,1.0,1,6,0.0,4814,0.0,0.0,0.0,0,0,6,6,1.0,0,0,0,1,0
84,7,sympy:-1,1,7,1.0,-0.0,1.0,1,7,0.0,5506,0.0,0.0,0.0,0,0,7,7,1.0,0,0,0,1,0
84,8,sympy:-1,1,8,1.0,-0.0,1.0,1,8,0.0,6395,0.0,0.0,0.0,0,0,8,8,1.0,0,0,0,1,0
84,9,sympy:-1,1,9,1.0,-0.0,1.0,1,9,0.0,7254,0.0,0.0,0.0,0,0,9,9,1.0,0,0,0,1,0
84,10,sympy:-1,1,10,1.0,-0.0,1.0,1,10,0.0,8278,0.0,0.0,0.0,0,0,10,10,1.0,0,0,0,1,0
84,11,sympy:-1,1,11,1.0,-0.0,1.0,1,11,0.0,8975,0.0,0.0,0.0,0,0,11,11,1.0,0,0,0,1,0
84,12,sympy:-1,1,12,1.0,-0.0,1.0,1,12,0.0,9727,0.0,0.0,0.0,0,0,12,12,1.0,0,0,0,1,0
84,13,sympy:-1,1,13,1.0,-0.0,1.0,1,13,0.0,10511,0.0,0.0,0.0,0,0,13,13,1.0,0,0,0,1,0
84,14,sympy:-1,1,14,1.0,-0.0,1.0,1,14,0.0,11381,0.0,0.0,0.0,0,0,14,14,1.0,0,0,0,1,0
84,15,sympy:-1,1,15,1.0,-0.0,1.0,1,15,0.0,12165,0.0,0.0,0.0,0,0,15,15,1.0,0,0,0,1,0
84,16,sympy:-1,1,16,1.0,-0.0,1.0,1,16,0.0,13034,0.0,0.0,0.0,0,0,16,16,1.0,0,0,0,1,0
85,1,sympy:sqrt(5),1,1,1.0,-0.0,1.0,1,1,0.0,358,0.0,0.0,0.0,0,0,1,1,1.0,0,0,0,1,0
85,2,sympy:sqrt(5),1,2,1.0,-0.0,1.0,1,2,0.0,717,0.0,0.0,0.0,0,0,2,2,1.0,0,0,0,1,0
85,3,sympy:sqrt(5),1,3,1.0,-0.0,1.0,1,3,0.0,1018,0.0,0.0,0.0,0,0,3,3,1.0,0,0,0,1,0
85,4,sympy:sqrt(5),1,4,1.0,-0.0,1.0,1,4,0.0,1332,0.0,0.0,0.0,0,0,4,4,1.0,0,0,0,1,0
85,5,sympy:sqrt(5),1,5,1.0,-0.0,1.0,1,5,0.0,1671,0.0,0.0,0.0,0,0,5,5,1.0,0,0,0,1,0
85,6,sympy:sqrt(5),1,6,1.0,-0.0,1.0,1,6,0.0,1984,0.0,0.0,0.0,0,0,6,6,1.0,0,0,0,1,0
85,7,sympy:sqrt(5),1,7,1.0,-0.0,1.0,1,7,0.0,2374,0.0,0.0,0.0,0,0,7,7,1.0,0,0,0,1,0
85,8,sympy:sqrt(5),1,8,1.0,-0.0,1.0,1,8,0.0,2683,0.0,0.0,0.0,0,0,8,8,1.0,0,0,0,1,0
85,9,sympy:sqrt(5),1,9,1.0,-0.0,1.0,1,9,0.0,2989,0.0,0.0,0.0,0,0,9,9,1.0,0,0,0,1,0
85,10,sympy:sqrt(5),1,10,1.0,-0.0,1.0,1,10,0.0,3311,0.0,0.0,0.0,0,0,10,10,1.0,0,0,0,1,0
85,11,sympy:sqrt(5),1,11,1.0,-0.0,1.0,1,11,0.0,3677,0.0,0.0,0.0,0,0,11,11,1.0,0,0,0,1,0
85,12,sympy:sqrt(5),1,12,1.0,-0.0,1.0,1,12,0.0,3985,0.0,0.0,0.0,0,0,12,12,1.0,0,0,0,1,0
85,13,sympy:sqrt(5),1,13,1.0,-0.0,1.0,1,13,0.0,4384,0.0,0.0,0.0,0,0,13,13,1.0,0,0,0,1,0
85,14,sympy:sqrt(5),1,14,1.0,-0.0,1.0,1,14,0.0,4711,0.0,0.0,0.0,0,0,14,14,1.0,0,0,0,1,0
85,15,sympy:sqrt(5),1,15,1.0,-0.0,1.0,1,15,0.0,5084,0.0,0.0,0.0,0,0,15,15,1.0,0,0,0,1,0
85,16,sympy:sqrt(5),1,16,1.0,-0.0,1.0,1,16,0.0,5407,0.0,0.0,0.0,0,0,16,16,1.0,0,0,0,1,0
86,1,sympy:240,1,1,1.0,-0.0,1.0,1,1,0.0,278,0.0,0.0,0.0,0,0,1,1,1.0,0,0,0,1,0
86,2,sympy:240,1,2,1.0,-0.0,1.0,1,2,0.0,534,0.0,0.0,0.0,0,0,2,2,1.0,0,0,0,1,0
86,3,sympy:240,1,3,1.0,-0.0,1.0,1,3,0.0,796,0.0,0.0,0.0,0,0,3,3,1.0,0,0,0,1,0
86,4,sympy:240,1,4,1.0,-0.0,1.0,1,4,0.0,1057,0.0,0.0,0.0,0,0,4,4,1.0,0,0,0,1,0
86,5,sympy:240,1,5,1.0,-0.0,1.0,1,5,0.0,1318,0.0,0.0,0.0,0,0,5,5,1.0,0,0,0,1,0
86,6,sympy:240,1,6,1.0,-0.0,1.0,1,6,0.0,1606,0.0,0.0,0.0,0,0,6,6,1.0,0,0,0,1,0
86,7,sympy:240,1,7,1.0,-0.0,1.0,1,7,0.0,1867,0.0,0.0,0.0,0,0,7,7,1.0,0,0,0,1,0
86,8,sympy:240,1,8,1.0,-0.0,1.0,1,8,0.0,2128,0.0,0.0,0.0,0,0,8,8,1.0,0,0,0,1,0
86,9,sympy:240,1,9,1.0,-0.0,1.0,1,9,0.0,2390,0.0,0.0,0.0,0,0,9,9,1.0,0,0,0,1,0
86,10,sympy:240,1,10,1.0,-0.0,1.0,1,10,0.0,2666,0.0,0.0,0.0,0,0,10,10,1.0,0,0,0,1,0
86,11,sympy:240,1,11,1.0,-0.0,1.0,1,11,0.0,2928,0.0,0.0,0.0,0,0,11,11,1.0,0,0,0,1,0
86,12,sympy:240,1,12,1.0,-0.0,1.0,1,12,0.0,3210,0.0,0.0,0.0,0,0,12,12,1.0,0,0,0,1,0
86,13,sympy:240,1,13,1.0,-0.0,1.0,1,13,0.0,3474,0.0,0.0,0.0,0,0,13,13,1.0,0,0,0,1,0
86,14,sympy:240,1,14,1.0,-0.0,1.0,1,14,0.0,3733,0.0,0.0,0.0,0,0,14,14,1.0,0,0,0,1,0
86,15,sympy:240,1,15,1.0,-0.0,1.0,1,15,0.0,3995,0.0,0.0,0.0,0,0,15,15,1.0,0,0,0,1,0
86,16,sympy:240,1,16,1.0,-0.0,1.0,1,16,0.0,4262,0.0,0.0,0.0,0,0,16,16,1.0,0,0,0,1,0
87,1,sympy:1,1,1,1.0,-0.0,1.0,1,1,0.0,658,0.0,0.0,0.0,0,0,1,1,1.0,0,0,0,1,0
87,2,sympy:1,1,2,1.0,-0.0,1.0,1,2,0.0,1313,0.0,0.0,0.0,0,0,2,2,1.0,0,0,0,1,0
87,3,sympy:1,1,3,1.0,-0.0,1.0,1,3,0.0,1924,0.0,0.0,0.0,0,0,3,3,1.0,0,0,0,1,0
87,4,sympy:1,1,4,1.0,-0.0,1.0,1,4,0.0,2486,0.0,0.0,0.0,0,0,4,4,1.0,0,0,0,1,0
87,5,sympy:1,1,5,1.0,-0.0,1.0,1,5,0.0,3117,0.0,0.0,0.0,0,0,5,5,1.0,0,0,0,1,0
87,6,sympy:1,1,6,1.0,-0.0,1.0,1,6,0.0,3754,0.0,0.0,0.0,0,0,6,6,1.0,0,0,0,1,0
87,7,sympy:1,1,7,1.0,-0.0,1.0,1,7,0.0,4405,0.0,0.0,0.0,0,0,7,7,1.0,0,0,0,1,0
87,8,sympy:1,1,8,1.0,-0.0,1.0,1,8,0.0,5081,0.0,0.0,0.0,0,0,8,8,1.0,0,0,0,1,0
87,9,sympy:1,1,9,1.0,-0.0,1.0,1,9,0.0,5729,0.0,0.0,0.0,0,0,9,9,1.0,0,0,0,1,0
87,10,sympy:1,1,10,1.0,-0.0,1.0,1,10,0.0,6416,0.0,0.0,0.0,0,0,10,10,1.0,0,0,0,1,0
87,11,sympy:1,1,11,1.0,-0.0,1.0,1,11,0.0,6994,0.0,0.0,0.0,0,0,11,11,1.0,0,0,0,1,0
87,12,sympy:1,1,12,1.0,-0.0,1.0,1,12,0.0,7680,0.0,0.0,0.0,0,0,12,12,1.0,0,0,0,1,0
87,13,sympy:1,1,13,1.0,-0.0,1.0,1,13,0.0,8363,0.0,0.0,0.0,0,0,13,13,1.0,0,0,0,1,0
87,14,sympy:1,1,14,1.0,-0.0,1.0,1,14,0.0,8901,0.0,0.0,0.0,0,0,14,14,1.0,0,0,0,1,0
87,15,sympy:1,1,15,1.0,-0.0,1.0,1,15,0.0,9434,0.0,0.0,0.0,0,0,15,15,1.0,0,0,0,1,0
87,16,sympy:1,1,16,1.0,-0.0,1.0,1,16,0.0,10302,0.0,0.0,0.0,0,0,16,16,1.0,0,0,0,1,0
88,1,sympy:2,1,1,1.0,-0.0,1.0,1,1,0.0,946,0.0,0.0,0.0,0,0,1,1,1.0,0,0,0,1,0
88,2,sympy:2,1,2,1.0,-0.0,1.0,1,2,0.0,1866,0.0,0.0,0.0,0,0,2,2,1.0,0,0,0,1,0
88,3,sympy:2,1,2,1.0,-0.0,1.0,1,3,0.3333333333333333,2890,0.0,0.0,0.0,0,0,3,2,1.0,0,0,0,1,0
88,4,sympy:2,1,3,1.0,-0.0,1.0,1,4,0.25,3576,0.0,0.0,0.0,0,0,4,3,1.0,0,0,0,1,0
88,5,sympy:2,1,4,0.75,0.5623351446188083,0.5,2,5,0.2,4457,-0.25,0.5623351446188083,-0.5,0,0,5,2,0.5,0,0,0,1,0
88,6,sympy:2,1,5,0.8,0.5004024235381879,0.6,2,6,0.16666666666666666,5208,0.050000000000000044,-0.06193272108062042,0.09999999999999998,0,0,6,3,0.6666666666666666,0,0,0,1,0
88,7,sympy:2,1,6,0.8333333333333334,0.45056120886630463,0.6666666666666666,2,7,0.14285714285714285,6182,0.033333333333333326,-0.04984121467188324,0.06666666666666665,0,0,7,4,0.6666666666666666,0,0,0,1,0
88,8,sympy:2,1,7,0.8571428571428571,0.410116318288409,0.7142857142857143,2,8,0.125,7167,0.023809523809523725,-0.04044489057789563,0.04761904761904767,0,0,8,5,1.0,0,0,0,1,0
88,9,sympy:2,1,8,0.875,0.37677016125643675,0.75,2,9,0.1111111111111111,8183,0.017857142857142905,-0.033346157031972246,0.0357142857142857,0,0,9,6,1.0,0,0,0,1,0
88,10,sympy:2,1,9,0.7777777777777778,0.5297061990576545,0.5555555555555556,2,10,0.1,8974,-0.09722222222222221,0.15293603780121773,-0.19444444444444442,0,0,10,5,0.6666666666666666,0,0,0,1,0
88,11,sympy:2,1,10,0.7,0.8018185525433373,0.5,3,11,0.09090909090909091,9944,-0.07777777777777783,0.27211235348568286,-0.05555555555555558,0,0,11,5,0.3333333333333333,0,0,0,1,0
88,12,sympy:2,1,11,0.6363636363636364,1.0335620542068176,0.45454545454545453,4,12,0.08333333333333333,10785,-0.0636363636363636,0.23174350166348023,-0.04545454545454547,0,0,12,5,0.0,0,0,0,1,0
88,13,sympy:2,1,12,0.6666666666666666,0.9830877585747855,0.5,4,13,0.07692307692307693,11514,0.030303030303030276,-0.050474295632032096,0.04545454545454547,0,0,13,6,0.3333333333333333,0,0,0,1,0
88,14,sympy:2,1,12,0.6666666666666666,0.9830877585747855,0.5,4,14,0.14285714285714285,12538,0.0,0.0,0.0,0,0,14,6,0.5,0,0,0,1,0
88,15,sympy:2,1,13,0.6923076923076923,0.937155853065701,0.5384615384615384,4,15,0.13333333333333333,13546,0.02564102564102566,-0.045931905509084436,0.038461538461538436,0,0,15,7,1.0,0,0,0,1,0
88,16,sympy:2,1,14,0.7142857142857143,0.8953326659680909,0.5714285714285714,4,16,0.125,14346,0.02197802197802201,-0.041823187097610126,0.03296703296703296,0,0,16,8,1.0,0,0,0,1,0
89,1,sympy:3,0,1,1.0,-0.0,1.0,1,1,0.0,533,0.0,0.0,0.0,0,0,1,1,1.0,1,1,0,0,1
89,2,sympy:3,0,2,0.5,0.6931471805599453,0.0,2,2,0.0,1037,-0.5,0.6931471805599453,-1.0,0,0,2,0,0.5,1,1,0,0,1
89,3,sympy:21,1,3,0.6666666666666666,0.6365141682948128,0.3333333333333333,2,1,0.0,1957,0.16666666666666663,-0.05663301226513251,0.3333333333333333,1,1,2,1,0.6666666666666666,0,0,0,1,0
89,4,sympy:21,1,4,0.75,0.5623351446188083,0.5,2,2,0.0,2876,0.08333333333333337,-0.07417902367600449,0.16666666666666669,0,1,2,2,1.0,0,0,0,1,0
89,5,sympy:21,1,5,0.6,0.9502705392332347,0.4,3,3,0.0,3514,-0.15000000000000002,0.3879353946144264,-0.09999999999999998,0,1,3,2,0.6666666666666666,0,0,0,1,0
89,6,sympy:21,1,6,0.6666666666666666,0.8675632284814612,0.5,3,4,0.0,4432,0.06666666666666665,-0.08270731075177351,0.09999999999999998,0,1,4,3,0.6666666666666666,0,0,0,1,0
89,7,sympy:21,1,7,0.7142857142857143,0.796311640173813,0.5714285714285714,3,5,0.0,5342,0.04761904761904767,-0.07125158830764822,0.0714285714285714,0,1,5,4,0.6666666666666666,0,0,0,1,0
89,8,sympy:21,1,8,0.75,0.7356219397587946,0.625,3,6,0.0,6277,0.0357142857142857,-0.06068970041501831,0.0535714285714286,0,1,6,5,1.0,0,0,0,1,0
89,9,sympy:21,1,9,0.7777777777777778,0.6837389058487535,0.6666666666666666,3,7,0.0,7192,0.02777777777777779,-0.05188303391004112,0.04166666666666663,0,1,7,6,1.0,0,0,0,1,0
89,10,sympy:21,1,10,0.7,0.8018185525433373,0.5,3,8,0.0,7653,-0.07777777777777783,0.11807964669458382,-0.16666666666666663,0,1,8,5,0.6666666666666666,0,0,0,1,0
89,11,sympy:21,1,11,0.6363636363636364,0.8599672810355049,0.36363636363636365,3,9,0.0,8193,-0.0636363636363636,0.05814872849216757,-0.13636363636363635,0,1,9,4,0.3333333333333333,0,0,0,1,0
89,12,sympy:21,1,12,0.6666666666666666,0.8239592165010823,0.4166666666666667,3,10,0.0,9033,0.030303030303030276,-0.036008064534422624,0.05303030303030304,0,1,10,5,0.3333333333333333,0,0,0,1,0
89,13,sympy:21,1,13,0.6923076923076923,0.7902679680745903,0.46153846153846156,3,11,0.0,9972,0.02564102564102566,-0.03369124842649196,0.04487179487179488,0,1,11,6,0.6666666666666666,0,0,0,1,0
89,14,sympy:21,1,14,0.7142857142857143,0.7589367727620596,0.5,3,12,0.0,10906,0.02197802197802201,-0.0313311953125307,0.038461538461538436,0,1,12,7,1.0,0,0,0,1,0
89,15,sympy:21,1,15,0.7333333333333333,0.7298712099831165,0.5333333333333333,3,13,0.0,11452,0.01904761904761898,-0.02906556277894312,0.033333333333333326,0,1,13,8,1.0,0,0,0,1,0
89,16,sympy:21,1,16,0.6875,0.7774621319109288,0.4375,3,14,0.0,11987,-0.04583333333333328,0.047590921927812335,-0.09583333333333333,0,1,14,7,0.6666666666666666,0,0,0,1,0
90,1,sympy:15,0,1,1.0,-0.0,1.0,1,1,0.0,227,0.0,0.0,0.0,0,0,1,1,1.0,0,0,0,1,0
90,2,sympy:15,0,2,1.0,-0.0,1.0,1,2,0.0,531,0.0,0.0,0.0,0,0,2,2,1.0,0,0,0,1,0
90,3,sympy:15,0,3,1.0,-0.0,1.0,1,3,0.0,783,0.0,0.0,0.0,0,0,3,3,1.0,0,0,0,1,0
90,4,sympy:15,0,4,1.0,-0.0,1.0,1,4,0.0,1032,0.0,0.0,0.0,0,0,4,4,1.0,0,0,0,1,0
90,5,sympy:15,0,5,1.0,-0.0,1.0,1,5,0.0,1293,0.0,0.0,0.0,0,0,5,5,1.0,0,0,0,1,0
90,6,sympy:15,0,6,0.8333333333333334,0.45056120886630463,0.6666666666666666,2,6,0.0,1515,-0.16666666666666663,0.45056120886630463,-0.33333333333333337,0,0,6,4,0.6666666666666666,0,0,0,1,0
90,7,sympy:15,0,7,0.8571428571428571,0.410116318288409,0.7142857142857143,2,7,0.0,1739,0.023809523809523725,-0.04044489057789563,0.04761904761904767,0,0,7,5,0.6666666666666666,0,0,0,1,0
90,8,sympy:15,0,8,0.875,0.37677016125643675,0.75,2,8,0.0,1967,0.017857142857142905,-0.033346157031972246,0.0357142857142857,0,0,8,6,0.6666666666666666,0,0,0,1,0
90,9,sympy:15,0,9,0.8888888888888888,0.34883209584303193,0.7777777777777778,2,9,0.0,2240,0.01388888888888884,-0.027938065413404822,0.02777777777777779,0,0,9,7,1.0,0,0,0,1,0
90,10,sympy:15,0,10,0.9,0.3250829733914482,0.8,2,10,0.0,2487,0.011111111111111183,-0.023749122451583726,0.022222222222222254,0,0,10,8,1.0,0,0,0,1,0
90,11,sympy:15,0,11,0.9090909090909091,0.30463609734923813,0.8181818181818182,2,11,0.0,2683,0.009090909090909038,-0.02044687604221007,0.018181818181818188,0,0,11,9,1.0,0,0,0,1,0
90,12,sympy:15,0,12,0.9166666666666666,0.2868359830561607,0.8333333333333334,2,12,0.0,2899,0.007575757575757569,-0.01780011429307743,0.015151515151515138,0,0,12,10,1.0,0,0,0,1,0
90,13,sympy:15,0,13,0.8461538461538461,0.4293230219306162,0.6923076923076923,2,13,0.0,3103,-0.07051282051282048,0.14248703887445552,-0.14102564102564108,0,0,13,9,0.6666666666666666,0,0,0,1,0
90,14,sympy:15,0,14,0.8571428571428571,0.410116318288409,0.7142857142857143,2,14,0.0,3538,0.01098901098901095,-0.019206703642207223,0.02197802197802201,0,0,14,10,0.6666666666666666,0,0,0,1,0
90,15,sympy:15,0,15,0.8,0.5004024235381879,0.6,2,15,0.0,3822,-0.05714285714285705,0.09028610524977887,-0.11428571428571432,0,0,15,9,0.3333333333333333,0,0,0,1,0
90,16,sympy:15,0,16,0.8125,0.48257756517701206,0.625,2,16,0.0,4036,0.012499999999999956,-0.01782485836117581,0.025000000000000022,0,0,16,10,0.6666666666666666,0,0,0,1,0
91,1,sympy:1,1,1,1.0,-0.0,1.0,1,1,0.0,339,0.0,0.0,0.0,0,0,1,1,1.0,0,0,0,1,0
91,2,sympy:1,1,2,1.0,-0.0,1.0,1,2,0.0,601,0.0,0.0,0.0,0,0,2,2,1.0,0,0,0,1,0
91,3,sympy:1,1,3,0.6666666666666666,0.6365141682948128,0.3333333333333333,2,3,0.0,1079,-0.33333333333333337,0.6365141682948128,-0.6666666666666667,0,0,3,1,0.6666666666666666,0,0,0,1,0
91,4,sympy:1,1,4,0.5,0.6931471805599453,0.0,2,4,0.0,1495,-0.16666666666666663,0.05663301226513251,-0.3333333333333333,0,0,4,0,0.3333333333333333,0,0,0,1,0
91,5,sympy:1,1,5,0.6,0.6730116670092565,0.2,2,5,0.0,1874,0.09999999999999998,-0.020135513550688766,0.2,0,0,5,1,0.3333333333333333,0,0,0,1,0
91,6,sympy:1,1,6,0.6666666666666666,0.6365141682948128,0.3333333333333333,2,6,0.0,2281,0.06666666666666665,-0.036497498714443743,0.1333333333333333,0,0,6,2,0.6666666666666666,0,0,0,1,0
91,7,sympy:1,1,7,0.5714285714285714,0.6829081047004717,0.14285714285714285,2,7,0.0,2652,-0.09523809523809523,0.04639393640565892,-0.19047619047619047,0,0,7,1,0.6666666666666666,0,0,0,1,0
91,8,sympy:1,1,8,0.625,0.6615632381579821,0.25,2,8,0.0,3036,0.0535714285714286,-0.02134486654248957,0.10714285714285715,0,0,8,2,0.6666666666666666,0,0,0,1,0
91,9,sympy:1,1,9,0.5555555555555556,0.6869615765973234,0.1111111111111111,2,9,0.0,3455,-0.06944444444444442,0.02539833843934125,-0.1388888888888889,0,0,9,1,0.3333333333333333,0,0,0,1,0
91,10,sympy:1,1,10,0.5,0.6931471805599453,0.0,2,10,0.0,3853,-0.05555555555555558,0.006185603962621911,-0.1111111111111111,0,0,10,0,0.3333333333333333,0,0,0,1,0
91,11,sympy:1,1,11,0.5454545454545454,0.6890092384766586,0.09090909090909091,2,11,0.0,4277,0.045454545454545414,-0.004137942083286661,0.09090909090909091,0,0,11,1,0.3333333333333333,0,0,0,1,0
91,12,sympy:1,1,12,0.5833333333333334,0.6791932659915256,0.16666666666666666,2,12,0.0,4589,0.037878787878787956,-0.009815972485132995,0.07575757575757575,0,0,12,2,0.6666666666666666,0,0,0,1,0
91,13,sympy:1,1,13,0.5384615384615384,0.6901856760188042,0.07692307692307693,2,13,0.0,4988,-0.044871794871794934,0.010992410027278576,-0.08974358974358973,0,0,13,1,0.6666666666666666,0,0,0,1,0
91,14,sympy:1,1,14,0.5,0.6931471805599453,0.0,2,14,0.0,5407,-0.038461538461538436,0.00296150454114108,-0.07692307692307693,0,0,14,0,0.3333333333333333,0,0,0,1,0
91,15,sympy:1,1,15,0.5333333333333333,0.6909233093138181,0.06666666666666667,2,15,0.0,5783,0.033333333333333326,-0.002223871246127218,0.06666666666666667,0,0,15,1,0.3333333333333333,0,0,0,1,0
91,16,sympy:1,1,16,0.5625,0.6853142072764582,0.125,2,16,0.0,6153,0.029166666666666674,-0.00560910203735987,0.058333333333333334,0,0,16,2,0.6666666666666666,0,0,0,1,0
92,1,sympy:448/15625,1,1,1.0,-0.0,1.0,1,1,0.0,542,0.0,0.0,0.0,0,0,1,1,1.0,0,0,0,1,0
92,2,sympy:448/15625,1,2,1.0,-0.0,1.0,1,2,0.0,1338,0.0,0.0,0.0,0,0,2,2,1.0,0,0,0,1,0
92,3,sympy:448/15625,1,3,1.0,-0.0,1.0,1,3,0.0,2005,0.0,0.0,0.0,0,0,3,3,1.0,0,0,0,1,0
92,4,sympy:448/15625,1,4,0.75,0.5623351446188083,0.5,2,4,0.0,2590,-0.25,0.5623351446188083,-0.5,0,0,4,2,0.6666666666666666,0,0,0,1,0
92,5,sympy:448/15625,1,5,0.8,0.5004024235381879,0.6,2,5,0.0,3351,0.050000000000000044,-0.06193272108062042,0.09999999999999998,0,0,5,3,0.6666666666666666,0,0,0,1,0
92,6,sympy:448/15625,1,6,0.6666666666666666,0.6365141682948128,0.3333333333333333,2,6,0.0,3923,-0.13333333333333341,0.1361117447566249,-0.26666666666666666,0,0,6,2,0.3333333333333333,0,0,0,1,0
92,7,sympy:448/15625,1,6,0.6666666666666666,0.6365141682948128,0.3333333333333333,2,7,0.14285714285714285,4947,0.0,0.0,0.0,0,0,7,2,0.5,0,0,0,1,0
92,8,sympy:448/15625,1,7,0.7142857142857143,0.5982695885852573,0.42857142857142855,2,8,0.125,5568,0.04761904761904767,-0.038244579709555526,0.09523809523809523,0,0,8,3,0.5,0,0,0,1,0
92,9,sympy:448/15625,1,8,0.75,0.5623351446188083,0.5,2,9,0.1111111111111111,6377,0.0357142857142857,-0.03593444396644896,0.07142857142857145,0,0,9,4,1.0,0,0,0,1,0
92,10,sympy:448/15625,1,9,0.7777777777777778,0.5297061990576545,0.5555555555555556,2,10,0.1,7196,0.02777777777777779,-0.03262894556115381,0.05555555555555558,0,0,10,5,1.0,0,0,0,1,0
92,11,sympy:448/15625,1,10,0.7,0.8018185525433373,0.5,3,11,0.09090909090909091,8220,-0.07777777777777783,0.27211235348568286,-0.05555555555555558,0,0,11,5,0.6666666666666666,0,0,0,1,0
92,12,sympy:448/15625,1,11,0.7272727272727273,0.7595473914748635,0.5454545454545454,3,12,0.08333333333333333,8784,0.027272727272727337,-0.04227116106847384,0.045454545454545414,0,0,12,6,0.6666666666666666,0,0,0,1,0
92,13,sympy:448/15625,1,12,0.75,0.7214636866925115,0.5833333333333334,3,13,0.07692307692307693,9654,0.022727272727272707,-0.03808370478235201,0.037878787878787956,0,0,13,7,0.6666666666666666,0,0,0,1,0
92,14,sympy:448/15625,1,13,0.7692307692307693,0.6870920273799715,0.6153846153846154,3,14,0.07142857142857142,10269,0.019230769230769273,-0.03437165931253994,0.03205128205128205,0,0,14,8,1.0,0,0,0,1,0
92,15,sympy:448/15625,1,14,0.7857142857142857,0.6559757323365467,0.6428571428571429,3,15,0.06666666666666667,10835,0.016483516483516425,-0.031116295043424835,0.027472527472527486,0,0,15,9,1.0,0,0,0,1,0
92,16,sympy:448/15625,1,15,0.8,0.6277052571971504,0.6666666666666666,3,16,0.0625,11457,0.014285714285714346,-0.02827047513939629,0.023809523809523725,0,0,16,10,1.0,0,0,0,1,0
93,1,sympy:33,1,1,1.0,-0.0,1.0,1,1,0.0,589,0.0,0.0,0.0,0,0,1,1,1.0,0,0,0,1,0
93,2,sympy:33,1,2,1.0,-0.0,1.0,1,2,0.0,1246,0.0,0.0,0.0,0,0,2,2,1.0,0,0,0,1,0
93,3,sympy:33,1,3,1.0,-0.0,1.0,1,3,0.0,1836,0.0,0.0,0.0,0,0,3,3,1.0,0,0,0,1,0
93,4,sympy:33,1,4,1.0,-0.0,1.0,1,4,0.0,2382,0.0,0.0,0.0,0,0,4,4,1.0,0,0,0,1,0
93,5,sympy:33,1,5,1.0,-0.0,1.0,1,5,0.0,3041,0.0,0.0,0.0,0,0,5,5,1.0,0,0,0,1,0
93,6,sympy:33,1,6,1.0,-0.0,1.0,1,6,0.0,3589,0.0,0.0,0.0,0,0,6,6,1.0,0,0,0,1,0
93,7,sympy:33,1,7,1.0,-0.0,1.0,1,7,0.0,4133,0.0,0.0,0.0,0,0,7,7,1.0,0,0,0,1,0
93,8,sympy:33,1,8,1.0,-0.0,1.0,1,8,0.0,4698,0.0,0.0,0.0,0,0,8,8,1.0,0,0,0,1,0
93,9,sympy:33,1,9,1.0,-0.0,1.0,1,9,0.0,5316,0.0,0.0,0.0,0,0,9,9,1.0,0,0,0,1,0
93,10,sympy:33,1,10,1.0,-0.0,1.0,1,10,0.0,5896,0.0,0.0,0.0,0,0,10,10,1.0,0,0,0,1,0
93,11,sympy:33,1,11,1.0,-0.0,1.0,1,11,0.0,6456,0.0,0.0,0.0,0,0,11,11,1.0,0,0,0,1,0
93,12,sympy:33,1,12,1.0,-0.0,1.0,1,12,0.0,7035,0.0,0.0,0.0,0,0,12,12,1.0,0,0,0,1,0
93,13,sympy:33,1,13,1.0,-0.0,1.0,1,13,0.0,7655,0.0,0.0,0.0,0,0,13,13,1.0,0,0,0,1,0
93,14,sympy:33,1,14,1.0,-0.0,1.0,1,14,0.0,8342,0.0,0.0,0.0,0,0,14,14,1.0,0,0,0,1,0
93,15,sympy:33,1,15,1.0,-0.0,1.0,1,15,0.0,9109,0.0,0.0,0.0,0,0,15,15,1.0,0,0,0,1,0
93,16,sympy:33,1,16,1.0,-0.0,1.0,1,16,0.0,9752,0.0,0.0,0.0,0,0,16,16,1.0,0,0,0,1,0
94,1,,0,0,,,,0,0,1.0,1024,0.0,0.0,0.0,0,0,0,0,0.0,1,0,0,1,1
94,2,sympy:70,0,1,1.0,-0.0,1.0,1,1,0.5,1731,1.0,-0.0,1.0,0,0,1,1,1.0,0,0,0,1,0
94,3,sympy:70,0,2,1.0,-0.0,1.0,1,2,0.3333333333333333,2243,0.0,0.0,0.0,0,0,2,2,1.0,0,0,0,1,0
94,4,sympy:70,0,3,0.6666666666666666,0.6365141682948128,0.3333333333333333,2,3,0.25,2805,-0.33333333333333337,0.6365141682948128,-0.6666666666666667,0,0,3,1,0.6666666666666666,0,0,0,1,0
94,5,sympy:70,0,4,0.75,0.5623351446188083,0.5,2,4,0.2,3813,0.08333333333333337,-0.07417902367600449,0.16666666666666669,0,0,4,2,0.6666666666666666,0,0,0,1,0
94,6,sympy:70,0,5,0.6,0.6730116670092565,0.2,2,5,0.16666666666666666,4371,-0.15000000000000002,0.11067652239044823,-0.3,0,0,5,1,0.3333333333333333,0,0,0,1,0
94,7,sympy:70,0,5,0.6,0.6730116670092565,0.2,2,6,0.2857142857142857,5395,0.0,0.0,0.0,0,0,6,1,0.5,0,0,0,1,0
94,8,sympy:70,0,6,0.5,0.6931471805599453,0.0,2,7,0.25,6046,-0.09999999999999998,0.020135513550688766,-0.2,0,0,7,0,0.0,0,0,0,1,0
94,9,sympy:70,0,7,0.5714285714285714,0.6829081047004717,0.14285714285714285,2,8,0.2222222222222222,6649,0.0714285714285714,-0.01023907585947359,0.14285714285714285,0,0,8,1,0.5,0,0,0,1,0
94,10,sympy:70,0,8,0.5,0.9743147528693494,0.125,3,9,0.2,7287,-0.0714285714285714,0.29140664816887774,-0.01785714285714285,0,0,9,1,0.3333333333333333,0,0,0,1,0
94,11,sympy:70,0,9,0.4444444444444444,1.2148896539491203,0.1111111111111111,4,10,0.18181818181818182,7939,-0.05555555555555558,0.24057490107977086,-0.013888888888888895,0,0,10,1,0.3333333333333333,0,0,0,1,0
94,12,sympy:70,0,9,0.4444444444444444,1.2148896539491203,0.1111111111111111,4,11,0.25,8963,0.0,0.0,0.0,0,0,11,1,0.0,0,0,0,1,0
94,13,sympy:70,0,10,0.4,1.4184836619456564,0.1,5,12,0.23076923076923078,9517,-0.0444444444444444,0.20359400799653615,-0.0111111111111111,0,0,12,1,0.0,0,0,0,1,0
94,14,sympy:70,0,10,0.4,1.4184836619456564,0.1,5,13,0.2857142857142857,10541,0.0,0.0,0.0,0,0,13,1,0.0,0,0,0,1,0
94,15,sympy:70,0,10,0.4,1.4184836619456564,0.1,5,14,0.3333333333333333,11565,0.0,0.0,0.0,0,0,14,1,0.0,0,0,0,1,0
94,16,sympy:70,0,10,0.4,1.4184836619456564,0.1,5,15,0.375,12589,0.0,0.0,0.0,0,0,15,1,0.0,0,0,0,1,0
95,1,sympy:-4,1,1,1.0,-0.0,1.0,1,1,0.0,743,0.0,0.0,0.0,0,0,1,1,1.0,0,0,0,1,0
95,2,sympy:-4,1,2,1.0,-0.0,1.0,1,2,0.0,1372,0.0,0.0,0.0,0,0,2,2,1.0,0,0,0,1,0
95,3,sympy:-4,1,3,1.0,-0.0,1.0,1,3,0.0,2247,0.0,0.0,0.0,0,0,3,3,1.0,0,0,0,1,0
95,4,sympy:-4,1,4,1.0,-0.0,1.0,1,4,0.0,2991,0.0,0.0,0.0,0,0,4,4,1.0,0,0,0,1,0
95,5,sympy:-4,1,5,1.0,-0.0,1.0,1,5,0.0,3692,0.0,0.0,0.0,0,0,5,5,1.0,0,0,0,1,0
95,6,sympy:-4,1,6,1.0,-0.0,1.0,1,6,0.0,4434,0.0,0.0,0.0,0,0,6,6,1.0,0,0,0,1,0
95,7,sympy:-4,1,7,1.0,-0.0,1.0,1,7,0.0,5309,0.0,0.0,0.0,0,0,7,7,1.0,0,0,0,1,0
95,8,sympy:-4,1,8,1.0,-0.0,1.0,1,8,0.0,6034,0.0,0.0,0.0,0,0,8,8,1.0,0,0,0,1,0
95,9,sympy:-4,1,9,1.0,-0.0,1.0,1,9,0.0,6772,0.0,0.0,0.0,0,0,9,9,1.0,0,0,0,1,0
95,10,sympy:-4,1,10,1.0,-0.0,1.0,1,10,0.0,7477,0.0,0.0,0.0,0,0,10,10,1.0,0,0,0,1,0
95,11,sympy:-4,1,11,1.0,-0.0,1.0,1,11,0.0,8193,0.0,0.0,0.0,0,0,11,11,1.0,0,0,0,1,0
95,12,sympy:-4,1,12,1.0,-0.0,1.0,1,12,0.0,8931,0.0,0.0,0.0,0,0,12,12,1.0,0,0,0,1,0
95,13,sympy:-4,1,13,1.0,-0.0,1.0,1,13,0.0,9568,0.0,0.0,0.0,0,0,13,13,1.0,0,0,0,1,0
95,14,sympy:-4,1,14,1.0,-0.0,1.0,1,14,0.0,10324,0.0,0.0,0.0,0,0,14,14,1.0,0,0,0,1,0
95,15,sympy:-4,1,15,1.0,-0.0,1.0,1,15,0.0,11174,0.0,0.0,0.0,0,0,15,15,1.0,0,0,0,1,0
95,16,sympy:-4,1,16,1.0,-0.0,1.0,1,16,0.0,11916,0.0,0.0,0.0,0,0,16,16,1.0,0,0,0,1,0
96,1,"sympy:{-1, 7}",0,1,1.0,-0.0,1.0,1,1,0.0,957,0.0,0.0,0.0,0,0,1,1,1.0,1,0,0,1,1
96,2,"sympy:{-1, 7}",0,1,1.0,-0.0,1.0,1,2,0.5,1981,0.0,0.0,0.0,0,0,2,1,1.0,1,0,0,1,1
96,3,"sympy:{-1, 7}",0,1,1.0,-0.0,1.0,1,3,0.6666666666666666,3005,0.0,0.0,0.0,0,0,3,1,1.0,1,0,0,1,1
96,4,"sympy:{-1, 7}",0,1,1.0,-0.0,1.0,1,4,0.75,4029,0.0,0.0,0.0,0,0,4,1,0.0,1,0,0,1,1
96,5,"sympy:{-1, 7}",0,1,1.0,-0.0,1.0,1,5,0.8,5053,0.0,0.0,0.0,0,0,5,1,0.0,1,0,0,1,1
96,6,"sympy:{-1, 7}",0,2,0.5,0.6931471805599453,0.0,2,6,0.6666666666666666,5889,-0.5,0.6931471805599453,-1.0,0,0,6,0,0.0,1,0,0,1,1
96,7,"sympy:{-1, 7}",0,2,0.5,0.6931471805599453,0.0,2,7,0.7142857142857143,6913,0.0,0.0,0.0,0,0,7,0,0.0,1,0,0,1,1
96,8,"sympy:{-1, 7}",0,2,0.5,0.6931471805599453,0.0,2,8,0.75,7937,0.0,0.0,0.0,0,0,8,0,0.0,1,0,0,1,1
96,9,"sympy:{-1, 7}",0,2,0.5,0.6931471805599453,0.0,2,9,0.7777777777777778,8961,0.0,0.0,0.0,0,0,9,0,0.0,1,0,0,1,1
96,10,"sympy:{-1, 7}",0,3,0.3333333333333333,1.0986122886681096,0.0,3,10,0.7,9819,-0.16666666666666669,0.4054651081081643,0.0,0,0,10,0,0.0,1,0,0,1,1
96,11,"sympy:{-1, 7}",0,3,0.3333333333333333,1.0986122886681096,0.0,3,11,0.7272727272727273,10843,0.0,0.0,0.0,0,0,11,0,0.0,1,0,0,1,1
96,12,"sympy:{-1, 7}",0,3,0.3333333333333333,1.0986122886681096,0.0,3,12,0.75,11867,0.0,0.0,0.0,0,0,12,0,0.0,1,0,0,1,1
96,13,sympy:2,0,4,0.5,1.0397207708399179,0.25,3,1,0.6923076923076923,12751,0.16666666666666669,-0.058891517828191686,0.25,1,1,12,1,1.0,0,0,0,1,0
96,14,sympy:2,0,4,0.5,1.0397207708399179,0.25,3,2,0.7142857142857143,13775,0.0,0.0,0.0,0,1,12,1,1.0,0,0,0,1,0
96,15,sympy:2,0,4,0.5,1.0397207708399179,0.25,3,3,0.7333333333333333,14799,0.0,0.0,0.0,0,1,12,1,1.0,0,0,0,1,0
96,16,sympy:2,0,5,0.4,1.3321790402101223,0.2,4,4,0.6875,15546,-0.09999999999999998,0.29245826937020447,-0.04999999999999999,0,1,12,1,0.0,0,0,0,1,0
97,1,sympy:E*a*s*t,1,1,1.0,-0.0,1.0,1,1,0.0,1024,0.0,0.0,0.0,0,0,1,1,1.0,0,0,0,1,0
97,2,sympy:E*a*s*t,1,2,1.0,-0.0,1.0,1,2,0.0,1325,0.0,0.0,0.0,0,0,2,2,1.0,0,0,0,1,0
97,3,sympy:E*a*s*t,1,3,1.0,-0.0,1.0,1,3,0.0,1576,0.0,0.0,0.0,0,0,3,3,1.0,0,0,0,1,0
97,4,sympy:E*a*s*t,1,4,1.0,-0.0,1.0,1,4,0.0,1864,0.0,0.0,0.0,0,0,4,4,1.0,0,0,0,1,0
97,5,sympy:E*a*s*t,1,5,1.0,-0.0,1.0,1,5,0.0,2190,0.0,0.0,0.0,0,0,5,5,1.0,0,0,0,1,0
97,6,sympy:E*a*s*t,1,6,1.0,-0.0,1.0,1,6,0.0,2446,0.0,0.0,0.0,0,0,6,6,1.0,0,0,0,1,0
97,7,sympy:E*a*s*t,1,7,1.0,-0.0,1.0,1,7,0.0,2698,0.0,0.0,0.0,0,0,7,7,1.0,0,0,0,1,0
97,8,sympy:E*a*s*t,1,8,1.0,-0.0,1.0,1,8,0.0,2979,0.0,0.0,0.0,0,0,8,8,1.0,0,0,0,1,0
97,9,sympy:E*a*s*t,1,9,1.0,-0.0,1.0,1,9,0.0,3264,0.0,0.0,0.0,0,0,9,9,1.0,0,0,0,1,0
97,10,sympy:E*a*s*t,1,10,1.0,-0.0,1.0,1,10,0.0,3511,0.0,0.0,0.0,0,0,10,10,1.0,0,0,0,1,0
97,11,sympy:E*a*s*t,1,11,1.0,-0.0,1.0,1,11,0.0,4023,0.0,0.0,0.0,0,0,11,11,1.0,0,0,0,1,0
97,12,sympy:E*a*s*t,1,12,1.0,-0.0,1.0,1,12,0.0,4286,0.0,0.0,0.0,0,0,12,12,1.0,0,0,0,1,0
97,13,sympy:E*a*s*t,1,13,1.0,-0.0,1.0,1,13,0.0,4574,0.0,0.0,0.0,0,0,13,13,1.0,0,0,0,1,0
97,14,sympy:E*a*s*t,1,14,1.0,-0.0,1.0,1,14,0.0,4837,0.0,0.0,0.0,0,0,14,14,1.0,0,0,0,1,0
97,15,sympy:E*a*s*t,1,15,1.0,-0.0,1.0,1,15,0.0,5095,0.0,0.0,0.0,0,0,15,15,1.0,0,0,0,1,0
97,16,sympy:E*a*s*t,1,16,1.0,-0.0,1.0,1,16,0.0,5326,0.0,0.0,0.0,0,0,16,16,1.0,0,0,0,1,0
98,1,sympy:2*k + 2,1,1,1.0,-0.0,1.0,1,1,0.0,266,0.0,0.0,0.0,0,0,1,1,1.0,0,0,0,1,0
98,2,sympy:2*k + 2,1,2,1.0,-0.0,1.0,1,2,0.0,497,0.0,0.0,0.0,0,0,2,2,1.0,0,0,0,1,0
98,3,sympy:2*k + 2,1,3,1.0,-0.0,1.0,1,3,0.0,703,0.0,0.0,0.0,0,0,3,3,1.0,0,0,0,1,0
98,4,sympy:2*k + 2,1,4,1.0,-0.0,1.0,1,4,0.0,949,0.0,0.0,0.0,0,0,4,4,1.0,0,0,0,1,0
98,5,sympy:2*k + 2,1,5,1.0,-0.0,1.0,1,5,0.0,1198,0.0,0.0,0.0,0,0,5,5,1.0,0,0,0,1,0
98,6,sympy:2*k + 2,1,6,1.0,-0.0,1.0,1,6,0.0,1446,0.0,0.0,0.0,0,0,6,6,1.0,0,0,0,1,0
98,7,sympy:2*k + 2,1,7,1.0,-0.0,1.0,1,7,0.0,1665,0.0,0.0,0.0,0,0,7,7,1.0,0,0,0,1,0
98,8,sympy:2*k + 2,1,8,1.0,-0.0,1.0,1,8,0.0,1919,0.0,0.0,0.0,0,0,8,8,1.0,0,0,0,1,0
98,9,sympy:2*k + 2,1,9,1.0,-0.0,1.0,1,9,0.0,2170,0.0,0.0,0.0,0,0,9,9,1.0,0,0,0,1,0
98,10,sympy:2*k + 2,1,10,1.0,-0.0,1.0,1,10,0.0,2390,0.0,0.0,0.0,0,0,10,10,1.0,0,0,0,1,0
98,11,sympy:2*k + 2,1,11,1.0,-0.0,1.0,1,11,0.0,2641,0.0,0.0,0.0,0,0,11,11,1.0,0,0,0,1,0
98,12,sympy:2*k + 2,1,12,1.0,-0.0,1.0,1,12,0.0,3665,0.0,0.0,0.0,0,0,12,12,1.0,0,0,0,1,0
98,13,sympy:2*k + 2,1,13,1.0,-0.0,1.0,1,13,0.0,3898,0.0,0.0,0.0,0,0,13,13,1.0,0,0,0,1,0
98,14,sympy:2*k + 2,1,14,1.0,-0.0,1.0,1,14,0.0,4922,0.0,0.0,0.0,0,0,14,14,1.0,0,0,0,1,0
98,15,sympy:2*k + 2,1,15,1.0,-0.0,1.0,1,15,0.0,5122,0.0,0.0,0.0,0,0,15,15,1.0,0,0,0,1,0
98,16,sympy:2*k + 2,1,16,1.0,-0.0,1.0,1,16,0.0,6146,0.0,0.0,0.0,0,0,16,16,1.0,0,0,0,1,0
99,1,,0,0,,,,0,0,1.0,1024,0.0,0.0,0.0,0,0,0,0,0.0,1,0,0,1,1
99,2,"parsed:Matrix([[-1/3], [f*r*a*c*5], [f*r*a*c*8]])",0,1,1.0,-0.0,1.0,1,1,0.5,2036,1.0,-0.0,1.0,0,0,1,1,1.0,0,0,0,1,0
99,3,"parsed:Matrix([[-1/3], [f*r*a*c*5], [f*r*a*c*8]])",0,2,1.0,-0.0,1.0,1,2,0.3333333333333333,2823,0.0,0.0,0.0,0,0,2,2,1.0,0,0,0,1,0
99,4,"parsed:Matrix([[-1/3], [f*r*a*c*5], [f*r*a*c*8]])",0,2,1.0,-0.0,1.0,1,3,0.5,3847,0.0,0.0,0.0,0,0,3,2,1.0,0,0,0,1,0
99,5,"parsed:Matrix([[-1/3], [f*r*a*c*5], [f*r*a*c*8]])",0,3,1.0,-0.0,1.0,1,4,0.4,4781,0.0,0.0,0.0,0,0,4,3,1.0,0,0,0,1,0
99,6,"parsed:Matrix([[-1/3], [f*r*a*c*5], [f*r*a*c*8]])",0,4,1.0,-0.0,1.0,1,5,0.3333333333333333,5630,0.0,0.0,0.0,0,0,5,4,1.0,0,0,0,1,0
99,7,"parsed:Matrix([[-1/3], [f*r*a*c*5], [f*r*a*c*8]])",0,4,1.0,-0.0,1.0,1,6,0.42857142857142855,6654,0.0,0.0,0.0,0,0,6,4,1.0,0,0,0,1,0
99,8,"parsed:Matrix([[-1/3], [f*r*a*c*5], [f*r*a*c*8]])",0,5,1.0,-0.0,1.0,1,7,0.375,7386,0.0,0.0,0.0,0,0,7,5,1.0,0,0,0,1,0
99,9,"parsed:Matrix([[-1/3], [f*r*a*c*5], [f*r*a*c*8]])",0,5,1.0,-0.0,1.0,1,8,0.4444444444444444,8410,0.0,0.0,0.0,0,0,8,5,1.0,0,0,0,1,0
99,10,"parsed:Matrix([[-1/3], [f*r*a*c*5], [f*r*a*c*8]])",0,6,1.0,-0.0,1.0,1,9,0.4,9195,0.0,0.0,0.0,0,0,9,6,1.0,0,0,0,1,0
99,11,"parsed:Matrix([[-1/3], [f*r*a*c*5], [f*r*a*c*8]])",0,6,1.0,-0.0,1.0,1,10,0.45454545454545453,10219,0.0,0.0,0.0,0,0,10,6,1.0,0,0,0,1,0
99,12,"parsed:Matrix([[-1/3], [f*r*a*c*5], [f*r*a*c*8]])",0,7,1.0,-0.0,1.0,1,11,0.4166666666666667,11228,0.0,0.0,0.0,0,0,11,7,1.0,0,0,0,1,0
99,13,"parsed:Matrix([[-1/3], [f*r*a*c*5], [f*r*a*c*8]])",0,8,1.0,-0.0,1.0,1,12,0.38461538461538464,12187,0.0,0.0,0.0,0,0,12,8,1.0,0,0,0,1,0
99,14,"parsed:Matrix([[-1/3], [f*r*a*c*5], [f*r*a*c*8]])",0,8,1.0,-0.0,1.0,1,13,0.42857142857142855,13211,0.0,0.0,0.0,0,0,13,8,1.0,0,0,0,1,0
99,15,"parsed:Matrix([[-1/3], [f*r*a*c*5], [f*r*a*c*8]])",0,9,1.0,-0.0,1.0,1,14,0.4,14134,0.0,0.0,0.0,0,0,14,9,1.0,0,0,0,1,0
99,16,"parsed:Matrix([[-1/3], [f*r*a*c*5], [f*r*a*c*8]])",0,10,1.0,-0.0,1.0,1,15,0.375,14886,0.0,0.0,0.0,0,0,15,10,1.0,0,0,0,1,0
100,1,sympy:15,0,1,1.0,-0.0,1.0,1,1,0.0,302,0.0,0.0,0.0,0,0,1,1,1.0,1,0,0,1,1
100,2,sympy:15,0,2,0.5,0.6931471805599453,0.0,2,2,0.0,1216,-0.5,0.6931471805599453,-1.0,0,0,2,0,0.5,1,0,0,1,1
100,3,sympy:15,0,2,0.5,0.6931471805599453,0.0,2,3,0.3333333333333333,2240,0.0,0.0,0.0,0,0,3,0,0.5,1,0,0,1,1
100,4,sympy:15,0,3,0.3333333333333333,1.0986122886681096,0.0,3,4,0.25,2761,-0.16666666666666669,0.4054651081081643,0.0,0,0,4,0,0.0,1,0,0,1,1
100,5,sympy:15,0,4,0.25,1.3862943611198906,0.0,4,5,0.2,3167,-0.08333333333333331,0.287682072451781,0.0,0,0,5,0,0.0,1,0,0,1,1
100,6,sympy:15,0,5,0.2,1.6094379124341005,0.0,5,6,0.16666666666666666,3897,-0.04999999999999999,0.22314355131420993,0.0,0,0,6,0,0.0,1,0,0,1,1
100,7,sympy:15,0,5,0.2,1.6094379124341005,0.0,5,7,0.2857142857142857,4921,0.0,0.0,0.0,0,0,7,0,0.0,1,0,0,1,1
100,8,sympy:155,0,6,0.3333333333333333,1.5607104090414063,0.16666666666666666,5,1,0.25,5615,0.1333333333333333,-0.04872750339269416,0.16666666666666666,1,1,7,1,0.5,0,0,0,1,0
100,9,sympy:155,0,7,0.2857142857142857,1.7478680974667573,0.14285714285714285,6,2,0.2222222222222222,6193,-0.047619047619047616,0.18715768842535097,-0.023809523809523808,0,1,7,1,0.5,0,0,0,1,0
100,10,sympy:155,0,8,0.25,1.9061547465398494,0.125,7,3,0.2,6809,-0.0357142857142857,0.1582866490730921,-0.01785714285714285,0,1,7,1,0.3333333333333333,0,0,0,1,0
100,11,sympy:155,0,9,0.2222222222222222,2.0431918705451206,0.1111111111111111,8,4,0.18181818181818182,7379,-0.02777777777777779,0.13703712400527124,-0.013888888888888895,0,1,7,1,0.0,0,0,0,1,0
100,12,sympy:155,0,10,0.2,2.1639556568820564,0.1,9,5,0.16666666666666666,7755,-0.0222222222222222,0.12076378633693574,-0.0111111111111111,0,1,7,1,0.0,0,0,0,1,0
100,13,sympy:155,0,11,0.2727272727272727,2.0982737395252498,0.18181818181818182,9,6,0.15384615384615385,8166,0.0727272727272727,-0.06568191735680662,0.08181818181818182,0,1,7,2,0.3333333333333333,0,0,0,1,0
100,14,sympy:155,0,12,0.25,2.0947290475276485,0.08333333333333333,9,7,0.14285714285714285,8880,-0.022727272727272707,-0.0035446919976012126,-0.0984848484848485,0,1,7,1,0.3333333333333333,0,0,0,1,0
100,15,sympy:155,0,13,0.23076923076923078,2.0578975319224093,0.0,9,8,0.13333333333333333,9505,-0.019230769230769218,-0.03683151560523923,-0.08333333333333333,0,1,8,0,0.3333333333333333,0,0,0,1,0
100,16,sympy:155,0,14,0.21428571428571427,2.16822349161464,0.0,10,9,0.125,10169,-0.016483516483516508,0.11032595969223058,0.0,0,1,9,0,0.0,0,0,0,1,0
101,1,sympy:1,0,1,1.0,-0.0,1.0,1,1,0.0,873,0.0,0.0,0.0,0,0,1,1,1.0,0,0,0,1,0
101,2,sympy:1,0,1,1.0,-0.0,1.0,1,2,0.5,1897,0.0,0.0,0.0,0,0,2,1,1.0,0,0,0,1,0
101,3,sympy:1,0,1,1.0,-0.0,1.0,1,3,0.6666666666666666,2921,0.0,0.0,0.0,0,0,3,1,1.0,0,0,0,1,0
101,4,sympy:1,0,1,1.0,-0.0,1.0,1,4,0.75,3945,0.0,0.0,0.0,0,0,4,1,0.0,0,0,0,1,0
101,5,sympy:1,0,1,1.0,-0.0,1.0,1,5,0.8,4969,0.0,0.0,0.0,0,0,5,1,0.0,0,0,0,1,0
101,6,sympy:1,0,1,1.0,-0.0,1.0,1,6,0.8333333333333334,5993,0.0,0.0,0.0,0,0,6,1,0.0,0,0,0,1,0
101,7,sympy:1,0,2,0.5,0.6931471805599453,0.0,2,7,0.7142857142857143,6941,-0.5,0.6931471805599453,-1.0,0,0,7,0,0.0,0,0,0,1,0
101,8,sympy:1,0,3,0.3333333333333333,1.0986122886681096,0.0,3,8,0.625,7891,-0.16666666666666669,0.4054651081081643,0.0,0,0,8,0,0.0,0,0,0,1,0
101,9,sympy:1,0,3,0.3333333333333333,1.0986122886681096,0.0,3,9,0.6666666666666666,8915,0.0,0.0,0.0,0,0,9,0,0.0,0,0,0,1,0
101,10,sympy:1,0,3,0.3333333333333333,1.0986122886681096,0.0,3,10,0.7,9939,0.0,0.0,0.0,0,0,10,0,0.0,0,0,0,1,0
101,11,sympy:1,0,3,0.3333333333333333,1.0986122886681096,0.0,3,11,0.7272727272727273,10963,0.0,0.0,0.0,0,0,11,0,0.0,0,0,0,1,0
101,12,sympy:1,0,3,0.3333333333333333,1.0986122886681096,0.0,3,12,0.75,11987,0.0,0.0,0.0,0,0,12,0,0.0,0,0,0,1,0
101,13,sympy:1,0,3,0.3333333333333333,1.0986122886681096,0.0,3,13,0.7692307692307693,13011,0.0,0.0,0.0,0,0,13,0,0.0,0,0,0,1,0
101,14,sympy:1,0,3,0.3333333333333333,1.0986122886681096,0.0,3,14,0.7857142857142857,14035,0.0,0.0,0.0,0,0,14,0,0.0,0,0,0,1,0
101,15,sympy:1,0,3,0.3333333333333333,1.0986122886681096,0.0,3,15,0.8,15059,0.0,0.0,0.0,0,0,15,0,0.0,0,0,0,1,0
101,16,sympy:1,0,3,0.3333333333333333,1.0986122886681096,0.0,3,16,0.8125,16083,0.0,0.0,0.0,0,0,16,0,0.0,0,0,0,1,0
102,1,sympy:(a + 5)*(b + 2),1,1,1.0,-0.0,1.0,1,1,0.0,288,0.0,0.0,0.0,0,0,1,1,1.0,0,0,0,1,0
102,2,sympy:(a + 5)*(b + 2),1,2,1.0,-0.0,1.0,1,2,0.0,604,0.0,0.0,0.0,0,0,2,2,1.0,0,0,0,1,0
102,3,sympy:(a + 5)*(b + 2),1,3,1.0,-0.0,1.0,1,3,0.0,953,0.0,0.0,0.0,0,0,3,3,1.0,0,0,0,1,0
102,4,sympy:(a + 5)*(b + 2),1,4,1.0,-0.0,1.0,1,4,0.0,1289,0.0,0.0,0.0,0,0,4,4,1.0,0,0,0,1,0
102,5,sympy:(a + 5)*(b + 2),1,5,1.0,-0.0,1.0,1,5,0.0,1607,0.0,0.0,0.0,0,0,5,5,1.0,0,0,0,1,0
102,6,sympy:(a + 5)*(b + 2),1,6,1.0,-0.0,1.0,1,6,0.0,1923,0.0,0.0,0.0,0,0,6,6,1.0,0,0,0,1,0
102,7,sympy:(a + 5)*(b + 2),1,7,1.0,-0.0,1.0,1,7,0.0,2256,0.0,0.0,0.0,0,0,7,7,1.0,0,0,0,1,0
102,8,sympy:(a + 5)*(b + 2),1,8,1.0,-0.0,1.0,1,8,0.0,2570,0.0,0.0,0.0,0,0,8,8,1.0,0,0,0,1,0
102,9,sympy:(a + 5)*(b + 2),1,9,1.0,-0.0,1.0,1,9,0.0,2884,0.0,0.0,0.0,0,0,9,9,1.0,0,0,0,1,0
102,10,sympy:(a + 5)*(b + 2),1,10,1.0,-0.0,1.0,1,10,0.0,3214,0.0,0.0,0.0,0,0,10,10,1.0,0,0,0,1,0
102,11,sympy:(a + 5)*(b + 2),1,11,1.0,-0.0,1.0,1,11,0.0,3517,0.0,0.0,0.0,0,0,11,11,1.0,0,0,0,1,0
102,12,sympy:(a + 5)*(b + 2),1,12,1.0,-0.0,1.0,1,12,0.0,3848,0.0,0.0,0.0,0,0,12,12,1.0,0,0,0,1,0
102,13,sympy:(a + 5)*(b + 2),1,13,1.0,-0.0,1.0,1,13,0.0,4174,0.0,0.0,0.0,0,0,13,13,1.0,0,0,0,1,0
102,14,sympy:(a + 5)*(b + 2),1,14,1.0,-0.0,1.0,1,14,0.0,4497,0.0,0.0,0.0,0,0,14,14,1.0,0,0,0,1,0
102,15,sympy:(a + 5)*(b + 2),1,15,1.0,-0.0,1.0,1,15,0.0,4827,0.0,0.0,0.0,0,0,15,15,1.0,0,0,0,1,0
102,16,sympy:(a + 5)*(b + 2),1,16,1.0,-0.0,1.0,1,16,0.0,5851,0.0,0.0,0.0,0,0,16,16,1.0,0,0,0,1,0
103,1,,0,0,,,,0,0,1.0,1024,0.0,0.0,0.0,0,0,0,0,0.0,1,0,0,1,1
103,2,sympy:2,0,1,1.0,-0.0,1.0,1,1,0.5,2000,1.0,-0.0,1.0,0,0,1,1,1.0,1,0,0,1,1
103,3,sympy:2,0,1,1.0,-0.0,1.0,1,2,0.6666666666666666,3024,0.0,0.0,0.0,0,0,2,1,1.0,1,0,0,1,1
103,4,sympy:2,0,2,1.0,-0.0,1.0,1,3,0.5,3954,0.0,0.0,0.0,0,0,3,2,1.0,1,0,0,1,1
103,5,sympy:2,0,3,0.6666666666666666,0.6365141682948128,0.3333333333333333,2,4,0.4,4734,-0.33333333333333337,0.6365141682948128,-0.6666666666666667,0,0,4,1,0.5,1,0,0,1,1
103,6,sympy:2,0,3,0.6666666666666666,0.6365141682948128,0.3333333333333333,2,5,0.5,5758,0.0,0.0,0.0,0,0,5,1,0.5,1,0,0,1,1
103,7,sympy:2,0,3,0.6666666666666666,0.6365141682948128,0.3333333333333333,2,6,0.5714285714285714,6782,0.0,0.0,0.0,0,0,6,1,0.0,1,0,0,1,1
103,8,sympy:2,0,3,0.6666666666666666,0.6365141682948128,0.3333333333333333,2,7,0.625,7806,0.0,0.0,0.0,0,0,7,1,0.0,1,0,0,1,1
103,9,sympy:2,0,4,0.5,0.6931471805599453,0.0,2,8,0.5555555555555556,8812,-0.16666666666666663,0.05663301226513251,-0.3333333333333333,0,0,8,0,0.0,1,0,0,1,1
103,10,sympy:2,0,5,0.4,1.0549201679861442,0.0,3,9,0.5,9799,-0.09999999999999998,0.3617729874261989,0.0,0,0,9,0,0.0,1,0,0,1,1
103,11,sympy:2,0,5,0.4,1.0549201679861442,0.0,3,10,0.5454545454545454,10823,0.0,0.0,0.0,0,0,10,0,0.0,1,0,0,1,1
103,12,sympy:2,0,6,0.3333333333333333,1.3296613488547582,0.0,4,11,0.5,11799,-0.06666666666666671,0.274741180868614,0.0,0,0,11,0,0.0,1,0,0,1,1
103,13,"sympy:Interval.open(1, 4)",0,7,0.42857142857142855,1.277034259466139,0.14285714285714285,4,1,0.46153846153846156,12823,0.09523809523809523,-0.05262708938861915,0.14285714285714285,1,1,11,1,0.5,0,0,0,1,0
103,14,"sympy:Interval.open(1, 4)",0,7,0.42857142857142855,1.277034259466139,0.14285714285714285,4,2,0.5,13847,0.0,0.0,0.0,0,1,11,1,0.5,0,0,0,1,0
103,15,"sympy:Interval.open(1, 4)",0,7,0.42857142857142855,1.277034259466139,0.14285714285714285,4,3,0.5333333333333333,14871,0.0,0.0,0.0,0,1,11,1,1.0,0,0,0,1,0
103,16,"sympy:Interval.open(1, 4)",0,7,0.42857142857142855,1.277034259466139,0.14285714285714285,4,4,0.5625,15895,0.0,0.0,0.0,0,1,11,1,0.0,0,0,0,1,0
104,1,sympy:36,0,1,1.0,-0.0,1.0,1,1,0.0,671,0.0,0.0,0.0,0,0,1,1,1.0,0,0,0,1,0
104,2,sympy:36,0,2,1.0,-0.0,1.0,1,2,0.0,1331,0.0,0.0,0.0,0,0,2,2,1.0,0,0,0,1,0
104,3,sympy:36,0,3,0.6666666666666666,0.6365141682948128,0.3333333333333333,2,3,0.0,2023,-0.33333333333333337,0.6365141682948128,-0.6666666666666667,0,0,3,1,0.6666666666666666,0,0,0,1,0
104,4,sympy:36,0,4,0.5,1.0397207708399179,0.25,3,4,0.0,2549,-0.16666666666666663,0.4032066025451051,-0.08333333333333331,0,0,4,1,0.3333333333333333,0,0,0,1,0
104,5,sympy:36,0,5,0.6,0.9502705392332347,0.4,3,5,0.0,3253,0.09999999999999998,-0.0894502316066832,0.15000000000000002,0,0,5,2,0.3333333333333333,0,0,0,1,0
104,6,sympy:36,0,6,0.6666666666666666,0.8675632284814612,0.5,3,6,0.0,3777,0.06666666666666665,-0.08270731075177351,0.09999999999999998,0,0,6,3,0.6666666666666666,0,0,0,1,0
104,7,sympy:36,0,7,0.7142857142857143,0.796311640173813,0.5714285714285714,3,7,0.0,4431,0.04761904761904767,-0.07125158830764822,0.0714285714285714,0,0,7,4,1.0,0,0,0,1,0
104,8,sympy:36,0,7,0.7142857142857143,0.796311640173813,0.5714285714285714,3,8,0.125,5455,0.0,0.0,0.0,0,0,8,4,1.0,0,0,0,1,0
104,9,sympy:36,0,8,0.625,1.073542846408523,0.5,4,9,0.1111111111111111,6067,-0.0892857142857143,0.2772312062347101,-0.0714285714285714,0,0,9,4,0.5,0,0,0,1,0
104,10,sympy:36,0,9,0.5555555555555556,1.303092403761719,0.4444444444444444,5,10,0.1,6948,-0.06944444444444442,0.22954955735319604,-0.05555555555555558,0,0,10,4,0.0,0,0,0,1,0
104,11,sympy:36,0,10,0.5,1.4978661367769954,0.4,6,11,0.09090909090909091,7684,-0.05555555555555558,0.19477373301527634,-0.0444444444444444,0,0,11,4,0.0,0,0,0,1,0
104,12,sympy:36,0,11,0.5454545454545454,1.4205719259467042,0.45454545454545453,6,12,0.08333333333333333,8300,0.045454545454545414,-0.0772942108302912,0.05454545454545451,0,0,12,5,0.3333333333333333,0,0,0,1,0
104,13,sympy:36,0,12,0.5,1.5890269151739729,0.4166666666666667,7,13,0.07692307692307693,8990,-0.045454545454545414,0.16845498922726865,-0.037878787878787845,0,0,13,5,0.3333333333333333,0,0,0,1,0
104,14,sympy:36,0,13,0.46153846153846156,1.73798344858705,0.38461538461538464,8,14,0.07142857142857142,9712,-0.038461538461538436,0.14895653341307713,-0.03205128205128205,0,0,14,5,0.3333333333333333,0,0,0,1,0
104,15,sympy:36,0,14,0.5,1.666102255087602,0.42857142857142855,8,15,0.06666666666666667,10736,0.038461538461538436,-0.0718811934994481,0.04395604395604391,0,0,15,6,0.3333333333333333,0,0,0,1,0
104,16,sympy:36,0,15,0.4666666666666667,1.7999587982097305,0.4,9,16,0.0625,11403,-0.033333333333333326,0.13385654312212858,-0.028571428571428525,0,0,16,6,0.3333333333333333,0,0,0,1,0
105,1,sympy:15,0,1,1.0,-0.0,1.0,1,1,0.0,406,0.0,0.0,0.0,0,0,1,1,1.0,1,0,0,1,1
105,2,sympy:15,0,2,0.5,0.6931471805599453,0.0,2,2,0.0,747,-0.5,0.6931471805599453,-1.0,0,0,2,0,0.5,1,0,0,1,1
105,3,sympy:15,0,3,0.3333333333333333,1.0986122886681096,0.0,3,3,0.0,1101,-0.16666666666666669,0.4054651081081643,0.0,0,0,3,0,0.3333333333333333,1,0,0,1,1
105,4,sympy:15,0,4,0.25,1.3862943611198906,0.0,4,4,0.0,1455,-0.08333333333333331,0.287682072451781,0.0,0,0,4,0,0.0,1,0,0,1,1
105,5,sympy:16,0,5,0.4,1.3321790402101223,0.2,4,1,0.0,1771,0.15000000000000002,-0.05411532090976823,0.2,1,1,4,1,0.6666666666666666,1,0,0,1,1
105,6,sympy:15.5000000000000,0,6,0.3333333333333333,1.3296613488547582,0.0,4,1,0.0,2070,-0.06666666666666671,-0.002517691355364171,-0.2,1,2,4,0,0.3333333333333333,0,0,0,1,0
105,7,sympy:15.5000000000000,0,7,0.2857142857142857,1.5498260458782016,0.0,5,2,0.0,2360,-0.047619047619047616,0.22016469702344343,0.0,0,2,4,0,0.3333333333333333,0,0,0,1,0
105,8,sympy:15.5000000000000,0,8,0.375,1.4941751382893083,0.125,5,3,0.0,2655,0.0892857142857143,-0.05565090758889335,0.125,0,2,4,1,0.6666666666666666,0,0,0,1,0
105,9,sympy:15.5000000000000,0,9,0.3333333333333333,1.6769877743224173,0.1111111111111111,6,4,0.0,3070,-0.041666666666666685,0.18281263603310904,-0.013888888888888895,0,2,4,1,0.3333333333333333,0,0,0,1,0
105,10,sympy:15.5000000000000,0,10,0.3,1.6434177197931799,0.0,6,5,0.0,3373,-0.033333333333333326,-0.03357005452923745,-0.1111111111111111,0,2,5,0,0.3333333333333333,0,0,0,1,0
105,11,sympy:15.5000000000000,0,11,0.36363636363636365,1.5941666991180168,0.09090909090909091,6,6,0.0,3676,0.06363636363636366,-0.04925102067516307,0.09090909090909091,0,2,6,1,0.3333333333333333,0,0,0,1,0
105,12,sympy:15.5000000000000,0,12,0.3333333333333333,1.748155457247676,0.08333333333333333,7,7,0.0,3990,-0.03030303030303033,0.1539887581296593,-0.007575757575757583,0,2,7,1,0.3333333333333333,0,0,0,1,0
105,13,sympy:15.5000000000000,0,13,0.38461538461538464,1.69240886298655,0.15384615384615385,7,8,0.0,4311,0.05128205128205132,-0.05574659426112616,0.07051282051282053,0,2,8,2,0.6666666666666666,0,0,0,1,0
105,14,sympy:15.5000000000000,0,14,0.42857142857142855,1.6357434952314973,0.21428571428571427,7,9,0.0,4674,0.04395604395604391,-0.0566653677550526,0.06043956043956042,0,2,9,3,0.6666666666666666,0,0,0,1,0
105,15,sympy:15.5000000000000,0,15,0.4,1.771623955677366,0.2,8,10,0.0,4993,-0.028571428571428525,0.13588046044586877,-0.014285714285714263,0,2,10,3,0.6666666666666666,0,0,0,1,0
105,16,sympy:15.5000000000000,0,16,0.375,1.89468911715399,0.1875,9,11,0.0,5286,-0.025000000000000022,0.12306516147662383,-0.012500000000000011,0,2,11,3,0.3333333333333333,0,0,0,1,0
106,1,sympy:4/3,1,1,1.0,-0.0,1.0,1,1,0.0,346,0.0,0.0,0.0,0,0,1,1,1.0,0,0,0,1,0
106,2,sympy:4/3,1,2,1.0,-0.0,1.0,1,2,0.0,633,0.0,0.0,0.0,0,0,2,2,1.0,0,0,0,1,0
106,3,sympy:4/3,1,3,1.0,-0.0,1.0,1,3,0.0,996,0.0,0.0,0.0,0,0,3,3,1.0,0,0,0,1,0
106,4,sympy:4/3,1,4,1.0,-0.0,1.0,1,4,0.0,1378,0.0,0.0,0.0,0,0,4,4,1.0,0,0,0,1,0
106,5,sympy:4/3,1,5,1.0,-0.0,1.0,1,5,0.0,1657,0.0,0.0,0.0,0,0,5,5,1.0,0,0,0,1,0
106,6,sympy:4/3,1,6,1.0,-0.0,1.0,1,6,0.0,1999,0.0,0.0,0.0,0,0,6,6,1.0,0,0,0,1,0
106,7,sympy:4/3,1,7,1.0,-0.0,1.0,1,7,0.0,2380,0.0,0.0,0.0,0,0,7,7,1.0,0,0,0,1,0
106,8,sympy:4/3,1,8,1.0,-0.0,1.0,1,8,0.0,2737,0.0,0.0,0.0,0,0,8,8,1.0,0,0,0,1,0
106,9,sympy:4/3,1,9,1.0,-0.0,1.0,1,9,0.0,3028,0.0,0.0,0.0,0,0,9,9,1.0,0,0,0,1,0
106,10,sympy:4/3,1,10,1.0,-0.0,1.0,1,10,0.0,3337,0.0,0.0,0.0,0,0,10,10,1.0,0,0,0,1,0
106,11,sympy:4/3,1,11,1.0,-0.0,1.0,1,11,0.0,3718,0.0,0.0,0.0,0,0,11,11,1.0,0,0,0,1,0
106,12,sympy:4/3,1,12,1.0,-0.0,1.0,1,12,0.0,4046,0.0,0.0,0.0,0,0,12,12,1.0,0,0,0,1,0
106,13,sympy:4/3,1,13,1.0,-0.0,1.0,1,13,0.0,4351,0.0,0.0,0.0,0,0,13,13,1.0,0,0,0,1,0
106,14,sympy:4/3,1,14,1.0,-0.0,1.0,1,14,0.0,4612,0.0,0.0,0.0,0,0,14,14,1.0,0,0,0,1,0
106,15,sympy:4/3,1,15,1.0,-0.0,1.0,1,15,0.0,4988,0.0,0.0,0.0,0,0,15,15,1.0,0,0,0,1,0
106,16,sympy:4/3,1,16,1.0,-0.0,1.0,1,16,0.0,5266,0.0,0.0,0.0,0,0,16,16,1.0,0,0,0,1,0
107,1,sympy:9,1,1,1.0,-0.0,1.0,1,1,0.0,502,0.0,0.0,0.0,0,0,1,1,1.0,0,0,0,1,0
107,2,sympy:9,1,2,0.5,0.6931471805599453,0.0,2,2,0.0,845,-0.5,0.6931471805599453,-1.0,0,0,2,0,0.5,0,0,0,1,0
107,3,sympy:9,1,3,0.6666666666666666,0.6365141682948128,0.3333333333333333,2,3,0.0,1302,0.16666666666666663,-0.05663301226513251,0.3333333333333333,0,0,3,1,0.6666666666666666,0,0,0,1,0
107,4,sympy:9,1,4,0.75,0.5623351446188083,0.5,2,4,0.0,1716,0.08333333333333337,-0.07417902367600449,0.16666666666666669,0,0,4,2,0.6666666666666666,0,0,0,1,0
107,5,sympy:9,1,5,0.8,0.5004024235381879,0.6,2,5,0.0,2248,0.050000000000000044,-0.06193272108062042,0.09999999999999998,0,0,5,3,1.0,0,0,0,1,0
107,6,sympy:9,1,6,0.8333333333333334,0.45056120886630463,0.6666666666666666,2,6,0.0,2660,0.033333333333333326,-0.04984121467188324,0.06666666666666665,0,0,6,4,1.0,0,0,0,1,0
107,7,sympy:9,1,7,0.8571428571428571,0.410116318288409,0.7142857142857143,2,7,0.0,3087,0.023809523809523725,-0.04044489057789563,0.04761904761904767,0,0,7,5,1.0,0,0,0,1,0
107,8,sympy:9,1,8,0.875,0.37677016125643675,0.75,2,8,0.0,3480,0.017857142857142905,-0.033346157031972246,0.0357142857142857,0,0,8,6,1.0,0,0,0,1,0
107,9,sympy:9,1,9,0.8888888888888888,0.34883209584303193,0.7777777777777778,2,9,0.0,3766,0.01388888888888884,-0.027938065413404822,0.02777777777777779,0,0,9,7,1.0,0,0,0,1,0
107,10,sympy:9,1,10,0.9,0.3250829733914482,0.8,2,10,0.0,4170,0.011111111111111183,-0.023749122451583726,0.022222222222222254,0,0,10,8,1.0,0,0,0,1,0
107,11,sympy:9,1,11,0.9090909090909091,0.30463609734923813,0.8181818181818182,2,11,0.0,4589,0.009090909090909038,-0.02044687604221007,0.018181818181818188,0,0,11,9,1.0,0,0,0,1,0
107,12,sympy:9,1,12,0.9166666666666666,0.2868359830561607,0.8333333333333334,2,12,0.0,5009,0.007575757575757569,-0.01780011429307743,0.015151515151515138,0,0,12,10,1.0,0,0,0,1,0
107,13,sympy:9,1,13,0.9230769230769231,0.2711893730418441,0.8461538461538461,2,13,0.0,5459,0.0064102564102564985,-0.01564661001431661,0.012820512820512775,0,0,13,11,1.0,0,0,0,1,0
107,14,sympy:9,1,14,0.9285714285714286,0.25731864054383163,0.8571428571428571,2,14,0.0,5928,0.005494505494505475,-0.013870732498012461,0.01098901098901095,0,0,14,12,1.0,0,0,0,1,0
107,15,sympy:9,1,15,0.9333333333333333,0.24493002679463532,0.8666666666666667,2,15,0.0,6320,0.004761904761904745,-0.012388613749196309,0.009523809523809601,0,0,15,13,1.0,0,0,0,1,0
107,16,sympy:9,1,16,0.9375,0.2337916587064593,0.875,2,16,0.0,6709,0.004166666666666652,-0.011138368088176032,0.008333333333333304,0,0,16,14,1.0,0,0,0,1,0
108,1,sympy:2,1,1,1.0,-0.0,1.0,1,1,0.0,660,0.0,0.0,0.0,0,0,1,1,1.0,0,0,0,1,0
108,2,sympy:2,1,2,0.5,0.6931471805599453,0.0,2,2,0.0,1548,-0.5,0.6931471805599453,-1.0,0,0,2,0,0.5,0,0,0,1,0
108,3,sympy:2,1,3,0.6666666666666666,0.6365141682948128,0.3333333333333333,2,3,0.0,2235,0.16666666666666663,-0.05663301226513251,0.3333333333333333,0,0,3,1,0.6666666666666666,0,0,0,1,0
108,4,sympy:2,1,4,0.75,0.5623351446188083,0.5,2,4,0.0,2946,0.08333333333333337,-0.07417902367600449,0.16666666666666669,0,0,4,2,0.6666666666666666,0,0,0,1,0
108,5,sympy:2,1,5,0.6,0.9502705392332347,0.4,3,5,0.0,3964,-0.15000000000000002,0.3879353946144264,-0.09999999999999998,0,0,5,2,0.6666666666666666,0,0,0,1,0
108,6,sympy:2,1,6,0.6666666666666666,0.8675632284814612,0.5,3,6,0.0,4624,0.06666666666666665,-0.08270731075177351,0.09999999999999998,0,0,6,3,0.6666666666666666,0,0,0,1,0
108,7,sympy:2,1,7,0.7142857142857143,0.796311640173813,0.5714285714285714,3,7,0.0,5158,0.04761904761904767,-0.07125158830764822,0.0714285714285714,0,0,7,4,0.6666666666666666,0,0,0,1,0
108,8,sympy:2,1,7,0.7142857142857143,0.796311640173813,0.5714285714285714,3,8,0.125,6182,0.0,0.0,0.0,0,0,8,4,1.0,0,0,0,1,0
108,9,sympy:2,1,8,0.625,0.9002560512685369,0.375,3,9,0.1111111111111111,7053,-0.0892857142857143,0.10394441109472397,-0.1964285714285714,0,0,9,3,0.5,0,0,0,1,0
108,10,sympy:2,1,9,0.6666666666666666,0.8486855577264172,0.4444444444444444,3,10,0.1,7796,0.04166666666666663,-0.05157049354211973,0.06944444444444442,0,0,10,4,0.5,0,0,0,1,0
108,11,sympy:2,1,10,0.7,0.8018185525433373,0.5,3,11,0.09090909090909091,8546,0.033333333333333326,-0.046867005183079846,0.05555555555555558,0,0,11,5,0.6666666666666666,0,0,0,1,0
108,12,sympy:2,1,11,0.7272727272727273,0.7595473914748635,0.5454545454545454,3,12,0.08333333333333333,9389,0.027272727272727337,-0.04227116106847384,0.045454545454545414,0,0,12,6,1.0,0,0,0,1,0
108,13,sympy:2,1,11,0.7272727272727273,0.7595473914748635,0.5454545454545454,3,13,0.15384615384615385,10413,0.0,0.0,0.0,0,0,13,6,1.0,0,0,0,1,0
108,14,sympy:2,1,12,0.75,0.7214636866925115,0.5833333333333334,3,14,0.14285714285714285,11147,0.022727272727272707,-0.03808370478235201,0.037878787878787956,0,0,14,7,1.0,0,0,0,1,0
108,15,sympy:2,1,12,0.75,0.7214636866925115,0.5833333333333334,3,15,0.2,12171,0.0,0.0,0.0,0,0,15,7,1.0,0,0,0,1,0
108,16,sympy:2,1,12,0.75,0.7214636866925115,0.5833333333333334,3,16,0.25,13195,0.0,0.0,0.0,0,0,16,7,1.0,0,0,0,1,0
109,1,,0,0,,,,0,0,1.0,1024,0.0,0.0,0.0,0,0,0,0,0.0,1,0,0,1,1
109,2,,0,0,,,,0,0,1.0,2048,0.0,0.0,0.0,0,0,0,0,0.0,1,0,0,1,1
109,3,,0,0,,,,0,0,1.0,3072,0.0,0.0,0.0,0,0,0,0,0.0,1,0,0,1,1
109,4,,0,0,,,,0,0,1.0,4096,0.0,0.0,0.0,0,0,0,0,0.0,1,0,0,1,1
109,5,sympy:65,0,1,1.0,-0.0,1.0,1,1,0.8,4889,1.0,-0.0,1.0,0,0,1,1,1.0,0,0,0,1,0
109,6,sympy:65,0,1,1.0,-0.0,1.0,1,2,0.8333333333333334,5913,0.0,0.0,0.0,0,0,2,1,1.0,0,0,0,1,0
109,7,sympy:65,0,2,0.5,0.6931471805599453,0.0,2,3,0.7142857142857143,6686,-0.5,0.6931471805599453,-1.0,0,0,3,0,0.5,0,0,0,1,0
109,8,sympy:65,0,3,0.3333333333333333,1.0986122886681096,0.0,3,4,0.625,7298,-0.16666666666666669,0.4054651081081643,0.0,0,0,4,0,0.0,0,0,0,1,0
109,9,sympy:65,0,4,0.25,1.3862943611198906,0.0,4,5,0.5555555555555556,8217,-0.08333333333333331,0.287682072451781,0.0,0,0,5,0,0.0,0,0,0,1,0
109,10,sympy:65,0,5,0.2,1.6094379124341005,0.0,5,6,0.5,9110,-0.04999999999999999,0.22314355131420993,0.0,0,0,6,0,0.0,0,0,0,1,0
109,11,sympy:65,0,6,0.3333333333333333,1.5607104090414063,0.16666666666666666,5,7,0.45454545454545453,10111,0.1333333333333333,-0.04872750339269416,0.16666666666666666,0,0,7,1,0.3333333333333333,0,0,0,1,0
109,12,sympy:65,0,6,0.3333333333333333,1.5607104090414063,0.16666666666666666,5,8,0.5,11135,0.0,0.0,0.0,0,0,8,1,0.5,0,0,0,1,0
109,13,sympy:65,0,7,0.2857142857142857,1.5498260458782016,0.0,5,9,0.46153846153846156,11926,-0.047619047619047616,-0.010884363163204736,-0.16666666666666666,0,0,9,0,0.5,0,0,0,1,0
109,14,sympy:65,0,7,0.2857142857142857,1.5498260458782016,0.0,5,10,0.5,12950,0.0,0.0,0.0,0,0,10,0,0.0,0,0,0,1,0
109,15,sympy:65,0,7,0.2857142857142857,1.5498260458782016,0.0,5,11,0.5333333333333333,13974,0.0,0.0,0.0,0,0,11,0,0.0,0,0,0,1,0
109,16,sympy:65,0,7,0.2857142857142857,1.5498260458782016,0.0,5,12,0.5625,14998,0.0,0.0,0.0,0,0,12,0,0.0,0,0,0,1,0
110,1,,0,0,,,,0,0,1.0,1024,0.0,0.0,0.0,0,0,0,0,0.0,1,0,0,1,1
110,2,,0,0,,,,0,0,1.0,2048,0.0,0.0,0.0,0,0,0,0,0.0,1,0,0,1,1
110,3,,0,0,,,,0,0,1.0,3072,0.0,0.0,0.0,0,0,0,0,0.0,1,0,0,1,1
110,4,sympy:3,0,1,1.0,-0.0,1.0,1,1,0.75,3974,1.0,-0.0,1.0,0,0,1,1,1.0,0,0,0,1,0
110,5,sympy:3,0,1,1.0,-0.0,1.0,1,2,0.8,4998,0.0,0.0,0.0,0,0,2,1,1.0,0,0,0,1,0
110,6,sympy:3,0,1,1.0,-0.0,1.0,1,3,0.8333333333333334,6022,0.0,0.0,0.0,0,0,3,1,1.0,0,0,0,1,0
110,7,sympy:3,0,2,1.0,-0.0,1.0,1,4,0.7142857142857143,7046,0.0,0.0,0.0,0,0,4,2,1.0,0,0,0,1,0
110,8,sympy:3,0,3,0.6666666666666666,0.6365141682948128,0.3333333333333333,2,5,0.625,8070,-0.33333333333333337,0.6365141682948128,-0.6666666666666667,0,0,5,1,0.5,0,0,0,1,0
110,9,sympy:3,0,3,0.6666666666666666,0.6365141682948128,0.3333333333333333,2,6,0.6666666666666666,9094,0.0,0.0,0.0,0,0,6,1,0.5,0,0,0,1,0
110,10,sympy:3,0,3,0.6666666666666666,0.6365141682948128,0.3333333333333333,2,7,0.7,10118,0.0,0.0,0.0,0,0,7,1,0.0,0,0,0,1,0
110,11,sympy:3,0,3,0.6666666666666666,0.6365141682948128,0.3333333333333333,2,8,0.7272727272727273,11142,0.0,0.0,0.0,0,0,8,1,0.0,0,0,0,1,0
110,12,sympy:3,0,4,0.75,0.5623351446188083,0.5,2,9,0.6666666666666666,12166,0.08333333333333337,-0.07417902367600449,0.16666666666666669,0,0,9,2,1.0,0,0,0,1,0
110,13,sympy:3,0,4,0.75,0.5623351446188083,0.5,2,10,0.6923076923076923,13190,0.0,0.0,0.0,0,0,10,2,1.0,0,0,0,1,0
110,14,sympy:3,0,4,0.75,0.5623351446188083,0.5,2,11,0.7142857142857143,14214,0.0,0.0,0.0,0,0,11,2,1.0,0,0,0,1,0
110,15,sympy:3,0,4,0.75,0.5623351446188083,0.5,2,12,0.7333333333333333,15238,0.0,0.0,0.0,0,0,12,2,0.0,0,0,0,1,0
110,16,sympy:3,0,4,0.75,0.5623351446188083,0.5,2,13,0.75,16262,0.0,0.0,0.0,0,0,13,2,0.0,0,0,0,1,0
111,1,sympy:210,1,1,1.0,-0.0,1.0,1,1,0.0,605,0.0,0.0,0.0,0,0,1,1,1.0,0,0,0,1,0
111,2,sympy:210,1,2,1.0,-0.0,1.0,1,2,0.0,1039,0.0,0.0,0.0,0,0,2,2,1.0,0,0,0,1,0
111,3,sympy:210,1,3,1.0,-0.0,1.0,1,3,0.0,1655,0.0,0.0,0.0,0,0,3,3,1.0,0,0,0,1,0
111,4,sympy:210,1,4,1.0,-0.0,1.0,1,4,0.0,2034,0.0,0.0,0.0,0,0,4,4,1.0,0,0,0,1,0
111,5,sympy:210,1,5,1.0,-0.0,1.0,1,5,0.0,2620,0.0,0.0,0.0,0,0,5,5,1.0,0,0,0,1,0
111,6,sympy:210,1,6,1.0,-0.0,1.0,1,6,0.0,3240,0.0,0.0,0.0,0,0,6,6,1.0,0,0,0,1,0
111,7,sympy:210,1,7,1.0,-0.0,1.0,1,7,0.0,3893,0.0,0.0,0.0,0,0,7,7,1.0,0,0,0,1,0
111,8,sympy:210,1,8,1.0,-0.0,1.0,1,8,0.0,4917,0.0,0.0,0.0,0,0,8,8,1.0,0,0,0,1,0
111,9,sympy:210,1,8,1.0,-0.0,1.0,1,9,0.1111111111111111,5475,0.0,0.0,0.0,0,0,9,8,1.0,0,0,0,1,0
111,10,sympy:210,1,9,1.0,-0.0,1.0,1,10,0.1,6091,0.0,0.0,0.0,0,0,10,9,1.0,0,0,0,1,0
111,11,sympy:210,1,10,1.0,-0.0,1.0,1,11,0.09090909090909091,6666,0.0,0.0,0.0,0,0,11,10,1.0,0,0,0,1,0
111,12,sympy:210,1,11,1.0,-0.0,1.0,1,12,0.08333333333333333,7153,0.0,0.0,0.0,0,0,12,11,1.0,0,0,0,1,0
111,13,sympy:210,1,12,1.0,-0.0,1.0,1,13,0.07692307692307693,7651,0.0,0.0,0.0,0,0,13,12,1.0,0,0,0,1,0
111,14,sympy:210,1,13,1.0,-0.0,1.0,1,14,0.07142857142857142,8086,0.0,0.0,0.0,0,0,14,13,1.0,0,0,0,1,0
111,15,sympy:210,1,14,1.0,-0.0,1.0,1,15,0.06666666666666667,8606,0.0,0.0,0.0,0,0,15,14,1.0,0,0,0,1,0
111,16,sympy:210,1,15,1.0,-0.0,1.0,1,16,0.0625,9630,0.0,0.0,0.0,0,0,16,15,1.0,0,0,0,1,0
112,1,sympy:12,0,1,1.0,-0.0,1.0,1,1,0.0,538,0.0,0.0,0.0,0,0,1,1,1.0,1,1,0,0,1
112,2,sympy:12,0,2,0.5,0.6931471805599453,0.0,2,2,0.0,1103,-0.5,0.6931471805599453,-1.0,0,0,2,0,0.5,1,1,0,0,1
112,3,sympy:13,1,3,0.6666666666666666,0.6365141682948128,0.3333333333333333,2,1,0.0,1583,0.16666666666666663,-0.05663301226513251,0.3333333333333333,1,1,2,1,0.6666666666666666,0,0,0,1,0
112,4,sympy:13,1,4,0.75,0.5623351446188083,0.5,2,2,0.0,2280,0.08333333333333337,-0.07417902367600449,0.16666666666666669,0,1,2,2,1.0,0,0,0,1,0
112,5,sympy:13,1,5,0.8,0.5004024235381879,0.6,2,3,0.0,2754,0.050000000000000044,-0.06193272108062042,0.09999999999999998,0,1,3,3,1.0,0,0,0,1,0
112,6,sympy:13,1,6,0.8333333333333334,0.45056120886630463,0.6666666666666666,2,4,0.0,3266,0.033333333333333326,-0.04984121467188324,0.06666666666666665,0,1,4,4,1.0,0,0,0,1,0
112,7,sympy:13,1,7,0.8571428571428571,0.410116318288409,0.7142857142857143,2,5,0.0,3754,0.023809523809523725,-0.04044489057789563,0.04761904761904767,0,1,5,5,1.0,0,0,0,1,0
112,8,sympy:13,1,8,0.875,0.37677016125643675,0.75,2,6,0.0,4288,0.017857142857142905,-0.033346157031972246,0.0357142857142857,0,1,6,6,1.0,0,0,0,1,0
112,9,sympy:13,1,9,0.8888888888888888,0.34883209584303193,0.7777777777777778,2,7,0.0,4793,0.01388888888888884,-0.027938065413404822,0.02777777777777779,0,1,7,7,1.0,0,0,0,1,0
112,10,sympy:13,1,10,0.9,0.3250829733914482,0.8,2,8,0.0,5356,0.011111111111111183,-0.023749122451583726,0.022222222222222254,0,1,8,8,1.0,0,0,0,1,0
112,11,sympy:13,1,11,0.9090909090909091,0.30463609734923813,0.8181818181818182,2,9,0.0,5867,0.009090909090909038,-0.02044687604221007,0.018181818181818188,0,1,9,9,1.0,0,0,0,1,0
112,12,sympy:13,1,12,0.9166666666666666,0.2868359830561607,0.8333333333333334,2,10,0.0,6479,0.007575757575757569,-0.01780011429307743,0.015151515151515138,0,1,10,10,1.0,0,0,0,1,0
112,13,sympy:13,1,13,0.9230769230769231,0.2711893730418441,0.8461538461538461,2,11,0.0,6936,0.0064102564102564985,-0.01564661001431661,0.012820512820512775,0,1,11,11,1.0,0,0,0,1,0
112,14,sympy:13,1,14,0.9285714285714286,0.25731864054383163,0.8571428571428571,2,12,0.0,7494,0.005494505494505475,-0.013870732498012461,0.01098901098901095,0,1,12,12,1.0,0,0,0,1,0
112,15,sympy:13,1,15,0.8666666666666667,0.39267446722755217,0.7333333333333333,2,13,0.0,8078,-0.06190476190476191,0.13535582668372054,-0.12380952380952381,0,1,13,11,0.6666666666666666,0,0,0,1,0
112,16,sympy:13,1,16,0.875,0.37677016125643675,0.75,2,14,0.0,8946,0.008333333333333304,-0.015904305971115418,0.01666666666666672,0,1,14,12,0.6666666666666666,0,0,0,1,0
113,1,sympy:8000,1,1,1.0,-0.0,1.0,1,1,0.0,285,0.0,0.0,0.0,0,0,1,1,1.0,0,0,0,1,0
113,2,sympy:8000,1,2,1.0,-0.0,1.0,1,2,0.0,534,0.0,0.0,0.0,0,0,2,2,1.0,0,0,0,1,0
113,3,sympy:8000,1,3,1.0,-0.0,1.0,1,3,0.0,793,0.0,0.0,0.0,0,0,3,3,1.0,0,0,0,1,0
113,4,sympy:8000,1,4,1.0,-0.0,1.0,1,4,0.0,1090,0.0,0.0,0.0,0,0,4,4,1.0,0,0,0,1,0
113,5,sympy:8000,1,5,1.0,-0.0,1.0,1,5,0.0,1409,0.0,0.0,0.0,0,0,5,5,1.0,0,0,0,1,0
113,6,sympy:8000,1,6,1.0,-0.0,1.0,1,6,0.0,2433,0.0,0.0,0.0,0,0,6,6,1.0,0,0,0,1,0
113,7,sympy:8000,1,7,1.0,-0.0,1.0,1,7,0.0,2760,0.0,0.0,0.0,0,0,7,7,1.0,0,0,0,1,0
113,8,sympy:8000,1,8,1.0,-0.0,1.0,1,8,0.0,3075,0.0,0.0,0.0,0,0,8,8,1.0,0,0,0,1,0
113,9,sympy:8000,1,9,1.0,-0.0,1.0,1,9,0.0,3416,0.0,0.0,0.0,0,0,9,9,1.0,0,0,0,1,0
113,10,sympy:8000,1,10,1.0,-0.0,1.0,1,10,0.0,3745,0.0,0.0,0.0,0,0,10,10,1.0,0,0,0,1,0
113,11,sympy:8000,1,11,1.0,-0.0,1.0,1,11,0.0,4080,0.0,0.0,0.0,0,0,11,11,1.0,0,0,0,1,0
113,12,sympy:8000,1,12,1.0,-0.0,1.0,1,12,0.0,4412,0.0,0.0,0.0,0,0,12,12,1.0,0,0,0,1,0
113,13,sympy:8000,1,13,1.0,-0.0,1.0,1,13,0.0,4736,0.0,0.0,0.0,0,0,13,13,1.0,0,0,0,1,0
113,14,sympy:8000,1,14,1.0,-0.0,1.0,1,14,0.0,5049,0.0,0.0,0.0,0,0,14,14,1.0,0,0,0,1,0
113,15,sympy:8000,1,15,1.0,-0.0,1.0,1,15,0.0,5339,0.0,0.0,0.0,0,0,15,15,1.0,0,0,0,1,0
113,16,sympy:8000,1,16,1.0,-0.0,1.0,1,16,0.0,6363,0.0,0.0,0.0,0,0,16,16,1.0,0,0,0,1,0
114,1,sympy:-5,1,1,1.0,-0.0,1.0,1,1,0.0,677,0.0,0.0,0.0,0,0,1,1,1.0,0,0,0,1,0
114,2,sympy:-5,1,2,1.0,-0.0,1.0,1,2,0.0,1333,0.0,0.0,0.0,0,0,2,2,1.0,0,0,0,1,0
114,3,sympy:-5,1,3,1.0,-0.0,1.0,1,3,0.0,1991,0.0,0.0,0.0,0,0,3,3,1.0,0,0,0,1,0
114,4,sympy:-5,1,4,1.0,-0.0,1.0,1,4,0.0,2671,0.0,0.0,0.0,0,0,4,4,1.0,0,0,0,1,0
114,5,sympy:-5,1,5,1.0,-0.0,1.0,1,5,0.0,3344,0.0,0.0,0.0,0,0,5,5,1.0,0,0,0,1,0
114,6,sympy:-5,1,6,1.0,-0.0,1.0,1,6,0.0,3981,0.0,0.0,0.0,0,0,6,6,1.0,0,0,0,1,0
114,7,sympy:-5,1,7,1.0,-0.0,1.0,1,7,0.0,4630,0.0,0.0,0.0,0,0,7,7,1.0,0,0,0,1,0
114,8,sympy:-5,1,8,1.0,-0.0,1.0,1,8,0.0,5303,0.0,0.0,0.0,0,0,8,8,1.0,0,0,0,1,0
114,9,sympy:-5,1,9,1.0,-0.0,1.0,1,9,0.0,5933,0.0,0.0,0.0,0,0,9,9,1.0,0,0,0,1,0
114,10,sympy:-5,1,10,1.0,-0.0,1.0,1,10,0.0,6595,0.0,0.0,0.0,0,0,10,10,1.0,0,0,0,1,0
114,11,sympy:-5,1,11,1.0,-0.0,1.0,1,11,0.0,7245,0.0,0.0,0.0,0,0,11,11,1.0,0,0,0,1,0
114,12,sympy:-5,1,12,1.0,-0.0,1.0,1,12,0.0,7938,0.0,0.0,0.0,0,0,12,12,1.0,0,0,0,1,0
114,13,sympy:-5,1,13,1.0,-0.0,1.0,1,13,0.0,8496,0.0,0.0,0.0,0,0,13,13,1.0,0,0,0,1,0
114,14,sympy:-5,1,14,1.0,-0.0,1.0,1,14,0.0,9127,0.0,0.0,0.0,0,0,14,14,1.0,0,0,0,1,0
114,15,sympy:-5,1,15,1.0,-0.0,1.0,1,15,0.0,9800,0.0,0.0,0.0,0,0,15,15,1.0,0,0,0,1,0
114,16,sympy:-5,1,16,1.0,-0.0,1.0,1,16,0.0,10396,0.0,0.0,0.0,0,0,16,16,1.0,0,0,0,1,0
115,1,sympy:30240,0,1,1.0,-0.0,1.0,1,1,0.0,520,0.0,0.0,0.0,0,0,1,1,1.0,0,0,0,1,0
115,2,sympy:30240,0,2,0.5,0.6931471805599453,0.0,2,2,0.0,1059,-0.5,0.6931471805599453,-1.0,0,0,2,0,0.5,0,0,0,1,0
115,3,sympy:30240,0,3,0.3333333333333333,1.0986122886681096,0.0,3,3,0.0,1720,-0.16666666666666669,0.4054651081081643,0.0,0,0,3,0,0.3333333333333333,0,0,0,1,0
115,4,sympy:30240,0,4,0.25,1.3862943611198906,0.0,4,4,0.0,2171,-0.08333333333333331,0.287682072451781,0.0,0,0,4,0,0.0,0,0,0,1,0
115,5,sympy:30240,0,5,0.2,1.6094379124341005,0.0,5,5,0.0,2680,-0.04999999999999999,0.22314355131420993,0.0,0,0,5,0,0.0,0,0,0,1,0
115,6,sympy:30240,0,6,0.16666666666666666,1.791759469228055,0.0,6,6,0.0,3027,-0.033333333333333354,0.18232155679395445,0.0,0,0,6,0,0.0,0,0,0,1,0
115,7,sympy:30240,0,7,0.14285714285714285,1.9459101490553132,0.0,7,7,0.0,3440,-0.023809523809523808,0.15415067982725827,0.0,0,0,7,0,0.0,0,0,0,1,0
115,8,sympy:30240,0,8,0.25,1.9061547465398494,0.125,7,8,0.0,3829,0.10714285714285715,-0.039755402515463834,0.125,0,0,8,1,0.3333333333333333,0,0,0,1,0
115,9,sympy:30240,0,9,0.2222222222222222,1.8891591637540215,0.0,7,9,0.0,4296,-0.02777777777777779,-0.016995582785827912,-0.125,0,0,9,0,0.3333333333333333,0,0,0,1,0
115,10,sympy:30240,0,10,0.2,1.8866967846580784,0.0,7,10,0.0,4838,-0.0222222222222222,-0.002462379095943046,0.0,0,0,10,0,0.3333333333333333,0,0,0,1,0
115,11,sympy:30240,0,11,0.2727272727272727,1.8462202193216335,0.09090909090909091,7,11,0.0,5862,0.0727272727272727,-0.04047656533644495,0.09090909090909091,0,0,11,1,0.3333333333333333,0,0,0,1,0
115,12,sympy:30240,0,12,0.25,1.8636799873410002,0.08333333333333333,7,12,0.0,6311,-0.022727272727272707,0.01745976801936666,-0.007575757575757583,0,0,12,1,0.3333333333333333,0,0,0,1,0
115,13,sympy:30240,0,13,0.3076923076923077,1.818483163012365,0.15384615384615385,7,13,0.0,6759,0.05769230769230771,-0.04519682432863514,0.07051282051282053,0,0,13,2,0.6666666666666666,0,0,0,1,0
115,14,sympy:30240,0,14,0.2857142857142857,1.9459101490553132,0.14285714285714285,8,14,0.0,7783,-0.02197802197802201,0.12742698604294822,-0.010989010989011005,0,0,14,2,0.3333333333333333,0,0,0,1,0
115,15,sympy:30240,0,15,0.26666666666666666,1.9686932085049351,0.13333333333333333,8,15,0.0,8064,-0.019047619047619035,0.02278305944962189,-0.009523809523809518,0,0,15,2,0.3333333333333333,0,0,0,1,0
115,16,sympy:30240,0,16,0.3125,1.923065784324152,0.1875,8,16,0.0,8457,0.04583333333333334,-0.04562742418078303,0.05416666666666667,0,0,16,3,0.3333333333333333,0,0,0,1,0
116,1,sympy:2,1,1,1.0,-0.0,1.0,1,1,0.0,368,0.0,0.0,0.0,0,0,1,1,1.0,0,0,0,1,0
116,2,sympy:2,1,2,1.0,-0.0,1.0,1,2,0.0,715,0.0,0.0,0.0,0,0,2,2,1.0,0,0,0,1,0
116,3,sympy:2,1,3,1.0,-0.0,1.0,1,3,0.0,1041,0.0,0.0,0.0,0,0,3,3,1.0,0,0,0,1,0
116,4,sympy:2,1,4,1.0,-0.0,1.0,1,4,0.0,1378,0.0,0.0,0.0,0,0,4,4,1.0,0,0,0,1,0
116,5,sympy:2,1,5,1.0,-0.0,1.0,1,5,0.0,1682,0.0,0.0,0.0,0,0,5,5,1.0,0,0,0,1,0
116,6,sympy:2,1,6,1.0,-0.0,1.0,1,6,0.0,2060,0.0,0.0,0.0,0,0,6,6,1.0,0,0,0,1,0
116,7,sympy:2,1,7,1.0,-0.0,1.0,1,7,0.0,2394,0.0,0.0,0.0,0,0,7,7,1.0,0,0,0,1,0
116,8,sympy:2,1,8,1.0,-0.0,1.0,1,8,0.0,2739,0.0,0.0,0.0,0,0,8,8,1.0,0,0,0,1,0
116,9,sympy:2,1,9,1.0,-0.0,1.0,1,9,0.0,3047,0.0,0.0,0.0,0,0,9,9,1.0,0,0,0,1,0
116,10,sympy:2,1,10,1.0,-0.0,1.0,1,10,0.0,3355,0.0,0.0,0.0,0,0,10,10,1.0,0,0,0,1,0
116,11,sympy:2,1,11,1.0,-0.0,1.0,1,11,0.0,3601,0.0,0.0,0.0,0,0,11,11,1.0,0,0,0,1,0
116,12,sympy:2,1,12,1.0,-0.0,1.0,1,12,0.0,3915,0.0,0.0,0.0,0,0,12,12,1.0,0,0,0,1,0
116,13,sympy:2,1,13,1.0,-0.0,1.0,1,13,0.0,4324,0.0,0.0,0.0,0,0,13,13,1.0,0,0,0,1,0
116,14,sympy:2,1,14,1.0,-0.0,1.0,1,14,0.0,4676,0.0,0.0,0.0,0,0,14,14,1.0,0,0,0,1,0
116,15,sympy:2,1,15,1.0,-0.0,1.0,1,15,0.0,4983,0.0,0.0,0.0,0,0,15,15,1.0,0,0,0,1,0
116,16,sympy:2,1,16,1.0,-0.0,1.0,1,16,0.0,5288,0.0,0.0,0.0,0,0,16,16,1.0,0,0,0,1,0
117,1,sympy:3,1,1,1.0,-0.0,1.0,1,1,0.0,316,0.0,0.0,0.0,0,0,1,1,1.0,0,0,0,1,0
117,2,sympy:3,1,2,1.0,-0.0,1.0,1,2,0.0,668,0.0,0.0,0.0,0,0,2,2,1.0,0,0,0,1,0
117,3,sympy:3,1,3,1.0,-0.0,1.0,1,3,0.0,1056,0.0,0.0,0.0,0,0,3,3,1.0,0,0,0,1,0
117,4,sympy:3,1,4,1.0,-0.0,1.0,1,4,0.0,1408,0.0,0.0,0.0,0,0,4,4,1.0,0,0,0,1,0
117,5,sympy:3,1,5,1.0,-0.0,1.0,1,5,0.0,1768,0.0,0.0,0.0,0,0,5,5,1.0,0,0,0,1,0
117,6,sympy:3,1,6,1.0,-0.0,1.0,1,6,0.0,2111,0.0,0.0,0.0,0,0,6,6,1.0,0,0,0,1,0
117,7,sympy:3,1,7,1.0,-0.0,1.0,1,7,0.0,2466,0.0,0.0,0.0,0,0,7,7,1.0,0,0,0,1,0
117,8,sympy:3,1,8,1.0,-0.0,1.0,1,8,0.0,2792,0.0,0.0,0.0,0,0,8,8,1.0,0,0,0,1,0
117,9,sympy:3,1,9,1.0,-0.0,1.0,1,9,0.0,3138,0.0,0.0,0.0,0,0,9,9,1.0,0,0,0,1,0
117,10,sympy:3,1,10,1.0,-0.0,1.0,1,10,0.0,3496,0.0,0.0,0.0,0,0,10,10,1.0,0,0,0,1,0
117,11,sympy:3,1,11,1.0,-0.0,1.0,1,11,0.0,3832,0.0,0.0,0.0,0,0,11,11,1.0,0,0,0,1,0
117,12,sympy:3,1,12,1.0,-0.0,1.0,1,12,0.0,4173,0.0,0.0,0.0,0,0,12,12,1.0,0,0,0,1,0
117,13,sympy:3,1,13,1.0,-0.0,1.0,1,13,0.0,4508,0.0,0.0,0.0,0,0,13,13,1.0,0,0,0,1,0
117,14,sympy:3,1,14,1.0,-0.0,1.0,1,14,0.0,4808,0.0,0.0,0.0,0,0,14,14,1.0,0,0,0,1,0
117,15,sympy:3,1,15,1.0,-0.0,1.0,1,15,0.0,5147,0.0,0.0,0.0,0,0,15,15,1.0,0,0,0,1,0
117,16,sympy:3,1,16,1.0,-0.0,1.0,1,16,0.0,5499,0.0,0.0,0.0,0,0,16,16,1.0,0,0,0,1,0
118,1,,0,0,,,,0,0,1.0,1024,0.0,0.0,0.0,0,0,0,0,0.0,1,1,0,0,1
118,2,sympy:81,1,1,1.0,-0.0,1.0,1,1,0.5,1720,1.0,-0.0,1.0,0,0,1,1,1.0,0,0,0,1,0
118,3,sympy:81,1,2,1.0,-0.0,1.0,1,2,0.3333333333333333,2496,0.0,0.0,0.0,0,0,2,2,1.0,0,0,0,1,0
118,4,sympy:81,1,2,1.0,-0.0,1.0,1,3,0.5,3520,0.0,0.0,0.0,0,0,3,2,1.0,0,0,0,1,0
118,5,sympy:81,1,3,1.0,-0.0,1.0,1,4,0.4,4221,0.0,0.0,0.0,0,0,4,3,1.0,0,0,0,1,0
118,6,sympy:81,1,4,1.0,-0.0,1.0,1,5,0.3333333333333333,4912,0.0,0.0,0.0,0,0,5,4,1.0,0,0,0,1,0
118,7,sympy:81,1,5,1.0,-0.0,1.0,1,6,0.2857142857142857,5734,0.0,0.0,0.0,0,0,6,5,1.0,0,0,0,1,0
118,8,sympy:81,1,6,1.0,-0.0,1.0,1,7,0.25,6427,0.0,0.0,0.0,0,0,7,6,1.0,0,0,0,1,0
118,9,sympy:81,1,7,1.0,-0.0,1.0,1,8,0.2222222222222222,7209,0.0,0.0,0.0,0,0,8,7,1.0,0,0,0,1,0
118,10,sympy:81,1,8,1.0,-0.0,1.0,1,9,0.2,7897,0.0,0.0,0.0,0,0,9,8,1.0,0,0,0,1,0
118,11,sympy:81,1,9,1.0,-0.0,1.0,1,10,0.18181818181818182,8704,0.0,0.0,0.0,0,0,10,9,1.0,0,0,0,1,0
118,12,sympy:81,1,9,1.0,-0.0,1.0,1,11,0.25,9728,0.0,0.0,0.0,0,0,11,9,1.0,0,0,0,1,0
118,13,sympy:81,1,9,1.0,-0.0,1.0,1,12,0.3076923076923077,10752,0.0,0.0,0.0,0,0,12,9,1.0,0,0,0,1,0
118,14,sympy:81,1,9,1.0,-0.0,1.0,1,13,0.35714285714285715,11776,0.0,0.0,0.0,0,0,13,9,0.0,0,0,0,1,0
118,15,sympy:81,1,9,1.0,-0.0,1.0,1,14,0.4,12800,0.0,0.0,0.0,0,0,14,9,0.0,0,0,0,1,0
118,16,sympy:81,1,10,1.0,-0.0,1.0,1,15,0.375,13513,0.0,0.0,0.0,0,0,15,10,1.0,0,0,0,1,0
119,1,sympy:-9,1,1,1.0,-0.0,1.0,1,1,0.0,527,0.0,0.0,0.0,0,0,1,1,1.0,0,0,0,1,0
119,2,sympy:-9,1,2,0.5,0.6931471805599453,0.0,2,2,0.0,1158,-0.5,0.6931471805599453,-1.0,0,0,2,0,0.5,0,0,0,1,0
119,3,sympy:-9,1,3,0.3333333333333333,1.0986122886681096,0.0,3,3,0.0,2182,-0.16666666666666669,0.4054651081081643,0.0,0,0,3,0,0.3333333333333333,0,0,0,1,0
119,4,sympy:-9,1,4,0.25,1.3862943611198906,0.0,4,4,0.0,2753,-0.08333333333333331,0.287682072451781,0.0,0,0,4,0,0.0,0,0,0,1,0
119,5,sympy:0,0,5,0.4,1.3321790402101223,0.2,4,1,0.0,3423,0.15000000000000002,-0.05411532090976823,0.2,1,1,4,1,0.6666666666666666,1,1,0,0,1
119,6,sympy:-9,1,6,0.3333333333333333,1.3296613488547582,0.0,4,1,0.0,4264,-0.06666666666666671,-0.002517691355364171,-0.2,1,2,4,0,0.3333333333333333,0,0,0,1,0
119,7,sympy:-9,1,7,0.42857142857142855,1.277034259466139,0.14285714285714285,4,2,0.0,4783,0.09523809523809523,-0.05262708938861915,0.14285714285714285,0,2,4,1,0.6666666666666666,0,0,0,1,0
119,8,sympy:-9,1,8,0.5,1.2130075659799042,0.25,4,3,0.0,5328,0.07142857142857145,-0.0640266934862348,0.10714285714285715,0,2,4,2,1.0,0,0,0,1,0
119,9,sympy:-9,1,9,0.5555555555555556,1.1490596969706202,0.3333333333333333,4,4,0.0,5712,0.05555555555555558,-0.06394786900928406,0.08333333333333331,0,2,4,3,1.0,0,0,0,1,0
119,10,sympy:-9,1,10,0.5,1.2206072645530175,0.3,4,5,0.0,6736,-0.05555555555555558,0.07154756758239733,-0.033333333333333326,0,2,5,3,0.6666666666666666,0,0,0,1,0
119,11,sympy:-9,1,11,0.5454545454545454,1.1685184057430877,0.36363636363636365,4,6,0.0,7447,0.045454545454545414,-0.05208885880992975,0.06363636363636366,0,2,6,4,0.6666666666666666,0,0,0,1,0
119,12,sympy:-9,1,12,0.5833333333333334,1.1187433359857524,0.4166666666666667,4,7,0.0,8235,0.037878787878787956,-0.049775069757335366,0.05303030303030304,0,2,7,5,0.6666666666666666,0,0,0,1,0
119,13,sympy:-9,1,13,0.5384615384615384,1.1569876443452742,0.3076923076923077,4,8,0.0,8841,-0.044871794871794934,0.03824430835952186,-0.10897435897435898,0,2,8,4,0.6666666666666666,0,0,0,1,0
119,14,sympy:-9,1,14,0.5,1.1952684170869836,0.2857142857142857,4,9,0.0,9342,-0.038461538461538436,0.03828077274170938,-0.02197802197802201,0,2,9,4,0.3333333333333333,0,0,0,1,0
119,15,sympy:-9,1,15,0.5333333333333333,1.1595697967390537,0.3333333333333333,4,10,0.0,10097,0.033333333333333326,-0.03569862034792992,0.047619047619047616,0,2,10,5,0.3333333333333333,0,0,0,1,0
119,16,sympy:-9,1,16,0.5,1.18030455699462,0.25,4,11,0.0,10657,-0.033333333333333326,0.02073476025556631,-0.08333333333333331,0,2,11,4,0.3333333333333333,0,0,0,1,0
120,1,sympy:dd*o,0,1,1.0,-0.0,1.0,1,1,0.0,408,0.0,0.0,0.0,0,0,1,1,1.0,0,0,0,1,0
120,2,sympy:dd*o,0,2,0.5,0.6931471805599453,0.0,2,2,0.0,874,-0.5,0.6931471805599453,-1.0,0,0,2,0,0.5,0,0,0,1,0
120,3,sympy:dd*o,0,3,0.6666666666666666,0.6365141682948128,0.3333333333333333,2,3,0.0,1454,0.16666666666666663,-0.05663301226513251,0.3333333333333333,0,0,3,1,0.6666666666666666,0,0,0,1,0
120,4,sympy:dd*o,0,4,0.75,0.5623351446188083,0.5,2,4,0.0,2086,0.08333333333333337,-0.07417902367600449,0.16666666666666669,0,0,4,2,0.6666666666666666,0,0,0,1,0
120,5,sympy:dd*o,0,5,0.8,0.5004024235381879,0.6,2,5,0.0,2536,0.050000000000000044,-0.06193272108062042,0.09999999999999998,0,0,5,3,1.0,0,0,0,1,0
120,6,sympy:dd*o,0,6,0.8333333333333334,0.45056120886630463,0.6666666666666666,2,6,0.0,3131,0.033333333333333326,-0.04984121467188324,0.06666666666666665,0,0,6,4,1.0,0,0,0,1,0
120,7,sympy:dd*o,0,7,0.7142857142857143,0.5982695885852573,0.42857142857142855,2,7,0.0,3522,-0.11904761904761907,0.14770837971895262,-0.23809523809523808,0,0,7,3,0.6666666666666666,0,0,0,1,0
120,8,sympy:dd*o,0,8,0.75,0.5623351446188083,0.5,2,8,0.0,4070,0.0357142857142857,-0.03593444396644896,0.07142857142857145,0,0,8,4,0.6666666666666666,0,0,0,1,0
120,9,sympy:dd*o,0,9,0.6666666666666666,0.6365141682948128,0.3333333333333333,2,9,0.0,4577,-0.08333333333333337,0.07417902367600449,-0.16666666666666669,0,0,9,3,0.3333333333333333,0,0,0,1,0
120,10,sympy:dd*o,0,10,0.7,0.6108643020548935,0.4,2,10,0.0,5148,0.033333333333333326,-0.025649866239919272,0.06666666666666671,0,0,10,4,0.6666666666666666,0,0,0,1,0
120,11,sympy:dd*o,0,11,0.7272727272727273,0.5859526183035508,0.45454545454545453,2,11,0.0,5634,0.027272727272727337,-0.024911683751342673,0.05454545454545451,0,0,11,5,0.6666666666666666,0,0,0,1,0
120,12,sympy:dd*o,0,12,0.6666666666666666,0.6365141682948128,0.3333333333333333,2,12,0.0,6168,-0.06060606060606066,0.050561549991261945,-0.12121212121212122,0,0,12,4,0.6666666666666666,0,0,0,1,0
120,13,sympy:dd*o,0,13,0.6153846153846154,0.666278442414676,0.23076923076923078,2,13,0.0,6611,-0.05128205128205121,0.029764274119863265,-0.10256410256410253,0,0,13,3,0.3333333333333333,0,0,0,1,0
120,14,sympy:dd*o,0,14,0.6428571428571429,0.6517565611726531,0.2857142857142857,2,14,0.0,7308,0.027472527472527486,-0.014521881242022916,0.054945054945054916,0,0,14,4,0.3333333333333333,0,0,0,1,0
120,15,sympy:dd*o,0,15,0.6,0.6730116670092565,0.2,2,15,0.0,7849,-0.04285714285714293,0.021255105836603394,-0.08571428571428569,0,0,15,3,0.3333333333333333,0,0,0,1,0
120,16,sympy:dd*o,0,16,0.5625,0.6853142072764582,0.125,2,16,0.0,8515,-0.03749999999999998,0.012302540267201678,-0.07500000000000001,0,0,16,2,0.3333333333333333,0,0,0,1,0
121,1,sympy:6,1,1,1.0,-0.0,1.0,1,1,0.0,348,0.0,0.0,0.0,0,0,1,1,1.0,0,0,0,1,0
121,2,sympy:6,1,2,1.0,-0.0,1.0,1,2,0.0,674,0.0,0.0,0.0,0,0,2,2,1.0,0,0,0,1,0
121,3,sympy:6,1,3,1.0,-0.0,1.0,1,3,0.0,1698,0.0,0.0,0.0,0,0,3,3,1.0,0,0,0,1,0
121,4,sympy:6,1,4,1.0,-0.0,1.0,1,4,0.0,2100,0.0,0.0,0.0,0,0,4,4,1.0,0,0,0,1,0
121,5,sympy:6,1,5,1.0,-0.0,1.0,1,5,0.0,2351,0.0,0.0,0.0,0,0,5,5,1.0,0,0,0,1,0
121,6,sympy:6,1,6,1.0,-0.0,1.0,1,6,0.0,2700,0.0,0.0,0.0,0,0,6,6,1.0,0,0,0,1,0
121,7,sympy:6,1,7,1.0,-0.0,1.0,1,7,0.0,2971,0.0,0.0,0.0,0,0,7,7,1.0,0,0,0,1,0
121,8,sympy:6,1,8,1.0,-0.0,1.0,1,8,0.0,3364,0.0,0.0,0.0,0,0,8,8,1.0,0,0,0,1,0
121,9,sympy:6,1,9,1.0,-0.0,1.0,1,9,0.0,3647,0.0,0.0,0.0,0,0,9,9,1.0,0,0,0,1,0
121,10,sympy:6,1,10,1.0,-0.0,1.0,1,10,0.0,4011,0.0,0.0,0.0,0,0,10,10,1.0,0,0,0,1,0
121,11,sympy:6,1,11,1.0,-0.0,1.0,1,11,0.0,4322,0.0,0.0,0.0,0,0,11,11,1.0,0,0,0,1,0
121,12,sympy:6,1,12,1.0,-0.0,1.0,1,12,0.0,4669,0.0,0.0,0.0,0,0,12,12,1.0,0,0,0,1,0
121,13,sympy:6,1,13,1.0,-0.0,1.0,1,13,0.0,5033,0.0,0.0,0.0,0,0,13,13,1.0,0,0,0,1,0
121,14,sympy:6,1,14,1.0,-0.0,1.0,1,14,0.0,5353,0.0,0.0,0.0,0,0,14,14,1.0,0,0,0,1,0
121,15,sympy:6,1,15,1.0,-0.0,1.0,1,15,0.0,5734,0.0,0.0,0.0,0,0,15,15,1.0,0,0,0,1,0
121,16,sympy:6,1,16,1.0,-0.0,1.0,1,16,0.0,6037,0.0,0.0,0.0,0,0,16,16,1.0,0,0,0,1,0
122,1,sympy:9,1,1,1.0,-0.0,1.0,1,1,0.0,333,0.0,0.0,0.0,0,0,1,1,1.0,0,0,0,1,0
122,2,sympy:9,1,2,1.0,-0.0,1.0,1,2,0.0,661,0.0,0.0,0.0,0,0,2,2,1.0,0,0,0,1,0
122,3,sympy:9,1,3,1.0,-0.0,1.0,1,3,0.0,943,0.0,0.0,0.0,0,0,3,3,1.0,0,0,0,1,0
122,4,sympy:9,1,4,1.0,-0.0,1.0,1,4,0.0,1305,0.0,0.0,0.0,0,0,4,4,1.0,0,0,0,1,0
122,5,sympy:9,1,5,1.0,-0.0,1.0,1,5,0.0,1670,0.0,0.0,0.0,0,0,5,5,1.0,0,0,0,1,0
122,6,sympy:9,1,6,1.0,-0.0,1.0,1,6,0.0,2007,0.0,0.0,0.0,0,0,6,6,1.0,0,0,0,1,0
122,7,sympy:9,1,7,1.0,-0.0,1.0,1,7,0.0,2355,0.0,0.0,0.0,0,0,7,7,1.0,0,0,0,1,0
122,8,sympy:9,1,8,1.0,-0.0,1.0,1,8,0.0,2667,0.0,0.0,0.0,0,0,8,8,1.0,0,0,0,1,0
122,9,sympy:9,1,9,1.0,-0.0,1.0,1,9,0.0,3025,0.0,0.0,0.0,0,0,9,9,1.0,0,0,0,1,0
122,10,sympy:9,1,10,1.0,-0.0,1.0,1,10,0.0,3380,0.0,0.0,0.0,0,0,10,10,1.0,0,0,0,1,0
122,11,sympy:9,1,11,1.0,-0.0,1.0,1,11,0.0,3724,0.0,0.0,0.0,0,0,11,11,1.0,0,0,0,1,0
122,12,sympy:9,1,12,1.0,-0.0,1.0,1,12,0.0,4020,0.0,0.0,0.0,0,0,12,12,1.0,0,0,0,1,0
122,13,sympy:9,1,13,1.0,-0.0,1.0,1,13,0.0,4379,0.0,0.0,0.0,0,0,13,13,1.0,0,0,0,1,0
122,14,sympy:9,1,14,1.0,-0.0,1.0,1,14,0.0,4706,0.0,0.0,0.0,0,0,14,14,1.0,0,0,0,1,0
122,15,sympy:9,1,15,1.0,-0.0,1.0,1,15,0.0,5070,0.0,0.0,0.0,0,0,15,15,1.0,0,0,0,1,0
122,16,sympy:9,1,16,1.0,-0.0,1.0,1,16,0.0,5447,0.0,0.0,0.0,0,0,16,16,1.0,0,0,0,1,0
123,1,,0,0,,,,0,0,1.0,1024,0.0,0.0,0.0,0,0,0,0,0.0,1,0,0,1,1
123,2,sympy:8,1,1,1.0,-0.0,1.0,1,1,0.5,1986,1.0,-0.0,1.0,0,0,1,1,1.0,1,0,1,1,0
123,3,sympy:8,1,2,0.5,0.6931471805599453,0.0,2,2,0.3333333333333333,2963,-0.5,0.6931471805599453,-1.0,0,0,2,0,0.5,1,0,1,1,0
123,4,sympy:8,1,3,0.3333333333333333,1.0986122886681096,0.0,3,3,0.25,3987,-0.16666666666666669,0.4054651081081643,0.0,0,0,3,0,0.3333333333333333,1,0,1,1,0
123,5,sympy:8,1,4,0.25,1.3862943611198906,0.0,4,4,0.2,4889,-0.08333333333333331,0.287682072451781,0.0,0,0,4,0,0.0,1,0,1,1,0
123,6,sympy:8,1,5,0.2,1.6094379124341005,0.0,5,5,0.16666666666666666,5729,-0.04999999999999999,0.22314355131420993,0.0,0,0,5,0,0.0,1,0,1,1,0
123,7,sympy:6,0,6,0.3333333333333333,1.5607104090414063,0.16666666666666666,5,1,0.14285714285714285,6482,0.1333333333333333,-0.04872750339269416,0.16666666666666666,1,1,5,1,0.3333333333333333,0,0,0,1,0
123,8,sympy:6,0,6,0.3333333333333333,1.5607104090414063,0.16666666666666666,5,2,0.25,7506,0.0,0.0,0.0,0,1,5,1,0.5,0,0,0,1,0
123,9,sympy:6,0,6,0.3333333333333333,1.5607104090414063,0.16666666666666666,5,3,0.3333333333333333,8530,0.0,0.0,0.0,0,1,5,1,1.0,0,0,0,1,0
123,10,sympy:6,0,7,0.42857142857142855,1.4750763110546947,0.2857142857142857,5,4,0.3,9376,0.09523809523809523,-0.08563409798671162,0.11904761904761904,0,1,5,2,1.0,0,0,0,1,0
123,11,sympy:6,0,8,0.5,1.3862943611198906,0.375,5,5,0.2727272727272727,10069,0.07142857142857145,-0.08878194993480415,0.0892857142857143,0,1,5,3,1.0,0,0,0,1,0
123,12,sympy:6,0,8,0.5,1.3862943611198906,0.375,5,6,0.3333333333333333,11093,0.0,0.0,0.0,0,1,6,3,1.0,0,0,0,1,0
123,13,sympy:6,0,8,0.5,1.3862943611198906,0.375,5,7,0.38461538461538464,12117,0.0,0.0,0.0,0,1,7,3,1.0,0,0,0,1,0
123,14,sympy:6,0,9,0.5555555555555556,1.303092403761719,0.4444444444444444,5,8,0.35714285714285715,12922,0.05555555555555558,-0.08320195735817149,0.06944444444444442,0,1,8,4,1.0,0,0,0,1,0
123,15,sympy:6,0,9,0.5555555555555556,1.303092403761719,0.4444444444444444,5,9,0.4,13946,0.0,0.0,0.0,0,1,9,4,1.0,0,0,0,1,0
123,16,sympy:6,0,9,0.5555555555555556,1.303092403761719,0.4444444444444444,5,10,0.4375,14970,0.0,0.0,0.0,0,1,10,4,1.0,0,0,0,1,0
124,1,sympy:11/2,1,1,1.0,-0.0,1.0,1,1,0.0,732,0.0,0.0,0.0,0,0,1,1,1.0,0,0,0,1,0
124,2,sympy:11/2,1,2,1.0,-0.0,1.0,1,2,0.0,1509,0.0,0.0,0.0,0,0,2,2,1.0,0,0,0,1,0
124,3,sympy:11/2,1,3,1.0,-0.0,1.0,1,3,0.0,2228,0.0,0.0,0.0,0,0,3,3,1.0,0,0,0,1,0
124,4,sympy:11/2,1,4,1.0,-0.0,1.0,1,4,0.0,2884,0.0,0.0,0.0,0,0,4,4,1.0,0,0,0,1,0
124,5,sympy:11/2,1,5,1.0,-0.0,1.0,1,5,0.0,3628,0.0,0.0,0.0,0,0,5,5,1.0,0,0,0,1,0
124,6,sympy:11/2,1,6,1.0,-0.0,1.0,1,6,0.0,4260,0.0,0.0,0.0,0,0,6,6,1.0,0,0,0,1,0
124,7,sympy:11/2,1,7,1.0,-0.0,1.0,1,7,0.0,5002,0.0,0.0,0.0,0,0,7,7,1.0,0,0,0,1,0
124,8,sympy:11/2,1,8,1.0,-0.0,1.0,1,8,0.0,5709,0.0,0.0,0.0,0,0,8,8,1.0,0,0,0,1,0
124,9,sympy:11/2,1,9,1.0,-0.0,1.0,1,9,0.0,6468,0.0,0.0,0.0,0,0,9,9,1.0,0,0,0,1,0
124,10,sympy:11/2,1,10,1.0,-0.0,1.0,1,10,0.0,7206,0.0,0.0,0.0,0,0,10,10,1.0,0,0,0,1,0
124,11,sympy:11/2,1,11,1.0,-0.0,1.0,1,11,0.0,7938,0.0,0.0,0.0,0,0,11,11,1.0,0,0,0,1,0
124,12,sympy:11/2,1,12,1.0,-0.0,1.0,1,12,0.0,8646,0.0,0.0,0.0,0,0,12,12,1.0,0,0,0,1,0
124,13,sympy:11/2,1,13,1.0,-0.0,1.0,1,13,0.0,9363,0.0,0.0,0.0,0,0,13,13,1.0,0,0,0,1,0
124,14,sympy:11/2,1,14,1.0,-0.0,1.0,1,14,0.0,10016,0.0,0.0,0.0,0,0,14,14,1.0,0,0,0,1,0
124,15,sympy:11/2,1,15,1.0,-0.0,1.0,1,15,0.0,11040,0.0,0.0,0.0,0,0,15,15,1.0,0,0,0,1,0
124,16,sympy:11/2,1,16,1.0,-0.0,1.0,1,16,0.0,11783,0.0,0.0,0.0,0,0,16,16,1.0,0,0,0,1,0
125,1,sympy:-3,1,1,1.0,-0.0,1.0,1,1,0.0,316,0.0,0.0,0.0,0,0,1,1,1.0,0,0,0,1,0
125,2,sympy:-3,1,2,1.0,-0.0,1.0,1,2,0.0,605,0.0,0.0,0.0,0,0,2,2,1.0,0,0,0,1,0
125,3,sympy:-3,1,3,1.0,-0.0,1.0,1,3,0.0,1024,0.0,0.0,0.0,0,0,3,3,1.0,0,0,0,1,0
125,4,sympy:-3,1,4,1.0,-0.0,1.0,1,4,0.0,1441,0.0,0.0,0.0,0,0,4,4,1.0,0,0,0,1,0
125,5,sympy:-3,1,5,1.0,-0.0,1.0,1,5,0.0,1746,0.0,0.0,0.0,0,0,5,5,1.0,0,0,0,1,0
125,6,sympy:-3,1,6,1.0,-0.0,1.0,1,6,0.0,2062,0.0,0.0,0.0,0,0,6,6,1.0,0,0,0,1,0
125,7,sympy:-3,1,7,1.0,-0.0,1.0,1,7,0.0,2451,0.0,0.0,0.0,0,0,7,7,1.0,0,0,0,1,0
125,8,sympy:-3,1,8,1.0,-0.0,1.0,1,8,0.0,2904,0.0,0.0,0.0,0,0,8,8,1.0,0,0,0,1,0
125,9,sympy:-3,1,9,1.0,-0.0,1.0,1,9,0.0,3303,0.0,0.0,0.0,0,0,9,9,1.0,0,0,0,1,0
125,10,sympy:-3,1,10,1.0,-0.0,1.0,1,10,0.0,3762,0.0,0.0,0.0,0,0,10,10,1.0,0,0,0,1,0
125,11,sympy:-3,1,11,1.0,-0.0,1.0,1,11,0.0,4015,0.0,0.0,0.0,0,0,11,11,1.0,0,0,0,1,0
125,12,sympy:-3,1,12,1.0,-0.0,1.0,1,12,0.0,4409,0.0,0.0,0.0,0,0,12,12,1.0,0,0,0,1,0
125,13,sympy:-3,1,13,1.0,-0.0,1.0,1,13,0.0,4795,0.0,0.0,0.0,0,0,13,13,1.0,0,0,0,1,0
125,14,sympy:-3,1,14,1.0,-0.0,1.0,1,14,0.0,5819,0.0,0.0,0.0,0,0,14,14,1.0,0,0,0,1,0
125,15,sympy:-3,1,15,1.0,-0.0,1.0,1,15,0.0,6081,0.0,0.0,0.0,0,0,15,15,1.0,0,0,0,1,0
125,16,sympy:-3,1,16,1.0,-0.0,1.0,1,16,0.0,6630,0.0,0.0,0.0,0,0,16,16,1.0,0,0,0,1,0
126,1,sympy:2*i + 1,0,1,1.0,-0.0,1.0,1,1,0.0,853,0.0,0.0,0.0,0,0,1,1,1.0,0,0,0,1,0
126,2,sympy:2*i + 1,0,1,1.0,-0.0,1.0,1,2,0.5,1877,0.0,0.0,0.0,0,0,2,1,1.0,0,0,0,1,0
126,3,sympy:2*i + 1,0,1,1.0,-0.0,1.0,1,3,0.6666666666666666,2901,0.0,0.0,0.0,0,0,3,1,1.0,0,0,0,1,0
126,4,sympy:2*i + 1,0,1,1.0,-0.0,1.0,1,4,0.75,3925,0.0,0.0,0.0,0,0,4,1,0.0,0,0,0,1,0
126,5,sympy:2*i + 1,0,2,1.0,-0.0,1.0,1,5,0.6,4644,0.0,0.0,0.0,0,0,5,2,1.0,0,0,0,1,0
126,6,sympy:2*i + 1,0,3,0.6666666666666666,0.6365141682948128,0.3333333333333333,2,6,0.5,5546,-0.33333333333333337,0.6365141682948128,-0.6666666666666667,0,0,6,1,0.5,0,0,0,1,0
126,7,sympy:2*i + 1,0,3,0.6666666666666666,0.6365141682948128,0.3333333333333333,2,7,0.5714285714285714,6570,0.0,0.0,0.0,0,0,7,1,0.5,0,0,0,1,0
126,8,sympy:2*i + 1,0,4,0.5,1.0397207708399179,0.25,3,8,0.5,7575,-0.16666666666666663,0.4032066025451051,-0.08333333333333331,0,0,8,1,0.0,0,0,0,1,0
126,9,sympy:2*i + 1,0,5,0.4,1.3321790402101223,0.2,4,9,0.4444444444444444,8398,-0.09999999999999998,0.29245826937020447,-0.04999999999999999,0,0,9,1,0.0,0,0,0,1,0
126,10,sympy:2*i + 1,0,5,0.4,1.3321790402101223,0.2,4,10,0.5,9422,0.0,0.0,0.0,0,0,10,1,0.0,0,0,0,1,0
126,11,sympy:2*i + 1,0,6,0.3333333333333333,1.3296613488547582,0.0,4,11,0.45454545454545453,10387,-0.06666666666666671,-0.002517691355364171,-0.2,0,0,11,0,0.0,0,0,0,1,0
126,12,sympy:2*i + 1,0,6,0.3333333333333333,1.3296613488547582,0.0,4,12,0.5,11411,0.0,0.0,0.0,0,0,12,0,0.0,0,0,0,1,0
126,13,sympy:2*i + 1,0,7,0.2857142857142857,1.5498260458782016,0.0,5,13,0.46153846153846156,12351,-0.047619047619047616,0.22016469702344343,0.0,0,0,13,0,0.0,0,0,0,1,0
126,14,sympy:2*i + 1,0,7,0.2857142857142857,1.5498260458782016,0.0,5,14,0.5,13375,0.0,0.0,0.0,0,0,14,0,0.0,0,0,0,1,0
126,15,sympy:2*i + 1,0,8,0.25,1.559581156259877,0.0,5,15,0.4666666666666667,14059,-0.0357142857142857,0.009755110381675314,0.0,0,0,15,0,0.0,0,0,0,1,0
126,16,sympy:2*i + 1,0,8,0.25,1.559581156259877,0.0,5,16,0.5,15083,0.0,0.0,0.0,0,0,16,0,0.0,0,0,0,1,0
127,1,sympy:4210,1,1,1.0,-0.0,1.0,1,1,0.0,379,0.0,0.0,0.0,0,0,1,1,1.0,0,0,0,1,0
127,2,sympy:4210,1,2,1.0,-0.0,1.0,1,2,0.0,726,0.0,0.0,0.0,0,0,2,2,1.0,0,0,0,1,0
127,3,sympy:4210,1,3,1.0,-0.0,1.0,1,3,0.0,1071,0.0,0.0,0.0,0,0,3,3,1.0,0,0,0,1,0
127,4,sympy:4210,1,4,1.0,-0.0,1.0,1,4,0.0,1464,0.0,0.0,0.0,0,0,4,4,1.0,0,0,0,1,0
127,5,sympy:4210,1,5,1.0,-0.0,1.0,1,5,0.0,1821,0.0,0.0,0.0,0,0,5,5,1.0,0,0,0,1,0
127,6,sympy:4210,1,6,1.0,-0.0,1.0,1,6,0.0,2177,0.0,0.0,0.0,0,0,6,6,1.0,0,0,0,1,0
127,7,sympy:4210,1,7,1.0,-0.0,1.0,1,7,0.0,2529,0.0,0.0,0.0,0,0,7,7,1.0,0,0,0,1,0
127,8,sympy:4210,1,8,1.0,-0.0,1.0,1,8,0.0,2944,0.0,0.0,0.0,0,0,8,8,1.0,0,0,0,1,0
127,9,sympy:4210,1,9,1.0,-0.0,1.0,1,9,0.0,3313,0.0,0.0,0.0,0,0,9,9,1.0,0,0,0,1,0
127,10,sympy:4210,1,10,1.0,-0.0,1.0,1,10,0.0,4337,0.0,0.0,0.0,0,0,10,10,1.0,0,0,0,1,0
127,11,sympy:4210,1,11,1.0,-0.0,1.0,1,11,0.0,4633,0.0,0.0,0.0,0,0,11,11,1.0,0,0,0,1,0
127,12,sympy:4210,1,12,1.0,-0.0,1.0,1,12,0.0,5035,0.0,0.0,0.0,0,0,12,12,1.0,0,0,0,1,0
127,13,sympy:4210,1,13,1.0,-0.0,1.0,1,13,0.0,6059,0.0,0.0,0.0,0,0,13,13,1.0,0,0,0,1,0
127,14,sympy:4210,1,14,1.0,-0.0,1.0,1,14,0.0,6407,0.0,0.0,0.0,0,0,14,14,1.0,0,0,0,1,0
127,15,sympy:4210,1,15,1.0,-0.0,1.0,1,15,0.0,6873,0.0,0.0,0.0,0,0,15,15,1.0,0,0,0,1,0
127,16,sympy:4210,1,16,1.0,-0.0,1.0,1,16,0.0,7240,0.0,0.0,0.0,0,0,16,16,1.0,0,0,0,1,0
128,1,sympy:36,1,1,1.0,-0.0,1.0,1,1,0.0,194,0.0,0.0,0.0,0,0,1,1,1.0,0,0,0,1,0
128,2,sympy:36,1,2,1.0,-0.0,1.0,1,2,0.0,381,0.0,0.0,0.0,0,0,2,2,1.0,0,0,0,1,0
128,3,sympy:36,1,3,1.0,-0.0,1.0,1,3,0.0,597,0.0,0.0,0.0,0,0,3,3,1.0,0,0,0,1,0
128,4,sympy:36,1,4,1.0,-0.0,1.0,1,4,0.0,810,0.0,0.0,0.0,0,0,4,4,1.0,0,0,0,1,0
128,5,sympy:36,1,5,1.0,-0.0,1.0,1,5,0.0,1023,0.0,0.0,0.0,0,0,5,5,1.0,0,0,0,1,0
128,6,sympy:36,1,6,1.0,-0.0,1.0,1,6,0.0,1237,0.0,0.0,0.0,0,0,6,6,1.0,0,0,0,1,0
128,7,sympy:36,1,7,1.0,-0.0,1.0,1,7,0.0,1426,0.0,0.0,0.0,0,0,7,7,1.0,0,0,0,1,0
128,8,sympy:36,1,8,1.0,-0.0,1.0,1,8,0.0,1655,0.0,0.0,0.0,0,0,8,8,1.0,0,0,0,1,0
128,9,sympy:36,1,9,1.0,-0.0,1.0,1,9,0.0,1915,0.0,0.0,0.0,0,0,9,9,1.0,0,0,0,1,0
128,10,sympy:36,1,10,1.0,-0.0,1.0,1,10,0.0,2939,0.0,0.0,0.0,0,0,10,10,1.0,0,0,0,1,0
128,11,sympy:36,1,11,1.0,-0.0,1.0,1,11,0.0,3141,0.0,0.0,0.0,0,0,11,11,1.0,0,0,0,1,0
128,12,sympy:36,1,12,1.0,-0.0,1.0,1,12,0.0,3340,0.0,0.0,0.0,0,0,12,12,1.0,0,0,0,1,0
128,13,sympy:36,1,13,1.0,-0.0,1.0,1,13,0.0,3566,0.0,0.0,0.0,0,0,13,13,1.0,0,0,0,1,0
128,14,sympy:36,1,14,1.0,-0.0,1.0,1,14,0.0,3789,0.0,0.0,0.0,0,0,14,14,1.0,0,0,0,1,0
128,15,sympy:36,1,15,1.0,-0.0,1.0,1,15,0.0,3976,0.0,0.0,0.0,0,0,15,15,1.0,0,0,0,1,0
128,16,sympy:36,1,16,1.0,-0.0,1.0,1,16,0.0,4172,0.0,0.0,0.0,0,0,16,16,1.0,0,0,0,1,0
129,1,sympy:480/17,0,1,1.0,-0.0,1.0,1,1,0.0,541,0.0,0.0,0.0,0,0,1,1,1.0,1,1,0,0,1
129,2,sympy:480/17,0,2,0.5,0.6931471805599453,0.0,2,2,0.0,1228,-0.5,0.6931471805599453,-1.0,0,0,2,0,0.5,1,1,0,0,1
129,3,sympy:3840/289,1,3,0.6666666666666666,0.6365141682948128,0.3333333333333333,2,1,0.0,1902,0.16666666666666663,-0.05663301226513251,0.3333333333333333,1,1,2,1,0.6666666666666666,0,0,0,1,0
129,4,sympy:3840/289,1,4,0.5,1.0397207708399179,0.25,3,2,0.0,2388,-0.16666666666666663,0.4032066025451051,-0.08333333333333331,0,1,2,1,0.6666666666666666,0,0,0,1,0
129,5,sympy:3840/289,1,5,0.4,1.3321790402101223,0.2,4,3,0.0,3412,-0.09999999999999998,0.29245826937020447,-0.04999999999999999,0,1,3,1,0.3333333333333333,0,0,0,1,0
129,6,sympy:3840/289,1,6,0.5,1.242453324894,0.3333333333333333,4,4,0.0,4122,0.09999999999999998,-0.08972571531612239,0.1333333333333333,0,1,4,2,0.3333333333333333,0,0,0,1,0
129,7,sympy:3840/289,1,7,0.42857142857142855,1.277034259466139,0.14285714285714285,4,5,0.0,4928,-0.07142857142857145,0.034580934572139066,-0.19047619047619047,0,1,5,1,0.3333333333333333,0,0,0,1,0
129,8,sympy:3840/289,1,8,0.5,1.2130075659799042,0.25,4,6,0.0,5664,0.07142857142857145,-0.0640266934862348,0.10714285714285715,0,1,6,2,0.6666666666666666,0,0,0,1,0
129,9,sympy:3840/289,1,9,0.4444444444444444,1.2148896539491203,0.1111111111111111,4,7,0.0,6263,-0.05555555555555558,0.001882087969216073,-0.1388888888888889,0,1,7,1,0.3333333333333333,0,0,0,1,0
129,10,sympy:480/17,0,10,0.4,1.1935496040981333,0.0,4,1,0.0,6840,-0.0444444444444444,-0.02134004985098703,-0.1111111111111111,1,2,7,0,0.6666666666666666,1,1,0,0,1
129,11,sympy:3840/289,1,11,0.45454545454545453,1.162225544921092,0.09090909090909091,4,1,0.0,7676,0.05454545454545451,-0.031324059177041175,0.09090909090909091,1,3,7,1,0.3333333333333333,0,0,0,1,0
129,12,sympy:3840/289,1,12,0.4166666666666667,1.236684869140504,0.08333333333333333,4,2,0.0,8330,-0.037878787878787845,0.07445932421941182,-0.007575757575757583,0,3,7,1,0.3333333333333333,0,0,0,1,0
129,13,sympy:3840/289,1,13,0.46153846153846156,1.2047933096947843,0.15384615384615385,4,3,0.0,9023,0.04487179487179488,-0.03189155944571964,0.07051282051282053,0,3,7,2,0.6666666666666666,0,0,0,1,0
129,14,sympy:3840/289,1,14,0.42857142857142855,1.3760552852604169,0.14285714285714285,5,4,0.0,9820,-0.032967032967033016,0.1712619755656326,-0.010989010989011005,0,3,7,2,0.3333333333333333,0,0,0,1,0
129,15,sympy:3840/289,1,15,0.4,1.3624474851916286,0.06666666666666667,5,5,0.0,10501,-0.028571428571428525,-0.013607800068788256,-0.07619047619047618,0,3,7,1,0.3333333333333333,0,0,0,1,0
129,16,sympy:3840/289,1,16,0.375,1.3917397695183338,0.0625,5,6,0.0,11188,-0.025000000000000022,0.029292284326705165,-0.004166666666666666,0,3,7,1,0.0,0,0,0,1,0
130,1,sympy:13,1,1,1.0,-0.0,1.0,1,1,0.0,439,0.0,0.0,0.0,0,0,1,1,1.0,0,0,0,1,0
130,2,sympy:13,1,2,1.0,-0.0,1.0,1,2,0.0,828,0.0,0.0,0.0,0,0,2,2,1.0,0,0,0,1,0
130,3,sympy:13,1,3,1.0,-0.0,1.0,1,3,0.0,1267,0.0,0.0,0.0,0,0,3,3,1.0,0,0,0,1,0
130,4,sympy:13,1,4,1.0,-0.0,1.0,1,4,0.0,1699,0.0,0.0,0.0,0,0,4,4,1.0,0,0,0,1,0
130,5,sympy:13,1,5,1.0,-0.0,1.0,1,5,0.0,2149,0.0,0.0,0.0,0,0,5,5,1.0,0,0,0,1,0
130,6,sympy:13,1,6,1.0,-0.0,1.0,1,6,0.0,2579,0.0,0.0,0.0,0,0,6,6,1.0,0,0,0,1,0
130,7,sympy:13,1,7,1.0,-0.0,1.0,1,7,0.0,3019,0.0,0.0,0.0,0,0,7,7,1.0,0,0,0,1,0
130,8,sympy:13,1,8,1.0,-0.0,1.0,1,8,0.0,3448,0.0,0.0,0.0,0,0,8,8,1.0,0,0,0,1,0
130,9,sympy:13,1,9,1.0,-0.0,1.0,1,9,0.0,3830,0.0,0.0,0.0,0,0,9,9,1.0,0,0,0,1,0
130,10,sympy:13,1,10,1.0,-0.0,1.0,1,10,0.0,4279,0.0,0.0,0.0,0,0,10,10,1.0,0,0,0,1,0
130,11,sympy:13,1,11,1.0,-0.0,1.0,1,11,0.0,4729,0.0,0.0,0.0,0,0,11,11,1.0,0,0,0,1,0
130,12,sympy:13,1,12,1.0,-0.0,1.0,1,12,0.0,5186,0.0,0.0,0.0,0,0,12,12,1.0,0,0,0,1,0
130,13,sympy:13,1,13,1.0,-0.0,1.0,1,13,0.0,5630,0.0,0.0,0.0,0,0,13,13,1.0,0,0,0,1,0
130,14,sympy:13,1,14,1.0,-0.0,1.0,1,14,0.0,6043,0.0,0.0,0.0,0,0,14,14,1.0,0,0,0,1,0
130,15,sympy:13,1,15,1.0,-0.0,1.0,1,15,0.0,6433,0.0,0.0,0.0,0,0,15,15,1.0,0,0,0,1,0
130,16,sympy:13,1,16,1.0,-0.0,1.0,1,16,0.0,6871,0.0,0.0,0.0,0,0,16,16,1.0,0,0,0,1,0
131,1,sympy:8,1,1,1.0,-0.0,1.0,1,1,0.0,496,0.0,0.0,0.0,0,0,1,1,1.0,0,0,0,1,0
131,2,sympy:8,1,2,1.0,-0.0,1.0,1,2,0.0,1029,0.0,0.0,0.0,0,0,2,2,1.0,0,0,0,1,0
131,3,sympy:8,1,3,1.0,-0.0,1.0,1,3,0.0,1539,0.0,0.0,0.0,0,0,3,3,1.0,0,0,0,1,0
131,4,sympy:8,1,4,1.0,-0.0,1.0,1,4,0.0,2175,0.0,0.0,0.0,0,0,4,4,1.0,0,0,0,1,0
131,5,sympy:8,1,5,1.0,-0.0,1.0,1,5,0.0,2808,0.0,0.0,0.0,0,0,5,5,1.0,0,0,0,1,0
131,6,sympy:8,1,6,1.0,-0.0,1.0,1,6,0.0,3367,0.0,0.0,0.0,0,0,6,6,1.0,0,0,0,1,0
131,7,sympy:8,1,7,1.0,-0.0,1.0,1,7,0.0,3938,0.0,0.0,0.0,0,0,7,7,1.0,0,0,0,1,0
131,8,sympy:8,1,8,1.0,-0.0,1.0,1,8,0.0,4554,0.0,0.0,0.0,0,0,8,8,1.0,0,0,0,1,0
131,9,sympy:8,1,9,1.0,-0.0,1.0,1,9,0.0,5119,0.0,0.0,0.0,0,0,9,9,1.0,0,0,0,1,0
131,10,sympy:8,1,10,1.0,-0.0,1.0,1,10,0.0,5692,0.0,0.0,0.0,0,0,10,10,1.0,0,0,0,1,0
131,11,sympy:8,1,11,1.0,-0.0,1.0,1,11,0.0,6327,0.0,0.0,0.0,0,0,11,11,1.0,0,0,0,1,0
131,12,sympy:8,1,12,1.0,-0.0,1.0,1,12,0.0,6864,0.0,0.0,0.0,0,0,12,12,1.0,0,0,0,1,0
131,13,sympy:8,1,13,1.0,-0.0,1.0,1,13,0.0,7408,0.0,0.0,0.0,0,0,13,13,1.0,0,0,0,1,0
131,14,sympy:8,1,14,1.0,-0.0,1.0,1,14,0.0,7850,0.0,0.0,0.0,0,0,14,14,1.0,0,0,0,1,0
131,15,sympy:8,1,15,1.0,-0.0,1.0,1,15,0.0,8409,0.0,0.0,0.0,0,0,15,15,1.0,0,0,0,1,0
131,16,sympy:8,1,16,1.0,-0.0,1.0,1,16,0.0,8989,0.0,0.0,0.0,0,0,16,16,1.0,0,0,0,1,0
132,1,sympy:4,1,1,1.0,-0.0,1.0,1,1,0.0,253,0.0,0.0,0.0,0,0,1,1,1.0,0,0,0,1,0
132,2,sympy:4,1,2,1.0,-0.0,1.0,1,2,0.0,490,0.0,0.0,0.0,0,0,2,2,1.0,0,0,0,1,0
132,3,sympy:4,1,3,1.0,-0.0,1.0,1,3,0.0,714,0.0,0.0,0.0,0,0,3,3,1.0,0,0,0,1,0
132,4,sympy:4,1,4,1.0,-0.0,1.0,1,4,0.0,980,0.0,0.0,0.0,0,0,4,4,1.0,0,0,0,1,0
132,5,sympy:4,1,5,1.0,-0.0,1.0,1,5,0.0,1203,0.0,0.0,0.0,0,0,5,5,1.0,0,0,0,1,0
132,6,sympy:4,1,6,1.0,-0.0,1.0,1,6,0.0,2227,0.0,0.0,0.0,0,0,6,6,1.0,0,0,0,1,0
132,7,sympy:4,1,7,1.0,-0.0,1.0,1,7,0.0,2549,0.0,0.0,0.0,0,0,7,7,1.0,0,0,0,1,0
132,8,sympy:4,1,8,1.0,-0.0,1.0,1,8,0.0,2784,0.0,0.0,0.0,0,0,8,8,1.0,0,0,0,1,0
132,9,sympy:4,1,9,1.0,-0.0,1.0,1,9,0.0,2969,0.0,0.0,0.0,0,0,9,9,1.0,0,0,0,1,0
132,10,sympy:4,1,10,1.0,-0.0,1.0,1,10,0.0,3218,0.0,0.0,0.0,0,0,10,10,1.0,0,0,0,1,0
132,11,sympy:4,1,11,1.0,-0.0,1.0,1,11,0.0,3436,0.0,0.0,0.0,0,0,11,11,1.0,0,0,0,1,0
132,12,sympy:4,1,12,1.0,-0.0,1.0,1,12,0.0,3760,0.0,0.0,0.0,0,0,12,12,1.0,0,0,0,1,0
132,13,sympy:4,1,13,1.0,-0.0,1.0,1,13,0.0,3967,0.0,0.0,0.0,0,0,13,13,1.0,0,0,0,1,0
132,14,sympy:4,1,14,1.0,-0.0,1.0,1,14,0.0,4270,0.0,0.0,0.0,0,0,14,14,1.0,0,0,0,1,0
132,15,sympy:4,1,15,1.0,-0.0,1.0,1,15,0.0,5294,0.0,0.0,0.0,0,0,15,15,1.0,0,0,0,1,0
132,16,sympy:4,1,16,1.0,-0.0,1.0,1,16,0.0,5577,0.0,0.0,0.0,0,0,16,16,1.0,0,0,0,1,0
133,1,sympy:120,1,1,1.0,-0.0,1.0,1,1,0.0,421,0.0,0.0,0.0,0,0,1,1,1.0,0,0,0,1,0
133,2,sympy:120,1,2,1.0,-0.0,1.0,1,2,0.0,734,0.0,0.0,0.0,0,0,2,2,1.0,0,0,0,1,0
133,3,sympy:120,1,3,1.0,-0.0,1.0,1,3,0.0,1084,0.0,0.0,0.0,0,0,3,3,1.0,0,0,0,1,0
133,4,sympy:120,1,4,1.0,-0.0,1.0,1,4,0.0,1432,0.0,0.0,0.0,0,0,4,4,1.0,0,0,0,1,0
133,5,sympy:120,1,5,1.0,-0.0,1.0,1,5,0.0,1978,0.0,0.0,0.0,0,0,5,5,1.0,0,0,0,1,0
133,6,sympy:120,1,6,1.0,-0.0,1.0,1,6,0.0,2380,0.0,0.0,0.0,0,0,6,6,1.0,0,0,0,1,0
133,7,sympy:120,1,7,1.0,-0.0,1.0,1,7,0.0,2679,0.0,0.0,0.0,0,0,7,7,1.0,0,0,0,1,0
133,8,sympy:120,1,8,1.0,-0.0,1.0,1,8,0.0,2978,0.0,0.0,0.0,0,0,8,8,1.0,0,0,0,1,0
133,9,sympy:120,1,9,0.8888888888888888,0.34883209584303193,0.7777777777777778,2,9,0.0,3845,-0.11111111111111116,0.34883209584303193,-0.2222222222222222,0,0,9,7,0.6666666666666666,0,0,0,1,0
133,10,sympy:120,1,10,0.9,0.3250829733914482,0.8,2,10,0.0,4191,0.011111111111111183,-0.023749122451583726,0.022222222222222254,0,0,10,8,0.6666666666666666,0,0,0,1,0
133,11,sympy:120,1,11,0.9090909090909091,0.30463609734923813,0.8181818181818182,2,11,0.0,4480,0.009090909090909038,-0.02044687604221007,0.018181818181818188,0,0,11,9,0.6666666666666666,0,0,0,1,0
133,12,sympy:120,1,12,0.9166666666666666,0.2868359830561607,0.8333333333333334,2,12,0.0,4784,0.007575757575757569,-0.01780011429307743,0.015151515151515138,0,0,12,10,1.0,0,0,0,1,0
133,13,sympy:120,1,13,0.9230769230769231,0.2711893730418441,0.8461538461538461,2,13,0.0,5265,0.0064102564102564985,-0.01564661001431661,0.012820512820512775,0,0,13,11,1.0,0,0,0,1,0
133,14,sympy:120,1,14,0.9285714285714286,0.25731864054383163,0.8571428571428571,2,14,0.0,5610,0.005494505494505475,-0.013870732498012461,0.01098901098901095,0,0,14,12,1.0,0,0,0,1,0
133,15,sympy:120,1,15,0.9333333333333333,0.24493002679463532,0.8666666666666667,2,15,0.0,6105,0.004761904761904745,-0.012388613749196309,0.009523809523809601,0,0,15,13,1.0,0,0,0,1,0
133,16,sympy:120,1,16,0.9375,0.2337916587064593,0.875,2,16,0.0,6408,0.004166666666666652,-0.011138368088176032,0.008333333333333304,0,0,16,14,1.0,0,0,0,1,0
134,1,sympy:16,1,1,1.0,-0.0,1.0,1,1,0.0,608,0.0,0.0,0.0,0,0,1,1,1.0,0,0,0,1,0
134,2,sympy:16,1,2,1.0,-0.0,1.0,1,2,0.0,1231,0.0,0.0,0.0,0,0,2,2,1.0,0,0,0,1,0
134,3,sympy:16,1,3,1.0,-0.0,1.0,1,3,0.0,1829,0.0,0.0,0.0,0,0,3,3,1.0,0,0,0,1,0
134,4,sympy:16,1,4,1.0,-0.0,1.0,1,4,0.0,2502,0.0,0.0,0.0,0,0,4,4,1.0,0,0,0,1,0
134,5,sympy:16,1,5,1.0,-0.0,1.0,1,5,0.0,3251,0.0,0.0,0.0,0,0,5,5,1.0,0,0,0,1,0
134,6,sympy:16,1,6,1.0,-0.0,1.0,1,6,0.0,3846,0.0,0.0,0.0,0,0,6,6,1.0,0,0,0,1,0
134,7,sympy:16,1,7,1.0,-0.0,1.0,1,7,0.0,4662,0.0,0.0,0.0,0,0,7,7,1.0,0,0,0,1,0
134,8,sympy:16,1,8,1.0,-0.0,1.0,1,8,0.0,5252,0.0,0.0,0.0,0,0,8,8,1.0,0,0,0,1,0
134,9,sympy:16,1,9,1.0,-0.0,1.0,1,9,0.0,5784,0.0,0.0,0.0,0,0,9,9,1.0,0,0,0,1,0
134,10,sympy:16,1,10,1.0,-0.0,1.0,1,10,0.0,6342,0.0,0.0,0.0,0,0,10,10,1.0,0,0,0,1,0
134,11,sympy:16,1,11,1.0,-0.0,1.0,1,11,0.0,7077,0.0,0.0,0.0,0,0,11,11,1.0,0,0,0,1,0
134,12,sympy:16,1,12,1.0,-0.0,1.0,1,12,0.0,7735,0.0,0.0,0.0,0,0,12,12,1.0,0,0,0,1,0
134,13,sympy:16,1,13,1.0,-0.0,1.0,1,13,0.0,8326,0.0,0.0,0.0,0,0,13,13,1.0,0,0,0,1,0
134,14,sympy:16,1,14,1.0,-0.0,1.0,1,14,0.0,8947,0.0,0.0,0.0,0,0,14,14,1.0,0,0,0,1,0
134,15,sympy:16,1,15,1.0,-0.0,1.0,1,15,0.0,9519,0.0,0.0,0.0,0,0,15,15,1.0,0,0,0,1,0
134,16,sympy:16,1,16,1.0,-0.0,1.0,1,16,0.0,10206,0.0,0.0,0.0,0,0,16,16,1.0,0,0,0,1,0
135,1,sympy:9,1,1,1.0,-0.0,1.0,1,1,0.0,281,0.0,0.0,0.0,0,0,1,1,1.0,0,0,0,1,0
135,2,sympy:9,1,2,1.0,-0.0,1.0,1,2,0.0,728,0.0,0.0,0.0,0,0,2,2,1.0,0,0,0,1,0
135,3,sympy:9,1,3,1.0,-0.0,1.0,1,3,0.0,1159,0.0,0.0,0.0,0,0,3,3,1.0,0,0,0,1,0
135,4,sympy:9,1,4,1.0,-0.0,1.0,1,4,0.0,1645,0.0,0.0,0.0,0,0,4,4,1.0,0,0,0,1,0
135,5,sympy:9,1,5,1.0,-0.0,1.0,1,5,0.0,2079,0.0,0.0,0.0,0,0,5,5,1.0,0,0,0,1,0
135,6,sympy:9,1,6,1.0,-0.0,1.0,1,6,0.0,2559,0.0,0.0,0.0,0,0,6,6,1.0,0,0,0,1,0
135,7,sympy:9,1,7,1.0,-0.0,1.0,1,7,0.0,3020,0.0,0.0,0.0,0,0,7,7,1.0,0,0,0,1,0
135,8,sympy:9,1,8,1.0,-0.0,1.0,1,8,0.0,3395,0.0,0.0,0.0,0,0,8,8,1.0,0,0,0,1,0
135,9,sympy:9,1,9,1.0,-0.0,1.0,1,9,0.0,3904,0.0,0.0,0.0,0,0,9,9,1.0,0,0,0,1,0
135,10,sympy:9,1,10,1.0,-0.0,1.0,1,10,0.0,4400,0.0,0.0,0.0,0,0,10,10,1.0,0,0,0,1,0
135,11,sympy:9,1,11,1.0,-0.0,1.0,1,11,0.0,4839,0.0,0.0,0.0,0,0,11,11,1.0,0,0,0,1,0
135,12,sympy:9,1,12,1.0,-0.0,1.0,1,12,0.0,5308,0.0,0.0,0.0,0,0,12,12,1.0,0,0,0,1,0
135,13,sympy:9,1,13,1.0,-0.0,1.0,1,13,0.0,5631,0.0,0.0,0.0,0,0,13,13,1.0,0,0,0,1,0
135,14,sympy:9,1,14,1.0,-0.0,1.0,1,14,0.0,6158,0.0,0.0,0.0,0,0,14,14,1.0,0,0,0,1,0
135,15,sympy:9,1,15,1.0,-0.0,1.0,1,15,0.0,6572,0.0,0.0,0.0,0,0,15,15,1.0,0,0,0,1,0
135,16,sympy:9,1,16,1.0,-0.0,1.0,1,16,0.0,7121,0.0,0.0,0.0,0,0,16,16,1.0,0,0,0,1,0
136,1,,0,0,,,,0,0,1.0,1024,0.0,0.0,0.0,0,0,0,0,0.0,1,1,0,0,1
136,2,,0,0,,,,0,0,1.0,2048,0.0,0.0,0.0,0,0,0,0,0.0,1,1,0,0,1
136,3,,0,0,,,,0,0,1.0,3072,0.0,0.0,0.0,0,0,0,0,0.0,1,1,0,0,1
136,4,,0,0,,,,0,0,1.0,4096,0.0,0.0,0.0,0,0,0,0,0.0,1,1,0,0,1
136,5,,0,0,,,,0,0,1.0,5120,0.0,0.0,0.0,0,0,0,0,0.0,1,1,0,0,1
136,6,sympy:64,1,1,1.0,-0.0,1.0,1,1,0.8333333333333334,5851,1.0,-0.0,1.0,0,0,1,1,1.0,0,0,0,1,0
136,7,sympy:64,1,1,1.0,-0.0,1.0,1,2,0.8571428571428571,6875,0.0,0.0,0.0,0,0,2,1,1.0,0,0,0,1,0
136,8,sympy:64,1,2,1.0,-0.0,1.0,1,3,0.75,7899,0.0,0.0,0.0,0,0,3,2,1.0,0,0,0,1,0
136,9,sympy:64,1,3,1.0,-0.0,1.0,1,4,0.6666666666666666,8724,0.0,0.0,0.0,0,0,4,3,1.0,0,0,0,1,0
136,10,sympy:64,1,3,1.0,-0.0,1.0,1,5,0.7,9748,0.0,0.0,0.0,0,0,5,3,1.0,0,0,0,1,0
136,11,sympy:64,1,4,1.0,-0.0,1.0,1,6,0.6363636363636364,10653,0.0,0.0,0.0,0,0,6,4,1.0,0,0,0,1,0
136,12,sympy:64,1,5,1.0,-0.0,1.0,1,7,0.5833333333333334,11512,0.0,0.0,0.0,0,0,7,5,1.0,0,0,0,1,0
136,13,sympy:64,1,5,1.0,-0.0,1.0,1,8,0.6153846153846154,12536,0.0,0.0,0.0,0,0,8,5,1.0,0,0,0,1,0
136,14,sympy:64,1,6,0.8333333333333334,0.45056120886630463,0.6666666666666666,2,9,0.5714285714285714,13431,-0.16666666666666663,0.45056120886630463,-0.33333333333333337,0,0,9,4,0.5,0,0,0,1,0
136,15,sympy:64,1,7,0.8571428571428571,0.410116318288409,0.7142857142857143,2,10,0.5333333333333333,14132,0.023809523809523725,-0.04044489057789563,0.04761904761904767,0,0,10,5,0.5,0,0,0,1,0
136,16,sympy:64,1,8,0.875,0.37677016125643675,0.75,2,11,0.5,15107,0.017857142857142905,-0.033346157031972246,0.0357142857142857,0,0,11,6,0.6666666666666666,0,0,0,1,0
137,1,sympy:204,1,1,1.0,-0.0,1.0,1,1,0.0,523,0.0,0.0,0.0,0,0,1,1,1.0,0,0,0,1,0
137,2,sympy:204,1,2,1.0,-0.0,1.0,1,2,0.0,966,0.0,0.0,0.0,0,0,2,2,1.0,0,0,0,1,0
137,3,sympy:204,1,3,1.0,-0.0,1.0,1,3,0.0,1522,0.0,0.0,0.0,0,0,3,3,1.0,0,0,0,1,0
137,4,sympy:204,1,4,1.0,-0.0,1.0,1,4,0.0,1968,0.0,0.0,0.0,0,0,4,4,1.0,0,0,0,1,0
137,5,sympy:204,1,5,1.0,-0.0,1.0,1,5,0.0,2397,0.0,0.0,0.0,0,0,5,5,1.0,0,0,0,1,0
137,6,sympy:204,1,6,1.0,-0.0,1.0,1,6,0.0,2836,0.0,0.0,0.0,0,0,6,6,1.0,0,0,0,1,0
137,7,sympy:204,1,7,1.0,-0.0,1.0,1,7,0.0,3373,0.0,0.0,0.0,0,0,7,7,1.0,0,0,0,1,0
137,8,sympy:204,1,8,1.0,-0.0,1.0,1,8,0.0,3816,0.0,0.0,0.0,0,0,8,8,1.0,0,0,0,1,0
137,9,sympy:204,1,9,1.0,-0.0,1.0,1,9,0.0,4267,0.0,0.0,0.0,0,0,9,9,1.0,0,0,0,1,0
137,10,sympy:204,1,10,1.0,-0.0,1.0,1,10,0.0,4705,0.0,0.0,0.0,0,0,10,10,1.0,0,0,0,1,0
137,11,sympy:204,1,11,1.0,-0.0,1.0,1,11,0.0,5138,0.0,0.0,0.0,0,0,11,11,1.0,0,0,0,1,0
137,12,sympy:204,1,12,1.0,-0.0,1.0,1,12,0.0,5657,0.0,0.0,0.0,0,0,12,12,1.0,0,0,0,1,0
137,13,sympy:204,1,13,1.0,-0.0,1.0,1,13,0.0,6090,0.0,0.0,0.0,0,0,13,13,1.0,0,0,0,1,0
137,14,sympy:204,1,14,1.0,-0.0,1.0,1,14,0.0,6517,0.0,0.0,0.0,0,0,14,14,1.0,0,0,0,1,0
137,15,sympy:204,1,15,1.0,-0.0,1.0,1,15,0.0,7070,0.0,0.0,0.0,0,0,15,15,1.0,0,0,0,1,0
137,16,sympy:204,1,16,1.0,-0.0,1.0,1,16,0.0,7509,0.0,0.0,0.0,0,0,16,16,1.0,0,0,0,1,0
138,1,,0,0,,,,0,0,1.0,1024,0.0,0.0,0.0,0,0,0,0,0.0,1,0,0,1,1
138,2,sympy:1,0,1,1.0,-0.0,1.0,1,1,0.5,2048,1.0,-0.0,1.0,0,0,1,1,1.0,1,0,0,1,1
138,3,sympy:1,0,2,0.5,0.6931471805599453,0.0,2,2,0.3333333333333333,2687,-0.5,0.6931471805599453,-1.0,0,0,2,0,0.5,1,0,0,1,1
138,4,sympy:1,0,2,0.5,0.6931471805599453,0.0,2,3,0.5,3711,0.0,0.0,0.0,0,0,3,0,0.5,1,0,0,1,1
138,5,sympy:1,0,3,0.3333333333333333,1.0986122886681096,0.0,3,4,0.4,4539,-0.16666666666666669,0.4054651081081643,0.0,0,0,4,0,0.0,1,0,0,1,1
138,6,sympy:1,0,3,0.3333333333333333,1.0986122886681096,0.0,3,5,0.5,5563,0.0,0.0,0.0,0,0,5,0,0.0,1,0,0,1,1
138,7,sympy:0,0,4,0.5,1.0397207708399179,0.25,3,1,0.42857142857142855,6170,0.16666666666666669,-0.058891517828191686,0.25,1,1,5,1,0.5,1,0,0,1,1
138,8,sympy:0,0,5,0.4,1.3321790402101223,0.2,4,2,0.375,6816,-0.09999999999999998,0.29245826937020447,-0.04999999999999999,0,1,5,1,0.5,1,0,0,1,1
138,9,sympy:0,0,5,0.4,1.3321790402101223,0.2,4,3,0.4444444444444444,7840,0.0,0.0,0.0,0,1,5,1,0.5,1,0,0,1,1
138,10,sympy:0,0,6,0.3333333333333333,1.3296613488547582,0.0,4,4,0.4,8709,-0.06666666666666671,-0.002517691355364171,-0.2,0,1,5,0,0.0,1,0,0,1,1
138,11,sympy:0,0,7,0.42857142857142855,1.277034259466139,0.14285714285714285,4,5,0.36363636363636365,9504,0.09523809523809523,-0.05262708938861915,0.14285714285714285,0,1,5,1,0.5,1,0,0,1,1
138,12,sympy:0,0,8,0.375,1.4941751382893083,0.125,5,6,0.3333333333333333,10063,-0.05357142857142855,0.21714087882316924,-0.01785714285714285,0,1,6,1,0.3333333333333333,1,0,0,1,1
138,13,sympy:0,0,8,0.375,1.4941751382893083,0.125,5,7,0.38461538461538464,11087,0.0,0.0,0.0,0,1,7,1,0.5,1,0,0,1,1
138,14,sympy:0,0,9,0.3333333333333333,1.464816384890813,0.0,5,8,0.35714285714285715,11861,-0.041666666666666685,-0.029358753398495363,-0.125,0,1,8,0,0.0,1,0,0,1,1
138,15,sympy:1/5,0,10,0.4,1.4184836619456564,0.1,5,1,0.3333333333333333,12840,0.06666666666666671,-0.046332722945156446,0.1,1,2,8,1,1.0,0,0,0,1,0
138,16,sympy:1/5,0,11,0.36363636363636365,1.5941666991180168,0.09090909090909091,6,2,0.3125,13348,-0.036363636363636376,0.17568303717236033,-0.009090909090909094,0,2,8,1,0.6666666666666666,0,0,0,1,0
139,1,sympy:1,1,1,1.0,-0.0,1.0,1,1,0.0,829,0.0,0.0,0.0,0,0,1,1,1.0,0,0,0,1,0
139,2,sympy:1,1,2,1.0,-0.0,1.0,1,2,0.0,1729,0.0,0.0,0.0,0,0,2,2,1.0,0,0,0,1,0
139,3,sympy:1,1,3,1.0,-0.0,1.0,1,3,0.0,2195,0.0,0.0,0.0,0,0,3,3,1.0,0,0,0,1,0
139,4,sympy:1,1,4,1.0,-0.0,1.0,1,4,0.0,3111,0.0,0.0,0.0,0,0,4,4,1.0,0,0,0,1,0
139,5,sympy:1,1,4,1.0,-0.0,1.0,1,5,0.2,4135,0.0,0.0,0.0,0,0,5,4,1.0,0,0,0,1,0
139,6,sympy:1,1,5,1.0,-0.0,1.0,1,6,0.16666666666666666,5025,0.0,0.0,0.0,0,0,6,5,1.0,0,0,0,1,0
139,7,sympy:1,1,6,1.0,-0.0,1.0,1,7,0.14285714285714285,6049,0.0,0.0,0.0,0,0,7,6,1.0,0,0,0,1,0
139,8,sympy:1,1,7,1.0,-0.0,1.0,1,8,0.125,6477,0.0,0.0,0.0,0,0,8,7,1.0,0,0,0,1,0
139,9,sympy:1,1,7,1.0,-0.0,1.0,1,9,0.2222222222222222,7501,0.0,0.0,0.0,0,0,9,7,1.0,0,0,0,1,0
139,10,sympy:1,1,8,1.0,-0.0,1.0,1,10,0.2,8419,0.0,0.0,0.0,0,0,10,8,1.0,0,0,0,1,0
139,11,sympy:1,1,9,1.0,-0.0,1.0,1,11,0.18181818181818182,8692,0.0,0.0,0.0,0,0,11,9,1.0,0,0,0,1,0
139,12,sympy:1,1,10,1.0,-0.0,1.0,1,12,0.16666666666666666,9298,0.0,0.0,0.0,0,0,12,10,1.0,0,0,0,1,0
139,13,sympy:1,1,11,1.0,-0.0,1.0,1,13,0.15384615384615385,9787,0.0,0.0,0.0,0,0,13,11,1.0,0,0,0,1,0
139,14,sympy:1,1,12,1.0,-0.0,1.0,1,14,0.14285714285714285,10679,0.0,0.0,0.0,0,0,14,12,1.0,0,0,0,1,0
139,15,sympy:1,1,13,1.0,-0.0,1.0,1,15,0.13333333333333333,11635,0.0,0.0,0.0,0,0,15,13,1.0,0,0,0,1,0
139,16,sympy:1,1,14,1.0,-0.0,1.0,1,16,0.125,12452,0.0,0.0,0.0,0,0,16,14,1.0,0,0,0,1,0
140,1,sympy:13,1,1,1.0,-0.0,1.0,1,1,0.0,521,0.0,0.0,0.0,0,0,1,1,1.0,0,0,0,1,0
140,2,sympy:13,1,2,1.0,-0.0,1.0,1,2,0.0,1071,0.0,0.0,0.0,0,0,2,2,1.0,0,0,0,1,0
140,3,sympy:13,1,3,1.0,-0.0,1.0,1,3,0.0,1560,0.0,0.0,0.0,0,0,3,3,1.0,0,0,0,1,0
140,4,sympy:13,1,4,1.0,-0.0,1.0,1,4,0.0,2055,0.0,0.0,0.0,0,0,4,4,1.0,0,0,0,1,0
140,5,sympy:13,1,5,1.0,-0.0,1.0,1,5,0.0,2591,0.0,0.0,0.0,0,0,5,5,1.0,0,0,0,1,0
140,6,sympy:13,1,6,1.0,-0.0,1.0,1,6,0.0,3112,0.0,0.0,0.0,0,0,6,6,1.0,0,0,0,1,0
140,7,sympy:13,1,7,1.0,-0.0,1.0,1,7,0.0,3598,0.0,0.0,0.0,0,0,7,7,1.0,0,0,0,1,0
140,8,sympy:13,1,8,1.0,-0.0,1.0,1,8,0.0,4140,0.0,0.0,0.0,0,0,8,8,1.0,0,0,0,1,0
140,9,sympy:13,1,9,1.0,-0.0,1.0,1,9,0.0,4602,0.0,0.0,0.0,0,0,9,9,1.0,0,0,0,1,0
140,10,sympy:13,1,10,1.0,-0.0,1.0,1,10,0.0,5124,0.0,0.0,0.0,0,0,10,10,1.0,0,0,0,1,0
140,11,sympy:13,1,11,1.0,-0.0,1.0,1,11,0.0,5582,0.0,0.0,0.0,0,0,11,11,1.0,0,0,0,1,0
140,12,sympy:13,1,12,1.0,-0.0,1.0,1,12,0.0,6092,0.0,0.0,0.0,0,0,12,12,1.0,0,0,0,1,0
140,13,sympy:13,1,13,1.0,-0.0,1.0,1,13,0.0,6618,0.0,0.0,0.0,0,0,13,13,1.0,0,0,0,1,0
140,14,sympy:13,1,14,1.0,-0.0,1.0,1,14,0.0,7099,0.0,0.0,0.0,0,0,14,14,1.0,0,0,0,1,0
140,15,sympy:13,1,15,1.0,-0.0,1.0,1,15,0.0,7549,0.0,0.0,0.0,0,0,15,15,1.0,0,0,0,1,0
140,16,sympy:13,1,16,1.0,-0.0,1.0,1,16,0.0,8003,0.0,0.0,0.0,0,0,16,16,1.0,0,0,0,1,0
141,1,sympy:2,1,1,1.0,-0.0,1.0,1,1,0.0,292,0.0,0.0,0.0,0,0,1,1,1.0,0,0,0,1,0
141,2,sympy:2,1,2,1.0,-0.0,1.0,1,2,0.0,584,0.0,0.0,0.0,0,0,2,2,1.0,0,0,0,1,0
141,3,sympy:2,1,3,1.0,-0.0,1.0,1,3,0.0,875,0.0,0.0,0.0,0,0,3,3,1.0,0,0,0,1,0
141,4,sympy:2,1,4,1.0,-0.0,1.0,1,4,0.0,1228,0.0,0.0,0.0,0,0,4,4,1.0,0,0,0,1,0
141,5,sympy:2,1,5,1.0,-0.0,1.0,1,5,0.0,1529,0.0,0.0,0.0,0,0,5,5,1.0,0,0,0,1,0
141,6,sympy:2,1,6,1.0,-0.0,1.0,1,6,0.0,1681,0.0,0.0,0.0,0,0,6,6,1.0,0,0,0,1,0
141,7,sympy:2,1,7,1.0,-0.0,1.0,1,7,0.0,2028,0.0,0.0,0.0,0,0,7,7,1.0,0,0,0,1,0
141,8,sympy:2,1,8,1.0,-0.0,1.0,1,8,0.0,2292,0.0,0.0,0.0,0,0,8,8,1.0,0,0,0,1,0
141,9,sympy:2,1,9,1.0,-0.0,1.0,1,9,0.0,2662,0.0,0.0,0.0,0,0,9,9,1.0,0,0,0,1,0
141,10,sympy:2,1,10,1.0,-0.0,1.0,1,10,0.0,2865,0.0,0.0,0.0,0,0,10,10,1.0,0,0,0,1,0
141,11,sympy:2,1,11,1.0,-0.0,1.0,1,11,0.0,3122,0.0,0.0,0.0,0,0,11,11,1.0,0,0,0,1,0
141,12,sympy:2,1,12,1.0,-0.0,1.0,1,12,0.0,3466,0.0,0.0,0.0,0,0,12,12,1.0,0,0,0,1,0
141,13,sympy:2,1,13,1.0,-0.0,1.0,1,13,0.0,3627,0.0,0.0,0.0,0,0,13,13,1.0,0,0,0,1,0
141,14,sympy:2,1,14,1.0,-0.0,1.0,1,14,0.0,3985,0.0,0.0,0.0,0,0,14,14,1.0,0,0,0,1,0
141,15,sympy:2,1,15,1.0,-0.0,1.0,1,15,0.0,4367,0.0,0.0,0.0,0,0,15,15,1.0,0,0,0,1,0
141,16,sympy:2,1,16,1.0,-0.0,1.0,1,16,0.0,4498,0.0,0.0,0.0,0,0,16,16,1.0,0,0,0,1,0
142,1,sympy:28800,1,1,1.0,-0.0,1.0,1,1,0.0,415,0.0,0.0,0.0,0,0,1,1,1.0,0,0,0,1,0
142,2,sympy:28800,1,2,0.5,0.6931471805599453,0.0,2,2,0.0,943,-0.5,0.6931471805599453,-1.0,0,0,2,0,0.5,0,0,0,1,0
142,3,sympy:28800,1,3,0.6666666666666666,0.6365141682948128,0.3333333333333333,2,3,0.0,1377,0.16666666666666663,-0.05663301226513251,0.3333333333333333,0,0,3,1,0.6666666666666666,0,0,0,1,0
142,4,sympy:28800,1,4,0.75,0.5623351446188083,0.5,2,4,0.0,1792,0.08333333333333337,-0.07417902367600449,0.16666666666666669,0,0,4,2,0.6666666666666666,0,0,0,1,0
142,5,sympy:28800,1,5,0.6,0.6730116670092565,0.2,2,5,0.0,2200,-0.15000000000000002,0.11067652239044823,-0.3,0,0,5,1,0.6666666666666666,0,0,0,1,0
142,6,sympy:28800,1,6,0.5,0.6931471805599453,0.0,2,6,0.0,2634,-0.09999999999999998,0.020135513550688766,-0.2,0,0,6,0,0.3333333333333333,0,0,0,1,0
142,7,sympy:28800,1,7,0.5714285714285714,0.6829081047004717,0.14285714285714285,2,7,0.0,3172,0.0714285714285714,-0.01023907585947359,0.14285714285714285,0,0,7,1,0.3333333333333333,0,0,0,1,0
142,8,sympy:28800,1,8,0.5,0.6931471805599453,0.0,2,8,0.0,3605,-0.0714285714285714,0.01023907585947359,-0.14285714285714285,0,0,8,0,0.3333333333333333,0,0,0,1,0
142,9,sympy:28800,1,9,0.5555555555555556,0.6869615765973234,0.1111111111111111,2,9,0.0,4068,0.05555555555555558,-0.006185603962621911,0.1111111111111111,0,0,9,1,0.6666666666666666,0,0,0,1,0
142,10,sympy:28800,1,10,0.5,0.6931471805599453,0.0,2,10,0.0,4466,-0.05555555555555558,0.006185603962621911,-0.1111111111111111,0,0,10,0,0.3333333333333333,0,0,0,1,0
142,11,sympy:3456000,0,11,0.5454545454545454,0.6890092384766586,0.09090909090909091,2,1,0.0,4914,0.045454545454545414,-0.004137942083286661,0.09090909090909091,1,1,10,1,0.6666666666666666,1,1,0,0,1
142,12,sympy:28800,1,12,0.5,0.6931471805599453,0.0,2,1,0.0,5306,-0.045454545454545414,0.004137942083286661,-0.09090909090909091,1,2,10,0,0.3333333333333333,0,0,0,1,0
142,13,sympy:28800,1,13,0.5384615384615384,0.6901856760188042,0.07692307692307693,2,2,0.0,5747,0.038461538461538436,-0.00296150454114108,0.07692307692307693,0,2,10,1,0.6666666666666666,0,0,0,1,0
142,14,sympy:28800,1,14,0.5,0.6931471805599453,0.0,2,3,0.0,6254,-0.038461538461538436,0.00296150454114108,-0.07692307692307693,0,2,10,0,0.6666666666666666,0,0,0,1,0
142,15,sympy:3456000,0,15,0.5333333333333333,0.6909233093138181,0.06666666666666667,2,1,0.0,6749,0.033333333333333326,-0.002223871246127218,0.06666666666666667,1,3,10,1,0.6666666666666666,1,1,0,0,1
142,16,sympy:28800,1,16,0.5,0.6931471805599453,0.0,2,1,0.0,7128,-0.033333333333333326,0.002223871246127218,-0.06666666666666667,1,4,10,0,0.3333333333333333,0,0,0,1,0
143,1,sympy:3*sqrt(5),1,1,1.0,-0.0,1.0,1,1,0.0,566,0.0,0.0,0.0,0,0,1,1,1.0,0,0,0,1,0
143,2,sympy:3*sqrt(5),1,2,1.0,-0.0,1.0,1,2,0.0,1383,0.0,0.0,0.0,0,0,2,2,1.0,0,0,0,1,0
143,3,sympy:3*sqrt(5),1,3,1.0,-0.0,1.0,1,3,0.0,2177,0.0,0.0,0.0,0,0,3,3,1.0,0,0,0,1,0
143,4,sympy:3*sqrt(5),1,4,1.0,-0.0,1.0,1,4,0.0,2824,0.0,0.0,0.0,0,0,4,4,1.0,0,0,0,1,0
143,5,sympy:3*sqrt(5),1,5,1.0,-0.0,1.0,1,5,0.0,3433,0.0,0.0,0.0,0,0,5,5,1.0,0,0,0,1,0
143,6,sympy:3*sqrt(5),1,6,1.0,-0.0,1.0,1,6,0.0,4255,0.0,0.0,0.0,0,0,6,6,1.0,0,0,0,1,0
143,7,sympy:3*sqrt(5),1,7,1.0,-0.0,1.0,1,7,0.0,5208,0.0,0.0,0.0,0,0,7,7,1.0,0,0,0,1,0
143,8,sympy:3*sqrt(5),1,8,1.0,-0.0,1.0,1,8,0.0,5820,0.0,0.0,0.0,0,0,8,8,1.0,0,0,0,1,0
143,9,sympy:3*sqrt(5),1,9,1.0,-0.0,1.0,1,9,0.0,6491,0.0,0.0,0.0,0,0,9,9,1.0,0,0,0,1,0
143,10,sympy:3*sqrt(5),1,10,1.0,-0.0,1.0,1,10,0.0,7184,0.0,0.0,0.0,0,0,10,10,1.0,0,0,0,1,0
143,11,sympy:3*sqrt(5),1,11,1.0,-0.0,1.0,1,11,0.0,7833,0.0,0.0,0.0,0,0,11,11,1.0,0,0,0,1,0
143,12,sympy:3*sqrt(5),1,12,1.0,-0.0,1.0,1,12,0.0,8478,0.0,0.0,0.0,0,0,12,12,1.0,0,0,0,1,0
143,13,sympy:3*sqrt(5),1,13,1.0,-0.0,1.0,1,13,0.0,9163,0.0,0.0,0.0,0,0,13,13,1.0,0,0,0,1,0
143,14,sympy:3*sqrt(5),1,14,1.0,-0.0,1.0,1,14,0.0,9967,0.0,0.0,0.0,0,0,14,14,1.0,0,0,0,1,0
143,15,sympy:3*sqrt(5),1,15,1.0,-0.0,1.0,1,15,0.0,10579,0.0,0.0,0.0,0,0,15,15,1.0,0,0,0,1,0
143,16,sympy:3*sqrt(5),1,16,1.0,-0.0,1.0,1,16,0.0,11397,0.0,0.0,0.0,0,0,16,16,1.0,0,0,0,1,0
144,1,"sympy:(15, -29)",1,1,1.0,-0.0,1.0,1,1,0.0,252,0.0,0.0,0.0,0,0,1,1,1.0,0,0,0,1,0
144,2,"sympy:(15, -29)",1,2,1.0,-0.0,1.0,1,2,0.0,561,0.0,0.0,0.0,0,0,2,2,1.0,0,0,0,1,0
144,3,"sympy:(15, -29)",1,3,1.0,-0.0,1.0,1,3,0.0,813,0.0,0.0,0.0,0,0,3,3,1.0,0,0,0,1,0
144,4,"sympy:(15, -29)",1,4,1.0,-0.0,1.0,1,4,0.0,1067,0.0,0.0,0.0,0,0,4,4,1.0,0,0,0,1,0
144,5,"sympy:(15, -29)",1,5,1.0,-0.0,1.0,1,5,0.0,1319,0.0,0.0,0.0,0,0,5,5,1.0,0,0,0,1,0
144,6,"sympy:(15, -29)",1,6,1.0,-0.0,1.0,1,6,0.0,1547,0.0,0.0,0.0,0,0,6,6,1.0,0,0,0,1,0
144,7,"sympy:(15, -29)",1,7,1.0,-0.0,1.0,1,7,0.0,1802,0.0,0.0,0.0,0,0,7,7,1.0,0,0,0,1,0
144,8,"sympy:(15, -29)",1,8,1.0,-0.0,1.0,1,8,0.0,2073,0.0,0.0,0.0,0,0,8,8,1.0,0,0,0,1,0
144,9,"sympy:(15, -29)",1,9,1.0,-0.0,1.0,1,9,0.0,2327,0.0,0.0,0.0,0,0,9,9,1.0,0,0,0,1,0
144,10,"sympy:(15, -29)",1,10,1.0,-0.0,1.0,1,10,0.0,2672,0.0,0.0,0.0,0,0,10,10,1.0,0,0,0,1,0
144,11,"sympy:(15, -29)",1,11,1.0,-0.0,1.0,1,11,0.0,2927,0.0,0.0,0.0,0,0,11,11,1.0,0,0,0,1,0
144,12,"sympy:(15, -29)",1,12,1.0,-0.0,1.0,1,12,0.0,3202,0.0,0.0,0.0,0,0,12,12,1.0,0,0,0,1,0
144,13,"sympy:(15, -29)",1,13,1.0,-0.0,1.0,1,13,0.0,3434,0.0,0.0,0.0,0,0,13,13,1.0,0,0,0,1,0
144,14,"sympy:(15, -29)",1,14,1.0,-0.0,1.0,1,14,0.0,3688,0.0,0.0,0.0,0,0,14,14,1.0,0,0,0,1,0
144,15,"sympy:(15, -29)",1,15,1.0,-0.0,1.0,1,15,0.0,3922,0.0,0.0,0.0,0,0,15,15,1.0,0,0,0,1,0
144,16,"sympy:(15, -29)",1,16,1.0,-0.0,1.0,1,16,0.0,4176,0.0,0.0,0.0,0,0,16,16,1.0,0,0,0,1,0
145,1,sympy:-2,1,1,1.0,-0.0,1.0,1,1,0.0,592,0.0,0.0,0.0,0,0,1,1,1.0,0,0,0,1,0
145,2,sympy:-2,1,2,0.5,0.6931471805599453,0.0,2,2,0.0,1563,-0.5,0.6931471805599453,-1.0,0,0,2,0,0.5,0,0,0,1,0
145,3,sympy:-2,1,3,0.6666666666666666,0.6365141682948128,0.3333333333333333,2,3,0.0,2170,0.16666666666666663,-0.05663301226513251,0.3333333333333333,0,0,3,1,0.6666666666666666,0,0,0,1,0
145,4,sympy:-2,1,4,0.5,1.0397207708399179,0.25,3,4,0.0,2848,-0.16666666666666663,0.4032066025451051,-0.08333333333333331,0,0,4,1,0.3333333333333333,0,0,0,1,0
145,5,sympy:-2,1,5,0.4,1.3321790402101223,0.2,4,5,0.0,3592,-0.09999999999999998,0.29245826937020447,-0.04999999999999999,0,0,5,1,0.3333333333333333,0,0,0,1,0
145,6,sympy:-2,1,6,0.3333333333333333,1.5607104090414063,0.16666666666666666,5,6,0.0,4307,-0.06666666666666671,0.228531368831284,-0.033333333333333354,0,0,6,1,0.0,0,0,0,1,0
145,7,sympy:-2,1,7,0.2857142857142857,1.5498260458782016,0.0,5,7,0.0,4998,-0.047619047619047616,-0.010884363163204736,-0.16666666666666666,0,0,7,0,0.0,0,0,0,1,0
145,8,sympy:-2,1,8,0.25,1.559581156259877,0.0,5,8,0.0,5527,-0.0357142857142857,0.009755110381675314,0.0,0,0,8,0,0.0,0,0,0,1,0
145,9,sympy:-2,1,9,0.3333333333333333,1.5229550675313184,0.1111111111111111,5,9,0.0,6147,0.08333333333333331,-0.03662608872855855,0.1111111111111111,0,0,9,1,0.3333333333333333,0,0,0,1,0
145,10,sympy:-2,1,10,0.3,1.5047882836811908,0.0,5,10,0.0,6722,-0.033333333333333326,-0.0181667838501276,-0.1111111111111111,0,0,10,0,0.3333333333333333,0,0,0,1,0
145,11,sympy:-2,1,11,0.36363636363636365,1.4681399390162087,0.09090909090909091,5,11,0.0,7424,0.06363636363636366,-0.036648344664982124,0.09090909090909091,0,0,11,1,0.6666666666666666,0,0,0,1,0
145,12,sympy:-2,1,12,0.3333333333333333,1.4451858789480823,0.0,5,12,0.0,7999,-0.03030303030303033,-0.022954060068126392,-0.09090909090909091,0,0,12,0,0.3333333333333333,0,0,0,1,0
145,13,sympy:2,0,13,0.38461538461538464,1.4127446368638479,0.07692307692307693,5,1,0.0,8949,0.05128205128205132,-0.03244124208423438,0.07692307692307693,1,1,12,1,0.6666666666666666,1,1,0,0,1
145,14,sympy:2,0,13,0.38461538461538464,1.4127446368638479,0.07692307692307693,5,2,0.07142857142857142,9973,0.0,0.0,0.0,0,1,12,1,1.0,1,1,0,0,1
145,15,sympy:-2,1,14,0.35714285714285715,1.3904377949394804,0.0,5,1,0.06666666666666667,10620,-0.027472527472527486,-0.022306841924367493,-0.07692307692307693,1,2,12,0,0.5,0,0,0,1,0
145,16,sympy:-2,1,15,0.4,1.3624474851916286,0.06666666666666667,5,2,0.0625,11119,0.04285714285714287,-0.02799030974785177,0.06666666666666667,0,2,12,1,1.0,0,0,0,1,0
146,1,sympy:sqrt(3)/3,1,1,1.0,-0.0,1.0,1,1,0.0,360,0.0,0.0,0.0,0,0,1,1,1.0,0,0,0,1,0
146,2,sympy:sqrt(3)/3,1,2,1.0,-0.0,1.0,1,2,0.0,618,0.0,0.0,0.0,0,0,2,2,1.0,0,0,0,1,0
146,3,sympy:sqrt(3)/3,1,3,1.0,-0.0,1.0,1,3,0.0,939,0.0,0.0,0.0,0,0,3,3,1.0,0,0,0,1,0
146,4,sympy:sqrt(3)/3,1,4,1.0,-0.0,1.0,1,4,0.0,1288,0.0,0.0,0.0,0,0,4,4,1.0,0,0,0,1,0
146,5,sympy:sqrt(3)/3,1,5,1.0,-0.0,1.0,1,5,0.0,1600,0.0,0.0,0.0,0,0,5,5,1.0,0,0,0,1,0
146,6,sympy:sqrt(3)/3,1,6,1.0,-0.0,1.0,1,6,0.0,1943,0.0,0.0,0.0,0,0,6,6,1.0,0,0,0,1,0
146,7,sympy:sqrt(3)/3,1,7,1.0,-0.0,1.0,1,7,0.0,2258,0.0,0.0,0.0,0,0,7,7,1.0,0,0,0,1,0
146,8,sympy:sqrt(3)/3,1,8,1.0,-0.0,1.0,1,8,0.0,2587,0.0,0.0,0.0,0,0,8,8,1.0,0,0,0,1,0
146,9,sympy:sqrt(3)/3,1,9,1.0,-0.0,1.0,1,9,0.0,3611,0.0,0.0,0.0,0,0,9,9,1.0,0,0,0,1,0
146,10,sympy:sqrt(3)/3,1,10,1.0,-0.0,1.0,1,10,0.0,3979,0.0,0.0,0.0,0,0,10,10,1.0,0,0,0,1,0
146,11,sympy:sqrt(3)/3,1,11,1.0,-0.0,1.0,1,11,0.0,4335,0.0,0.0,0.0,0,0,11,11,1.0,0,0,0,1,0
146,12,sympy:sqrt(3)/3,1,12,1.0,-0.0,1.0,1,12,0.0,4574,0.0,0.0,0.0,0,0,12,12,1.0,0,0,0,1,0
146,13,sympy:sqrt(3)/3,1,13,1.0,-0.0,1.0,1,13,0.0,4894,0.0,0.0,0.0,0,0,13,13,1.0,0,0,0,1,0
146,14,sympy:sqrt(3)/3,1,14,1.0,-0.0,1.0,1,14,0.0,5198,0.0,0.0,0.0,0,0,14,14,1.0,0,0,0,1,0
146,15,sympy:sqrt(3)/3,1,15,1.0,-0.0,1.0,1,15,0.0,5455,0.0,0.0,0.0,0,0,15,15,1.0,0,0,0,1,0
146,16,sympy:sqrt(3)/3,1,16,1.0,-0.0,1.0,1,16,0.0,5783,0.0,0.0,0.0,0,0,16,16,1.0,0,0,0,1,0
147,1,sympy:16,1,1,1.0,-0.0,1.0,1,1,0.0,950,0.0,0.0,0.0,0,0,1,1,1.0,1,0,1,1,0
147,2,sympy:16,1,2,0.5,0.6931471805599453,0.0,2,2,0.0,1663,-0.5,0.6931471805599453,-1.0,0,0,2,0,0.5,1,0,1,1,0
147,3,sympy:16,1,3,0.3333333333333333,1.0986122886681096,0.0,3,3,0.0,2400,-0.16666666666666669,0.4054651081081643,0.0,0,0,3,0,0.3333333333333333,1,0,1,1,0
147,4,sympy:12,0,4,0.5,1.0397207708399179,0.25,3,1,0.0,3289,0.16666666666666669,-0.058891517828191686,0.25,1,1,3,1,0.6666666666666666,0,0,0,1,0
147,5,sympy:12,0,5,0.4,1.3321790402101223,0.2,4,2,0.0,4182,-0.09999999999999998,0.29245826937020447,-0.04999999999999999,0,1,3,1,0.3333333333333333,0,0,0,1,0
147,6,sympy:16,1,6,0.3333333333333333,1.3296613488547582,0.0,4,1,0.0,5125,-0.06666666666666671,-0.002517691355364171,-0.2,1,2,3,0,0.3333333333333333,1,0,1,1,0
147,7,sympy:16,1,6,0.3333333333333333,1.3296613488547582,0.0,4,2,0.14285714285714285,6149,0.0,0.0,0.0,0,2,3,0,0.5,1,0,1,1,0
147,8,sympy:16,1,6,0.3333333333333333,1.3296613488547582,0.0,4,3,0.25,7173,0.0,0.0,0.0,0,2,3,0,1.0,1,0,1,1,0
147,9,sympy:12,0,7,0.42857142857142855,1.277034259466139,0.14285714285714285,4,1,0.2222222222222222,8087,0.09523809523809523,-0.05262708938861915,0.14285714285714285,1,3,3,1,1.0,0,0,0,1,0
147,10,sympy:12,0,8,0.375,1.3208883431493221,0.125,4,2,0.2,9061,-0.05357142857142855,0.04385408368318311,-0.01785714285714285,0,3,3,1,0.5,0,0,0,1,0
147,11,sympy:12,0,8,0.375,1.3208883431493221,0.125,4,3,0.2727272727272727,10085,0.0,0.0,0.0,0,3,3,1,0.5,0,0,0,1,0
147,12,sympy:12,0,8,0.375,1.3208883431493221,0.125,4,4,0.3333333333333333,11109,0.0,0.0,0.0,0,3,4,1,0.0,0,0,0,1,0
147,13,sympy:12,0,9,0.4444444444444444,1.2730283365896256,0.2222222222222222,4,5,0.3076923076923077,11979,0.06944444444444442,-0.04786000655969658,0.09722222222222221,0,3,5,2,1.0,0,0,0,1,0
147,14,sympy:12,0,9,0.4444444444444444,1.2730283365896256,0.2222222222222222,4,6,0.35714285714285715,13003,0.0,0.0,0.0,0,3,6,2,1.0,0,0,0,1,0
147,15,sympy:12,0,10,0.4,1.2798542258336676,0.1,4,7,0.3333333333333333,14023,-0.0444444444444444,0.006825889244042038,-0.1222222222222222,0,3,7,1,0.5,0,0,0,1,0
147,16,sympy:12,0,11,0.36363636363636365,1.4681399390162087,0.09090909090909091,5,8,0.3125,14700,-0.036363636363636376,0.18828571318254106,-0.009090909090909094,0,3,8,1,0.0,0,0,0,1,0
148,1,sympy:11,1,1,1.0,-0.0,1.0,1,1,0.0,273,0.0,0.0,0.0,0,0,1,1,1.0,0,0,0,1,0
148,2,sympy:11,1,2,1.0,-0.0,1.0,1,2,0.0,578,0.0,0.0,0.0,0,0,2,2,1.0,0,0,0,1,0
148,3,sympy:11,1,3,1.0,-0.0,1.0,1,3,0.0,850,0.0,0.0,0.0,0,0,3,3,1.0,0,0,0,1,0
148,4,sympy:11,1,4,1.0,-0.0,1.0,1,4,0.0,1156,0.0,0.0,0.0,0,0,4,4,1.0,0,0,0,1,0
148,5,sympy:11,1,5,1.0,-0.0,1.0,1,5,0.0,2180,0.0,0.0,0.0,0,0,5,5,1.0,0,0,0,1,0
148,6,sympy:11,1,6,1.0,-0.0,1.0,1,6,0.0,2447,0.0,0.0,0.0,0,0,6,6,1.0,0,0,0,1,0
148,7,sympy:11,1,7,1.0,-0.0,1.0,1,7,0.0,2776,0.0,0.0,0.0,0,0,7,7,1.0,0,0,0,1,0
148,8,sympy:11,1,8,1.0,-0.0,1.0,1,8,0.0,3059,0.0,0.0,0.0,0,0,8,8,1.0,0,0,0,1,0
148,9,sympy:11,1,9,1.0,-0.0,1.0,1,9,0.0,3328,0.0,0.0,0.0,0,0,9,9,1.0,0,0,0,1,0
148,10,sympy:11,1,10,1.0,-0.0,1.0,1,10,0.0,4352,0.0,0.0,0.0,0,0,10,10,1.0,0,0,0,1,0
148,11,sympy:11,1,11,1.0,-0.0,1.0,1,11,0.0,4616,0.0,0.0,0.0,0,0,11,11,1.0,0,0,0,1,0
148,12,sympy:11,1,12,1.0,-0.0,1.0,1,12,0.0,4882,0.0,0.0,0.0,0,0,12,12,1.0,0,0,0,1,0
148,13,sympy:11,1,13,1.0,-0.0,1.0,1,13,0.0,5151,0.0,0.0,0.0,0,0,13,13,1.0,0,0,0,1,0
148,14,sympy:11,1,14,1.0,-0.0,1.0,1,14,0.0,6175,0.0,0.0,0.0,0,0,14,14,1.0,0,0,0,1,0
148,15,sympy:11,1,15,1.0,-0.0,1.0,1,15,0.0,6478,0.0,0.0,0.0,0,0,15,15,1.0,0,0,0,1,0
148,16,sympy:11,1,16,1.0,-0.0,1.0,1,16,0.0,6797,0.0,0.0,0.0,0,0,16,16,1.0,0,0,0,1,0
149,1,sympy:49,1,1,1.0,-0.0,1.0,1,1,0.0,726,0.0,0.0,0.0,0,0,1,1,1.0,0,0,0,1,0
149,2,sympy:49,1,2,1.0,-0.0,1.0,1,2,0.0,1518,0.0,0.0,0.0,0,0,2,2,1.0,0,0,0,1,0
149,3,sympy:49,1,3,1.0,-0.0,1.0,1,3,0.0,2153,0.0,0.0,0.0,0,0,3,3,1.0,0,0,0,1,0
149,4,sympy:49,1,4,1.0,-0.0,1.0,1,4,0.0,2824,0.0,0.0,0.0,0,0,4,4,1.0,0,0,0,1,0
149,5,sympy:49,1,4,1.0,-0.0,1.0,1,5,0.2,3848,0.0,0.0,0.0,0,0,5,4,1.0,0,0,0,1,0
149,6,sympy:49,1,5,1.0,-0.0,1.0,1,6,0.16666666666666666,4604,0.0,0.0,0.0,0,0,6,5,1.0,0,0,0,1,0
149,7,sympy:49,1,6,1.0,-0.0,1.0,1,7,0.14285714285714285,5264,0.0,0.0,0.0,0,0,7,6,1.0,0,0,0,1,0
149,8,sympy:49,1,7,1.0,-0.0,1.0,1,8,0.125,5912,0.0,0.0,0.0,0,0,8,7,1.0,0,0,0,1,0
149,9,sympy:49,1,7,1.0,-0.0,1.0,1,9,0.2222222222222222,6936,0.0,0.0,0.0,0,0,9,7,1.0,0,0,0,1,0
149,10,sympy:49,1,8,1.0,-0.0,1.0,1,10,0.2,7696,0.0,0.0,0.0,0,0,10,8,1.0,0,0,0,1,0
149,11,sympy:49,1,8,1.0,-0.0,1.0,1,11,0.2727272727272727,8720,0.0,0.0,0.0,0,0,11,8,1.0,0,0,0,1,0
149,12,sympy:49,1,9,1.0,-0.0,1.0,1,12,0.25,9460,0.0,0.0,0.0,0,0,12,9,1.0,0,0,0,1,0
149,13,sympy:49,1,10,1.0,-0.0,1.0,1,13,0.23076923076923078,10128,0.0,0.0,0.0,0,0,13,10,1.0,0,0,0,1,0
149,14,sympy:49,1,11,1.0,-0.0,1.0,1,14,0.21428571428571427,11152,0.0,0.0,0.0,0,0,14,11,1.0,0,0,0,1,0
149,15,sympy:49,1,12,1.0,-0.0,1.0,1,15,0.2,11877,0.0,0.0,0.0,0,0,15,12,1.0,0,0,0,1,0
149,16,sympy:49,1,13,1.0,-0.0,1.0,1,16,0.1875,12603,0.0,0.0,0.0,0,0,16,13,1.0,0,0,0,1,0
150,1,,0,0,,,,0,0,1.0,1024,0.0,0.0,0.0,0,0,0,0,0.0,1,0,0,1,1
150,2,,0,0,,,,0,0,1.0,2048,0.0,0.0,0.0,0,0,0,0,0.0,1,0,0,1,1
150,3,sympy:3,0,1,1.0,-0.0,1.0,1,1,0.6666666666666666,3072,1.0,-0.0,1.0,0,0,1,1,1.0,0,0,0,1,0
150,4,sympy:3,0,1,1.0,-0.0,1.0,1,2,0.75,4096,0.0,0.0,0.0,0,0,2,1,1.0,0,0,0,1,0
150,5,sympy:3,0,1,1.0,-0.0,1.0,1,3,0.8,5120,0.0,0.0,0.0,0,0,3,1,1.0,0,0,0,1,0
150,6,sympy:3,0,2,1.0,-0.0,1.0,1,4,0.6666666666666666,5970,0.0,0.0,0.0,0,0,4,2,1.0,0,0,0,1,0
150,7,sympy:3,0,2,1.0,-0.0,1.0,1,5,0.7142857142857143,6994,0.0,0.0,0.0,0,0,5,2,1.0,0,0,0,1,0
150,8,sympy:3,0,2,1.0,-0.0,1.0,1,6,0.75,8018,0.0,0.0,0.0,0,0,6,2,1.0,0,0,0,1,0
150,9,sympy:3,0,3,0.6666666666666666,0.6365141682948128,0.3333333333333333,2,7,0.6666666666666666,8851,-0.33333333333333337,0.6365141682948128,-0.6666666666666667,0,0,7,1,0.0,0,0,0,1,0
150,10,sympy:3,0,4,0.5,1.0397207708399179,0.25,3,8,0.6,9628,-0.16666666666666663,0.4032066025451051,-0.08333333333333331,0,0,8,1,0.0,0,0,0,1,0
150,11,sympy:3,0,4,0.5,1.0397207708399179,0.25,3,9,0.6363636363636364,10652,0.0,0.0,0.0,0,0,9,1,0.0,0,0,0,1,0
150,12,sympy:3,0,5,0.6,0.9502705392332347,0.4,3,10,0.5833333333333334,11439,0.09999999999999998,-0.0894502316066832,0.15000000000000002,0,0,10,2,0.5,0,0,0,1,0
150,13,sympy:3,0,6,0.5,1.242453324894,0.3333333333333333,4,11,0.5384615384615384,12188,-0.09999999999999998,0.2921827856607653,-0.06666666666666671,0,0,11,2,0.5,0,0,0,1,0
150,14,sympy:3,0,6,0.5,1.242453324894,0.3333333333333333,4,12,0.5714285714285714,13212,0.0,0.0,0.0,0,0,12,2,0.5,0,0,0,1,0
150,15,sympy:3,0,7,0.42857142857142855,1.4750763110546947,0.2857142857142857,5,13,0.5333333333333333,14199,-0.07142857142857145,0.23262298616069477,-0.047619047619047616,0,0,13,2,0.0,0,0,0,1,0
150,16,sympy:3,0,8,0.375,1.4941751382893083,0.125,5,14,0.5,15152,-0.05357142857142855,0.019098827234613536,-0.1607142857142857,0,0,14,1,0.0,0,0,0,1,0
151,1,sympy:144,1,1,1.0,-0.0,1.0,1,1,0.0,415,0.0,0.0,0.0,0,0,1,1,1.0,0,0,0,1,0
151,2,sympy:144,1,2,1.0,-0.0,1.0,1,2,0.0,991,0.0,0.0,0.0,0,0,2,2,1.0,0,0,0,1,0
151,3,sympy:144,1,3,1.0,-0.0,1.0,1,3,0.0,1379,0.0,0.0,0.0,0,0,3,3,1.0,0,0,0,1,0
151,4,sympy:144,1,4,1.0,-0.0,1.0,1,4,0.0,1876,0.0,0.0,0.0,0,0,4,4,1.0,0,0,0,1,0
151,5,sympy:144,1,5,0.8,0.5004024235381879,0.6,2,5,0.0,2604,-0.19999999999999996,0.5004024235381879,-0.4,0,0,5,3,0.6666666666666666,0,0,0,1,0
151,6,sympy:144,1,6,0.8333333333333334,0.45056120886630463,0.6666666666666666,2,6,0.0,3108,0.033333333333333326,-0.04984121467188324,0.06666666666666665,0,0,6,4,0.6666666666666666,0,0,0,1,0
151,7,sympy:144,1,7,0.8571428571428571,0.410116318288409,0.7142857142857143,2,7,0.0,3821,0.023809523809523725,-0.04044489057789563,0.04761904761904767,0,0,7,5,0.6666666666666666,0,0,0,1,0
151,8,sympy:144,1,8,0.75,0.7356219397587946,0.625,3,8,0.0,4531,-0.1071428571428571,0.32550562147038564,-0.0892857142857143,0,0,8,5,0.6666666666666666,0,0,0,1,0
151,9,sympy:144,1,9,0.7777777777777778,0.6837389058487535,0.6666666666666666,3,9,0.0,5132,0.02777777777777779,-0.05188303391004112,0.04166666666666663,0,0,9,6,0.6666666666666666,0,0,0,1,0
151,10,sympy:144,1,10,0.8,0.639031859650177,0.7,3,10,0.0,5723,0.022222222222222254,-0.04470704619857657,0.033333333333333326,0,0,10,7,0.6666666666666666,0,0,0,1,0
151,11,sympy:144,1,11,0.8181818181818182,0.6001660731596457,0.7272727272727273,3,11,0.0,6233,0.018181818181818188,-0.038865786490531296,0.027272727272727337,0,0,11,8,1.0,0,0,0,1,0
151,12,sympy:144,1,12,0.8333333333333334,0.5660857389596289,0.75,3,12,0.0,6841,0.015151515151515138,-0.03408033420001677,0.022727272727272707,0,0,12,9,1.0,0,0,0,1,0
151,13,sympy:144,1,13,0.8461538461538461,0.5359610497090694,0.7692307692307693,3,13,0.0,7421,0.012820512820512775,-0.030124689250559444,0.019230769230769273,0,0,13,10,1.0,0,0,0,1,0
151,14,sympy:144,1,14,0.8571428571428571,0.509137344082687,0.7857142857142857,3,14,0.0,8181,0.01098901098901095,-0.026823705626382477,0.016483516483516425,0,0,14,11,1.0,0,0,0,1,0
151,15,sympy:144,1,15,0.8,0.7201248812718097,0.7333333333333333,4,15,0.0,9020,-0.05714285714285705,0.21098753718912278,-0.05238095238095242,0,0,15,11,0.6666666666666666,0,0,0,1,0
151,16,sympy:144,1,16,0.75,0.8222653373287878,0.625,4,16,0.0,9714,-0.050000000000000044,0.10214045605697808,-0.10833333333333328,0,0,16,10,0.3333333333333333,0,0,0,1,0
152,1,sympy:8,1,1,1.0,-0.0,1.0,1,1,0.0,648,0.0,0.0,0.0,0,0,1,1,1.0,1,0,1,1,0
152,2,sympy:8,1,2,0.5,0.6931471805599453,0.0,2,2,0.0,1316,-0.5,0.6931471805599453,-1.0,0,0,2,0,0.5,1,0,1,1,0
152,3,sympy:8,1,3,0.3333333333333333,1.0986122886681096,0.0,3,3,0.0,1832,-0.16666666666666669,0.4054651081081643,0.0,0,0,3,0,0.3333333333333333,1,0,1,1,0
152,4,sympy:16,0,4,0.5,1.0397207708399179,0.25,3,1,0.0,2856,0.16666666666666669,-0.058891517828191686,0.25,1,1,3,1,0.6666666666666666,0,0,0,1,0
152,5,sympy:16,0,5,0.4,1.3321790402101223,0.2,4,2,0.0,3369,-0.09999999999999998,0.29245826937020447,-0.04999999999999999,0,1,3,1,0.6666666666666666,0,0,0,1,0
152,6,sympy:16,0,6,0.3333333333333333,1.5607104090414063,0.16666666666666666,5,3,0.0,3886,-0.06666666666666671,0.228531368831284,-0.033333333333333354,0,1,3,1,0.3333333333333333,0,0,0,1,0
152,7,sympy:16,0,7,0.2857142857142857,1.7478680974667573,0.14285714285714285,6,4,0.0,4910,-0.047619047619047616,0.18715768842535097,-0.023809523809523808,0,1,4,1,0.0,0,0,0,1,0
152,8,sympy:16,0,8,0.25,1.9061547465398494,0.125,7,5,0.0,5325,-0.0357142857142857,0.1582866490730921,-0.01785714285714285,0,1,5,1,0.0,0,0,0,1,0
152,9,sympy:16,0,8,0.25,1.9061547465398494,0.125,7,6,0.1111111111111111,6349,0.0,0.0,0.0,0,1,6,1,0.0,0,0,0,1,0
152,10,sympy:16,0,9,0.3333333333333333,1.8310204811135162,0.2222222222222222,7,7,0.1,7035,0.08333333333333331,-0.07513426542633317,0.09722222222222221,0,1,7,2,0.5,0,0,0,1,0
152,11,sympy:16,0,10,0.3,1.8343719702816237,0.1,7,8,0.09090909090909091,7797,-0.033333333333333326,0.0033514891681074577,-0.1222222222222222,0,1,8,1,0.5,0,0,0,1,0
152,12,sympy:8,1,11,0.2727272727272727,1.7986522062521288,0.0,7,1,0.08333333333333333,8376,-0.027272727272727282,-0.03571976402949484,-0.1,1,2,8,0,0.6666666666666666,1,0,1,1,0
152,13,sympy:16,0,12,0.3333333333333333,1.748155457247676,0.08333333333333333,7,1,0.07692307692307693,9400,0.06060606060606061,-0.05049674900445278,0.08333333333333333,1,3,8,1,0.3333333333333333,0,0,0,1,0
152,14,sympy:16,0,12,0.3333333333333333,1.748155457247676,0.08333333333333333,7,2,0.14285714285714285,10424,0.0,0.0,0.0,0,3,8,1,0.5,0,0,0,1,0
152,15,sympy:16,0,13,0.3076923076923077,1.8848713335781606,0.07692307692307693,8,3,0.13333333333333333,10961,-0.025641025641025605,0.13671587633048454,-0.006410256410256401,0,3,8,1,0.5,0,0,0,1,0
152,16,sympy:16,0,14,0.2857142857142857,1.90853528164356,0.07142857142857142,8,4,0.125,11470,-0.02197802197802201,0.023663948065399287,-0.005494505494505503,0,3,8,1,0.0,0,0,0,1,0
153,1,sympy:2/21,1,1,1.0,-0.0,1.0,1,1,0.0,341,0.0,0.0,0.0,0,0,1,1,1.0,0,0,0,1,0
153,2,sympy:2/21,1,2,1.0,-0.0,1.0,1,2,0.0,949,0.0,0.0,0.0,0,0,2,2,1.0,0,0,0,1,0
153,3,sympy:2/21,1,3,1.0,-0.0,1.0,1,3,0.0,1291,0.0,0.0,0.0,0,0,3,3,1.0,0,0,0,1,0
153,4,sympy:2/21,1,4,1.0,-0.0,1.0,1,4,0.0,1686,0.0,0.0,0.0,0,0,4,4,1.0,0,0,0,1,0
153,5,sympy:2/21,1,5,1.0,-0.0,1.0,1,5,0.0,2030,0.0,0.0,0.0,0,0,5,5,1.0,0,0,0,1,0
153,6,sympy:2/21,1,6,1.0,-0.0,1.0,1,6,0.0,2525,0.0,0.0,0.0,0,0,6,6,1.0,0,0,0,1,0
153,7,sympy:2/21,1,7,1.0,-0.0,1.0,1,7,0.0,3011,0.0,0.0,0.0,0,0,7,7,1.0,0,0,0,1,0
153,8,sympy:2/21,1,8,1.0,-0.0,1.0,1,8,0.0,3389,0.0,0.0,0.0,0,0,8,8,1.0,0,0,0,1,0
153,9,sympy:2/21,1,9,1.0,-0.0,1.0,1,9,0.0,3869,0.0,0.0,0.0,0,0,9,9,1.0,0,0,0,1,0
153,10,sympy:2/21,1,10,1.0,-0.0,1.0,1,10,0.0,4298,0.0,0.0,0.0,0,0,10,10,1.0,0,0,0,1,0
153,11,sympy:2/21,1,11,1.0,-0.0,1.0,1,11,0.0,4955,0.0,0.0,0.0,0,0,11,11,1.0,0,0,0,1,0
153,12,sympy:2/21,1,12,1.0,-0.0,1.0,1,12,0.0,5339,0.0,0.0,0.0,0,0,12,12,1.0,0,0,0,1,0
153,13,sympy:2/21,1,13,1.0,-0.0,1.0,1,13,0.0,6020,0.0,0.0,0.0,0,0,13,13,1.0,0,0,0,1,0
153,14,sympy:2/21,1,14,1.0,-0.0,1.0,1,14,0.0,6390,0.0,0.0,0.0,0,0,14,14,1.0,0,0,0,1,0
153,15,sympy:2/21,1,15,1.0,-0.0,1.0,1,15,0.0,6925,0.0,0.0,0.0,0,0,15,15,1.0,0,0,0,1,0
153,16,sympy:2/21,1,16,1.0,-0.0,1.0,1,16,0.0,7534,0.0,0.0,0.0,0,0,16,16,1.0,0,0,0,1,0
154,1,sympy:2*sqrt(34),0,1,1.0,-0.0,1.0,1,1,0.0,640,0.0,0.0,0.0,0,0,1,1,1.0,0,0,0,1,0
154,2,sympy:2*sqrt(34),0,2,0.5,0.6931471805599453,0.0,2,2,0.0,1060,-0.5,0.6931471805599453,-1.0,0,0,2,0,0.5,0,0,0,1,0
154,3,sympy:2*sqrt(34),0,3,0.3333333333333333,1.0986122886681096,0.0,3,3,0.0,1590,-0.16666666666666669,0.4054651081081643,0.0,0,0,3,0,0.3333333333333333,0,0,0,1,0
154,4,sympy:2*sqrt(34),0,4,0.25,1.3862943611198906,0.0,4,4,0.0,1975,-0.08333333333333331,0.287682072451781,0.0,0,0,4,0,0.0,0,0,0,1,0
154,5,sympy:2*sqrt(34),0,5,0.2,1.6094379124341005,0.0,5,5,0.0,2999,-0.04999999999999999,0.22314355131420993,0.0,0,0,5,0,0.0,0,0,0,1,0
154,6,sympy:2*sqrt(130),0,6,0.3333333333333333,1.5607104090414063,0.16666666666666666,5,1,0.0,3435,0.1333333333333333,-0.04872750339269416,0.16666666666666666,1,1,5,1,0.6666666666666666,1,0,0,1,1
154,7,sympy:2*sqrt(130),0,7,0.2857142857142857,1.7478680974667573,0.14285714285714285,6,2,0.0,4251,-0.047619047619047616,0.18715768842535097,-0.023809523809523808,0,1,5,1,0.6666666666666666,1,0,0,1,1
154,8,sympy:2*sqrt(34),0,8,0.25,1.732867951399863,0.0,6,1,0.0,4695,-0.0357142857142857,-0.01500014606689426,-0.14285714285714285,1,2,5,0,0.3333333333333333,0,0,0,1,0
154,9,sympy:2*sqrt(34),0,9,0.3333333333333333,1.6769877743224173,0.1111111111111111,6,2,0.0,5109,0.08333333333333331,-0.05588017707744575,0.1111111111111111,0,2,5,1,0.6666666666666666,0,0,0,1,0
154,10,sympy:2*sqrt(34),0,10,0.3,1.8343719702816237,0.1,7,3,0.0,5583,-0.033333333333333326,0.15738419595920639,-0.0111111111111111,0,2,5,1,0.6666666666666666,0,0,0,1,0
154,11,sympy:2*sqrt(34),0,11,0.36363636363636365,1.7677614722893296,0.18181818181818182,7,4,0.0,6025,0.06363636363636366,-0.06661049799229413,0.08181818181818182,0,2,5,2,0.6666666666666666,0,0,0,1,0
154,12,sympy:2*sqrt(34),0,12,0.3333333333333333,1.9072839993213793,0.16666666666666666,8,5,0.0,6491,-0.03030303030303033,0.1395225270320497,-0.015151515151515166,0,2,5,2,0.3333333333333333,0,0,0,1,0
154,13,sympy:2*sqrt(34),0,13,0.38461538461538464,1.8392967479776605,0.23076923076923078,8,6,0.0,6933,0.05128205128205132,-0.06798725134371875,0.06410256410256412,0,2,6,3,0.6666666666666666,0,0,0,1,0
154,14,sympy:2*sqrt(34),0,14,0.35714285714285715,1.9652370493802305,0.21428571428571427,9,7,0.0,7957,-0.027472527472527486,0.12594030140256995,-0.016483516483516508,0,2,7,3,0.3333333333333333,0,0,0,1,0
154,15,sympy:2*sqrt(34),0,15,0.3333333333333333,2.0791512728828505,0.2,10,8,0.0,8370,-0.023809523809523836,0.11391422350262004,-0.014285714285714263,0,2,8,3,0.3333333333333333,0,0,0,1,0
154,16,sympy:2*sqrt(34),0,16,0.3125,2.0963525794641384,0.1875,10,9,0.0,9394,-0.020833333333333315,0.017201306581287934,-0.012500000000000011,0,2,9,3,0.0,0,0,0,1,0
155,1,sympy:1/4,1,1,1.0,-0.0,1.0,1,1,0.0,312,0.0,0.0,0.0,0,0,1,1,1.0,0,0,0,1,0
155,2,sympy:1/4,1,2,1.0,-0.0,1.0,1,2,0.0,828,0.0,0.0,0.0,0,0,2,2,1.0,0,0,0,1,0
155,3,sympy:1/4,1,3,1.0,-0.0,1.0,1,3,0.0,1169,0.0,0.0,0.0,0,0,3,3,1.0,0,0,0,1,0
155,4,sympy:1/4,1,4,1.0,-0.0,1.0,1,4,0.0,1570,0.0,0.0,0.0,0,0,4,4,1.0,0,0,0,1,0
155,5,sympy:1/4,1,5,1.0,-0.0,1.0,1,5,0.0,1900,0.0,0.0,0.0,0,0,5,5,1.0,0,0,0,1,0
155,6,sympy:1/4,1,6,1.0,-0.0,1.0,1,6,0.0,2411,0.0,0.0,0.0,0,0,6,6,1.0,0,0,0,1,0
155,7,sympy:1/4,1,7,1.0,-0.0,1.0,1,7,0.0,2697,0.0,0.0,0.0,0,0,7,7,1.0,0,0,0,1,0
155,8,sympy:1/4,1,8,1.0,-0.0,1.0,1,8,0.0,3003,0.0,0.0,0.0,0,0,8,8,1.0,0,0,0,1,0
155,9,sympy:1/4,1,9,1.0,-0.0,1.0,1,9,0.0,3369,0.0,0.0,0.0,0,0,9,9,1.0,0,0,0,1,0
155,10,sympy:1/4,1,10,1.0,-0.0,1.0,1,10,0.0,3808,0.0,0.0,0.0,0,0,10,10,1.0,0,0,0,1,0
155,11,sympy:1/4,1,11,1.0,-0.0,1.0,1,11,0.0,4154,0.0,0.0,0.0,0,0,11,11,1.0,0,0,0,1,0
155,12,sympy:1/4,1,12,1.0,-0.0,1.0,1,12,0.0,4527,0.0,0.0,0.0,0,0,12,12,1.0,0,0,0,1,0
155,13,sympy:1/4,1,13,1.0,-0.0,1.0,1,13,0.0,5003,0.0,0.0,0.0,0,0,13,13,1.0,0,0,0,1,0
155,14,sympy:1/4,1,14,1.0,-0.0,1.0,1,14,0.0,5446,0.0,0.0,0.0,0,0,14,14,1.0,0,0,0,1,0
155,15,sympy:1/4,1,15,1.0,-0.0,1.0,1,15,0.0,5941,0.0,0.0,0.0,0,0,15,15,1.0,0,0,0,1,0
155,16,sympy:1/4,1,16,1.0,-0.0,1.0,1,16,0.0,6375,0.0,0.0,0.0,0,0,16,16,1.0,0,0,0,1,0
156,1,sympy:90,0,1,1.0,-0.0,1.0,1,1,0.0,600,0.0,0.0,0.0,0,0,1,1,1.0,0,0,0,1,0
156,2,sympy:90,0,2,1.0,-0.0,1.0,1,2,0.0,1456,0.0,0.0,0.0,0,0,2,2,1.0,0,0,0,1,0
156,3,sympy:90,0,2,1.0,-0.0,1.0,1,3,0.3333333333333333,2480,0.0,0.0,0.0,0,0,3,2,1.0,0,0,0,1,0
156,4,sympy:90,0,3,0.6666666666666666,0.6365141682948128,0.3333333333333333,2,4,0.25,3467,-0.33333333333333337,0.6365141682948128,-0.6666666666666667,0,0,4,1,0.5,0,0,0,1,0
156,5,sympy:90,0,4,0.5,0.6931471805599453,0.0,2,5,0.2,4319,-0.16666666666666663,0.05663301226513251,-0.3333333333333333,0,0,5,0,0.0,0,0,0,1,0
156,6,sympy:90,0,5,0.4,1.0549201679861442,0.0,3,6,0.16666666666666666,5210,-0.09999999999999998,0.3617729874261989,0.0,0,0,6,0,0.0,0,0,0,1,0
156,7,sympy:90,0,6,0.5,1.0114042647073518,0.16666666666666666,3,7,0.14285714285714285,5916,0.09999999999999998,-0.0435159032787924,0.16666666666666666,0,0,7,1,0.3333333333333333,0,0,0,1,0
156,8,sympy:90,0,6,0.5,1.0114042647073518,0.16666666666666666,3,8,0.25,6940,0.0,0.0,0.0,0,0,8,1,0.5,0,0,0,1,0
156,9,sympy:90,0,6,0.5,1.0114042647073518,0.16666666666666666,3,9,0.3333333333333333,7964,0.0,0.0,0.0,0,0,9,1,1.0,0,0,0,1,0
156,10,sympy:90,0,7,0.5714285714285714,0.9556998911125343,0.2857142857142857,3,10,0.3,8550,0.0714285714285714,-0.0557043735948175,0.11904761904761904,0,0,10,2,1.0,0,0,0,1,0
156,11,sympy:90,0,8,0.625,0.9002560512685369,0.375,3,11,0.2727272727272727,9390,0.0535714285714286,-0.05544383984399737,0.0892857142857143,0,0,11,3,1.0,0,0,0,1,0
156,12,sympy:90,0,8,0.625,0.9002560512685369,0.375,3,12,0.3333333333333333,10414,0.0,0.0,0.0,0,0,12,3,1.0,0,0,0,1,0
156,13,sympy:90,0,9,0.6666666666666666,0.8486855577264172,0.4444444444444444,3,13,0.3076923076923077,11230,0.04166666666666663,-0.05157049354211973,0.06944444444444442,0,0,13,4,1.0,0,0,0,1,0
156,14,sympy:90,0,10,0.7,0.8018185525433373,0.5,3,14,0.2857142857142857,12197,0.033333333333333326,-0.046867005183079846,0.05555555555555558,0,0,14,5,1.0,0,0,0,1,0
156,15,sympy:90,0,11,0.7272727272727273,0.7595473914748635,0.5454545454545454,3,15,0.26666666666666666,13182,0.027272727272727337,-0.04227116106847384,0.045454545454545414,0,0,15,6,1.0,0,0,0,1,0
156,16,sympy:90,0,11,0.7272727272727273,0.7595473914748635,0.5454545454545454,3,16,0.3125,14206,0.0,0.0,0.0,0,0,16,6,1.0,0,0,0,1,0
157,1,sympy:6/5,1,1,1.0,-0.0,1.0,1,1,0.0,298,0.0,0.0,0.0,0,0,1,1,1.0,0,0,0,1,0
157,2,sympy:6/5,1,2,1.0,-0.0,1.0,1,2,0.0,666,0.0,0.0,0.0,0,0,2,2,1.0,0,0,0,1,0
157,3,sympy:6/5,1,3,1.0,-0.0,1.0,1,3,0.0,1024,0.0,0.0,0.0,0,0,3,3,1.0,0,0,0,1,0
157,4,sympy:6/5,1,4,1.0,-0.0,1.0,1,4,0.0,1414,0.0,0.0,0.0,0,0,4,4,1.0,0,0,0,1,0
157,5,sympy:6/5,1,5,1.0,-0.0,1.0,1,5,0.0,1734,0.0,0.0,0.0,0,0,5,5,1.0,0,0,0,1,0
157,6,sympy:6/5,1,6,1.0,-0.0,1.0,1,6,0.0,2135,0.0,0.0,0.0,0,0,6,6,1.0,0,0,0,1,0
157,7,sympy:6/5,1,7,1.0,-0.0,1.0,1,7,0.0,2459,0.0,0.0,0.0,0,0,7,7,1.0,0,0,0,1,0
157,8,sympy:6/5,1,8,1.0,-0.0,1.0,1,8,0.0,2820,0.0,0.0,0.0,0,0,8,8,1.0,0,0,0,1,0
157,9,sympy:6/5,1,9,1.0,-0.0,1.0,1,9,0.0,3176,0.0,0.0,0.0,0,0,9,9,1.0,0,0,0,1,0
157,10,sympy:6/5,1,10,1.0,-0.0,1.0,1,10,0.0,3488,0.0,0.0,0.0,0,0,10,10,1.0,0,0,0,1,0
157,11,sympy:6/5,1,11,1.0,-0.0,1.0,1,11,0.0,3855,0.0,0.0,0.0,0,0,11,11,1.0,0,0,0,1,0
157,12,sympy:6/5,1,12,1.0,-0.0,1.0,1,12,0.0,4159,0.0,0.0,0.0,0,0,12,12,1.0,0,0,0,1,0
157,13,sympy:6/5,1,13,1.0,-0.0,1.0,1,13,0.0,4505,0.0,0.0,0.0,0,0,13,13,1.0,0,0,0,1,0
157,14,sympy:6/5,1,14,1.0,-0.0,1.0,1,14,0.0,4870,0.0,0.0,0.0,0,0,14,14,1.0,0,0,0,1,0
157,15,sympy:6/5,1,15,1.0,-0.0,1.0,1,15,0.0,5189,0.0,0.0,0.0,0,0,15,15,1.0,0,0,0,1,0
157,16,sympy:6/5,1,16,1.0,-0.0,1.0,1,16,0.0,5705,0.0,0.0,0.0,0,0,16,16,1.0,0,0,0,1,0
158,1,sympy:2107,1,1,1.0,-0.0,1.0,1,1,0.0,688,0.0,0.0,0.0,0,0,1,1,1.0,0,0,0,1,0
158,2,sympy:2107,1,2,1.0,-0.0,1.0,1,2,0.0,1434,0.0,0.0,0.0,0,0,2,2,1.0,0,0,0,1,0
158,3,sympy:2107,1,3,1.0,-0.0,1.0,1,3,0.0,2133,0.0,0.0,0.0,0,0,3,3,1.0,0,0,0,1,0
158,4,sympy:2107,1,4,1.0,-0.0,1.0,1,4,0.0,2712,0.0,0.0,0.0,0,0,4,4,1.0,0,0,0,1,0
158,5,sympy:2107,1,5,1.0,-0.0,1.0,1,5,0.0,3457,0.0,0.0,0.0,0,0,5,5,1.0,0,0,0,1,0
158,6,sympy:2107,1,6,1.0,-0.0,1.0,1,6,0.0,4117,0.0,0.0,0.0,0,0,6,6,1.0,0,0,0,1,0
158,7,sympy:2107,1,7,1.0,-0.0,1.0,1,7,0.0,4825,0.0,0.0,0.0,0,0,7,7,1.0,0,0,0,1,0
158,8,sympy:2107,1,8,1.0,-0.0,1.0,1,8,0.0,5566,0.0,0.0,0.0,0,0,8,8,1.0,0,0,0,1,0
158,9,sympy:2107,1,9,1.0,-0.0,1.0,1,9,0.0,6086,0.0,0.0,0.0,0,0,9,9,1.0,0,0,0,1,0
158,10,sympy:2107,1,10,1.0,-0.0,1.0,1,10,0.0,6745,0.0,0.0,0.0,0,0,10,10,1.0,0,0,0,1,0
158,11,sympy:2107,1,11,1.0,-0.0,1.0,1,11,0.0,7332,0.0,0.0,0.0,0,0,11,11,1.0,0,0,0,1,0
158,12,sympy:2107,1,12,1.0,-0.0,1.0,1,12,0.0,8052,0.0,0.0,0.0,0,0,12,12,1.0,0,0,0,1,0
158,13,sympy:2107,1,13,1.0,-0.0,1.0,1,13,0.0,8745,0.0,0.0,0.0,0,0,13,13,1.0,0,0,0,1,0
158,14,sympy:2107,1,14,1.0,-0.0,1.0,1,14,0.0,9243,0.0,0.0,0.0,0,0,14,14,1.0,0,0,0,1,0
158,15,sympy:2107,1,15,1.0,-0.0,1.0,1,15,0.0,9977,0.0,0.0,0.0,0,0,15,15,1.0,0,0,0,1,0
158,16,sympy:2107,1,16,1.0,-0.0,1.0,1,16,0.0,10692,0.0,0.0,0.0,0,0,16,16,1.0,0,0,0,1,0
159,1,sympy:3.21000000000000,1,1,1.0,-0.0,1.0,1,1,0.0,515,0.0,0.0,0.0,0,0,1,1,1.0,0,0,0,1,0
159,2,sympy:3.21000000000000,1,2,1.0,-0.0,1.0,1,2,0.0,885,0.0,0.0,0.0,0,0,2,2,1.0,0,0,0,1,0
159,3,sympy:3.21000000000000,1,3,1.0,-0.0,1.0,1,3,0.0,1282,0.0,0.0,0.0,0,0,3,3,1.0,0,0,0,1,0
159,4,sympy:3.21000000000000,1,4,1.0,-0.0,1.0,1,4,0.0,1781,0.0,0.0,0.0,0,0,4,4,1.0,0,0,0,1,0
159,5,sympy:3.21000000000000,1,5,1.0,-0.0,1.0,1,5,0.0,2281,0.0,0.0,0.0,0,0,5,5,1.0,0,0,0,1,0
159,6,sympy:3.21000000000000,1,6,1.0,-0.0,1.0,1,6,0.0,2722,0.0,0.0,0.0,0,0,6,6,1.0,0,0,0,1,0
159,7,sympy:3.21000000000000,1,7,1.0,-0.0,1.0,1,7,0.0,3105,0.0,0.0,0.0,0,0,7,7,1.0,0,0,0,1,0
159,8,sympy:3.21000000000000,1,8,1.0,-0.0,1.0,1,8,0.0,3494,0.0,0.0,0.0,0,0,8,8,1.0,0,0,0,1,0
159,9,sympy:3.21000000000000,1,9,1.0,-0.0,1.0,1,9,0.0,4096,0.0,0.0,0.0,0,0,9,9,1.0,0,0,0,1,0
159,10,sympy:3.21000000000000,1,10,1.0,-0.0,1.0,1,10,0.0,4589,0.0,0.0,0.0,0,0,10,10,1.0,0,0,0,1,0
159,11,sympy:3.21000000000000,1,11,1.0,-0.0,1.0,1,11,0.0,5613,0.0,0.0,0.0,0,0,11,11,1.0,0,0,0,1,0
159,12,sympy:3.21000000000000,1,12,1.0,-0.0,1.0,1,12,0.0,6035,0.0,0.0,0.0,0,0,12,12,1.0,0,0,0,1,0
159,13,sympy:3.21000000000000,1,13,1.0,-0.0,1.0,1,13,0.0,6476,0.0,0.0,0.0,0,0,13,13,1.0,0,0,0,1,0
159,14,sympy:3.21000000000000,1,14,1.0,-0.0,1.0,1,14,0.0,6932,0.0,0.0,0.0,0,0,14,14,1.0,0,0,0,1,0
159,15,sympy:3.21000000000000,1,15,1.0,-0.0,1.0,1,15,0.0,7467,0.0,0.0,0.0,0,0,15,15,1.0,0,0,0,1,0
159,16,sympy:3.21000000000000,1,16,1.0,-0.0,1.0,1,16,0.0,8012,0.0,0.0,0.0,0,0,16,16,1.0,0,0,0,1,0
160,1,sympy:18,1,1,1.0,-0.0,1.0,1,1,0.0,476,0.0,0.0,0.0,0,0,1,1,1.0,0,0,0,1,0
160,2,sympy:18,1,2,1.0,-0.0,1.0,1,2,0.0,844,0.0,0.0,0.0,0,0,2,2,1.0,0,0,0,1,0
160,3,sympy:18,1,3,1.0,-0.0,1.0,1,3,0.0,1204,0.0,0.0,0.0,0,0,3,3,1.0,0,0,0,1,0
160,4,sympy:18,1,4,1.0,-0.0,1.0,1,4,0.0,1568,0.0,0.0,0.0,0,0,4,4,1.0,0,0,0,1,0
160,5,sympy:18,1,5,1.0,-0.0,1.0,1,5,0.0,1995,0.0,0.0,0.0,0,0,5,5,1.0,0,0,0,1,0
160,6,sympy:18,1,6,1.0,-0.0,1.0,1,6,0.0,2578,0.0,0.0,0.0,0,0,6,6,1.0,0,0,0,1,0
160,7,sympy:18,1,7,1.0,-0.0,1.0,1,7,0.0,2972,0.0,0.0,0.0,0,0,7,7,1.0,0,0,0,1,0
160,8,sympy:18,1,8,1.0,-0.0,1.0,1,8,0.0,3418,0.0,0.0,0.0,0,0,8,8,1.0,0,0,0,1,0
160,9,sympy:18,1,9,1.0,-0.0,1.0,1,9,0.0,3844,0.0,0.0,0.0,0,0,9,9,1.0,0,0,0,1,0
160,10,sympy:18,1,10,1.0,-0.0,1.0,1,10,0.0,4200,0.0,0.0,0.0,0,0,10,10,1.0,0,0,0,1,0
160,11,sympy:18,1,11,1.0,-0.0,1.0,1,11,0.0,4514,0.0,0.0,0.0,0,0,11,11,1.0,0,0,0,1,0
160,12,sympy:18,1,12,1.0,-0.0,1.0,1,12,0.0,4961,0.0,0.0,0.0,0,0,12,12,1.0,0,0,0,1,0
160,13,sympy:18,1,13,1.0,-0.0,1.0,1,13,0.0,5409,0.0,0.0,0.0,0,0,13,13,1.0,0,0,0,1,0
160,14,sympy:18,1,14,1.0,-0.0,1.0,1,14,0.0,5871,0.0,0.0,0.0,0,0,14,14,1.0,0,0,0,1,0
160,15,sympy:18,1,15,1.0,-0.0,1.0,1,15,0.0,6441,0.0,0.0,0.0,0,0,15,15,1.0,0,0,0,1,0
160,16,sympy:18,1,16,1.0,-0.0,1.0,1,16,0.0,7055,0.0,0.0,0.0,0,0,16,16,1.0,0,0,0,1,0
161,1,sympy:6,1,1,1.0,-0.0,1.0,1,1,0.0,151,0.0,0.0,0.0,0,0,1,1,1.0,0,0,0,1,0
161,2,sympy:6,1,2,1.0,-0.0,1.0,1,2,0.0,1175,0.0,0.0,0.0,0,0,2,2,1.0,0,0,0,1,0
161,3,sympy:6,1,3,1.0,-0.0,1.0,1,3,0.0,1374,0.0,0.0,0.0,0,0,3,3,1.0,0,0,0,1,0
161,4,sympy:6,1,4,1.0,-0.0,1.0,1,4,0.0,1546,0.0,0.0,0.0,0,0,4,4,1.0,0,0,0,1,0
161,5,sympy:6,1,5,1.0,-0.0,1.0,1,5,0.0,1718,0.0,0.0,0.0,0,0,5,5,1.0,0,0,0,1,0
161,6,sympy:6,1,6,1.0,-0.0,1.0,1,6,0.0,1896,0.0,0.0,0.0,0,0,6,6,1.0,0,0,0,1,0
161,7,sympy:6,1,7,1.0,-0.0,1.0,1,7,0.0,2072,0.0,0.0,0.0,0,0,7,7,1.0,0,0,0,1,0
161,8,sympy:6,1,8,1.0,-0.0,1.0,1,8,0.0,2250,0.0,0.0,0.0,0,0,8,8,1.0,0,0,0,1,0
161,9,sympy:6,1,9,1.0,-0.0,1.0,1,9,0.0,2428,0.0,0.0,0.0,0,0,9,9,1.0,0,0,0,1,0
161,10,sympy:6,1,10,1.0,-0.0,1.0,1,10,0.0,3452,0.0,0.0,0.0,0,0,10,10,1.0,0,0,0,1,0
161,11,sympy:6,1,11,1.0,-0.0,1.0,1,11,0.0,3641,0.0,0.0,0.0,0,0,11,11,1.0,0,0,0,1,0
161,12,sympy:6,1,12,1.0,-0.0,1.0,1,12,0.0,3817,0.0,0.0,0.0,0,0,12,12,1.0,0,0,0,1,0
161,13,sympy:6,1,13,1.0,-0.0,1.0,1,13,0.0,3991,0.0,0.0,0.0,0,0,13,13,1.0,0,0,0,1,0
161,14,sympy:6,1,14,1.0,-0.0,1.0,1,14,0.0,4169,0.0,0.0,0.0,0,0,14,14,1.0,0,0,0,1,0
161,15,sympy:6,1,15,1.0,-0.0,1.0,1,15,0.0,4344,0.0,0.0,0.0,0,0,15,15,1.0,0,0,0,1,0
161,16,sympy:6,1,16,1.0,-0.0,1.0,1,16,0.0,4522,0.0,0.0,0.0,0,0,16,16,1.0,0,0,0,1,0
162,1,sympy:17/50,1,1,1.0,-0.0,1.0,1,1,0.0,855,0.0,0.0,0.0,0,0,1,1,1.0,0,0,0,1,0
162,2,sympy:17/50,1,2,1.0,-0.0,1.0,1,2,0.0,1635,0.0,0.0,0.0,0,0,2,2,1.0,0,0,0,1,0
162,3,sympy:17/50,1,3,1.0,-0.0,1.0,1,3,0.0,2416,0.0,0.0,0.0,0,0,3,3,1.0,0,0,0,1,0
162,4,sympy:17/50,1,4,1.0,-0.0,1.0,1,4,0.0,3005,0.0,0.0,0.0,0,0,4,4,1.0,0,0,0,1,0
162,5,sympy:17/50,1,5,0.8,0.5004024235381879,0.6,2,5,0.0,3631,-0.19999999999999996,0.5004024235381879,-0.4,0,0,5,3,0.6666666666666666,0,0,0,1,0
162,6,sympy:17/50,1,6,0.8333333333333334,0.45056120886630463,0.6666666666666666,2,6,0.0,4341,0.033333333333333326,-0.04984121467188324,0.06666666666666665,0,0,6,4,0.6666666666666666,0,0,0,1,0
162,7,sympy:17/50,1,7,0.8571428571428571,0.410116318288409,0.7142857142857143,2,7,0.0,5278,0.023809523809523725,-0.04044489057789563,0.04761904761904767,0,0,7,5,0.6666666666666666,0,0,0,1,0
162,8,sympy:17/50,1,8,0.875,0.37677016125643675,0.75,2,8,0.0,6004,0.017857142857142905,-0.033346157031972246,0.0357142857142857,0,0,8,6,1.0,0,0,0,1,0
162,9,sympy:17/50,1,9,0.8888888888888888,0.34883209584303193,0.7777777777777778,2,9,0.0,6695,0.01388888888888884,-0.027938065413404822,0.02777777777777779,0,0,9,7,1.0,0,0,0,1,0
162,10,sympy:17/50,1,10,0.9,0.3250829733914482,0.8,2,10,0.0,7514,0.011111111111111183,-0.023749122451583726,0.022222222222222254,0,0,10,8,1.0,0,0,0,1,0
162,11,sympy:17/50,1,11,0.9090909090909091,0.30463609734923813,0.8181818181818182,2,11,0.0,8106,0.009090909090909038,-0.02044687604221007,0.018181818181818188,0,0,11,9,1.0,0,0,0,1,0
162,12,sympy:17/50,1,12,0.9166666666666666,0.2868359830561607,0.8333333333333334,2,12,0.0,8881,0.007575757575757569,-0.01780011429307743,0.015151515151515138,0,0,12,10,1.0,0,0,0,1,0
162,13,sympy:17/50,1,13,0.9230769230769231,0.2711893730418441,0.8461538461538461,2,13,0.0,9582,0.0064102564102564985,-0.01564661001431661,0.012820512820512775,0,0,13,11,1.0,0,0,0,1,0
162,14,sympy:17/50,1,14,0.9285714285714286,0.25731864054383163,0.8571428571428571,2,14,0.0,10321,0.005494505494505475,-0.013870732498012461,0.01098901098901095,0,0,14,12,1.0,0,0,0,1,0
162,15,sympy:17/50,1,15,0.9333333333333333,0.24493002679463532,0.8666666666666667,2,15,0.0,11109,0.004761904761904745,-0.012388613749196309,0.009523809523809601,0,0,15,13,1.0,0,0,0,1,0
162,16,sympy:17/50,1,16,0.9375,0.2337916587064593,0.875,2,16,0.0,11995,0.004166666666666652,-0.011138368088176032,0.008333333333333304,0,0,16,14,1.0,0,0,0,1,0
163,1,sympy:-35/9,1,1,1.0,-0.0,1.0,1,1,0.0,639,0.0,0.0,0.0,0,0,1,1,1.0,0,0,0,1,0
163,2,sympy:-35/9,1,2,1.0,-0.0,1.0,1,2,0.0,999,0.0,0.0,0.0,0,0,2,2,1.0,0,0,0,1,0
163,3,sympy:-35/9,1,3,1.0,-0.0,1.0,1,3,0.0,1443,0.0,0.0,0.0,0,0,3,3,1.0,0,0,0,1,0
163,4,sympy:-35/9,1,4,1.0,-0.0,1.0,1,4,0.0,1930,0.0,0.0,0.0,0,0,4,4,1.0,0,0,0,1,0
163,5,sympy:-35/9,1,5,1.0,-0.0,1.0,1,5,0.0,2382,0.0,0.0,0.0,0,0,5,5,1.0,0,0,0,1,0
163,6,sympy:-35/9,1,6,1.0,-0.0,1.0,1,6,0.0,2800,0.0,0.0,0.0,0,0,6,6,1.0,0,0,0,1,0
163,7,sympy:-35/9,1,7,1.0,-0.0,1.0,1,7,0.0,3211,0.0,0.0,0.0,0,0,7,7,1.0,0,0,0,1,0
163,8,sympy:-35/9,1,8,1.0,-0.0,1.0,1,8,0.0,3653,0.0,0.0,0.0,0,0,8,8,1.0,0,0,0,1,0
163,9,sympy:-35/9,1,9,1.0,-0.0,1.0,1,9,0.0,4126,0.0,0.0,0.0,0,0,9,9,1.0,0,0,0,1,0
163,10,sympy:-35/9,1,10,1.0,-0.0,1.0,1,10,0.0,4922,0.0,0.0,0.0,0,0,10,10,1.0,0,0,0,1,0
163,11,sympy:-35/9,1,11,1.0,-0.0,1.0,1,11,0.0,5645,0.0,0.0,0.0,0,0,11,11,1.0,0,0,0,1,0
163,12,sympy:-35/9,1,12,1.0,-0.0,1.0,1,12,0.0,6092,0.0,0.0,0.0,0,0,12,12,1.0,0,0,0,1,0
163,13,sympy:-35/9,1,13,1.0,-0.0,1.0,1,13,0.0,6536,0.0,0.0,0.0,0,0,13,13,1.0,0,0,0,1,0
163,14,sympy:-35/9,1,14,1.0,-0.0,1.0,1,14,0.0,7236,0.0,0.0,0.0,0,0,14,14,1.0,0,0,0,1,0
163,15,sympy:-35/9,1,15,0.9333333333333333,0.24493002679463532,0.8666666666666667,2,15,0.0,7757,-0.06666666666666665,0.24493002679463532,-0.1333333333333333,0,0,15,13,0.6666666666666666,0,0,0,1,0
163,16,sympy:-35/9,1,16,0.875,0.4634135588264299,0.8125,3,16,0.0,8203,-0.05833333333333335,0.2184835320317946,-0.054166666666666696,0,0,16,13,0.3333333333333333,0,0,0,1,0
164,1,sympy:sqrt(3),0,1,1.0,-0.0,1.0,1,1,0.0,718,0.0,0.0,0.0,0,0,1,1,1.0,0,0,0,1,0
164,2,sympy:sqrt(3),0,2,1.0,-0.0,1.0,1,2,0.0,1238,0.0,0.0,0.0,0,0,2,2,1.0,0,0,0,1,0
164,3,sympy:sqrt(3),0,3,0.6666666666666666,0.6365141682948128,0.3333333333333333,2,3,0.0,2103,-0.33333333333333337,0.6365141682948128,-0.6666666666666667,0,0,3,1,0.6666666666666666,0,0,0,1,0
164,4,sympy:sqrt(3),0,3,0.6666666666666666,0.6365141682948128,0.3333333333333333,2,4,0.25,3127,0.0,0.0,0.0,0,0,4,1,0.5,0,0,0,1,0
164,5,sympy:sqrt(3),0,4,0.5,0.6931471805599453,0.0,2,5,0.2,3914,-0.16666666666666663,0.05663301226513251,-0.3333333333333333,0,0,5,0,0.0,0,0,0,1,0
164,6,sympy:-sqrt(3),1,5,0.6,0.6730116670092565,0.2,2,1,0.16666666666666666,4701,0.09999999999999998,-0.020135513550688766,0.2,1,1,5,1,1.0,1,0,1,1,0
164,7,sympy:sqrt(3),0,6,0.5,0.6931471805599453,0.0,2,1,0.14285714285714285,5421,-0.09999999999999998,0.020135513550688766,-0.2,1,2,5,0,0.3333333333333333,0,0,0,1,0
164,8,sympy:-sqrt(3),1,7,0.5714285714285714,0.6829081047004717,0.14285714285714285,2,1,0.125,6445,0.0714285714285714,-0.01023907585947359,0.14285714285714285,1,3,5,1,0.6666666666666666,1,0,1,1,0
164,9,sympy:-sqrt(3),1,8,0.5,0.9743147528693494,0.125,3,2,0.1111111111111111,7437,-0.0714285714285714,0.29140664816887774,-0.01785714285714285,0,3,5,1,0.3333333333333333,1,0,1,1,0
164,10,sympy:sqrt(3),0,9,0.4444444444444444,0.9649629230074277,0.0,3,1,0.1,8045,-0.05555555555555558,-0.009351829861921734,-0.125,1,4,5,0,0.3333333333333333,0,0,0,1,0
164,11,sympy:sqrt(3),0,10,0.5,0.9433483923290392,0.1,3,2,0.09090909090909091,8792,0.05555555555555558,-0.021614530678388477,0.1,0,4,5,1,0.6666666666666666,0,0,0,1,0
164,12,sympy:sqrt(3),0,11,0.45454545454545453,1.0361987848192837,0.09090909090909091,3,3,0.08333333333333333,9619,-0.04545454545454547,0.09285039249024452,-0.009090909090909094,0,4,5,1,0.6666666666666666,0,0,0,1,0
164,13,sympy:sqrt(3),0,12,0.4166666666666667,1.236684869140504,0.08333333333333333,4,4,0.07692307692307693,10434,-0.037878787878787845,0.20048608432122017,-0.007575757575757583,0,4,5,1,0.3333333333333333,0,0,0,1,0
164,14,sympy:sqrt(3),0,13,0.38461538461538464,1.2202821662722372,0.0,4,5,0.07142857142857142,11161,-0.03205128205128205,-0.016402702868266728,-0.08333333333333333,0,4,5,0,0.0,0,0,0,1,0
164,15,sympy:sqrt(3),0,14,0.35714285714285715,1.254041901733449,0.0,4,6,0.06666666666666667,12159,-0.027472527472527486,0.033759735461211804,0.0,0,4,6,0,0.0,0,0,0,1,0
164,16,sympy:sqrt(3),0,15,0.4,1.235144651532666,0.06666666666666667,4,7,0.0625,12749,0.04285714285714287,-0.018897250200782922,0.06666666666666667,0,4,7,1,0.3333333333333333,0,0,0,1,0
165,1,sympy:4/9,1,1,1.0,-0.0,1.0,1,1,0.0,299,0.0,0.0,0.0,0,0,1,1,1.0,0,0,0,1,0
165,2,sympy:4/9,1,2,1.0,-0.0,1.0,1,2,0.0,628,0.0,0.0,0.0,0,0,2,2,1.0,0,0,0,1,0
165,3,sympy:4/9,1,3,1.0,-0.0,1.0,1,3,0.0,950,0.0,0.0,0.0,0,0,3,3,1.0,0,0,0,1,0
165,4,sympy:4/9,1,4,1.0,-0.0,1.0,1,4,0.0,1245,0.0,0.0,0.0,0,0,4,4,1.0,0,0,0,1,0
165,5,sympy:4/9,1,5,0.8,0.5004024235381879,0.6,2,5,0.0,1526,-0.19999999999999996,0.5004024235381879,-0.4,0,0,5,3,0.6666666666666666,0,0,0,1,0
165,6,sympy:4/9,1,6,0.8333333333333334,0.45056120886630463,0.6666666666666666,2,6,0.0,1980,0.033333333333333326,-0.04984121467188324,0.06666666666666665,0,0,6,4,0.6666666666666666,0,0,0,1,0
165,7,sympy:4/9,1,7,0.8571428571428571,0.410116318288409,0.7142857142857143,2,7,0.0,2370,0.023809523809523725,-0.04044489057789563,0.04761904761904767,0,0,7,5,0.6666666666666666,0,0,0,1,0
165,8,sympy:4/9,1,8,0.875,0.37677016125643675,0.75,2,8,0.0,2656,0.017857142857142905,-0.033346157031972246,0.0357142857142857,0,0,8,6,1.0,0,0,0,1,0
165,9,sympy:4/9,1,9,0.8888888888888888,0.34883209584303193,0.7777777777777778,2,9,0.0,2955,0.01388888888888884,-0.027938065413404822,0.02777777777777779,0,0,9,7,1.0,0,0,0,1,0
165,10,sympy:4/9,1,10,0.9,0.3250829733914482,0.8,2,10,0.0,3244,0.011111111111111183,-0.023749122451583726,0.022222222222222254,0,0,10,8,1.0,0,0,0,1,0
165,11,sympy:4/9,1,11,0.9090909090909091,0.30463609734923813,0.8181818181818182,2,11,0.0,3522,0.009090909090909038,-0.02044687604221007,0.018181818181818188,0,0,11,9,1.0,0,0,0,1,0
165,12,sympy:4/9,1,12,0.9166666666666666,0.2868359830561607,0.8333333333333334,2,12,0.0,3832,0.007575757575757569,-0.01780011429307743,0.015151515151515138,0,0,12,10,1.0,0,0,0,1,0
165,13,sympy:4/9,1,13,0.9230769230769231,0.2711893730418441,0.8461538461538461,2,13,0.0,4125,0.0064102564102564985,-0.01564661001431661,0.012820512820512775,0,0,13,11,1.0,0,0,0,1,0
165,14,sympy:4/9,1,14,0.9285714285714286,0.25731864054383163,0.8571428571428571,2,14,0.0,4401,0.005494505494505475,-0.013870732498012461,0.01098901098901095,0,0,14,12,1.0,0,0,0,1,0
165,15,sympy:4/9,1,15,0.8666666666666667,0.48509409130221154,0.8,3,15,0.0,4800,-0.06190476190476191,0.2277754507583799,-0.05714285714285705,0,0,15,12,0.6666666666666666,0,0,0,1,0
165,16,sympy:4/9,1,16,0.875,0.4634135588264299,0.8125,3,16,0.0,5194,0.008333333333333304,-0.02168053247578161,0.012499999999999956,0,0,16,13,0.6666666666666666,0,0,0,1,0
166,1,sympy:180/7,0,1,1.0,-0.0,1.0,1,1,0.0,783,0.0,0.0,0.0,0,0,1,1,1.0,1,1,0,0,1
166,2,sympy:180/7,0,2,0.5,0.6931471805599453,0.0,2,2,0.0,1262,-0.5,0.6931471805599453,-1.0,0,0,2,0,0.5,1,1,0,0,1
166,3,sympy:180/7,0,3,0.3333333333333333,1.0986122886681096,0.0,3,3,0.0,2286,-0.16666666666666669,0.4054651081081643,0.0,0,0,3,0,0.3333333333333333,1,1,0,0,1
166,4,sympy:180/7,0,4,0.25,1.3862943611198906,0.0,4,4,0.0,3174,-0.08333333333333331,0.287682072451781,0.0,0,0,4,0,0.0,1,1,0,0,1
166,5,sympy:180/7,0,5,0.2,1.6094379124341005,0.0,5,5,0.0,3539,-0.04999999999999999,0.22314355131420993,0.0,0,0,5,0,0.0,1,1,0,0,1
166,6,sympy:270/7,1,6,0.3333333333333333,1.5607104090414063,0.16666666666666666,5,1,0.0,4165,0.1333333333333333,-0.04872750339269416,0.16666666666666666,1,1,5,1,0.3333333333333333,0,0,0,1,0
166,7,sympy:270/7,1,7,0.42857142857142855,1.4750763110546947,0.2857142857142857,5,2,0.0,4603,0.09523809523809523,-0.08563409798671162,0.11904761904761904,0,1,5,2,0.6666666666666666,0,0,0,1,0
166,8,sympy:270/7,1,8,0.5,1.3862943611198906,0.375,5,3,0.0,5150,0.07142857142857145,-0.08878194993480415,0.0892857142857143,0,1,5,3,1.0,0,0,0,1,0
166,9,sympy:270/7,1,9,0.5555555555555556,1.303092403761719,0.4444444444444444,5,4,0.0,5563,0.05555555555555558,-0.08320195735817149,0.06944444444444442,0,1,5,4,1.0,0,0,0,1,0
166,10,sympy:270/7,1,10,0.6,1.2275294114572126,0.5,5,5,0.0,6348,0.0444444444444444,-0.07556299230450647,0.05555555555555558,0,1,5,5,1.0,0,0,0,1,0
166,11,sympy:270/7,1,11,0.5454545454545454,1.4205719259467042,0.45454545454545453,6,6,0.0,7024,-0.054545454545454564,0.1930425144894916,-0.04545454545454547,0,1,6,5,0.6666666666666666,0,0,0,1,0
166,12,sympy:270/7,1,12,0.5833333333333334,1.349792396172401,0.5,6,7,0.0,7409,0.037878787878787956,-0.07077952977430324,0.04545454545454547,0,1,7,6,0.6666666666666666,0,0,0,1,0
166,13,sympy:270/7,1,13,0.6153846153846154,1.2852930241200993,0.5384615384615384,6,8,0.0,8061,0.03205128205128205,-0.06449937205230172,0.038461538461538436,0,1,8,7,0.6666666666666666,0,0,0,1,0
166,14,sympy:270/7,1,14,0.6428571428571429,1.2265558156134033,0.5714285714285714,6,9,0.0,8746,0.027472527472527486,-0.05873720850669595,0.03296703296703296,0,1,9,8,1.0,0,0,0,1,0
166,15,sympy:270/7,1,15,0.6666666666666666,1.172993472439513,0.6,6,10,0.0,9459,0.023809523809523725,-0.0535623431738903,0.02857142857142858,0,1,10,9,1.0,0,0,0,1,0
166,16,sympy:270/7,1,16,0.6875,1.1240357221909014,0.625,6,11,0.0,9906,0.02083333333333337,-0.0489577502486116,0.025000000000000022,0,1,11,10,1.0,0,0,0,1,0
167,1,sympy:65,1,1,1.0,-0.0,1.0,1,1,0.0,216,0.0,0.0,0.0,0,0,1,1,1.0,0,0,0,1,0
167,2,sympy:65,1,2,1.0,-0.0,1.0,1,2,0.0,428,0.0,0.0,0.0,0,0,2,2,1.0,0,0,0,1,0
167,3,sympy:65,1,3,1.0,-0.0,1.0,1,3,0.0,639,0.0,0.0,0.0,0,0,3,3,1.0,0,0,0,1,0
167,4,sympy:65,1,4,1.0,-0.0,1.0,1,4,0.0,855,0.0,0.0,0.0,0,0,4,4,1.0,0,0,0,1,0
167,5,sympy:65,1,5,1.0,-0.0,1.0,1,5,0.0,1067,0.0,0.0,0.0,0,0,5,5,1.0,0,0,0,1,0
167,6,sympy:65,1,6,1.0,-0.0,1.0,1,6,0.0,1283,0.0,0.0,0.0,0,0,6,6,1.0,0,0,0,1,0
167,7,sympy:65,1,7,1.0,-0.0,1.0,1,7,0.0,1502,0.0,0.0,0.0,0,0,7,7,1.0,0,0,0,1,0
167,8,sympy:65,1,8,1.0,-0.0,1.0,1,8,0.0,1721,0.0,0.0,0.0,0,0,8,8,1.0,0,0,0,1,0
167,9,sympy:65,1,9,1.0,-0.0,1.0,1,9,0.0,1931,0.0,0.0,0.0,0,0,9,9,1.0,0,0,0,1,0
167,10,sympy:65,1,10,1.0,-0.0,1.0,1,10,0.0,2146,0.0,0.0,0.0,0,0,10,10,1.0,0,0,0,1,0
167,11,sympy:65,1,11,1.0,-0.0,1.0,1,11,0.0,2362,0.0,0.0,0.0,0,0,11,11,1.0,0,0,0,1,0
167,12,sympy:65,1,12,1.0,-0.0,1.0,1,12,0.0,2578,0.0,0.0,0.0,0,0,12,12,1.0,0,0,0,1,0
167,13,sympy:65,1,13,1.0,-0.0,1.0,1,13,0.0,2794,0.0,0.0,0.0,0,0,13,13,1.0,0,0,0,1,0
167,14,sympy:65,1,14,1.0,-0.0,1.0,1,14,0.0,3013,0.0,0.0,0.0,0,0,14,14,1.0,0,0,0,1,0
167,15,sympy:65,1,15,1.0,-0.0,1.0,1,15,0.0,3225,0.0,0.0,0.0,0,0,15,15,1.0,0,0,0,1,0
167,16,sympy:65,1,16,1.0,-0.0,1.0,1,16,0.0,3441,0.0,0.0,0.0,0,0,16,16,1.0,0,0,0,1,0
168,1,sympy:12,0,1,1.0,-0.0,1.0,1,1,0.0,806,0.0,0.0,0.0,0,0,1,1,1.0,0,0,0,1,0
168,2,sympy:12,0,1,1.0,-0.0,1.0,1,2,0.5,1830,0.0,0.0,0.0,0,0,2,1,1.0,0,0,0,1,0
168,3,sympy:12,0,2,1.0,-0.0,1.0,1,3,0.3333333333333333,2274,0.0,0.0,0.0,0,0,3,2,1.0,0,0,0,1,0
168,4,sympy:12,0,3,1.0,-0.0,1.0,1,4,0.25,2823,0.0,0.0,0.0,0,0,4,3,1.0,0,0,0,1,0
168,5,sympy:12,0,4,1.0,-0.0,1.0,1,5,0.2,3761,0.0,0.0,0.0,0,0,5,4,1.0,0,0,0,1,0
168,6,sympy:12,0,5,0.8,0.5004024235381879,0.6,2,6,0.16666666666666666,4579,-0.19999999999999996,0.5004024235381879,-0.4,0,0,6,3,0.6666666666666666,0,0,0,1,0
168,7,sympy:12,0,6,0.8333333333333334,0.45056120886630463,0.6666666666666666,2,7,0.14285714285714285,5603,0.033333333333333326,-0.04984121467188324,0.06666666666666665,0,0,7,4,0.6666666666666666,0,0,0,1,0
168,8,sympy:12,0,7,0.7142857142857143,0.796311640173813,0.5714285714285714,3,8,0.125,6627,-0.11904761904761907,0.3457504313075083,-0.09523809523809523,0,0,8,4,0.3333333333333333,0,0,0,1,0
168,9,sympy:12,0,8,0.625,1.073542846408523,0.5,4,9,0.1111111111111111,7165,-0.0892857142857143,0.2772312062347101,-0.0714285714285714,0,0,9,4,0.3333333333333333,0,0,0,1,0
168,10,sympy:12,0,9,0.5555555555555556,1.303092403761719,0.4444444444444444,5,10,0.1,8189,-0.06944444444444442,0.22954955735319604,-0.05555555555555558,0,0,10,4,0.0,0,0,0,1,0
168,11,sympy:12,0,10,0.6,1.2275294114572126,0.5,5,11,0.09090909090909091,8949,0.0444444444444444,-0.07556299230450647,0.05555555555555558,0,0,11,5,0.3333333333333333,0,0,0,1,0
168,12,sympy:12,0,11,0.5454545454545454,1.4205719259467042,0.45454545454545453,6,12,0.08333333333333333,9973,-0.054545454545454564,0.1930425144894916,-0.04545454545454547,0,0,12,5,0.3333333333333333,0,0,0,1,0
168,13,sympy:12,0,12,0.5,1.5890269151739729,0.4166666666666667,7,13,0.07692307692307693,10768,-0.045454545454545414,0.16845498922726865,-0.037878787878787845,0,0,13,5,0.3333333333333333,0,0,0,1,0
168,14,sympy:12,0,13,0.5384615384615384,1.5171515848932913,0.46153846153846156,7,14,0.07142857142857142,11213,0.038461538461538436,-0.0718753302806816,0.04487179487179488,0,0,14,6,0.3333333333333333,0,0,0,1,0
168,15,sympy:12,0,14,0.5714285714285714,1.4508050200839238,0.5,7,15,0.06666666666666667,11986,0.03296703296703296,-0.06634656480936751,0.038461538461538436,0,0,15,7,0.6666666666666666,0,0,0,1,0
168,16,sympy:12,0,15,0.6,1.3897154547004784,0.5333333333333333,7,16,0.0625,12664,0.02857142857142858,-0.06108956538344534,0.033333333333333326,0,0,16,8,1.0,0,0,0,1,0
169,1,sympy:12,1,1,1.0,-0.0,1.0,1,1,0.0,299,0.0,0.0,0.0,0,0,1,1,1.0,0,0,0,1,0
169,2,sympy:12,1,2,1.0,-0.0,1.0,1,2,0.0,589,0.0,0.0,0.0,0,0,2,2,1.0,0,0,0,1,0
169,3,sympy:12,1,3,1.0,-0.0,1.0,1,3,0.0,951,0.0,0.0,0.0,0,0,3,3,1.0,0,0,0,1,0
169,4,sympy:12,1,4,1.0,-0.0,1.0,1,4,0.0,1241,0.0,0.0,0.0,0,0,4,4,1.0,0,0,0,1,0
169,5,sympy:12,1,5,1.0,-0.0,1.0,1,5,0.0,1622,0.0,0.0,0.0,0,0,5,5,1.0,0,0,0,1,0
169,6,sympy:12,1,6,1.0,-0.0,1.0,1,6,0.0,1912,0.0,0.0,0.0,0,0,6,6,1.0,0,0,0,1,0
169,7,sympy:12,1,7,1.0,-0.0,1.0,1,7,0.0,2256,0.0,0.0,0.0,0,0,7,7,1.0,0,0,0,1,0
169,8,sympy:12,1,8,1.0,-0.0,1.0,1,8,0.0,2563,0.0,0.0,0.0,0,0,8,8,1.0,0,0,0,1,0
169,9,sympy:12,1,9,1.0,-0.0,1.0,1,9,0.0,2912,0.0,0.0,0.0,0,0,9,9,1.0,0,0,0,1,0
169,10,sympy:12,1,10,1.0,-0.0,1.0,1,10,0.0,3294,0.0,0.0,0.0,0,0,10,10,1.0,0,0,0,1,0
169,11,sympy:12,1,11,1.0,-0.0,1.0,1,11,0.0,3700,0.0,0.0,0.0,0,0,11,11,1.0,0,0,0,1,0
169,12,sympy:12,1,12,1.0,-0.0,1.0,1,12,0.0,4009,0.0,0.0,0.0,0,0,12,12,1.0,0,0,0,1,0
169,13,sympy:12,1,13,1.0,-0.0,1.0,1,13,0.0,4436,0.0,0.0,0.0,0,0,13,13,1.0,0,0,0,1,0
169,14,sympy:12,1,14,1.0,-0.0,1.0,1,14,0.0,4844,0.0,0.0,0.0,0,0,14,14,1.0,0,0,0,1,0
169,15,sympy:12,1,15,1.0,-0.0,1.0,1,15,0.0,5136,0.0,0.0,0.0,0,0,15,15,1.0,0,0,0,1,0
169,16,sympy:12,1,16,1.0,-0.0,1.0,1,16,0.0,5420,0.0,0.0,0.0,0,0,16,16,1.0,0,0,0,1,0
170,1,sympy:20,0,1,1.0,-0.0,1.0,1,1,0.0,629,0.0,0.0,0.0,0,0,1,1,1.0,0,0,0,1,0
170,2,sympy:20,0,1,1.0,-0.0,1.0,1,2,0.5,1653,0.0,0.0,0.0,0,0,2,1,1.0,0,0,0,1,0
170,3,sympy:20,0,1,1.0,-0.0,1.0,1,3,0.6666666666666666,2677,0.0,0.0,0.0,0,0,3,1,1.0,0,0,0,1,0
170,4,sympy:20,0,1,1.0,-0.0,1.0,1,4,0.75,3701,0.0,0.0,0.0,0,0,4,1,0.0,0,0,0,1,0
170,5,sympy:20,0,2,0.5,0.6931471805599453,0.0,2,5,0.6,4725,-0.5,0.6931471805599453,-1.0,0,0,5,0,0.0,0,0,0,1,0
170,6,sympy:20,0,2,0.5,0.6931471805599453,0.0,2,6,0.6666666666666666,5749,0.0,0.0,0.0,0,0,6,0,0.0,0,0,0,1,0
170,7,sympy:20,0,3,0.6666666666666666,0.6365141682948128,0.3333333333333333,2,7,0.5714285714285714,6558,0.16666666666666663,-0.05663301226513251,0.3333333333333333,0,0,7,1,0.5,0,0,0,1,0
170,8,sympy:20,0,3,0.6666666666666666,0.6365141682948128,0.3333333333333333,2,8,0.625,7582,0.0,0.0,0.0,0,0,8,1,1.0,0,0,0,1,0
170,9,sympy:20,0,3,0.6666666666666666,0.6365141682948128,0.3333333333333333,2,9,0.6666666666666666,8606,0.0,0.0,0.0,0,0,9,1,1.0,0,0,0,1,0
170,10,sympy:20,0,3,0.6666666666666666,0.6365141682948128,0.3333333333333333,2,10,0.7,9630,0.0,0.0,0.0,0,0,10,1,0.0,0,0,0,1,0
170,11,sympy:20,0,3,0.6666666666666666,0.6365141682948128,0.3333333333333333,2,11,0.7272727272727273,10654,0.0,0.0,0.0,0,0,11,1,0.0,0,0,0,1,0
170,12,sympy:20,0,4,0.5,0.6931471805599453,0.0,2,12,0.6666666666666666,11427,-0.16666666666666663,0.05663301226513251,-0.3333333333333333,0,0,12,0,0.0,0,0,0,1,0
170,13,sympy:20,0,5,0.6,0.6730116670092565,0.2,2,13,0.6153846153846154,12184,0.09999999999999998,-0.020135513550688766,0.2,0,0,13,1,0.5,0,0,0,1,0
170,14,sympy:20,0,5,0.6,0.6730116670092565,0.2,2,14,0.6428571428571429,13208,0.0,0.0,0.0,0,0,14,1,0.5,0,0,0,1,0
170,15,sympy:20,0,6,0.5,1.0114042647073518,0.16666666666666666,3,15,0.6,14051,-0.09999999999999998,0.33839259769809527,-0.033333333333333354,0,0,15,1,0.5,0,0,0,1,0
170,16,sympy:20,0,7,0.42857142857142855,1.277034259466139,0.14285714285714285,4,16,0.5625,14898,-0.07142857142857145,0.26562999475878724,-0.023809523809523808,0,0,16,1,0.0,0,0,0,1,0
171,1,sympy:13/15,1,1,1.0,-0.0,1.0,1,1,0.0,388,0.0,0.0,0.0,0,0,1,1,1.0,0,0,0,1,0
171,2,sympy:13/15,1,2,1.0,-0.0,1.0,1,2,0.0,754,0.0,0.0,0.0,0,0,2,2,1.0,0,0,0,1,0
171,3,sympy:13/15,1,3,1.0,-0.0,1.0,1,3,0.0,1145,0.0,0.0,0.0,0,0,3,3,1.0,0,0,0,1,0
171,4,sympy:13/15,1,4,1.0,-0.0,1.0,1,4,0.0,1510,0.0,0.0,0.0,0,0,4,4,1.0,0,0,0,1,0
171,5,sympy:13/15,1,5,1.0,-0.0,1.0,1,5,0.0,1898,0.0,0.0,0.0,0,0,5,5,1.0,0,0,0,1,0
171,6,sympy:13/15,1,6,1.0,-0.0,1.0,1,6,0.0,2289,0.0,0.0,0.0,0,0,6,6,1.0,0,0,0,1,0
171,7,sympy:13/15,1,7,1.0,-0.0,1.0,1,7,0.0,2719,0.0,0.0,0.0,0,0,7,7,1.0,0,0,0,1,0
171,8,sympy:13/15,1,8,0.875,0.37677016125643675,0.75,2,8,0.0,3743,-0.125,0.37677016125643675,-0.25,0,0,8,6,0.6666666666666666,0,0,0,1,0
171,9,sympy:13/15,1,9,0.8888888888888888,0.34883209584303193,0.7777777777777778,2,9,0.0,4134,0.01388888888888884,-0.027938065413404822,0.02777777777777779,0,0,9,7,0.6666666666666666,0,0,0,1,0
171,10,sympy:13/15,1,10,0.9,0.3250829733914482,0.8,2,10,0.0,4496,0.011111111111111183,-0.023749122451583726,0.022222222222222254,0,0,10,8,0.6666666666666666,0,0,0,1,0
171,11,sympy:13/15,1,11,0.9090909090909091,0.30463609734923813,0.8181818181818182,2,11,0.0,4897,0.009090909090909038,-0.02044687604221007,0.018181818181818188,0,0,11,9,1.0,0,0,0,1,0
171,12,sympy:13/15,1,12,0.9166666666666666,0.2868359830561607,0.8333333333333334,2,12,0.0,5298,0.007575757575757569,-0.01780011429307743,0.015151515151515138,0,0,12,10,1.0,0,0,0,1,0
171,13,sympy:13/15,1,13,0.9230769230769231,0.2711893730418441,0.8461538461538461,2,13,0.0,5686,0.0064102564102564985,-0.01564661001431661,0.012820512820512775,0,0,13,11,1.0,0,0,0,1,0
171,14,sympy:13/15,1,14,0.9285714285714286,0.25731864054383163,0.8571428571428571,2,14,0.0,6030,0.005494505494505475,-0.013870732498012461,0.01098901098901095,0,0,14,12,1.0,0,0,0,1,0
171,15,sympy:13/15,1,15,0.9333333333333333,0.24493002679463532,0.8666666666666667,2,15,0.0,6392,0.004761904761904745,-0.012388613749196309,0.009523809523809601,0,0,15,13,1.0,0,0,0,1,0
171,16,sympy:13/15,1,16,0.9375,0.2337916587064593,0.875,2,16,0.0,6758,0.004166666666666652,-0.011138368088176032,0.008333333333333304,0,0,16,14,1.0,0,0,0,1,0
172,1,sympy:350,1,1,1.0,-0.0,1.0,1,1,0.0,596,0.0,0.0,0.0,0,0,1,1,1.0,0,0,0,1,0
172,2,sympy:350,1,2,1.0,-0.0,1.0,1,2,0.0,1052,0.0,0.0,0.0,0,0,2,2,1.0,0,0,0,1,0
172,3,sympy:350,1,3,1.0,-0.0,1.0,1,3,0.0,1530,0.0,0.0,0.0,0,0,3,3,1.0,0,0,0,1,0
172,4,sympy:350,1,4,1.0,-0.0,1.0,1,4,0.0,1920,0.0,0.0,0.0,0,0,4,4,1.0,0,0,0,1,0
172,5,sympy:350,1,5,1.0,-0.0,1.0,1,5,0.0,2401,0.0,0.0,0.0,0,0,5,5,1.0,0,0,0,1,0
172,6,sympy:350,1,6,1.0,-0.0,1.0,1,6,0.0,2874,0.0,0.0,0.0,0,0,6,6,1.0,0,0,0,1,0
172,7,sympy:350,1,7,1.0,-0.0,1.0,1,7,0.0,3898,0.0,0.0,0.0,0,0,7,7,1.0,0,0,0,1,0
172,8,sympy:350,1,8,1.0,-0.0,1.0,1,8,0.0,4375,0.0,0.0,0.0,0,0,8,8,1.0,0,0,0,1,0
172,9,sympy:350,1,9,1.0,-0.0,1.0,1,9,0.0,4849,0.0,0.0,0.0,0,0,9,9,1.0,0,0,0,1,0
172,10,sympy:350,1,10,1.0,-0.0,1.0,1,10,0.0,5274,0.0,0.0,0.0,0,0,10,10,1.0,0,0,0,1,0
172,11,sympy:350,1,11,1.0,-0.0,1.0,1,11,0.0,5692,0.0,0.0,0.0,0,0,11,11,1.0,0,0,0,1,0
172,12,sympy:350,1,12,1.0,-0.0,1.0,1,12,0.0,6125,0.0,0.0,0.0,0,0,12,12,1.0,0,0,0,1,0
172,13,sympy:350,1,13,1.0,-0.0,1.0,1,13,0.0,6547,0.0,0.0,0.0,0,0,13,13,1.0,0,0,0,1,0
172,14,sympy:350,1,14,1.0,-0.0,1.0,1,14,0.0,6970,0.0,0.0,0.0,0,0,14,14,1.0,0,0,0,1,0
172,15,sympy:350,1,15,1.0,-0.0,1.0,1,15,0.0,7391,0.0,0.0,0.0,0,0,15,15,1.0,0,0,0,1,0
172,16,sympy:350,1,16,1.0,-0.0,1.0,1,16,0.0,7853,0.0,0.0,0.0,0,0,16,16,1.0,0,0,0,1,0
173,1,sympy:4,1,1,1.0,-0.0,1.0,1,1,0.0,741,0.0,0.0,0.0,0,0,1,1,1.0,0,0,0,1,0
173,2,sympy:4,1,2,1.0,-0.0,1.0,1,2,0.0,1517,0.0,0.0,0.0,0,0,2,2,1.0,0,0,0,1,0
173,3,sympy:4,1,3,1.0,-0.0,1.0,1,3,0.0,2293,0.0,0.0,0.0,0,0,3,3,1.0,0,0,0,1,0
173,4,sympy:4,1,4,1.0,-0.0,1.0,1,4,0.0,3033,0.0,0.0,0.0,0,0,4,4,1.0,0,0,0,1,0
173,5,sympy:4,1,5,1.0,-0.0,1.0,1,5,0.0,3838,0.0,0.0,0.0,0,0,5,5,1.0,0,0,0,1,0
173,6,sympy:4,1,6,1.0,-0.0,1.0,1,6,0.0,4769,0.0,0.0,0.0,0,0,6,6,1.0,0,0,0,1,0
173,7,sympy:4,1,7,1.0,-0.0,1.0,1,7,0.0,5537,0.0,0.0,0.0,0,0,7,7,1.0,0,0,0,1,0
173,8,sympy:4,1,8,1.0,-0.0,1.0,1,8,0.0,6312,0.0,0.0,0.0,0,0,8,8,1.0,0,0,0,1,0
173,9,sympy:4,1,9,1.0,-0.0,1.0,1,9,0.0,7134,0.0,0.0,0.0,0,0,9,9,1.0,0,0,0,1,0
173,10,sympy:4,1,10,1.0,-0.0,1.0,1,10,0.0,7912,0.0,0.0,0.0,0,0,10,10,1.0,0,0,0,1,0
173,11,sympy:4,1,11,1.0,-0.0,1.0,1,11,0.0,8661,0.0,0.0,0.0,0,0,11,11,1.0,0,0,0,1,0
173,12,sympy:4,1,12,1.0,-0.0,1.0,1,12,0.0,9378,0.0,0.0,0.0,0,0,12,12,1.0,0,0,0,1,0
173,13,sympy:4,1,13,1.0,-0.0,1.0,1,13,0.0,10149,0.0,0.0,0.0,0,0,13,13,1.0,0,0,0,1,0
173,14,sympy:4,1,14,1.0,-0.0,1.0,1,14,0.0,10802,0.0,0.0,0.0,0,0,14,14,1.0,0,0,0,1,0
173,15,sympy:4,1,15,1.0,-0.0,1.0,1,15,0.0,11794,0.0,0.0,0.0,0,0,15,15,1.0,0,0,0,1,0
173,16,sympy:4,1,16,1.0,-0.0,1.0,1,16,0.0,12517,0.0,0.0,0.0,0,0,16,16,1.0,0,0,0,1,0
174,1,sympy:2,1,1,1.0,-0.0,1.0,1,1,0.0,455,0.0,0.0,0.0,0,0,1,1,1.0,0,0,0,1,0
174,2,sympy:2,1,2,1.0,-0.0,1.0,1,2,0.0,907,0.0,0.0,0.0,0,0,2,2,1.0,0,0,0,1,0
174,3,sympy:2,1,3,1.0,-0.0,1.0,1,3,0.0,1284,0.0,0.0,0.0,0,0,3,3,1.0,0,0,0,1,0
174,4,sympy:2,1,4,1.0,-0.0,1.0,1,4,0.0,1784,0.0,0.0,0.0,0,0,4,4,1.0,0,0,0,1,0
174,5,sympy:2,1,5,1.0,-0.0,1.0,1,5,0.0,2174,0.0,0.0,0.0,0,0,5,5,1.0,0,0,0,1,0
174,6,sympy:2,1,6,1.0,-0.0,1.0,1,6,0.0,2621,0.0,0.0,0.0,0,0,6,6,1.0,0,0,0,1,0
174,7,sympy:2,1,7,1.0,-0.0,1.0,1,7,0.0,3100,0.0,0.0,0.0,0,0,7,7,1.0,0,0,0,1,0
174,8,sympy:2,1,8,1.0,-0.0,1.0,1,8,0.0,3490,0.0,0.0,0.0,0,0,8,8,1.0,0,0,0,1,0
174,9,sympy:2,1,9,1.0,-0.0,1.0,1,9,0.0,3886,0.0,0.0,0.0,0,0,9,9,1.0,0,0,0,1,0
174,10,sympy:2,1,10,1.0,-0.0,1.0,1,10,0.0,4349,0.0,0.0,0.0,0,0,10,10,1.0,0,0,0,1,0
174,11,sympy:2,1,11,1.0,-0.0,1.0,1,11,0.0,4834,0.0,0.0,0.0,0,0,11,11,1.0,0,0,0,1,0
174,12,sympy:2,1,12,1.0,-0.0,1.0,1,12,0.0,5272,0.0,0.0,0.0,0,0,12,12,1.0,0,0,0,1,0
174,13,sympy:2,1,13,1.0,-0.0,1.0,1,13,0.0,5868,0.0,0.0,0.0,0,0,13,13,1.0,0,0,0,1,0
174,14,sympy:2,1,14,1.0,-0.0,1.0,1,14,0.0,6211,0.0,0.0,0.0,0,0,14,14,1.0,0,0,0,1,0
174,15,sympy:2,1,15,1.0,-0.0,1.0,1,15,0.0,6656,0.0,0.0,0.0,0,0,15,15,1.0,0,0,0,1,0
174,16,sympy:2,1,16,1.0,-0.0,1.0,1,16,0.0,7155,0.0,0.0,0.0,0,0,16,16,1.0,0,0,0,1,0
175,1,sympy:3,1,1,1.0,-0.0,1.0,1,1,0.0,786,0.0,0.0,0.0,0,0,1,1,1.0,0,0,0,1,0
175,2,sympy:3,1,2,1.0,-0.0,1.0,1,2,0.0,1672,0.0,0.0,0.0,0,0,2,2,1.0,0,0,0,1,0
175,3,sympy:3,1,3,1.0,-0.0,1.0,1,3,0.0,2391,0.0,0.0,0.0,0,0,3,3,1.0,0,0,0,1,0
175,4,sympy:3,1,4,1.0,-0.0,1.0,1,4,0.0,3100,0.0,0.0,0.0,0,0,4,4,1.0,0,0,0,1,0
175,5,sympy:3,1,5,1.0,-0.0,1.0,1,5,0.0,3918,0.0,0.0,0.0,0,0,5,5,1.0,0,0,0,1,0
175,6,sympy:3,1,5,1.0,-0.0,1.0,1,6,0.16666666666666666,4942,0.0,0.0,0.0,0,0,6,5,1.0,0,0,0,1,0
175,7,sympy:3,1,6,1.0,-0.0,1.0,1,7,0.14285714285714285,5635,0.0,0.0,0.0,0,0,7,6,1.0,0,0,0,1,0
175,8,sympy:3,1,7,1.0,-0.0,1.0,1,8,0.125,6313,0.0,0.0,0.0,0,0,8,7,1.0,0,0,0,1,0
175,9,sympy:3,1,8,1.0,-0.0,1.0,1,9,0.1111111111111111,7148,0.0,0.0,0.0,0,0,9,8,1.0,0,0,0,1,0
175,10,sympy:3,1,9,1.0,-0.0,1.0,1,10,0.1,8005,0.0,0.0,0.0,0,0,10,9,1.0,0,0,0,1,0
175,11,sympy:3,1,10,1.0,-0.0,1.0,1,11,0.09090909090909091,8750,0.0,0.0,0.0,0,0,11,10,1.0,0,0,0,1,0
175,12,sympy:3,1,11,1.0,-0.0,1.0,1,12,0.08333333333333333,9550,0.0,0.0,0.0,0,0,12,11,1.0,0,0,0,1,0
175,13,sympy:3,1,12,1.0,-0.0,1.0,1,13,0.07692307692307693,10520,0.0,0.0,0.0,0,0,13,12,1.0,0,0,0,1,0
175,14,sympy:3,1,13,1.0,-0.0,1.0,1,14,0.07142857142857142,11544,0.0,0.0,0.0,0,0,14,13,1.0,0,0,0,1,0
175,15,sympy:3,1,14,1.0,-0.0,1.0,1,15,0.06666666666666667,12427,0.0,0.0,0.0,0,0,15,14,1.0,0,0,0,1,0
175,16,sympy:3,1,15,1.0,-0.0,1.0,1,16,0.0625,13204,0.0,0.0,0.0,0,0,16,15,1.0,0,0,0,1,0
176,1,sympy:6.72000000000000e-5,1,1,1.0,-0.0,1.0,1,1,0.0,221,0.0,0.0,0.0,0,0,1,1,1.0,0,0,0,1,0
176,2,sympy:6.72000000000000e-5,1,2,0.5,0.6931471805599453,0.0,2,2,0.0,773,-0.5,0.6931471805599453,-1.0,0,0,2,0,0.5,0,0,0,1,0
176,3,sympy:6.72000000000000e-5,1,3,0.6666666666666666,0.6365141682948128,0.3333333333333333,2,3,0.0,1051,0.16666666666666663,-0.05663301226513251,0.3333333333333333,0,0,3,1,0.6666666666666666,0,0,0,1,0
176,4,sympy:6.72000000000000e-5,1,4,0.75,0.5623351446188083,0.5,2,4,0.0,1385,0.08333333333333337,-0.07417902367600449,0.16666666666666669,0,0,4,2,0.6666666666666666,0,0,0,1,0
176,5,sympy:6.72000000000000e-5,1,5,0.8,0.5004024235381879,0.6,2,5,0.0,1585,0.050000000000000044,-0.06193272108062042,0.09999999999999998,0,0,5,3,1.0,0,0,0,1,0
176,6,sympy:6.72000000000000e-5,1,6,0.8333333333333334,0.45056120886630463,0.6666666666666666,2,6,0.0,1996,0.033333333333333326,-0.04984121467188324,0.06666666666666665,0,0,6,4,1.0,0,0,0,1,0
176,7,sympy:6.72000000000000e-5,1,7,0.8571428571428571,0.410116318288409,0.7142857142857143,2,7,0.0,2434,0.023809523809523725,-0.04044489057789563,0.04761904761904767,0,0,7,5,1.0,0,0,0,1,0
176,8,sympy:6.72000000000000e-5,1,8,0.75,0.7356219397587946,0.625,3,8,0.0,2745,-0.1071428571428571,0.32550562147038564,-0.0892857142857143,0,0,8,5,0.6666666666666666,0,0,0,1,0
176,9,sympy:6.72000000000000e-5,1,9,0.7777777777777778,0.6837389058487535,0.6666666666666666,3,9,0.0,3033,0.02777777777777779,-0.05188303391004112,0.04166666666666663,0,0,9,6,0.6666666666666666,0,0,0,1,0
176,10,sympy:6.72000000000000e-5,1,10,0.8,0.639031859650177,0.7,3,10,0.0,3301,0.022222222222222254,-0.04470704619857657,0.033333333333333326,0,0,10,7,0.6666666666666666,0,0,0,1,0
176,11,sympy:6.72000000000000e-5,1,11,0.7272727272727273,0.8855741515766717,0.6363636363636364,4,11,0.0,4242,-0.07272727272727275,0.2465422919264948,-0.0636363636363636,0,0,11,7,0.6666666666666666,0,0,0,1,0
176,12,sympy:6.72000000000000e-5,1,12,0.75,0.8369882167858358,0.6666666666666666,4,12,0.0,4884,0.022727272727272707,-0.04858593479083595,0.030303030303030276,0,0,12,8,0.6666666666666666,0,0,0,1,0
176,13,sympy:6.72000000000000e-5,1,13,0.7692307692307693,0.7937300551584248,0.6923076923076923,4,13,0.0,5236,0.019230769230769273,-0.04325816162741103,0.02564102564102566,0,0,13,9,0.6666666666666666,0,0,0,1,0
176,14,sympy:6.72000000000000e-5,1,14,0.7857142857142857,0.7549967581308246,0.7142857142857143,4,14,0.0,5772,0.016483516483516425,-0.0387332970276002,0.02197802197802201,0,0,14,10,1.0,0,0,0,1,0
176,15,sympy:6.72000000000000e-5,1,15,0.8,0.7201248812718097,0.7333333333333333,4,15,0.0,6091,0.014285714285714346,-0.03487187685901483,0.01904761904761898,0,0,15,11,1.0,0,0,0,1,0
176,16,sympy:6.72000000000000e-5,1,16,0.8125,0.6885673693022826,0.75,4,16,0.0,6368,0.012499999999999956,-0.03155751196952716,0.01666666666666672,0,0,16,12,1.0,0,0,0,1,0
177,1,sympy:60,0,1,1.0,-0.0,1.0,1,1,0.0,194,0.0,0.0,0.0,0,0,1,1,1.0,0,0,0,1,0
177,2,sympy:60,0,2,1.0,-0.0,1.0,1,2,0.0,410,0.0,0.0,0.0,0,0,2,2,1.0,0,0,0,1,0
177,3,sympy:60,0,3,1.0,-0.0,1.0,1,3,0.0,637,0.0,0.0,0.0,0,0,3,3,1.0,0,0,0,1,0
177,4,sympy:60,0,4,1.0,-0.0,1.0,1,4,0.0,1162,0.0,0.0,0.0,0,0,4,4,1.0,0,0,0,1,0
177,5,sympy:60,0,5,1.0,-0.0,1.0,1,5,0.0,1368,0.0,0.0,0.0,0,0,5,5,1.0,0,0,0,1,0
177,6,sympy:60,0,6,1.0,-0.0,1.0,1,6,0.0,1608,0.0,0.0,0.0,0,0,6,6,1.0,0,0,0,1,0
177,7,sympy:60,0,7,0.8571428571428571,0.410116318288409,0.7142857142857143,2,7,0.0,1907,-0.1428571428571429,0.410116318288409,-0.2857142857142857,0,0,7,5,0.6666666666666666,0,0,0,1,0
177,8,sympy:60,0,8,0.875,0.37677016125643675,0.75,2,8,0.0,2489,0.017857142857142905,-0.033346157031972246,0.0357142857142857,0,0,8,6,0.6666666666666666,0,0,0,1,0
177,9,sympy:60,0,9,0.7777777777777778,0.6837389058487535,0.6666666666666666,3,9,0.0,3329,-0.09722222222222221,0.30696874459231677,-0.08333333333333337,0,0,9,6,0.3333333333333333,0,0,0,1,0
177,10,sympy:60,0,10,0.7,0.8018185525433373,0.5,3,10,0.0,4353,-0.07777777777777783,0.11807964669458382,-0.16666666666666663,0,0,10,5,0.3333333333333333,0,0,0,1,0
177,11,sympy:60,0,11,0.7272727272727273,0.7595473914748635,0.5454545454545454,3,11,0.0,4538,0.027272727272727337,-0.04227116106847384,0.045454545454545414,0,0,11,6,0.3333333333333333,0,0,0,1,0
177,12,sympy:60,0,12,0.75,0.7214636866925115,0.5833333333333334,3,12,0.0,4742,0.022727272727272707,-0.03808370478235201,0.037878787878787956,0,0,12,7,0.6666666666666666,0,0,0,1,0
177,13,sympy:60,0,13,0.6923076923076923,0.7902679680745903,0.46153846153846156,3,13,0.0,5172,-0.05769230769230771,0.06880428138207884,-0.1217948717948718,0,0,13,6,0.6666666666666666,0,0,0,1,0
177,14,sympy:60,0,14,0.6428571428571429,0.8304717124362917,0.35714285714285715,3,14,0.0,5495,-0.049450549450549386,0.04020374436170138,-0.10439560439560441,0,0,14,5,0.3333333333333333,0,0,0,1,0
177,15,sympy:60,0,15,0.6666666666666666,0.8033149761408755,0.4,3,15,0.0,5732,0.023809523809523725,-0.02715673629541615,0.04285714285714287,0,0,15,6,0.3333333333333333,0,0,0,1,0
177,16,sympy:60,0,16,0.625,0.9002560512685369,0.375,3,16,0.0,6373,-0.04166666666666663,0.09694107512766137,-0.025000000000000022,0,0,16,6,0.3333333333333333,0,0,0,1,0
178,1,sympy:60,1,1,1.0,-0.0,1.0,1,1,0.0,177,0.0,0.0,0.0,0,0,1,1,1.0,0,0,0,1,0
178,2,sympy:60,1,2,1.0,-0.0,1.0,1,2,0.0,383,0.0,0.0,0.0,0,0,2,2,1.0,0,0,0,1,0
178,3,sympy:60,1,3,1.0,-0.0,1.0,1,3,0.0,719,0.0,0.0,0.0,0,0,3,3,1.0,0,0,0,1,0
178,4,sympy:60,1,4,1.0,-0.0,1.0,1,4,0.0,923,0.0,0.0,0.0,0,0,4,4,1.0,0,0,0,1,0
178,5,sympy:60,1,5,1.0,-0.0,1.0,1,5,0.0,1175,0.0,0.0,0.0,0,0,5,5,1.0,0,0,0,1,0
178,6,sympy:60,1,6,1.0,-0.0,1.0,1,6,0.0,1375,0.0,0.0,0.0,0,0,6,6,1.0,0,0,0,1,0
178,7,sympy:60,1,7,1.0,-0.0,1.0,1,7,0.0,1720,0.0,0.0,0.0,0,0,7,7,1.0,0,0,0,1,0
178,8,sympy:60,1,8,1.0,-0.0,1.0,1,8,0.0,1921,0.0,0.0,0.0,0,0,8,8,1.0,0,0,0,1,0
178,9,sympy:60,1,9,1.0,-0.0,1.0,1,9,0.0,2182,0.0,0.0,0.0,0,0,9,9,1.0,0,0,0,1,0
178,10,sympy:60,1,10,1.0,-0.0,1.0,1,10,0.0,2745,0.0,0.0,0.0,0,0,10,10,1.0,0,0,0,1,0
178,11,sympy:60,1,11,1.0,-0.0,1.0,1,11,0.0,3001,0.0,0.0,0.0,0,0,11,11,1.0,0,0,0,1,0
178,12,sympy:60,1,12,1.0,-0.0,1.0,1,12,0.0,3210,0.0,0.0,0.0,0,0,12,12,1.0,0,0,0,1,0
178,13,sympy:60,1,13,1.0,-0.0,1.0,1,13,0.0,3381,0.0,0.0,0.0,0,0,13,13,1.0,0,0,0,1,0
178,14,sympy:60,1,14,1.0,-0.0,1.0,1,14,0.0,3741,0.0,0.0,0.0,0,0,14,14,1.0,0,0,0,1,0
178,15,sympy:60,1,15,1.0,-0.0,1.0,1,15,0.0,3971,0.0,0.0,0.0,0,0,15,15,1.0,0,0,0,1,0
178,16,sympy:60,1,16,1.0,-0.0,1.0,1,16,0.0,4172,0.0,0.0,0.0,0,0,16,16,1.0,0,0,0,1,0
179,1,"sympy:Eq(5*x - 1*7*y + 11*z + 4, 0)",1,1,1.0,-0.0,1.0,1,1,0.0,715,0.0,0.0,0.0,0,0,1,1,1.0,0,0,0,1,0
179,2,"sympy:Eq(5*x - 1*7*y + 11*z + 4, 0)",1,1,1.0,-0.0,1.0,1,2,0.5,1739,0.0,0.0,0.0,0,0,2,1,1.0,0,0,0,1,0
179,3,"sympy:Eq(5*x - 1*7*y + 11*z + 4, 0)",1,1,1.0,-0.0,1.0,1,3,0.6666666666666666,2763,0.0,0.0,0.0,0,0,3,1,1.0,0,0,0,1,0
179,4,"sympy:Eq(5*x - 1*7*y + 11*z + 4, 0)",1,2,1.0,-0.0,1.0,1,4,0.5,3500,0.0,0.0,0.0,0,0,4,2,1.0,0,0,0,1,0
179,5,"sympy:Eq(5*x - 1*7*y + 11*z + 4, 0)",1,3,0.6666666666666666,0.6365141682948128,0.3333333333333333,2,5,0.4,4522,-0.33333333333333337,0.6365141682948128,-0.6666666666666667,0,0,5,1,0.5,0,0,0,1,0
179,6,"sympy:Eq(5*x - 1*7*y + 11*z + 4, 0)",1,4,0.75,0.5623351446188083,0.5,2,6,0.3333333333333333,5326,0.08333333333333337,-0.07417902367600449,0.16666666666666669,0,0,6,2,0.6666666666666666,0,0,0,1,0
179,7,"sympy:Eq(5*x - 1*7*y + 11*z + 4, 0)",1,5,0.6,0.6730116670092565,0.2,2,7,0.2857142857142857,6086,-0.15000000000000002,0.11067652239044823,-0.3,0,0,7,1,0.3333333333333333,0,0,0,1,0
179,8,"sympy:Eq(5*x - 1*7*y + 11*z + 4, 0)",1,6,0.6666666666666666,0.6365141682948128,0.3333333333333333,2,8,0.25,6957,0.06666666666666665,-0.036497498714443743,0.1333333333333333,0,0,8,2,0.6666666666666666,0,0,0,1,0
179,9,"sympy:Eq(5*x - 1*7*y + 11*z + 4, 0)",1,7,0.7142857142857143,0.5982695885852573,0.42857142857142855,2,9,0.2222222222222222,7734,0.04761904761904767,-0.038244579709555526,0.09523809523809523,0,0,9,3,0.6666666666666666,0,0,0,1,0
179,10,"sympy:Eq(5*x - 1*7*y + 11*z + 4, 0)",1,8,0.75,0.5623351446188083,0.5,2,10,0.2,8536,0.0357142857142857,-0.03593444396644896,0.07142857142857145,0,0,10,4,1.0,0,0,0,1,0
179,11,"sympy:Eq(5*x - 1*7*y + 11*z + 4, 0)",1,9,0.7777777777777778,0.5297061990576545,0.5555555555555556,2,11,0.18181818181818182,9216,0.02777777777777779,-0.03262894556115381,0.05555555555555558,0,0,11,5,1.0,0,0,0,1,0
179,12,"sympy:Eq(5*x - 1*7*y + 11*z + 4, 0)",1,10,0.8,0.5004024235381879,0.6,2,12,0.16666666666666666,10118,0.022222222222222254,-0.029303775519466613,0.0444444444444444,0,0,12,6,1.0,0,0,0,1,0
179,13,"sympy:Eq(5*x - 1*7*y + 11*z + 4, 0)",1,10,0.8,0.5004024235381879,0.6,2,13,0.23076923076923078,11142,0.0,0.0,0.0,0,0,13,6,1.0,0,0,0,1,0
179,14,"sympy:Eq(5*x - 1*7*y + 11*z + 4, 0)",1,11,0.8181818181818182,0.47413931305783735,0.6363636363636364,2,14,0.21428571428571427,11859,0.018181818181818188,-0.026263110480350516,0.036363636363636376,0,0,14,7,1.0,0,0,0,1,0
179,15,"sympy:Eq(5*x - 1*7*y + 11*z + 4, 0)",1,12,0.8333333333333334,0.45056120886630463,0.6666666666666666,2,15,0.2,12605,0.015151515151515138,-0.023578104191532723,0.030303030303030276,0,0,15,8,1.0,0,0,0,1,0
179,16,"sympy:Eq(5*x - 1*7*y + 11*z + 4, 0)",1,13,0.8461538461538461,0.4293230219306162,0.6923076923076923,2,16,0.1875,13329,0.012820512820512775,-0.021238186935688408,0.02564102564102566,0,0,16,9,1.0,0,0,0,1,0
180,1,sympy:3,1,1,1.0,-0.0,1.0,1,1,0.0,392,0.0,0.0,0.0,0,0,1,1,1.0,0,0,0,1,0
180,2,sympy:3,1,2,0.5,0.6931471805599453,0.0,2,2,0.0,725,-0.5,0.6931471805599453,-1.0,0,0,2,0,0.5,0,0,0,1,0
180,3,sympy:3,1,3,0.6666666666666666,0.6365141682948128,0.3333333333333333,2,3,0.0,1065,0.16666666666666663,-0.05663301226513251,0.3333333333333333,0,0,3,1,0.6666666666666666,0,0,0,1,0
180,4,sympy:3,1,4,0.5,0.6931471805599453,0.0,2,4,0.0,1409,-0.16666666666666663,0.05663301226513251,-0.3333333333333333,0,0,4,0,0.3333333333333333,0,0,0,1,0
180,5,sympy:2,0,5,0.6,0.6730116670092565,0.2,2,1,0.0,1705,0.09999999999999998,-0.020135513550688766,0.2,1,1,4,1,0.6666666666666666,1,1,0,0,1
180,6,sympy:2,0,6,0.6666666666666666,0.6365141682948128,0.3333333333333333,2,2,0.0,1991,0.06666666666666665,-0.036497498714443743,0.1333333333333333,0,1,4,2,1.0,1,1,0,0,1
180,7,sympy:2,0,7,0.7142857142857143,0.5982695885852573,0.42857142857142855,2,3,0.0,3015,0.04761904761904767,-0.038244579709555526,0.09523809523809523,0,1,4,3,1.0,1,1,0,0,1
180,8,sympy:2,0,8,0.75,0.5623351446188083,0.5,2,4,0.0,3433,0.0357142857142857,-0.03593444396644896,0.07142857142857145,0,1,4,4,1.0,1,1,0,0,1
180,9,sympy:2,0,9,0.6666666666666666,0.6365141682948128,0.3333333333333333,2,5,0.0,3722,-0.08333333333333337,0.07417902367600449,-0.16666666666666669,0,1,5,3,0.6666666666666666,1,1,0,0,1
180,10,sympy:2,0,10,0.6,0.6730116670092565,0.2,2,6,0.0,4070,-0.06666666666666665,0.036497498714443743,-0.1333333333333333,0,1,6,2,0.3333333333333333,1,1,0,0,1
180,11,sympy:2,0,11,0.5454545454545454,0.6890092384766586,0.09090909090909091,2,7,0.0,4356,-0.054545454545454564,0.015997571467402105,-0.1090909090909091,0,1,7,1,0.0,1,1,0,0,1
180,12,sympy:3,1,12,0.5,0.6931471805599453,0.0,2,1,0.0,4633,-0.045454545454545414,0.004137942083286661,-0.09090909090909091,1,2,7,0,1.0,0,0,0,1,0
180,13,sympy:3,1,13,0.46153846153846156,0.9110175397125628,0.0,3,2,0.0,4954,-0.038461538461538436,0.21787035915261754,0.0,0,2,7,0,0.6666666666666666,0,0,0,1,0
180,14,sympy:3,1,14,0.5,0.8982053397041498,0.07142857142857142,3,3,0.0,5292,0.038461538461538436,-0.012812200008412988,0.07142857142857142,0,2,7,1,0.6666666666666666,0,0,0,1,0
180,15,sympy:3,1,15,0.4666666666666667,0.891867395317251,0.0,3,4,0.0,5729,-0.033333333333333326,-0.0063379443868988306,-0.07142857142857142,0,2,7,0,0.3333333333333333,0,0,0,1,0
180,16,sympy:3,1,16,0.5,0.8815322611881636,0.0625,3,5,0.0,6042,0.033333333333333326,-0.010335134129087375,0.0625,0,2,7,1,0.6666666666666666,0,0,0,1,0
181,1,sympy:sqrt(3)/3,1,1,1.0,-0.0,1.0,1,1,0.0,238,0.0,0.0,0.0,0,0,1,1,1.0,0,0,0,1,0
181,2,sympy:sqrt(3)/3,1,2,1.0,-0.0,1.0,1,2,0.0,608,0.0,0.0,0.0,0,0,2,2,1.0,0,0,0,1,0
181,3,sympy:sqrt(3)/3,1,3,1.0,-0.0,1.0,1,3,0.0,935,0.0,0.0,0.0,0,0,3,3,1.0,0,0,0,1,0
181,4,sympy:sqrt(3)/3,1,4,1.0,-0.0,1.0,1,4,0.0,1299,0.0,0.0,0.0,0,0,4,4,1.0,0,0,0,1,0
181,5,sympy:sqrt(3)/3,1,5,1.0,-0.0,1.0,1,5,0.0,1576,0.0,0.0,0.0,0,0,5,5,1.0,0,0,0,1,0
181,6,sympy:sqrt(3)/3,1,6,1.0,-0.0,1.0,1,6,0.0,1933,0.0,0.0,0.0,0,0,6,6,1.0,0,0,0,1,0
181,7,sympy:sqrt(3)/3,1,7,1.0,-0.0,1.0,1,7,0.0,2346,0.0,0.0,0.0,0,0,7,7,1.0,0,0,0,1,0
181,8,sympy:sqrt(3)/3,1,8,1.0,-0.0,1.0,1,8,0.0,2791,0.0,0.0,0.0,0,0,8,8,1.0,0,0,0,1,0
181,9,sympy:sqrt(3)/3,1,9,1.0,-0.0,1.0,1,9,0.0,3053,0.0,0.0,0.0,0,0,9,9,1.0,0,0,0,1,0
181,10,sympy:sqrt(3)/3,1,10,1.0,-0.0,1.0,1,10,0.0,3505,0.0,0.0,0.0,0,0,10,10,1.0,0,0,0,1,0
181,11,sympy:sqrt(3)/3,1,11,1.0,-0.0,1.0,1,11,0.0,3909,0.0,0.0,0.0,0,0,11,11,1.0,0,0,0,1,0
181,12,sympy:sqrt(3)/3,1,12,1.0,-0.0,1.0,1,12,0.0,4244,0.0,0.0,0.0,0,0,12,12,1.0,0,0,0,1,0
181,13,sympy:sqrt(3)/3,1,13,1.0,-0.0,1.0,1,13,0.0,4590,0.0,0.0,0.0,0,0,13,13,1.0,0,0,0,1,0
181,14,sympy:sqrt(3)/3,1,14,1.0,-0.0,1.0,1,14,0.0,4960,0.0,0.0,0.0,0,0,14,14,1.0,0,0,0,1,0
181,15,sympy:sqrt(3)/3,1,15,1.0,-0.0,1.0,1,15,0.0,5308,0.0,0.0,0.0,0,0,15,15,1.0,0,0,0,1,0
181,16,sympy:sqrt(3)/3,1,16,1.0,-0.0,1.0,1,16,0.0,5745,0.0,0.0,0.0,0,0,16,16,1.0,0,0,0,1,0
182,1,sympy:1251,1,1,1.0,-0.0,1.0,1,1,0.0,252,0.0,0.0,0.0,0,0,1,1,1.0,0,0,0,1,0
182,2,sympy:1251,1,2,1.0,-0.0,1.0,1,2,0.0,502,0.0,0.0,0.0,0,0,2,2,1.0,0,0,0,1,0
182,3,sympy:1251,1,3,1.0,-0.0,1.0,1,3,0.0,754,0.0,0.0,0.0,0,0,3,3,1.0,0,0,0,1,0
182,4,sympy:1251,1,4,1.0,-0.0,1.0,1,4,0.0,1003,0.0,0.0,0.0,0,0,4,4,1.0,0,0,0,1,0
182,5,sympy:1251,1,5,1.0,-0.0,1.0,1,5,0.0,1252,0.0,0.0,0.0,0,0,5,5,1.0,0,0,0,1,0
182,6,sympy:1251,1,6,1.0,-0.0,1.0,1,6,0.0,1492,0.0,0.0,0.0,0,0,6,6,1.0,0,0,0,1,0
182,7,sympy:1251,1,7,1.0,-0.0,1.0,1,7,0.0,1736,0.0,0.0,0.0,0,0,7,7,1.0,0,0,0,1,0
182,8,sympy:1251,1,8,1.0,-0.0,1.0,1,8,0.0,1991,0.0,0.0,0.0,0,0,8,8,1.0,0,0,0,1,0
182,9,sympy:1251,1,9,1.0,-0.0,1.0,1,9,0.0,2241,0.0,0.0,0.0,0,0,9,9,1.0,0,0,0,1,0
182,10,sympy:1251,1,10,1.0,-0.0,1.0,1,10,0.0,2490,0.0,0.0,0.0,0,0,10,10,1.0,0,0,0,1,0
182,11,sympy:1251,1,11,1.0,-0.0,1.0,1,11,0.0,2737,0.0,0.0,0.0,0,0,11,11,1.0,0,0,0,1,0
182,12,sympy:1251,1,12,1.0,-0.0,1.0,1,12,0.0,2988,0.0,0.0,0.0,0,0,12,12,1.0,0,0,0,1,0
182,13,sympy:1251,1,13,1.0,-0.0,1.0,1,13,0.0,3237,0.0,0.0,0.0,0,0,13,13,1.0,0,0,0,1,0
182,14,sympy:1251,1,14,1.0,-0.0,1.0,1,14,0.0,3484,0.0,0.0,0.0,0,0,14,14,1.0,0,0,0,1,0
182,15,sympy:1251,1,15,1.0,-0.0,1.0,1,15,0.0,3723,0.0,0.0,0.0,0,0,15,15,1.0,0,0,0,1,0
182,16,sympy:1251,1,16,1.0,-0.0,1.0,1,16,0.0,3970,0.0,0.0,0.0,0,0,16,16,1.0,0,0,0,1,0
183,1,sympy:23,1,1,1.0,-0.0,1.0,1,1,0.0,626,0.0,0.0,0.0,0,0,1,1,1.0,0,0,0,1,0
183,2,sympy:23,1,2,1.0,-0.0,1.0,1,2,0.0,1283,0.0,0.0,0.0,0,0,2,2,1.0,0,0,0,1,0
183,3,sympy:23,1,3,1.0,-0.0,1.0,1,3,0.0,2099,0.0,0.0,0.0,0,0,3,3,1.0,0,0,0,1,0
183,4,sympy:23,1,4,1.0,-0.0,1.0,1,4,0.0,2810,0.0,0.0,0.0,0,0,4,4,1.0,0,0,0,1,0
183,5,sympy:23,1,5,1.0,-0.0,1.0,1,5,0.0,3534,0.0,0.0,0.0,0,0,5,5,1.0,0,0,0,1,0
183,6,sympy:23,1,6,1.0,-0.0,1.0,1,6,0.0,4214,0.0,0.0,0.0,0,0,6,6,1.0,0,0,0,1,0
183,7,sympy:23,1,7,1.0,-0.0,1.0,1,7,0.0,5001,0.0,0.0,0.0,0,0,7,7,1.0,0,0,0,1,0
183,8,sympy:23,1,8,1.0,-0.0,1.0,1,8,0.0,5724,0.0,0.0,0.0,0,0,8,8,1.0,0,0,0,1,0
183,9,sympy:23,1,9,1.0,-0.0,1.0,1,9,0.0,6425,0.0,0.0,0.0,0,0,9,9,1.0,0,0,0,1,0
183,10,sympy:23,1,10,1.0,-0.0,1.0,1,10,0.0,7207,0.0,0.0,0.0,0,0,10,10,1.0,0,0,0,1,0
183,11,sympy:23,1,11,1.0,-0.0,1.0,1,11,0.0,7820,0.0,0.0,0.0,0,0,11,11,1.0,0,0,0,1,0
183,12,sympy:23,1,12,1.0,-0.0,1.0,1,12,0.0,8581,0.0,0.0,0.0,0,0,12,12,1.0,0,0,0,1,0
183,13,sympy:23,1,13,1.0,-0.0,1.0,1,13,0.0,9163,0.0,0.0,0.0,0,0,13,13,1.0,0,0,0,1,0
183,14,sympy:23,1,14,1.0,-0.0,1.0,1,14,0.0,9772,0.0,0.0,0.0,0,0,14,14,1.0,0,0,0,1,0
183,15,sympy:23,1,15,1.0,-0.0,1.0,1,15,0.0,10613,0.0,0.0,0.0,0,0,15,15,1.0,0,0,0,1,0
183,16,sympy:23,1,16,1.0,-0.0,1.0,1,16,0.0,11243,0.0,0.0,0.0,0,0,16,16,1.0,0,0,0,1,0
184,1,"sympy:Interval(2, oo)",0,1,1.0,-0.0,1.0,1,1,0.0,761,0.0,0.0,0.0,0,0,1,1,1.0,1,0,0,1,1
184,2,"sympy:Interval(2, oo)",0,2,0.5,0.6931471805599453,0.0,2,2,0.0,1534,-0.5,0.6931471805599453,-1.0,0,0,2,0,0.5,1,0,0,1,1
184,3,"sympy:Interval(2, oo)",0,3,0.3333333333333333,1.0986122886681096,0.0,3,3,0.0,2146,-0.16666666666666669,0.4054651081081643,0.0,0,0,3,0,0.3333333333333333,1,0,0,1,1
184,4,"sympy:Interval(3, oo)",0,4,0.5,1.0397207708399179,0.25,3,1,0.0,3059,0.16666666666666669,-0.058891517828191686,0.25,1,1,3,1,0.6666666666666666,0,0,0,1,0
184,5,"sympy:Interval(3, oo)",0,5,0.4,1.0549201679861442,0.0,3,2,0.0,3710,-0.09999999999999998,0.015199397146226312,-0.25,0,1,3,0,0.3333333333333333,0,0,0,1,0
184,6,"sympy:Interval(3, oo)",0,6,0.5,1.0114042647073518,0.16666666666666666,3,3,0.0,4545,0.09999999999999998,-0.0435159032787924,0.16666666666666666,0,1,3,1,0.6666666666666666,0,0,0,1,0
184,7,"sympy:Interval(3, oo)",0,7,0.5714285714285714,0.9556998911125343,0.2857142857142857,3,4,0.0,5435,0.0714285714285714,-0.0557043735948175,0.11904761904761904,0,1,4,2,0.6666666666666666,0,0,0,1,0
184,8,"sympy:Interval(3, oo)",0,8,0.5,0.9743147528693494,0.125,3,5,0.0,6164,-0.0714285714285714,0.01861486175681515,-0.1607142857142857,0,1,5,1,0.6666666666666666,0,0,0,1,0
184,9,"sympy:Interval(3, oo)",0,9,0.4444444444444444,1.2148896539491203,0.1111111111111111,4,6,0.0,7188,-0.05555555555555558,0.24057490107977086,-0.013888888888888895,0,1,6,1,0.3333333333333333,0,0,0,1,0
184,10,"sympy:Interval(3, oo)",0,10,0.4,1.4184836619456564,0.1,5,7,0.0,8060,-0.0444444444444444,0.20359400799653615,-0.0111111111111111,0,1,7,1,0.0,0,0,0,1,0
184,11,"sympy:Interval(3, oo)",0,11,0.36363636363636365,1.5941666991180168,0.09090909090909091,6,8,0.0,8906,-0.036363636363636376,0.17568303717236033,-0.009090909090909094,0,1,8,1,0.0,0,0,0,1,0
184,12,"sympy:Interval(3, oo)",0,12,0.3333333333333333,1.6326309271543518,0.08333333333333333,6,9,0.0,9490,-0.03030303030303033,0.03846422803633498,-0.007575757575757583,0,1,9,1,0.0,0,0,0,1,0
184,13,"sympy:Interval(3, oo)",0,13,0.38461538461538464,1.5857708352080966,0.15384615384615385,6,10,0.0,10267,0.05128205128205132,-0.04686009194625518,0.07051282051282053,0,1,10,2,0.3333333333333333,0,0,0,1,0
184,14,"sympy:Interval(3, oo)",0,14,0.42857142857142855,1.5367224694372192,0.21428571428571427,6,11,0.0,11034,0.04395604395604391,-0.049048365770877345,0.06043956043956042,0,1,11,3,0.6666666666666666,0,0,0,1,0
184,15,"sympy:Interval(3, oo)",0,15,0.4,1.5519014979437442,0.2,6,12,0.0,11936,-0.028571428571428525,0.015179028506524972,-0.014285714285714263,0,1,12,3,0.6666666666666666,0,0,0,1,0
184,16,"sympy:Interval(3, oo)",0,16,0.375,1.5481155268740174,0.125,6,13,0.0,12713,-0.025000000000000022,-0.003785971069726779,-0.07500000000000001,0,1,13,2,0.3333333333333333,0,0,0,1,0
185,1,sympy:1,1,1,1.0,-0.0,1.0,1,1,0.0,244,0.0,0.0,0.0,0,0,1,1,1.0,0,0,0,1,0
185,2,sympy:1,1,2,1.0,-0.0,1.0,1,2,0.0,450,0.0,0.0,0.0,0,0,2,2,1.0,0,0,0,1,0
185,3,sympy:1,1,3,1.0,-0.0,1.0,1,3,0.0,663,0.0,0.0,0.0,0,0,3,3,1.0,0,0,0,1,0
185,4,sympy:1,1,4,1.0,-0.0,1.0,1,4,0.0,912,0.0,0.0,0.0,0,0,4,4,1.0,0,0,0,1,0
185,5,sympy:1,1,5,1.0,-0.0,1.0,1,5,0.0,1150,0.0,0.0,0.0,0,0,5,5,1.0,0,0,0,1,0
185,6,sympy:1,1,6,1.0,-0.0,1.0,1,6,0.0,1413,0.0,0.0,0.0,0,0,6,6,1.0,0,0,0,1,0
185,7,sympy:1,1,7,1.0,-0.0,1.0,1,7,0.0,1662,0.0,0.0,0.0,0,0,7,7,1.0,0,0,0,1,0
185,8,sympy:1,1,8,1.0,-0.0,1.0,1,8,0.0,1847,0.0,0.0,0.0,0,0,8,8,1.0,0,0,0,1,0
185,9,sympy:1,1,9,1.0,-0.0,1.0,1,9,0.0,2080,0.0,0.0,0.0,0,0,9,9,1.0,0,0,0,1,0
185,10,sympy:1,1,10,1.0,-0.0,1.0,1,10,0.0,2331,0.0,0.0,0.0,0,0,10,10,1.0,0,0,0,1,0
185,11,sympy:1,1,11,1.0,-0.0,1.0,1,11,0.0,2551,0.0,0.0,0.0,0,0,11,11,1.0,0,0,0,1,0
185,12,sympy:1,1,12,1.0,-0.0,1.0,1,12,0.0,2767,0.0,0.0,0.0,0,0,12,12,1.0,0,0,0,1,0
185,13,sympy:1,1,13,1.0,-0.0,1.0,1,13,0.0,3036,0.0,0.0,0.0,0,0,13,13,1.0,0,0,0,1,0
185,14,sympy:1,1,14,1.0,-0.0,1.0,1,14,0.0,3240,0.0,0.0,0.0,0,0,14,14,1.0,0,0,0,1,0
185,15,sympy:1,1,15,1.0,-0.0,1.0,1,15,0.0,3487,0.0,0.0,0.0,0,0,15,15,1.0,0,0,0,1,0
185,16,sympy:1,1,16,1.0,-0.0,1.0,1,16,0.0,3760,0.0,0.0,0.0,0,0,16,16,1.0,0,0,0,1,0
186,1,sympy:7,1,1,1.0,-0.0,1.0,1,1,0.0,1024,0.0,0.0,0.0,0,0,1,1,1.0,0,0,0,1,0
186,2,sympy:7,1,2,1.0,-0.0,1.0,1,2,0.0,2048,0.0,0.0,0.0,0,0,2,2,1.0,0,0,0,1,0
186,3,sympy:7,1,3,1.0,-0.0,1.0,1,3,0.0,2356,0.0,0.0,0.0,0,0,3,3,1.0,0,0,0,1,0
186,4,sympy:7,1,4,1.0,-0.0,1.0,1,4,0.0,2701,0.0,0.0,0.0,0,0,4,4,1.0,0,0,0,1,0
186,5,sympy:7,1,5,1.0,-0.0,1.0,1,5,0.0,3284,0.0,0.0,0.0,0,0,5,5,1.0,0,0,0,1,0
186,6,sympy:7,1,6,1.0,-0.0,1.0,1,6,0.0,3849,0.0,0.0,0.0,0,0,6,6,1.0,0,0,0,1,0
186,7,sympy:7,1,7,1.0,-0.0,1.0,1,7,0.0,4380,0.0,0.0,0.0,0,0,7,7,1.0,0,0,0,1,0
186,8,sympy:7,1,8,1.0,-0.0,1.0,1,8,0.0,5404,0.0,0.0,0.0,0,0,8,8,1.0,0,0,0,1,0
186,9,sympy:7,1,9,0.8888888888888888,0.34883209584303193,0.7777777777777778,2,9,0.0,5808,-0.11111111111111116,0.34883209584303193,-0.2222222222222222,0,0,9,7,0.6666666666666666,0,0,0,1,0
186,10,sympy:7,1,10,0.9,0.3250829733914482,0.8,2,10,0.0,6142,0.011111111111111183,-0.023749122451583726,0.022222222222222254,0,0,10,8,0.6666666666666666,0,0,0,1,0
186,11,sympy:7,1,11,0.9090909090909091,0.30463609734923813,0.8181818181818182,2,11,0.0,6590,0.009090909090909038,-0.02044687604221007,0.018181818181818188,0,0,11,9,0.6666666666666666,0,0,0,1,0
186,12,sympy:7,1,12,0.9166666666666666,0.2868359830561607,0.8333333333333334,2,12,0.0,7152,0.007575757575757569,-0.01780011429307743,0.015151515151515138,0,0,12,10,1.0,0,0,0,1,0
186,13,sympy:7,1,13,0.9230769230769231,0.2711893730418441,0.8461538461538461,2,13,0.0,7508,0.0064102564102564985,-0.01564661001431661,0.012820512820512775,0,0,13,11,1.0,0,0,0,1,0
186,14,sympy:7,1,14,0.9285714285714286,0.25731864054383163,0.8571428571428571,2,14,0.0,8106,0.005494505494505475,-0.013870732498012461,0.01098901098901095,0,0,14,12,1.0,0,0,0,1,0
186,15,sympy:7,1,15,0.9333333333333333,0.24493002679463532,0.8666666666666667,2,15,0.0,9130,0.004761904761904745,-0.012388613749196309,0.009523809523809601,0,0,15,13,1.0,0,0,0,1,0
186,16,sympy:7,1,16,0.9375,0.2337916587064593,0.875,2,16,0.0,9426,0.004166666666666652,-0.011138368088176032,0.008333333333333304,0,0,16,14,1.0,0,0,0,1,0
187,1,sympy:7,1,1,1.0,-0.0,1.0,1,1,0.0,437,0.0,0.0,0.0,0,0,1,1,1.0,0,0,0,1,0
187,2,sympy:7,1,2,1.0,-0.0,1.0,1,2,0.0,1461,0.0,0.0,0.0,0,0,2,2,1.0,0,0,0,1,0
187,3,sympy:7,1,3,1.0,-0.0,1.0,1,3,0.0,1907,0.0,0.0,0.0,0,0,3,3,1.0,0,0,0,1,0
187,4,sympy:7,1,4,1.0,-0.0,1.0,1,4,0.0,2258,0.0,0.0,0.0,0,0,4,4,1.0,0,0,0,1,0
187,5,sympy:7,1,5,1.0,-0.0,1.0,1,5,0.0,2715,0.0,0.0,0.0,0,0,5,5,1.0,0,0,0,1,0
187,6,sympy:7,1,6,1.0,-0.0,1.0,1,6,0.0,3138,0.0,0.0,0.0,0,0,6,6,1.0,0,0,0,1,0
187,7,sympy:7,1,7,1.0,-0.0,1.0,1,7,0.0,3494,0.0,0.0,0.0,0,0,7,7,1.0,0,0,0,1,0
187,8,sympy:7,1,8,1.0,-0.0,1.0,1,8,0.0,3862,0.0,0.0,0.0,0,0,8,8,1.0,0,0,0,1,0
187,9,sympy:7,1,9,1.0,-0.0,1.0,1,9,0.0,4327,0.0,0.0,0.0,0,0,9,9,1.0,0,0,0,1,0
187,10,sympy:7,1,10,1.0,-0.0,1.0,1,10,0.0,5351,0.0,0.0,0.0,0,0,10,10,1.0,0,0,0,1,0
187,11,sympy:7,1,11,1.0,-0.0,1.0,1,11,0.0,5707,0.0,0.0,0.0,0,0,11,11,1.0,0,0,0,1,0
187,12,sympy:7,1,12,1.0,-0.0,1.0,1,12,0.0,6061,0.0,0.0,0.0,0,0,12,12,1.0,0,0,0,1,0
187,13,sympy:7,1,13,1.0,-0.0,1.0,1,13,0.0,6415,0.0,0.0,0.0,0,0,13,13,1.0,0,0,0,1,0
187,14,sympy:7,1,14,1.0,-0.0,1.0,1,14,0.0,7439,0.0,0.0,0.0,0,0,14,14,1.0,0,0,0,1,0
187,15,sympy:7,1,15,1.0,-0.0,1.0,1,15,0.0,7874,0.0,0.0,0.0,0,0,15,15,1.0,0,0,0,1,0
187,16,sympy:7,1,16,1.0,-0.0,1.0,1,16,0.0,8308,0.0,0.0,0.0,0,0,16,16,1.0,0,0,0,1,0
188,1,sympy:6,1,1,1.0,-0.0,1.0,1,1,0.0,994,0.0,0.0,0.0,0,0,1,1,1.0,0,0,0,1,0
188,2,sympy:6,1,2,1.0,-0.0,1.0,1,2,0.0,1952,0.0,0.0,0.0,0,0,2,2,1.0,0,0,0,1,0
188,3,sympy:6,1,2,1.0,-0.0,1.0,1,3,0.3333333333333333,2976,0.0,0.0,0.0,0,0,3,2,1.0,0,0,0,1,0
188,4,sympy:6,1,2,1.0,-0.0,1.0,1,4,0.5,4000,0.0,0.0,0.0,0,0,4,2,1.0,0,0,0,1,0
188,5,sympy:6,1,2,1.0,-0.0,1.0,1,5,0.6,5024,0.0,0.0,0.0,0,0,5,2,0.0,0,0,0,1,0
188,6,sympy:6,1,2,1.0,-0.0,1.0,1,6,0.6666666666666666,6048,0.0,0.0,0.0,0,0,6,2,0.0,0,0,0,1,0
188,7,sympy:6,1,2,1.0,-0.0,1.0,1,7,0.7142857142857143,7072,0.0,0.0,0.0,0,0,7,2,0.0,0,0,0,1,0
188,8,sympy:6,1,2,1.0,-0.0,1.0,1,8,0.75,8096,0.0,0.0,0.0,0,0,8,2,0.0,0,0,0,1,0
188,9,sympy:6,1,2,1.0,-0.0,1.0,1,9,0.7777777777777778,9120,0.0,0.0,0.0,0,0,9,2,0.0,0,0,0,1,0
188,10,sympy:6,1,2,1.0,-0.0,1.0,1,10,0.8,10144,0.0,0.0,0.0,0,0,10,2,0.0,0,0,0,1,0
188,11,sympy:6,1,3,1.0,-0.0,1.0,1,11,0.7272727272727273,10993,0.0,0.0,0.0,0,0,11,3,1.0,0,0,0,1,0
188,12,sympy:6,1,3,1.0,-0.0,1.0,1,12,0.75,12017,0.0,0.0,0.0,0,0,12,3,1.0,0,0,0,1,0
188,13,sympy:6,1,3,1.0,-0.0,1.0,1,13,0.7692307692307693,13041,0.0,0.0,0.0,0,0,13,3,1.0,0,0,0,1,0
188,14,sympy:6,1,3,1.0,-0.0,1.0,1,14,0.7857142857142857,14065,0.0,0.0,0.0,0,0,14,3,0.0,0,0,0,1,0
188,15,sympy:6,1,3,1.0,-0.0,1.0,1,15,0.8,15089,0.0,0.0,0.0,0,0,15,3,0.0,0,0,0,1,0
188,16,sympy:6,1,3,1.0,-0.0,1.0,1,16,0.8125,16113,0.0,0.0,0.0,0,0,16,3,0.0,0,0,0,1,0
189,1,sympy:80,0,1,1.0,-0.0,1.0,1,1,0.0,1024,0.0,0.0,0.0,0,0,1,1,1.0,1,1,0,0,1
189,2,sympy:80,0,2,0.5,0.6931471805599453,0.0,2,2,0.0,2048,-0.5,0.6931471805599453,-1.0,0,0,2,0,0.5,1,1,0,0,1
189,3,sympy:20,0,3,0.6666666666666666,0.6365141682948128,0.3333333333333333,2,1,0.0,3072,0.16666666666666663,-0.05663301226513251,0.3333333333333333,1,1,2,1,0.6666666666666666,1,1,0,0,1
189,4,sympy:20,0,3,0.6666666666666666,0.6365141682948128,0.3333333333333333,2,2,0.25,4096,0.0,0.0,0.0,0,1,2,1,1.0,1,1,0,0,1
189,5,sympy:20,0,4,0.5,1.0397207708399179,0.25,3,3,0.2,4975,-0.16666666666666663,0.4032066025451051,-0.08333333333333331,0,1,3,1,0.5,1,1,0,0,1
189,6,sympy:20,0,5,0.4,1.3321790402101223,0.2,4,4,0.16666666666666666,5999,-0.09999999999999998,0.29245826937020447,-0.04999999999999999,0,1,4,1,0.0,1,1,0,0,1
189,7,sympy:20,0,5,0.4,1.3321790402101223,0.2,4,5,0.2857142857142857,7023,0.0,0.0,0.0,0,1,5,1,0.0,1,1,0,0,1
189,8,sympy:20,0,5,0.4,1.3321790402101223,0.2,4,6,0.375,8047,0.0,0.0,0.0,0,1,6,1,0.0,1,1,0,0,1
189,9,sympy:20,0,6,0.3333333333333333,1.5607104090414063,0.16666666666666666,5,7,0.3333333333333333,8871,-0.06666666666666671,0.228531368831284,-0.033333333333333354,0,1,7,1,0.0,1,1,0,0,1
189,10,sympy:20,0,7,0.2857142857142857,1.7478680974667573,0.14285714285714285,6,8,0.3,9895,-0.047619047619047616,0.18715768842535097,-0.023809523809523808,0,1,8,1,0.0,1,1,0,0,1
189,11,sympy:20,0,7,0.2857142857142857,1.7478680974667573,0.14285714285714285,6,9,0.36363636363636365,10919,0.0,0.0,0.0,0,1,9,1,0.0,1,1,0,0,1
189,12,sympy:20,0,7,0.2857142857142857,1.7478680974667573,0.14285714285714285,6,10,0.4166666666666667,11943,0.0,0.0,0.0,0,1,10,1,0.0,1,1,0,0,1
189,13,sympy:20,0,7,0.2857142857142857,1.7478680974667573,0.14285714285714285,6,11,0.46153846153846156,12967,0.0,0.0,0.0,0,1,11,1,0.0,1,1,0,0,1
189,14,sympy:20,0,8,0.25,1.732867951399863,0.0,6,12,0.42857142857142855,13991,-0.0357142857142857,-0.01500014606689426,-0.14285714285714285,0,1,12,0,0.0,1,1,0,0,1
189,15,sympy:20,0,9,0.2222222222222222,1.7351264569629226,0.0,6,13,0.4,15015,-0.02777777777777779,0.0022585055630595097,0.0,0,1,13,0,0.0,1,1,0,0,1
189,16,sympy:160,1,10,0.3,1.6957425341696346,0.1,6,1,0.375,16039,0.07777777777777778,-0.03938392279328795,0.1,1,2,13,1,0.6666666666666666,0,0,0,1,0
190,1,sympy:13/18,1,1,1.0,-0.0,1.0,1,1,0.0,453,0.0,0.0,0.0,0,0,1,1,1.0,1,0,1,1,0
190,2,sympy:13/18,1,2,0.5,0.6931471805599453,0.0,2,2,0.0,787,-0.5,0.6931471805599453,-1.0,0,0,2,0,0.5,1,0,1,1,0
190,3,sympy:13/18,1,3,0.6666666666666666,0.6365141682948128,0.3333333333333333,2,3,0.0,1239,0.16666666666666663,-0.05663301226513251,0.3333333333333333,0,0,3,1,0.6666666666666666,1,0,1,1,0
190,4,sympy:13/18,1,4,0.75,0.5623351446188083,0.5,2,4,0.0,1661,0.08333333333333337,-0.07417902367600449,0.16666666666666669,0,0,4,2,0.6666666666666666,1,0,1,1,0
190,5,sympy:13/18,1,5,0.6,0.6730116670092565,0.2,2,5,0.0,1970,-0.15000000000000002,0.11067652239044823,-0.3,0,0,5,1,0.6666666666666666,1,0,1,1,0
190,6,sympy:13/18,1,6,0.5,0.6931471805599453,0.0,2,6,0.0,2254,-0.09999999999999998,0.020135513550688766,-0.2,0,0,6,0,0.3333333333333333,1,0,1,1,0
190,7,sympy:13/18,1,7,0.5714285714285714,0.6829081047004717,0.14285714285714285,2,7,0.0,2657,0.0714285714285714,-0.01023907585947359,0.14285714285714285,0,0,7,1,0.3333333333333333,1,0,1,1,0
190,8,sympy:13/18,1,8,0.5,0.6931471805599453,0.0,2,8,0.0,3063,-0.0714285714285714,0.01023907585947359,-0.14285714285714285,0,0,8,0,0.3333333333333333,1,0,1,1,0
190,9,sympy:25/36,0,9,0.5555555555555556,0.6869615765973234,0.1111111111111111,2,1,0.0,3357,0.05555555555555558,-0.006185603962621911,0.1111111111111111,1,1,8,1,0.6666666666666666,0,0,0,1,0
190,10,sympy:25/36,0,10,0.6,0.6730116670092565,0.2,2,2,0.0,3612,0.0444444444444444,-0.013949909588066856,0.0888888888888889,0,1,8,2,1.0,0,0,0,1,0
190,11,sympy:25/36,0,11,0.5454545454545454,0.6890092384766586,0.09090909090909091,2,3,0.0,3935,-0.054545454545454564,0.015997571467402105,-0.1090909090909091,0,1,8,1,0.6666666666666666,0,0,0,1,0
190,12,sympy:13/18,1,12,0.5,0.6931471805599453,0.0,2,1,0.0,4353,-0.045454545454545414,0.004137942083286661,-0.09090909090909091,1,2,8,0,0.6666666666666666,1,0,1,1,0
190,13,sympy:13/18,1,13,0.46153846153846156,0.9110175397125628,0.0,3,2,0.0,4851,-0.038461538461538436,0.21787035915261754,0.0,0,2,8,0,0.6666666666666666,1,0,1,1,0
190,14,sympy:13/18,1,14,0.5,0.8982053397041498,0.07142857142857142,3,3,0.0,5308,0.038461538461538436,-0.012812200008412988,0.07142857142857142,0,2,8,1,0.6666666666666666,1,0,1,1,0
190,15,sympy:13/18,1,15,0.4666666666666667,0.891867395317251,0.0,3,4,0.0,5614,-0.033333333333333326,-0.0063379443868988306,-0.07142857142857142,0,2,8,0,0.3333333333333333,1,0,1,1,0
190,16,sympy:25/36,0,16,0.5,0.8815322611881636,0.0625,3,1,0.0,5942,0.033333333333333326,-0.010335134129087375,0.0625,1,3,8,1,0.6666666666666666,0,0,0,1,0
191,1,sympy:0,1,1,1.0,-0.0,1.0,1,1,0.0,285,0.0,0.0,0.0,0,0,1,1,1.0,0,0,0,1,0
191,2,sympy:0,1,2,1.0,-0.0,1.0,1,2,0.0,501,0.0,0.0,0.0,0,0,2,2,1.0,0,0,0,1,0
191,3,sympy:0,1,3,1.0,-0.0,1.0,1,3,0.0,813,0.0,0.0,0.0,0,0,3,3,1.0,0,0,0,1,0
191,4,sympy:0,1,4,1.0,-0.0,1.0,1,4,0.0,1080,0.0,0.0,0.0,0,0,4,4,1.0,0,0,0,1,0
191,5,sympy:0,1,5,1.0,-0.0,1.0,1,5,0.0,1341,0.0,0.0,0.0,0,0,5,5,1.0,0,0,0,1,0
191,6,sympy:0,1,6,1.0,-0.0,1.0,1,6,0.0,1627,0.0,0.0,0.0,0,0,6,6,1.0,0,0,0,1,0
191,7,sympy:0,1,7,1.0,-0.0,1.0,1,7,0.0,1923,0.0,0.0,0.0,0,0,7,7,1.0,0,0,0,1,0
191,8,sympy:0,1,8,1.0,-0.0,1.0,1,8,0.0,2201,0.0,0.0,0.0,0,0,8,8,1.0,0,0,0,1,0
191,9,sympy:0,1,9,1.0,-0.0,1.0,1,9,0.0,2484,0.0,0.0,0.0,0,0,9,9,1.0,0,0,0,1,0
191,10,sympy:0,1,10,1.0,-0.0,1.0,1,10,0.0,2755,0.0,0.0,0.0,0,0,10,10,1.0,0,0,0,1,0
191,11,sympy:0,1,11,1.0,-0.0,1.0,1,11,0.0,3026,0.0,0.0,0.0,0,0,11,11,1.0,0,0,0,1,0
191,12,sympy:0,1,12,1.0,-0.0,1.0,1,12,0.0,3304,0.0,0.0,0.0,0,0,12,12,1.0,0,0,0,1,0
191,13,sympy:0,1,13,1.0,-0.0,1.0,1,13,0.0,3540,0.0,0.0,0.0,0,0,13,13,1.0,0,0,0,1,0
191,14,sympy:0,1,14,1.0,-0.0,1.0,1,14,0.0,3822,0.0,0.0,0.0,0,0,14,14,1.0,0,0,0,1,0
191,15,sympy:0,1,15,1.0,-0.0,1.0,1,15,0.0,4041,0.0,0.0,0.0,0,0,15,15,1.0,0,0,0,1,0
191,16,sympy:0,1,16,1.0,-0.0,1.0,1,16,0.0,4350,0.0,0.0,0.0,0,0,16,16,1.0,0,0,0,1,0
192,1,sympy:30,1,1,1.0,-0.0,1.0,1,1,0.0,400,0.0,0.0,0.0,0,0,1,1,1.0,0,0,0,1,0
192,2,sympy:30,1,2,1.0,-0.0,1.0,1,2,0.0,839,0.0,0.0,0.0,0,0,2,2,1.0,0,0,0,1,0
192,3,sympy:30,1,3,1.0,-0.0,1.0,1,3,0.0,1254,0.0,0.0,0.0,0,0,3,3,1.0,0,0,0,1,0
192,4,sympy:30,1,4,1.0,-0.0,1.0,1,4,0.0,1757,0.0,0.0,0.0,0,0,4,4,1.0,0,0,0,1,0
192,5,sympy:30,1,5,1.0,-0.0,1.0,1,5,0.0,2199,0.0,0.0,0.0,0,0,5,5,1.0,0,0,0,1,0
192,6,sympy:30,1,6,1.0,-0.0,1.0,1,6,0.0,2615,0.0,0.0,0.0,0,0,6,6,1.0,0,0,0,1,0
192,7,sympy:30,1,7,1.0,-0.0,1.0,1,7,0.0,3000,0.0,0.0,0.0,0,0,7,7,1.0,0,0,0,1,0
192,8,sympy:30,1,8,1.0,-0.0,1.0,1,8,0.0,3388,0.0,0.0,0.0,0,0,8,8,1.0,0,0,0,1,0
192,9,sympy:30,1,9,1.0,-0.0,1.0,1,9,0.0,3767,0.0,0.0,0.0,0,0,9,9,1.0,0,0,0,1,0
192,10,sympy:30,1,10,1.0,-0.0,1.0,1,10,0.0,4186,0.0,0.0,0.0,0,0,10,10,1.0,0,0,0,1,0
192,11,sympy:30,1,11,1.0,-0.0,1.0,1,11,0.0,4612,0.0,0.0,0.0,0,0,11,11,1.0,0,0,0,1,0
192,12,sympy:30,1,12,1.0,-0.0,1.0,1,12,0.0,4977,0.0,0.0,0.0,0,0,12,12,1.0,0,0,0,1,0
192,13,sympy:30,1,13,1.0,-0.0,1.0,1,13,0.0,5468,0.0,0.0,0.0,0,0,13,13,1.0,0,0,0,1,0
192,14,sympy:30,1,14,1.0,-0.0,1.0,1,14,0.0,5930,0.0,0.0,0.0,0,0,14,14,1.0,0,0,0,1,0
192,15,sympy:30,1,15,1.0,-0.0,1.0,1,15,0.0,6954,0.0,0.0,0.0,0,0,15,15,1.0,0,0,0,1,0
192,16,sympy:30,1,16,1.0,-0.0,1.0,1,16,0.0,7366,0.0,0.0,0.0,0,0,16,16,1.0,0,0,0,1,0
193,1,sympy:4,1,1,1.0,-0.0,1.0,1,1,0.0,355,0.0,0.0,0.0,0,0,1,1,1.0,0,0,0,1,0
193,2,sympy:4,1,2,1.0,-0.0,1.0,1,2,0.0,719,0.0,0.0,0.0,0,0,2,2,1.0,0,0,0,1,0
193,3,sympy:4,1,3,1.0,-0.0,1.0,1,3,0.0,1006,0.0,0.0,0.0,0,0,3,3,1.0,0,0,0,1,0
193,4,sympy:4,1,4,1.0,-0.0,1.0,1,4,0.0,1436,0.0,0.0,0.0,0,0,4,4,1.0,0,0,0,1,0
193,5,sympy:4,1,5,1.0,-0.0,1.0,1,5,0.0,1725,0.0,0.0,0.0,0,0,5,5,1.0,0,0,0,1,0
193,6,sympy:4,1,6,1.0,-0.0,1.0,1,6,0.0,2017,0.0,0.0,0.0,0,0,6,6,1.0,0,0,0,1,0
193,7,sympy:4,1,7,1.0,-0.0,1.0,1,7,0.0,2341,0.0,0.0,0.0,0,0,7,7,1.0,0,0,0,1,0
193,8,sympy:4,1,8,1.0,-0.0,1.0,1,8,0.0,2652,0.0,0.0,0.0,0,0,8,8,1.0,0,0,0,1,0
193,9,sympy:4,1,9,1.0,-0.0,1.0,1,9,0.0,3064,0.0,0.0,0.0,0,0,9,9,1.0,0,0,0,1,0
193,10,sympy:4,1,10,1.0,-0.0,1.0,1,10,0.0,3582,0.0,0.0,0.0,0,0,10,10,1.0,0,0,0,1,0
193,11,sympy:4,1,11,1.0,-0.0,1.0,1,11,0.0,3937,0.0,0.0,0.0,0,0,11,11,1.0,0,0,0,1,0
193,12,sympy:4,1,12,1.0,-0.0,1.0,1,12,0.0,4259,0.0,0.0,0.0,0,0,12,12,1.0,0,0,0,1,0
193,13,sympy:4,1,13,1.0,-0.0,1.0,1,13,0.0,4653,0.0,0.0,0.0,0,0,13,13,1.0,0,0,0,1,0
193,14,sympy:4,1,14,1.0,-0.0,1.0,1,14,0.0,5046,0.0,0.0,0.0,0,0,14,14,1.0,0,0,0,1,0
193,15,sympy:4,1,15,1.0,-0.0,1.0,1,15,0.0,5320,0.0,0.0,0.0,0,0,15,15,1.0,0,0,0,1,0
193,16,sympy:4,1,16,1.0,-0.0,1.0,1,16,0.0,5658,0.0,0.0,0.0,0,0,16,16,1.0,0,0,0,1,0
194,1,sympy:1/4,1,1,1.0,-0.0,1.0,1,1,0.0,839,0.0,0.0,0.0,0,0,1,1,1.0,0,0,0,1,0
194,2,sympy:1/4,1,2,1.0,-0.0,1.0,1,2,0.0,1524,0.0,0.0,0.0,0,0,2,2,1.0,0,0,0,1,0
194,3,sympy:1/4,1,3,1.0,-0.0,1.0,1,3,0.0,2321,0.0,0.0,0.0,0,0,3,3,1.0,0,0,0,1,0
194,4,sympy:1/4,1,3,1.0,-0.0,1.0,1,4,0.25,3345,0.0,0.0,0.0,0,0,4,3,1.0,0,0,0,1,0
194,5,sympy:1/4,1,4,0.75,0.5623351446188083,0.5,2,5,0.2,4093,-0.25,0.5623351446188083,-0.5,0,0,5,2,0.5,0,0,0,1,0
194,6,sympy:1/4,1,5,0.8,0.5004024235381879,0.6,2,6,0.16666666666666666,4782,0.050000000000000044,-0.06193272108062042,0.09999999999999998,0,0,6,3,0.5,0,0,0,1,0
194,7,sympy:1/4,1,6,0.8333333333333334,0.45056120886630463,0.6666666666666666,2,7,0.14285714285714285,5526,0.033333333333333326,-0.04984121467188324,0.06666666666666665,0,0,7,4,0.6666666666666666,0,0,0,1,0
194,8,sympy:1/4,1,7,0.8571428571428571,0.410116318288409,0.7142857142857143,2,8,0.125,6469,0.023809523809523725,-0.04044489057789563,0.04761904761904767,0,0,8,5,1.0,0,0,0,1,0
194,9,sympy:1/4,1,8,0.875,0.37677016125643675,0.75,2,9,0.1111111111111111,7493,0.017857142857142905,-0.033346157031972246,0.0357142857142857,0,0,9,6,1.0,0,0,0,1,0
194,10,sympy:1/4,1,9,0.8888888888888888,0.34883209584303193,0.7777777777777778,2,10,0.1,8258,0.01388888888888884,-0.027938065413404822,0.02777777777777779,0,0,10,7,1.0,0,0,0,1,0
194,11,sympy:1/4,1,10,0.9,0.3250829733914482,0.8,2,11,0.09090909090909091,8902,0.011111111111111183,-0.023749122451583726,0.022222222222222254,0,0,11,8,1.0,0,0,0,1,0
194,12,sympy:1/4,1,11,0.9090909090909091,0.30463609734923813,0.8181818181818182,2,12,0.08333333333333333,9697,0.009090909090909038,-0.02044687604221007,0.018181818181818188,0,0,12,9,1.0,0,0,0,1,0
194,13,sympy:1/4,1,12,0.8333333333333334,0.5660857389596289,0.75,3,13,0.07692307692307693,10458,-0.07575757575757569,0.26144964161039075,-0.06818181818181823,0,0,13,9,0.6666666666666666,0,0,0,1,0
194,14,sympy:1/4,1,13,0.7692307692307693,0.6870920273799715,0.6153846153846154,3,14,0.07142857142857142,11214,-0.0641025641025641,0.12100628842034267,-0.13461538461538458,0,0,14,8,0.3333333333333333,0,0,0,1,0
194,15,sympy:1/4,1,14,0.7142857142857143,0.796311640173813,0.5714285714285714,3,15,0.06666666666666667,11934,-0.05494505494505497,0.1092196127938414,-0.04395604395604402,0,0,15,8,0.0,0,0,0,1,0
194,16,sympy:1/4,1,14,0.7142857142857143,0.796311640173813,0.5714285714285714,3,16,0.125,12958,0.0,0.0,0.0,0,0,16,8,0.0,0,0,0,1,0
195,1,sympy:24,1,1,1.0,-0.0,1.0,1,1,0.0,332,0.0,0.0,0.0,0,0,1,1,1.0,0,0,0,1,0
195,2,sympy:24,1,2,1.0,-0.0,1.0,1,2,0.0,695,0.0,0.0,0.0,0,0,2,2,1.0,0,0,0,1,0
195,3,sympy:24,1,3,1.0,-0.0,1.0,1,3,0.0,1062,0.0,0.0,0.0,0,0,3,3,1.0,0,0,0,1,0
195,4,sympy:24,1,4,1.0,-0.0,1.0,1,4,0.0,1335,0.0,0.0,0.0,0,0,4,4,1.0,0,0,0,1,0
195,5,sympy:24,1,5,1.0,-0.0,1.0,1,5,0.0,1666,0.0,0.0,0.0,0,0,5,5,1.0,0,0,0,1,0
195,6,sympy:24,1,6,1.0,-0.0,1.0,1,6,0.0,1961,0.0,0.0,0.0,0,0,6,6,1.0,0,0,0,1,0
195,7,sympy:24,1,7,1.0,-0.0,1.0,1,7,0.0,2260,0.0,0.0,0.0,0,0,7,7,1.0,0,0,0,1,0
195,8,sympy:24,1,8,1.0,-0.0,1.0,1,8,0.0,2577,0.0,0.0,0.0,0,0,8,8,1.0,0,0,0,1,0
195,9,sympy:24,1,9,1.0,-0.0,1.0,1,9,0.0,2881,0.0,0.0,0.0,0,0,9,9,1.0,0,0,0,1,0
195,10,sympy:24,1,10,1.0,-0.0,1.0,1,10,0.0,3202,0.0,0.0,0.0,0,0,10,10,1.0,0,0,0,1,0
195,11,sympy:24,1,11,1.0,-0.0,1.0,1,11,0.0,4226,0.0,0.0,0.0,0,0,11,11,1.0,0,0,0,1,0
195,12,sympy:24,1,12,1.0,-0.0,1.0,1,12,0.0,4578,0.0,0.0,0.0,0,0,12,12,1.0,0,0,0,1,0
195,13,sympy:24,1,13,1.0,-0.0,1.0,1,13,0.0,4990,0.0,0.0,0.0,0,0,13,13,1.0,0,0,0,1,0
195,14,sympy:24,1,14,1.0,-0.0,1.0,1,14,0.0,5287,0.0,0.0,0.0,0,0,14,14,1.0,0,0,0,1,0
195,15,sympy:24,1,15,1.0,-0.0,1.0,1,15,0.0,5597,0.0,0.0,0.0,0,0,15,15,1.0,0,0,0,1,0
195,16,sympy:24,1,16,1.0,-0.0,1.0,1,16,0.0,5923,0.0,0.0,0.0,0,0,16,16,1.0,0,0,0,1,0
196,1,sympy:1600,1,1,1.0,-0.0,1.0,1,1,0.0,295,0.0,0.0,0.0,0,0,1,1,1.0,0,0,0,1,0
196,2,sympy:1600,1,2,1.0,-0.0,1.0,1,2,0.0,681,0.0,0.0,0.0,0,0,2,2,1.0,0,0,0,1,0
196,3,sympy:1600,1,3,1.0,-0.0,1.0,1,3,0.0,1018,0.0,0.0,0.0,0,0,3,3,1.0,0,0,0,1,0
196,4,sympy:1600,1,4,1.0,-0.0,1.0,1,4,0.0,1345,0.0,0.0,0.0,0,0,4,4,1.0,0,0,0,1,0
196,5,sympy:1600,1,5,1.0,-0.0,1.0,1,5,0.0,1598,0.0,0.0,0.0,0,0,5,5,1.0,0,0,0,1,0
196,6,sympy:1600,1,6,1.0,-0.0,1.0,1,6,0.0,1964,0.0,0.0,0.0,0,0,6,6,1.0,0,0,0,1,0
196,7,sympy:1600,1,7,1.0,-0.0,1.0,1,7,0.0,2226,0.0,0.0,0.0,0,0,7,7,1.0,0,0,0,1,0
196,8,sympy:1600,1,8,1.0,-0.0,1.0,1,8,0.0,2493,0.0,0.0,0.0,0,0,8,8,1.0,0,0,0,1,0
196,9,sympy:1600,1,9,1.0,-0.0,1.0,1,9,0.0,2899,0.0,0.0,0.0,0,0,9,9,1.0,0,0,0,1,0
196,10,sympy:1600,1,10,1.0,-0.0,1.0,1,10,0.0,3162,0.0,0.0,0.0,0,0,10,10,1.0,0,0,0,1,0
196,11,sympy:1600,1,11,1.0,-0.0,1.0,1,11,0.0,3402,0.0,0.0,0.0,0,0,11,11,1.0,0,0,0,1,0
196,12,sympy:1600,1,12,1.0,-0.0,1.0,1,12,0.0,3620,0.0,0.0,0.0,0,0,12,12,1.0,0,0,0,1,0
196,13,sympy:1600,1,13,1.0,-0.0,1.0,1,13,0.0,3870,0.0,0.0,0.0,0,0,13,13,1.0,0,0,0,1,0
196,14,sympy:1600,1,14,1.0,-0.0,1.0,1,14,0.0,4162,0.0,0.0,0.0,0,0,14,14,1.0,0,0,0,1,0
196,15,sympy:1600,1,15,1.0,-0.0,1.0,1,15,0.0,4385,0.0,0.0,0.0,0,0,15,15,1.0,0,0,0,1,0
196,16,sympy:1600,1,16,1.0,-0.0,1.0,1,16,0.0,4684,0.0,0.0,0.0,0,0,16,16,1.0,0,0,0,1,0
197,1,sympy:6,1,1,1.0,-0.0,1.0,1,1,0.0,1024,0.0,0.0,0.0,0,0,1,1,1.0,0,0,0,1,0
197,2,sympy:6,1,2,0.5,0.6931471805599453,0.0,2,2,0.0,1641,-0.5,0.6931471805599453,-1.0,0,0,2,0,0.5,0,0,0,1,0
197,3,sympy:6,1,3,0.6666666666666666,0.6365141682948128,0.3333333333333333,2,3,0.0,2457,0.16666666666666663,-0.05663301226513251,0.3333333333333333,0,0,3,1,0.6666666666666666,0,0,0,1,0
197,4,sympy:6,1,4,0.75,0.5623351446188083,0.5,2,4,0.0,3093,0.08333333333333337,-0.07417902367600449,0.16666666666666669,0,0,4,2,0.6666666666666666,0,0,0,1,0
197,5,sympy:6,1,5,0.8,0.5004024235381879,0.6,2,5,0.0,3900,0.050000000000000044,-0.06193272108062042,0.09999999999999998,0,0,5,3,1.0,0,0,0,1,0
197,6,sympy:6,1,6,0.8333333333333334,0.45056120886630463,0.6666666666666666,2,6,0.0,4536,0.033333333333333326,-0.04984121467188324,0.06666666666666665,0,0,6,4,1.0,0,0,0,1,0
197,7,sympy:6,1,7,0.8571428571428571,0.410116318288409,0.7142857142857143,2,7,0.0,5232,0.023809523809523725,-0.04044489057789563,0.04761904761904767,0,0,7,5,1.0,0,0,0,1,0
197,8,sympy:6,1,8,0.875,0.37677016125643675,0.75,2,8,0.0,6005,0.017857142857142905,-0.033346157031972246,0.0357142857142857,0,0,8,6,1.0,0,0,0,1,0
197,9,sympy:6,1,9,0.8888888888888888,0.34883209584303193,0.7777777777777778,2,9,0.0,6517,0.01388888888888884,-0.027938065413404822,0.02777777777777779,0,0,9,7,1.0,0,0,0,1,0
197,10,sympy:6,1,10,0.9,0.3250829733914482,0.8,2,10,0.0,7040,0.011111111111111183,-0.023749122451583726,0.022222222222222254,0,0,10,8,1.0,0,0,0,1,0
197,11,sympy:6,1,11,0.9090909090909091,0.30463609734923813,0.8181818181818182,2,11,0.0,7596,0.009090909090909038,-0.02044687604221007,0.018181818181818188,0,0,11,9,1.0,0,0,0,1,0
197,12,sympy:6,1,12,0.9166666666666666,0.2868359830561607,0.8333333333333334,2,12,0.0,8620,0.007575757575757569,-0.01780011429307743,0.015151515151515138,0,0,12,10,1.0,0,0,0,1,0
197,13,sympy:6,1,13,0.9230769230769231,0.2711893730418441,0.8461538461538461,2,13,0.0,9229,0.0064102564102564985,-0.01564661001431661,0.012820512820512775,0,0,13,11,1.0,0,0,0,1,0
197,14,sympy:6,1,14,0.9285714285714286,0.25731864054383163,0.8571428571428571,2,14,0.0,9758,0.005494505494505475,-0.013870732498012461,0.01098901098901095,0,0,14,12,1.0,0,0,0,1,0
197,15,sympy:6,1,15,0.9333333333333333,0.24493002679463532,0.8666666666666667,2,15,0.0,10619,0.004761904761904745,-0.012388613749196309,0.009523809523809601,0,0,15,13,1.0,0,0,0,1,0
197,16,sympy:6,1,16,0.9375,0.2337916587064593,0.875,2,16,0.0,11402,0.004166666666666652,-0.011138368088176032,0.008333333333333304,0,0,16,14,1.0,0,0,0,1,0
198,1,sympy:10080,1,1,1.0,-0.0,1.0,1,1,0.0,378,0.0,0.0,0.0,0,0,1,1,1.0,0,0,0,1,0
198,2,sympy:10080,1,2,1.0,-0.0,1.0,1,2,0.0,779,0.0,0.0,0.0,0,0,2,2,1.0,0,0,0,1,0
198,3,sympy:10080,1,3,1.0,-0.0,1.0,1,3,0.0,1123,0.0,0.0,0.0,0,0,3,3,1.0,0,0,0,1,0
198,4,sympy:10080,1,4,1.0,-0.0,1.0,1,4,0.0,1504,0.0,0.0,0.0,0,0,4,4,1.0,0,0,0,1,0
198,5,sympy:10080,1,5,1.0,-0.0,1.0,1,5,0.0,1891,0.0,0.0,0.0,0,0,5,5,1.0,0,0,0,1,0
198,6,sympy:10080,1,6,1.0,-0.0,1.0,1,6,0.0,2270,0.0,0.0,0.0,0,0,6,6,1.0,0,0,0,1,0
198,7,sympy:10080,1,7,1.0,-0.0,1.0,1,7,0.0,2635,0.0,0.0,0.0,0,0,7,7,1.0,0,0,0,1,0
198,8,sympy:10080,1,8,1.0,-0.0,1.0,1,8,0.0,3013,0.0,0.0,0.0,0,0,8,8,1.0,0,0,0,1,0
198,9,sympy:10080,1,9,1.0,-0.0,1.0,1,9,0.0,3413,0.0,0.0,0.0,0,0,9,9,1.0,0,0,0,1,0
198,10,sympy:10080,1,10,1.0,-0.0,1.0,1,10,0.0,3790,0.0,0.0,0.0,0,0,10,10,1.0,0,0,0,1,0
198,11,sympy:10080,1,11,1.0,-0.0,1.0,1,11,0.0,4169,0.0,0.0,0.0,0,0,11,11,1.0,0,0,0,1,0
198,12,sympy:10080,1,12,1.0,-0.0,1.0,1,12,0.0,4497,0.0,0.0,0.0,0,0,12,12,1.0,0,0,0,1,0
198,13,sympy:10080,1,13,1.0,-0.0,1.0,1,13,0.0,4893,0.0,0.0,0.0,0,0,13,13,1.0,0,0,0,1,0
198,14,sympy:10080,1,14,1.0,-0.0,1.0,1,14,0.0,5298,0.0,0.0,0.0,0,0,14,14,1.0,0,0,0,1,0
198,15,sympy:10080,1,15,1.0,-0.0,1.0,1,15,0.0,5677,0.0,0.0,0.0,0,0,15,15,1.0,0,0,0,1,0
198,16,sympy:10080,1,16,1.0,-0.0,1.0,1,16,0.0,5981,0.0,0.0,0.0,0,0,16,16,1.0,0,0,0,1,0
199,1,sympy:17,1,1,1.0,-0.0,1.0,1,1,0.0,319,0.0,0.0,0.0,0,0,1,1,1.0,0,0,0,1,0
199,2,sympy:17,1,2,1.0,-0.0,1.0,1,2,0.0,635,0.0,0.0,0.0,0,0,2,2,1.0,0,0,0,1,0
199,3,sympy:17,1,3,1.0,-0.0,1.0,1,3,0.0,972,0.0,0.0,0.0,0,0,3,3,1.0,0,0,0,1,0
199,4,sympy:17,1,4,1.0,-0.0,1.0,1,4,0.0,1264,0.0,0.0,0.0,0,0,4,4,1.0,0,0,0,1,0
199,5,sympy:17,1,5,1.0,-0.0,1.0,1,5,0.0,1514,0.0,0.0,0.0,0,0,5,5,1.0,0,0,0,1,0
199,6,sympy:17,1,6,1.0,-0.0,1.0,1,6,0.0,1828,0.0,0.0,0.0,0,0,6,6,1.0,0,0,0,1,0
199,7,sympy:17,1,7,1.0,-0.0,1.0,1,7,0.0,2181,0.0,0.0,0.0,0,0,7,7,1.0,0,0,0,1,0
199,8,sympy:17,1,8,1.0,-0.0,1.0,1,8,0.0,2543,0.0,0.0,0.0,0,0,8,8,1.0,0,0,0,1,0
199,9,sympy:17,1,9,1.0,-0.0,1.0,1,9,0.0,2914,0.0,0.0,0.0,0,0,9,9,1.0,0,0,0,1,0
199,10,sympy:17,1,10,1.0,-0.0,1.0,1,10,0.0,3245,0.0,0.0,0.0,0,0,10,10,1.0,0,0,0,1,0
199,11,sympy:17,1,11,1.0,-0.0,1.0,1,11,0.0,3574,0.0,0.0,0.0,0,0,11,11,1.0,0,0,0,1,0
199,12,sympy:17,1,12,1.0,-0.0,1.0,1,12,0.0,3843,0.0,0.0,0.0,0,0,12,12,1.0,0,0,0,1,0
199,13,sympy:17,1,13,1.0,-0.0,1.0,1,13,0.0,4159,0.0,0.0,0.0,0,0,13,13,1.0,0,0,0,1,0
199,14,sympy:17,1,14,1.0,-0.0,1.0,1,14,0.0,4540,0.0,0.0,0.0,0,0,14,14,1.0,0,0,0,1,0
199,15,sympy:17,1,15,1.0,-0.0,1.0,1,15,0.0,4851,0.0,0.0,0.0,0,0,15,15,1.0,0,0,0,1,0
199,16,sympy:17,1,16,1.0,-0.0,1.0,1,16,0.0,5219,0.0,0.0,0.0,0,0,16,16,1.0,0,0,0,1,0
200,1,sympy:40,1,1,1.0,-0.0,1.0,1,1,0.0,517,0.0,0.0,0.0,0,0,1,1,1.0,0,0,0,1,0
200,2,sympy:40,1,2,1.0,-0.0,1.0,1,2,0.0,999,0.0,0.0,0.0,0,0,2,2,1.0,0,0,0,1,0
200,3,sympy:40,1,3,1.0,-0.0,1.0,1,3,0.0,1274,0.0,0.0,0.0,0,0,3,3,1.0,0,0,0,1,0
200,4,sympy:40,1,4,1.0,-0.0,1.0,1,4,0.0,1651,0.0,0.0,0.0,0,0,4,4,1.0,0,0,0,1,0
200,5,sympy:40,1,5,1.0,-0.0,1.0,1,5,0.0,2012,0.0,0.0,0.0,0,0,5,5,1.0,0,0,0,1,0
200,6,sympy:40,1,6,1.0,-0.0,1.0,1,6,0.0,2319,0.0,0.0,0.0,0,0,6,6,1.0,0,0,0,1,0
200,7,sympy:40,1,7,1.0,-0.0,1.0,1,7,0.0,2780,0.0,0.0,0.0,0,0,7,7,1.0,0,0,0,1,0
200,8,sympy:40,1,8,1.0,-0.0,1.0,1,8,0.0,3131,0.0,0.0,0.0,0,0,8,8,1.0,0,0,0,1,0
200,9,sympy:40,1,9,1.0,-0.0,1.0,1,9,0.0,3452,0.0,0.0,0.0,0,0,9,9,1.0,0,0,0,1,0
200,10,sympy:40,1,10,1.0,-0.0,1.0,1,10,0.0,3842,0.0,0.0,0.0,0,0,10,10,1.0,0,0,0,1,0
200,11,sympy:40,1,11,1.0,-0.0,1.0,1,11,0.0,4330,0.0,0.0,0.0,0,0,11,11,1.0,0,0,0,1,0
200,12,sympy:40,1,12,1.0,-0.0,1.0,1,12,0.0,4862,0.0,0.0,0.0,0,0,12,12,1.0,0,0,0,1,0
200,13,sympy:40,1,13,1.0,-0.0,1.0,1,13,0.0,5193,0.0,0.0,0.0,0,0,13,13,1.0,0,0,0,1,0
200,14,sympy:40,1,14,1.0,-0.0,1.0,1,14,0.0,5478,0.0,0.0,0.0,0,0,14,14,1.0,0,0,0,1,0
200,15,sympy:40,1,15,1.0,-0.0,1.0,1,15,0.0,5965,0.0,0.0,0.0,0,0,15,15,1.0,0,0,0,1,0
200,16,sympy:40,1,16,1.0,-0.0,1.0,1,16,0.0,6226,0.0,0.0,0.0,0,0,16,16,1.0,0,0,0,1,0
201,1,sympy:66,1,1,1.0,-0.0,1.0,1,1,0.0,663,0.0,0.0,0.0,0,0,1,1,1.0,0,0,0,1,0
201,2,sympy:66,1,2,1.0,-0.0,1.0,1,2,0.0,1687,0.0,0.0,0.0,0,0,2,2,1.0,0,0,0,1,0
201,3,sympy:66,1,3,1.0,-0.0,1.0,1,3,0.0,2321,0.0,0.0,0.0,0,0,3,3,1.0,0,0,0,1,0
201,4,sympy:66,1,4,1.0,-0.0,1.0,1,4,0.0,2875,0.0,0.0,0.0,0,0,4,4,1.0,0,0,0,1,0
201,5,sympy:66,1,5,1.0,-0.0,1.0,1,5,0.0,3496,0.0,0.0,0.0,0,0,5,5,1.0,0,0,0,1,0
201,6,sympy:66,1,6,1.0,-0.0,1.0,1,6,0.0,4039,0.0,0.0,0.0,0,0,6,6,1.0,0,0,0,1,0
201,7,sympy:66,1,7,1.0,-0.0,1.0,1,7,0.0,4664,0.0,0.0,0.0,0,0,7,7,1.0,0,0,0,1,0
201,8,sympy:66,1,8,1.0,-0.0,1.0,1,8,0.0,5252,0.0,0.0,0.0,0,0,8,8,1.0,0,0,0,1,0
201,9,sympy:66,1,9,1.0,-0.0,1.0,1,9,0.0,6007,0.0,0.0,0.0,0,0,9,9,1.0,0,0,0,1,0
201,10,sympy:66,1,10,1.0,-0.0,1.0,1,10,0.0,6702,0.0,0.0,0.0,0,0,10,10,1.0,0,0,0,1,0
201,11,sympy:66,1,11,1.0,-0.0,1.0,1,11,0.0,7360,0.0,0.0,0.0,0,0,11,11,1.0,0,0,0,1,0
201,12,sympy:66,1,12,1.0,-0.0,1.0,1,12,0.0,7975,0.0,0.0,0.0,0,0,12,12,1.0,0,0,0,1,0
201,13,sympy:66,1,13,1.0,-0.0,1.0,1,13,0.0,8633,0.0,0.0,0.0,0,0,13,13,1.0,0,0,0,1,0
201,14,sympy:66,1,14,1.0,-0.0,1.0,1,14,0.0,9267,0.0,0.0,0.0,0,0,14,14,1.0,0,0,0,1,0
201,15,sympy:66,1,15,1.0,-0.0,1.0,1,15,0.0,9855,0.0,0.0,0.0,0,0,15,15,1.0,0,0,0,1,0
201,16,sympy:66,1,15,1.0,-0.0,1.0,1,16,0.0625,10879,0.0,0.0,0.0,0,0,16,15,1.0,0,0,0,1,0
202,1,sympy:2/3,1,1,1.0,-0.0,1.0,1,1,0.0,491,0.0,0.0,0.0,0,0,1,1,1.0,0,0,0,1,0
202,2,sympy:2/3,1,2,1.0,-0.0,1.0,1,2,0.0,1033,0.0,0.0,0.0,0,0,2,2,1.0,0,0,0,1,0
202,3,sympy:2/3,1,3,1.0,-0.0,1.0,1,3,0.0,1551,0.0,0.0,0.0,0,0,3,3,1.0,0,0,0,1,0
202,4,sympy:2/3,1,4,1.0,-0.0,1.0,1,4,0.0,2014,0.0,0.0,0.0,0,0,4,4,1.0,0,0,0,1,0
202,5,sympy:2/3,1,5,1.0,-0.0,1.0,1,5,0.0,2467,0.0,0.0,0.0,0,0,5,5,1.0,0,0,0,1,0
202,6,sympy:2/3,1,6,1.0,-0.0,1.0,1,6,0.0,2897,0.0,0.0,0.0,0,0,6,6,1.0,0,0,0,1,0
202,7,sympy:2/3,1,7,1.0,-0.0,1.0,1,7,0.0,3321,0.0,0.0,0.0,0,0,7,7,1.0,0,0,0,1,0
202,8,sympy:2/3,1,8,1.0,-0.0,1.0,1,8,0.0,3728,0.0,0.0,0.0,0,0,8,8,1.0,0,0,0,1,0
202,9,sympy:2/3,1,9,1.0,-0.0,1.0,1,9,0.0,4211,0.0,0.0,0.0,0,0,9,9,1.0,0,0,0,1,0
202,10,sympy:2/3,1,10,1.0,-0.0,1.0,1,10,0.0,4670,0.0,0.0,0.0,0,0,10,10,1.0,0,0,0,1,0
202,11,sympy:2/3,1,11,1.0,-0.0,1.0,1,11,0.0,5072,0.0,0.0,0.0,0,0,11,11,1.0,0,0,0,1,0
202,12,sympy:2/3,1,12,1.0,-0.0,1.0,1,12,0.0,5468,0.0,0.0,0.0,0,0,12,12,1.0,0,0,0,1,0
202,13,sympy:2/3,1,13,1.0,-0.0,1.0,1,13,0.0,5954,0.0,0.0,0.0,0,0,13,13,1.0,0,0,0,1,0
202,14,sympy:2/3,1,14,1.0,-0.0,1.0,1,14,0.0,6458,0.0,0.0,0.0,0,0,14,14,1.0,0,0,0,1,0
202,15,sympy:2/3,1,15,1.0,-0.0,1.0,1,15,0.0,6850,0.0,0.0,0.0,0,0,15,15,1.0,0,0,0,1,0
202,16,sympy:2/3,1,16,1.0,-0.0,1.0,1,16,0.0,7335,0.0,0.0,0.0,0,0,16,16,1.0,0,0,0,1,0
203,1,sympy:12,1,1,1.0,-0.0,1.0,1,1,0.0,539,0.0,0.0,0.0,0,0,1,1,1.0,0,0,0,1,0
203,2,sympy:12,1,2,1.0,-0.0,1.0,1,2,0.0,1122,0.0,0.0,0.0,0,0,2,2,1.0,0,0,0,1,0
203,3,sympy:12,1,3,1.0,-0.0,1.0,1,3,0.0,1766,0.0,0.0,0.0,0,0,3,3,1.0,0,0,0,1,0
203,4,sympy:12,1,4,1.0,-0.0,1.0,1,4,0.0,2280,0.0,0.0,0.0,0,0,4,4,1.0,0,0,0,1,0
203,5,sympy:12,1,5,1.0,-0.0,1.0,1,5,0.0,2866,0.0,0.0,0.0,0,0,5,5,1.0,0,0,0,1,0
203,6,sympy:12,1,6,1.0,-0.0,1.0,1,6,0.0,3315,0.0,0.0,0.0,0,0,6,6,1.0,0,0,0,1,0
203,7,sympy:12,1,7,1.0,-0.0,1.0,1,7,0.0,3882,0.0,0.0,0.0,0,0,7,7,1.0,0,0,0,1,0
203,8,sympy:12,1,8,1.0,-0.0,1.0,1,8,0.0,4442,0.0,0.0,0.0,0,0,8,8,1.0,0,0,0,1,0
203,9,sympy:12,1,9,1.0,-0.0,1.0,1,9,0.0,5038,0.0,0.0,0.0,0,0,9,9,1.0,0,0,0,1,0
203,10,sympy:12,1,10,1.0,-0.0,1.0,1,10,0.0,5552,0.0,0.0,0.0,0,0,10,10,1.0,0,0,0,1,0
203,11,sympy:12,1,11,1.0,-0.0,1.0,1,11,0.0,6072,0.0,0.0,0.0,0,0,11,11,1.0,0,0,0,1,0
203,12,sympy:12,1,12,1.0,-0.0,1.0,1,12,0.0,6632,0.0,0.0,0.0,0,0,12,12,1.0,0,0,0,1,0
203,13,sympy:12,1,13,1.0,-0.0,1.0,1,13,0.0,7191,0.0,0.0,0.0,0,0,13,13,1.0,0,0,0,1,0
203,14,sympy:12,1,14,1.0,-0.0,1.0,1,14,0.0,7692,0.0,0.0,0.0,0,0,14,14,1.0,0,0,0,1,0
203,15,sympy:12,1,15,1.0,-0.0,1.0,1,15,0.0,8275,0.0,0.0,0.0,0,0,15,15,1.0,0,0,0,1,0
203,16,sympy:12,1,16,1.0,-0.0,1.0,1,16,0.0,8828,0.0,0.0,0.0,0,0,16,16,1.0,0,0,0,1,0
204,1,sympy:256,0,1,1.0,-0.0,1.0,1,1,0.0,1024,0.0,0.0,0.0,0,0,1,1,1.0,1,0,0,1,1
204,2,sympy:256,0,2,0.5,0.6931471805599453,0.0,2,2,0.0,1753,-0.5,0.6931471805599453,-1.0,0,0,2,0,0.5,1,0,0,1,1
204,3,sympy:256,0,3,0.6666666666666666,0.6365141682948128,0.3333333333333333,2,3,0.0,2777,0.16666666666666663,-0.05663301226513251,0.3333333333333333,0,0,3,1,0.6666666666666666,1,0,0,1,1
204,4,sympy:256,0,4,0.75,0.5623351446188083,0.5,2,4,0.0,3801,0.08333333333333337,-0.07417902367600449,0.16666666666666669,0,0,4,2,0.6666666666666666,1,0,0,1,1
204,5,sympy:256,0,5,0.6,0.6730116670092565,0.2,2,5,0.0,4478,-0.15000000000000002,0.11067652239044823,-0.3,0,0,5,1,0.6666666666666666,1,0,0,1,1
204,6,sympy:256,0,6,0.6666666666666666,0.6365141682948128,0.3333333333333333,2,6,0.0,5193,0.06666666666666665,-0.036497498714443743,0.1333333333333333,0,0,6,2,0.6666666666666666,1,0,0,1,1
204,7,sympy:256,0,7,0.5714285714285714,0.6829081047004717,0.14285714285714285,2,7,0.0,6217,-0.09523809523809523,0.04639393640565892,-0.19047619047619047,0,0,7,1,0.3333333333333333,1,0,0,1,1
204,8,sympy:256,0,8,0.625,0.6615632381579821,0.25,2,8,0.0,6775,0.0535714285714286,-0.02134486654248957,0.10714285714285715,0,0,8,2,0.6666666666666666,1,0,0,1,1
204,9,sympy:256,0,9,0.5555555555555556,0.6869615765973234,0.1111111111111111,2,9,0.0,7464,-0.06944444444444442,0.02539833843934125,-0.1388888888888889,0,0,9,1,0.3333333333333333,1,0,0,1,1
204,10,sympy:256,0,10,0.5,0.6931471805599453,0.0,2,10,0.0,8488,-0.05555555555555558,0.006185603962621911,-0.1111111111111111,0,0,10,0,0.3333333333333333,1,0,0,1,1
204,11,sympy:16,0,11,0.5454545454545454,0.6890092384766586,0.09090909090909091,2,1,0.0,9126,0.045454545454545414,-0.004137942083286661,0.09090909090909091,1,1,10,1,1.0,0,0,0,1,0
204,12,sympy:16,0,12,0.5833333333333334,0.6791932659915256,0.16666666666666666,2,2,0.0,10150,0.037878787878787956,-0.009815972485132995,0.07575757575757575,0,1,10,2,1.0,0,0,0,1,0
204,13,sympy:16,0,13,0.5384615384615384,0.6901856760188042,0.07692307692307693,2,3,0.0,10786,-0.044871794871794934,0.010992410027278576,-0.08974358974358973,0,1,10,1,0.6666666666666666,0,0,0,1,0
204,14,sympy:16,0,14,0.5714285714285714,0.6829081047004717,0.14285714285714285,2,4,0.0,11581,0.03296703296703296,-0.00727757131833251,0.06593406593406592,0,1,10,2,0.6666666666666666,0,0,0,1,0
204,15,sympy:16,0,15,0.6,0.6730116670092565,0.2,2,5,0.0,12409,0.02857142857142858,-0.009896437691215176,0.05714285714285716,0,1,10,3,0.6666666666666666,0,0,0,1,0
204,16,sympy:16,0,16,0.625,0.6615632381579821,0.25,2,6,0.0,13264,0.025000000000000022,-0.011448428851274395,0.04999999999999999,0,1,10,4,1.0,0,0,0,1,0
205,1,sympy:-2,1,1,1.0,-0.0,1.0,1,1,0.0,903,0.0,0.0,0.0,0,0,1,1,1.0,0,0,0,1,0
205,2,sympy:-2,1,2,1.0,-0.0,1.0,1,2,0.0,1901,0.0,0.0,0.0,0,0,2,2,1.0,0,0,0,1,0
205,3,sympy:-2,1,3,1.0,-0.0,1.0,1,3,0.0,2900,0.0,0.0,0.0,0,0,3,3,1.0,0,0,0,1,0
205,4,sympy:-2,1,4,1.0,-0.0,1.0,1,4,0.0,3774,0.0,0.0,0.0,0,0,4,4,1.0,0,0,0,1,0
205,5,sympy:-2,1,5,1.0,-0.0,1.0,1,5,0.0,4795,0.0,0.0,0.0,0,0,5,5,1.0,0,0,0,1,0
205,6,sympy:-2,1,6,1.0,-0.0,1.0,1,6,0.0,5727,0.0,0.0,0.0,0,0,6,6,1.0,0,0,0,1,0
205,7,sympy:-2,1,7,1.0,-0.0,1.0,1,7,0.0,6682,0.0,0.0,0.0,0,0,7,7,1.0,0,0,0,1,0
205,8,sympy:-2,1,8,1.0,-0.0,1.0,1,8,0.0,7600,0.0,0.0,0.0,0,0,8,8,1.0,0,0,0,1,0
205,9,sympy:-2,1,9,1.0,-0.0,1.0,1,9,0.0,8604,0.0,0.0,0.0,0,0,9,9,1.0,0,0,0,1,0
205,10,sympy:-2,1,10,1.0,-0.0,1.0,1,10,0.0,9594,0.0,0.0,0.0,0,0,10,10,1.0,0,0,0,1,0
205,11,sympy:-2,1,11,1.0,-0.0,1.0,1,11,0.0,10541,0.0,0.0,0.0,0,0,11,11,1.0,0,0,0,1,0
205,12,sympy:-2,1,12,1.0,-0.0,1.0,1,12,0.0,11476,0.0,0.0,0.0,0,0,12,12,1.0,0,0,0,1,0
205,13,sympy:-2,1,13,1.0,-0.0,1.0,1,13,0.0,12425,0.0,0.0,0.0,0,0,13,13,1.0,0,0,0,1,0
205,14,sympy:-2,1,14,1.0,-0.0,1.0,1,14,0.0,13279,0.0,0.0,0.0,0,0,14,14,1.0,0,0,0,1,0
205,15,sympy:-2,1,15,1.0,-0.0,1.0,1,15,0.0,14299,0.0,0.0,0.0,0,0,15,15,1.0,0,0,0,1,0
205,16,sympy:-2,1,16,1.0,-0.0,1.0,1,16,0.0,15297,0.0,0.0,0.0,0,0,16,16,1.0,0,0,0,1,0
206,1,"sympy:(3/2, -13)",1,1,1.0,-0.0,1.0,1,1,0.0,411,0.0,0.0,0.0,0,0,1,1,1.0,0,0,0,1,0
206,2,"sympy:(3/2, -13)",1,2,1.0,-0.0,1.0,1,2,0.0,835,0.0,0.0,0.0,0,0,2,2,1.0,0,0,0,1,0
206,3,"sympy:(3/2, -13)",1,3,1.0,-0.0,1.0,1,3,0.0,1299,0.0,0.0,0.0,0,0,3,3,1.0,0,0,0,1,0
206,4,"sympy:(3/2, -13)",1,4,1.0,-0.0,1.0,1,4,0.0,1730,0.0,0.0,0.0,0,0,4,4,1.0,0,0,0,1,0
206,5,"sympy:(3/2, -13)",1,5,1.0,-0.0,1.0,1,5,0.0,2167,0.0,0.0,0.0,0,0,5,5,1.0,0,0,0,1,0
206,6,"sympy:(3/2, -13)",1,6,1.0,-0.0,1.0,1,6,0.0,2608,0.0,0.0,0.0,0,0,6,6,1.0,0,0,0,1,0
206,7,"sympy:(3/2, -13)",1,7,1.0,-0.0,1.0,1,7,0.0,3033,0.0,0.0,0.0,0,0,7,7,1.0,0,0,0,1,0
206,8,"sympy:(3/2, -13)",1,8,1.0,-0.0,1.0,1,8,0.0,3458,0.0,0.0,0.0,0,0,8,8,1.0,0,0,0,1,0
206,9,"sympy:(3/2, -13)",1,9,1.0,-0.0,1.0,1,9,0.0,3880,0.0,0.0,0.0,0,0,9,9,1.0,0,0,0,1,0
206,10,"sympy:(3/2, -13)",1,10,1.0,-0.0,1.0,1,10,0.0,4312,0.0,0.0,0.0,0,0,10,10,1.0,0,0,0,1,0
206,11,"sympy:(3/2, -13)",1,11,1.0,-0.0,1.0,1,11,0.0,4743,0.0,0.0,0.0,0,0,11,11,1.0,0,0,0,1,0
206,12,"sympy:(3/2, -13)",1,12,1.0,-0.0,1.0,1,12,0.0,5269,0.0,0.0,0.0,0,0,12,12,1.0,0,0,0,1,0
206,13,"sympy:(3/2, -13)",1,13,1.0,-0.0,1.0,1,13,0.0,5705,0.0,0.0,0.0,0,0,13,13,1.0,0,0,0,1,0
206,14,"sympy:(3/2, -13)",1,14,1.0,-0.0,1.0,1,14,0.0,6254,0.0,0.0,0.0,0,0,14,14,1.0,0,0,0,1,0
206,15,"sympy:(3/2, -13)",1,15,1.0,-0.0,1.0,1,15,0.0,6677,0.0,0.0,0.0,0,0,15,15,1.0,0,0,0,1,0
206,16,"sympy:(3/2, -13)",1,16,1.0,-0.0,1.0,1,16,0.0,7094,0.0,0.0,0.0,0,0,16,16,1.0,0,0,0,1,0
207,1,sympy:28,1,1,1.0,-0.0,1.0,1,1,0.0,328,0.0,0.0,0.0,0,0,1,1,1.0,0,0,0,1,0
207,2,sympy:28,1,2,1.0,-0.0,1.0,1,2,0.0,662,0.0,0.0,0.0,0,0,2,2,1.0,0,0,0,1,0
207,3,sympy:28,1,3,1.0,-0.0,1.0,1,3,0.0,873,0.0,0.0,0.0,0,0,3,3,1.0,0,0,0,1,0
207,4,sympy:28,1,4,1.0,-0.0,1.0,1,4,0.0,1175,0.0,0.0,0.0,0,0,4,4,1.0,0,0,0,1,0
207,5,sympy:28,1,5,1.0,-0.0,1.0,1,5,0.0,2199,0.0,0.0,0.0,0,0,5,5,1.0,0,0,0,1,0
207,6,sympy:28,1,6,1.0,-0.0,1.0,1,6,0.0,2532,0.0,0.0,0.0,0,0,6,6,1.0,0,0,0,1,0
207,7,sympy:28,1,7,1.0,-0.0,1.0,1,7,0.0,2886,0.0,0.0,0.0,0,0,7,7,1.0,0,0,0,1,0
207,8,sympy:28,1,8,1.0,-0.0,1.0,1,8,0.0,3196,0.0,0.0,0.0,0,0,8,8,1.0,0,0,0,1,0
207,9,sympy:28,1,9,1.0,-0.0,1.0,1,9,0.0,3521,0.0,0.0,0.0,0,0,9,9,1.0,0,0,0,1,0
207,10,sympy:28,1,10,1.0,-0.0,1.0,1,10,0.0,3848,0.0,0.0,0.0,0,0,10,10,1.0,0,0,0,1,0
207,11,sympy:28,1,11,1.0,-0.0,1.0,1,11,0.0,4198,0.0,0.0,0.0,0,0,11,11,1.0,0,0,0,1,0
207,12,sympy:28,1,12,1.0,-0.0,1.0,1,12,0.0,4506,0.0,0.0,0.0,0,0,12,12,1.0,0,0,0,1,0
207,13,sympy:28,1,13,1.0,-0.0,1.0,1,13,0.0,4909,0.0,0.0,0.0,0,0,13,13,1.0,0,0,0,1,0
207,14,sympy:28,1,14,1.0,-0.0,1.0,1,14,0.0,5296,0.0,0.0,0.0,0,0,14,14,1.0,0,0,0,1,0
207,15,sympy:28,1,15,1.0,-0.0,1.0,1,15,0.0,5596,0.0,0.0,0.0,0,0,15,15,1.0,0,0,0,1,0
207,16,sympy:28,1,16,1.0,-0.0,1.0,1,16,0.0,5808,0.0,0.0,0.0,0,0,16,16,1.0,0,0,0,1,0
208,1,sympy:1,1,1,1.0,-0.0,1.0,1,1,0.0,390,0.0,0.0,0.0,0,0,1,1,1.0,0,0,0,1,0
208,2,sympy:1,1,2,1.0,-0.0,1.0,1,2,0.0,826,0.0,0.0,0.0,0,0,2,2,1.0,0,0,0,1,0
208,3,sympy:1,1,3,1.0,-0.0,1.0,1,3,0.0,1233,0.0,0.0,0.0,0,0,3,3,1.0,0,0,0,1,0
208,4,sympy:1,1,4,1.0,-0.0,1.0,1,4,0.0,1651,0.0,0.0,0.0,0,0,4,4,1.0,0,0,0,1,0
208,5,sympy:1,1,5,1.0,-0.0,1.0,1,5,0.0,2083,0.0,0.0,0.0,0,0,5,5,1.0,0,0,0,1,0
208,6,sympy:1,1,6,1.0,-0.0,1.0,1,6,0.0,2457,0.0,0.0,0.0,0,0,6,6,1.0,0,0,0,1,0
208,7,sympy:1,1,7,1.0,-0.0,1.0,1,7,0.0,2812,0.0,0.0,0.0,0,0,7,7,1.0,0,0,0,1,0
208,8,sympy:1,1,8,1.0,-0.0,1.0,1,8,0.0,3205,0.0,0.0,0.0,0,0,8,8,1.0,0,0,0,1,0
208,9,sympy:1,1,9,1.0,-0.0,1.0,1,9,0.0,3557,0.0,0.0,0.0,0,0,9,9,1.0,0,0,0,1,0
208,10,sympy:1,1,10,1.0,-0.0,1.0,1,10,0.0,3948,0.0,0.0,0.0,0,0,10,10,1.0,0,0,0,1,0
208,11,sympy:1,1,11,1.0,-0.0,1.0,1,11,0.0,4345,0.0,0.0,0.0,0,0,11,11,1.0,0,0,0,1,0
208,12,sympy:1,1,12,1.0,-0.0,1.0,1,12,0.0,4759,0.0,0.0,0.0,0,0,12,12,1.0,0,0,0,1,0
208,13,sympy:1,1,13,1.0,-0.0,1.0,1,13,0.0,5156,0.0,0.0,0.0,0,0,13,13,1.0,0,0,0,1,0
208,14,sympy:1,1,14,1.0,-0.0,1.0,1,14,0.0,5538,0.0,0.0,0.0,0,0,14,14,1.0,0,0,0,1,0
208,15,sympy:1,1,15,1.0,-0.0,1.0,1,15,0.0,5917,0.0,0.0,0.0,0,0,15,15,1.0,0,0,0,1,0
208,16,sympy:1,1,16,1.0,-0.0,1.0,1,16,0.0,6297,0.0,0.0,0.0,0,0,16,16,1.0,0,0,0,1,0
209,1,sympy:16,1,1,1.0,-0.0,1.0,1,1,0.0,436,0.0,0.0,0.0,0,0,1,1,1.0,0,0,0,1,0
209,2,sympy:16,1,2,1.0,-0.0,1.0,1,2,0.0,710,0.0,0.0,0.0,0,0,2,2,1.0,0,0,0,1,0
209,3,sympy:16,1,3,1.0,-0.0,1.0,1,3,0.0,1133,0.0,0.0,0.0,0,0,3,3,1.0,0,0,0,1,0
209,4,sympy:16,1,4,1.0,-0.0,1.0,1,4,0.0,1700,0.0,0.0,0.0,0,0,4,4,1.0,0,0,0,1,0
209,5,sympy:16,1,5,1.0,-0.0,1.0,1,5,0.0,2146,0.0,0.0,0.0,0,0,5,5,1.0,0,0,0,1,0
209,6,sympy:16,1,6,1.0,-0.0,1.0,1,6,0.0,2468,0.0,0.0,0.0,0,0,6,6,1.0,0,0,0,1,0
209,7,sympy:16,1,7,1.0,-0.0,1.0,1,7,0.0,3002,0.0,0.0,0.0,0,0,7,7,1.0,0,0,0,1,0
209,8,sympy:16,1,8,1.0,-0.0,1.0,1,8,0.0,3493,0.0,0.0,0.0,0,0,8,8,1.0,0,0,0,1,0
209,9,sympy:16,1,9,1.0,-0.0,1.0,1,9,0.0,4041,0.0,0.0,0.0,0,0,9,9,1.0,0,0,0,1,0
209,10,sympy:16,1,10,1.0,-0.0,1.0,1,10,0.0,4488,0.0,0.0,0.0,0,0,10,10,1.0,0,0,0,1,0
209,11,sympy:16,1,11,0.9090909090909091,0.30463609734923813,0.8181818181818182,2,11,0.0,4948,-0.09090909090909094,0.30463609734923813,-0.18181818181818177,0,0,11,9,0.6666666666666666,0,0,0,1,0
209,12,sympy:16,1,12,0.9166666666666666,0.2868359830561607,0.8333333333333334,2,12,0.0,5373,0.007575757575757569,-0.01780011429307743,0.015151515151515138,0,0,12,10,0.6666666666666666,0,0,0,1,0
209,13,sympy:16,1,13,0.9230769230769231,0.2711893730418441,0.8461538461538461,2,13,0.0,5810,0.0064102564102564985,-0.01564661001431661,0.012820512820512775,0,0,13,11,0.6666666666666666,0,0,0,1,0
209,14,sympy:16,1,14,0.9285714285714286,0.25731864054383163,0.8571428571428571,2,14,0.0,6233,0.005494505494505475,-0.013870732498012461,0.01098901098901095,0,0,14,12,1.0,0,0,0,1,0
209,15,sympy:16,1,15,0.9333333333333333,0.24493002679463532,0.8666666666666667,2,15,0.0,6688,0.004761904761904745,-0.012388613749196309,0.009523809523809601,0,0,15,13,1.0,0,0,0,1,0
209,16,sympy:16,1,16,0.9375,0.2337916587064593,0.875,2,16,0.0,7149,0.004166666666666652,-0.011138368088176032,0.008333333333333304,0,0,16,14,1.0,0,0,0,1,0
210,1,sympy:10,1,1,1.0,-0.0,1.0,1,1,0.0,550,0.0,0.0,0.0,0,0,1,1,1.0,0,0,0,1,0
210,2,sympy:10,1,2,0.5,0.6931471805599453,0.0,2,2,0.0,1152,-0.5,0.6931471805599453,-1.0,0,0,2,0,0.5,0,0,0,1,0
210,3,sympy:10,1,3,0.3333333333333333,1.0986122886681096,0.0,3,3,0.0,1477,-0.16666666666666669,0.4054651081081643,0.0,0,0,3,0,0.3333333333333333,0,0,0,1,0
210,4,sympy:10,1,4,0.25,1.3862943611198906,0.0,4,4,0.0,1790,-0.08333333333333331,0.287682072451781,0.0,0,0,4,0,0.0,0,0,0,1,0
210,5,sympy:10,1,5,0.2,1.6094379124341005,0.0,5,5,0.0,2129,-0.04999999999999999,0.22314355131420993,0.0,0,0,5,0,0.0,0,0,0,1,0
210,6,sympy:8,0,6,0.3333333333333333,1.5607104090414063,0.16666666666666666,5,1,0.0,2548,0.1333333333333333,-0.04872750339269416,0.16666666666666666,1,1,5,1,0.6666666666666666,1,1,0,0,1
210,7,sympy:10,1,7,0.2857142857142857,1.5498260458782016,0.0,5,1,0.0,2977,-0.047619047619047616,-0.010884363163204736,-0.16666666666666666,1,2,5,0,0.3333333333333333,0,0,0,1,0
210,8,sympy:10,1,8,0.375,1.4941751382893083,0.125,5,2,0.0,3542,0.0892857142857143,-0.05565090758889335,0.125,0,2,5,1,0.6666666666666666,0,0,0,1,0
210,9,sympy:10,1,9,0.3333333333333333,1.6769877743224173,0.1111111111111111,6,3,0.0,4033,-0.041666666666666685,0.18281263603310904,-0.013888888888888895,0,2,5,1,0.6666666666666666,0,0,0,1,0
210,10,sympy:10,1,10,0.3,1.6957425341696346,0.1,6,4,0.0,4475,-0.033333333333333326,0.018754759847217306,-0.0111111111111111,0,2,5,1,0.3333333333333333,0,0,0,1,0
210,11,sympy:10,1,11,0.36363636363636365,1.6417347121875212,0.18181818181818182,6,5,0.0,4876,0.06363636363636366,-0.0540078219821134,0.08181818181818182,0,2,5,2,0.3333333333333333,0,0,0,1,0
210,12,sympy:10,1,12,0.3333333333333333,1.6762349391347307,0.16666666666666666,6,6,0.0,5343,-0.03030303030303033,0.034500226947209445,-0.015151515151515166,0,2,6,2,0.3333333333333333,0,0,0,1,0
210,13,sympy:10,1,13,0.38461538461538464,1.626020692420754,0.23076923076923078,6,7,0.0,5800,0.05128205128205132,-0.05021424671397656,0.06410256410256412,0,2,7,3,0.6666666666666666,0,0,0,1,0
210,14,sympy:10,1,14,0.42857142857142855,1.5740973368489728,0.2857142857142857,6,8,0.0,6363,0.04395604395604391,-0.05192335557178129,0.054945054945054916,0,2,8,4,0.6666666666666666,0,0,0,1,0
210,15,sympy:10,1,15,0.4,1.71408754118701,0.26666666666666666,7,9,0.0,6773,-0.028571428571428525,0.13999020433803722,-0.019047619047619035,0,2,9,4,0.6666666666666666,0,0,0,1,0
210,16,sympy:10,1,16,0.375,1.840748728569281,0.25,8,10,0.0,7282,-0.025000000000000022,0.12666118738227095,-0.016666666666666663,0,2,10,4,0.3333333333333333,0,0,0,1,0
211,1,sympy:5,1,1,1.0,-0.0,1.0,1,1,0.0,279,0.0,0.0,0.0,0,0,1,1,1.0,0,0,0,1,0
211,2,sympy:5,1,2,1.0,-0.0,1.0,1,2,0.0,553,0.0,0.0,0.0,0,0,2,2,1.0,0,0,0,1,0
211,3,sympy:5,1,3,1.0,-0.0,1.0,1,3,0.0,787,0.0,0.0,0.0,0,0,3,3,1.0,0,0,0,1,0
211,4,sympy:5,1,4,1.0,-0.0,1.0,1,4,0.0,1107,0.0,0.0,0.0,0,0,4,4,1.0,0,0,0,1,0
211,5,sympy:5,1,5,1.0,-0.0,1.0,1,5,0.0,1406,0.0,0.0,0.0,0,0,5,5,1.0,0,0,0,1,0
211,6,sympy:5,1,6,1.0,-0.0,1.0,1,6,0.0,1707,0.0,0.0,0.0,0,0,6,6,1.0,0,0,0,1,0
211,7,sympy:5,1,7,1.0,-0.0,1.0,1,7,0.0,2016,0.0,0.0,0.0,0,0,7,7,1.0,0,0,0,1,0
211,8,sympy:5,1,8,1.0,-0.0,1.0,1,8,0.0,2293,0.0,0.0,0.0,0,0,8,8,1.0,0,0,0,1,0
211,9,sympy:5,1,9,1.0,-0.0,1.0,1,9,0.0,2577,0.0,0.0,0.0,0,0,9,9,1.0,0,0,0,1,0
211,10,sympy:5,1,10,1.0,-0.0,1.0,1,10,0.0,2888,0.0,0.0,0.0,0,0,10,10,1.0,0,0,0,1,0
211,11,sympy:5,1,11,1.0,-0.0,1.0,1,11,0.0,3104,0.0,0.0,0.0,0,0,11,11,1.0,0,0,0,1,0
211,12,sympy:5,1,12,1.0,-0.0,1.0,1,12,0.0,3384,0.0,0.0,0.0,0,0,12,12,1.0,0,0,0,1,0
211,13,sympy:5,1,13,1.0,-0.0,1.0,1,13,0.0,3689,0.0,0.0,0.0,0,0,13,13,1.0,0,0,0,1,0
211,14,sympy:5,1,14,1.0,-0.0,1.0,1,14,0.0,4054,0.0,0.0,0.0,0,0,14,14,1.0,0,0,0,1,0
211,15,sympy:5,1,15,1.0,-0.0,1.0,1,15,0.0,4320,0.0,0.0,0.0,0,0,15,15,1.0,0,0,0,1,0
211,16,sympy:5,1,16,1.0,-0.0,1.0,1,16,0.0,4589,0.0,0.0,0.0,0,0,16,16,1.0,0,0,0,1,0
212,1,sympy:56,1,1,1.0,-0.0,1.0,1,1,0.0,495,0.0,0.0,0.0,0,0,1,1,1.0,0,0,0,1,0
212,2,sympy:56,1,2,0.5,0.6931471805599453,0.0,2,2,0.0,1164,-0.5,0.6931471805599453,-1.0,0,0,2,0,0.5,0,0,0,1,0
212,3,sympy:56,1,3,0.6666666666666666,0.6365141682948128,0.3333333333333333,2,3,0.0,1705,0.16666666666666663,-0.05663301226513251,0.3333333333333333,0,0,3,1,0.6666666666666666,0,0,0,1,0
212,4,sympy:56,1,4,0.75,0.5623351446188083,0.5,2,4,0.0,2098,0.08333333333333337,-0.07417902367600449,0.16666666666666669,0,0,4,2,0.6666666666666666,0,0,0,1,0
212,5,sympy:56,1,5,0.8,0.5004024235381879,0.6,2,5,0.0,2489,0.050000000000000044,-0.06193272108062042,0.09999999999999998,0,0,5,3,1.0,0,0,0,1,0
212,6,sympy:56,1,6,0.8333333333333334,0.45056120886630463,0.6666666666666666,2,6,0.0,2998,0.033333333333333326,-0.04984121467188324,0.06666666666666665,0,0,6,4,1.0,0,0,0,1,0
212,7,sympy:56,1,7,0.8571428571428571,0.410116318288409,0.7142857142857143,2,7,0.0,3407,0.023809523809523725,-0.04044489057789563,0.04761904761904767,0,0,7,5,1.0,0,0,0,1,0
212,8,sympy:56,1,8,0.875,0.37677016125643675,0.75,2,8,0.0,3823,0.017857142857142905,-0.033346157031972246,0.0357142857142857,0,0,8,6,1.0,0,0,0,1,0
212,9,sympy:56,1,9,0.7777777777777778,0.5297061990576545,0.5555555555555556,2,9,0.0,4464,-0.09722222222222221,0.15293603780121773,-0.19444444444444442,0,0,9,5,0.6666666666666666,0,0,0,1,0
212,10,sympy:56,1,10,0.8,0.5004024235381879,0.6,2,10,0.0,4746,0.022222222222222254,-0.029303775519466613,0.0444444444444444,0,0,10,6,0.6666666666666666,0,0,0,1,0
212,11,sympy:56,1,11,0.8181818181818182,0.47413931305783735,0.6363636363636364,2,11,0.0,5313,0.018181818181818188,-0.026263110480350516,0.036363636363636376,0,0,11,7,0.6666666666666666,0,0,0,1,0
212,12,sympy:56,1,11,0.8181818181818182,0.47413931305783735,0.6363636363636364,2,12,0.08333333333333333,6337,0.0,0.0,0.0,0,0,12,7,1.0,0,0,0,1,0
212,13,sympy:56,1,12,0.75,0.7214636866925115,0.5833333333333334,3,13,0.07692307692307693,7361,-0.06818181818181823,0.24732437363467413,-0.05303030303030298,0,0,13,7,0.5,0,0,0,1,0
212,14,sympy:56,1,13,0.7692307692307693,0.6870920273799715,0.6153846153846154,3,14,0.07142857142857142,7881,0.019230769230769273,-0.03437165931253994,0.03205128205128205,0,0,14,8,0.5,0,0,0,1,0
212,15,sympy:56,1,14,0.7142857142857143,0.7589367727620596,0.5,3,15,0.06666666666666667,8480,-0.05494505494505497,0.07184474538208807,-0.11538461538461542,0,0,15,7,0.3333333333333333,0,0,0,1,0
212,16,sympy:56,1,15,0.6666666666666666,0.8033149761408755,0.4,3,16,0.0625,9065,-0.04761904761904767,0.04437820337881593,-0.09999999999999998,0,0,16,6,0.3333333333333333,0,0,0,1,0
213,1,sympy:1,0,1,1.0,-0.0,1.0,1,1,0.0,867,0.0,0.0,0.0,0,0,1,1,1.0,0,0,0,1,0
213,2,sympy:1,0,1,1.0,-0.0,1.0,1,2,0.5,1891,0.0,0.0,0.0,0,0,2,1,1.0,0,0,0,1,0
213,3,sympy:1,0,2,1.0,-0.0,1.0,1,3,0.3333333333333333,2562,0.0,0.0,0.0,0,0,3,2,1.0,0,0,0,1,0
213,4,sympy:1,0,3,1.0,-0.0,1.0,1,4,0.25,3499,0.0,0.0,0.0,0,0,4,3,1.0,0,0,0,1,0
213,5,sympy:1,0,4,1.0,-0.0,1.0,1,5,0.2,4260,0.0,0.0,0.0,0,0,5,4,1.0,0,0,0,1,0
213,6,sympy:1,0,5,1.0,-0.0,1.0,1,6,0.16666666666666666,4940,0.0,0.0,0.0,0,0,6,5,1.0,0,0,0,1,0
213,7,sympy:1,0,5,1.0,-0.0,1.0,1,7,0.2857142857142857,5964,0.0,0.0,0.0,0,0,7,5,1.0,0,0,0,1,0
213,8,sympy:1,0,6,1.0,-0.0,1.0,1,8,0.25,6614,0.0,0.0,0.0,0,0,8,6,1.0,0,0,0,1,0
213,9,sympy:1,0,7,1.0,-0.0,1.0,1,9,0.2222222222222222,7392,0.0,0.0,0.0,0,0,9,7,1.0,0,0,0,1,0
213,10,sympy:1,0,8,1.0,-0.0,1.0,1,10,0.2,7931,0.0,0.0,0.0,0,0,10,8,1.0,0,0,0,1,0
213,11,sympy:1,0,9,1.0,-0.0,1.0,1,11,0.18181818181818182,8502,0.0,0.0,0.0,0,0,11,9,1.0,0,0,0,1,0
213,12,sympy:1,0,10,1.0,-0.0,1.0,1,12,0.16666666666666666,9011,0.0,0.0,0.0,0,0,12,10,1.0,0,0,0,1,0
213,13,sympy:1,0,11,1.0,-0.0,1.0,1,13,0.15384615384615385,9656,0.0,0.0,0.0,0,0,13,11,1.0,0,0,0,1,0
213,14,sympy:1,0,12,1.0,-0.0,1.0,1,14,0.14285714285714285,10316,0.0,0.0,0.0,0,0,14,12,1.0,0,0,0,1,0
213,15,sympy:1,0,13,0.9230769230769231,0.2711893730418441,0.8461538461538461,2,15,0.13333333333333333,11245,-0.07692307692307687,0.2711893730418441,-0.15384615384615385,0,0,15,11,0.6666666666666666,0,0,0,1,0
213,16,sympy:1,0,14,0.8571428571428571,0.410116318288409,0.7142857142857143,2,16,0.125,12138,-0.06593406593406603,0.1389269452465649,-0.13186813186813184,0,0,16,10,0.3333333333333333,0,0,0,1,0
214,1,sympy:65,0,1,1.0,-0.0,1.0,1,1,0.0,564,0.0,0.0,0.0,0,0,1,1,1.0,1,0,0,1,1
214,2,sympy:65,0,2,0.5,0.6931471805599453,0.0,2,2,0.0,1146,-0.5,0.6931471805599453,-1.0,0,0,2,0,0.5,1,0,0,1,1
214,3,sympy:65,0,3,0.3333333333333333,1.0986122886681096,0.0,3,3,0.0,1667,-0.16666666666666669,0.4054651081081643,0.0,0,0,3,0,0.3333333333333333,1,0,0,1,1
214,4,sympy:100,0,4,0.5,1.0397207708399179,0.25,3,1,0.0,2264,0.16666666666666669,-0.058891517828191686,0.25,1,1,3,1,0.6666666666666666,0,0,0,1,0
214,5,sympy:100,0,5,0.4,1.0549201679861442,0.0,3,2,0.0,2801,-0.09999999999999998,0.015199397146226312,-0.25,0,1,3,0,0.3333333333333333,0,0,0,1,0
214,6,sympy:100,0,6,0.5,1.0114042647073518,0.16666666666666666,3,3,0.0,3309,0.09999999999999998,-0.0435159032787924,0.16666666666666666,0,1,3,1,0.6666666666666666,0,0,0,1,0
214,7,sympy:100,0,7,0.42857142857142855,1.277034259466139,0.14285714285714285,4,4,0.0,3818,-0.07142857142857145,0.26562999475878724,-0.023809523809523808,0,1,4,1,0.3333333333333333,0,0,0,1,0
214,8,sympy:100,0,8,0.375,1.4941751382893083,0.125,5,5,0.0,4369,-0.05357142857142855,0.21714087882316924,-0.01785714285714285,0,1,5,1,0.3333333333333333,0,0,0,1,0
214,9,sympy:100,0,8,0.375,1.4941751382893083,0.125,5,6,0.1111111111111111,5393,0.0,0.0,0.0,0,1,6,1,0.0,0,0,0,1,0
214,10,sympy:100,0,9,0.3333333333333333,1.5229550675313184,0.1111111111111111,5,7,0.1,5932,-0.041666666666666685,0.028779929242010116,-0.013888888888888895,0,1,7,1,0.0,0,0,0,1,0
214,11,sympy:65,0,10,0.3,1.5047882836811908,0.0,5,1,0.09090909090909091,6460,-0.033333333333333326,-0.0181667838501276,-0.1111111111111111,1,2,7,0,1.0,1,0,0,1,1
214,12,sympy:65,0,11,0.2727272727272727,1.5465986860485124,0.0,5,2,0.08333333333333333,7012,-0.027272727272727282,0.041810402367321586,0.0,0,2,7,0,0.6666666666666666,1,0,0,1,1
214,13,sympy:65,0,12,0.25,1.5454229031935938,0.0,5,3,0.07692307692307693,7836,-0.022727272727272707,-0.0011757828549185945,0.0,0,2,7,0,0.3333333333333333,1,0,0,1,1
214,14,sympy:100,0,13,0.3076923076923077,1.5247073930301436,0.07692307692307693,5,1,0.07142857142857142,8400,0.05769230769230771,-0.02071551016345019,0.07692307692307693,1,3,7,1,0.3333333333333333,0,0,0,1,0
214,15,sympy:100,0,14,0.2857142857142857,1.5367224694372195,0.07142857142857142,5,2,0.06666666666666667,8910,-0.02197802197802201,0.012015076407075886,-0.005494505494505503,0,3,7,1,0.3333333333333333,0,0,0,1,0
214,16,sympy:100,0,15,0.3333333333333333,1.5124035237566442,0.13333333333333333,5,3,0.0625,9381,0.047619047619047616,-0.024318945680575244,0.06190476190476191,0,3,7,2,0.6666666666666666,0,0,0,1,0
215,1,sympy:2,1,1,1.0,-0.0,1.0,1,1,0.0,343,0.0,0.0,0.0,0,0,1,1,1.0,0,0,0,1,0
215,2,sympy:2,1,2,1.0,-0.0,1.0,1,2,0.0,611,0.0,0.0,0.0,0,0,2,2,1.0,0,0,0,1,0
215,3,sympy:2,1,3,1.0,-0.0,1.0,1,3,0.0,1113,0.0,0.0,0.0,0,0,3,3,1.0,0,0,0,1,0
215,4,sympy:2,1,4,1.0,-0.0,1.0,1,4,0.0,1494,0.0,0.0,0.0,0,0,4,4,1.0,0,0,0,1,0
215,5,sympy:2,1,5,1.0,-0.0,1.0,1,5,0.0,1736,0.0,0.0,0.0,0,0,5,5,1.0,0,0,0,1,0
215,6,sympy:2,1,6,1.0,-0.0,1.0,1,6,0.0,2065,0.0,0.0,0.0,0,0,6,6,1.0,0,0,0,1,0
215,7,sympy:2,1,7,1.0,-0.0,1.0,1,7,0.0,2447,0.0,0.0,0.0,0,0,7,7,1.0,0,0,0,1,0
215,8,sympy:2,1,8,1.0,-0.0,1.0,1,8,0.0,2905,0.0,0.0,0.0,0,0,8,8,1.0,0,0,0,1,0
215,9,sympy:2,1,9,1.0,-0.0,1.0,1,9,0.0,3207,0.0,0.0,0.0,0,0,9,9,1.0,0,0,0,1,0
215,10,sympy:2,1,10,1.0,-0.0,1.0,1,10,0.0,3491,0.0,0.0,0.0,0,0,10,10,1.0,0,0,0,1,0
215,11,sympy:2,1,11,1.0,-0.0,1.0,1,11,0.0,3792,0.0,0.0,0.0,0,0,11,11,1.0,0,0,0,1,0
215,12,sympy:2,1,12,1.0,-0.0,1.0,1,12,0.0,4111,0.0,0.0,0.0,0,0,12,12,1.0,0,0,0,1,0
215,13,sympy:2,1,13,1.0,-0.0,1.0,1,13,0.0,4579,0.0,0.0,0.0,0,0,13,13,1.0,0,0,0,1,0
215,14,sympy:2,1,14,1.0,-0.0,1.0,1,14,0.0,4864,0.0,0.0,0.0,0,0,14,14,1.0,0,0,0,1,0
215,15,sympy:2,1,15,1.0,-0.0,1.0,1,15,0.0,5191,0.0,0.0,0.0,0,0,15,15,1.0,0,0,0,1,0
215,16,sympy:2,1,16,1.0,-0.0,1.0,1,16,0.0,5639,0.0,0.0,0.0,0,0,16,16,1.0,0,0,0,1,0
216,1,sympy:6,1,1,1.0,-0.0,1.0,1,1,0.0,465,0.0,0.0,0.0,0,0,1,1,1.0,0,0,0,1,0
216,2,sympy:6,1,2,1.0,-0.0,1.0,1,2,0.0,913,0.0,0.0,0.0,0,0,2,2,1.0,0,0,0,1,0
216,3,sympy:6,1,3,1.0,-0.0,1.0,1,3,0.0,1363,0.0,0.0,0.0,0,0,3,3,1.0,0,0,0,1,0
216,4,sympy:6,1,4,1.0,-0.0,1.0,1,4,0.0,1806,0.0,0.0,0.0,0,0,4,4,1.0,0,0,0,1,0
216,5,sympy:6,1,5,1.0,-0.0,1.0,1,5,0.0,2247,0.0,0.0,0.0,0,0,5,5,1.0,0,0,0,1,0
216,6,sympy:6,1,6,1.0,-0.0,1.0,1,6,0.0,2660,0.0,0.0,0.0,0,0,6,6,1.0,0,0,0,1,0
216,7,sympy:6,1,7,1.0,-0.0,1.0,1,7,0.0,3154,0.0,0.0,0.0,0,0,7,7,1.0,0,0,0,1,0
216,8,sympy:6,1,8,1.0,-0.0,1.0,1,8,0.0,3551,0.0,0.0,0.0,0,0,8,8,1.0,0,0,0,1,0
216,9,sympy:6,1,9,1.0,-0.0,1.0,1,9,0.0,4027,0.0,0.0,0.0,0,0,9,9,1.0,0,0,0,1,0
216,10,sympy:6,1,10,1.0,-0.0,1.0,1,10,0.0,4459,0.0,0.0,0.0,0,0,10,10,1.0,0,0,0,1,0
216,11,sympy:6,1,11,1.0,-0.0,1.0,1,11,0.0,4908,0.0,0.0,0.0,0,0,11,11,1.0,0,0,0,1,0
216,12,sympy:6,1,12,1.0,-0.0,1.0,1,12,0.0,5345,0.0,0.0,0.0,0,0,12,12,1.0,0,0,0,1,0
216,13,sympy:6,1,13,1.0,-0.0,1.0,1,13,0.0,5700,0.0,0.0,0.0,0,0,13,13,1.0,0,0,0,1,0
216,14,sympy:6,1,14,1.0,-0.0,1.0,1,14,0.0,6164,0.0,0.0,0.0,0,0,14,14,1.0,0,0,0,1,0
216,15,sympy:6,1,15,1.0,-0.0,1.0,1,15,0.0,6563,0.0,0.0,0.0,0,0,15,15,1.0,0,0,0,1,0
216,16,sympy:6,1,16,1.0,-0.0,1.0,1,16,0.0,6964,0.0,0.0,0.0,0,0,16,16,1.0,0,0,0,1,0
217,1,sympy:11111111100,0,1,1.0,-0.0,1.0,1,1,0.0,456,0.0,0.0,0.0,0,0,1,1,1.0,0,0,0,1,0
217,2,sympy:11111111100,0,2,1.0,-0.0,1.0,1,2,0.0,856,0.0,0.0,0.0,0,0,2,2,1.0,0,0,0,1,0
217,3,sympy:11111111100,0,3,1.0,-0.0,1.0,1,3,0.0,1264,0.0,0.0,0.0,0,0,3,3,1.0,0,0,0,1,0
217,4,sympy:11111111100,0,4,1.0,-0.0,1.0,1,4,0.0,1714,0.0,0.0,0.0,0,0,4,4,1.0,0,0,0,1,0
217,5,sympy:11111111100,0,5,1.0,-0.0,1.0,1,5,0.0,2157,0.0,0.0,0.0,0,0,5,5,1.0,0,0,0,1,0
217,6,sympy:11111111100,0,6,1.0,-0.0,1.0,1,6,0.0,2625,0.0,0.0,0.0,0,0,6,6,1.0,0,0,0,1,0
217,7,sympy:11111111100,0,7,1.0,-0.0,1.0,1,7,0.0,3067,0.0,0.0,0.0,0,0,7,7,1.0,0,0,0,1,0
217,8,sympy:11111111100,0,8,1.0,-0.0,1.0,1,8,0.0,3512,0.0,0.0,0.0,0,0,8,8,1.0,0,0,0,1,0
217,9,sympy:11111111100,0,9,1.0,-0.0,1.0,1,9,0.0,3938,0.0,0.0,0.0,0,0,9,9,1.0,0,0,0,1,0
217,10,sympy:11111111100,0,10,1.0,-0.0,1.0,1,10,0.0,4430,0.0,0.0,0.0,0,0,10,10,1.0,0,0,0,1,0
217,11,sympy:11111111100,0,11,1.0,-0.0,1.0,1,11,0.0,4822,0.0,0.0,0.0,0,0,11,11,1.0,0,0,0,1,0
217,12,sympy:11111111100,0,12,1.0,-0.0,1.0,1,12,0.0,5284,0.0,0.0,0.0,0,0,12,12,1.0,0,0,0,1,0
217,13,sympy:11111111100,0,13,1.0,-0.0,1.0,1,13,0.0,5818,0.0,0.0,0.0,0,0,13,13,1.0,0,0,0,1,0
217,14,sympy:11111111100,0,14,1.0,-0.0,1.0,1,14,0.0,6283,0.0,0.0,0.0,0,0,14,14,1.0,0,0,0,1,0
217,15,sympy:11111111100,0,15,1.0,-0.0,1.0,1,15,0.0,6696,0.0,0.0,0.0,0,0,15,15,1.0,0,0,0,1,0
217,16,sympy:11111111100,0,16,1.0,-0.0,1.0,1,16,0.0,7114,0.0,0.0,0.0,0,0,16,16,1.0,0,0,0,1,0
218,1,"sympy:Interval.open(-1, 6)",1,1,1.0,-0.0,1.0,1,1,0.0,336,0.0,0.0,0.0,0,0,1,1,1.0,0,0,0,1,0
218,2,"sympy:Interval.open(-1, 6)",1,2,1.0,-0.0,1.0,1,2,0.0,661,0.0,0.0,0.0,0,0,2,2,1.0,0,0,0,1,0
218,3,"sympy:Interval.open(-1, 6)",1,2,1.0,-0.0,1.0,1,3,0.3333333333333333,1063,0.0,0.0,0.0,0,0,3,2,1.0,0,0,0,1,0
218,4,"sympy:Interval.open(-1, 6)",1,3,1.0,-0.0,1.0,1,4,0.25,1365,0.0,0.0,0.0,0,0,4,3,1.0,0,0,0,1,0
218,5,"sympy:Interval.open(-1, 6)",1,4,1.0,-0.0,1.0,1,5,0.2,1688,0.0,0.0,0.0,0,0,5,4,1.0,0,0,0,1,0
218,6,"sympy:Interval.open(-1, 6)",1,5,1.0,-0.0,1.0,1,6,0.16666666666666666,1986,0.0,0.0,0.0,0,0,6,5,1.0,0,0,0,1,0
218,7,"sympy:Interval.open(-1, 6)",1,6,1.0,-0.0,1.0,1,7,0.14285714285714285,2284,0.0,0.0,0.0,0,0,7,6,1.0,0,0,0,1,0
218,8,"sympy:Interval.open(-1, 6)",1,7,1.0,-0.0,1.0,1,8,0.125,2520,0.0,0.0,0.0,0,0,8,7,1.0,0,0,0,1,0
218,9,"sympy:Interval.open(-1, 6)",1,8,1.0,-0.0,1.0,1,9,0.1111111111111111,2856,0.0,0.0,0.0,0,0,9,8,1.0,0,0,0,1,0
218,10,"sympy:Interval.open(-1, 6)",1,9,1.0,-0.0,1.0,1,10,0.1,3127,0.0,0.0,0.0,0,0,10,9,1.0,0,0,0,1,0
218,11,"sympy:Interval.open(-1, 6)",1,10,1.0,-0.0,1.0,1,11,0.09090909090909091,3463,0.0,0.0,0.0,0,0,11,10,1.0,0,0,0,1,0
218,12,"sympy:Interval.open(-1, 6)",1,11,1.0,-0.0,1.0,1,12,0.08333333333333333,3747,0.0,0.0,0.0,0,0,12,11,1.0,0,0,0,1,0
218,13,"sympy:Interval.open(-1, 6)",1,12,1.0,-0.0,1.0,1,13,0.07692307692307693,4048,0.0,0.0,0.0,0,0,13,12,1.0,0,0,0,1,0
218,14,"sympy:Interval.open(-1, 6)",1,13,1.0,-0.0,1.0,1,14,0.07142857142857142,4342,0.0,0.0,0.0,0,0,14,13,1.0,0,0,0,1,0
218,15,"sympy:Interval.open(-1, 6)",1,14,1.0,-0.0,1.0,1,15,0.06666666666666667,4686,0.0,0.0,0.0,0,0,15,14,1.0,0,0,0,1,0
218,16,"sympy:Interval.open(-1, 6)",1,15,1.0,-0.0,1.0,1,16,0.0625,4957,0.0,0.0,0.0,0,0,16,15,1.0,0,0,0,1,0
219,1,sympy:1/2,1,1,1.0,-0.0,1.0,1,1,0.0,664,0.0,0.0,0.0,0,0,1,1,1.0,0,0,0,1,0
219,2,sympy:1/2,1,2,0.5,0.6931471805599453,0.0,2,2,0.0,1349,-0.5,0.6931471805599453,-1.0,0,0,2,0,0.5,0,0,0,1,0
219,3,sympy:1/2,1,3,0.3333333333333333,1.0986122886681096,0.0,3,3,0.0,2017,-0.16666666666666669,0.4054651081081643,0.0,0,0,3,0,0.3333333333333333,0,0,0,1,0
219,4,sympy:1/2,1,4,0.25,1.3862943611198906,0.0,4,4,0.0,2796,-0.08333333333333331,0.287682072451781,0.0,0,0,4,0,0.0,0,0,0,1,0
219,5,sympy:1/2,1,5,0.2,1.6094379124341005,0.0,5,5,0.0,3268,-0.04999999999999999,0.22314355131420993,0.0,0,0,5,0,0.0,0,0,0,1,0
219,6,sympy:1/2,1,6,0.16666666666666666,1.791759469228055,0.0,6,6,0.0,4002,-0.033333333333333354,0.18232155679395445,0.0,0,0,6,0,0.0,0,0,0,1,0
219,7,sympy:1/2,1,7,0.14285714285714285,1.9459101490553132,0.0,7,7,0.0,4666,-0.023809523809523808,0.15415067982725827,0.0,0,0,7,0,0.0,0,0,0,1,0
219,8,sympy:1/2,1,8,0.25,1.9061547465398494,0.125,7,8,0.0,5077,0.10714285714285715,-0.039755402515463834,0.125,0,0,8,1,0.3333333333333333,0,0,0,1,0
219,9,sympy:1/2,1,9,0.2222222222222222,2.0431918705451206,0.1111111111111111,8,9,0.0,5635,-0.02777777777777779,0.13703712400527124,-0.013888888888888895,0,0,9,1,0.3333333333333333,0,0,0,1,0
219,10,sympy:1/2,1,10,0.2,2.1639556568820564,0.1,9,10,0.0,6418,-0.0222222222222222,0.12076378633693574,-0.0111111111111111,0,0,10,1,0.3333333333333333,0,0,0,1,0
219,11,sympy:1/2,1,11,0.18181818181818182,2.2718685126965625,0.09090909090909091,10,11,0.0,6795,-0.018181818181818188,0.10791285581450616,-0.009090909090909094,0,0,11,1,0.0,0,0,0,1,0
219,12,sympy:1/2,1,12,0.16666666666666666,2.3693821196946763,0.08333333333333333,11,12,0.0,7137,-0.015151515151515166,0.09751360699811373,-0.007575757575757583,0,0,12,1,0.0,0,0,0,1,0
219,13,sympy:1/2,1,13,0.15384615384615385,2.3516733019046305,0.0,11,13,0.0,7852,-0.012820512820512803,-0.01770881779004574,-0.08333333333333333,0,0,13,0,0.0,0,0,0,1,0
219,14,sympy:1/2,1,14,0.14285714285714285,2.341994252232425,0.0,11,14,0.0,8543,-0.010989010989011005,-0.009679049672205675,0.0,0,0,14,0,0.0,0,0,0,1,0
219,15,sympy:1/2,1,15,0.13333333333333333,2.3383717048035724,0.0,11,15,0.0,8893,-0.009523809523809518,-0.003622547428852485,0.0,0,0,15,0,0.0,0,0,0,1,0
219,16,sympy:1/2,1,16,0.125,2.4260151319598084,0.0,12,16,0.0,9562,-0.008333333333333331,0.08764342715623608,0.0,0,0,16,0,0.0,0,0,0,1,0
220,1,sympy:2/27,0,1,1.0,-0.0,1.0,1,1,0.0,380,0.0,0.0,0.0,0,0,1,1,1.0,0,0,0,1,0
220,2,sympy:2/27,0,2,1.0,-0.0,1.0,1,2,0.0,657,0.0,0.0,0.0,0,0,2,2,1.0,0,0,0,1,0
220,3,sympy:2/27,0,3,1.0,-0.0,1.0,1,3,0.0,1051,0.0,0.0,0.0,0,0,3,3,1.0,0,0,0,1,0
220,4,sympy:2/27,0,4,0.75,0.5623351446188083,0.5,2,4,0.0,1388,-0.25,0.5623351446188083,-0.5,0,0,4,2,0.6666666666666666,0,0,0,1,0
220,5,sympy:2/27,0,5,0.8,0.5004024235381879,0.6,2,5,0.0,1771,0.050000000000000044,-0.06193272108062042,0.09999999999999998,0,0,5,3,0.6666666666666666,0,0,0,1,0
220,6,sympy:2/27,0,6,0.8333333333333334,0.45056120886630463,0.6666666666666666,2,6,0.0,2101,0.033333333333333326,-0.04984121467188324,0.06666666666666665,0,0,6,4,0.6666666666666666,0,0,0,1,0
220,7,sympy:2/27,0,7,0.8571428571428571,0.410116318288409,0.7142857142857143,2,7,0.0,2525,0.023809523809523725,-0.04044489057789563,0.04761904761904767,0,0,7,5,1.0,0,0,0,1,0
220,8,sympy:2/27,0,8,0.875,0.37677016125643675,0.75,2,8,0.0,2870,0.017857142857142905,-0.033346157031972246,0.0357142857142857,0,0,8,6,1.0,0,0,0,1,0
220,9,sympy:2/27,0,9,0.8888888888888888,0.34883209584303193,0.7777777777777778,2,9,0.0,3172,0.01388888888888884,-0.027938065413404822,0.02777777777777779,0,0,9,7,1.0,0,0,0,1,0
220,10,sympy:2/27,0,10,0.8,0.5004024235381879,0.6,2,10,0.0,3497,-0.0888888888888888,0.15157032769515594,-0.1777777777777778,0,0,10,6,0.6666666666666666,0,0,0,1,0
220,11,sympy:2/27,0,11,0.7272727272727273,0.5859526183035508,0.45454545454545453,2,11,0.0,3786,-0.07272727272727275,0.08555019476536296,-0.14545454545454545,0,0,11,5,0.3333333333333333,0,0,0,1,0
220,12,sympy:2/27,0,12,0.75,0.5623351446188083,0.5,2,12,0.0,4810,0.022727272727272707,-0.02361747368474254,0.04545454545454547,0,0,12,6,0.3333333333333333,0,0,0,1,0
220,13,sympy:2/27,0,13,0.7692307692307693,0.5402041423888608,0.5384615384615384,2,13,0.0,5081,0.019230769230769273,-0.02213100222994746,0.038461538461538436,0,0,13,7,0.6666666666666666,0,0,0,1,0
220,14,sympy:2/27,0,14,0.7142857142857143,0.5982695885852573,0.42857142857142855,2,14,0.0,6105,-0.05494505494505497,0.05806544619639642,-0.10989010989010989,0,0,14,6,0.6666666666666666,0,0,0,1,0
220,15,sympy:2/27,0,15,0.7333333333333333,0.5799151714181009,0.4666666666666667,2,15,0.0,6418,0.01904761904761898,-0.018354417167156356,0.038095238095238126,0,0,15,7,0.6666666666666666,0,0,0,1,0
220,16,sympy:2/27,0,16,0.6875,0.7774621319109288,0.4375,3,16,0.0,6869,-0.04583333333333328,0.19754696049282794,-0.029166666666666674,0,0,16,7,0.3333333333333333,0,0,0,1,0
221,1,sympy:900,1,1,1.0,-0.0,1.0,1,1,0.0,411,0.0,0.0,0.0,0,0,1,1,1.0,0,0,0,1,0
221,2,sympy:900,1,2,1.0,-0.0,1.0,1,2,0.0,925,0.0,0.0,0.0,0,0,2,2,1.0,0,0,0,1,0
221,3,sympy:900,1,3,1.0,-0.0,1.0,1,3,0.0,1440,0.0,0.0,0.0,0,0,3,3,1.0,0,0,0,1,0
221,4,sympy:900,1,4,1.0,-0.0,1.0,1,4,0.0,2017,0.0,0.0,0.0,0,0,4,4,1.0,0,0,0,1,0
221,5,sympy:900,1,5,1.0,-0.0,1.0,1,5,0.0,2503,0.0,0.0,0.0,0,0,5,5,1.0,0,0,0,1,0
221,6,sympy:900,1,6,1.0,-0.0,1.0,1,6,0.0,3026,0.0,0.0,0.0,0,0,6,6,1.0,0,0,0,1,0
221,7,sympy:900,1,7,1.0,-0.0,1.0,1,7,0.0,3567,0.0,0.0,0.0,0,0,7,7,1.0,0,0,0,1,0
221,8,sympy:900,1,8,1.0,-0.0,1.0,1,8,0.0,4039,0.0,0.0,0.0,0,0,8,8,1.0,0,0,0,1,0
221,9,sympy:900,1,9,1.0,-0.0,1.0,1,9,0.0,4635,0.0,0.0,0.0,0,0,9,9,1.0,0,0,0,1,0
221,10,sympy:900,1,10,1.0,-0.0,1.0,1,10,0.0,5163,0.0,0.0,0.0,0,0,10,10,1.0,0,0,0,1,0
221,11,sympy:900,1,11,1.0,-0.0,1.0,1,11,0.0,5823,0.0,0.0,0.0,0,0,11,11,1.0,0,0,0,1,0
221,12,sympy:900,1,12,1.0,-0.0,1.0,1,12,0.0,6344,0.0,0.0,0.0,0,0,12,12,1.0,0,0,0,1,0
221,13,sympy:900,1,13,1.0,-0.0,1.0,1,13,0.0,6825,0.0,0.0,0.0,0,0,13,13,1.0,0,0,0,1,0
221,14,sympy:900,1,14,1.0,-0.0,1.0,1,14,0.0,7313,0.0,0.0,0.0,0,0,14,14,1.0,0,0,0,1,0
221,15,sympy:900,1,15,1.0,-0.0,1.0,1,15,0.0,7716,0.0,0.0,0.0,0,0,15,15,1.0,0,0,0,1,0
221,16,sympy:900,1,16,1.0,-0.0,1.0,1,16,0.0,8223,0.0,0.0,0.0,0,0,16,16,1.0,0,0,0,1,0
222,1,sympy:6/25,0,1,1.0,-0.0,1.0,1,1,0.0,487,0.0,0.0,0.0,0,0,1,1,1.0,1,0,0,1,1
222,2,sympy:6/25,0,2,0.5,0.6931471805599453,0.0,2,2,0.0,960,-0.5,0.6931471805599453,-1.0,0,0,2,0,0.5,1,0,0,1,1
222,3,sympy:150,0,3,0.6666666666666666,0.6365141682948128,0.3333333333333333,2,1,0.0,1390,0.16666666666666663,-0.05663301226513251,0.3333333333333333,1,1,2,1,0.6666666666666666,0,0,0,1,0
222,4,sympy:150,0,4,0.75,0.5623351446188083,0.5,2,2,0.0,1799,0.08333333333333337,-0.07417902367600449,0.16666666666666669,0,1,2,2,1.0,0,0,0,1,0
222,5,sympy:150,0,5,0.8,0.5004024235381879,0.6,2,3,0.0,2255,0.050000000000000044,-0.06193272108062042,0.09999999999999998,0,1,3,3,1.0,0,0,0,1,0
222,6,sympy:150,0,6,0.8333333333333334,0.45056120886630463,0.6666666666666666,2,4,0.0,2669,0.033333333333333326,-0.04984121467188324,0.06666666666666665,0,1,4,4,1.0,0,0,0,1,0
222,7,sympy:150,0,7,0.7142857142857143,0.796311640173813,0.5714285714285714,3,5,0.0,2999,-0.11904761904761907,0.3457504313075083,-0.09523809523809523,0,1,5,4,0.6666666666666666,0,0,0,1,0
222,8,sympy:150,0,8,0.75,0.7356219397587946,0.625,3,6,0.0,3419,0.0357142857142857,-0.06068970041501831,0.0535714285714286,0,1,6,5,0.6666666666666666,0,0,0,1,0
222,9,sympy:150,0,9,0.7777777777777778,0.6837389058487535,0.6666666666666666,3,7,0.0,4011,0.02777777777777779,-0.05188303391004112,0.04166666666666663,0,1,7,6,0.6666666666666666,0,0,0,1,0
222,10,sympy:150,0,10,0.7,0.9404479886553263,0.6,4,8,0.0,5035,-0.07777777777777783,0.2567090828065728,-0.06666666666666665,0,1,8,6,0.6666666666666666,0,0,0,1,0
222,11,sympy:150,0,11,0.7272727272727273,0.8855741515766717,0.6363636363636364,4,9,0.0,5514,0.027272727272727337,-0.054873837078654564,0.036363636363636376,0,1,9,7,0.6666666666666666,0,0,0,1,0
222,12,sympy:150,0,12,0.6666666666666666,1.0986122886681098,0.5833333333333334,5,10,0.0,6115,-0.06060606060606066,0.21303813709143804,-0.05303030303030298,0,1,10,7,0.3333333333333333,0,0,0,1,0
222,13,sympy:150,0,13,0.6923076923076923,1.0437938808441543,0.6153846153846154,5,11,0.0,6580,0.02564102564102566,-0.05481840782395553,0.03205128205128205,0,1,11,8,0.6666666666666666,0,0,0,1,0
222,14,sympy:150,0,14,0.6428571428571429,1.2265558156134033,0.5714285714285714,6,12,0.0,7182,-0.049450549450549386,0.18276193476924907,-0.04395604395604402,0,1,12,8,0.3333333333333333,0,0,0,1,0
222,15,sympy:150,0,15,0.6,1.297295830625819,0.4666666666666667,6,13,0.0,7685,-0.04285714285714293,0.07074001501241578,-0.10476190476190472,0,1,13,7,0.3333333333333333,0,0,0,1,0
222,16,sympy:150,0,16,0.625,1.2468296415485094,0.5,6,14,0.0,8180,0.025000000000000022,-0.05046618907730971,0.033333333333333326,0,1,14,8,0.3333333333333333,0,0,0,1,0
223,1,sympy:14,1,1,1.0,-0.0,1.0,1,1,0.0,317,0.0,0.0,0.0,0,0,1,1,1.0,0,0,0,1,0
223,2,sympy:14,1,2,1.0,-0.0,1.0,1,2,0.0,661,0.0,0.0,0.0,0,0,2,2,1.0,0,0,0,1,0
223,3,sympy:14,1,3,1.0,-0.0,1.0,1,3,0.0,1039,0.0,0.0,0.0,0,0,3,3,1.0,0,0,0,1,0
223,4,sympy:14,1,4,1.0,-0.0,1.0,1,4,0.0,1346,0.0,0.0,0.0,0,0,4,4,1.0,0,0,0,1,0
223,5,sympy:14,1,5,1.0,-0.0,1.0,1,5,0.0,1624,0.0,0.0,0.0,0,0,5,5,1.0,0,0,0,1,0
223,6,sympy:14,1,6,1.0,-0.0,1.0,1,6,0.0,1993,0.0,0.0,0.0,0,0,6,6,1.0,0,0,0,1,0
223,7,sympy:14,1,7,0.8571428571428571,0.410116318288409,0.7142857142857143,2,7,0.0,2445,-0.1428571428571429,0.410116318288409,-0.2857142857142857,0,0,7,5,0.6666666666666666,0,0,0,1,0
223,8,sympy:14,1,8,0.875,0.37677016125643675,0.75,2,8,0.0,2878,0.017857142857142905,-0.033346157031972246,0.0357142857142857,0,0,8,6,0.6666666666666666,0,0,0,1,0
223,9,sympy:14,1,9,0.8888888888888888,0.34883209584303193,0.7777777777777778,2,9,0.0,3230,0.01388888888888884,-0.027938065413404822,0.02777777777777779,0,0,9,7,0.6666666666666666,0,0,0,1,0
223,10,sympy:14,1,10,0.9,0.3250829733914482,0.8,2,10,0.0,3587,0.011111111111111183,-0.023749122451583726,0.022222222222222254,0,0,10,8,1.0,0,0,0,1,0
223,11,sympy:14,1,11,0.9090909090909091,0.30463609734923813,0.8181818181818182,2,11,0.0,3982,0.009090909090909038,-0.02044687604221007,0.018181818181818188,0,0,11,9,1.0,0,0,0,1,0
223,12,sympy:14,1,12,0.9166666666666666,0.2868359830561607,0.8333333333333334,2,12,0.0,4364,0.007575757575757569,-0.01780011429307743,0.015151515151515138,0,0,12,10,1.0,0,0,0,1,0
223,13,sympy:14,1,13,0.9230769230769231,0.2711893730418441,0.8461538461538461,2,13,0.0,4783,0.0064102564102564985,-0.01564661001431661,0.012820512820512775,0,0,13,11,1.0,0,0,0,1,0
223,14,sympy:14,1,14,0.9285714285714286,0.25731864054383163,0.8571428571428571,2,14,0.0,5113,0.005494505494505475,-0.013870732498012461,0.01098901098901095,0,0,14,12,1.0,0,0,0,1,0
223,15,sympy:14,1,15,0.8666666666666667,0.48509409130221154,0.8,3,15,0.0,5487,-0.06190476190476191,0.2277754507583799,-0.05714285714285705,0,0,15,12,0.6666666666666666,0,0,0,1,0
223,16,sympy:14,1,16,0.8125,0.6885673693022826,0.75,4,16,0.0,5864,-0.054166666666666696,0.20347327800007103,-0.050000000000000044,0,0,16,12,0.3333333333333333,0,0,0,1,0
224,1,sympy:1/16,0,1,1.0,-0.0,1.0,1,1,0.0,807,0.0,0.0,0.0,0,0,1,1,1.0,0,0,0,1,0
224,2,sympy:1/16,0,1,1.0,-0.0,1.0,1,2,0.5,1831,0.0,0.0,0.0,0,0,2,1,1.0,0,0,0,1,0
224,3,sympy:1/16,0,2,1.0,-0.0,1.0,1,3,0.3333333333333333,2716,0.0,0.0,0.0,0,0,3,2,1.0,0,0,0,1,0
224,4,sympy:1/16,0,3,0.6666666666666666,0.6365141682948128,0.3333333333333333,2,4,0.25,3341,-0.33333333333333337,0.6365141682948128,-0.6666666666666667,0,0,4,1,0.5,0,0,0,1,0
224,5,sympy:1/16,0,3,0.6666666666666666,0.6365141682948128,0.3333333333333333,2,5,0.4,4365,0.0,0.0,0.0,0,0,5,1,0.5,0,0,0,1,0
224,6,sympy:1/16,0,4,0.75,0.5623351446188083,0.5,2,6,0.3333333333333333,5181,0.08333333333333337,-0.07417902367600449,0.16666666666666669,0,0,6,2,0.5,0,0,0,1,0
224,7,sympy:1/16,0,5,0.6,0.9502705392332347,0.4,3,7,0.2857142857142857,5679,-0.15000000000000002,0.3879353946144264,-0.09999999999999998,0,0,7,2,0.5,0,0,0,1,0
224,8,sympy:1/16,0,5,0.6,0.9502705392332347,0.4,3,8,0.375,6703,0.0,0.0,0.0,0,0,8,2,0.5,0,0,0,1,0
224,9,sympy:1/16,0,6,0.6666666666666666,0.8675632284814612,0.5,3,9,0.3333333333333333,7466,0.06666666666666665,-0.08270731075177351,0.09999999999999998,0,0,9,3,0.5,0,0,0,1,0
224,10,sympy:1/16,0,7,0.7142857142857143,0.796311640173813,0.5714285714285714,3,10,0.3,8310,0.04761904761904767,-0.07125158830764822,0.0714285714285714,0,0,10,4,1.0,0,0,0,1,0
224,11,sympy:1/16,0,7,0.7142857142857143,0.796311640173813,0.5714285714285714,3,11,0.36363636363636365,9334,0.0,0.0,0.0,0,0,11,4,1.0,0,0,0,1,0
224,12,sympy:1/16,0,8,0.75,0.7356219397587946,0.625,3,12,0.3333333333333333,10067,0.0357142857142857,-0.06068970041501831,0.0535714285714286,0,0,12,5,1.0,0,0,0,1,0
224,13,sympy:1/16,0,9,0.7777777777777778,0.6837389058487535,0.6666666666666666,3,13,0.3076923076923077,10737,0.02777777777777779,-0.05188303391004112,0.04166666666666663,0,0,13,6,1.0,0,0,0,1,0
224,14,sympy:1/16,0,10,0.7,0.9404479886553263,0.6,4,14,0.2857142857142857,11376,-0.07777777777777783,0.2567090828065728,-0.06666666666666665,0,0,14,6,0.6666666666666666,0,0,0,1,0
224,15,sympy:1/16,0,11,0.6363636363636364,1.0335620542068176,0.45454545454545453,4,15,0.26666666666666666,12132,-0.0636363636363636,0.09311406555149127,-0.14545454545454545,0,0,15,5,0.3333333333333333,0,0,0,1,0
224,16,sympy:1/16,0,12,0.6666666666666666,0.9830877585747855,0.5,4,16,0.25,12914,0.030303030303030276,-0.050474295632032096,0.04545454545454547,0,0,16,6,0.3333333333333333,0,0,0,1,0
225,1,sympy:11,1,1,1.0,-0.0,1.0,1,1,0.0,278,0.0,0.0,0.0,0,0,1,1,1.0,0,0,0,1,0
225,2,sympy:11,1,2,1.0,-0.0,1.0,1,2,0.0,540,0.0,0.0,0.0,0,0,2,2,1.0,0,0,0,1,0
225,3,sympy:11,1,3,1.0,-0.0,1.0,1,3,0.0,1034,0.0,0.0,0.0,0,0,3,3,1.0,0,0,0,1,0
225,4,sympy:11,1,4,1.0,-0.0,1.0,1,4,0.0,1359,0.0,0.0,0.0,0,0,4,4,1.0,0,0,0,1,0
225,5,sympy:11,1,5,1.0,-0.0,1.0,1,5,0.0,1618,0.0,0.0,0.0,0,0,5,5,1.0,0,0,0,1,0
225,6,sympy:11,1,6,1.0,-0.0,1.0,1,6,0.0,1877,0.0,0.0,0.0,0,0,6,6,1.0,0,0,0,1,0
225,7,sympy:11,1,7,1.0,-0.0,1.0,1,7,0.0,2143,0.0,0.0,0.0,0,0,7,7,1.0,0,0,0,1,0
225,8,sympy:11,1,8,1.0,-0.0,1.0,1,8,0.0,2585,0.0,0.0,0.0,0,0,8,8,1.0,0,0,0,1,0
225,9,sympy:11,1,9,1.0,-0.0,1.0,1,9,0.0,2853,0.0,0.0,0.0,0,0,9,9,1.0,0,0,0,1,0
225,10,sympy:11,1,10,1.0,-0.0,1.0,1,10,0.0,3127,0.0,0.0,0.0,0,0,10,10,1.0,0,0,0,1,0
225,11,sympy:11,1,11,1.0,-0.0,1.0,1,11,0.0,3386,0.0,0.0,0.0,0,0,11,11,1.0,0,0,0,1,0
225,12,sympy:11,1,12,1.0,-0.0,1.0,1,12,0.0,3937,0.0,0.0,0.0,0,0,12,12,1.0,0,0,0,1,0
225,13,sympy:11,1,13,1.0,-0.0,1.0,1,13,0.0,4252,0.0,0.0,0.0,0,0,13,13,1.0,0,0,0,1,0
225,14,sympy:11,1,14,1.0,-0.0,1.0,1,14,0.0,4562,0.0,0.0,0.0,0,0,14,14,1.0,0,0,0,1,0
225,15,sympy:11,1,15,1.0,-0.0,1.0,1,15,0.0,4869,0.0,0.0,0.0,0,0,15,15,1.0,0,0,0,1,0
225,16,sympy:11,1,16,1.0,-0.0,1.0,1,16,0.0,5163,0.0,0.0,0.0,0,0,16,16,1.0,0,0,0,1,0
226,1,sympy:3,1,1,1.0,-0.0,1.0,1,1,0.0,296,0.0,0.0,0.0,0,0,1,1,1.0,0,0,0,1,0
226,2,sympy:3,1,2,1.0,-0.0,1.0,1,2,0.0,582,0.0,0.0,0.0,0,0,2,2,1.0,0,0,0,1,0
226,3,sympy:3,1,3,1.0,-0.0,1.0,1,3,0.0,860,0.0,0.0,0.0,0,0,3,3,1.0,0,0,0,1,0
226,4,sympy:3,1,4,1.0,-0.0,1.0,1,4,0.0,1143,0.0,0.0,0.0,0,0,4,4,1.0,0,0,0,1,0
226,5,sympy:3,1,5,1.0,-0.0,1.0,1,5,0.0,1308,0.0,0.0,0.0,0,0,5,5,1.0,0,0,0,1,0
226,6,sympy:3,1,6,1.0,-0.0,1.0,1,6,0.0,1489,0.0,0.0,0.0,0,0,6,6,1.0,0,0,0,1,0
226,7,sympy:3,1,7,1.0,-0.0,1.0,1,7,0.0,1675,0.0,0.0,0.0,0,0,7,7,1.0,0,0,0,1,0
226,8,sympy:3,1,8,1.0,-0.0,1.0,1,8,0.0,1884,0.0,0.0,0.0,0,0,8,8,1.0,0,0,0,1,0
226,9,sympy:3,1,9,1.0,-0.0,1.0,1,9,0.0,2223,0.0,0.0,0.0,0,0,9,9,1.0,0,0,0,1,0
226,10,sympy:3,1,10,1.0,-0.0,1.0,1,10,0.0,2539,0.0,0.0,0.0,0,0,10,10,1.0,0,0,0,1,0
226,11,sympy:3,1,11,1.0,-0.0,1.0,1,11,0.0,2757,0.0,0.0,0.0,0,0,11,11,1.0,0,0,0,1,0
226,12,sympy:3,1,12,1.0,-0.0,1.0,1,12,0.0,3024,0.0,0.0,0.0,0,0,12,12,1.0,0,0,0,1,0
226,13,sympy:3,1,13,1.0,-0.0,1.0,1,13,0.0,3294,0.0,0.0,0.0,0,0,13,13,1.0,0,0,0,1,0
226,14,sympy:3,1,14,1.0,-0.0,1.0,1,14,0.0,3553,0.0,0.0,0.0,0,0,14,14,1.0,0,0,0,1,0
226,15,sympy:3,1,15,1.0,-0.0,1.0,1,15,0.0,3860,0.0,0.0,0.0,0,0,15,15,1.0,0,0,0,1,0
226,16,sympy:3,1,16,1.0,-0.0,1.0,1,16,0.0,4035,0.0,0.0,0.0,0,0,16,16,1.0,0,0,0,1,0
227,1,sympy:c,1,1,1.0,-0.0,1.0,1,1,0.0,286,0.0,0.0,0.0,0,0,1,1,1.0,0,0,0,1,0
227,2,sympy:c,1,2,1.0,-0.0,1.0,1,2,0.0,555,0.0,0.0,0.0,0,0,2,2,1.0,0,0,0,1,0
227,3,sympy:c,1,3,1.0,-0.0,1.0,1,3,0.0,810,0.0,0.0,0.0,0,0,3,3,1.0,0,0,0,1,0
227,4,sympy:c,1,4,1.0,-0.0,1.0,1,4,0.0,1078,0.0,0.0,0.0,0,0,4,4,1.0,0,0,0,1,0
227,5,sympy:c,1,5,1.0,-0.0,1.0,1,5,0.0,1310,0.0,0.0,0.0,0,0,5,5,1.0,0,0,0,1,0
227,6,sympy:c,1,6,1.0,-0.0,1.0,1,6,0.0,1517,0.0,0.0,0.0,0,0,6,6,1.0,0,0,0,1,0
227,7,sympy:c,1,7,1.0,-0.0,1.0,1,7,0.0,1782,0.0,0.0,0.0,0,0,7,7,1.0,0,0,0,1,0
227,8,sympy:c,1,8,1.0,-0.0,1.0,1,8,0.0,2043,0.0,0.0,0.0,0,0,8,8,1.0,0,0,0,1,0
227,9,sympy:c,1,9,1.0,-0.0,1.0,1,9,0.0,2259,0.0,0.0,0.0,0,0,9,9,1.0,0,0,0,1,0
227,10,sympy:c,1,10,1.0,-0.0,1.0,1,10,0.0,2479,0.0,0.0,0.0,0,0,10,10,1.0,0,0,0,1,0
227,11,sympy:c,1,11,1.0,-0.0,1.0,1,11,0.0,2731,0.0,0.0,0.0,0,0,11,11,1.0,0,0,0,1,0
227,12,sympy:c,1,12,1.0,-0.0,1.0,1,12,0.0,2977,0.0,0.0,0.0,0,0,12,12,1.0,0,0,0,1,0
227,13,sympy:c,1,13,1.0,-0.0,1.0,1,13,0.0,3239,0.0,0.0,0.0,0,0,13,13,1.0,0,0,0,1,0
227,14,sympy:c,1,14,1.0,-0.0,1.0,1,14,0.0,3501,0.0,0.0,0.0,0,0,14,14,1.0,0,0,0,1,0
227,15,sympy:c,1,15,1.0,-0.0,1.0,1,15,0.0,3786,0.0,0.0,0.0,0,0,15,15,1.0,0,0,0,1,0
227,16,sympy:c,1,16,1.0,-0.0,1.0,1,16,0.0,4076,0.0,0.0,0.0,0,0,16,16,1.0,0,0,0,1,0
228,1,sympy:36,0,1,1.0,-0.0,1.0,1,1,0.0,1024,0.0,0.0,0.0,0,0,1,1,1.0,1,1,0,0,1
228,2,sympy:36,0,2,0.5,0.6931471805599453,0.0,2,2,0.0,1977,-0.5,0.6931471805599453,-1.0,0,0,2,0,0.5,1,1,0,0,1
228,3,sympy:36,0,2,0.5,0.6931471805599453,0.0,2,3,0.3333333333333333,3001,0.0,0.0,0.0,0,0,3,0,0.5,1,1,0,0,1
228,4,sympy:288*pi,1,3,0.6666666666666666,0.6365141682948128,0.3333333333333333,2,1,0.25,3948,0.16666666666666663,-0.05663301226513251,0.3333333333333333,1,1,3,1,1.0,0,0,0,1,0
228,5,sympy:288*pi,1,3,0.6666666666666666,0.6365141682948128,0.3333333333333333,2,2,0.4,4972,0.0,0.0,0.0,0,1,3,1,1.0,0,0,0,1,0
228,6,sympy:288*pi,1,3,0.6666666666666666,0.6365141682948128,0.3333333333333333,2,3,0.5,5996,0.0,0.0,0.0,0,1,3,1,1.0,0,0,0,1,0
228,7,sympy:288*pi,1,3,0.6666666666666666,0.6365141682948128,0.3333333333333333,2,4,0.5714285714285714,7020,0.0,0.0,0.0,0,1,4,1,0.0,0,0,0,1,0
228,8,sympy:288*pi,1,4,0.5,1.0397207708399179,0.25,3,5,0.5,7787,-0.16666666666666663,0.4032066025451051,-0.08333333333333331,0,1,5,1,0.0,0,0,0,1,0
228,9,sympy:288*pi,1,4,0.5,1.0397207708399179,0.25,3,6,0.5555555555555556,8811,0.0,0.0,0.0,0,1,6,1,0.0,0,0,0,1,0
228,10,sympy:288*pi,1,5,0.6,0.9502705392332347,0.4,3,7,0.5,9772,0.09999999999999998,-0.0894502316066832,0.15000000000000002,0,1,7,2,0.5,0,0,0,1,0
228,11,sympy:288*pi,1,5,0.6,0.9502705392332347,0.4,3,8,0.5454545454545454,10796,0.0,0.0,0.0,0,1,8,2,1.0,0,0,0,1,0
228,12,sympy:288*pi,1,5,0.6,0.9502705392332347,0.4,3,9,0.5833333333333334,11820,0.0,0.0,0.0,0,1,9,2,1.0,0,0,0,1,0
228,13,sympy:288*pi,1,5,0.6,0.9502705392332347,0.4,3,10,0.6153846153846154,12844,0.0,0.0,0.0,0,1,10,2,0.0,0,0,0,1,0
228,14,sympy:288*pi,1,6,0.6666666666666666,0.8675632284814612,0.5,3,11,0.5714285714285714,13787,0.06666666666666665,-0.08270731075177351,0.09999999999999998,0,1,11,3,1.0,0,0,0,1,0
228,15,sympy:288*pi,1,6,0.6666666666666666,0.8675632284814612,0.5,3,12,0.6,14811,0.0,0.0,0.0,0,1,12,3,1.0,0,0,0,1,0
228,16,sympy:288*pi,1,6,0.6666666666666666,0.8675632284814612,0.5,3,13,0.625,15835,0.0,0.0,0.0,0,1,13,3,1.0,0,0,0,1,0
229,1,sympy:90,1,1,1.0,-0.0,1.0,1,1,0.0,237,0.0,0.0,0.0,0,0,1,1,1.0,0,0,0,1,0
229,2,sympy:90,1,2,1.0,-0.0,1.0,1,2,0.0,464,0.0,0.0,0.0,0,0,2,2,1.0,0,0,0,1,0
229,3,sympy:90,1,3,1.0,-0.0,1.0,1,3,0.0,715,0.0,0.0,0.0,0,0,3,3,1.0,0,0,0,1,0
229,4,sympy:90,1,4,1.0,-0.0,1.0,1,4,0.0,927,0.0,0.0,0.0,0,0,4,4,1.0,0,0,0,1,0
229,5,sympy:90,1,5,1.0,-0.0,1.0,1,5,0.0,1156,0.0,0.0,0.0,0,0,5,5,1.0,0,0,0,1,0
229,6,sympy:90,1,6,1.0,-0.0,1.0,1,6,0.0,1411,0.0,0.0,0.0,0,0,6,6,1.0,0,0,0,1,0
229,7,sympy:90,1,7,1.0,-0.0,1.0,1,7,0.0,1674,0.0,0.0,0.0,0,0,7,7,1.0,0,0,0,1,0
229,8,sympy:90,1,8,1.0,-0.0,1.0,1,8,0.0,1904,0.0,0.0,0.0,0,0,8,8,1.0,0,0,0,1,0
229,9,sympy:90,1,9,1.0,-0.0,1.0,1,9,0.0,2150,0.0,0.0,0.0,0,0,9,9,1.0,0,0,0,1,0
229,10,sympy:90,1,10,1.0,-0.0,1.0,1,10,0.0,2425,0.0,0.0,0.0,0,0,10,10,1.0,0,0,0,1,0
229,11,sympy:90,1,11,1.0,-0.0,1.0,1,11,0.0,2659,0.0,0.0,0.0,0,0,11,11,1.0,0,0,0,1,0
229,12,sympy:90,1,12,1.0,-0.0,1.0,1,12,0.0,2875,0.0,0.0,0.0,0,0,12,12,1.0,0,0,0,1,0
229,13,sympy:90,1,13,1.0,-0.0,1.0,1,13,0.0,3116,0.0,0.0,0.0,0,0,13,13,1.0,0,0,0,1,0
229,14,sympy:90,1,14,1.0,-0.0,1.0,1,14,0.0,3362,0.0,0.0,0.0,0,0,14,14,1.0,0,0,0,1,0
229,15,sympy:90,1,15,1.0,-0.0,1.0,1,15,0.0,3616,0.0,0.0,0.0,0,0,15,15,1.0,0,0,0,1,0
229,16,sympy:90,1,16,1.0,-0.0,1.0,1,16,0.0,3878,0.0,0.0,0.0,0,0,16,16,1.0,0,0,0,1,0
230,1,sympy:16/5,1,1,1.0,-0.0,1.0,1,1,0.0,773,0.0,0.0,0.0,0,0,1,1,1.0,0,0,0,1,0
230,2,sympy:16/5,1,2,1.0,-0.0,1.0,1,2,0.0,1797,0.0,0.0,0.0,0,0,2,2,1.0,0,0,0,1,0
230,3,sympy:16/5,1,3,1.0,-0.0,1.0,1,3,0.0,2684,0.0,0.0,0.0,0,0,3,3,1.0,0,0,0,1,0
230,4,sympy:16/5,1,4,1.0,-0.0,1.0,1,4,0.0,3533,0.0,0.0,0.0,0,0,4,4,1.0,0,0,0,1,0
230,5,sympy:16/5,1,5,1.0,-0.0,1.0,1,5,0.0,4240,0.0,0.0,0.0,0,0,5,5,1.0,0,0,0,1,0
230,6,sympy:16/5,1,6,1.0,-0.0,1.0,1,6,0.0,4764,0.0,0.0,0.0,0,0,6,6,1.0,0,0,0,1,0
230,7,sympy:16/5,1,7,1.0,-0.0,1.0,1,7,0.0,5435,0.0,0.0,0.0,0,0,7,7,1.0,0,0,0,1,0
230,8,sympy:16/5,1,8,1.0,-0.0,1.0,1,8,0.0,6224,0.0,0.0,0.0,0,0,8,8,1.0,0,0,0,1,0
230,9,sympy:16/5,1,9,1.0,-0.0,1.0,1,9,0.0,7223,0.0,0.0,0.0,0,0,9,9,1.0,0,0,0,1,0
230,10,sympy:16/5,1,10,1.0,-0.0,1.0,1,10,0.0,7680,0.0,0.0,0.0,0,0,10,10,1.0,0,0,0,1,0
230,11,sympy:16/5,1,11,1.0,-0.0,1.0,1,11,0.0,8198,0.0,0.0,0.0,0,0,11,11,1.0,0,0,0,1,0
230,12,sympy:16/5,1,12,1.0,-0.0,1.0,1,12,0.0,8850,0.0,0.0,0.0,0,0,12,12,1.0,0,0,0,1,0
230,13,sympy:16/5,1,13,1.0,-0.0,1.0,1,13,0.0,9780,0.0,0.0,0.0,0,0,13,13,1.0,0,0,0,1,0
230,14,sympy:16/5,1,14,1.0,-0.0,1.0,1,14,0.0,10539,0.0,0.0,0.0,0,0,14,14,1.0,0,0,0,1,0
230,15,sympy:16/5,1,15,1.0,-0.0,1.0,1,15,0.0,11467,0.0,0.0,0.0,0,0,15,15,1.0,0,0,0,1,0
230,16,sympy:16/5,1,16,1.0,-0.0,1.0,1,16,0.0,12338,0.0,0.0,0.0,0,0,16,16,1.0,0,0,0,1,0
231,1,sympy:10,1,1,1.0,-0.0,1.0,1,1,0.0,971,0.0,0.0,0.0,0,0,1,1,1.0,0,0,0,1,0
231,2,sympy:10,1,2,1.0,-0.0,1.0,1,2,0.0,1646,0.0,0.0,0.0,0,0,2,2,1.0,0,0,0,1,0
231,3,sympy:10,1,3,1.0,-0.0,1.0,1,3,0.0,2438,0.0,0.0,0.0,0,0,3,3,1.0,0,0,0,1,0
231,4,sympy:10,1,4,1.0,-0.0,1.0,1,4,0.0,3192,0.0,0.0,0.0,0,0,4,4,1.0,0,0,0,1,0
231,5,sympy:10,1,5,1.0,-0.0,1.0,1,5,0.0,3875,0.0,0.0,0.0,0,0,5,5,1.0,0,0,0,1,0
231,6,sympy:10,1,6,1.0,-0.0,1.0,1,6,0.0,4773,0.0,0.0,0.0,0,0,6,6,1.0,0,0,0,1,0
231,7,sympy:10,1,7,1.0,-0.0,1.0,1,7,0.0,5540,0.0,0.0,0.0,0,0,7,7,1.0,0,0,0,1,0
231,8,sympy:10,1,8,1.0,-0.0,1.0,1,8,0.0,6333,0.0,0.0,0.0,0,0,8,8,1.0,0,0,0,1,0
231,9,sympy:10,1,9,1.0,-0.0,1.0,1,9,0.0,7270,0.0,0.0,0.0,0,0,9,9,1.0,0,0,0,1,0
231,10,sympy:10,1,10,1.0,-0.0,1.0,1,10,0.0,8104,0.0,0.0,0.0,0,0,10,10,1.0,0,0,0,1,0
231,11,sympy:10,1,11,1.0,-0.0,1.0,1,11,0.0,8812,0.0,0.0,0.0,0,0,11,11,1.0,0,0,0,1,0
231,12,sympy:10,1,12,1.0,-0.0,1.0,1,12,0.0,9521,0.0,0.0,0.0,0,0,12,12,1.0,0,0,0,1,0
231,13,sympy:10,1,13,1.0,-0.0,1.0,1,13,0.0,10362,0.0,0.0,0.0,0,0,13,13,1.0,0,0,0,1,0
231,14,sympy:10,1,14,1.0,-0.0,1.0,1,14,0.0,11133,0.0,0.0,0.0,0,0,14,14,1.0,0,0,0,1,0
231,15,sympy:10,1,15,1.0,-0.0,1.0,1,15,0.0,11883,0.0,0.0,0.0,0,0,15,15,1.0,0,0,0,1,0
231,16,sympy:10,1,16,1.0,-0.0,1.0,1,16,0.0,12696,0.0,0.0,0.0,0,0,16,16,1.0,0,0,0,1,0
232,1,sympy:998,0,1,1.0,-0.0,1.0,1,1,0.0,1024,0.0,0.0,0.0,0,0,1,1,1.0,1,1,0,0,1
232,2,sympy:998,0,2,0.5,0.6931471805599453,0.0,2,2,0.0,2048,-0.5,0.6931471805599453,-1.0,0,0,2,0,0.5,1,1,0,0,1
232,3,sympy:998,0,3,0.3333333333333333,1.0986122886681096,0.0,3,3,0.0,2931,-0.16666666666666669,0.4054651081081643,0.0,0,0,3,0,0.3333333333333333,1,1,0,0,1
232,4,sympy:1997/2,1,4,0.5,1.0397207708399179,0.25,3,1,0.0,3428,0.16666666666666669,-0.058891517828191686,0.25,1,1,3,1,0.6666666666666666,0,0,0,1,0
232,5,sympy:1997/2,1,5,0.6,0.9502705392332347,0.4,3,2,0.0,4320,0.09999999999999998,-0.0894502316066832,0.15000000000000002,0,1,3,2,0.6666666666666666,0,0,0,1,0
232,6,sympy:1997/2,1,6,0.6666666666666666,0.8675632284814612,0.5,3,3,0.0,5205,0.06666666666666665,-0.08270731075177351,0.09999999999999998,0,1,3,3,1.0,0,0,0,1,0
232,7,sympy:1997/2,1,7,0.5714285714285714,1.1537419427010902,0.42857142857142855,4,4,0.0,6211,-0.09523809523809523,0.28617871421962904,-0.07142857142857145,0,1,4,3,0.6666666666666666,0,0,0,1,0
232,8,sympy:1997/2,1,8,0.5,1.2130075659799042,0.25,4,5,0.0,7003,-0.0714285714285714,0.05926562327881402,-0.17857142857142855,0,1,5,2,0.3333333333333333,0,0,0,1,0
232,9,sympy:1997/2,1,9,0.4444444444444444,1.2730283365896256,0.2222222222222222,4,6,0.0,7672,-0.05555555555555558,0.06002077060972133,-0.02777777777777779,0,1,6,2,0.0,0,0,0,1,0
232,10,sympy:1997/2,1,10,0.5,1.2206072645530175,0.3,4,7,0.0,8629,0.05555555555555558,-0.05242107203660806,0.07777777777777778,0,1,7,3,0.3333333333333333,0,0,0,1,0
232,11,sympy:1997/2,1,11,0.5454545454545454,1.1685184057430877,0.36363636363636365,4,8,0.0,9276,0.045454545454545414,-0.05208885880992975,0.06363636363636366,0,1,8,4,0.6666666666666666,0,0,0,1,0
232,12,sympy:1997/2,1,12,0.5833333333333334,1.1187433359857524,0.4166666666666667,4,9,0.0,10003,0.037878787878787956,-0.049775069757335366,0.05303030303030304,0,1,9,5,1.0,0,0,0,1,0
232,13,sympy:1997/2,1,13,0.6153846153846154,1.072016968563193,0.46153846153846156,4,10,0.0,10696,0.03205128205128205,-0.04672636742255931,0.04487179487179488,0,1,10,6,1.0,0,0,0,1,0
232,14,sympy:1997/2,1,14,0.6428571428571429,1.0285137640248474,0.5,4,11,0.0,11562,0.027472527472527486,-0.04350320453834566,0.038461538461538436,0,1,11,7,1.0,0,0,0,1,0
232,15,sympy:1997/2,1,15,0.6,1.0775733728921972,0.4,4,12,0.0,12490,-0.04285714285714293,0.049059608867349835,-0.09999999999999998,0,1,12,6,0.6666666666666666,0,0,0,1,0
232,16,sympy:1997/2,1,16,0.5625,1.1246702892376166,0.375,4,13,0.0,13333,-0.03749999999999998,0.04709691634541935,-0.025000000000000022,0,1,13,6,0.3333333333333333,0,0,0,1,0
233,1,sympy:30,1,1,1.0,-0.0,1.0,1,1,0.0,463,0.0,0.0,0.0,0,0,1,1,1.0,0,0,0,1,0
233,2,sympy:30,1,2,1.0,-0.0,1.0,1,2,0.0,972,0.0,0.0,0.0,0,0,2,2,1.0,0,0,0,1,0
233,3,sympy:30,1,3,1.0,-0.0,1.0,1,3,0.0,1450,0.0,0.0,0.0,0,0,3,3,1.0,0,0,0,1,0
233,4,sympy:30,1,4,1.0,-0.0,1.0,1,4,0.0,1900,0.0,0.0,0.0,0,0,4,4,1.0,0,0,0,1,0
233,5,sympy:30,1,5,1.0,-0.0,1.0,1,5,0.0,2382,0.0,0.0,0.0,0,0,5,5,1.0,0,0,0,1,0
233,6,sympy:30,1,6,1.0,-0.0,1.0,1,6,0.0,2862,0.0,0.0,0.0,0,0,6,6,1.0,0,0,0,1,0
233,7,sympy:30,1,7,1.0,-0.0,1.0,1,7,0.0,3302,0.0,0.0,0.0,0,0,7,7,1.0,0,0,0,1,0
233,8,sympy:30,1,8,1.0,-0.0,1.0,1,8,0.0,3756,0.0,0.0,0.0,0,0,8,8,1.0,0,0,0,1,0
233,9,sympy:30,1,9,1.0,-0.0,1.0,1,9,0.0,4191,0.0,0.0,0.0,0,0,9,9,1.0,0,0,0,1,0
233,10,sympy:30,1,10,1.0,-0.0,1.0,1,10,0.0,4648,0.0,0.0,0.0,0,0,10,10,1.0,0,0,0,1,0
233,11,sympy:30,1,11,1.0,-0.0,1.0,1,11,0.0,5135,0.0,0.0,0.0,0,0,11,11,1.0,0,0,0,1,0
233,12,sympy:30,1,12,1.0,-0.0,1.0,1,12,0.0,5576,0.0,0.0,0.0,0,0,12,12,1.0,0,0,0,1,0
233,13,sympy:30,1,13,1.0,-0.0,1.0,1,13,0.0,6079,0.0,0.0,0.0,0,0,13,13,1.0,0,0,0,1,0
233,14,sympy:30,1,14,1.0,-0.0,1.0,1,14,0.0,6534,0.0,0.0,0.0,0,0,14,14,1.0,0,0,0,1,0
233,15,sympy:30,1,15,1.0,-0.0,1.0,1,15,0.0,7027,0.0,0.0,0.0,0,0,15,15,1.0,0,0,0,1,0
233,16,sympy:30,1,16,1.0,-0.0,1.0,1,16,0.0,7456,0.0,0.0,0.0,0,0,16,16,1.0,0,0,0,1,0
234,1,sympy:49,0,1,1.0,-0.0,1.0,1,1,0.0,337,0.0,0.0,0.0,0,0,1,1,1.0,1,1,0,0,1
234,2,sympy:49,0,2,1.0,-0.0,1.0,1,2,0.0,651,0.0,0.0,0.0,0,0,2,2,1.0,1,1,0,0,1
234,3,sympy:49,0,3,0.6666666666666666,0.6365141682948128,0.3333333333333333,2,3,0.0,1169,-0.33333333333333337,0.6365141682948128,-0.6666666666666667,0,0,3,1,0.6666666666666666,1,1,0,0,1
234,4,sympy:49,0,4,0.5,0.6931471805599453,0.0,2,4,0.0,1586,-0.16666666666666663,0.05663301226513251,-0.3333333333333333,0,0,4,0,0.3333333333333333,1,1,0,0,1
234,5,sympy:34,1,5,0.6,0.6730116670092565,0.2,2,1,0.0,2109,0.09999999999999998,-0.020135513550688766,0.2,1,1,4,1,1.0,0,0,0,1,0
234,6,sympy:34,1,6,0.6666666666666666,0.6365141682948128,0.3333333333333333,2,2,0.0,2637,0.06666666666666665,-0.036497498714443743,0.1333333333333333,0,1,4,2,1.0,0,0,0,1,0
234,7,sympy:34,1,7,0.7142857142857143,0.5982695885852573,0.42857142857142855,2,3,0.0,3135,0.04761904761904767,-0.038244579709555526,0.09523809523809523,0,1,4,3,1.0,0,0,0,1,0
234,8,sympy:34,1,8,0.75,0.5623351446188083,0.5,2,4,0.0,3634,0.0357142857142857,-0.03593444396644896,0.07142857142857145,0,1,4,4,1.0,0,0,0,1,0
234,9,sympy:34,1,9,0.6666666666666666,0.6365141682948128,0.3333333333333333,2,5,0.0,3927,-0.08333333333333337,0.07417902367600449,-0.16666666666666669,0,1,5,3,0.6666666666666666,0,0,0,1,0
234,10,sympy:34,1,10,0.7,0.6108643020548935,0.4,2,6,0.0,4540,0.033333333333333326,-0.025649866239919272,0.06666666666666671,0,1,6,4,0.6666666666666666,0,0,0,1,0
234,11,sympy:34,1,11,0.7272727272727273,0.5859526183035508,0.45454545454545453,2,7,0.0,4925,0.027272727272727337,-0.024911683751342673,0.05454545454545451,0,1,7,5,0.6666666666666666,0,0,0,1,0
234,12,sympy:34,1,12,0.75,0.5623351446188083,0.5,2,8,0.0,5407,0.022727272727272707,-0.02361747368474254,0.04545454545454547,0,1,8,6,1.0,0,0,0,1,0
234,13,sympy:34,1,13,0.7692307692307693,0.5402041423888608,0.5384615384615384,2,9,0.0,5926,0.019230769230769273,-0.02213100222994746,0.038461538461538436,0,1,9,7,1.0,0,0,0,1,0
234,14,sympy:34,1,14,0.7857142857142857,0.5195798391305154,0.5714285714285714,2,10,0.0,6475,0.016483516483516425,-0.02062430325834541,0.03296703296703296,0,1,10,8,1.0,0,0,0,1,0
234,15,sympy:34,1,15,0.8,0.5004024235381879,0.6,2,11,0.0,6990,0.014285714285714346,-0.01917741559232755,0.02857142857142858,0,1,11,9,1.0,0,0,0,1,0
234,16,sympy:34,1,16,0.8125,0.48257756517701206,0.625,2,12,0.0,7457,0.012499999999999956,-0.01782485836117581,0.025000000000000022,0,1,12,10,1.0,0,0,0,1,0
235,1,sympy:5/9,1,1,1.0,-0.0,1.0,1,1,0.0,632,0.0,0.0,0.0,0,0,1,1,1.0,0,0,0,1,0
235,2,sympy:5/9,1,2,1.0,-0.0,1.0,1,2,0.0,1208,0.0,0.0,0.0,0,0,2,2,1.0,0,0,0,1,0
235,3,sympy:5/9,1,3,1.0,-0.0,1.0,1,3,0.0,1753,0.0,0.0,0.0,0,0,3,3,1.0,0,0,0,1,0
235,4,sympy:5/9,1,4,1.0,-0.0,1.0,1,4,0.0,2374,0.0,0.0,0.0,0,0,4,4,1.0,0,0,0,1,0
235,5,sympy:5/9,1,5,1.0,-0.0,1.0,1,5,0.0,2987,0.0,0.0,0.0,0,0,5,5,1.0,0,0,0,1,0
235,6,sympy:5/9,1,6,1.0,-0.0,1.0,1,6,0.0,3528,0.0,0.0,0.0,0,0,6,6,1.0,0,0,0,1,0
235,7,sympy:5/9,1,7,1.0,-0.0,1.0,1,7,0.0,4234,0.0,0.0,0.0,0,0,7,7,1.0,0,0,0,1,0
235,8,sympy:5/9,1,8,1.0,-0.0,1.0,1,8,0.0,4850,0.0,0.0,0.0,0,0,8,8,1.0,0,0,0,1,0
235,9,sympy:5/9,1,9,1.0,-0.0,1.0,1,9,0.0,5442,0.0,0.0,0.0,0,0,9,9,1.0,0,0,0,1,0
235,10,sympy:5/9,1,10,1.0,-0.0,1.0,1,10,0.0,6056,0.0,0.0,0.0,0,0,10,10,1.0,0,0,0,1,0
235,11,sympy:5/9,1,11,1.0,-0.0,1.0,1,11,0.0,6644,0.0,0.0,0.0,0,0,11,11,1.0,0,0,0,1,0
235,12,sympy:5/9,1,12,1.0,-0.0,1.0,1,12,0.0,7247,0.0,0.0,0.0,0,0,12,12,1.0,0,0,0,1,0
235,13,sympy:5/9,1,13,1.0,-0.0,1.0,1,13,0.0,7805,0.0,0.0,0.0,0,0,13,13,1.0,0,0,0,1,0
235,14,sympy:5/9,1,14,1.0,-0.0,1.0,1,14,0.0,8380,0.0,0.0,0.0,0,0,14,14,1.0,0,0,0,1,0
235,15,sympy:5/9,1,15,1.0,-0.0,1.0,1,15,0.0,8950,0.0,0.0,0.0,0,0,15,15,1.0,0,0,0,1,0
235,16,sympy:5/9,1,16,1.0,-0.0,1.0,1,16,0.0,9576,0.0,0.0,0.0,0,0,16,16,1.0,0,0,0,1,0
236,1,sympy:24,0,1,1.0,-0.0,1.0,1,1,0.0,415,0.0,0.0,0.0,0,0,1,1,1.0,1,0,0,1,1
236,2,sympy:24,0,2,0.5,0.6931471805599453,0.0,2,2,0.0,949,-0.5,0.6931471805599453,-1.0,0,0,2,0,0.5,1,0,0,1,1
236,3,sympy:24,0,2,0.5,0.6931471805599453,0.0,2,3,0.3333333333333333,1973,0.0,0.0,0.0,0,0,3,0,0.5,1,0,0,1,1
236,4,sympy:24,0,2,0.5,0.6931471805599453,0.0,2,4,0.5,2997,0.0,0.0,0.0,0,0,4,0,0.0,1,0,0,1,1
236,5,sympy:24,0,3,0.3333333333333333,1.0986122886681096,0.0,3,5,0.4,3680,-0.16666666666666669,0.4054651081081643,0.0,0,0,5,0,0.0,1,0,0,1,1
236,6,sympy:24,0,4,0.25,1.3862943611198906,0.0,4,6,0.3333333333333333,4631,-0.08333333333333331,0.287682072451781,0.0,0,0,6,0,0.0,1,0,0,1,1
236,7,sympy:24,0,5,0.2,1.6094379124341005,0.0,5,7,0.2857142857142857,5496,-0.04999999999999999,0.22314355131420993,0.0,0,0,7,0,0.0,1,0,0,1,1
236,8,sympy:24,0,5,0.2,1.6094379124341005,0.0,5,8,0.375,6520,0.0,0.0,0.0,0,0,8,0,0.0,1,0,0,1,1
236,9,sympy:12,1,6,0.3333333333333333,1.5607104090414063,0.16666666666666666,5,1,0.3333333333333333,7232,0.1333333333333333,-0.04872750339269416,0.16666666666666666,1,1,8,1,1.0,1,0,1,1,0
236,10,sympy:15,0,7,0.2857142857142857,1.5498260458782016,0.0,5,1,0.3,8218,-0.047619047619047616,-0.010884363163204736,-0.16666666666666666,1,2,8,0,0.5,0,0,0,1,0
236,11,sympy:15,0,7,0.2857142857142857,1.5498260458782016,0.0,5,2,0.36363636363636365,9242,0.0,0.0,0.0,0,2,8,0,0.5,0,0,0,1,0
236,12,sympy:15,0,8,0.25,1.732867951399863,0.0,6,3,0.3333333333333333,9971,-0.0357142857142857,0.18304190552166144,0.0,0,2,8,0,0.5,0,0,0,1,0
236,13,sympy:27,0,9,0.2222222222222222,1.7351264569629226,0.0,6,1,0.3076923076923077,10688,-0.02777777777777779,0.0022585055630595097,0.0,1,3,8,0,0.5,1,0,0,1,1
236,14,sympy:12,1,10,0.3,1.6957425341696346,0.1,6,1,0.2857142857142857,11712,0.07777777777777778,-0.03938392279328795,0.1,1,4,8,1,0.3333333333333333,1,0,1,1,0
236,15,sympy:12,1,11,0.2727272727272727,1.7201934592198251,0.09090909090909091,6,2,0.26666666666666666,12327,-0.027272727272727282,0.02445092505019053,-0.009090909090909094,0,4,8,1,0.3333333333333333,1,0,1,1,0
236,16,sympy:15,0,12,0.25,1.704551445267297,0.0,6,1,0.25,13087,-0.022727272727272707,-0.015642013952528178,-0.09090909090909091,1,5,8,0,0.3333333333333333,0,0,0,1,0
237,1,sympy:22,1,1,1.0,-0.0,1.0,1,1,0.0,375,0.0,0.0,0.0,0,0,1,1,1.0,0,0,0,1,0
237,2,sympy:22,1,2,1.0,-0.0,1.0,1,2,0.0,1399,0.0,0.0,0.0,0,0,2,2,1.0,0,0,0,1,0
237,3,sympy:22,1,3,1.0,-0.0,1.0,1,3,0.0,2423,0.0,0.0,0.0,0,0,3,3,1.0,0,0,0,1,0
237,4,sympy:22,1,4,1.0,-0.0,1.0,1,4,0.0,2839,0.0,0.0,0.0,0,0,4,4,1.0,0,0,0,1,0
237,5,sympy:22,1,5,1.0,-0.0,1.0,1,5,0.0,3411,0.0,0.0,0.0,0,0,5,5,1.0,0,0,0,1,0
237,6,sympy:22,1,6,1.0,-0.0,1.0,1,6,0.0,3832,0.0,0.0,0.0,0,0,6,6,1.0,0,0,0,1,0
237,7,sympy:22,1,7,0.8571428571428571,0.410116318288409,0.7142857142857143,2,7,0.0,4537,-0.1428571428571429,0.410116318288409,-0.2857142857142857,0,0,7,5,0.6666666666666666,0,0,0,1,0
237,8,sympy:22,1,8,0.875,0.37677016125643675,0.75,2,8,0.0,5080,0.017857142857142905,-0.033346157031972246,0.0357142857142857,0,0,8,6,0.6666666666666666,0,0,0,1,0
237,9,sympy:22,1,9,0.8888888888888888,0.34883209584303193,0.7777777777777778,2,9,0.0,5523,0.01388888888888884,-0.027938065413404822,0.02777777777777779,0,0,9,7,0.6666666666666666,0,0,0,1,0
237,10,sympy:22,1,10,0.9,0.3250829733914482,0.8,2,10,0.0,5963,0.011111111111111183,-0.023749122451583726,0.022222222222222254,0,0,10,8,1.0,0,0,0,1,0
237,11,sympy:22,1,11,0.9090909090909091,0.30463609734923813,0.8181818181818182,2,11,0.0,6545,0.009090909090909038,-0.02044687604221007,0.018181818181818188,0,0,11,9,1.0,0,0,0,1,0
237,12,sympy:22,1,12,0.9166666666666666,0.2868359830561607,0.8333333333333334,2,12,0.0,6977,0.007575757575757569,-0.01780011429307743,0.015151515151515138,0,0,12,10,1.0,0,0,0,1,0
237,13,sympy:22,1,13,0.9230769230769231,0.2711893730418441,0.8461538461538461,2,13,0.0,7399,0.0064102564102564985,-0.01564661001431661,0.012820512820512775,0,0,13,11,1.0,0,0,0,1,0
237,14,sympy:22,1,14,0.9285714285714286,0.25731864054383163,0.8571428571428571,2,14,0.0,8024,0.005494505494505475,-0.013870732498012461,0.01098901098901095,0,0,14,12,1.0,0,0,0,1,0
237,15,sympy:22,1,15,0.9333333333333333,0.24493002679463532,0.8666666666666667,2,15,0.0,9048,0.004761904761904745,-0.012388613749196309,0.009523809523809601,0,0,15,13,1.0,0,0,0,1,0
237,16,sympy:22,1,16,0.9375,0.2337916587064593,0.875,2,16,0.0,9574,0.004166666666666652,-0.011138368088176032,0.008333333333333304,0,0,16,14,1.0,0,0,0,1,0
238,1,sympy:-4,1,1,1.0,-0.0,1.0,1,1,0.0,451,0.0,0.0,0.0,0,0,1,1,1.0,0,0,0,1,0
238,2,sympy:-4,1,2,1.0,-0.0,1.0,1,2,0.0,909,0.0,0.0,0.0,0,0,2,2,1.0,0,0,0,1,0
238,3,sympy:-4,1,3,1.0,-0.0,1.0,1,3,0.0,1360,0.0,0.0,0.0,0,0,3,3,1.0,0,0,0,1,0
238,4,sympy:-4,1,4,1.0,-0.0,1.0,1,4,0.0,1740,0.0,0.0,0.0,0,0,4,4,1.0,0,0,0,1,0
238,5,sympy:-4,1,5,1.0,-0.0,1.0,1,5,0.0,2208,0.0,0.0,0.0,0,0,5,5,1.0,0,0,0,1,0
238,6,sympy:-4,1,6,1.0,-0.0,1.0,1,6,0.0,2682,0.0,0.0,0.0,0,0,6,6,1.0,0,0,0,1,0
238,7,sympy:-4,1,7,1.0,-0.0,1.0,1,7,0.0,3187,0.0,0.0,0.0,0,0,7,7,1.0,0,0,0,1,0
238,8,sympy:-4,1,8,1.0,-0.0,1.0,1,8,0.0,3852,0.0,0.0,0.0,0,0,8,8,1.0,0,0,0,1,0
238,9,sympy:-4,1,9,1.0,-0.0,1.0,1,9,0.0,4274,0.0,0.0,0.0,0,0,9,9,1.0,0,0,0,1,0
238,10,sympy:-4,1,10,1.0,-0.0,1.0,1,10,0.0,4819,0.0,0.0,0.0,0,0,10,10,1.0,0,0,0,1,0
238,11,sympy:-4,1,11,1.0,-0.0,1.0,1,11,0.0,5178,0.0,0.0,0.0,0,0,11,11,1.0,0,0,0,1,0
238,12,sympy:-4,1,12,1.0,-0.0,1.0,1,12,0.0,5657,0.0,0.0,0.0,0,0,12,12,1.0,0,0,0,1,0
238,13,sympy:-4,1,13,1.0,-0.0,1.0,1,13,0.0,6344,0.0,0.0,0.0,0,0,13,13,1.0,0,0,0,1,0
238,14,sympy:-4,1,14,1.0,-0.0,1.0,1,14,0.0,6755,0.0,0.0,0.0,0,0,14,14,1.0,0,0,0,1,0
238,15,sympy:-4,1,15,1.0,-0.0,1.0,1,15,0.0,7227,0.0,0.0,0.0,0,0,15,15,1.0,0,0,0,1,0
238,16,sympy:-4,1,16,1.0,-0.0,1.0,1,16,0.0,7723,0.0,0.0,0.0,0,0,16,16,1.0,0,0,0,1,0
239,1,,0,0,,,,0,0,1.0,1024,0.0,0.0,0.0,0,0,0,0,0.0,0,0,0,1,0
239,2,,0,0,,,,0,0,1.0,2048,0.0,0.0,0.0,0,0,0,0,0.0,0,0,0,1,0
239,3,,0,0,,,,0,0,1.0,3072,0.0,0.0,0.0,0,0,0,0,0.0,0,0,0,1,0
239,4,,0,0,,,,0,0,1.0,4096,0.0,0.0,0.0,0,0,0,0,0.0,0,0,0,1,0
239,5,,0,0,,,,0,0,1.0,5120,0.0,0.0,0.0,0,0,0,0,0.0,0,0,0,1,0
239,6,,0,0,,,,0,0,1.0,6144,0.0,0.0,0.0,0,0,0,0,0.0,0,0,0,1,0
239,7,,0,0,,,,0,0,1.0,7168,0.0,0.0,0.0,0,0,0,0,0.0,0,0,0,1,0
239,8,,0,0,,,,0,0,1.0,8192,0.0,0.0,0.0,0,0,0,0,0.0,0,0,0,1,0
239,9,,0,0,,,,0,0,1.0,9216,0.0,0.0,0.0,0,0,0,0,0.0,0,0,0,1,0
239,10,,0,0,,,,0,0,1.0,10240,0.0,0.0,0.0,0,0,0,0,0.0,0,0,0,1,0
239,11,,0,0,,,,0,0,1.0,11264,0.0,0.0,0.0,0,0,0,0,0.0,0,0,0,1,0
239,12,,0,0,,,,0,0,1.0,12288,0.0,0.0,0.0,0,0,0,0,0.0,0,0,0,1,0
239,13,,0,0,,,,0,0,1.0,13312,0.0,0.0,0.0,0,0,0,0,0.0,0,0,0,1,0
239,14,,0,0,,,,0,0,1.0,14336,0.0,0.0,0.0,0,0,0,0,0.0,0,0,0,1,0
239,15,,0,0,,,,0,0,1.0,15360,0.0,0.0,0.0,0,0,0,0,0.0,0,0,0,1,0
239,16,,0,0,,,,0,0,1.0,16384,0.0,0.0,0.0,0,0,0,0,0.0,0,0,0,1,0
240,1,sympy:68,0,1,1.0,-0.0,1.0,1,1,0.0,621,0.0,0.0,0.0,0,0,1,1,1.0,1,0,0,1,1
240,2,sympy:68,0,2,0.5,0.6931471805599453,0.0,2,2,0.0,1295,-0.5,0.6931471805599453,-1.0,0,0,2,0,0.5,1,0,0,1,1
240,3,sympy:68,0,3,0.3333333333333333,1.0986122886681096,0.0,3,3,0.0,1734,-0.16666666666666669,0.4054651081081643,0.0,0,0,3,0,0.3333333333333333,1,0,0,1,1
240,4,sympy:68,0,4,0.25,1.3862943611198906,0.0,4,4,0.0,2035,-0.08333333333333331,0.287682072451781,0.0,0,0,4,0,0.0,1,0,0,1,1
240,5,sympy:68,0,5,0.2,1.6094379124341005,0.0,5,5,0.0,2516,-0.04999999999999999,0.22314355131420993,0.0,0,0,5,0,0.0,1,0,0,1,1
240,6,sympy:52,0,6,0.3333333333333333,1.5607104090414063,0.16666666666666666,5,1,0.0,2905,0.1333333333333333,-0.04872750339269416,0.16666666666666666,1,1,5,1,0.6666666666666666,0,0,0,1,0
240,7,sympy:52,0,7,0.42857142857142855,1.4750763110546947,0.2857142857142857,5,2,0.0,3121,0.09523809523809523,-0.08563409798671162,0.11904761904761904,0,1,5,2,0.6666666666666666,0,0,0,1,0
240,8,sympy:52,0,8,0.5,1.3862943611198906,0.375,5,3,0.0,3537,0.07142857142857145,-0.08878194993480415,0.0892857142857143,0,1,5,3,1.0,0,0,0,1,0
240,9,sympy:52,0,9,0.5555555555555556,1.303092403761719,0.4444444444444444,5,4,0.0,3873,0.05555555555555558,-0.08320195735817149,0.06944444444444442,0,1,5,4,1.0,0,0,0,1,0
240,10,sympy:52,0,10,0.5,1.4978661367769954,0.4,6,5,0.0,4208,-0.05555555555555558,0.19477373301527634,-0.0444444444444444,0,1,5,4,0.6666666666666666,0,0,0,1,0
240,11,sympy:52,0,11,0.45454545454545453,1.666332585328325,0.36363636363636365,7,6,0.0,4508,-0.04545454545454547,0.16846644855132964,-0.036363636363636376,0,1,6,4,0.3333333333333333,0,0,0,1,0
240,12,sympy:52,0,12,0.5,1.5890269151739729,0.4166666666666667,7,7,0.0,4867,0.04545454545454547,-0.07730567015435219,0.05303030303030304,0,1,7,5,0.3333333333333333,0,0,0,1,0
240,13,sympy:52,0,13,0.5384615384615384,1.5171515848932913,0.46153846153846156,7,8,0.0,5458,0.038461538461538436,-0.0718753302806816,0.04487179487179488,0,1,8,6,0.6666666666666666,0,0,0,1,0
240,14,sympy:52,0,14,0.5714285714285714,1.4508050200839238,0.5,7,9,0.0,5878,0.03296703296703296,-0.06634656480936751,0.038461538461538436,0,1,9,7,1.0,0,0,0,1,0
240,15,sympy:52,0,15,0.5333333333333333,1.5065950881316383,0.4,7,10,0.0,6215,-0.03809523809523807,0.05579006804771458,-0.09999999999999998,0,1,10,6,0.6666666666666666,0,0,0,1,0
240,16,sympy:52,0,16,0.5,1.64622455382987,0.375,8,11,0.0,6794,-0.033333333333333326,0.13962946569823176,-0.025000000000000022,0,1,11,6,0.3333333333333333,0,0,0,1,0
241,1,sympy:17,1,1,1.0,-0.0,1.0,1,1,0.0,809,0.0,0.0,0.0,0,0,1,1,1.0,0,0,0,1,0
241,2,sympy:17,1,2,1.0,-0.0,1.0,1,2,0.0,1603,0.0,0.0,0.0,0,0,2,2,1.0,0,0,0,1,0
241,3,sympy:17,1,3,1.0,-0.0,1.0,1,3,0.0,2453,0.0,0.0,0.0,0,0,3,3,1.0,0,0,0,1,0
241,4,sympy:17,1,4,1.0,-0.0,1.0,1,4,0.0,3404,0.0,0.0,0.0,0,0,4,4,1.0,0,0,0,1,0
241,5,sympy:17,1,5,1.0,-0.0,1.0,1,5,0.0,4278,0.0,0.0,0.0,0,0,5,5,1.0,0,0,0,1,0
241,6,sympy:17,1,6,1.0,-0.0,1.0,1,6,0.0,5079,0.0,0.0,0.0,0,0,6,6,1.0,0,0,0,1,0
241,7,sympy:17,1,7,1.0,-0.0,1.0,1,7,0.0,5966,0.0,0.0,0.0,0,0,7,7,1.0,0,0,0,1,0
241,8,sympy:17,1,8,1.0,-0.0,1.0,1,8,0.0,6765,0.0,0.0,0.0,0,0,8,8,1.0,0,0,0,1,0
241,9,sympy:17,1,9,1.0,-0.0,1.0,1,9,0.0,7398,0.0,0.0,0.0,0,0,9,9,1.0,0,0,0,1,0
241,10,sympy:17,1,10,1.0,-0.0,1.0,1,10,0.0,8154,0.0,0.0,0.0,0,0,10,10,1.0,0,0,0,1,0
241,11,sympy:17,1,11,1.0,-0.0,1.0,1,11,0.0,8958,0.0,0.0,0.0,0,0,11,11,1.0,0,0,0,1,0
241,12,sympy:17,1,12,1.0,-0.0,1.0,1,12,0.0,9746,0.0,0.0,0.0,0,0,12,12,1.0,0,0,0,1,0
241,13,sympy:17,1,13,1.0,-0.0,1.0,1,13,0.0,10548,0.0,0.0,0.0,0,0,13,13,1.0,0,0,0,1,0
241,14,sympy:17,1,14,1.0,-0.0,1.0,1,14,0.0,11354,0.0,0.0,0.0,0,0,14,14,1.0,0,0,0,1,0
241,15,sympy:17,1,15,1.0,-0.0,1.0,1,15,0.0,12129,0.0,0.0,0.0,0,0,15,15,1.0,0,0,0,1,0
241,16,sympy:17,1,16,1.0,-0.0,1.0,1,16,0.0,12784,0.0,0.0,0.0,0,0,16,16,1.0,0,0,0,1,0
242,1,sympy:27879,0,1,1.0,-0.0,1.0,1,1,0.0,662,0.0,0.0,0.0,0,0,1,1,1.0,1,0,0,1,1
242,2,sympy:27879,0,2,0.5,0.6931471805599453,0.0,2,2,0.0,1176,-0.5,0.6931471805599453,-1.0,0,0,2,0,0.5,1,0,0,1,1
242,3,sympy:32349,0,3,0.6666666666666666,0.6365141682948128,0.3333333333333333,2,1,0.0,1645,0.16666666666666663,-0.05663301226513251,0.3333333333333333,1,1,2,1,0.6666666666666666,0,0,0,1,0
242,4,sympy:32349,0,4,0.5,1.0397207708399179,0.25,3,2,0.0,2069,-0.16666666666666663,0.4032066025451051,-0.08333333333333331,0,1,2,1,0.6666666666666666,0,0,0,1,0
242,5,sympy:32349,0,5,0.6,0.9502705392332347,0.4,3,3,0.0,2581,0.09999999999999998,-0.0894502316066832,0.15000000000000002,0,1,3,2,0.6666666666666666,0,0,0,1,0
242,6,sympy:32349,0,6,0.6666666666666666,0.8675632284814612,0.5,3,4,0.0,3020,0.06666666666666665,-0.08270731075177351,0.09999999999999998,0,1,4,3,0.6666666666666666,0,0,0,1,0
242,7,sympy:32349,0,7,0.5714285714285714,1.1537419427010902,0.42857142857142855,4,5,0.0,3443,-0.09523809523809523,0.28617871421962904,-0.07142857142857145,0,1,5,3,0.6666666666666666,0,0,0,1,0
242,8,sympy:32349,0,8,0.625,1.073542846408523,0.5,4,6,0.0,3915,0.0535714285714286,-0.08019909629256716,0.07142857142857145,0,1,6,4,0.6666666666666666,0,0,0,1,0
242,9,sympy:32349,0,9,0.6666666666666666,1.0027182645175161,0.5555555555555556,4,7,0.0,4343,0.04166666666666663,-0.07082458189100693,0.05555555555555558,0,1,7,5,0.6666666666666666,0,0,0,1,0
242,10,sympy:32349,0,10,0.7,0.9404479886553263,0.6,4,8,0.0,5002,0.033333333333333326,-0.062270275862189806,0.0444444444444444,0,1,8,6,1.0,0,0,0,1,0
242,11,sympy:32349,0,11,0.7272727272727273,0.8855741515766717,0.6363636363636364,4,9,0.0,5579,0.027272727272727337,-0.054873837078654564,0.036363636363636376,0,1,9,7,1.0,0,0,0,1,0
242,12,sympy:32349,0,12,0.75,0.8369882167858358,0.6666666666666666,4,10,0.0,6034,0.022727272727272707,-0.04858593479083595,0.030303030303030276,0,1,10,8,1.0,0,0,0,1,0
242,13,sympy:32349,0,13,0.7692307692307693,0.7937300551584248,0.6923076923076923,4,11,0.0,6555,0.019230769230769273,-0.04325816162741103,0.02564102564102566,0,1,11,9,1.0,0,0,0,1,0
242,14,sympy:32349,0,14,0.7857142857142857,0.7549967581308246,0.7142857142857143,4,12,0.0,7061,0.016483516483516425,-0.0387332970276002,0.02197802197802201,0,1,12,10,1.0,0,0,0,1,0
242,15,sympy:32349,0,15,0.8,0.7201248812718097,0.7333333333333333,4,13,0.0,7595,0.014285714285714346,-0.03487187685901483,0.01904761904761898,0,1,13,11,1.0,0,0,0,1,0
242,16,sympy:32349,0,16,0.8125,0.6885673693022826,0.75,4,14,0.0,8088,0.012499999999999956,-0.03155751196952716,0.01666666666666672,0,1,14,12,1.0,0,0,0,1,0
243,1,sympy:3,1,1,1.0,-0.0,1.0,1,1,0.0,306,0.0,0.0,0.0,0,0,1,1,1.0,0,0,0,1,0
243,2,sympy:3,1,2,1.0,-0.0,1.0,1,2,0.0,578,0.0,0.0,0.0,0,0,2,2,1.0,0,0,0,1,0
243,3,sympy:3,1,3,1.0,-0.0,1.0,1,3,0.0,860,0.0,0.0,0.0,0,0,3,3,1.0,0,0,0,1,0
243,4,sympy:3,1,4,1.0,-0.0,1.0,1,4,0.0,1134,0.0,0.0,0.0,0,0,4,4,1.0,0,0,0,1,0
243,5,sympy:3,1,5,1.0,-0.0,1.0,1,5,0.0,1430,0.0,0.0,0.0,0,0,5,5,1.0,0,0,0,1,0
243,6,sympy:3,1,6,1.0,-0.0,1.0,1,6,0.0,1780,0.0,0.0,0.0,0,0,6,6,1.0,0,0,0,1,0
243,7,sympy:3,1,7,1.0,-0.0,1.0,1,7,0.0,2076,0.0,0.0,0.0,0,0,7,7,1.0,0,0,0,1,0
243,8,sympy:3,1,8,1.0,-0.0,1.0,1,8,0.0,2363,0.0,0.0,0.0,0,0,8,8,1.0,0,0,0,1,0
243,9,sympy:3,1,9,1.0,-0.0,1.0,1,9,0.0,2636,0.0,0.0,0.0,0,0,9,9,1.0,0,0,0,1,0
243,10,sympy:3,1,10,1.0,-0.0,1.0,1,10,0.0,2893,0.0,0.0,0.0,0,0,10,10,1.0,0,0,0,1,0
243,11,sympy:3,1,11,1.0,-0.0,1.0,1,11,0.0,3171,0.0,0.0,0.0,0,0,11,11,1.0,0,0,0,1,0
243,12,sympy:3,1,12,1.0,-0.0,1.0,1,12,0.0,3413,0.0,0.0,0.0,0,0,12,12,1.0,0,0,0,1,0
243,13,sympy:3,1,13,1.0,-0.0,1.0,1,13,0.0,3697,0.0,0.0,0.0,0,0,13,13,1.0,0,0,0,1,0
243,14,sympy:3,1,14,1.0,-0.0,1.0,1,14,0.0,4042,0.0,0.0,0.0,0,0,14,14,1.0,0,0,0,1,0
243,15,sympy:3,1,15,1.0,-0.0,1.0,1,15,0.0,4339,0.0,0.0,0.0,0,0,15,15,1.0,0,0,0,1,0
243,16,sympy:3,1,16,1.0,-0.0,1.0,1,16,0.0,4690,0.0,0.0,0.0,0,0,16,16,1.0,0,0,0,1,0
244,1,sympy:8,1,1,1.0,-0.0,1.0,1,1,0.0,683,0.0,0.0,0.0,0,0,1,1,1.0,0,0,0,1,0
244,2,sympy:8,1,2,1.0,-0.0,1.0,1,2,0.0,1518,0.0,0.0,0.0,0,0,2,2,1.0,0,0,0,1,0
244,3,sympy:8,1,3,1.0,-0.0,1.0,1,3,0.0,2408,0.0,0.0,0.0,0,0,3,3,1.0,0,0,0,1,0
244,4,sympy:8,1,4,1.0,-0.0,1.0,1,4,0.0,3078,0.0,0.0,0.0,0,0,4,4,1.0,0,0,0,1,0
244,5,sympy:8,1,5,1.0,-0.0,1.0,1,5,0.0,4014,0.0,0.0,0.0,0,0,5,5,1.0,0,0,0,1,0
244,6,sympy:8,1,6,1.0,-0.0,1.0,1,6,0.0,4638,0.0,0.0,0.0,0,0,6,6,1.0,0,0,0,1,0
244,7,sympy:8,1,7,1.0,-0.0,1.0,1,7,0.0,5648,0.0,0.0,0.0,0,0,7,7,1.0,0,0,0,1,0
244,8,sympy:8,1,8,1.0,-0.0,1.0,1,8,0.0,6506,0.0,0.0,0.0,0,0,8,8,1.0,0,0,0,1,0
244,9,sympy:8,1,9,1.0,-0.0,1.0,1,9,0.0,7510,0.0,0.0,0.0,0,0,9,9,1.0,0,0,0,1,0
244,10,sympy:8,1,10,1.0,-0.0,1.0,1,10,0.0,8329,0.0,0.0,0.0,0,0,10,10,1.0,0,0,0,1,0
244,11,sympy:8,1,11,1.0,-0.0,1.0,1,11,0.0,9192,0.0,0.0,0.0,0,0,11,11,1.0,0,0,0,1,0
244,12,sympy:8,1,12,1.0,-0.0,1.0,1,12,0.0,10195,0.0,0.0,0.0,0,0,12,12,1.0,0,0,0,1,0
244,13,sympy:8,1,13,1.0,-0.0,1.0,1,13,0.0,10814,0.0,0.0,0.0,0,0,13,13,1.0,0,0,0,1,0
244,14,sympy:8,1,14,1.0,-0.0,1.0,1,14,0.0,11619,0.0,0.0,0.0,0,0,14,14,1.0,0,0,0,1,0
244,15,sympy:8,1,15,1.0,-0.0,1.0,1,15,0.0,12551,0.0,0.0,0.0,0,0,15,15,1.0,0,0,0,1,0
244,16,sympy:8,1,16,1.0,-0.0,1.0,1,16,0.0,13527,0.0,0.0,0.0,0,0,16,16,1.0,0,0,0,1,0
245,1,sympy:-1*9*x + 2,0,1,1.0,-0.0,1.0,1,1,0.0,1014,0.0,0.0,0.0,0,0,1,1,1.0,1,0,0,1,1
245,2,sympy:-1*9*x + 2,0,2,0.5,0.6931471805599453,0.0,2,2,0.0,2023,-0.5,0.6931471805599453,-1.0,0,0,2,0,0.5,1,0,0,1,1
245,3,sympy:-1*9*x + 2,0,3,0.3333333333333333,1.0986122886681096,0.0,3,3,0.0,2925,-0.16666666666666669,0.4054651081081643,0.0,0,0,3,0,0.3333333333333333,1,0,0,1,1
245,4,sympy:-1*9*x + 2,0,4,0.25,1.3862943611198906,0.0,4,4,0.0,3949,-0.08333333333333331,0.287682072451781,0.0,0,0,4,0,0.0,1,0,0,1,1
245,5,sympy:-1*9*x + 2,0,5,0.2,1.6094379124341005,0.0,5,5,0.0,4973,-0.04999999999999999,0.22314355131420993,0.0,0,0,5,0,0.0,1,0,0,1,1
245,6,sympy:-1*9*x + 2,0,6,0.16666666666666666,1.791759469228055,0.0,6,6,0.0,5830,-0.033333333333333354,0.18232155679395445,0.0,0,0,6,0,0.0,1,0,0,1,1
245,7,sympy:-1*9*x + 2,0,7,0.14285714285714285,1.9459101490553132,0.0,7,7,0.0,6749,-0.023809523809523808,0.15415067982725827,0.0,0,0,7,0,0.0,1,0,0,1,1
245,8,sympy:-1*9*x + 2,0,8,0.125,2.0794415416798357,0.0,8,8,0.0,7673,-0.01785714285714285,0.13353139262452252,0.0,0,0,8,0,0.0,1,0,0,1,1
245,9,sympy:-1*9*x + 2,0,9,0.1111111111111111,2.1972245773362196,0.0,9,9,0.0,8447,-0.013888888888888895,0.11778303565638382,0.0,0,0,9,0,0.0,1,0,0,1,1
245,10,sympy:-1*9*x + 2,0,9,0.1111111111111111,2.1972245773362196,0.0,9,10,0.1,9471,0.0,0.0,0.0,0,0,10,0,0.0,1,0,0,1,1
245,11,sympy:-1*10*x,0,10,0.2,2.1639556568820564,0.1,9,1,0.09090909090909091,10252,0.0888888888888889,-0.03326892045416319,0.1,1,1,10,1,1.0,0,0,0,1,0
245,12,sympy:-1*10*x,0,10,0.2,2.1639556568820564,0.1,9,2,0.16666666666666666,11276,0.0,0.0,0.0,0,1,10,1,1.0,0,0,0,1,0
245,13,sympy:-1*10*x,0,11,0.18181818181818182,2.2718685126965625,0.09090909090909091,10,3,0.15384615384615385,12137,-0.018181818181818188,0.10791285581450616,-0.009090909090909094,0,1,10,1,0.5,0,0,0,1,0
245,14,sympy:-1*10*x,0,12,0.16666666666666666,2.3693821196946763,0.08333333333333333,11,4,0.14285714285714285,13122,-0.015151515151515166,0.09751360699811373,-0.007575757575757583,0,1,10,1,0.0,0,0,0,1,0
245,15,sympy:-1*10*x,0,13,0.15384615384615385,2.4583113296830836,0.07692307692307693,12,5,0.13333333333333333,14146,-0.012820512820512803,0.08892920998840737,-0.006410256410256401,0,1,10,1,0.0,0,0,0,1,0
245,16,sympy:-1*10*x,0,14,0.21428571428571427,2.4036404106149494,0.14285714285714285,12,6,0.125,14984,0.06043956043956042,-0.05467091906813426,0.06593406593406592,0,1,10,2,0.3333333333333333,0,0,0,1,0
246,1,sympy:8,1,1,1.0,-0.0,1.0,1,1,0.0,283,0.0,0.0,0.0,0,0,1,1,1.0,0,0,0,1,0
246,2,sympy:8,1,2,1.0,-0.0,1.0,1,2,0.0,578,0.0,0.0,0.0,0,0,2,2,1.0,0,0,0,1,0
246,3,sympy:8,1,3,0.6666666666666666,0.6365141682948128,0.3333333333333333,2,3,0.0,763,-0.33333333333333337,0.6365141682948128,-0.6666666666666667,0,0,3,1,0.6666666666666666,0,0,0,1,0
246,4,sympy:8,1,4,0.75,0.5623351446188083,0.5,2,4,0.0,1065,0.08333333333333337,-0.07417902367600449,0.16666666666666669,0,0,4,2,0.6666666666666666,0,0,0,1,0
246,5,sympy:8,1,5,0.6,0.9502705392332347,0.4,3,5,0.0,1387,-0.15000000000000002,0.3879353946144264,-0.09999999999999998,0,0,5,2,0.3333333333333333,0,0,0,1,0
246,6,sympy:8,1,6,0.6666666666666666,0.8675632284814612,0.5,3,6,0.0,1572,0.06666666666666665,-0.08270731075177351,0.09999999999999998,0,0,6,3,0.6666666666666666,0,0,0,1,0
246,7,sympy:8,1,7,0.7142857142857143,0.796311640173813,0.5714285714285714,3,7,0.0,1877,0.04761904761904767,-0.07125158830764822,0.0714285714285714,0,0,7,4,0.6666666666666666,0,0,0,1,0
246,8,sympy:8,1,8,0.625,0.9002560512685369,0.375,3,8,0.0,2044,-0.0892857142857143,0.10394441109472397,-0.1964285714285714,0,0,8,3,0.6666666666666666,0,0,0,1,0
246,9,sympy:8,1,9,0.5555555555555556,0.936888307539016,0.2222222222222222,3,9,0.0,2316,-0.06944444444444442,0.03663225627047906,-0.1527777777777778,0,0,9,2,0.3333333333333333,0,0,0,1,0
246,10,sympy:8,1,10,0.5,1.0296530140645737,0.2,3,10,0.0,2544,-0.05555555555555558,0.09276470652555768,-0.0222222222222222,0,0,10,2,0.0,0,0,0,1,0
246,11,sympy:8,1,11,0.45454545454545453,1.0670895187820832,0.18181818181818182,3,11,0.0,2936,-0.04545454545454547,0.03743650471750959,-0.018181818181818188,0,0,11,2,0.0,0,0,0,1,0
246,12,sympy:8,1,12,0.4166666666666667,1.2650013752730702,0.16666666666666666,4,12,0.0,3329,-0.037878787878787845,0.19791185649098697,-0.015151515151515166,0,0,12,2,0.0,0,0,0,1,0
246,13,sympy:8,1,13,0.38461538461538464,1.2658567518727373,0.07692307692307693,4,13,0.0,3439,-0.03205128205128205,0.000855376599667057,-0.08974358974358973,0,0,13,1,0.0,0,0,0,1,0
246,14,sympy:8,1,14,0.35714285714285715,1.4327570529970877,0.07142857142857142,5,14,0.0,3721,-0.027472527472527486,0.1669003011243504,-0.005494505494505503,0,0,14,1,0.0,0,0,0,1,0
246,15,sympy:8,1,15,0.3333333333333333,1.415369135079188,0.0,5,15,0.0,3881,-0.023809523809523836,-0.01738791791789973,-0.07142857142857142,0,0,15,0,0.0,0,0,0,1,0
246,16,sympy:8,1,16,0.375,1.3917397695183338,0.0625,5,16,0.0,4165,0.041666666666666685,-0.023629365560854154,0.0625,0,0,16,1,0.3333333333333333,0,0,0,1,0
247,1,sympy:10/11,1,1,1.0,-0.0,1.0,1,1,0.0,515,0.0,0.0,0.0,0,0,1,1,1.0,0,0,0,1,0
247,2,sympy:10/11,1,2,1.0,-0.0,1.0,1,2,0.0,1030,0.0,0.0,0.0,0,0,2,2,1.0,0,0,0,1,0
247,3,sympy:10/11,1,3,1.0,-0.0,1.0,1,3,0.0,1606,0.0,0.0,0.0,0,0,3,3,1.0,0,0,0,1,0
247,4,sympy:10/11,1,4,1.0,-0.0,1.0,1,4,0.0,2093,0.0,0.0,0.0,0,0,4,4,1.0,0,0,0,1,0
247,5,sympy:10/11,1,5,1.0,-0.0,1.0,1,5,0.0,2548,0.0,0.0,0.0,0,0,5,5,1.0,0,0,0,1,0
247,6,sympy:10/11,1,6,1.0,-0.0,1.0,1,6,0.0,3155,0.0,0.0,0.0,0,0,6,6,1.0,0,0,0,1,0
247,7,sympy:10/11,1,7,1.0,-0.0,1.0,1,7,0.0,3716,0.0,0.0,0.0,0,0,7,7,1.0,0,0,0,1,0
247,8,sympy:10/11,1,8,1.0,-0.0,1.0,1,8,0.0,4212,0.0,0.0,0.0,0,0,8,8,1.0,0,0,0,1,0
247,9,sympy:10/11,1,9,1.0,-0.0,1.0,1,9,0.0,4710,0.0,0.0,0.0,0,0,9,9,1.0,0,0,0,1,0
247,10,sympy:10/11,1,10,1.0,-0.0,1.0,1,10,0.0,5273,0.0,0.0,0.0,0,0,10,10,1.0,0,0,0,1,0
247,11,sympy:10/11,1,11,1.0,-0.0,1.0,1,11,0.0,5834,0.0,0.0,0.0,0,0,11,11,1.0,0,0,0,1,0
247,12,sympy:10/11,1,12,1.0,-0.0,1.0,1,12,0.0,6339,0.0,0.0,0.0,0,0,12,12,1.0,0,0,0,1,0
247,13,sympy:10/11,1,13,1.0,-0.0,1.0,1,13,0.0,6899,0.0,0.0,0.0,0,0,13,13,1.0,0,0,0,1,0
247,14,sympy:10/11,1,14,1.0,-0.0,1.0,1,14,0.0,7407,0.0,0.0,0.0,0,0,14,14,1.0,0,0,0,1,0
247,15,sympy:10/11,1,15,1.0,-0.0,1.0,1,15,0.0,7913,0.0,0.0,0.0,0,0,15,15,1.0,0,0,0,1,0
247,16,sympy:10/11,1,16,1.0,-0.0,1.0,1,16,0.0,8419,0.0,0.0,0.0,0,0,16,16,1.0,0,0,0,1,0
248,1,,0,0,,,,0,0,1.0,1024,0.0,0.0,0.0,0,0,0,0,0.0,0,0,0,1,0
248,2,,0,0,,,,0,0,1.0,2048,0.0,0.0,0.0,0,0,0,0,0.0,0,0,0,1,0
248,3,,0,0,,,,0,0,1.0,3072,0.0,0.0,0.0,0,0,0,0,0.0,0,0,0,1,0
248,4,,0,0,,,,0,0,1.0,4096,0.0,0.0,0.0,0,0,0,0,0.0,0,0,0,1,0
248,5,,0,0,,,,0,0,1.0,5120,0.0,0.0,0.0,0,0,0,0,0.0,0,0,0,1,0
248,6,,0,0,,,,0,0,1.0,6144,0.0,0.0,0.0,0,0,0,0,0.0,0,0,0,1,0
248,7,,0,0,,,,0,0,1.0,7168,0.0,0.0,0.0,0,0,0,0,0.0,0,0,0,1,0
248,8,,0,0,,,,0,0,1.0,8192,0.0,0.0,0.0,0,0,0,0,0.0,0,0,0,1,0
248,9,,0,0,,,,0,0,1.0,9216,0.0,0.0,0.0,0,0,0,0,0.0,0,0,0,1,0
248,10,,0,0,,,,0,0,1.0,10240,0.0,0.0,0.0,0,0,0,0,0.0,0,0,0,1,0
248,11,,0,0,,,,0,0,1.0,11264,0.0,0.0,0.0,0,0,0,0,0.0,0,0,0,1,0
248,12,,0,0,,,,0,0,1.0,12288,0.0,0.0,0.0,0,0,0,0,0.0,0,0,0,1,0
248,13,,0,0,,,,0,0,1.0,13312,0.0,0.0,0.0,0,0,0,0,0.0,0,0,0,1,0
248,14,,0,0,,,,0,0,1.0,14336,0.0,0.0,0.0,0,0,0,0,0.0,0,0,0,1,0
248,15,,0,0,,,,0,0,1.0,15360,0.0,0.0,0.0,0,0,0,0,0.0,0,0,0,1,0
248,16,,0,0,,,,0,0,1.0,16384,0.0,0.0,0.0,0,0,0,0,0.0,0,0,0,1,0
249,1,sympy:14,0,1,1.0,-0.0,1.0,1,1,0.0,1024,0.0,0.0,0.0,0,0,1,1,1.0,1,0,0,1,1
249,2,sympy:14,0,1,1.0,-0.0,1.0,1,2,0.5,2048,0.0,0.0,0.0,0,0,2,1,1.0,1,0,0,1,1
249,3,sympy:14,0,2,0.5,0.6931471805599453,0.0,2,3,0.3333333333333333,2775,-0.5,0.6931471805599453,-1.0,0,0,3,0,0.5,1,0,0,1,1
249,4,sympy:11,0,3,0.6666666666666666,0.6365141682948128,0.3333333333333333,2,1,0.25,3547,0.16666666666666663,-0.05663301226513251,0.3333333333333333,1,1,3,1,1.0,0,0,0,1,0
249,5,sympy:11,0,4,0.5,1.0397207708399179,0.25,3,2,0.2,4066,-0.16666666666666663,0.4032066025451051,-0.08333333333333331,0,1,3,1,0.6666666666666666,0,0,0,1,0
249,6,sympy:11,0,5,0.4,1.0549201679861442,0.0,3,3,0.16666666666666666,5011,-0.09999999999999998,0.015199397146226312,-0.25,0,1,3,0,0.3333333333333333,0,0,0,1,0
249,7,sympy:11,0,6,0.5,1.0114042647073518,0.16666666666666666,3,4,0.14285714285714285,5760,0.09999999999999998,-0.0435159032787924,0.16666666666666666,0,1,4,1,0.3333333333333333,0,0,0,1,0
249,8,sympy:11,0,6,0.5,1.0114042647073518,0.16666666666666666,3,5,0.25,6784,0.0,0.0,0.0,0,1,5,1,0.5,0,0,0,1,0
249,9,sympy:11,0,7,0.5714285714285714,0.9556998911125343,0.2857142857142857,3,6,0.2222222222222222,7547,0.0714285714285714,-0.0557043735948175,0.11904761904761904,0,1,6,2,1.0,0,0,0,1,0
249,10,sympy:11,0,8,0.5,0.9743147528693494,0.125,3,7,0.2,8571,-0.0714285714285714,0.01861486175681515,-0.1607142857142857,0,1,7,1,0.5,0,0,0,1,0
249,11,sympy:11,0,9,0.4444444444444444,1.2148896539491203,0.1111111111111111,4,8,0.18181818181818182,9587,-0.05555555555555558,0.24057490107977086,-0.013888888888888895,0,1,8,1,0.3333333333333333,0,0,0,1,0
249,12,sympy:11,0,10,0.4,1.1935496040981333,0.0,4,9,0.16666666666666666,10416,-0.0444444444444444,-0.02134004985098703,-0.1111111111111111,0,1,9,0,0.0,0,0,0,1,0
249,13,sympy:11,0,11,0.36363636363636365,1.3896811919839047,0.0,5,10,0.15384615384615385,11295,-0.036363636363636376,0.19613158788577145,0.0,0,1,10,0,0.0,0,0,0,1,0
249,14,sympy:11,0,11,0.36363636363636365,1.3896811919839047,0.0,5,11,0.21428571428571427,12319,0.0,0.0,0.0,0,1,11,0,0.0,0,0,0,1,0
249,15,sympy:11,0,12,0.4166666666666667,1.3522093992338282,0.08333333333333333,5,12,0.2,13107,0.05303030303030304,-0.037471792750076505,0.08333333333333333,0,1,12,1,0.5,0,0,0,1,0
249,16,sympy:11,0,13,0.38461538461538464,1.3269201940506903,0.0,5,13,0.1875,13699,-0.03205128205128205,-0.02528920518313793,-0.08333333333333333,0,1,13,0,0.5,0,0,0,1,0
250,1,sympy:13,1,1,1.0,-0.0,1.0,1,1,0.0,619,0.0,0.0,0.0,0,0,1,1,1.0,0,0,0,1,0
250,2,sympy:13,1,2,1.0,-0.0,1.0,1,2,0.0,1237,0.0,0.0,0.0,0,0,2,2,1.0,0,0,0,1,0
250,3,sympy:13,1,3,1.0,-0.0,1.0,1,3,0.0,1863,0.0,0.0,0.0,0,0,3,3,1.0,0,0,0,1,0
250,4,sympy:13,1,4,1.0,-0.0,1.0,1,4,0.0,2559,0.0,0.0,0.0,0,0,4,4,1.0,0,0,0,1,0
250,5,sympy:13,1,5,1.0,-0.0,1.0,1,5,0.0,3210,0.0,0.0,0.0,0,0,5,5,1.0,0,0,0,1,0
250,6,sympy:13,1,6,1.0,-0.0,1.0,1,6,0.0,3835,0.0,0.0,0.0,0,0,6,6,1.0,0,0,0,1,0
250,7,sympy:13,1,7,1.0,-0.0,1.0,1,7,0.0,4394,0.0,0.0,0.0,0,0,7,7,1.0,0,0,0,1,0
250,8,sympy:13,1,8,1.0,-0.0,1.0,1,8,0.0,5012,0.0,0.0,0.0,0,0,8,8,1.0,0,0,0,1,0
250,9,sympy:13,1,9,1.0,-0.0,1.0,1,9,0.0,5606,0.0,0.0,0.0,0,0,9,9,1.0,0,0,0,1,0
250,10,sympy:13,1,10,1.0,-0.0,1.0,1,10,0.0,6137,0.0,0.0,0.0,0,0,10,10,1.0,0,0,0,1,0
250,11,sympy:13,1,11,1.0,-0.0,1.0,1,11,0.0,6824,0.0,0.0,0.0,0,0,11,11,1.0,0,0,0,1,0
250,12,sympy:13,1,12,1.0,-0.0,1.0,1,12,0.0,7499,0.0,0.0,0.0,0,0,12,12,1.0,0,0,0,1,0
250,13,sympy:13,1,13,1.0,-0.0,1.0,1,13,0.0,8033,0.0,0.0,0.0,0,0,13,13,1.0,0,0,0,1,0
250,14,sympy:13,1,14,1.0,-0.0,1.0,1,14,0.0,8684,0.0,0.0,0.0,0,0,14,14,1.0,0,0,0,1,0
250,15,sympy:13,1,15,1.0,-0.0,1.0,1,15,0.0,9248,0.0,0.0,0.0,0,0,15,15,1.0,0,0,0,1,0
250,16,sympy:13,1,16,1.0,-0.0,1.0,1,16,0.0,9915,0.0,0.0,0.0,0,0,16,16,1.0,0,0,0,1,0
251,1,sympy:540,1,1,1.0,-0.0,1.0,1,1,0.0,486,0.0,0.0,0.0,0,0,1,1,1.0,0,0,0,1,0
251,2,sympy:540,1,2,1.0,-0.0,1.0,1,2,0.0,1007,0.0,0.0,0.0,0,0,2,2,1.0,0,0,0,1,0
251,3,sympy:540,1,3,1.0,-0.0,1.0,1,3,0.0,2031,0.0,0.0,0.0,0,0,3,3,1.0,0,0,0,1,0
251,4,sympy:540,1,4,1.0,-0.0,1.0,1,4,0.0,2500,0.0,0.0,0.0,0,0,4,4,1.0,0,0,0,1,0
251,5,sympy:540,1,5,1.0,-0.0,1.0,1,5,0.0,3344,0.0,0.0,0.0,0,0,5,5,1.0,0,0,0,1,0
251,6,sympy:540,1,6,1.0,-0.0,1.0,1,6,0.0,3813,0.0,0.0,0.0,0,0,6,6,1.0,0,0,0,1,0
251,7,sympy:540,1,7,1.0,-0.0,1.0,1,7,0.0,4364,0.0,0.0,0.0,0,0,7,7,1.0,0,0,0,1,0
251,8,sympy:540,1,8,1.0,-0.0,1.0,1,8,0.0,5388,0.0,0.0,0.0,0,0,8,8,1.0,0,0,0,1,0
251,9,sympy:540,1,9,1.0,-0.0,1.0,1,9,0.0,5818,0.0,0.0,0.0,0,0,9,9,1.0,0,0,0,1,0
251,10,sympy:540,1,10,1.0,-0.0,1.0,1,10,0.0,6110,0.0,0.0,0.0,0,0,10,10,1.0,0,0,0,1,0
251,11,sympy:540,1,11,1.0,-0.0,1.0,1,11,0.0,6549,0.0,0.0,0.0,0,0,11,11,1.0,0,0,0,1,0
251,12,sympy:540,1,12,1.0,-0.0,1.0,1,12,0.0,7573,0.0,0.0,0.0,0,0,12,12,1.0,0,0,0,1,0
251,13,sympy:540,1,13,1.0,-0.0,1.0,1,13,0.0,7858,0.0,0.0,0.0,0,0,13,13,1.0,0,0,0,1,0
251,14,sympy:540,1,14,1.0,-0.0,1.0,1,14,0.0,8267,0.0,0.0,0.0,0,0,14,14,1.0,0,0,0,1,0
251,15,sympy:540,1,15,1.0,-0.0,1.0,1,15,0.0,8711,0.0,0.0,0.0,0,0,15,15,1.0,0,0,0,1,0
251,16,sympy:540,1,16,1.0,-0.0,1.0,1,16,0.0,9216,0.0,0.0,0.0,0,0,16,16,1.0,0,0,0,1,0
252,1,sympy:81,1,1,1.0,-0.0,1.0,1,1,0.0,692,0.0,0.0,0.0,0,0,1,1,1.0,0,0,0,1,0
252,2,sympy:81,1,2,1.0,-0.0,1.0,1,2,0.0,1166,0.0,0.0,0.0,0,0,2,2,1.0,0,0,0,1,0
252,3,sympy:81,1,3,1.0,-0.0,1.0,1,3,0.0,1656,0.0,0.0,0.0,0,0,3,3,1.0,0,0,0,1,0
252,4,sympy:81,1,4,1.0,-0.0,1.0,1,4,0.0,2214,0.0,0.0,0.0,0,0,4,4,1.0,0,0,0,1,0
252,5,sympy:81,1,5,1.0,-0.0,1.0,1,5,0.0,2937,0.0,0.0,0.0,0,0,5,5,1.0,0,0,0,1,0
252,6,sympy:81,1,6,1.0,-0.0,1.0,1,6,0.0,3538,0.0,0.0,0.0,0,0,6,6,1.0,0,0,0,1,0
252,7,sympy:81,1,7,1.0,-0.0,1.0,1,7,0.0,3982,0.0,0.0,0.0,0,0,7,7,1.0,0,0,0,1,0
252,8,sympy:81,1,8,1.0,-0.0,1.0,1,8,0.0,4496,0.0,0.0,0.0,0,0,8,8,1.0,0,0,0,1,0
252,9,sympy:81,1,9,1.0,-0.0,1.0,1,9,0.0,4940,0.0,0.0,0.0,0,0,9,9,1.0,0,0,0,1,0
252,10,sympy:81,1,10,1.0,-0.0,1.0,1,10,0.0,5662,0.0,0.0,0.0,0,0,10,10,1.0,0,0,0,1,0
252,11,sympy:81,1,11,1.0,-0.0,1.0,1,11,0.0,6038,0.0,0.0,0.0,0,0,11,11,1.0,0,0,0,1,0
252,12,sympy:81,1,12,1.0,-0.0,1.0,1,12,0.0,6455,0.0,0.0,0.0,0,0,12,12,1.0,0,0,0,1,0
252,13,sympy:81,1,13,1.0,-0.0,1.0,1,13,0.0,6943,0.0,0.0,0.0,0,0,13,13,1.0,0,0,0,1,0
252,14,sympy:81,1,14,1.0,-0.0,1.0,1,14,0.0,7569,0.0,0.0,0.0,0,0,14,14,1.0,0,0,0,1,0
252,15,sympy:81,1,15,1.0,-0.0,1.0,1,15,0.0,8061,0.0,0.0,0.0,0,0,15,15,1.0,0,0,0,1,0
252,16,sympy:81,1,16,1.0,-0.0,1.0,1,16,0.0,8556,0.0,0.0,0.0,0,0,16,16,1.0,0,0,0,1,0
253,1,sympy:1/8,1,1,1.0,-0.0,1.0,1,1,0.0,239,0.0,0.0,0.0,0,0,1,1,1.0,0,0,0,1,0
253,2,sympy:1/8,1,2,1.0,-0.0,1.0,1,2,0.0,494,0.0,0.0,0.0,0,0,2,2,1.0,0,0,0,1,0
253,3,sympy:1/8,1,3,1.0,-0.0,1.0,1,3,0.0,690,0.0,0.0,0.0,0,0,3,3,1.0,0,0,0,1,0
253,4,sympy:1/8,1,4,1.0,-0.0,1.0,1,4,0.0,906,0.0,0.0,0.0,0,0,4,4,1.0,0,0,0,1,0
253,5,sympy:1/8,1,5,1.0,-0.0,1.0,1,5,0.0,1104,0.0,0.0,0.0,0,0,5,5,1.0,0,0,0,1,0
253,6,sympy:1/8,1,6,1.0,-0.0,1.0,1,6,0.0,1354,0.0,0.0,0.0,0,0,6,6,1.0,0,0,0,1,0
253,7,sympy:1/8,1,7,1.0,-0.0,1.0,1,7,0.0,1600,0.0,0.0,0.0,0,0,7,7,1.0,0,0,0,1,0
253,8,sympy:1/8,1,8,1.0,-0.0,1.0,1,8,0.0,1840,0.0,0.0,0.0,0,0,8,8,1.0,0,0,0,1,0
253,9,sympy:1/8,1,9,1.0,-0.0,1.0,1,9,0.0,2056,0.0,0.0,0.0,0,0,9,9,1.0,0,0,0,1,0
253,10,sympy:1/8,1,10,1.0,-0.0,1.0,1,10,0.0,2273,0.0,0.0,0.0,0,0,10,10,1.0,0,0,0,1,0
253,11,sympy:1/8,1,11,1.0,-0.0,1.0,1,11,0.0,2518,0.0,0.0,0.0,0,0,11,11,1.0,0,0,0,1,0
253,12,sympy:1/8,1,12,1.0,-0.0,1.0,1,12,0.0,2717,0.0,0.0,0.0,0,0,12,12,1.0,0,0,0,1,0
253,13,sympy:1/8,1,13,1.0,-0.0,1.0,1,13,0.0,2952,0.0,0.0,0.0,0,0,13,13,1.0,0,0,0,1,0
253,14,sympy:1/8,1,14,1.0,-0.0,1.0,1,14,0.0,3156,0.0,0.0,0.0,0,0,14,14,1.0,0,0,0,1,0
253,15,sympy:1/8,1,15,1.0,-0.0,1.0,1,15,0.0,3374,0.0,0.0,0.0,0,0,15,15,1.0,0,0,0,1,0
253,16,sympy:1/8,1,16,1.0,-0.0,1.0,1,16,0.0,3614,0.0,0.0,0.0,0,0,16,16,1.0,0,0,0,1,0
254,1,sympy:28,1,1,1.0,-0.0,1.0,1,1,0.0,507,0.0,0.0,0.0,0,0,1,1,1.0,0,0,0,1,0
254,2,sympy:28,1,2,1.0,-0.0,1.0,1,2,0.0,893,0.0,0.0,0.0,0,0,2,2,1.0,0,0,0,1,0
254,3,sympy:28,1,3,1.0,-0.0,1.0,1,3,0.0,1275,0.0,0.0,0.0,0,0,3,3,1.0,0,0,0,1,0
254,4,sympy:28,1,4,1.0,-0.0,1.0,1,4,0.0,1702,0.0,0.0,0.0,0,0,4,4,1.0,0,0,0,1,0
254,5,sympy:28,1,5,1.0,-0.0,1.0,1,5,0.0,2091,0.0,0.0,0.0,0,0,5,5,1.0,0,0,0,1,0
254,6,sympy:28,1,6,1.0,-0.0,1.0,1,6,0.0,2483,0.0,0.0,0.0,0,0,6,6,1.0,0,0,0,1,0
254,7,sympy:28,1,7,1.0,-0.0,1.0,1,7,0.0,2864,0.0,0.0,0.0,0,0,7,7,1.0,0,0,0,1,0
254,8,sympy:28,1,8,1.0,-0.0,1.0,1,8,0.0,3297,0.0,0.0,0.0,0,0,8,8,1.0,0,0,0,1,0
254,9,sympy:28,1,9,1.0,-0.0,1.0,1,9,0.0,3730,0.0,0.0,0.0,0,0,9,9,1.0,0,0,0,1,0
254,10,sympy:28,1,10,1.0,-0.0,1.0,1,10,0.0,4106,0.0,0.0,0.0,0,0,10,10,1.0,0,0,0,1,0
254,11,sympy:28,1,11,1.0,-0.0,1.0,1,11,0.0,4479,0.0,0.0,0.0,0,0,11,11,1.0,0,0,0,1,0
254,12,sympy:28,1,12,1.0,-0.0,1.0,1,12,0.0,4842,0.0,0.0,0.0,0,0,12,12,1.0,0,0,0,1,0
254,13,sympy:28,1,13,1.0,-0.0,1.0,1,13,0.0,5285,0.0,0.0,0.0,0,0,13,13,1.0,0,0,0,1,0
254,14,sympy:28,1,14,1.0,-0.0,1.0,1,14,0.0,5647,0.0,0.0,0.0,0,0,14,14,1.0,0,0,0,1,0
254,15,sympy:28,1,15,1.0,-0.0,1.0,1,15,0.0,6066,0.0,0.0,0.0,0,0,15,15,1.0,0,0,0,1,0
254,16,sympy:28,1,16,1.0,-0.0,1.0,1,16,0.0,6449,0.0,0.0,0.0,0,0,16,16,1.0,0,0,0,1,0
255,1,sympy:e,1,1,1.0,-0.0,1.0,1,1,0.0,298,0.0,0.0,0.0,0,0,1,1,1.0,0,0,0,1,0
255,2,sympy:e,1,2,1.0,-0.0,1.0,1,2,0.0,711,0.0,0.0,0.0,0,0,2,2,1.0,0,0,0,1,0
255,3,sympy:e,1,3,1.0,-0.0,1.0,1,3,0.0,1024,0.0,0.0,0.0,0,0,3,3,1.0,0,0,0,1,0
255,4,sympy:e,1,4,1.0,-0.0,1.0,1,4,0.0,1400,0.0,0.0,0.0,0,0,4,4,1.0,0,0,0,1,0
255,5,sympy:e,1,5,1.0,-0.0,1.0,1,5,0.0,1701,0.0,0.0,0.0,0,0,5,5,1.0,0,0,0,1,0
255,6,sympy:e,1,6,1.0,-0.0,1.0,1,6,0.0,1955,0.0,0.0,0.0,0,0,6,6,1.0,0,0,0,1,0
255,7,sympy:e,1,7,1.0,-0.0,1.0,1,7,0.0,2397,0.0,0.0,0.0,0,0,7,7,1.0,0,0,0,1,0
255,8,sympy:e,1,8,1.0,-0.0,1.0,1,8,0.0,3087,0.0,0.0,0.0,0,0,8,8,1.0,0,0,0,1,0
255,9,sympy:e,1,9,1.0,-0.0,1.0,1,9,0.0,3416,0.0,0.0,0.0,0,0,9,9,1.0,0,0,0,1,0
255,10,sympy:e,1,10,1.0,-0.0,1.0,1,10,0.0,3820,0.0,0.0,0.0,0,0,10,10,1.0,0,0,0,1,0
255,11,sympy:e,1,11,1.0,-0.0,1.0,1,11,0.0,4196,0.0,0.0,0.0,0,0,11,11,1.0,0,0,0,1,0
255,12,sympy:e,1,12,1.0,-0.0,1.0,1,12,0.0,4569,0.0,0.0,0.0,0,0,12,12,1.0,0,0,0,1,0
255,13,sympy:e,1,13,1.0,-0.0,1.0,1,13,0.0,4877,0.0,0.0,0.0,0,0,13,13,1.0,0,0,0,1,0
255,14,sympy:e,1,14,1.0,-0.0,1.0,1,14,0.0,5269,0.0,0.0,0.0,0,0,14,14,1.0,0,0,0,1,0
255,15,sympy:e,1,15,1.0,-0.0,1.0,1,15,0.0,5626,0.0,0.0,0.0,0,0,15,15,1.0,0,0,0,1,0
255,16,sympy:e,1,16,1.0,-0.0,1.0,1,16,0.0,6009,0.0,0.0,0.0,0,0,16,16,1.0,0,0,0,1,0
256,1,sympy:8/21,1,1,1.0,-0.0,1.0,1,1,0.0,394,0.0,0.0,0.0,0,0,1,1,1.0,0,0,0,1,0
256,2,sympy:8/21,1,2,1.0,-0.0,1.0,1,2,0.0,826,0.0,0.0,0.0,0,0,2,2,1.0,0,0,0,1,0
256,3,sympy:8/21,1,3,1.0,-0.0,1.0,1,3,0.0,1172,0.0,0.0,0.0,0,0,3,3,1.0,0,0,0,1,0
256,4,sympy:8/21,1,4,1.0,-0.0,1.0,1,4,0.0,1600,0.0,0.0,0.0,0,0,4,4,1.0,0,0,0,1,0
256,5,sympy:8/21,1,5,1.0,-0.0,1.0,1,5,0.0,2029,0.0,0.0,0.0,0,0,5,5,1.0,0,0,0,1,0
256,6,sympy:8/21,1,6,1.0,-0.0,1.0,1,6,0.0,2420,0.0,0.0,0.0,0,0,6,6,1.0,0,0,0,1,0
256,7,sympy:8/21,1,7,1.0,-0.0,1.0,1,7,0.0,2798,0.0,0.0,0.0,0,0,7,7,1.0,0,0,0,1,0
256,8,sympy:8/21,1,8,1.0,-0.0,1.0,1,8,0.0,3202,0.0,0.0,0.0,0,0,8,8,1.0,0,0,0,1,0
256,9,sympy:8/21,1,9,1.0,-0.0,1.0,1,9,0.0,3597,0.0,0.0,0.0,0,0,9,9,1.0,0,0,0,1,0
256,10,sympy:8/21,1,10,1.0,-0.0,1.0,1,10,0.0,3996,0.0,0.0,0.0,0,0,10,10,1.0,0,0,0,1,0
256,11,sympy:8/21,1,11,1.0,-0.0,1.0,1,11,0.0,4403,0.0,0.0,0.0,0,0,11,11,1.0,0,0,0,1,0
256,12,sympy:8/21,1,12,1.0,-0.0,1.0,1,12,0.0,4761,0.0,0.0,0.0,0,0,12,12,1.0,0,0,0,1,0
256,13,sympy:8/21,1,13,1.0,-0.0,1.0,1,13,0.0,5086,0.0,0.0,0.0,0,0,13,13,1.0,0,0,0,1,0
256,14,sympy:8/21,1,14,1.0,-0.0,1.0,1,14,0.0,5485,0.0,0.0,0.0,0,0,14,14,1.0,0,0,0,1,0
256,15,sympy:8/21,1,15,1.0,-0.0,1.0,1,15,0.0,5838,0.0,0.0,0.0,0,0,15,15,1.0,0,0,0,1,0
256,16,sympy:8/21,1,16,1.0,-0.0,1.0,1,16,0.0,6343,0.0,0.0,0.0,0,0,16,16,1.0,0,0,0,1,0
257,1,sympy:864,1,1,1.0,-0.0,1.0,1,1,0.0,363,0.0,0.0,0.0,0,0,1,1,1.0,0,0,0,1,0
257,2,sympy:864,1,2,1.0,-0.0,1.0,1,2,0.0,680,0.0,0.0,0.0,0,0,2,2,1.0,0,0,0,1,0
257,3,sympy:864,1,3,1.0,-0.0,1.0,1,3,0.0,1059,0.0,0.0,0.0,0,0,3,3,1.0,0,0,0,1,0
257,4,sympy:864,1,4,1.0,-0.0,1.0,1,4,0.0,1407,0.0,0.0,0.0,0,0,4,4,1.0,0,0,0,1,0
257,5,sympy:864,1,5,1.0,-0.0,1.0,1,5,0.0,1738,0.0,0.0,0.0,0,0,5,5,1.0,0,0,0,1,0
257,6,sympy:864,1,6,1.0,-0.0,1.0,1,6,0.0,2079,0.0,0.0,0.0,0,0,6,6,1.0,0,0,0,1,0
257,7,sympy:864,1,7,1.0,-0.0,1.0,1,7,0.0,2379,0.0,0.0,0.0,0,0,7,7,1.0,0,0,0,1,0
257,8,sympy:864,1,8,1.0,-0.0,1.0,1,8,0.0,2768,0.0,0.0,0.0,0,0,8,8,1.0,0,0,0,1,0
257,9,sympy:864,1,9,1.0,-0.0,1.0,1,9,0.0,3214,0.0,0.0,0.0,0,0,9,9,1.0,0,0,0,1,0
257,10,sympy:864,1,10,1.0,-0.0,1.0,1,10,0.0,3638,0.0,0.0,0.0,0,0,10,10,1.0,0,0,0,1,0
257,11,sympy:864,1,11,1.0,-0.0,1.0,1,11,0.0,4036,0.0,0.0,0.0,0,0,11,11,1.0,0,0,0,1,0
257,12,sympy:864,1,12,1.0,-0.0,1.0,1,12,0.0,4446,0.0,0.0,0.0,0,0,12,12,1.0,0,0,0,1,0
257,13,sympy:864,1,13,1.0,-0.0,1.0,1,13,0.0,4733,0.0,0.0,0.0,0,0,13,13,1.0,0,0,0,1,0
257,14,sympy:864,1,14,1.0,-0.0,1.0,1,14,0.0,5077,0.0,0.0,0.0,0,0,14,14,1.0,0,0,0,1,0
257,15,sympy:864,1,15,1.0,-0.0,1.0,1,15,0.0,5423,0.0,0.0,0.0,0,0,15,15,1.0,0,0,0,1,0
257,16,sympy:864,1,16,1.0,-0.0,1.0,1,16,0.0,5755,0.0,0.0,0.0,0,0,16,16,1.0,0,0,0,1,0
258,1,sympy:16,1,1,1.0,-0.0,1.0,1,1,0.0,506,0.0,0.0,0.0,0,0,1,1,1.0,0,0,0,1,0
258,2,sympy:16,1,2,1.0,-0.0,1.0,1,2,0.0,894,0.0,0.0,0.0,0,0,2,2,1.0,0,0,0,1,0
258,3,sympy:16,1,3,1.0,-0.0,1.0,1,3,0.0,1376,0.0,0.0,0.0,0,0,3,3,1.0,0,0,0,1,0
258,4,sympy:16,1,4,1.0,-0.0,1.0,1,4,0.0,1867,0.0,0.0,0.0,0,0,4,4,1.0,0,0,0,1,0
258,5,sympy:16,1,5,1.0,-0.0,1.0,1,5,0.0,2453,0.0,0.0,0.0,0,0,5,5,1.0,0,0,0,1,0
258,6,sympy:16,1,6,1.0,-0.0,1.0,1,6,0.0,2949,0.0,0.0,0.0,0,0,6,6,1.0,0,0,0,1,0
258,7,sympy:16,1,7,1.0,-0.0,1.0,1,7,0.0,3519,0.0,0.0,0.0,0,0,7,7,1.0,0,0,0,1,0
258,8,sympy:16,1,8,1.0,-0.0,1.0,1,8,0.0,3980,0.0,0.0,0.0,0,0,8,8,1.0,0,0,0,1,0
258,9,sympy:16,1,9,1.0,-0.0,1.0,1,9,0.0,4476,0.0,0.0,0.0,0,0,9,9,1.0,0,0,0,1,0
258,10,sympy:16,1,10,1.0,-0.0,1.0,1,10,0.0,4966,0.0,0.0,0.0,0,0,10,10,1.0,0,0,0,1,0
258,11,sympy:16,1,11,1.0,-0.0,1.0,1,11,0.0,5469,0.0,0.0,0.0,0,0,11,11,1.0,0,0,0,1,0
258,12,sympy:16,1,12,1.0,-0.0,1.0,1,12,0.0,5870,0.0,0.0,0.0,0,0,12,12,1.0,0,0,0,1,0
258,13,sympy:16,1,13,1.0,-0.0,1.0,1,13,0.0,6408,0.0,0.0,0.0,0,0,13,13,1.0,0,0,0,1,0
258,14,sympy:16,1,14,1.0,-0.0,1.0,1,14,0.0,6931,0.0,0.0,0.0,0,0,14,14,1.0,0,0,0,1,0
258,15,sympy:16,1,15,1.0,-0.0,1.0,1,15,0.0,7422,0.0,0.0,0.0,0,0,15,15,1.0,0,0,0,1,0
258,16,sympy:16,1,16,1.0,-0.0,1.0,1,16,0.0,7929,0.0,0.0,0.0,0,0,16,16,1.0,0,0,0,1,0
259,1,sympy:22,1,1,1.0,-0.0,1.0,1,1,0.0,271,0.0,0.0,0.0,0,0,1,1,1.0,0,0,0,1,0
259,2,sympy:22,1,2,1.0,-0.0,1.0,1,2,0.0,548,0.0,0.0,0.0,0,0,2,2,1.0,0,0,0,1,0
259,3,sympy:22,1,3,1.0,-0.0,1.0,1,3,0.0,850,0.0,0.0,0.0,0,0,3,3,1.0,0,0,0,1,0
259,4,sympy:22,1,4,1.0,-0.0,1.0,1,4,0.0,1127,0.0,0.0,0.0,0,0,4,4,1.0,0,0,0,1,0
259,5,sympy:22,1,5,1.0,-0.0,1.0,1,5,0.0,1437,0.0,0.0,0.0,0,0,5,5,1.0,0,0,0,1,0
259,6,sympy:22,1,6,1.0,-0.0,1.0,1,6,0.0,1743,0.0,0.0,0.0,0,0,6,6,1.0,0,0,0,1,0
259,7,sympy:22,1,7,1.0,-0.0,1.0,1,7,0.0,2023,0.0,0.0,0.0,0,0,7,7,1.0,0,0,0,1,0
259,8,sympy:22,1,8,1.0,-0.0,1.0,1,8,0.0,2309,0.0,0.0,0.0,0,0,8,8,1.0,0,0,0,1,0
259,9,sympy:22,1,9,1.0,-0.0,1.0,1,9,0.0,2622,0.0,0.0,0.0,0,0,9,9,1.0,0,0,0,1,0
259,10,sympy:22,1,10,1.0,-0.0,1.0,1,10,0.0,2891,0.0,0.0,0.0,0,0,10,10,1.0,0,0,0,1,0
259,11,sympy:22,1,11,1.0,-0.0,1.0,1,11,0.0,3193,0.0,0.0,0.0,0,0,11,11,1.0,0,0,0,1,0
259,12,sympy:22,1,12,1.0,-0.0,1.0,1,12,0.0,3496,0.0,0.0,0.0,0,0,12,12,1.0,0,0,0,1,0
259,13,sympy:22,1,13,1.0,-0.0,1.0,1,13,0.0,3765,0.0,0.0,0.0,0,0,13,13,1.0,0,0,0,1,0
259,14,sympy:22,1,14,1.0,-0.0,1.0,1,14,0.0,4145,0.0,0.0,0.0,0,0,14,14,1.0,0,0,0,1,0
259,15,sympy:22,1,15,1.0,-0.0,1.0,1,15,0.0,4469,0.0,0.0,0.0,0,0,15,15,1.0,0,0,0,1,0
259,16,sympy:22,1,16,1.0,-0.0,1.0,1,16,0.0,4748,0.0,0.0,0.0,0,0,16,16,1.0,0,0,0,1,0
260,1,sympy:120,1,1,1.0,-0.0,1.0,1,1,0.0,586,0.0,0.0,0.0,0,0,1,1,1.0,0,0,0,1,0
260,2,sympy:120,1,2,1.0,-0.0,1.0,1,2,0.0,1160,0.0,0.0,0.0,0,0,2,2,1.0,0,0,0,1,0
260,3,sympy:120,1,3,1.0,-0.0,1.0,1,3,0.0,1820,0.0,0.0,0.0,0,0,3,3,1.0,0,0,0,1,0
260,4,sympy:120,1,4,1.0,-0.0,1.0,1,4,0.0,2444,0.0,0.0,0.0,0,0,4,4,1.0,0,0,0,1,0
260,5,sympy:120,1,5,1.0,-0.0,1.0,1,5,0.0,2996,0.0,0.0,0.0,0,0,5,5,1.0,0,0,0,1,0
260,6,sympy:120,1,6,1.0,-0.0,1.0,1,6,0.0,3547,0.0,0.0,0.0,0,0,6,6,1.0,0,0,0,1,0
260,7,sympy:120,1,7,1.0,-0.0,1.0,1,7,0.0,4158,0.0,0.0,0.0,0,0,7,7,1.0,0,0,0,1,0
260,8,sympy:120,1,8,1.0,-0.0,1.0,1,8,0.0,4784,0.0,0.0,0.0,0,0,8,8,1.0,0,0,0,1,0
260,9,sympy:120,1,9,1.0,-0.0,1.0,1,9,0.0,5473,0.0,0.0,0.0,0,0,9,9,1.0,0,0,0,1,0
260,10,sympy:120,1,10,1.0,-0.0,1.0,1,10,0.0,6023,0.0,0.0,0.0,0,0,10,10,1.0,0,0,0,1,0
260,11,sympy:120,1,11,1.0,-0.0,1.0,1,11,0.0,6616,0.0,0.0,0.0,0,0,11,11,1.0,0,0,0,1,0
260,12,sympy:120,1,12,1.0,-0.0,1.0,1,12,0.0,7200,0.0,0.0,0.0,0,0,12,12,1.0,0,0,0,1,0
260,13,sympy:120,1,13,1.0,-0.0,1.0,1,13,0.0,7845,0.0,0.0,0.0,0,0,13,13,1.0,0,0,0,1,0
260,14,sympy:120,1,14,1.0,-0.0,1.0,1,14,0.0,8393,0.0,0.0,0.0,0,0,14,14,1.0,0,0,0,1,0
260,15,sympy:120,1,15,1.0,-0.0,1.0,1,15,0.0,9029,0.0,0.0,0.0,0,0,15,15,1.0,0,0,0,1,0
260,16,sympy:120,1,16,1.0,-0.0,1.0,1,16,0.0,9585,0.0,0.0,0.0,0,0,16,16,1.0,0,0,0,1,0
261,1,sympy:76,1,1,1.0,-0.0,1.0,1,1,0.0,407,0.0,0.0,0.0,0,0,1,1,1.0,0,0,0,1,0
261,2,sympy:76,1,2,1.0,-0.0,1.0,1,2,0.0,774,0.0,0.0,0.0,0,0,2,2,1.0,0,0,0,1,0
261,3,sympy:76,1,3,1.0,-0.0,1.0,1,3,0.0,1094,0.0,0.0,0.0,0,0,3,3,1.0,0,0,0,1,0
261,4,sympy:76,1,4,1.0,-0.0,1.0,1,4,0.0,1489,0.0,0.0,0.0,0,0,4,4,1.0,0,0,0,1,0
261,5,sympy:76,1,5,1.0,-0.0,1.0,1,5,0.0,1783,0.0,0.0,0.0,0,0,5,5,1.0,0,0,0,1,0
261,6,sympy:76,1,6,1.0,-0.0,1.0,1,6,0.0,2095,0.0,0.0,0.0,0,0,6,6,1.0,0,0,0,1,0
261,7,sympy:76,1,7,1.0,-0.0,1.0,1,7,0.0,2481,0.0,0.0,0.0,0,0,7,7,1.0,0,0,0,1,0
261,8,sympy:76,1,8,1.0,-0.0,1.0,1,8,0.0,2781,0.0,0.0,0.0,0,0,8,8,1.0,0,0,0,1,0
261,9,sympy:76,1,9,1.0,-0.0,1.0,1,9,0.0,3125,0.0,0.0,0.0,0,0,9,9,1.0,0,0,0,1,0
261,10,sympy:76,1,10,1.0,-0.0,1.0,1,10,0.0,3517,0.0,0.0,0.0,0,0,10,10,1.0,0,0,0,1,0
261,11,sympy:76,1,11,1.0,-0.0,1.0,1,11,0.0,3881,0.0,0.0,0.0,0,0,11,11,1.0,0,0,0,1,0
261,12,sympy:76,1,12,1.0,-0.0,1.0,1,12,0.0,4225,0.0,0.0,0.0,0,0,12,12,1.0,0,0,0,1,0
261,13,sympy:76,1,13,1.0,-0.0,1.0,1,13,0.0,4667,0.0,0.0,0.0,0,0,13,13,1.0,0,0,0,1,0
261,14,sympy:76,1,14,1.0,-0.0,1.0,1,14,0.0,4971,0.0,0.0,0.0,0,0,14,14,1.0,0,0,0,1,0
261,15,sympy:76,1,15,1.0,-0.0,1.0,1,15,0.0,5346,0.0,0.0,0.0,0,0,15,15,1.0,0,0,0,1,0
261,16,sympy:76,1,16,1.0,-0.0,1.0,1,16,0.0,5734,0.0,0.0,0.0,0,0,16,16,1.0,0,0,0,1,0
262,1,sympy:4,1,1,1.0,-0.0,1.0,1,1,0.0,260,0.0,0.0,0.0,0,0,1,1,1.0,0,0,0,1,0
262,2,sympy:4,1,2,1.0,-0.0,1.0,1,2,0.0,469,0.0,0.0,0.0,0,0,2,2,1.0,0,0,0,1,0
262,3,sympy:4,1,3,1.0,-0.0,1.0,1,3,0.0,720,0.0,0.0,0.0,0,0,3,3,1.0,0,0,0,1,0
262,4,sympy:4,1,4,1.0,-0.0,1.0,1,4,0.0,915,0.0,0.0,0.0,0,0,4,4,1.0,0,0,0,1,0
262,5,sympy:4,1,5,1.0,-0.0,1.0,1,5,0.0,1158,0.0,0.0,0.0,0,0,5,5,1.0,0,0,0,1,0
262,6,sympy:4,1,6,1.0,-0.0,1.0,1,6,0.0,1407,0.0,0.0,0.0,0,0,6,6,1.0,0,0,0,1,0
262,7,sympy:4,1,7,1.0,-0.0,1.0,1,7,0.0,1648,0.0,0.0,0.0,0,0,7,7,1.0,0,0,0,1,0
262,8,sympy:4,1,8,1.0,-0.0,1.0,1,8,0.0,1898,0.0,0.0,0.0,0,0,8,8,1.0,0,0,0,1,0
262,9,sympy:4,1,9,1.0,-0.0,1.0,1,9,0.0,2154,0.0,0.0,0.0,0,0,9,9,1.0,0,0,0,1,0
262,10,sympy:4,1,10,1.0,-0.0,1.0,1,10,0.0,2393,0.0,0.0,0.0,0,0,10,10,1.0,0,0,0,1,0
262,11,sympy:4,1,11,1.0,-0.0,1.0,1,11,0.0,2647,0.0,0.0,0.0,0,0,11,11,1.0,0,0,0,1,0
262,12,sympy:4,1,12,1.0,-0.0,1.0,1,12,0.0,2901,0.0,0.0,0.0,0,0,12,12,1.0,0,0,0,1,0
262,13,sympy:4,1,13,1.0,-0.0,1.0,1,13,0.0,3145,0.0,0.0,0.0,0,0,13,13,1.0,0,0,0,1,0
262,14,sympy:4,1,14,1.0,-0.0,1.0,1,14,0.0,3399,0.0,0.0,0.0,0,0,14,14,1.0,0,0,0,1,0
262,15,sympy:4,1,15,1.0,-0.0,1.0,1,15,0.0,3644,0.0,0.0,0.0,0,0,15,15,1.0,0,0,0,1,0
262,16,sympy:4,1,16,1.0,-0.0,1.0,1,16,0.0,3900,0.0,0.0,0.0,0,0,16,16,1.0,0,0,0,1,0
263,1,sympy:15,1,1,1.0,-0.0,1.0,1,1,0.0,344,0.0,0.0,0.0,0,0,1,1,1.0,0,0,0,1,0
263,2,sympy:15,1,2,1.0,-0.0,1.0,1,2,0.0,709,0.0,0.0,0.0,0,0,2,2,1.0,0,0,0,1,0
263,3,sympy:15,1,3,1.0,-0.0,1.0,1,3,0.0,1080,0.0,0.0,0.0,0,0,3,3,1.0,0,0,0,1,0
263,4,sympy:15,1,4,1.0,-0.0,1.0,1,4,0.0,1529,0.0,0.0,0.0,0,0,4,4,1.0,0,0,0,1,0
263,5,sympy:15,1,5,1.0,-0.0,1.0,1,5,0.0,1891,0.0,0.0,0.0,0,0,5,5,1.0,0,0,0,1,0
263,6,sympy:15,1,6,1.0,-0.0,1.0,1,6,0.0,2266,0.0,0.0,0.0,0,0,6,6,1.0,0,0,0,1,0
263,7,sympy:15,1,7,1.0,-0.0,1.0,1,7,0.0,2639,0.0,0.0,0.0,0,0,7,7,1.0,0,0,0,1,0
263,8,sympy:15,1,8,1.0,-0.0,1.0,1,8,0.0,2994,0.0,0.0,0.0,0,0,8,8,1.0,0,0,0,1,0
263,9,sympy:15,1,9,1.0,-0.0,1.0,1,9,0.0,3355,0.0,0.0,0.0,0,0,9,9,1.0,0,0,0,1,0
263,10,sympy:15,1,10,1.0,-0.0,1.0,1,10,0.0,3708,0.0,0.0,0.0,0,0,10,10,1.0,0,0,0,1,0
263,11,sympy:15,1,11,1.0,-0.0,1.0,1,11,0.0,4074,0.0,0.0,0.0,0,0,11,11,1.0,0,0,0,1,0
263,12,sympy:15,1,12,1.0,-0.0,1.0,1,12,0.0,4497,0.0,0.0,0.0,0,0,12,12,1.0,0,0,0,1,0
263,13,sympy:15,1,13,1.0,-0.0,1.0,1,13,0.0,4862,0.0,0.0,0.0,0,0,13,13,1.0,0,0,0,1,0
263,14,sympy:15,1,14,1.0,-0.0,1.0,1,14,0.0,5227,0.0,0.0,0.0,0,0,14,14,1.0,0,0,0,1,0
263,15,sympy:15,1,15,1.0,-0.0,1.0,1,15,0.0,5702,0.0,0.0,0.0,0,0,15,15,1.0,0,0,0,1,0
263,16,sympy:15,1,16,1.0,-0.0,1.0,1,16,0.0,6081,0.0,0.0,0.0,0,0,16,16,1.0,0,0,0,1,0
264,1,sympy:5,0,1,1.0,-0.0,1.0,1,1,0.0,654,0.0,0.0,0.0,0,0,1,1,1.0,0,0,0,1,0
264,2,sympy:5,0,2,1.0,-0.0,1.0,1,2,0.0,1088,0.0,0.0,0.0,0,0,2,2,1.0,0,0,0,1,0
264,3,sympy:5,0,3,0.6666666666666666,0.6365141682948128,0.3333333333333333,2,3,0.0,1701,-0.33333333333333337,0.6365141682948128,-0.6666666666666667,0,0,3,1,0.6666666666666666,0,0,0,1,0
264,4,sympy:5,0,4,0.5,1.0397207708399179,0.25,3,4,0.0,2463,-0.16666666666666663,0.4032066025451051,-0.08333333333333331,0,0,4,1,0.3333333333333333,0,0,0,1,0
264,5,sympy:5,0,5,0.4,1.3321790402101223,0.2,4,5,0.0,2906,-0.09999999999999998,0.29245826937020447,-0.04999999999999999,0,0,5,1,0.0,0,0,0,1,0
264,6,sympy:5,0,5,0.4,1.3321790402101223,0.2,4,6,0.16666666666666666,3930,0.0,0.0,0.0,0,0,6,1,0.0,0,0,0,1,0
264,7,sympy:5,0,6,0.5,1.242453324894,0.3333333333333333,4,7,0.14285714285714285,4567,0.09999999999999998,-0.08972571531612239,0.1333333333333333,0,0,7,2,0.5,0,0,0,1,0
264,8,sympy:5,0,7,0.42857142857142855,1.4750763110546947,0.2857142857142857,5,8,0.125,5528,-0.07142857142857145,0.23262298616069477,-0.047619047619047616,0,0,8,2,0.5,0,0,0,1,0
264,9,sympy:5,0,8,0.375,1.6674619334292946,0.25,6,9,0.1111111111111111,6552,-0.05357142857142855,0.19238562237459989,-0.0357142857142857,0,0,9,2,0.3333333333333333,0,0,0,1,0
264,10,sympy:5,0,9,0.4444444444444444,1.5810937501718236,0.3333333333333333,6,10,0.1,6926,0.06944444444444442,-0.08636818325747098,0.08333333333333331,0,0,10,3,0.3333333333333333,0,0,0,1,0
264,11,sympy:5,0,10,0.4,1.6094379124341003,0.2,6,11,0.09090909090909091,7640,-0.0444444444444444,0.02834416226227665,-0.1333333333333333,0,0,11,2,0.3333333333333333,0,0,0,1,0
264,12,sympy:5,0,11,0.36363636363636365,1.5941666991180168,0.09090909090909091,6,12,0.08333333333333333,8361,-0.036363636363636376,-0.015271213316083498,-0.1090909090909091,0,0,12,1,0.3333333333333333,0,0,0,1,0
264,13,sympy:5,0,12,0.3333333333333333,1.6326309271543518,0.08333333333333333,6,13,0.07692307692307693,8881,-0.03030303030303033,0.03846422803633498,-0.007575757575757583,0,0,13,1,0.0,0,0,0,1,0
264,14,sympy:5,0,13,0.3076923076923077,1.7782333057997075,0.07692307692307693,7,14,0.07142857142857142,9709,-0.025641025641025605,0.14560237864535575,-0.006410256410256401,0,0,14,1,0.0,0,0,0,1,0
264,15,sympy:5,0,14,0.2857142857142857,1.7721393884375285,0.07142857142857142,7,15,0.06666666666666667,10140,-0.02197802197802201,-0.006093917362179013,-0.005494505494505503,0,0,15,1,0.0,0,0,0,1,0
264,16,sympy:5,0,15,0.26666666666666666,1.8989267893363286,0.06666666666666667,8,16,0.0625,11164,-0.019047619047619035,0.12678740089880014,-0.004761904761904759,0,0,16,1,0.0,0,0,0,1,0
265,1,sympy:4005,1,1,1.0,-0.0,1.0,1,1,0.0,208,0.0,0.0,0.0,0,0,1,1,1.0,0,0,0,1,0
265,2,sympy:4005,1,2,1.0,-0.0,1.0,1,2,0.0,435,0.0,0.0,0.0,0,0,2,2,1.0,0,0,0,1,0
265,3,sympy:4005,1,3,1.0,-0.0,1.0,1,3,0.0,701,0.0,0.0,0.0,0,0,3,3,1.0,0,0,0,1,0
265,4,sympy:4005,1,4,1.0,-0.0,1.0,1,4,0.0,947,0.0,0.0,0.0,0,0,4,4,1.0,0,0,0,1,0
265,5,sympy:4005,1,5,1.0,-0.0,1.0,1,5,0.0,1214,0.0,0.0,0.0,0,0,5,5,1.0,0,0,0,1,0
265,6,sympy:4005,1,6,1.0,-0.0,1.0,1,6,0.0,1545,0.0,0.0,0.0,0,0,6,6,1.0,0,0,0,1,0
265,7,sympy:4005,1,7,1.0,-0.0,1.0,1,7,0.0,1869,0.0,0.0,0.0,0,0,7,7,1.0,0,0,0,1,0
265,8,sympy:4005,1,8,1.0,-0.0,1.0,1,8,0.0,2192,0.0,0.0,0.0,0,0,8,8,1.0,0,0,0,1,0
265,9,sympy:4005,1,9,1.0,-0.0,1.0,1,9,0.0,2458,0.0,0.0,0.0,0,0,9,9,1.0,0,0,0,1,0
265,10,sympy:4005,1,10,1.0,-0.0,1.0,1,10,0.0,2766,0.0,0.0,0.0,0,0,10,10,1.0,0,0,0,1,0
265,11,sympy:4005,1,11,1.0,-0.0,1.0,1,11,0.0,3072,0.0,0.0,0.0,0,0,11,11,1.0,0,0,0,1,0
265,12,sympy:4005,1,12,1.0,-0.0,1.0,1,12,0.0,3290,0.0,0.0,0.0,0,0,12,12,1.0,0,0,0,1,0
265,13,sympy:4005,1,13,1.0,-0.0,1.0,1,13,0.0,3508,0.0,0.0,0.0,0,0,13,13,1.0,0,0,0,1,0
265,14,sympy:4005,1,14,1.0,-0.0,1.0,1,14,0.0,3840,0.0,0.0,0.0,0,0,14,14,1.0,0,0,0,1,0
265,15,sympy:4005,1,15,1.0,-0.0,1.0,1,15,0.0,4177,0.0,0.0,0.0,0,0,15,15,1.0,0,0,0,1,0
265,16,sympy:4005,1,16,1.0,-0.0,1.0,1,16,0.0,4389,0.0,0.0,0.0,0,0,16,16,1.0,0,0,0,1,0
266,1,parsed:**,0,1,1.0,-0.0,1.0,1,1,0.0,517,0.0,0.0,0.0,0,0,1,1,1.0,1,1,0,0,1
266,2,parsed:**,0,2,1.0,-0.0,1.0,1,2,0.0,921,0.0,0.0,0.0,0,0,2,2,1.0,1,1,0,0,1
266,3,parsed:**,0,3,0.6666666666666666,0.6365141682948128,0.3333333333333333,2,3,0.0,1343,-0.33333333333333337,0.6365141682948128,-0.6666666666666667,0,0,3,1,0.6666666666666666,1,1,0,0,1
266,4,parsed:**,0,4,0.5,0.6931471805599453,0.0,2,4,0.0,1804,-0.16666666666666663,0.05663301226513251,-0.3333333333333333,0,0,4,0,0.3333333333333333,1,1,0,0,1
266,5,sympy:33/100,1,5,0.6,0.6730116670092565,0.2,2,1,0.0,2328,0.09999999999999998,-0.020135513550688766,0.2,1,1,4,1,1.0,0,0,0,1,0
266,6,parsed:**,0,6,0.5,0.6931471805599453,0.0,2,1,0.0,2761,-0.09999999999999998,0.020135513550688766,-0.2,1,2,4,0,0.3333333333333333,1,1,0,0,1
266,7,sympy:33/100,1,7,0.5714285714285714,0.6829081047004717,0.14285714285714285,2,1,0.0,3289,0.0714285714285714,-0.01023907585947359,0.14285714285714285,1,3,4,1,0.6666666666666666,0,0,0,1,0
266,8,sympy:33/100,1,8,0.625,0.6615632381579821,0.25,2,2,0.0,3724,0.0535714285714286,-0.02134486654248957,0.10714285714285715,0,3,4,2,0.6666666666666666,0,0,0,1,0
266,9,sympy:33/100,1,9,0.5555555555555556,0.6869615765973234,0.1111111111111111,2,3,0.0,4161,-0.06944444444444442,0.02539833843934125,-0.1388888888888889,0,3,4,1,0.6666666666666666,0,0,0,1,0
266,10,parsed:**,0,10,0.5,0.6931471805599453,0.0,2,1,0.0,4711,-0.05555555555555558,0.006185603962621911,-0.1111111111111111,1,4,4,0,0.6666666666666666,1,1,0,0,1
266,11,parsed:**,0,11,0.5454545454545454,0.6890092384766586,0.09090909090909091,2,2,0.0,5294,0.045454545454545414,-0.004137942083286661,0.09090909090909091,0,4,4,1,1.0,1,1,0,0,1
266,12,parsed:**,0,12,0.5,0.6931471805599453,0.0,2,3,0.0,5701,-0.045454545454545414,0.004137942083286661,-0.09090909090909091,0,4,4,0,0.6666666666666666,1,1,0,0,1
266,13,sympy:33/100,1,13,0.5384615384615384,0.6901856760188042,0.07692307692307693,2,1,0.0,6272,0.038461538461538436,-0.00296150454114108,0.07692307692307693,1,5,4,1,0.6666666666666666,0,0,0,1,0
266,14,sympy:33/100,1,14,0.5714285714285714,0.6829081047004717,0.14285714285714285,2,2,0.0,6745,0.03296703296703296,-0.00727757131833251,0.06593406593406592,0,5,4,2,1.0,0,0,0,1,0
266,15,sympy:33/100,1,15,0.6,0.6730116670092565,0.2,2,3,0.0,7196,0.02857142857142858,-0.009896437691215176,0.05714285714285716,0,5,4,3,1.0,0,0,0,1,0
266,16,sympy:33/100,1,16,0.5625,0.6853142072764582,0.125,2,4,0.0,7702,-0.03749999999999998,0.012302540267201678,-0.07500000000000001,0,5,4,2,0.6666666666666666,0,0,0,1,0
267,1,sympy:90,0,1,1.0,-0.0,1.0,1,1,0.0,1024,0.0,0.0,0.0,0,0,1,1,1.0,1,1,0,0,1
267,2,sympy:90,0,2,0.5,0.6931471805599453,0.0,2,2,0.0,1556,-0.5,0.6931471805599453,-1.0,0,0,2,0,0.5,1,1,0,0,1
267,3,sympy:90,0,3,0.3333333333333333,1.0986122886681096,0.0,3,3,0.0,2531,-0.16666666666666669,0.4054651081081643,0.0,0,0,3,0,0.3333333333333333,1,1,0,0,1
267,4,sympy:90,0,4,0.5,1.0397207708399179,0.25,3,4,0.0,2865,0.16666666666666669,-0.058891517828191686,0.25,0,0,4,1,0.3333333333333333,1,1,0,0,1
267,5,sympy:90,0,5,0.4,1.0549201679861442,0.0,3,5,0.0,3445,-0.09999999999999998,0.015199397146226312,-0.25,0,0,5,0,0.3333333333333333,1,1,0,0,1
267,6,sympy:180,1,6,0.5,1.0114042647073518,0.16666666666666666,3,1,0.0,4158,0.09999999999999998,-0.0435159032787924,0.16666666666666666,1,1,5,1,0.6666666666666666,0,0,0,1,0
267,7,sympy:180,1,7,0.5714285714285714,0.9556998911125343,0.2857142857142857,3,2,0.0,4870,0.0714285714285714,-0.0557043735948175,0.11904761904761904,0,1,5,2,1.0,0,0,0,1,0
267,8,sympy:180,1,8,0.625,0.9002560512685369,0.375,3,3,0.0,5276,0.0535714285714286,-0.05544383984399737,0.0892857142857143,0,1,5,3,1.0,0,0,0,1,0
267,9,sympy:180,1,9,0.6666666666666666,0.8486855577264172,0.4444444444444444,3,4,0.0,5831,0.04166666666666663,-0.05157049354211973,0.06944444444444442,0,1,5,4,1.0,0,0,0,1,0
267,10,sympy:180,1,10,0.7,0.8018185525433373,0.5,3,5,0.0,6509,0.033333333333333326,-0.046867005183079846,0.05555555555555558,0,1,5,5,1.0,0,0,0,1,0
267,11,sympy:180,1,11,0.7272727272727273,0.7595473914748635,0.5454545454545454,3,6,0.0,7344,0.027272727272727337,-0.04227116106847384,0.045454545454545414,0,1,6,6,1.0,0,0,0,1,0
267,12,sympy:180,1,12,0.75,0.7214636866925115,0.5833333333333334,3,7,0.0,7897,0.022727272727272707,-0.03808370478235201,0.037878787878787956,0,1,7,7,1.0,0,0,0,1,0
267,13,sympy:180,1,13,0.7692307692307693,0.6870920273799715,0.6153846153846154,3,8,0.0,8426,0.019230769230769273,-0.03437165931253994,0.03205128205128205,0,1,8,8,1.0,0,0,0,1,0
267,14,sympy:180,1,14,0.7142857142857143,0.7589367727620596,0.5,3,9,0.0,8860,-0.05494505494505497,0.07184474538208807,-0.11538461538461542,0,1,9,7,0.6666666666666666,0,0,0,1,0
267,15,sympy:180,1,15,0.7333333333333333,0.7298712099831165,0.5333333333333333,3,10,0.0,9562,0.01904761904761898,-0.02906556277894312,0.033333333333333326,0,1,10,8,0.6666666666666666,0,0,0,1,0
267,16,sympy:180,1,16,0.75,0.7029189307735104,0.5625,3,11,0.0,10164,0.01666666666666672,-0.026952279209606078,0.029166666666666674,0,1,11,9,0.6666666666666666,0,0,0,1,0
268,1,sympy:1,1,1,1.0,-0.0,1.0,1,1,0.0,239,0.0,0.0,0.0,0,0,1,1,1.0,0,0,0,1,0
268,2,sympy:1,1,2,1.0,-0.0,1.0,1,2,0.0,558,0.0,0.0,0.0,0,0,2,2,1.0,0,0,0,1,0
268,3,sympy:1,1,3,1.0,-0.0,1.0,1,3,0.0,795,0.0,0.0,0.0,0,0,3,3,1.0,0,0,0,1,0
268,4,sympy:1,1,4,1.0,-0.0,1.0,1,4,0.0,1066,0.0,0.0,0.0,0,0,4,4,1.0,0,0,0,1,0
268,5,sympy:1,1,5,1.0,-0.0,1.0,1,5,0.0,1309,0.0,0.0,0.0,0,0,5,5,1.0,0,0,0,1,0
268,6,sympy:1,1,6,1.0,-0.0,1.0,1,6,0.0,1567,0.0,0.0,0.0,0,0,6,6,1.0,0,0,0,1,0
268,7,sympy:1,1,7,1.0,-0.0,1.0,1,7,0.0,1835,0.0,0.0,0.0,0,0,7,7,1.0,0,0,0,1,0
268,8,sympy:1,1,8,1.0,-0.0,1.0,1,8,0.0,2049,0.0,0.0,0.0,0,0,8,8,1.0,0,0,0,1,0
268,9,sympy:1,1,9,1.0,-0.0,1.0,1,9,0.0,2321,0.0,0.0,0.0,0,0,9,9,1.0,0,0,0,1,0
268,10,sympy:1,1,10,1.0,-0.0,1.0,1,10,0.0,2573,0.0,0.0,0.0,0,0,10,10,1.0,0,0,0,1,0
268,11,sympy:1,1,11,1.0,-0.0,1.0,1,11,0.0,2812,0.0,0.0,0.0,0,0,11,11,1.0,0,0,0,1,0
268,12,sympy:1,1,12,1.0,-0.0,1.0,1,12,0.0,3104,0.0,0.0,0.0,0,0,12,12,1.0,0,0,0,1,0
268,13,sympy:1,1,13,1.0,-0.0,1.0,1,13,0.0,3390,0.0,0.0,0.0,0,0,13,13,1.0,0,0,0,1,0
268,14,sympy:1,1,14,1.0,-0.0,1.0,1,14,0.0,3613,0.0,0.0,0.0,0,0,14,14,1.0,0,0,0,1,0
268,15,sympy:1,1,15,1.0,-0.0,1.0,1,15,0.0,3892,0.0,0.0,0.0,0,0,15,15,1.0,0,0,0,1,0
268,16,sympy:1,1,16,1.0,-0.0,1.0,1,16,0.0,4127,0.0,0.0,0.0,0,0,16,16,1.0,0,0,0,1,0
269,1,sympy:6,1,1,1.0,-0.0,1.0,1,1,0.0,361,0.0,0.0,0.0,0,0,1,1,1.0,0,0,0,1,0
269,2,sympy:6,1,2,1.0,-0.0,1.0,1,2,0.0,1385,0.0,0.0,0.0,0,0,2,2,1.0,0,0,0,1,0
269,3,sympy:6,1,3,1.0,-0.0,1.0,1,3,0.0,2409,0.0,0.0,0.0,0,0,3,3,1.0,0,0,0,1,0
269,4,sympy:6,1,4,1.0,-0.0,1.0,1,4,0.0,2729,0.0,0.0,0.0,0,0,4,4,1.0,0,0,0,1,0
269,5,sympy:6,1,5,1.0,-0.0,1.0,1,5,0.0,3096,0.0,0.0,0.0,0,0,5,5,1.0,0,0,0,1,0
269,6,sympy:6,1,6,1.0,-0.0,1.0,1,6,0.0,3431,0.0,0.0,0.0,0,0,6,6,1.0,0,0,0,1,0
269,7,sympy:6,1,7,1.0,-0.0,1.0,1,7,0.0,3778,0.0,0.0,0.0,0,0,7,7,1.0,0,0,0,1,0
269,8,sympy:6,1,8,1.0,-0.0,1.0,1,8,0.0,4181,0.0,0.0,0.0,0,0,8,8,1.0,0,0,0,1,0
269,9,sympy:6,1,9,1.0,-0.0,1.0,1,9,0.0,4489,0.0,0.0,0.0,0,0,9,9,1.0,0,0,0,1,0
269,10,sympy:6,1,10,1.0,-0.0,1.0,1,10,0.0,4892,0.0,0.0,0.0,0,0,10,10,1.0,0,0,0,1,0
269,11,sympy:6,1,11,1.0,-0.0,1.0,1,11,0.0,5250,0.0,0.0,0.0,0,0,11,11,1.0,0,0,0,1,0
269,12,sympy:6,1,12,1.0,-0.0,1.0,1,12,0.0,6274,0.0,0.0,0.0,0,0,12,12,1.0,0,0,0,1,0
269,13,sympy:6,1,13,1.0,-0.0,1.0,1,13,0.0,6590,0.0,0.0,0.0,0,0,13,13,1.0,0,0,0,1,0
269,14,sympy:6,1,14,1.0,-0.0,1.0,1,14,0.0,6992,0.0,0.0,0.0,0,0,14,14,1.0,0,0,0,1,0
269,15,sympy:6,1,15,1.0,-0.0,1.0,1,15,0.0,7405,0.0,0.0,0.0,0,0,15,15,1.0,0,0,0,1,0
269,16,sympy:6,1,16,1.0,-0.0,1.0,1,16,0.0,7821,0.0,0.0,0.0,0,0,16,16,1.0,0,0,0,1,0
270,1,sympy:10,1,1,1.0,-0.0,1.0,1,1,0.0,371,0.0,0.0,0.0,0,0,1,1,1.0,0,0,0,1,0
270,2,sympy:10,1,2,1.0,-0.0,1.0,1,2,0.0,728,0.0,0.0,0.0,0,0,2,2,1.0,0,0,0,1,0
270,3,sympy:10,1,3,1.0,-0.0,1.0,1,3,0.0,1024,0.0,0.0,0.0,0,0,3,3,1.0,0,0,0,1,0
270,4,sympy:10,1,4,1.0,-0.0,1.0,1,4,0.0,1391,0.0,0.0,0.0,0,0,4,4,1.0,0,0,0,1,0
270,5,sympy:10,1,5,1.0,-0.0,1.0,1,5,0.0,1709,0.0,0.0,0.0,0,0,5,5,1.0,0,0,0,1,0
270,6,sympy:10,1,6,1.0,-0.0,1.0,1,6,0.0,2027,0.0,0.0,0.0,0,0,6,6,1.0,0,0,0,1,0
270,7,sympy:10,1,7,1.0,-0.0,1.0,1,7,0.0,2355,0.0,0.0,0.0,0,0,7,7,1.0,0,0,0,1,0
270,8,sympy:10,1,8,1.0,-0.0,1.0,1,8,0.0,2758,0.0,0.0,0.0,0,0,8,8,1.0,0,0,0,1,0
270,9,sympy:10,1,9,1.0,-0.0,1.0,1,9,0.0,3156,0.0,0.0,0.0,0,0,9,9,1.0,0,0,0,1,0
270,10,sympy:10,1,10,1.0,-0.0,1.0,1,10,0.0,3540,0.0,0.0,0.0,0,0,10,10,1.0,0,0,0,1,0
270,11,sympy:10,1,11,1.0,-0.0,1.0,1,11,0.0,3902,0.0,0.0,0.0,0,0,11,11,1.0,0,0,0,1,0
270,12,sympy:10,1,12,1.0,-0.0,1.0,1,12,0.0,4313,0.0,0.0,0.0,0,0,12,12,1.0,0,0,0,1,0
270,13,sympy:10,1,13,1.0,-0.0,1.0,1,13,0.0,4612,0.0,0.0,0.0,0,0,13,13,1.0,0,0,0,1,0
270,14,sympy:10,1,14,1.0,-0.0,1.0,1,14,0.0,4931,0.0,0.0,0.0,0,0,14,14,1.0,0,0,0,1,0
270,15,sympy:10,1,15,1.0,-0.0,1.0,1,15,0.0,5345,0.0,0.0,0.0,0,0,15,15,1.0,0,0,0,1,0
270,16,sympy:10,1,16,1.0,-0.0,1.0,1,16,0.0,5722,0.0,0.0,0.0,0,0,16,16,1.0,0,0,0,1,0
271,1,sympy:333,1,1,1.0,-0.0,1.0,1,1,0.0,511,0.0,0.0,0.0,0,0,1,1,1.0,0,0,0,1,0
271,2,sympy:333,1,2,1.0,-0.0,1.0,1,2,0.0,1004,0.0,0.0,0.0,0,0,2,2,1.0,0,0,0,1,0
271,3,sympy:333,1,3,1.0,-0.0,1.0,1,3,0.0,1484,0.0,0.0,0.0,0,0,3,3,1.0,0,0,0,1,0
271,4,sympy:333,1,4,1.0,-0.0,1.0,1,4,0.0,2030,0.0,0.0,0.0,0,0,4,4,1.0,0,0,0,1,0
271,5,sympy:333,1,5,1.0,-0.0,1.0,1,5,0.0,2734,0.0,0.0,0.0,0,0,5,5,1.0,0,0,0,1,0
271,6,sympy:333,1,6,1.0,-0.0,1.0,1,6,0.0,3212,0.0,0.0,0.0,0,0,6,6,1.0,0,0,0,1,0
271,7,sympy:333,1,7,1.0,-0.0,1.0,1,7,0.0,3717,0.0,0.0,0.0,0,0,7,7,1.0,0,0,0,1,0
271,8,sympy:333,1,8,1.0,-0.0,1.0,1,8,0.0,4233,0.0,0.0,0.0,0,0,8,8,1.0,0,0,0,1,0
271,9,sympy:333,1,9,1.0,-0.0,1.0,1,9,0.0,4711,0.0,0.0,0.0,0,0,9,9,1.0,0,0,0,1,0
271,10,sympy:333,1,10,1.0,-0.0,1.0,1,10,0.0,5197,0.0,0.0,0.0,0,0,10,10,1.0,0,0,0,1,0
271,11,sympy:333,1,11,1.0,-0.0,1.0,1,11,0.0,5706,0.0,0.0,0.0,0,0,11,11,1.0,0,0,0,1,0
271,12,sympy:333,1,12,1.0,-0.0,1.0,1,12,0.0,6174,0.0,0.0,0.0,0,0,12,12,1.0,0,0,0,1,0
271,13,sympy:333,1,13,1.0,-0.0,1.0,1,13,0.0,6661,0.0,0.0,0.0,0,0,13,13,1.0,0,0,0,1,0
271,14,sympy:333,1,14,1.0,-0.0,1.0,1,14,0.0,7252,0.0,0.0,0.0,0,0,14,14,1.0,0,0,0,1,0
271,15,sympy:333,1,15,1.0,-0.0,1.0,1,15,0.0,7734,0.0,0.0,0.0,0,0,15,15,1.0,0,0,0,1,0
271,16,sympy:333,1,16,1.0,-0.0,1.0,1,16,0.0,8217,0.0,0.0,0.0,0,0,16,16,1.0,0,0,0,1,0
272,1,sympy:1030,1,1,1.0,-0.0,1.0,1,1,0.0,650,0.0,0.0,0.0,0,0,1,1,1.0,0,0,0,1,0
272,2,sympy:1030,1,2,1.0,-0.0,1.0,1,2,0.0,1584,0.0,0.0,0.0,0,0,2,2,1.0,0,0,0,1,0
272,3,sympy:1030,1,3,1.0,-0.0,1.0,1,3,0.0,2265,0.0,0.0,0.0,0,0,3,3,1.0,0,0,0,1,0
272,4,sympy:1030,1,4,0.75,0.5623351446188083,0.5,2,4,0.0,2956,-0.25,0.5623351446188083,-0.5,0,0,4,2,0.6666666666666666,0,0,0,1,0
272,5,sympy:1030,1,5,0.6,0.6730116670092565,0.2,2,5,0.0,3684,-0.15000000000000002,0.11067652239044823,-0.3,0,0,5,1,0.3333333333333333,0,0,0,1,0
272,6,sympy:1030,1,6,0.5,0.6931471805599453,0.0,2,6,0.0,4273,-0.09999999999999998,0.020135513550688766,-0.2,0,0,6,0,0.0,0,0,0,1,0
272,7,sympy:1030,1,7,0.42857142857142855,1.0042424730540764,0.0,3,7,0.0,5255,-0.07142857142857145,0.31109529249413115,0.0,0,0,7,0,0.0,0,0,0,1,0
272,8,sympy:92,0,8,0.5,0.9743147528693494,0.125,3,1,0.0,5917,0.07142857142857145,-0.029927720184727002,0.125,1,1,7,1,0.6666666666666666,1,1,0,0,1
272,9,sympy:1030,1,9,0.4444444444444444,0.9649629230074277,0.0,3,1,0.0,6598,-0.05555555555555558,-0.009351829861921734,-0.125,1,2,7,0,0.3333333333333333,0,0,0,1,0
272,10,sympy:1030,1,10,0.5,0.9433483923290392,0.1,3,2,0.0,7337,0.05555555555555558,-0.021614530678388477,0.1,0,2,7,1,0.6666666666666666,0,0,0,1,0
272,11,sympy:1030,1,11,0.5454545454545454,0.9164648855394713,0.18181818181818182,3,3,0.0,8033,0.045454545454545414,-0.026883506789567968,0.08181818181818182,0,2,7,2,1.0,0,0,0,1,0
272,12,sympy:1030,1,12,0.5833333333333334,0.887694275799104,0.25,3,4,0.0,8670,0.037878787878787956,-0.02877060974036727,0.06818181818181818,0,2,7,3,1.0,0,0,0,1,0
272,13,sympy:1030,1,13,0.6153846153846154,0.8587409130062869,0.3076923076923077,3,5,0.0,9358,0.03205128205128205,-0.028953362792817128,0.05769230769230771,0,2,7,4,1.0,0,0,0,1,0
272,14,sympy:1030,1,14,0.6428571428571429,0.8304717124362917,0.35714285714285715,3,6,0.0,10029,0.027472527472527486,-0.028269200569995157,0.04945054945054944,0,2,7,5,1.0,0,0,0,1,0
272,15,sympy:1030,1,15,0.6,0.8532361505557784,0.26666666666666666,3,7,0.0,10625,-0.04285714285714293,0.022764438119486696,-0.09047619047619049,0,2,7,4,0.6666666666666666,0,0,0,1,0
272,16,sympy:1030,1,16,0.625,0.8305236914828463,0.3125,3,8,0.0,11355,0.025000000000000022,-0.022712459072932067,0.04583333333333334,0,2,8,5,0.6666666666666666,0,0,0,1,0
273,1,sympy:1250,1,1,1.0,-0.0,1.0,1,1,0.0,347,0.0,0.0,0.0,0,0,1,1,1.0,0,0,0,1,0
273,2,sympy:1250,1,2,1.0,-0.0,1.0,1,2,0.0,687,0.0,0.0,0.0,0,0,2,2,1.0,0,0,0,1,0
273,3,sympy:1250,1,3,1.0,-0.0,1.0,1,3,0.0,1032,0.0,0.0,0.0,0,0,3,3,1.0,0,0,0,1,0
273,4,sympy:1250,1,4,1.0,-0.0,1.0,1,4,0.0,1386,0.0,0.0,0.0,0,0,4,4,1.0,0,0,0,1,0
273,5,sympy:1250,1,5,1.0,-0.0,1.0,1,5,0.0,1680,0.0,0.0,0.0,0,0,5,5,1.0,0,0,0,1,0
273,6,sympy:1250,1,6,1.0,-0.0,1.0,1,6,0.0,2006,0.0,0.0,0.0,0,0,6,6,1.0,0,0,0,1,0
273,7,sympy:1250,1,7,1.0,-0.0,1.0,1,7,0.0,2355,0.0,0.0,0.0,0,0,7,7,1.0,0,0,0,1,0
273,8,sympy:1250,1,8,1.0,-0.0,1.0,1,8,0.0,2677,0.0,0.0,0.0,0,0,8,8,1.0,0,0,0,1,0
273,9,sympy:1250,1,9,1.0,-0.0,1.0,1,9,0.0,3002,0.0,0.0,0.0,0,0,9,9,1.0,0,0,0,1,0
273,10,sympy:1250,1,10,1.0,-0.0,1.0,1,10,0.0,3296,0.0,0.0,0.0,0,0,10,10,1.0,0,0,0,1,0
273,11,sympy:1250,1,11,1.0,-0.0,1.0,1,11,0.0,3635,0.0,0.0,0.0,0,0,11,11,1.0,0,0,0,1,0
273,12,sympy:1250,1,12,1.0,-0.0,1.0,1,12,0.0,3972,0.0,0.0,0.0,0,0,12,12,1.0,0,0,0,1,0
273,13,sympy:1250,1,13,1.0,-0.0,1.0,1,13,0.0,4323,0.0,0.0,0.0,0,0,13,13,1.0,0,0,0,1,0
273,14,sympy:1250,1,14,1.0,-0.0,1.0,1,14,0.0,4617,0.0,0.0,0.0,0,0,14,14,1.0,0,0,0,1,0
273,15,sympy:1250,1,15,1.0,-0.0,1.0,1,15,0.0,4919,0.0,0.0,0.0,0,0,15,15,1.0,0,0,0,1,0
273,16,sympy:1250,1,16,1.0,-0.0,1.0,1,16,0.0,5268,0.0,0.0,0.0,0,0,16,16,1.0,0,0,0,1,0
274,1,sympy:18,0,1,1.0,-0.0,1.0,1,1,0.0,350,0.0,0.0,0.0,0,0,1,1,1.0,1,0,0,1,1
274,2,sympy:18,0,2,0.5,0.6931471805599453,0.0,2,2,0.0,752,-0.5,0.6931471805599453,-1.0,0,0,2,0,0.5,1,0,0,1,1
274,3,sympy:18,0,3,0.6666666666666666,0.6365141682948128,0.3333333333333333,2,3,0.0,1052,0.16666666666666663,-0.05663301226513251,0.3333333333333333,0,0,3,1,0.6666666666666666,1,0,0,1,1
274,4,sympy:18,0,4,0.5,0.6931471805599453,0.0,2,4,0.0,1339,-0.16666666666666663,0.05663301226513251,-0.3333333333333333,0,0,4,0,0.3333333333333333,1,0,0,1,1
274,5,sympy:18,0,5,0.6,0.6730116670092565,0.2,2,5,0.0,1607,0.09999999999999998,-0.020135513550688766,0.2,0,0,5,1,0.6666666666666666,1,0,0,1,1
274,6,sympy:18,0,6,0.5,1.0114042647073518,0.16666666666666666,3,6,0.0,2184,-0.09999999999999998,0.33839259769809527,-0.033333333333333354,0,0,6,1,0.3333333333333333,1,0,0,1,1
274,7,sympy:18,0,7,0.42857142857142855,1.0042424730540764,0.0,3,7,0.0,2462,-0.07142857142857145,-0.007161791653275351,-0.16666666666666666,0,0,7,0,0.3333333333333333,1,0,0,1,1
274,8,sympy:36,0,8,0.5,0.9743147528693494,0.125,3,1,0.0,2797,0.07142857142857145,-0.029927720184727002,0.125,1,1,7,1,0.6666666666666666,0,0,0,1,0
274,9,sympy:36,0,9,0.5555555555555556,0.936888307539016,0.2222222222222222,3,2,0.0,3200,0.05555555555555558,-0.03742644533033346,0.09722222222222221,0,1,7,2,1.0,0,0,0,1,0
274,10,sympy:36,0,10,0.5,1.1682824501765625,0.2,4,3,0.0,3623,-0.05555555555555558,0.23139414263754654,-0.0222222222222222,0,1,7,2,0.6666666666666666,0,0,0,1,0
274,11,sympy:36,0,11,0.5454545454545454,1.1209503926735833,0.2727272727272727,4,4,0.0,3936,0.045454545454545414,-0.0473320575029792,0.0727272727272727,0,1,7,3,0.6666666666666666,0,0,0,1,0
274,12,sympy:36,0,12,0.5,1.3143738430069454,0.25,5,5,0.0,4377,-0.045454545454545414,0.19342345033336206,-0.022727272727272707,0,1,7,3,0.3333333333333333,0,0,0,1,0
274,13,sympy:36,0,13,0.46153846153846156,1.3114313374732374,0.15384615384615385,5,6,0.0,4733,-0.038461538461538436,-0.0029425055337080064,-0.09615384615384615,0,1,7,2,0.3333333333333333,0,0,0,1,0
274,14,sympy:36,0,14,0.42857142857142855,1.475076311054695,0.14285714285714285,6,7,0.0,5072,-0.032967032967033016,0.16364497358145758,-0.010989010989011005,0,1,7,2,0.0,0,0,0,1,0
274,15,sympy:36,0,15,0.4,1.454867109266288,0.06666666666666667,6,8,0.0,5319,-0.028571428571428525,-0.020209201788407016,-0.07619047619047618,0,1,8,1,0.0,0,0,0,1,0
274,16,sympy:36,0,16,0.4375,1.4183036843924253,0.125,6,9,0.0,5600,0.03749999999999998,-0.03656342487386266,0.058333333333333334,0,1,9,2,0.3333333333333333,0,0,0,1,0
275,1,sympy:7,1,1,1.0,-0.0,1.0,1,1,0.0,246,0.0,0.0,0.0,0,0,1,1,1.0,0,0,0,1,0
275,2,sympy:7,1,2,1.0,-0.0,1.0,1,2,0.0,564,0.0,0.0,0.0,0,0,2,2,1.0,0,0,0,1,0
275,3,sympy:7,1,3,1.0,-0.0,1.0,1,3,0.0,833,0.0,0.0,0.0,0,0,3,3,1.0,0,0,0,1,0
275,4,sympy:7,1,4,1.0,-0.0,1.0,1,4,0.0,1105,0.0,0.0,0.0,0,0,4,4,1.0,0,0,0,1,0
275,5,sympy:7,1,5,1.0,-0.0,1.0,1,5,0.0,1390,0.0,0.0,0.0,0,0,5,5,1.0,0,0,0,1,0
275,6,sympy:7,1,6,1.0,-0.0,1.0,1,6,0.0,1697,0.0,0.0,0.0,0,0,6,6,1.0,0,0,0,1,0
275,7,sympy:7,1,7,1.0,-0.0,1.0,1,7,0.0,2001,0.0,0.0,0.0,0,0,7,7,1.0,0,0,0,1,0
275,8,sympy:7,1,8,1.0,-0.0,1.0,1,8,0.0,2307,0.0,0.0,0.0,0,0,8,8,1.0,0,0,0,1,0
275,9,sympy:7,1,9,1.0,-0.0,1.0,1,9,0.0,2614,0.0,0.0,0.0,0,0,9,9,1.0,0,0,0,1,0
275,10,sympy:7,1,10,1.0,-0.0,1.0,1,10,0.0,2914,0.0,0.0,0.0,0,0,10,10,1.0,0,0,0,1,0
275,11,sympy:7,1,11,1.0,-0.0,1.0,1,11,0.0,3198,0.0,0.0,0.0,0,0,11,11,1.0,0,0,0,1,0
275,12,sympy:7,1,12,1.0,-0.0,1.0,1,12,0.0,3467,0.0,0.0,0.0,0,0,12,12,1.0,0,0,0,1,0
275,13,sympy:7,1,13,1.0,-0.0,1.0,1,13,0.0,3774,0.0,0.0,0.0,0,0,13,13,1.0,0,0,0,1,0
275,14,sympy:7,1,14,1.0,-0.0,1.0,1,14,0.0,3993,0.0,0.0,0.0,0,0,14,14,1.0,0,0,0,1,0
275,15,sympy:7,1,15,1.0,-0.0,1.0,1,15,0.0,4266,0.0,0.0,0.0,0,0,15,15,1.0,0,0,0,1,0
275,16,sympy:7,1,16,1.0,-0.0,1.0,1,16,0.0,4512,0.0,0.0,0.0,0,0,16,16,1.0,0,0,0,1,0
276,1,sympy:11,1,1,1.0,-0.0,1.0,1,1,0.0,442,0.0,0.0,0.0,0,0,1,1,1.0,0,0,0,1,0
276,2,sympy:11,1,2,1.0,-0.0,1.0,1,2,0.0,853,0.0,0.0,0.0,0,0,2,2,1.0,0,0,0,1,0
276,3,sympy:11,1,3,0.6666666666666666,0.6365141682948128,0.3333333333333333,2,3,0.0,1243,-0.33333333333333337,0.6365141682948128,-0.6666666666666667,0,0,3,1,0.6666666666666666,0,0,0,1,0
276,4,sympy:11,1,4,0.75,0.5623351446188083,0.5,2,4,0.0,1635,0.08333333333333337,-0.07417902367600449,0.16666666666666669,0,0,4,2,0.6666666666666666,0,0,0,1,0
276,5,sympy:11,1,5,0.6,0.6730116670092565,0.2,2,5,0.0,2659,-0.15000000000000002,0.11067652239044823,-0.3,0,0,5,1,0.3333333333333333,0,0,0,1,0
276,6,sympy:11,1,6,0.5,0.6931471805599453,0.0,2,6,0.0,3262,-0.09999999999999998,0.020135513550688766,-0.2,0,0,6,0,0.3333333333333333,0,0,0,1,0
276,7,sympy:11,1,7,0.5714285714285714,0.6829081047004717,0.14285714285714285,2,7,0.0,3681,0.0714285714285714,-0.01023907585947359,0.14285714285714285,0,0,7,1,0.3333333333333333,0,0,0,1,0
276,8,sympy:11,1,8,0.625,0.6615632381579821,0.25,2,8,0.0,4411,0.0535714285714286,-0.02134486654248957,0.10714285714285715,0,0,8,2,0.6666666666666666,0,0,0,1,0
276,9,sympy:11,1,9,0.6666666666666666,0.6365141682948128,0.3333333333333333,2,9,0.0,4954,0.04166666666666663,-0.02504906986316935,0.08333333333333331,0,0,9,3,1.0,0,0,0,1,0
276,10,sympy:11,1,10,0.7,0.6108643020548935,0.4,2,10,0.0,5302,0.033333333333333326,-0.025649866239919272,0.06666666666666671,0,0,10,4,1.0,0,0,0,1,0
276,11,sympy:11,1,11,0.7272727272727273,0.5859526183035508,0.45454545454545453,2,11,0.0,5704,0.027272727272727337,-0.024911683751342673,0.05454545454545451,0,0,11,5,1.0,0,0,0,1,0
276,12,sympy:11,1,12,0.75,0.5623351446188083,0.5,2,12,0.0,6200,0.022727272727272707,-0.02361747368474254,0.04545454545454547,0,0,12,6,1.0,0,0,0,1,0
276,13,sympy:11,1,13,0.7692307692307693,0.5402041423888608,0.5384615384615384,2,13,0.0,6651,0.019230769230769273,-0.02213100222994746,0.038461538461538436,0,0,13,7,1.0,0,0,0,1,0
276,14,sympy:11,1,14,0.7857142857142857,0.5195798391305154,0.5714285714285714,2,14,0.0,7078,0.016483516483516425,-0.02062430325834541,0.03296703296703296,0,0,14,8,1.0,0,0,0,1,0
276,15,sympy:11,1,15,0.7333333333333333,0.5799151714181009,0.4666666666666667,2,15,0.0,7510,-0.05238095238095242,0.060335332287585475,-0.10476190476190472,0,0,15,7,0.6666666666666666,0,0,0,1,0
276,16,sympy:11,1,16,0.75,0.5623351446188083,0.5,2,16,0.0,7891,0.01666666666666672,-0.017580026799292603,0.033333333333333326,0,0,16,8,0.6666666666666666,0,0,0,1,0
277,1,sympy:sqrt(53),1,1,1.0,-0.0,1.0,1,1,0.0,258,0.0,0.0,0.0,0,0,1,1,1.0,0,0,0,1,0
277,2,sympy:sqrt(53),1,2,1.0,-0.0,1.0,1,2,0.0,561,0.0,0.0,0.0,0,0,2,2,1.0,0,0,0,1,0
277,3,sympy:sqrt(53),1,3,1.0,-0.0,1.0,1,3,0.0,980,0.0,0.0,0.0,0,0,3,3,1.0,0,0,0,1,0
277,4,sympy:sqrt(53),1,4,1.0,-0.0,1.0,1,4,0.0,1253,0.0,0.0,0.0,0,0,4,4,1.0,0,0,0,1,0
277,5,sympy:sqrt(53),1,5,1.0,-0.0,1.0,1,5,0.0,1448,0.0,0.0,0.0,0,0,5,5,1.0,0,0,0,1,0
277,6,sympy:sqrt(53),1,6,1.0,-0.0,1.0,1,6,0.0,1744,0.0,0.0,0.0,0,0,6,6,1.0,0,0,0,1,0
277,7,sympy:sqrt(53),1,7,1.0,-0.0,1.0,1,7,0.0,1925,0.0,0.0,0.0,0,0,7,7,1.0,0,0,0,1,0
277,8,sympy:sqrt(53),1,8,1.0,-0.0,1.0,1,8,0.0,2322,0.0,0.0,0.0,0,0,8,8,1.0,0,0,0,1,0
277,9,sympy:sqrt(53),1,9,1.0,-0.0,1.0,1,9,0.0,2629,0.0,0.0,0.0,0,0,9,9,1.0,0,0,0,1,0
277,10,sympy:sqrt(53),1,10,1.0,-0.0,1.0,1,10,0.0,2862,0.0,0.0,0.0,0,0,10,10,1.0,0,0,0,1,0
277,11,sympy:sqrt(53),1,11,1.0,-0.0,1.0,1,11,0.0,3186,0.0,0.0,0.0,0,0,11,11,1.0,0,0,0,1,0
277,12,sympy:sqrt(53),1,12,1.0,-0.0,1.0,1,12,0.0,3462,0.0,0.0,0.0,0,0,12,12,1.0,0,0,0,1,0
277,13,sympy:sqrt(53),1,13,1.0,-0.0,1.0,1,13,0.0,3794,0.0,0.0,0.0,0,0,13,13,1.0,0,0,0,1,0
277,14,sympy:sqrt(53),1,14,1.0,-0.0,1.0,1,14,0.0,4102,0.0,0.0,0.0,0,0,14,14,1.0,0,0,0,1,0
277,15,sympy:sqrt(53),1,15,1.0,-0.0,1.0,1,15,0.0,4421,0.0,0.0,0.0,0,0,15,15,1.0,0,0,0,1,0
277,16,sympy:sqrt(53),1,16,1.0,-0.0,1.0,1,16,0.0,4697,0.0,0.0,0.0,0,0,16,16,1.0,0,0,0,1,0
278,1,sympy:255,1,1,1.0,-0.0,1.0,1,1,0.0,445,0.0,0.0,0.0,0,0,1,1,1.0,0,0,0,1,0
278,2,sympy:255,1,2,1.0,-0.0,1.0,1,2,0.0,921,0.0,0.0,0.0,0,0,2,2,1.0,0,0,0,1,0
278,3,sympy:255,1,3,1.0,-0.0,1.0,1,3,0.0,1287,0.0,0.0,0.0,0,0,3,3,1.0,0,0,0,1,0
278,4,sympy:255,1,4,1.0,-0.0,1.0,1,4,0.0,1708,0.0,0.0,0.0,0,0,4,4,1.0,0,0,0,1,0
278,5,sympy:255,1,5,1.0,-0.0,1.0,1,5,0.0,2093,0.0,0.0,0.0,0,0,5,5,1.0,0,0,0,1,0
278,6,sympy:255,1,6,1.0,-0.0,1.0,1,6,0.0,2573,0.0,0.0,0.0,0,0,6,6,1.0,0,0,0,1,0
278,7,sympy:255,1,7,1.0,-0.0,1.0,1,7,0.0,2998,0.0,0.0,0.0,0,0,7,7,1.0,0,0,0,1,0
278,8,sympy:255,1,8,1.0,-0.0,1.0,1,8,0.0,3326,0.0,0.0,0.0,0,0,8,8,1.0,0,0,0,1,0
278,9,sympy:255,1,9,1.0,-0.0,1.0,1,9,0.0,3642,0.0,0.0,0.0,0,0,9,9,1.0,0,0,0,1,0
278,10,sympy:255,1,10,1.0,-0.0,1.0,1,10,0.0,4044,0.0,0.0,0.0,0,0,10,10,1.0,0,0,0,1,0
278,11,sympy:255,1,11,1.0,-0.0,1.0,1,11,0.0,4479,0.0,0.0,0.0,0,0,11,11,1.0,0,0,0,1,0
278,12,sympy:255,1,12,1.0,-0.0,1.0,1,12,0.0,4877,0.0,0.0,0.0,0,0,12,12,1.0,0,0,0,1,0
278,13,sympy:255,1,13,1.0,-0.0,1.0,1,13,0.0,5285,0.0,0.0,0.0,0,0,13,13,1.0,0,0,0,1,0
278,14,sympy:255,1,14,1.0,-0.0,1.0,1,14,0.0,5707,0.0,0.0,0.0,0,0,14,14,1.0,0,0,0,1,0
278,15,sympy:255,1,15,1.0,-0.0,1.0,1,15,0.0,6046,0.0,0.0,0.0,0,0,15,15,1.0,0,0,0,1,0
278,16,sympy:255,1,16,1.0,-0.0,1.0,1,16,0.0,6530,0.0,0.0,0.0,0,0,16,16,1.0,0,0,0,1,0
279,1,sympy:4*pi,0,1,1.0,-0.0,1.0,1,1,0.0,499,0.0,0.0,0.0,0,0,1,1,1.0,1,1,0,0,1
279,2,sympy:4*pi,0,2,1.0,-0.0,1.0,1,2,0.0,928,0.0,0.0,0.0,0,0,2,2,1.0,1,1,0,0,1
279,3,sympy:4*pi,0,3,1.0,-0.0,1.0,1,3,0.0,1444,0.0,0.0,0.0,0,0,3,3,1.0,1,1,0,0,1
279,4,sympy:4*pi,0,4,0.75,0.5623351446188083,0.5,2,4,0.0,1867,-0.25,0.5623351446188083,-0.5,0,0,4,2,0.6666666666666666,1,1,0,0,1
279,5,sympy:4*pi,0,5,0.6,0.6730116670092565,0.2,2,5,0.0,2352,-0.15000000000000002,0.11067652239044823,-0.3,0,0,5,1,0.3333333333333333,1,1,0,0,1
279,6,sympy:4*pi,0,6,0.5,0.6931471805599453,0.0,2,6,0.0,2841,-0.09999999999999998,0.020135513550688766,-0.2,0,0,6,0,0.0,1,1,0,0,1
279,7,sympy:7*pi,1,7,0.5714285714285714,0.6829081047004717,0.14285714285714285,2,1,0.0,3379,0.0714285714285714,-0.01023907585947359,0.14285714285714285,1,1,6,1,1.0,0,0,0,1,0
279,8,sympy:7*pi,1,8,0.5,0.9743147528693494,0.125,3,2,0.0,3813,-0.0714285714285714,0.29140664816887774,-0.01785714285714285,0,1,6,1,0.6666666666666666,0,0,0,1,0
279,9,sympy:7*pi,1,9,0.5555555555555556,0.936888307539016,0.2222222222222222,3,3,0.0,4286,0.05555555555555558,-0.03742644533033346,0.09722222222222221,0,1,6,2,0.6666666666666666,0,0,0,1,0
279,10,sympy:7*pi,1,10,0.6,0.8979457248567798,0.3,3,4,0.0,4719,0.0444444444444444,-0.03894258268223616,0.07777777777777778,0,1,6,3,0.6666666666666666,0,0,0,1,0
279,11,sympy:7*pi,1,11,0.6363636363636364,0.8599672810355049,0.36363636363636365,3,5,0.0,5215,0.036363636363636376,-0.03797844382127491,0.06363636363636366,0,1,6,4,1.0,0,0,0,1,0
279,12,sympy:7*pi,1,12,0.6666666666666666,0.8239592165010823,0.4166666666666667,3,6,0.0,5644,0.030303030303030276,-0.036008064534422624,0.05303030303030304,0,1,6,5,1.0,0,0,0,1,0
279,13,sympy:7*pi,1,13,0.6923076923076923,0.7902679680745903,0.46153846153846156,3,7,0.0,6151,0.02564102564102566,-0.03369124842649196,0.04487179487179488,0,1,7,6,1.0,0,0,0,1,0
279,14,sympy:7*pi,1,14,0.6428571428571429,0.8304717124362917,0.35714285714285715,3,8,0.0,6579,-0.049450549450549386,0.04020374436170138,-0.10439560439560441,0,1,8,5,0.6666666666666666,0,0,0,1,0
279,15,sympy:7*pi,1,15,0.6666666666666666,0.8033149761408755,0.4,3,9,0.0,7002,0.023809523809523725,-0.02715673629541615,0.04285714285714287,0,1,9,6,0.6666666666666666,0,0,0,1,0
279,16,sympy:7*pi,1,16,0.625,0.8305236914828463,0.3125,3,10,0.0,7559,-0.04166666666666663,0.02720871534197078,-0.08750000000000002,0,1,10,5,0.3333333333333333,0,0,0,1,0
280,1,sympy:8,1,1,1.0,-0.0,1.0,1,1,0.0,497,0.0,0.0,0.0,0,0,1,1,1.0,0,0,0,1,0
280,2,sympy:8,1,2,1.0,-0.0,1.0,1,2,0.0,811,0.0,0.0,0.0,0,0,2,2,1.0,0,0,0,1,0
280,3,sympy:8,1,3,1.0,-0.0,1.0,1,3,0.0,1115,0.0,0.0,0.0,0,0,3,3,1.0,0,0,0,1,0
280,4,sympy:8,1,4,1.0,-0.0,1.0,1,4,0.0,1476,0.0,0.0,0.0,0,0,4,4,1.0,0,0,0,1,0
280,5,sympy:8,1,5,1.0,-0.0,1.0,1,5,0.0,1812,0.0,0.0,0.0,0,0,5,5,1.0,0,0,0,1,0
280,6,sympy:8,1,6,1.0,-0.0,1.0,1,6,0.0,2211,0.0,0.0,0.0,0,0,6,6,1.0,0,0,0,1,0
280,7,sympy:8,1,7,1.0,-0.0,1.0,1,7,0.0,2686,0.0,0.0,0.0,0,0,7,7,1.0,0,0,0,1,0
280,8,sympy:8,1,8,1.0,-0.0,1.0,1,8,0.0,2967,0.0,0.0,0.0,0,0,8,8,1.0,0,0,0,1,0
280,9,sympy:8,1,9,1.0,-0.0,1.0,1,9,0.0,3277,0.0,0.0,0.0,0,0,9,9,1.0,0,0,0,1,0
280,10,sympy:8,1,10,1.0,-0.0,1.0,1,10,0.0,3613,0.0,0.0,0.0,0,0,10,10,1.0,0,0,0,1,0
280,11,sympy:8,1,11,1.0,-0.0,1.0,1,11,0.0,3891,0.0,0.0,0.0,0,0,11,11,1.0,0,0,0,1,0
280,12,sympy:8,1,12,1.0,-0.0,1.0,1,12,0.0,4219,0.0,0.0,0.0,0,0,12,12,1.0,0,0,0,1,0
280,13,sympy:8,1,13,1.0,-0.0,1.0,1,13,0.0,4676,0.0,0.0,0.0,0,0,13,13,1.0,0,0,0,1,0
280,14,sympy:8,1,14,1.0,-0.0,1.0,1,14,0.0,5035,0.0,0.0,0.0,0,0,14,14,1.0,0,0,0,1,0
280,15,sympy:8,1,15,1.0,-0.0,1.0,1,15,0.0,5444,0.0,0.0,0.0,0,0,15,15,1.0,0,0,0,1,0
280,16,sympy:8,1,16,1.0,-0.0,1.0,1,16,0.0,5818,0.0,0.0,0.0,0,0,16,16,1.0,0,0,0,1,0
281,1,sympy:72,0,1,1.0,-0.0,1.0,1,1,0.0,430,0.0,0.0,0.0,0,0,1,1,1.0,1,1,0,0,1
281,2,sympy:72,0,2,0.5,0.6931471805599453,0.0,2,2,0.0,1454,-0.5,0.6931471805599453,-1.0,0,0,2,0,0.5,1,1,0,0,1
281,3,sympy:36,1,3,0.6666666666666666,0.6365141682948128,0.3333333333333333,2,1,0.0,2028,0.16666666666666663,-0.05663301226513251,0.3333333333333333,1,1,2,1,0.6666666666666666,0,0,0,1,0
281,4,sympy:36,1,4,0.5,1.0397207708399179,0.25,3,2,0.0,2430,-0.16666666666666663,0.4032066025451051,-0.08333333333333331,0,1,2,1,0.6666666666666666,0,0,0,1,0
281,5,sympy:72,0,5,0.4,1.0549201679861442,0.0,3,1,0.0,2834,-0.09999999999999998,0.015199397146226312,-0.25,1,2,2,0,0.3333333333333333,1,1,0,0,1
281,6,sympy:36,1,6,0.5,1.0114042647073518,0.16666666666666666,3,1,0.0,3237,0.09999999999999998,-0.0435159032787924,0.16666666666666666,1,3,2,1,0.3333333333333333,0,0,0,1,0
281,7,sympy:36,1,7,0.5714285714285714,0.9556998911125343,0.2857142857142857,3,2,0.0,3745,0.0714285714285714,-0.0557043735948175,0.11904761904761904,0,3,2,2,0.6666666666666666,0,0,0,1,0
281,8,sympy:36,1,8,0.5,0.9743147528693494,0.125,3,3,0.0,4769,-0.0714285714285714,0.01861486175681515,-0.1607142857142857,0,3,3,1,0.6666666666666666,0,0,0,1,0
281,9,sympy:36,1,9,0.5555555555555556,0.936888307539016,0.2222222222222222,3,4,0.0,5793,0.05555555555555558,-0.03742644533033346,0.09722222222222221,0,3,4,2,0.6666666666666666,0,0,0,1,0
281,10,sympy:36,1,10,0.6,0.8979457248567798,0.3,3,5,0.0,6450,0.0444444444444444,-0.03894258268223616,0.07777777777777778,0,3,5,3,0.6666666666666666,0,0,0,1,0
281,11,sympy:36,1,11,0.6363636363636364,0.8599672810355049,0.36363636363636365,3,6,0.0,6911,0.036363636363636376,-0.03797844382127491,0.06363636363636366,0,3,6,4,1.0,0,0,0,1,0
281,12,sympy:36,1,12,0.5833333333333334,0.9596147939120492,0.3333333333333333,3,7,0.0,7368,-0.05303030303030298,0.09964751287654428,-0.03030303030303033,0,3,7,4,0.6666666666666666,0,0,0,1,0
281,13,sympy:36,1,13,0.6153846153846154,0.9251290835720823,0.38461538461538464,3,8,0.0,7905,0.03205128205128205,-0.034485710339966835,0.05128205128205132,0,3,8,5,0.6666666666666666,0,0,0,1,0
281,14,sympy:36,1,14,0.5714285714285714,0.9556998911125343,0.2857142857142857,3,9,0.0,8436,-0.04395604395604402,0.03057080754045194,-0.09890109890109894,0,3,9,4,0.3333333333333333,0,0,0,1,0
281,15,sympy:36,1,15,0.6,0.9276173343271816,0.3333333333333333,3,10,0.0,8884,0.02857142857142858,-0.028082556785352653,0.047619047619047616,0,3,10,5,0.6666666666666666,0,0,0,1,0
281,16,sympy:36,1,16,0.5625,0.9840865030829146,0.3125,3,11,0.0,9383,-0.03749999999999998,0.056469168755732935,-0.020833333333333315,0,3,11,5,0.3333333333333333,0,0,0,1,0
282,1,sympy:497,0,1,1.0,-0.0,1.0,1,1,0.0,247,0.0,0.0,0.0,0,0,1,1,1.0,0,0,0,1,0
282,2,sympy:497,0,2,1.0,-0.0,1.0,1,2,0.0,610,0.0,0.0,0.0,0,0,2,2,1.0,0,0,0,1,0
282,3,sympy:497,0,3,1.0,-0.0,1.0,1,3,0.0,966,0.0,0.0,0.0,0,0,3,3,1.0,0,0,0,1,0
282,4,sympy:497,0,4,1.0,-0.0,1.0,1,4,0.0,1345,0.0,0.0,0.0,0,0,4,4,1.0,0,0,0,1,0
282,5,sympy:497,0,5,0.8,0.5004024235381879,0.6,2,5,0.0,1719,-0.19999999999999996,0.5004024235381879,-0.4,0,0,5,3,0.6666666666666666,0,0,0,1,0
282,6,sympy:497,0,6,0.6666666666666666,0.6365141682948128,0.3333333333333333,2,6,0.0,2121,-0.13333333333333341,0.1361117447566249,-0.26666666666666666,0,0,6,2,0.3333333333333333,0,0,0,1,0
282,7,sympy:497,0,7,0.7142857142857143,0.5982695885852573,0.42857142857142855,2,7,0.0,2487,0.04761904761904767,-0.038244579709555526,0.09523809523809523,0,0,7,3,0.3333333333333333,0,0,0,1,0
282,8,sympy:497,0,8,0.625,0.6615632381579821,0.25,2,8,0.0,2763,-0.0892857142857143,0.06329364957272487,-0.17857142857142855,0,0,8,2,0.3333333333333333,0,0,0,1,0
282,9,sympy:497,0,9,0.5555555555555556,0.6869615765973234,0.1111111111111111,2,9,0.0,3156,-0.06944444444444442,0.02539833843934125,-0.1388888888888889,0,0,9,1,0.3333333333333333,0,0,0,1,0
282,10,sympy:497,0,10,0.6,0.6730116670092565,0.2,2,10,0.0,3516,0.0444444444444444,-0.013949909588066856,0.0888888888888889,0,0,10,2,0.3333333333333333,0,0,0,1,0
282,11,sympy:497,0,11,0.6363636363636364,0.6554817739013927,0.2727272727272727,2,11,0.0,3863,0.036363636363636376,-0.017529893107863792,0.0727272727272727,0,0,11,3,0.6666666666666666,0,0,0,1,0
282,12,sympy:497,0,12,0.6666666666666666,0.6365141682948128,0.3333333333333333,2,12,0.0,4115,0.030303030303030276,-0.01896760560657995,0.06060606060606061,0,0,12,4,1.0,0,0,0,1,0
282,13,sympy:497,0,13,0.6923076923076923,0.6172417697303416,0.38461538461538464,2,13,0.0,4478,0.02564102564102566,-0.01927239856447116,0.05128205128205132,0,0,13,5,1.0,0,0,0,1,0
282,14,sympy:497,0,14,0.7142857142857143,0.5982695885852573,0.42857142857142855,2,14,0.0,4861,0.02197802197802201,-0.018972181145084366,0.04395604395604391,0,0,14,6,1.0,0,0,0,1,0
282,15,sympy:497,0,15,0.7333333333333333,0.5799151714181009,0.4666666666666667,2,15,0.0,5228,0.01904761904761898,-0.018354417167156356,0.038095238095238126,0,0,15,7,1.0,0,0,0,1,0
282,16,sympy:497,0,16,0.6875,0.6210863745552451,0.375,2,16,0.0,5509,-0.04583333333333328,0.041171203137144174,-0.09166666666666667,0,0,16,6,0.6666666666666666,0,0,0,1,0
283,1,sympy:1,1,1,1.0,-0.0,1.0,1,1,0.0,278,0.0,0.0,0.0,0,0,1,1,1.0,0,0,0,1,0
283,2,sympy:1,1,2,1.0,-0.0,1.0,1,2,0.0,1302,0.0,0.0,0.0,0,0,2,2,1.0,0,0,0,1,0
283,3,sympy:1,1,3,1.0,-0.0,1.0,1,3,0.0,1606,0.0,0.0,0.0,0,0,3,3,1.0,0,0,0,1,0
283,4,sympy:1,1,4,1.0,-0.0,1.0,1,4,0.0,1915,0.0,0.0,0.0,0,0,4,4,1.0,0,0,0,1,0
283,5,sympy:1,1,5,1.0,-0.0,1.0,1,5,0.0,2262,0.0,0.0,0.0,0,0,5,5,1.0,0,0,0,1,0
283,6,sympy:1,1,6,1.0,-0.0,1.0,1,6,0.0,3286,0.0,0.0,0.0,0,0,6,6,1.0,0,0,0,1,0
283,7,sympy:1,1,7,1.0,-0.0,1.0,1,7,0.0,3695,0.0,0.0,0.0,0,0,7,7,1.0,0,0,0,1,0
283,8,sympy:1,1,8,1.0,-0.0,1.0,1,8,0.0,4078,0.0,0.0,0.0,0,0,8,8,1.0,0,0,0,1,0
283,9,sympy:1,1,9,1.0,-0.0,1.0,1,9,0.0,4336,0.0,0.0,0.0,0,0,9,9,1.0,0,0,0,1,0
283,10,sympy:1,1,10,1.0,-0.0,1.0,1,10,0.0,4742,0.0,0.0,0.0,0,0,10,10,1.0,0,0,0,1,0
283,11,sympy:1,1,11,1.0,-0.0,1.0,1,11,0.0,5128,0.0,0.0,0.0,0,0,11,11,1.0,0,0,0,1,0
283,12,sympy:1,1,12,1.0,-0.0,1.0,1,12,0.0,5507,0.0,0.0,0.0,0,0,12,12,1.0,0,0,0,1,0
283,13,sympy:1,1,13,1.0,-0.0,1.0,1,13,0.0,5948,0.0,0.0,0.0,0,0,13,13,1.0,0,0,0,1,0
283,14,sympy:1,1,14,1.0,-0.0,1.0,1,14,0.0,6263,0.0,0.0,0.0,0,0,14,14,1.0,0,0,0,1,0
283,15,sympy:1,1,15,1.0,-0.0,1.0,1,15,0.0,6608,0.0,0.0,0.0,0,0,15,15,1.0,0,0,0,1,0
283,16,sympy:1,1,16,1.0,-0.0,1.0,1,16,0.0,6977,0.0,0.0,0.0,0,0,16,16,1.0,0,0,0,1,0
284,1,"sympy:{2*sqrt(2) + 3, -1*2*sqrt(2) + 3}",1,1,1.0,-0.0,1.0,1,1,0.0,710,0.0,0.0,0.0,0,0,1,1,1.0,1,0,1,1,0
284,2,"sympy:{2*sqrt(2) + 3, -1*2*sqrt(2) + 3}",1,2,1.0,-0.0,1.0,1,2,0.0,1425,0.0,0.0,0.0,0,0,2,2,1.0,1,0,1,1,0
284,3,"sympy:{2*sqrt(2) + 3, -1*2*sqrt(2) + 3}",1,3,1.0,-0.0,1.0,1,3,0.0,2162,0.0,0.0,0.0,0,0,3,3,1.0,1,0,1,1,0
284,4,"sympy:{2*sqrt(2) + 3, -1*2*sqrt(2) + 3}",1,4,0.75,0.5623351446188083,0.5,2,4,0.0,2552,-0.25,0.5623351446188083,-0.5,0,0,4,2,0.6666666666666666,1,0,1,1,0
284,5,"sympy:{2*sqrt(2) + 3, -1*2*sqrt(2) + 3}",1,5,0.6,0.6730116670092565,0.2,2,5,0.0,3081,-0.15000000000000002,0.11067652239044823,-0.3,0,0,5,1,0.3333333333333333,1,0,1,1,0
284,6,"sympy:{2*sqrt(2) + 3, -1*2*sqrt(2) + 3}",1,6,0.5,0.6931471805599453,0.0,2,6,0.0,3404,-0.09999999999999998,0.020135513550688766,-0.2,0,0,6,0,0.0,1,0,1,1,0
284,7,"sympy:{2*sqrt(2) + 3, -1*2*sqrt(2) + 3}",1,6,0.5,0.6931471805599453,0.0,2,7,0.14285714285714285,4428,0.0,0.0,0.0,0,0,7,0,0.0,1,0,1,1,0
284,8,"sympy:{2*sqrt(2) + 3, -1*2*sqrt(2) + 3}",1,7,0.42857142857142855,1.0042424730540764,0.0,3,8,0.125,5224,-0.07142857142857145,0.31109529249413115,0.0,0,0,8,0,0.0,1,0,1,1,0
284,9,sympy:i*l*n*n*o*o*o*s*t*u,0,8,0.5,0.9743147528693494,0.125,3,1,0.1111111111111111,5556,0.07142857142857145,-0.029927720184727002,0.125,1,1,8,1,0.5,0,0,0,1,0
284,10,"sympy:{2*sqrt(2) + 3, -1*2*sqrt(2) + 3}",1,9,0.4444444444444444,0.9649629230074277,0.0,3,1,0.1,6440,-0.05555555555555558,-0.009351829861921734,-0.125,1,2,8,0,0.3333333333333333,1,0,1,1,0
284,11,"sympy:{2*sqrt(2) + 3, -1*2*sqrt(2) + 3}",1,10,0.4,1.1935496040981333,0.0,4,2,0.09090909090909091,6822,-0.0444444444444444,0.22858668109070557,0.0,0,2,8,0,0.3333333333333333,1,0,1,1,0
284,12,sympy:i*l*n*n*o*o*o*s*t*u,0,11,0.45454545454545453,1.162225544921092,0.09090909090909091,4,1,0.08333333333333333,7163,0.05454545454545451,-0.031324059177041175,0.09090909090909091,1,3,8,1,0.3333333333333333,0,0,0,1,0
284,13,sympy:i*l*n*n*o*o*o*s*t*u,0,12,0.5,1.1269287948006759,0.16666666666666666,4,2,0.07692307692307693,7621,0.04545454545454547,-0.03529675012041622,0.07575757575757575,0,3,8,2,0.6666666666666666,0,0,0,1,0
284,14,sympy:i*l*n*n*o*o*o*s*t*u,0,13,0.5384615384615384,1.0905994737794789,0.23076923076923078,4,3,0.07142857142857142,7901,0.038461538461538436,-0.036329321021197014,0.06410256410256412,0,3,8,3,1.0,0,0,0,1,0
284,15,sympy:i*l*n*n*o*o*o*s*t*u,0,14,0.5,1.2700181519104903,0.21428571428571427,5,4,0.06666666666666667,8767,-0.038461538461538436,0.17941867813101142,-0.016483516483516508,0,3,8,3,0.6666666666666666,0,0,0,1,0
284,16,sympy:i*l*n*n*o*o*o*s*t*u,0,15,0.5333333333333333,1.2293362159076602,0.26666666666666666,5,5,0.0625,9102,0.033333333333333326,-0.0406819360028301,0.05238095238095239,0,3,8,4,0.6666666666666666,0,0,0,1,0
285,1,,0,0,,,,0,0,1.0,1024,0.0,0.0,0.0,0,0,0,0,0.0,1,0,0,1,1
285,2,,0,0,,,,0,0,1.0,2048,0.0,0.0,0.0,0,0,0,0,0.0,1,0,0,1,1
285,3,sympy:280,0,1,1.0,-0.0,1.0,1,1,0.6666666666666666,3008,1.0,-0.0,1.0,0,0,1,1,1.0,0,0,0,1,0
285,4,sympy:280,0,1,1.0,-0.0,1.0,1,2,0.75,4032,0.0,0.0,0.0,0,0,2,1,1.0,0,0,0,1,0
285,5,sympy:280,0,1,1.0,-0.0,1.0,1,3,0.8,5056,0.0,0.0,0.0,0,0,3,1,1.0,0,0,0,1,0
285,6,sympy:280,0,2,0.5,0.6931471805599453,0.0,2,4,0.6666666666666666,6080,-0.5,0.6931471805599453,-1.0,0,0,4,0,0.0,0,0,0,1,0
285,7,sympy:280,0,2,0.5,0.6931471805599453,0.0,2,5,0.7142857142857143,7104,0.0,0.0,0.0,0,0,5,0,0.0,0,0,0,1,0
285,8,sympy:280,0,2,0.5,0.6931471805599453,0.0,2,6,0.75,8128,0.0,0.0,0.0,0,0,6,0,0.0,0,0,0,1,0
285,9,sympy:280,0,2,0.5,0.6931471805599453,0.0,2,7,0.7777777777777778,9152,0.0,0.0,0.0,0,0,7,0,0.0,0,0,0,1,0
285,10,sympy:280,0,2,0.5,0.6931471805599453,0.0,2,8,0.8,10176,0.0,0.0,0.0,0,0,8,0,0.0,0,0,0,1,0
285,11,sympy:280,0,2,0.5,0.6931471805599453,0.0,2,9,0.8181818181818182,11200,0.0,0.0,0.0,0,0,9,0,0.0,0,0,0,1,0
285,12,sympy:280,0,2,0.5,0.6931471805599453,0.0,2,10,0.8333333333333334,12224,0.0,0.0,0.0,0,0,10,0,0.0,0,0,0,1,0
285,13,sympy:280,0,2,0.5,0.6931471805599453,0.0,2,11,0.8461538461538461,13248,0.0,0.0,0.0,0,0,11,0,0.0,0,0,0,1,0
285,14,sympy:280,0,2,0.5,0.6931471805599453,0.0,2,12,0.8571428571428571,14272,0.0,0.0,0.0,0,0,12,0,0.0,0,0,0,1,0
285,15,sympy:280,0,2,0.5,0.6931471805599453,0.0,2,13,0.8666666666666667,15296,0.0,0.0,0.0,0,0,13,0,0.0,0,0,0,1,0
285,16,sympy:280,0,3,0.3333333333333333,1.0986122886681096,0.0,3,14,0.8125,16306,-0.16666666666666669,0.4054651081081643,0.0,0,0,14,0,0.0,0,0,0,1,0
286,1,,0,0,,,,0,0,1.0,1024,0.0,0.0,0.0,0,0,0,0,0.0,1,0,0,1,1
286,2,sympy:1/2,0,1,1.0,-0.0,1.0,1,1,0.5,1668,1.0,-0.0,1.0,0,0,1,1,1.0,0,0,0,1,0
286,3,sympy:1/2,0,2,0.5,0.6931471805599453,0.0,2,2,0.3333333333333333,2692,-0.5,0.6931471805599453,-1.0,0,0,2,0,0.5,0,0,0,1,0
286,4,sympy:1/2,0,2,0.5,0.6931471805599453,0.0,2,3,0.5,3716,0.0,0.0,0.0,0,0,3,0,0.5,0,0,0,1,0
286,5,sympy:1/2,0,3,0.3333333333333333,1.0986122886681096,0.0,3,4,0.4,4230,-0.16666666666666669,0.4054651081081643,0.0,0,0,4,0,0.0,0,0,0,1,0
286,6,sympy:1/2,0,3,0.3333333333333333,1.0986122886681096,0.0,3,5,0.5,5254,0.0,0.0,0.0,0,0,5,0,0.0,0,0,0,1,0
286,7,sympy:1/2,0,4,0.25,1.3862943611198906,0.0,4,6,0.42857142857142855,5930,-0.08333333333333331,0.287682072451781,0.0,0,0,6,0,0.0,0,0,0,1,0
286,8,sympy:1/2,0,4,0.25,1.3862943611198906,0.0,4,7,0.5,6954,0.0,0.0,0.0,0,0,7,0,0.0,0,0,0,1,0
286,9,sympy:1/2,0,5,0.2,1.6094379124341005,0.0,5,8,0.4444444444444444,7978,-0.04999999999999999,0.22314355131420993,0.0,0,0,8,0,0.0,0,0,0,1,0
286,10,sympy:1/2,0,5,0.2,1.6094379124341005,0.0,5,9,0.5,9002,0.0,0.0,0.0,0,0,9,0,0.0,0,0,0,1,0
286,11,sympy:1/2,0,6,0.3333333333333333,1.5607104090414063,0.16666666666666666,5,10,0.45454545454545453,10026,0.1333333333333333,-0.04872750339269416,0.16666666666666666,0,0,10,1,0.5,0,0,0,1,0
286,12,sympy:1/2,0,6,0.3333333333333333,1.5607104090414063,0.16666666666666666,5,11,0.5,11050,0.0,0.0,0.0,0,0,11,1,1.0,0,0,0,1,0
286,13,sympy:1/2,0,7,0.2857142857142857,1.7478680974667573,0.14285714285714285,6,12,0.46153846153846156,11819,-0.047619047619047616,0.18715768842535097,-0.023809523809523808,0,0,12,1,0.5,0,0,0,1,0
286,14,sympy:1/2,0,8,0.25,1.732867951399863,0.0,6,13,0.42857142857142855,12515,-0.0357142857142857,-0.01500014606689426,-0.14285714285714285,0,0,13,0,0.0,0,0,0,1,0
286,15,sympy:1/2,0,9,0.2222222222222222,1.8891591637540215,0.0,7,14,0.4,13105,-0.02777777777777779,0.15629121235415844,0.0,0,0,14,0,0.0,0,0,0,1,0
286,16,sympy:1/2,0,10,0.3,1.8343719702816237,0.1,7,15,0.375,13758,0.07777777777777778,-0.0547871934723978,0.1,0,0,15,1,0.3333333333333333,0,0,0,1,0
287,1,sympy:36,1,1,1.0,-0.0,1.0,1,1,0.0,636,0.0,0.0,0.0,0,0,1,1,1.0,0,0,0,1,0
287,2,sympy:36,1,2,1.0,-0.0,1.0,1,2,0.0,1225,0.0,0.0,0.0,0,0,2,2,1.0,0,0,0,1,0
287,3,sympy:36,1,3,1.0,-0.0,1.0,1,3,0.0,1777,0.0,0.0,0.0,0,0,3,3,1.0,0,0,0,1,0
287,4,sympy:36,1,4,1.0,-0.0,1.0,1,4,0.0,2350,0.0,0.0,0.0,0,0,4,4,1.0,0,0,0,1,0
287,5,sympy:36,1,5,1.0,-0.0,1.0,1,5,0.0,2949,0.0,0.0,0.0,0,0,5,5,1.0,0,0,0,1,0
287,6,sympy:36,1,6,1.0,-0.0,1.0,1,6,0.0,3582,0.0,0.0,0.0,0,0,6,6,1.0,0,0,0,1,0
287,7,sympy:36,1,7,1.0,-0.0,1.0,1,7,0.0,4211,0.0,0.0,0.0,0,0,7,7,1.0,0,0,0,1,0
287,8,sympy:36,1,8,1.0,-0.0,1.0,1,8,0.0,4665,0.0,0.0,0.0,0,0,8,8,1.0,0,0,0,1,0
287,9,sympy:36,1,9,1.0,-0.0,1.0,1,9,0.0,5298,0.0,0.0,0.0,0,0,9,9,1.0,0,0,0,1,0
287,10,sympy:36,1,10,1.0,-0.0,1.0,1,10,0.0,5769,0.0,0.0,0.0,0,0,10,10,1.0,0,0,0,1,0
287,11,sympy:36,1,11,1.0,-0.0,1.0,1,11,0.0,6363,0.0,0.0,0.0,0,0,11,11,1.0,0,0,0,1,0
287,12,sympy:36,1,12,1.0,-0.0,1.0,1,12,0.0,6813,0.0,0.0,0.0,0,0,12,12,1.0,0,0,0,1,0
287,13,sympy:36,1,13,1.0,-0.0,1.0,1,13,0.0,7338,0.0,0.0,0.0,0,0,13,13,1.0,0,0,0,1,0
287,14,sympy:36,1,14,1.0,-0.0,1.0,1,14,0.0,7903,0.0,0.0,0.0,0,0,14,14,1.0,0,0,0,1,0
287,15,sympy:36,1,15,1.0,-0.0,1.0,1,15,0.0,8452,0.0,0.0,0.0,0,0,15,15,1.0,0,0,0,1,0
287,16,sympy:36,1,16,1.0,-0.0,1.0,1,16,0.0,8974,0.0,0.0,0.0,0,0,16,16,1.0,0,0,0,1,0
288,1,sympy:sqrt(89),0,1,1.0,-0.0,1.0,1,1,0.0,1024,0.0,0.0,0.0,0,0,1,1,1.0,0,0,0,1,0
288,2,sympy:sqrt(89),0,1,1.0,-0.0,1.0,1,2,0.5,2048,0.0,0.0,0.0,0,0,2,1,1.0,0,0,0,1,0
288,3,sympy:sqrt(89),0,1,1.0,-0.0,1.0,1,3,0.6666666666666666,3072,0.0,0.0,0.0,0,0,3,1,1.0,0,0,0,1,0
288,4,sympy:sqrt(89),0,1,1.0,-0.0,1.0,1,4,0.75,4096,0.0,0.0,0.0,0,0,4,1,0.0,0,0,0,1,0
288,5,sympy:sqrt(89),0,1,1.0,-0.0,1.0,1,5,0.8,5120,0.0,0.0,0.0,0,0,5,1,0.0,0,0,0,1,0
288,6,sympy:sqrt(89),0,1,1.0,-0.0,1.0,1,6,0.8333333333333334,6144,0.0,0.0,0.0,0,0,6,1,0.0,0,0,0,1,0
288,7,sympy:sqrt(89),0,2,1.0,-0.0,1.0,1,7,0.7142857142857143,6809,0.0,0.0,0.0,0,0,7,2,1.0,0,0,0,1,0
288,8,sympy:sqrt(89),0,2,1.0,-0.0,1.0,1,8,0.75,7833,0.0,0.0,0.0,0,0,8,2,1.0,0,0,0,1,0
288,9,sympy:sqrt(89),0,3,0.6666666666666666,0.6365141682948128,0.3333333333333333,2,9,0.6666666666666666,8552,-0.33333333333333337,0.6365141682948128,-0.6666666666666667,0,0,9,1,0.5,0,0,0,1,0
288,10,sympy:sqrt(89),0,4,0.5,0.6931471805599453,0.0,2,10,0.6,9401,-0.16666666666666663,0.05663301226513251,-0.3333333333333333,0,0,10,0,0.0,0,0,0,1,0
288,11,sympy:sqrt(89),0,5,0.4,1.0549201679861442,0.0,3,11,0.5454545454545454,10311,-0.09999999999999998,0.3617729874261989,0.0,0,0,11,0,0.0,0,0,0,1,0
288,12,sympy:sqrt(89),0,5,0.4,1.0549201679861442,0.0,3,12,0.5833333333333334,11335,0.0,0.0,0.0,0,0,12,0,0.0,0,0,0,1,0
288,13,sympy:sqrt(89),0,6,0.3333333333333333,1.3296613488547582,0.0,4,13,0.5384615384615384,12352,-0.06666666666666671,0.274741180868614,0.0,0,0,13,0,0.0,0,0,0,1,0
288,14,sympy:sqrt(89),0,6,0.3333333333333333,1.3296613488547582,0.0,4,14,0.5714285714285714,13376,0.0,0.0,0.0,0,0,14,0,0.0,0,0,0,1,0
288,15,sympy:sqrt(89),0,7,0.2857142857142857,1.5498260458782016,0.0,5,15,0.5333333333333333,14275,-0.047619047619047616,0.22016469702344343,0.0,0,0,15,0,0.0,0,0,0,1,0
288,16,sympy:sqrt(89),0,7,0.2857142857142857,1.5498260458782016,0.0,5,16,0.5625,15299,0.0,0.0,0.0,0,0,16,0,0.0,0,0,0,1,0
289,1,sympy:16,1,1,1.0,-0.0,1.0,1,1,0.0,696,0.0,0.0,0.0,0,0,1,1,1.0,0,0,0,1,0
289,2,sympy:16,1,2,1.0,-0.0,1.0,1,2,0.0,1210,0.0,0.0,0.0,0,0,2,2,1.0,0,0,0,1,0
289,3,sympy:16,1,3,1.0,-0.0,1.0,1,3,0.0,1749,0.0,0.0,0.0,0,0,3,3,1.0,0,0,0,1,0
289,4,sympy:16,1,4,1.0,-0.0,1.0,1,4,0.0,2296,0.0,0.0,0.0,0,0,4,4,1.0,0,0,0,1,0
289,5,sympy:16,1,5,1.0,-0.0,1.0,1,5,0.0,3108,0.0,0.0,0.0,0,0,5,5,1.0,0,0,0,1,0
289,6,sympy:16,1,6,1.0,-0.0,1.0,1,6,0.0,3655,0.0,0.0,0.0,0,0,6,6,1.0,0,0,0,1,0
289,7,sympy:16,1,7,1.0,-0.0,1.0,1,7,0.0,4220,0.0,0.0,0.0,0,0,7,7,1.0,0,0,0,1,0
289,8,sympy:16,1,8,1.0,-0.0,1.0,1,8,0.0,4816,0.0,0.0,0.0,0,0,8,8,1.0,0,0,0,1,0
289,9,sympy:16,1,9,1.0,-0.0,1.0,1,9,0.0,5412,0.0,0.0,0.0,0,0,9,9,1.0,0,0,0,1,0
289,10,sympy:16,1,10,1.0,-0.0,1.0,1,10,0.0,6072,0.0,0.0,0.0,0,0,10,10,1.0,0,0,0,1,0
289,11,sympy:16,1,11,1.0,-0.0,1.0,1,11,0.0,6887,0.0,0.0,0.0,0,0,11,11,1.0,0,0,0,1,0
289,12,sympy:16,1,12,1.0,-0.0,1.0,1,12,0.0,7504,0.0,0.0,0.0,0,0,12,12,1.0,0,0,0,1,0
289,13,sympy:16,1,13,1.0,-0.0,1.0,1,13,0.0,8252,0.0,0.0,0.0,0,0,13,13,1.0,0,0,0,1,0
289,14,sympy:16,1,14,1.0,-0.0,1.0,1,14,0.0,8886,0.0,0.0,0.0,0,0,14,14,1.0,0,0,0,1,0
289,15,sympy:16,1,15,1.0,-0.0,1.0,1,15,0.0,9569,0.0,0.0,0.0,0,0,15,15,1.0,0,0,0,1,0
289,16,sympy:16,1,16,1.0,-0.0,1.0,1,16,0.0,10031,0.0,0.0,0.0,0,0,16,16,1.0,0,0,0,1,0
290,1,sympy:4,1,1,1.0,-0.0,1.0,1,1,0.0,951,0.0,0.0,0.0,0,0,1,1,1.0,0,0,0,1,0
290,2,sympy:4,1,2,0.5,0.6931471805599453,0.0,2,2,0.0,1975,-0.5,0.6931471805599453,-1.0,0,0,2,0,0.5,0,0,0,1,0
290,3,sympy:4,1,2,0.5,0.6931471805599453,0.0,2,3,0.3333333333333333,2999,0.0,0.0,0.0,0,0,3,0,0.5,0,0,0,1,0
290,4,sympy:4,1,2,0.5,0.6931471805599453,0.0,2,4,0.5,4023,0.0,0.0,0.0,0,0,4,0,0.0,0,0,0,1,0
290,5,sympy:4,1,3,0.3333333333333333,1.0986122886681096,0.0,3,5,0.4,5031,-0.16666666666666669,0.4054651081081643,0.0,0,0,5,0,0.0,0,0,0,1,0
290,6,sympy:4,1,3,0.3333333333333333,1.0986122886681096,0.0,3,6,0.5,6055,0.0,0.0,0.0,0,0,6,0,0.0,0,0,0,1,0
290,7,sympy:4,1,3,0.3333333333333333,1.0986122886681096,0.0,3,7,0.5714285714285714,7079,0.0,0.0,0.0,0,0,7,0,0.0,0,0,0,1,0
290,8,sympy:4,1,4,0.5,1.0397207708399179,0.25,3,8,0.5,8009,0.16666666666666669,-0.058891517828191686,0.25,0,0,8,1,1.0,0,0,0,1,0
290,9,sympy:4,1,4,0.5,1.0397207708399179,0.25,3,9,0.5555555555555556,9033,0.0,0.0,0.0,0,0,9,1,1.0,0,0,0,1,0
290,10,sympy:4,1,5,0.6,0.9502705392332347,0.4,3,10,0.5,9970,0.09999999999999998,-0.0894502316066832,0.15000000000000002,0,0,10,2,1.0,0,0,0,1,0
290,11,sympy:4,1,6,0.6666666666666666,0.8675632284814612,0.5,3,11,0.45454545454545453,10897,0.06666666666666665,-0.08270731075177351,0.09999999999999998,0,0,11,3,1.0,0,0,0,1,0
290,12,sympy:4,1,6,0.6666666666666666,0.8675632284814612,0.5,3,12,0.5,11921,0.0,0.0,0.0,0,0,12,3,1.0,0,0,0,1,0
290,13,sympy:4,1,7,0.5714285714285714,0.9556998911125343,0.2857142857142857,3,13,0.46153846153846156,12945,-0.09523809523809523,0.08813666263107311,-0.2142857142857143,0,0,13,2,0.5,0,0,0,1,0
290,14,sympy:4,1,7,0.5714285714285714,0.9556998911125343,0.2857142857142857,3,14,0.5,13969,0.0,0.0,0.0,0,0,14,2,0.0,0,0,0,1,0
290,15,sympy:4,1,7,0.5714285714285714,0.9556998911125343,0.2857142857142857,3,15,0.5333333333333333,14993,0.0,0.0,0.0,0,0,15,2,0.0,0,0,0,1,0
290,16,sympy:4,1,8,0.625,0.9002560512685369,0.375,3,16,0.5,16017,0.0535714285714286,-0.05544383984399737,0.0892857142857143,0,0,16,3,1.0,0,0,0,1,0
291,1,sympy:63,1,1,1.0,-0.0,1.0,1,1,0.0,624,0.0,0.0,0.0,0,0,1,1,1.0,0,0,0,1,0
291,2,sympy:63,1,2,0.5,0.6931471805599453,0.0,2,2,0.0,936,-0.5,0.6931471805599453,-1.0,0,0,2,0,0.5,0,0,0,1,0
291,3,sympy:63,1,3,0.3333333333333333,1.0986122886681096,0.0,3,3,0.0,1763,-0.16666666666666669,0.4054651081081643,0.0,0,0,3,0,0.3333333333333333,0,0,0,1,0
291,4,sympy:56,0,4,0.5,1.0397207708399179,0.25,3,1,0.0,2053,0.16666666666666669,-0.058891517828191686,0.25,1,1,3,1,0.6666666666666666,1,1,0,0,1
291,5,sympy:63,1,5,0.4,1.0549201679861442,0.0,3,1,0.0,2432,-0.09999999999999998,0.015199397146226312,-0.25,1,2,3,0,0.3333333333333333,0,0,0,1,0
291,6,sympy:63,1,6,0.5,1.0114042647073518,0.16666666666666666,3,2,0.0,2797,0.09999999999999998,-0.0435159032787924,0.16666666666666666,0,2,3,1,0.6666666666666666,0,0,0,1,0
291,7,sympy:63,1,7,0.5714285714285714,0.9556998911125343,0.2857142857142857,3,3,0.0,3238,0.0714285714285714,-0.0557043735948175,0.11904761904761904,0,2,3,2,1.0,0,0,0,1,0
291,8,sympy:63,1,8,0.625,0.9002560512685369,0.375,3,4,0.0,3556,0.0535714285714286,-0.05544383984399737,0.0892857142857143,0,2,4,3,1.0,0,0,0,1,0
291,9,sympy:63,1,9,0.5555555555555556,1.1490596969706202,0.3333333333333333,4,5,0.0,4425,-0.06944444444444442,0.24880364570208324,-0.041666666666666685,0,2,5,3,0.6666666666666666,0,0,0,1,0
291,10,sympy:63,1,10,0.6,1.0888999753452238,0.4,4,6,0.0,5170,0.0444444444444444,-0.0601597216253964,0.06666666666666671,0,2,6,4,0.6666666666666666,0,0,0,1,0
291,11,sympy:63,1,11,0.5454545454545454,1.1209503926735833,0.2727272727272727,4,7,0.0,5600,-0.054545454545454564,0.03205041732835956,-0.12727272727272732,0,2,7,3,0.3333333333333333,0,0,0,1,0
291,12,sympy:63,1,12,0.5833333333333334,1.0751393240053735,0.3333333333333333,4,8,0.0,6042,0.037878787878787956,-0.04581106866820983,0.06060606060606061,0,2,8,4,0.6666666666666666,0,0,0,1,0
291,13,sympy:63,1,13,0.5384615384615384,1.2636256721237273,0.3076923076923077,5,9,0.0,6442,-0.044871794871794934,0.18848634811835385,-0.025641025641025605,0,2,9,4,0.3333333333333333,0,0,0,1,0
291,14,sympy:63,1,14,0.5714285714285714,1.2153881010836147,0.35714285714285715,5,10,0.0,6846,0.03296703296703296,-0.048237571040112615,0.04945054945054944,0,2,10,5,0.6666666666666666,0,0,0,1,0
291,15,sympy:63,1,15,0.6,1.1699929969668565,0.4,5,11,0.0,7271,0.02857142857142858,-0.04539510411675818,0.04285714285714287,0,2,11,6,0.6666666666666666,0,0,0,1,0
291,16,sympy:63,1,16,0.5625,1.3306600933628872,0.375,6,12,0.0,7882,-0.03749999999999998,0.1606670963960306,-0.025000000000000022,0,2,12,6,0.6666666666666666,0,0,0,1,0
292,1,sympy:1260,0,1,1.0,-0.0,1.0,1,1,0.0,783,0.0,0.0,0.0,0,0,1,1,1.0,0,0,0,1,0
292,2,sympy:1260,0,1,1.0,-0.0,1.0,1,2,0.5,1807,0.0,0.0,0.0,0,0,2,1,1.0,0,0,0,1,0
292,3,sympy:1260,0,1,1.0,-0.0,1.0,1,3,0.6666666666666666,2831,0.0,0.0,0.0,0,0,3,1,1.0,0,0,0,1,0
292,4,sympy:1260,0,1,1.0,-0.0,1.0,1,4,0.75,3855,0.0,0.0,0.0,0,0,4,1,0.0,0,0,0,1,0
292,5,sympy:1260,0,1,1.0,-0.0,1.0,1,5,0.8,4879,0.0,0.0,0.0,0,0,5,1,0.0,0,0,0,1,0
292,6,sympy:1260,0,1,1.0,-0.0,1.0,1,6,0.8333333333333334,5903,0.0,0.0,0.0,0,0,6,1,0.0,0,0,0,1,0
292,7,sympy:1260,0,1,1.0,-0.0,1.0,1,7,0.8571428571428571,6927,0.0,0.0,0.0,0,0,7,1,0.0,0,0,0,1,0
292,8,sympy:1260,0,1,1.0,-0.0,1.0,1,8,0.875,7951,0.0,0.0,0.0,0,0,8,1,0.0,0,0,0,1,0
292,9,sympy:1260,0,1,1.0,-0.0,1.0,1,9,0.8888888888888888,8975,0.0,0.0,0.0,0,0,9,1,0.0,0,0,0,1,0
292,10,sympy:1260,0,1,1.0,-0.0,1.0,1,10,0.9,9999,0.0,0.0,0.0,0,0,10,1,0.0,0,0,0,1,0
292,11,sympy:1260,0,2,0.5,0.6931471805599453,0.0,2,11,0.8181818181818182,10957,-0.5,0.6931471805599453,-1.0,0,0,11,0,0.0,0,0,0,1,0
292,12,sympy:1260,0,2,0.5,0.6931471805599453,0.0,2,12,0.8333333333333334,11981,0.0,0.0,0.0,0,0,12,0,0.0,0,0,0,1,0
292,13,sympy:1260,0,2,0.5,0.6931471805599453,0.0,2,13,0.8461538461538461,13005,0.0,0.0,0.0,0,0,13,0,0.0,0,0,0,1,0
292,14,sympy:1260,0,2,0.5,0.6931471805599453,0.0,2,14,0.8571428571428571,14029,0.0,0.0,0.0,0,0,14,0,0.0,0,0,0,1,0
292,15,sympy:1260,0,2,0.5,0.6931471805599453,0.0,2,15,0.8666666666666667,15053,0.0,0.0,0.0,0,0,15,0,0.0,0,0,0,1,0
292,16,sympy:1260,0,2,0.5,0.6931471805599453,0.0,2,16,0.875,16077,0.0,0.0,0.0,0,0,16,0,0.0,0,0,0,1,0
293,1,"sympy:Interval.Lopen(3/5, 8/3)",1,1,1.0,-0.0,1.0,1,1,0.0,477,0.0,0.0,0.0,0,0,1,1,1.0,0,0,0,1,0
293,2,"sympy:Interval.Lopen(3/5, 8/3)",1,2,1.0,-0.0,1.0,1,2,0.0,1122,0.0,0.0,0.0,0,0,2,2,1.0,0,0,0,1,0
293,3,"sympy:Interval.Lopen(3/5, 8/3)",1,3,1.0,-0.0,1.0,1,3,0.0,1688,0.0,0.0,0.0,0,0,3,3,1.0,0,0,0,1,0
293,4,"sympy:Interval.Lopen(3/5, 8/3)",1,4,1.0,-0.0,1.0,1,4,0.0,2233,0.0,0.0,0.0,0,0,4,4,1.0,0,0,0,1,0
293,5,"sympy:Interval.Lopen(3/5, 8/3)",1,5,1.0,-0.0,1.0,1,5,0.0,2665,0.0,0.0,0.0,0,0,5,5,1.0,0,0,0,1,0
293,6,"sympy:Interval.Lopen(3/5, 8/3)",1,6,1.0,-0.0,1.0,1,6,0.0,3150,0.0,0.0,0.0,0,0,6,6,1.0,0,0,0,1,0
293,7,"sympy:Interval.Lopen(3/5, 8/3)",1,7,1.0,-0.0,1.0,1,7,0.0,3709,0.0,0.0,0.0,0,0,7,7,1.0,0,0,0,1,0
293,8,"sympy:Interval.Lopen(3/5, 8/3)",1,8,1.0,-0.0,1.0,1,8,0.0,4186,0.0,0.0,0.0,0,0,8,8,1.0,0,0,0,1,0
293,9,"sympy:Interval.Lopen(3/5, 8/3)",1,9,1.0,-0.0,1.0,1,9,0.0,4654,0.0,0.0,0.0,0,0,9,9,1.0,0,0,0,1,0
293,10,"sympy:Interval.Lopen(3/5, 8/3)",1,10,1.0,-0.0,1.0,1,10,0.0,5202,0.0,0.0,0.0,0,0,10,10,1.0,0,0,0,1,0
293,11,"sympy:Interval.Lopen(3/5, 8/3)",1,11,1.0,-0.0,1.0,1,11,0.0,5752,0.0,0.0,0.0,0,0,11,11,1.0,0,0,0,1,0
293,12,"sympy:Interval.Lopen(3/5, 8/3)",1,12,1.0,-0.0,1.0,1,12,0.0,6315,0.0,0.0,0.0,0,0,12,12,1.0,0,0,0,1,0
293,13,"sympy:Interval.Lopen(3/5, 8/3)",1,13,1.0,-0.0,1.0,1,13,0.0,6967,0.0,0.0,0.0,0,0,13,13,1.0,0,0,0,1,0
293,14,"sympy:Interval.Lopen(3/5, 8/3)",1,14,1.0,-0.0,1.0,1,14,0.0,7500,0.0,0.0,0.0,0,0,14,14,1.0,0,0,0,1,0
293,15,"sympy:Interval.Lopen(3/5, 8/3)",1,15,1.0,-0.0,1.0,1,15,0.0,8071,0.0,0.0,0.0,0,0,15,15,1.0,0,0,0,1,0
293,16,"sympy:Interval.Lopen(3/5, 8/3)",1,16,1.0,-0.0,1.0,1,16,0.0,8711,0.0,0.0,0.0,0,0,16,16,1.0,0,0,0,1,0
294,1,sympy:71,0,1,1.0,-0.0,1.0,1,1,0.0,497,0.0,0.0,0.0,0,0,1,1,1.0,1,1,0,0,1
294,2,sympy:71,0,2,0.5,0.6931471805599453,0.0,2,2,0.0,1391,-0.5,0.6931471805599453,-1.0,0,0,2,0,0.5,1,1,0,0,1
294,3,sympy:58,1,3,0.6666666666666666,0.6365141682948128,0.3333333333333333,2,1,0.0,2415,0.16666666666666663,-0.05663301226513251,0.3333333333333333,1,1,2,1,0.6666666666666666,0,0,0,1,0
294,4,sympy:58,1,4,0.75,0.5623351446188083,0.5,2,2,0.0,3192,0.08333333333333337,-0.07417902367600449,0.16666666666666669,0,1,2,2,1.0,0,0,0,1,0
294,5,sympy:58,1,5,0.8,0.5004024235381879,0.6,2,3,0.0,3790,0.050000000000000044,-0.06193272108062042,0.09999999999999998,0,1,3,3,1.0,0,0,0,1,0
294,6,sympy:58,1,6,0.8333333333333334,0.45056120886630463,0.6666666666666666,2,4,0.0,4372,0.033333333333333326,-0.04984121467188324,0.06666666666666665,0,1,4,4,1.0,0,0,0,1,0
294,7,sympy:58,1,6,0.8333333333333334,0.45056120886630463,0.6666666666666666,2,5,0.14285714285714285,5396,0.0,0.0,0.0,0,1,5,4,1.0,0,0,0,1,0
294,8,sympy:58,1,7,0.8571428571428571,0.410116318288409,0.7142857142857143,2,6,0.125,6326,0.023809523809523725,-0.04044489057789563,0.04761904761904767,0,1,6,5,1.0,0,0,0,1,0
294,9,sympy:58,1,8,0.875,0.37677016125643675,0.75,2,7,0.1111111111111111,7082,0.017857142857142905,-0.033346157031972246,0.0357142857142857,0,1,7,6,1.0,0,0,0,1,0
294,10,sympy:58,1,9,0.8888888888888888,0.34883209584303193,0.7777777777777778,2,8,0.1,7966,0.01388888888888884,-0.027938065413404822,0.02777777777777779,0,1,8,7,1.0,0,0,0,1,0
294,11,sympy:58,1,10,0.9,0.3250829733914482,0.8,2,9,0.09090909090909091,8749,0.011111111111111183,-0.023749122451583726,0.022222222222222254,0,1,9,8,1.0,0,0,0,1,0
294,12,sympy:58,1,11,0.9090909090909091,0.30463609734923813,0.8181818181818182,2,10,0.08333333333333333,9619,0.009090909090909038,-0.02044687604221007,0.018181818181818188,0,1,10,9,1.0,0,0,0,1,0
294,13,sympy:58,1,12,0.8333333333333334,0.5660857389596289,0.75,3,11,0.07692307692307693,10579,-0.07575757575757569,0.26144964161039075,-0.06818181818181823,0,1,11,9,0.6666666666666666,0,0,0,1,0
294,14,sympy:58,1,13,0.8461538461538461,0.5359610497090694,0.7692307692307693,3,12,0.07142857142857142,11018,0.012820512820512775,-0.030124689250559444,0.019230769230769273,0,1,12,10,0.6666666666666666,0,0,0,1,0
294,15,sympy:58,1,13,0.8461538461538461,0.5359610497090694,0.7692307692307693,3,13,0.13333333333333333,12042,0.0,0.0,0.0,0,1,13,10,0.5,0,0,0,1,0
294,16,sympy:58,1,13,0.8461538461538461,0.5359610497090694,0.7692307692307693,3,14,0.1875,13066,0.0,0.0,0.0,0,1,14,10,1.0,0,0,0,1,0
295,1,sympy:4,0,1,1.0,-0.0,1.0,1,1,0.0,757,0.0,0.0,0.0,0,0,1,1,1.0,0,0,0,1,0
295,2,sympy:4,0,2,0.5,0.6931471805599453,0.0,2,2,0.0,1292,-0.5,0.6931471805599453,-1.0,0,0,2,0,0.5,0,0,0,1,0
295,3,sympy:4,0,3,0.6666666666666666,0.6365141682948128,0.3333333333333333,2,3,0.0,2129,0.16666666666666663,-0.05663301226513251,0.3333333333333333,0,0,3,1,0.6666666666666666,0,0,0,1,0
295,4,sympy:4,0,4,0.75,0.5623351446188083,0.5,2,4,0.0,2675,0.08333333333333337,-0.07417902367600449,0.16666666666666669,0,0,4,2,0.6666666666666666,0,0,0,1,0
295,5,sympy:4,0,5,0.6,0.6730116670092565,0.2,2,5,0.0,3057,-0.15000000000000002,0.11067652239044823,-0.3,0,0,5,1,0.6666666666666666,0,0,0,1,0
295,6,sympy:4,0,6,0.6666666666666666,0.6365141682948128,0.3333333333333333,2,6,0.0,4081,0.06666666666666665,-0.036497498714443743,0.1333333333333333,0,0,6,2,0.6666666666666666,0,0,0,1,0
295,7,sympy:4,0,7,0.7142857142857143,0.5982695885852573,0.42857142857142855,2,7,0.0,4550,0.04761904761904767,-0.038244579709555526,0.09523809523809523,0,0,7,3,0.6666666666666666,0,0,0,1,0
295,8,sympy:4,0,8,0.75,0.5623351446188083,0.5,2,8,0.0,5020,0.0357142857142857,-0.03593444396644896,0.07142857142857145,0,0,8,4,1.0,0,0,0,1,0
295,9,sympy:4,0,9,0.6666666666666666,0.8486855577264172,0.4444444444444444,3,9,0.0,5754,-0.08333333333333337,0.2863504131076089,-0.05555555555555558,0,0,9,4,0.6666666666666666,0,0,0,1,0
295,10,sympy:4,0,10,0.6,0.8979457248567798,0.3,3,10,0.0,6257,-0.06666666666666665,0.04926016713036263,-0.14444444444444443,0,0,10,3,0.3333333333333333,0,0,0,1,0
295,11,sympy:4,0,11,0.5454545454545454,0.9164648855394713,0.18181818181818182,3,11,0.0,6678,-0.054545454545454564,0.018519160682691438,-0.11818181818181817,0,0,11,2,0.0,0,0,0,1,0
295,12,sympy:4,0,12,0.5,1.1269287948006759,0.16666666666666666,4,12,0.0,7593,-0.045454545454545414,0.21046390926120462,-0.015151515151515166,0,0,12,2,0.0,0,0,0,1,0
295,13,sympy:4,0,12,0.5,1.1269287948006759,0.16666666666666666,4,13,0.07692307692307693,8617,0.0,0.0,0.0,0,0,13,2,0.0,0,0,0,1,0
295,14,sympy:4,0,13,0.46153846153846156,1.1189688668816267,0.07692307692307693,4,14,0.07142857142857142,9562,-0.038461538461538436,-0.007959927919049203,-0.08974358974358973,0,0,14,1,0.0,0,0,0,1,0
295,15,sympy:4,0,14,0.42857142857142855,1.2963611597910563,0.07142857142857142,5,15,0.06666666666666667,9978,-0.032967032967033016,0.1773922929094296,-0.005494505494505503,0,0,15,1,0.0,0,0,0,1,0
295,16,sympy:4,0,15,0.4,1.274642625719766,0.0,5,16,0.0625,10715,-0.028571428571428525,-0.021718534071290208,-0.07142857142857142,0,0,16,0,0.0,0,0,0,1,0
296,1,sympy:c,0,1,1.0,-0.0,1.0,1,1,0.0,608,0.0,0.0,0.0,0,0,1,1,1.0,0,0,0,1,0
296,2,sympy:c,0,2,1.0,-0.0,1.0,1,2,0.0,1632,0.0,0.0,0.0,0,0,2,2,1.0,0,0,0,1,0
296,3,sympy:c,0,2,1.0,-0.0,1.0,1,3,0.3333333333333333,2656,0.0,0.0,0.0,0,0,3,2,1.0,0,0,0,1,0
296,4,sympy:c,0,3,1.0,-0.0,1.0,1,4,0.25,3680,0.0,0.0,0.0,0,0,4,3,1.0,0,0,0,1,0
296,5,sympy:c,0,4,1.0,-0.0,1.0,1,5,0.2,4461,0.0,0.0,0.0,0,0,5,4,1.0,0,0,0,1,0
296,6,sympy:c,0,5,1.0,-0.0,1.0,1,6,0.16666666666666666,4890,0.0,0.0,0.0,0,0,6,5,1.0,0,0,0,1,0
296,7,sympy:c,0,6,1.0,-0.0,1.0,1,7,0.14285714285714285,5595,0.0,0.0,0.0,0,0,7,6,1.0,0,0,0,1,0
296,8,sympy:c,0,7,0.8571428571428571,0.410116318288409,0.7142857142857143,2,8,0.125,6518,-0.1428571428571429,0.410116318288409,-0.2857142857142857,0,0,8,5,0.6666666666666666,0,0,0,1,0
296,9,sympy:c,0,8,0.875,0.37677016125643675,0.75,2,9,0.1111111111111111,7224,0.017857142857142905,-0.033346157031972246,0.0357142857142857,0,0,9,6,0.6666666666666666,0,0,0,1,0
296,10,sympy:c,0,8,0.875,0.37677016125643675,0.75,2,10,0.2,8248,0.0,0.0,0.0,0,0,10,6,0.5,0,0,0,1,0
296,11,sympy:c,0,8,0.875,0.37677016125643675,0.75,2,11,0.2727272727272727,9272,0.0,0.0,0.0,0,0,11,6,1.0,0,0,0,1,0
296,12,sympy:c,0,9,0.7777777777777778,0.6837389058487535,0.6666666666666666,3,12,0.25,9678,-0.09722222222222221,0.30696874459231677,-0.08333333333333337,0,0,12,6,0.0,0,0,0,1,0
296,13,sympy:c,0,10,0.7,0.9404479886553263,0.6,4,13,0.23076923076923078,10334,-0.07777777777777783,0.2567090828065728,-0.06666666666666665,0,0,13,6,0.0,0,0,0,1,0
296,14,sympy:c,0,11,0.7272727272727273,0.8855741515766717,0.6363636363636364,4,14,0.21428571428571427,11005,0.027272727272727337,-0.054873837078654564,0.036363636363636376,0,0,14,7,0.3333333333333333,0,0,0,1,0
296,15,sympy:c,0,11,0.7272727272727273,0.8855741515766717,0.6363636363636364,4,15,0.26666666666666666,12029,0.0,0.0,0.0,0,0,15,7,0.5,0,0,0,1,0
296,16,sympy:c,0,12,0.6666666666666666,0.9830877585747855,0.5,4,16,0.25,12612,-0.06060606060606066,0.09751360699811373,-0.13636363636363635,0,0,16,6,0.5,0,0,0,1,0
297,1,sympy:103,1,1,1.0,-0.0,1.0,1,1,0.0,651,0.0,0.0,0.0,0,0,1,1,1.0,0,0,0,1,0
297,2,sympy:103,1,2,1.0,-0.0,1.0,1,2,0.0,1381,0.0,0.0,0.0,0,0,2,2,1.0,0,0,0,1,0
297,3,sympy:103,1,3,1.0,-0.0,1.0,1,3,0.0,1887,0.0,0.0,0.0,0,0,3,3,1.0,0,0,0,1,0
297,4,sympy:103,1,4,1.0,-0.0,1.0,1,4,0.0,2698,0.0,0.0,0.0,0,0,4,4,1.0,0,0,0,1,0
297,5,sympy:103,1,5,1.0,-0.0,1.0,1,5,0.0,3481,0.0,0.0,0.0,0,0,5,5,1.0,0,0,0,1,0
297,6,sympy:103,1,6,1.0,-0.0,1.0,1,6,0.0,4205,0.0,0.0,0.0,0,0,6,6,1.0,0,0,0,1,0
297,7,sympy:103,1,7,1.0,-0.0,1.0,1,7,0.0,4749,0.0,0.0,0.0,0,0,7,7,1.0,0,0,0,1,0
297,8,sympy:103,1,8,1.0,-0.0,1.0,1,8,0.0,5471,0.0,0.0,0.0,0,0,8,8,1.0,0,0,0,1,0
297,9,sympy:103,1,9,1.0,-0.0,1.0,1,9,0.0,6012,0.0,0.0,0.0,0,0,9,9,1.0,0,0,0,1,0
297,10,sympy:103,1,10,1.0,-0.0,1.0,1,10,0.0,6625,0.0,0.0,0.0,0,0,10,10,1.0,0,0,0,1,0
297,11,sympy:103,1,11,1.0,-0.0,1.0,1,11,0.0,7316,0.0,0.0,0.0,0,0,11,11,1.0,0,0,0,1,0
297,12,sympy:103,1,12,1.0,-0.0,1.0,1,12,0.0,8097,0.0,0.0,0.0,0,0,12,12,1.0,0,0,0,1,0
297,13,sympy:103,1,13,1.0,-0.0,1.0,1,13,0.0,8835,0.0,0.0,0.0,0,0,13,13,1.0,0,0,0,1,0
297,14,sympy:103,1,14,1.0,-0.0,1.0,1,14,0.0,9629,0.0,0.0,0.0,0,0,14,14,1.0,0,0,0,1,0
297,15,sympy:103,1,15,1.0,-0.0,1.0,1,15,0.0,10192,0.0,0.0,0.0,0,0,15,15,1.0,0,0,0,1,0
297,16,sympy:103,1,16,1.0,-0.0,1.0,1,16,0.0,10765,0.0,0.0,0.0,0,0,16,16,1.0,0,0,0,1,0
298,1,sympy:6,0,1,1.0,-0.0,1.0,1,1,0.0,918,0.0,0.0,0.0,0,0,1,1,1.0,1,1,0,0,1
298,2,sympy:6,0,1,1.0,-0.0,1.0,1,2,0.5,1942,0.0,0.0,0.0,0,0,2,1,1.0,1,1,0,0,1
298,3,sympy:6,0,2,0.5,0.6931471805599453,0.0,2,3,0.3333333333333333,2964,-0.5,0.6931471805599453,-1.0,0,0,3,0,0.5,1,1,0,0,1
298,4,sympy:-18,1,3,0.6666666666666666,0.6365141682948128,0.3333333333333333,2,1,0.25,3861,0.16666666666666663,-0.05663301226513251,0.3333333333333333,1,1,3,1,1.0,0,0,0,1,0
298,5,sympy:-18,1,3,0.6666666666666666,0.6365141682948128,0.3333333333333333,2,2,0.4,4885,0.0,0.0,0.0,0,1,3,1,1.0,0,0,0,1,0
298,6,sympy:6,0,4,0.5,0.6931471805599453,0.0,2,1,0.3333333333333333,5866,-0.16666666666666663,0.05663301226513251,-0.3333333333333333,1,2,3,0,0.5,1,1,0,0,1
298,7,sympy:-18,1,5,0.6,0.6730116670092565,0.2,2,1,0.2857142857142857,6729,0.09999999999999998,-0.020135513550688766,0.2,1,3,3,1,0.5,0,0,0,1,0
298,8,sympy:-18,1,6,0.6666666666666666,0.6365141682948128,0.3333333333333333,2,2,0.25,7583,0.06666666666666665,-0.036497498714443743,0.1333333333333333,0,3,3,2,0.6666666666666666,0,0,0,1,0
298,9,sympy:-18,1,6,0.6666666666666666,0.6365141682948128,0.3333333333333333,2,3,0.3333333333333333,8607,0.0,0.0,0.0,0,3,3,2,1.0,0,0,0,1,0
298,10,sympy:-18,1,7,0.7142857142857143,0.5982695885852573,0.42857142857142855,2,4,0.3,9590,0.04761904761904767,-0.038244579709555526,0.09523809523809523,0,3,4,3,1.0,0,0,0,1,0
298,11,sympy:-18,1,8,0.75,0.5623351446188083,0.5,2,5,0.2727272727272727,10502,0.0357142857142857,-0.03593444396644896,0.07142857142857145,0,3,5,4,1.0,0,0,0,1,0
298,12,sympy:-18,1,9,0.7777777777777778,0.5297061990576545,0.5555555555555556,2,6,0.25,11523,0.02777777777777779,-0.03262894556115381,0.05555555555555558,0,3,6,5,1.0,0,0,0,1,0
298,13,sympy:-18,1,10,0.7,0.6108643020548935,0.4,2,7,0.23076923076923078,12518,-0.07777777777777783,0.08115810299723902,-0.15555555555555556,0,3,7,4,0.6666666666666666,0,0,0,1,0
298,14,sympy:-18,1,11,0.7272727272727273,0.5859526183035508,0.45454545454545453,2,8,0.21428571428571427,13539,0.027272727272727337,-0.024911683751342673,0.05454545454545451,0,3,8,5,0.6666666666666666,0,0,0,1,0
298,15,sympy:-18,1,12,0.75,0.5623351446188083,0.5,2,9,0.2,14484,0.022727272727272707,-0.02361747368474254,0.04545454545454547,0,3,9,6,0.6666666666666666,0,0,0,1,0
298,16,sympy:-18,1,12,0.75,0.5623351446188083,0.5,2,10,0.25,15508,0.0,0.0,0.0,0,3,10,6,1.0,0,0,0,1,0
299,1,sympy:63,1,1,1.0,-0.0,1.0,1,1,0.0,343,0.0,0.0,0.0,0,0,1,1,1.0,0,0,0,1,0
299,2,sympy:63,1,2,1.0,-0.0,1.0,1,2,0.0,722,0.0,0.0,0.0,0,0,2,2,1.0,0,0,0,1,0
299,3,sympy:63,1,3,1.0,-0.0,1.0,1,3,0.0,1049,0.0,0.0,0.0,0,0,3,3,1.0,0,0,0,1,0
299,4,sympy:63,1,4,1.0,-0.0,1.0,1,4,0.0,1424,0.0,0.0,0.0,0,0,4,4,1.0,0,0,0,1,0
299,5,sympy:63,1,5,1.0,-0.0,1.0,1,5,0.0,1704,0.0,0.0,0.0,0,0,5,5,1.0,0,0,0,1,0
299,6,sympy:63,1,6,1.0,-0.0,1.0,1,6,0.0,2064,0.0,0.0,0.0,0,0,6,6,1.0,0,0,0,1,0
299,7,sympy:63,1,7,1.0,-0.0,1.0,1,7,0.0,2459,0.0,0.0,0.0,0,0,7,7,1.0,0,0,0,1,0
299,8,sympy:63,1,8,1.0,-0.0,1.0,1,8,0.0,2811,0.0,0.0,0.0,0,0,8,8,1.0,0,0,0,1,0
299,9,sympy:63,1,9,1.0,-0.0,1.0,1,9,0.0,3174,0.0,0.0,0.0,0,0,9,9,1.0,0,0,0,1,0
299,10,sympy:63,1,10,1.0,-0.0,1.0,1,10,0.0,3490,0.0,0.0,0.0,0,0,10,10,1.0,0,0,0,1,0
299,11,sympy:63,1,11,0.9090909090909091,0.30463609734923813,0.8181818181818182,2,11,0.0,4080,-0.09090909090909094,0.30463609734923813,-0.18181818181818177,0,0,11,9,0.6666666666666666,0,0,0,1,0
299,12,sympy:63,1,12,0.9166666666666666,0.2868359830561607,0.8333333333333334,2,12,0.0,4413,0.007575757575757569,-0.01780011429307743,0.015151515151515138,0,0,12,10,0.6666666666666666,0,0,0,1,0
299,13,sympy:63,1,13,0.9230769230769231,0.2711893730418441,0.8461538461538461,2,13,0.0,4803,0.0064102564102564985,-0.01564661001431661,0.012820512820512775,0,0,13,11,0.6666666666666666,0,0,0,1,0
299,14,sympy:63,1,14,0.9285714285714286,0.25731864054383163,0.8571428571428571,2,14,0.0,5191,0.005494505494505475,-0.013870732498012461,0.01098901098901095,0,0,14,12,1.0,0,0,0,1,0
299,15,sympy:63,1,15,0.9333333333333333,0.24493002679463532,0.8666666666666667,2,15,0.0,5582,0.004761904761904745,-0.012388613749196309,0.009523809523809601,0,0,15,13,1.0,0,0,0,1,0
299,16,sympy:63,1,16,0.9375,0.2337916587064593,0.875,2,16,0.0,5947,0.004166666666666652,-0.011138368088176032,0.008333333333333304,0,0,16,14,1.0,0,0,0,1,0
300,1,sympy:12,1,1,1.0,-0.0,1.0,1,1,0.0,268,0.0,0.0,0.0,0,0,1,1,1.0,0,0,0,1,0
300,2,sympy:12,1,2,1.0,-0.0,1.0,1,2,0.0,535,0.0,0.0,0.0,0,0,2,2,1.0,0,0,0,1,0
300,3,sympy:12,1,3,1.0,-0.0,1.0,1,3,0.0,822,0.0,0.0,0.0,0,0,3,3,1.0,0,0,0,1,0
300,4,sympy:12,1,4,1.0,-0.0,1.0,1,4,0.0,1106,0.0,0.0,0.0,0,0,4,4,1.0,0,0,0,1,0
300,5,sympy:12,1,5,1.0,-0.0,1.0,1,5,0.0,1365,0.0,0.0,0.0,0,0,5,5,1.0,0,0,0,1,0
300,6,sympy:12,1,6,1.0,-0.0,1.0,1,6,0.0,1636,0.0,0.0,0.0,0,0,6,6,1.0,0,0,0,1,0
300,7,sympy:12,1,7,1.0,-0.0,1.0,1,7,0.0,1851,0.0,0.0,0.0,0,0,7,7,1.0,0,0,0,1,0
300,8,sympy:12,1,8,1.0,-0.0,1.0,1,8,0.0,2066,0.0,0.0,0.0,0,0,8,8,1.0,0,0,0,1,0
300,9,sympy:12,1,9,1.0,-0.0,1.0,1,9,0.0,3090,0.0,0.0,0.0,0,0,9,9,1.0,0,0,0,1,0
300,10,sympy:12,1,10,1.0,-0.0,1.0,1,10,0.0,3327,0.0,0.0,0.0,0,0,10,10,1.0,0,0,0,1,0
300,11,sympy:12,1,11,1.0,-0.0,1.0,1,11,0.0,3583,0.0,0.0,0.0,0,0,11,11,1.0,0,0,0,1,0
300,12,sympy:12,1,12,1.0,-0.0,1.0,1,12,0.0,3829,0.0,0.0,0.0,0,0,12,12,1.0,0,0,0,1,0
300,13,sympy:12,1,13,1.0,-0.0,1.0,1,13,0.0,4093,0.0,0.0,0.0,0,0,13,13,1.0,0,0,0,1,0
300,14,sympy:12,1,14,1.0,-0.0,1.0,1,14,0.0,4334,0.0,0.0,0.0,0,0,14,14,1.0,0,0,0,1,0
300,15,sympy:12,1,15,1.0,-0.0,1.0,1,15,0.0,4567,0.0,0.0,0.0,0,0,15,15,1.0,0,0,0,1,0
300,16,sympy:12,1,16,1.0,-0.0,1.0,1,16,0.0,4827,0.0,0.0,0.0,0,0,16,16,1.0,0,0,0,1,0
301,1,sympy:5.50000000000000,0,1,1.0,-0.0,1.0,1,1,0.0,490,0.0,0.0,0.0,0,0,1,1,1.0,0,0,0,1,0
301,2,sympy:5.50000000000000,0,2,1.0,-0.0,1.0,1,2,0.0,940,0.0,0.0,0.0,0,0,2,2,1.0,0,0,0,1,0
301,3,sympy:5.50000000000000,0,3,1.0,-0.0,1.0,1,3,0.0,1440,0.0,0.0,0.0,0,0,3,3,1.0,0,0,0,1,0
301,4,sympy:5.50000000000000,0,4,1.0,-0.0,1.0,1,4,0.0,2111,0.0,0.0,0.0,0,0,4,4,1.0,0,0,0,1,0
301,5,sympy:5.50000000000000,0,5,1.0,-0.0,1.0,1,5,0.0,2540,0.0,0.0,0.0,0,0,5,5,1.0,0,0,0,1,0
301,6,sympy:5.50000000000000,0,6,0.8333333333333334,0.45056120886630463,0.6666666666666666,2,6,0.0,2974,-0.16666666666666663,0.45056120886630463,-0.33333333333333337,0,0,6,4,0.6666666666666666,0,0,0,1,0
301,7,sympy:5.50000000000000,0,7,0.8571428571428571,0.410116318288409,0.7142857142857143,2,7,0.0,3424,0.023809523809523725,-0.04044489057789563,0.04761904761904767,0,0,7,5,0.6666666666666666,0,0,0,1,0
301,8,sympy:5.50000000000000,0,8,0.75,0.7356219397587946,0.625,3,8,0.0,3910,-0.1071428571428571,0.32550562147038564,-0.0892857142857143,0,0,8,5,0.3333333333333333,0,0,0,1,0
301,9,sympy:5.50000000000000,0,9,0.7777777777777778,0.6837389058487535,0.6666666666666666,3,9,0.0,4331,0.02777777777777779,-0.05188303391004112,0.04166666666666663,0,0,9,6,0.6666666666666666,0,0,0,1,0
301,10,sympy:5.50000000000000,0,10,0.8,0.639031859650177,0.7,3,10,0.0,4714,0.022222222222222254,-0.04470704619857657,0.033333333333333326,0,0,10,7,0.6666666666666666,0,0,0,1,0
301,11,sympy:5.50000000000000,0,11,0.7272727272727273,0.8855741515766717,0.6363636363636364,4,11,0.0,5085,-0.07272727272727275,0.2465422919264948,-0.0636363636363636,0,0,11,7,0.6666666666666666,0,0,0,1,0
301,12,sympy:5.50000000000000,0,12,0.6666666666666666,1.0986122886681098,0.5833333333333334,5,12,0.0,5631,-0.06060606060606066,0.21303813709143804,-0.05303030303030298,0,0,12,7,0.3333333333333333,0,0,0,1,0
301,13,sympy:5.50000000000000,0,13,0.6923076923076923,1.0437938808441543,0.6153846153846154,5,13,0.0,6065,0.02564102564102566,-0.05481840782395553,0.03205128205128205,0,0,13,8,0.3333333333333333,0,0,0,1,0
301,14,sympy:5.50000000000000,0,14,0.6428571428571429,1.2265558156134033,0.5714285714285714,6,14,0.0,6488,-0.049450549450549386,0.18276193476924907,-0.04395604395604402,0,0,14,8,0.3333333333333333,0,0,0,1,0
301,15,sympy:5.50000000000000,0,15,0.6,1.3897154547004784,0.5333333333333333,7,15,0.0,6986,-0.04285714285714293,0.1631596390870751,-0.03809523809523807,0,0,15,8,0.3333333333333333,0,0,0,1,0
301,16,sympy:5.50000000000000,0,16,0.625,1.3334730391185028,0.5625,7,16,0.0,7534,0.025000000000000022,-0.056242415581975624,0.029166666666666674,0,0,16,9,0.3333333333333333,0,0,0,1,0
302,1,sympy:11110,0,1,1.0,-0.0,1.0,1,1,0.0,575,0.0,0.0,0.0,0,0,1,1,1.0,1,1,0,0,1
302,2,sympy:11110,0,2,0.5,0.6931471805599453,0.0,2,2,0.0,1139,-0.5,0.6931471805599453,-1.0,0,0,2,0,0.5,1,1,0,0,1
302,3,sympy:11110,0,3,0.3333333333333333,1.0986122886681096,0.0,3,3,0.0,1704,-0.16666666666666669,0.4054651081081643,0.0,0,0,3,0,0.3333333333333333,1,1,0,0,1
302,4,sympy:11110,0,4,0.25,1.3862943611198906,0.0,4,4,0.0,2227,-0.08333333333333331,0.287682072451781,0.0,0,0,4,0,0.0,1,1,0,0,1
302,5,sympy:11110,0,5,0.2,1.6094379124341005,0.0,5,5,0.0,2855,-0.04999999999999999,0.22314355131420993,0.0,0,0,5,0,0.0,1,1,0,0,1
302,6,sympy:11110,0,6,0.16666666666666666,1.791759469228055,0.0,6,6,0.0,3623,-0.033333333333333354,0.18232155679395445,0.0,0,0,6,0,0.0,1,1,0,0,1
302,7,sympy:11110,0,7,0.14285714285714285,1.9459101490553132,0.0,7,7,0.0,4539,-0.023809523809523808,0.15415067982725827,0.0,0,0,7,0,0.0,1,1,0,0,1
302,8,sympy:11110,0,8,0.125,2.0794415416798357,0.0,8,8,0.0,5396,-0.01785714285714285,0.13353139262452252,0.0,0,0,8,0,0.0,1,1,0,0,1
302,9,sympy:11110,0,8,0.125,2.0794415416798357,0.0,8,9,0.1111111111111111,6420,0.0,0.0,0.0,0,0,9,0,0.0,1,1,0,0,1
302,10,sympy:4,0,9,0.2222222222222222,2.0431918705451206,0.1111111111111111,8,1,0.1,7048,0.09722222222222221,-0.03624967113471511,0.1111111111111111,1,1,9,1,0.5,1,1,0,0,1
302,11,sympy:4,0,9,0.2222222222222222,2.0431918705451206,0.1111111111111111,8,2,0.18181818181818182,8072,0.0,0.0,0.0,0,1,9,1,1.0,1,1,0,0,1
302,12,sympy:4,0,9,0.2222222222222222,2.0431918705451206,0.1111111111111111,8,3,0.25,9096,0.0,0.0,0.0,0,1,9,1,1.0,1,1,0,0,1
302,13,sympy:4,0,9,0.2222222222222222,2.0431918705451206,0.1111111111111111,8,4,0.3076923076923077,10120,0.0,0.0,0.0,0,1,9,1,0.0,1,1,0,0,1
302,14,sympy:5,1,10,0.2,2.0253262207700677,0.0,8,1,0.2857142857142857,11033,-0.0222222222222222,-0.017865649775052894,-0.1111111111111111,1,2,9,0,1.0,0,0,0,1,0
302,15,sympy:5,1,10,0.2,2.0253262207700677,0.0,8,2,0.3333333333333333,12057,0.0,0.0,0.0,0,2,9,0,1.0,0,0,0,1,0
302,16,sympy:5,1,10,0.2,2.0253262207700677,0.0,8,3,0.375,13081,0.0,0.0,0.0,0,2,9,0,1.0,0,0,0,1,0
303,1,sympy:21,0,1,1.0,-0.0,1.0,1,1,0.0,995,0.0,0.0,0.0,0,0,1,1,1.0,0,0,0,1,0
303,2,sympy:21,0,2,1.0,-0.0,1.0,1,2,0.0,1963,0.0,0.0,0.0,0,0,2,2,1.0,0,0,0,1,0
303,3,sympy:21,0,3,1.0,-0.0,1.0,1,3,0.0,2777,0.0,0.0,0.0,0,0,3,3,1.0,0,0,0,1,0
303,4,sympy:21,0,3,1.0,-0.0,1.0,1,4,0.25,3801,0.0,0.0,0.0,0,0,4,3,1.0,0,0,0,1,0
303,5,sympy:21,0,4,1.0,-0.0,1.0,1,5,0.2,4528,0.0,0.0,0.0,0,0,5,4,1.0,0,0,0,1,0
303,6,sympy:21,0,4,1.0,-0.0,1.0,1,6,0.3333333333333333,5552,0.0,0.0,0.0,0,0,6,4,1.0,0,0,0,1,0
303,7,sympy:21,0,5,1.0,-0.0,1.0,1,7,0.2857142857142857,6419,0.0,0.0,0.0,0,0,7,5,1.0,0,0,0,1,0
303,8,sympy:21,0,6,1.0,-0.0,1.0,1,8,0.25,7328,0.0,0.0,0.0,0,0,8,6,1.0,0,0,0,1,0
303,9,sympy:21,0,7,1.0,-0.0,1.0,1,9,0.2222222222222222,8121,0.0,0.0,0.0,0,0,9,7,1.0,0,0,0,1,0
303,10,sympy:21,0,8,1.0,-0.0,1.0,1,10,0.2,9074,0.0,0.0,0.0,0,0,10,8,1.0,0,0,0,1,0
303,11,sympy:21,0,9,1.0,-0.0,1.0,1,11,0.18181818181818182,9786,0.0,0.0,0.0,0,0,11,9,1.0,0,0,0,1,0
303,12,sympy:21,0,9,1.0,-0.0,1.0,1,12,0.25,10810,0.0,0.0,0.0,0,0,12,9,1.0,0,0,0,1,0
303,13,sympy:21,0,10,1.0,-0.0,1.0,1,13,0.23076923076923078,11404,0.0,0.0,0.0,0,0,13,10,1.0,0,0,0,1,0
303,14,sympy:21,0,11,1.0,-0.0,1.0,1,14,0.21428571428571427,12300,0.0,0.0,0.0,0,0,14,11,1.0,0,0,0,1,0
303,15,sympy:21,0,11,1.0,-0.0,1.0,1,15,0.26666666666666666,13324,0.0,0.0,0.0,0,0,15,11,1.0,0,0,0,1,0
303,16,sympy:21,0,12,1.0,-0.0,1.0,1,16,0.25,13978,0.0,0.0,0.0,0,0,16,12,1.0,0,0,0,1,0
304,1,sympy:9,1,1,1.0,-0.0,1.0,1,1,0.0,954,0.0,0.0,0.0,0,0,1,1,1.0,0,0,0,1,0
304,2,sympy:9,1,2,1.0,-0.0,1.0,1,2,0.0,1731,0.0,0.0,0.0,0,0,2,2,1.0,0,0,0,1,0
304,3,sympy:9,1,2,1.0,-0.0,1.0,1,3,0.3333333333333333,2755,0.0,0.0,0.0,0,0,3,2,1.0,0,0,0,1,0
304,4,sympy:9,1,3,1.0,-0.0,1.0,1,4,0.25,3692,0.0,0.0,0.0,0,0,4,3,1.0,0,0,0,1,0
304,5,sympy:9,1,4,1.0,-0.0,1.0,1,5,0.2,4435,0.0,0.0,0.0,0,0,5,4,1.0,0,0,0,1,0
304,6,sympy:9,1,5,1.0,-0.0,1.0,1,6,0.16666666666666666,5222,0.0,0.0,0.0,0,0,6,5,1.0,0,0,0,1,0
304,7,sympy:9,1,6,1.0,-0.0,1.0,1,7,0.14285714285714285,6122,0.0,0.0,0.0,0,0,7,6,1.0,0,0,0,1,0
304,8,sympy:9,1,7,1.0,-0.0,1.0,1,8,0.125,6863,0.0,0.0,0.0,0,0,8,7,1.0,0,0,0,1,0
304,9,sympy:9,1,7,1.0,-0.0,1.0,1,9,0.2222222222222222,7887,0.0,0.0,0.0,0,0,9,7,1.0,0,0,0,1,0
304,10,sympy:9,1,8,1.0,-0.0,1.0,1,10,0.2,8646,0.0,0.0,0.0,0,0,10,8,1.0,0,0,0,1,0
304,11,sympy:9,1,9,1.0,-0.0,1.0,1,11,0.18181818181818182,9637,0.0,0.0,0.0,0,0,11,9,1.0,0,0,0,1,0
304,12,sympy:9,1,10,1.0,-0.0,1.0,1,12,0.16666666666666666,10528,0.0,0.0,0.0,0,0,12,10,1.0,0,0,0,1,0
304,13,sympy:9,1,11,1.0,-0.0,1.0,1,13,0.15384615384615385,11288,0.0,0.0,0.0,0,0,13,11,1.0,0,0,0,1,0
304,14,sympy:9,1,12,1.0,-0.0,1.0,1,14,0.14285714285714285,12119,0.0,0.0,0.0,0,0,14,12,1.0,0,0,0,1,0
304,15,sympy:9,1,13,1.0,-0.0,1.0,1,15,0.13333333333333333,12879,0.0,0.0,0.0,0,0,15,13,1.0,0,0,0,1,0
304,16,sympy:9,1,14,1.0,-0.0,1.0,1,16,0.125,13670,0.0,0.0,0.0,0,0,16,14,1.0,0,0,0,1,0
305,1,sympy:9/19,1,1,1.0,-0.0,1.0,1,1,0.0,1024,0.0,0.0,0.0,0,0,1,1,1.0,0,0,0,1,0
305,2,sympy:9/19,1,2,1.0,-0.0,1.0,1,2,0.0,1570,0.0,0.0,0.0,0,0,2,2,1.0,0,0,0,1,0
305,3,sympy:9/19,1,3,1.0,-0.0,1.0,1,3,0.0,2148,0.0,0.0,0.0,0,0,3,3,1.0,0,0,0,1,0
305,4,sympy:9/19,1,4,1.0,-0.0,1.0,1,4,0.0,2864,0.0,0.0,0.0,0,0,4,4,1.0,0,0,0,1,0
305,5,sympy:9/19,1,5,1.0,-0.0,1.0,1,5,0.0,3309,0.0,0.0,0.0,0,0,5,5,1.0,0,0,0,1,0
305,6,sympy:9/19,1,6,1.0,-0.0,1.0,1,6,0.0,3813,0.0,0.0,0.0,0,0,6,6,1.0,0,0,0,1,0
305,7,sympy:9/19,1,7,1.0,-0.0,1.0,1,7,0.0,4311,0.0,0.0,0.0,0,0,7,7,1.0,0,0,0,1,0
305,8,sympy:9/19,1,8,1.0,-0.0,1.0,1,8,0.0,4835,0.0,0.0,0.0,0,0,8,8,1.0,0,0,0,1,0
305,9,sympy:9/19,1,9,1.0,-0.0,1.0,1,9,0.0,5347,0.0,0.0,0.0,0,0,9,9,1.0,0,0,0,1,0
305,10,sympy:9/19,1,10,1.0,-0.0,1.0,1,10,0.0,6371,0.0,0.0,0.0,0,0,10,10,1.0,0,0,0,1,0
305,11,sympy:9/19,1,11,1.0,-0.0,1.0,1,11,0.0,6902,0.0,0.0,0.0,0,0,11,11,1.0,0,0,0,1,0
305,12,sympy:9/19,1,12,1.0,-0.0,1.0,1,12,0.0,7458,0.0,0.0,0.0,0,0,12,12,1.0,0,0,0,1,0
305,13,sympy:9/19,1,13,1.0,-0.0,1.0,1,13,0.0,8482,0.0,0.0,0.0,0,0,13,13,1.0,0,0,0,1,0
305,14,sympy:9/19,1,14,1.0,-0.0,1.0,1,14,0.0,8998,0.0,0.0,0.0,0,0,14,14,1.0,0,0,0,1,0
305,15,sympy:9/19,1,15,1.0,-0.0,1.0,1,15,0.0,10022,0.0,0.0,0.0,0,0,15,15,1.0,0,0,0,1,0
305,16,sympy:9/19,1,16,1.0,-0.0,1.0,1,16,0.0,10553,0.0,0.0,0.0,0,0,16,16,1.0,0,0,0,1,0
306,1,sympy:oo,0,1,1.0,-0.0,1.0,1,1,0.0,512,0.0,0.0,0.0,0,0,1,1,1.0,1,0,0,1,1
306,2,sympy:oo,0,2,0.5,0.6931471805599453,0.0,2,2,0.0,1234,-0.5,0.6931471805599453,-1.0,0,0,2,0,0.5,1,0,0,1,1
306,3,sympy:oo,0,3,0.6666666666666666,0.6365141682948128,0.3333333333333333,2,3,0.0,2202,0.16666666666666663,-0.05663301226513251,0.3333333333333333,0,0,3,1,0.6666666666666666,1,0,0,1,1
306,4,sympy:oo,0,4,0.5,1.0397207708399179,0.25,3,4,0.0,2908,-0.16666666666666663,0.4032066025451051,-0.08333333333333331,0,0,4,1,0.3333333333333333,1,0,0,1,1
306,5,sympy:oo,0,5,0.4,1.3321790402101223,0.2,4,5,0.0,3606,-0.09999999999999998,0.29245826937020447,-0.04999999999999999,0,0,5,1,0.3333333333333333,1,0,0,1,1
306,6,sympy:oo,0,6,0.3333333333333333,1.3296613488547582,0.0,4,6,0.0,4514,-0.06666666666666671,-0.002517691355364171,-0.2,0,0,6,0,0.0,1,0,0,1,1
306,7,sympy:oo,0,7,0.2857142857142857,1.5498260458782016,0.0,5,7,0.0,5368,-0.047619047619047616,0.22016469702344343,0.0,0,0,7,0,0.0,1,0,0,1,1
306,8,sympy:oo,0,8,0.25,1.559581156259877,0.0,5,8,0.0,6060,-0.0357142857142857,0.009755110381675314,0.0,0,0,8,0,0.0,1,0,0,1,1
306,9,sympy:2,0,9,0.3333333333333333,1.5229550675313184,0.1111111111111111,5,1,0.0,6896,0.08333333333333331,-0.03662608872855855,0.1111111111111111,1,1,8,1,0.6666666666666666,0,0,0,1,0
306,10,sympy:2,0,10,0.3,1.5571130980576458,0.1,5,2,0.0,7545,-0.033333333333333326,0.034158030526327376,-0.0111111111111111,0,1,8,1,0.6666666666666666,0,0,0,1,0
306,11,sympy:2,0,10,0.3,1.5571130980576458,0.1,5,3,0.09090909090909091,8569,0.0,0.0,0.0,0,1,8,1,0.5,0,0,0,1,0
306,12,sympy:2,0,11,0.36363636363636365,1.515707952085713,0.18181818181818182,5,4,0.08333333333333333,9354,0.06363636363636366,-0.04140514597193268,0.08181818181818182,0,1,8,2,0.5,0,0,0,1,0
306,13,sympy:2,0,12,0.3333333333333333,1.5607104090414063,0.16666666666666666,5,5,0.07692307692307693,10357,-0.03030303030303033,0.04500245695569327,-0.015151515151515166,0,1,8,2,0.5,0,0,0,1,0
306,14,sympy:2,0,12,0.3333333333333333,1.5607104090414063,0.16666666666666666,5,6,0.14285714285714285,11381,0.0,0.0,0.0,0,1,8,2,0.5,0,0,0,1,0
306,15,sympy:2,0,13,0.3076923076923077,1.711845135233912,0.15384615384615385,6,7,0.13333333333333333,12353,-0.025641025641025605,0.15113472619250556,-0.012820512820512803,0,1,8,2,0.0,0,0,0,1,0
306,16,sympy:2,0,14,0.35714285714285715,1.6681739719973967,0.21428571428571427,6,8,0.125,12981,0.04945054945054944,-0.04367116323651521,0.06043956043956042,0,1,8,3,0.5,0,0,0,1,0
307,1,"sympy:Interval(-oo, 0)",1,1,1.0,-0.0,1.0,1,1,0.0,512,0.0,0.0,0.0,0,0,1,1,1.0,0,0,0,1,0
307,2,"sympy:Interval(-oo, 0)",1,2,1.0,-0.0,1.0,1,2,0.0,1041,0.0,0.0,0.0,0,0,2,2,1.0,0,0,0,1,0
307,3,"sympy:Interval(-oo, 0)",1,3,1.0,-0.0,1.0,1,3,0.0,1541,0.0,0.0,0.0,0,0,3,3,1.0,0,0,0,1,0
307,4,"sympy:Interval(-oo, 0)",1,4,0.75,0.5623351446188083,0.5,2,4,0.0,2095,-0.25,0.5623351446188083,-0.5,0,0,4,2,0.6666666666666666,0,0,0,1,0
307,5,"sympy:Interval(-oo, 0)",1,5,0.8,0.5004024235381879,0.6,2,5,0.0,2626,0.050000000000000044,-0.06193272108062042,0.09999999999999998,0,0,5,3,0.6666666666666666,0,0,0,1,0
307,6,"sympy:Interval(-oo, 0)",1,6,0.8333333333333334,0.45056120886630463,0.6666666666666666,2,6,0.0,3162,0.033333333333333326,-0.04984121467188324,0.06666666666666665,0,0,6,4,0.6666666666666666,0,0,0,1,0
307,7,"sympy:Interval(-oo, 0)",1,7,0.8571428571428571,0.410116318288409,0.7142857142857143,2,7,0.0,3684,0.023809523809523725,-0.04044489057789563,0.04761904761904767,0,0,7,5,1.0,0,0,0,1,0
307,8,"sympy:Interval(-oo, 0)",1,8,0.875,0.37677016125643675,0.75,2,8,0.0,4271,0.017857142857142905,-0.033346157031972246,0.0357142857142857,0,0,8,6,1.0,0,0,0,1,0
307,9,"sympy:Interval(-oo, 0)",1,9,0.8888888888888888,0.34883209584303193,0.7777777777777778,2,9,0.0,4851,0.01388888888888884,-0.027938065413404822,0.02777777777777779,0,0,9,7,1.0,0,0,0,1,0
307,10,"sympy:Interval(-oo, 0)",1,10,0.9,0.3250829733914482,0.8,2,10,0.0,5314,0.011111111111111183,-0.023749122451583726,0.022222222222222254,0,0,10,8,1.0,0,0,0,1,0
307,11,"sympy:Interval(-oo, 0)",1,11,0.9090909090909091,0.30463609734923813,0.8181818181818182,2,11,0.0,5836,0.009090909090909038,-0.02044687604221007,0.018181818181818188,0,0,11,9,1.0,0,0,0,1,0
307,12,"sympy:Interval(-oo, 0)",1,12,0.9166666666666666,0.2868359830561607,0.8333333333333334,2,12,0.0,6278,0.007575757575757569,-0.01780011429307743,0.015151515151515138,0,0,12,10,1.0,0,0,0,1,0
307,13,"sympy:Interval(-oo, 0)",1,13,0.9230769230769231,0.2711893730418441,0.8461538461538461,2,13,0.0,6805,0.0064102564102564985,-0.01564661001431661,0.012820512820512775,0,0,13,11,1.0,0,0,0,1,0
307,14,"sympy:Interval(-oo, 0)",1,14,0.9285714285714286,0.25731864054383163,0.8571428571428571,2,14,0.0,7351,0.005494505494505475,-0.013870732498012461,0.01098901098901095,0,0,14,12,1.0,0,0,0,1,0
307,15,"sympy:Interval(-oo, 0)",1,15,0.9333333333333333,0.24493002679463532,0.8666666666666667,2,15,0.0,8005,0.004761904761904745,-0.012388613749196309,0.009523809523809601,0,0,15,13,1.0,0,0,0,1,0
307,16,"sympy:Interval(-oo, 0)",1,16,0.9375,0.2337916587064593,0.875,2,16,0.0,8577,0.004166666666666652,-0.011138368088176032,0.008333333333333304,0,0,16,14,1.0,0,0,0,1,0
308,1,sympy:2*sqrt(3),0,1,1.0,-0.0,1.0,1,1,0.0,526,0.0,0.0,0.0,0,0,1,1,1.0,1,0,0,1,1
308,2,sympy:2*sqrt(3),0,2,0.5,0.6931471805599453,0.0,2,2,0.0,1175,-0.5,0.6931471805599453,-1.0,0,0,2,0,0.5,1,0,0,1,1
308,3,sympy:2*sqrt(3),0,3,0.3333333333333333,1.0986122886681096,0.0,3,3,0.0,1789,-0.16666666666666669,0.4054651081081643,0.0,0,0,3,0,0.3333333333333333,1,0,0,1,1
308,4,sympy:2*sqrt(3),0,4,0.25,1.3862943611198906,0.0,4,4,0.0,2409,-0.08333333333333331,0.287682072451781,0.0,0,0,4,0,0.0,1,0,0,1,1
308,5,sympy:4*sqrt(3),0,5,0.4,1.3321790402101223,0.2,4,1,0.0,3265,0.15000000000000002,-0.05411532090976823,0.2,1,1,4,1,0.3333333333333333,1,0,0,1,1
308,6,sympy:4*sqrt(3),0,6,0.3333333333333333,1.5607104090414063,0.16666666666666666,5,2,0.0,3777,-0.06666666666666671,0.228531368831284,-0.033333333333333354,0,1,4,1,0.3333333333333333,1,0,0,1,1
308,7,sympy:4*sqrt(3),0,7,0.2857142857142857,1.7478680974667573,0.14285714285714285,6,3,0.0,4331,-0.047619047619047616,0.18715768842535097,-0.023809523809523808,0,1,4,1,0.3333333333333333,1,0,0,1,1
308,8,sympy:4*sqrt(3),0,8,0.25,1.732867951399863,0.0,6,4,0.0,4890,-0.0357142857142857,-0.01500014606689426,-0.14285714285714285,0,1,4,0,0.0,1,0,0,1,1
308,9,sympy:3*sqrt(3),0,9,0.3333333333333333,1.6769877743224173,0.1111111111111111,6,1,0.0,5683,0.08333333333333331,-0.05588017707744575,0.1111111111111111,1,2,4,1,0.6666666666666666,0,0,0,1,0
308,10,sympy:3*sqrt(3),0,10,0.3,1.8343719702816237,0.1,7,2,0.0,6341,-0.033333333333333326,0.15738419595920639,-0.0111111111111111,0,2,4,1,0.6666666666666666,0,0,0,1,0
308,11,sympy:3*sqrt(3),0,11,0.2727272727272727,1.9722469794234416,0.09090909090909091,8,3,0.0,6886,-0.027272727272727282,0.13787500914181794,-0.009090909090909094,0,2,4,1,0.3333333333333333,0,0,0,1,0
308,12,sympy:3*sqrt(3),0,12,0.25,2.0947290475276485,0.08333333333333333,9,4,0.0,7634,-0.022727272727272707,0.12248206810420692,-0.007575757575757583,0,2,4,1,0.0,0,0,0,1,0
308,13,sympy:3*sqrt(3),0,13,0.23076923076923078,2.20478541691352,0.07692307692307693,10,5,0.0,8209,-0.019230769230769218,0.11005636938587138,-0.006410256410256401,0,2,5,1,0.0,0,0,0,1,0
308,14,sympy:3*sqrt(3),0,14,0.21428571428571427,2.3046193848206715,0.07142857142857142,11,6,0.0,9057,-0.016483516483516508,0.0998339679071516,-0.005494505494505503,0,2,6,1,0.0,0,0,0,1,0
308,15,sympy:3*sqrt(3),0,15,0.2,2.395908119293929,0.06666666666666667,12,7,0.0,9778,-0.014285714285714263,0.09128873447325736,-0.004761904761904759,0,2,7,1,0.0,0,0,0,1,0
308,16,sympy:3*sqrt(3),0,16,0.25,2.3393717343898155,0.125,12,8,0.0,10786,0.04999999999999999,-0.05653638490411339,0.058333333333333334,0,2,8,2,0.3333333333333333,0,0,0,1,0
309,1,sympy:17,0,1,1.0,-0.0,1.0,1,1,0.0,506,0.0,0.0,0.0,0,0,1,1,1.0,1,0,0,1,1
309,2,sympy:17,0,2,0.5,0.6931471805599453,0.0,2,2,0.0,1133,-0.5,0.6931471805599453,-1.0,0,0,2,0,0.5,1,0,0,1,1
309,3,sympy:17,0,3,0.3333333333333333,1.0986122886681096,0.0,3,3,0.0,1579,-0.16666666666666669,0.4054651081081643,0.0,0,0,3,0,0.3333333333333333,1,0,0,1,1
309,4,sympy:17,0,4,0.25,1.3862943611198906,0.0,4,4,0.0,1984,-0.08333333333333331,0.287682072451781,0.0,0,0,4,0,0.0,1,0,0,1,1
309,5,sympy:15,0,5,0.4,1.3321790402101223,0.2,4,1,0.0,2782,0.15000000000000002,-0.05411532090976823,0.2,1,1,4,1,0.6666666666666666,0,0,0,1,0
309,6,sympy:15,0,6,0.3333333333333333,1.3296613488547582,0.0,4,2,0.0,3242,-0.06666666666666671,-0.002517691355364171,-0.2,0,1,4,0,0.3333333333333333,0,0,0,1,0
309,7,sympy:14,1,7,0.42857142857142855,1.277034259466139,0.14285714285714285,4,1,0.0,3746,0.09523809523809523,-0.05262708938861915,0.14285714285714285,1,2,4,1,0.6666666666666666,1,0,1,1,0
309,8,sympy:14,1,8,0.375,1.4941751382893083,0.125,5,2,0.0,4570,-0.05357142857142855,0.21714087882316924,-0.01785714285714285,0,2,4,1,0.6666666666666666,1,0,1,1,0
309,9,sympy:14,1,9,0.3333333333333333,1.6769877743224173,0.1111111111111111,6,3,0.0,5121,-0.041666666666666685,0.18281263603310904,-0.013888888888888895,0,2,4,1,0.3333333333333333,1,0,1,1,0
309,10,sympy:14,1,10,0.4,1.6094379124341003,0.2,6,4,0.0,5383,0.06666666666666671,-0.06754986188831702,0.0888888888888889,0,2,4,2,0.3333333333333333,1,0,1,1,0
309,11,sympy:14,1,11,0.36363636363636365,1.5941666991180168,0.09090909090909091,6,5,0.0,6149,-0.036363636363636376,-0.015271213316083498,-0.1090909090909091,0,2,5,1,0.3333333333333333,1,0,1,1,0
309,12,sympy:15,0,12,0.3333333333333333,1.5607104090414066,0.0,6,1,0.0,7173,-0.03030303030303033,-0.03345629007661022,-0.09090909090909091,1,3,5,0,0.6666666666666666,0,0,0,1,0
309,13,sympy:15,0,13,0.3076923076923077,1.6052071074554588,0.0,6,2,0.0,7465,-0.025641025641025605,0.04449669841405224,0.0,0,3,5,0,0.6666666666666666,0,0,0,1,0
309,14,sympy:15,0,14,0.2857142857142857,1.7478680974667575,0.0,7,3,0.0,7858,-0.02197802197802201,0.14266099001129873,0.0,0,3,5,0,0.3333333333333333,0,0,0,1,0
309,15,sympy:15,0,15,0.3333333333333333,1.709472776584213,0.06666666666666667,7,4,0.0,8581,0.047619047619047616,-0.03839532088254449,0.06666666666666667,0,3,5,1,0.3333333333333333,0,0,0,1,0
309,16,sympy:15,0,16,0.375,1.6674619334292946,0.125,7,5,0.0,8953,0.041666666666666685,-0.04201084315491843,0.058333333333333334,0,3,5,2,0.6666666666666666,0,0,0,1,0
310,1,sympy:49,1,1,1.0,-0.0,1.0,1,1,0.0,358,0.0,0.0,0.0,0,0,1,1,1.0,0,0,0,1,0
310,2,sympy:49,1,2,1.0,-0.0,1.0,1,2,0.0,717,0.0,0.0,0.0,0,0,2,2,1.0,0,0,0,1,0
310,3,sympy:49,1,3,1.0,-0.0,1.0,1,3,0.0,1077,0.0,0.0,0.0,0,0,3,3,1.0,0,0,0,1,0
310,4,sympy:49,1,4,1.0,-0.0,1.0,1,4,0.0,1473,0.0,0.0,0.0,0,0,4,4,1.0,0,0,0,1,0
310,5,sympy:49,1,5,1.0,-0.0,1.0,1,5,0.0,1865,0.0,0.0,0.0,0,0,5,5,1.0,0,0,0,1,0
310,6,sympy:49,1,6,1.0,-0.0,1.0,1,6,0.0,2248,0.0,0.0,0.0,0,0,6,6,1.0,0,0,0,1,0
310,7,sympy:49,1,7,1.0,-0.0,1.0,1,7,0.0,2626,0.0,0.0,0.0,0,0,7,7,1.0,0,0,0,1,0
310,8,sympy:49,1,8,1.0,-0.0,1.0,1,8,0.0,2996,0.0,0.0,0.0,0,0,8,8,1.0,0,0,0,1,0
310,9,sympy:49,1,9,1.0,-0.0,1.0,1,9,0.0,3338,0.0,0.0,0.0,0,0,9,9,1.0,0,0,0,1,0
310,10,sympy:49,1,10,1.0,-0.0,1.0,1,10,0.0,3745,0.0,0.0,0.0,0,0,10,10,1.0,0,0,0,1,0
310,11,sympy:49,1,11,1.0,-0.0,1.0,1,11,0.0,4110,0.0,0.0,0.0,0,0,11,11,1.0,0,0,0,1,0
310,12,sympy:49,1,12,1.0,-0.0,1.0,1,12,0.0,4481,0.0,0.0,0.0,0,0,12,12,1.0,0,0,0,1,0
310,13,sympy:49,1,13,1.0,-0.0,1.0,1,13,0.0,4929,0.0,0.0,0.0,0,0,13,13,1.0,0,0,0,1,0
310,14,sympy:49,1,14,1.0,-0.0,1.0,1,14,0.0,5314,0.0,0.0,0.0,0,0,14,14,1.0,0,0,0,1,0
310,15,sympy:49,1,15,1.0,-0.0,1.0,1,15,0.0,5718,0.0,0.0,0.0,0,0,15,15,1.0,0,0,0,1,0
310,16,sympy:49,1,16,1.0,-0.0,1.0,1,16,0.0,6118,0.0,0.0,0.0,0,0,16,16,1.0,0,0,0,1,0
311,1,sympy:3,1,1,1.0,-0.0,1.0,1,1,0.0,863,0.0,0.0,0.0,0,0,1,1,1.0,0,0,0,1,0
311,2,sympy:3,1,2,1.0,-0.0,1.0,1,2,0.0,1504,0.0,0.0,0.0,0,0,2,2,1.0,0,0,0,1,0
311,3,sympy:3,1,3,1.0,-0.0,1.0,1,3,0.0,2338,0.0,0.0,0.0,0,0,3,3,1.0,0,0,0,1,0
311,4,sympy:3,1,4,1.0,-0.0,1.0,1,4,0.0,3092,0.0,0.0,0.0,0,0,4,4,1.0,0,0,0,1,0
311,5,sympy:3,1,5,1.0,-0.0,1.0,1,5,0.0,3745,0.0,0.0,0.0,0,0,5,5,1.0,0,0,0,1,0
311,6,sympy:3,1,6,1.0,-0.0,1.0,1,6,0.0,4325,0.0,0.0,0.0,0,0,6,6,1.0,0,0,0,1,0
311,7,sympy:3,1,7,1.0,-0.0,1.0,1,7,0.0,5016,0.0,0.0,0.0,0,0,7,7,1.0,0,0,0,1,0
311,8,sympy:3,1,8,1.0,-0.0,1.0,1,8,0.0,5576,0.0,0.0,0.0,0,0,8,8,1.0,0,0,0,1,0
311,9,sympy:3,1,9,1.0,-0.0,1.0,1,9,0.0,6304,0.0,0.0,0.0,0,0,9,9,1.0,0,0,0,1,0
311,10,sympy:3,1,10,0.9,0.3250829733914482,0.8,2,10,0.0,6794,-0.09999999999999998,0.3250829733914482,-0.19999999999999996,0,0,10,8,0.6666666666666666,0,0,0,1,0
311,11,sympy:3,1,11,0.9090909090909091,0.30463609734923813,0.8181818181818182,2,11,0.0,7524,0.009090909090909038,-0.02044687604221007,0.018181818181818188,0,0,11,9,0.6666666666666666,0,0,0,1,0
311,12,sympy:3,1,12,0.8333333333333334,0.5660857389596289,0.75,3,12,0.0,8048,-0.07575757575757569,0.26144964161039075,-0.06818181818181823,0,0,12,9,0.3333333333333333,0,0,0,1,0
311,13,sympy:3,1,13,0.8461538461538461,0.5359610497090694,0.7692307692307693,3,13,0.0,9072,0.012820512820512775,-0.030124689250559444,0.019230769230769273,0,0,13,10,0.6666666666666666,0,0,0,1,0
311,14,sympy:3,1,14,0.8571428571428571,0.509137344082687,0.7857142857142857,3,14,0.0,9614,0.01098901098901095,-0.026823705626382477,0.016483516483516425,0,0,14,11,0.6666666666666666,0,0,0,1,0
311,15,sympy:3,1,15,0.8666666666666667,0.48509409130221154,0.8,3,15,0.0,10176,0.009523809523809601,-0.02404325278047542,0.014285714285714346,0,0,15,12,1.0,0,0,0,1,0
311,16,sympy:3,1,16,0.875,0.4634135588264299,0.8125,3,16,0.0,10845,0.008333333333333304,-0.02168053247578161,0.012499999999999956,0,0,16,13,1.0,0,0,0,1,0
312,1,"sympy:Interval.open(5, oo)",1,1,1.0,-0.0,1.0,1,1,0.0,369,0.0,0.0,0.0,0,0,1,1,1.0,0,0,0,1,0
312,2,"sympy:Interval.open(5, oo)",1,2,1.0,-0.0,1.0,1,2,0.0,852,0.0,0.0,0.0,0,0,2,2,1.0,0,0,0,1,0
312,3,"sympy:Interval.open(5, oo)",1,3,1.0,-0.0,1.0,1,3,0.0,1326,0.0,0.0,0.0,0,0,3,3,1.0,0,0,0,1,0
312,4,"sympy:Interval.open(5, oo)",1,4,1.0,-0.0,1.0,1,4,0.0,1804,0.0,0.0,0.0,0,0,4,4,1.0,0,0,0,1,0
312,5,"sympy:Interval.open(5, oo)",1,5,0.8,0.5004024235381879,0.6,2,5,0.0,2828,-0.19999999999999996,0.5004024235381879,-0.4,0,0,5,3,0.6666666666666666,0,0,0,1,0
312,6,"sympy:Interval.open(5, oo)",1,6,0.8333333333333334,0.45056120886630463,0.6666666666666666,2,6,0.0,3852,0.033333333333333326,-0.04984121467188324,0.06666666666666665,0,0,6,4,0.6666666666666666,0,0,0,1,0
312,7,"sympy:Interval.open(5, oo)",1,7,0.8571428571428571,0.410116318288409,0.7142857142857143,2,7,0.0,4174,0.023809523809523725,-0.04044489057789563,0.04761904761904767,0,0,7,5,0.6666666666666666,0,0,0,1,0
312,8,"sympy:Interval.open(5, oo)",1,8,0.875,0.37677016125643675,0.75,2,8,0.0,4548,0.017857142857142905,-0.033346157031972246,0.0357142857142857,0,0,8,6,1.0,0,0,0,1,0
312,9,"sympy:Interval.open(5, oo)",1,9,0.8888888888888888,0.34883209584303193,0.7777777777777778,2,9,0.0,5079,0.01388888888888884,-0.027938065413404822,0.02777777777777779,0,0,9,7,1.0,0,0,0,1,0
312,10,"sympy:Interval.open(5, oo)",1,10,0.9,0.3250829733914482,0.8,2,10,0.0,5502,0.011111111111111183,-0.023749122451583726,0.022222222222222254,0,0,10,8,1.0,0,0,0,1,0
312,11,"sympy:Interval.open(5, oo)",1,11,0.9090909090909091,0.30463609734923813,0.8181818181818182,2,11,0.0,5939,0.009090909090909038,-0.02044687604221007,0.018181818181818188,0,0,11,9,1.0,0,0,0,1,0
312,12,"sympy:Interval.open(5, oo)",1,12,0.9166666666666666,0.2868359830561607,0.8333333333333334,2,12,0.0,6371,0.007575757575757569,-0.01780011429307743,0.015151515151515138,0,0,12,10,1.0,0,0,0,1,0
312,13,"sympy:Interval.open(5, oo)",1,13,0.9230769230769231,0.2711893730418441,0.8461538461538461,2,13,0.0,6799,0.0064102564102564985,-0.01564661001431661,0.012820512820512775,0,0,13,11,1.0,0,0,0,1,0
312,14,"sympy:Interval.open(5, oo)",1,14,0.9285714285714286,0.25731864054383163,0.8571428571428571,2,14,0.0,7301,0.005494505494505475,-0.013870732498012461,0.01098901098901095,0,0,14,12,1.0,0,0,0,1,0
312,15,"sympy:Interval.open(5, oo)",1,15,0.9333333333333333,0.24493002679463532,0.8666666666666667,2,15,0.0,7775,0.004761904761904745,-0.012388613749196309,0.009523809523809601,0,0,15,13,1.0,0,0,0,1,0
312,16,"sympy:Interval.open(5, oo)",1,16,0.9375,0.2337916587064593,0.875,2,16,0.0,8261,0.004166666666666652,-0.011138368088176032,0.008333333333333304,0,0,16,14,1.0,0,0,0,1,0
313,1,sympy:12*pi,1,1,1.0,-0.0,1.0,1,1,0.0,349,0.0,0.0,0.0,0,0,1,1,1.0,0,0,0,1,0
313,2,sympy:12*pi,1,2,1.0,-0.0,1.0,1,2,0.0,753,0.0,0.0,0.0,0,0,2,2,1.0,0,0,0,1,0
313,3,sympy:12*pi,1,3,1.0,-0.0,1.0,1,3,0.0,1182,0.0,0.0,0.0,0,0,3,3,1.0,0,0,0,1,0
313,4,sympy:12*pi,1,4,1.0,-0.0,1.0,1,4,0.0,1664,0.0,0.0,0.0,0,0,4,4,1.0,0,0,0,1,0
313,5,sympy:12*pi,1,5,1.0,-0.0,1.0,1,5,0.0,2688,0.0,0.0,0.0,0,0,5,5,1.0,0,0,0,1,0
313,6,sympy:12*pi,1,6,1.0,-0.0,1.0,1,6,0.0,3100,0.0,0.0,0.0,0,0,6,6,1.0,0,0,0,1,0
313,7,sympy:12*pi,1,7,1.0,-0.0,1.0,1,7,0.0,3512,0.0,0.0,0.0,0,0,7,7,1.0,0,0,0,1,0
313,8,sympy:12*pi,1,8,1.0,-0.0,1.0,1,8,0.0,3867,0.0,0.0,0.0,0,0,8,8,1.0,0,0,0,1,0
313,9,sympy:12*pi,1,9,1.0,-0.0,1.0,1,9,0.0,4258,0.0,0.0,0.0,0,0,9,9,1.0,0,0,0,1,0
313,10,sympy:12*pi,1,10,1.0,-0.0,1.0,1,10,0.0,4638,0.0,0.0,0.0,0,0,10,10,1.0,0,0,0,1,0
313,11,sympy:12*pi,1,11,1.0,-0.0,1.0,1,11,0.0,5003,0.0,0.0,0.0,0,0,11,11,1.0,0,0,0,1,0
313,12,sympy:12*pi,1,12,1.0,-0.0,1.0,1,12,0.0,5420,0.0,0.0,0.0,0,0,12,12,1.0,0,0,0,1,0
313,13,sympy:12*pi,1,13,1.0,-0.0,1.0,1,13,0.0,5812,0.0,0.0,0.0,0,0,13,13,1.0,0,0,0,1,0
313,14,sympy:12*pi,1,14,0.9285714285714286,0.25731864054383163,0.8571428571428571,2,14,0.0,6208,-0.0714285714285714,0.25731864054383163,-0.1428571428571429,0,0,14,12,0.6666666666666666,0,0,0,1,0
313,15,sympy:12*pi,1,15,0.9333333333333333,0.24493002679463532,0.8666666666666667,2,15,0.0,6605,0.004761904761904745,-0.012388613749196309,0.009523809523809601,0,0,15,13,0.6666666666666666,0,0,0,1,0
313,16,sympy:12*pi,1,16,0.9375,0.2337916587064593,0.875,2,16,0.0,7006,0.004166666666666652,-0.011138368088176032,0.008333333333333304,0,0,16,14,0.6666666666666666,0,0,0,1,0
314,1,"sympy:Interval.open(2, 4)",1,1,1.0,-0.0,1.0,1,1,0.0,387,0.0,0.0,0.0,0,0,1,1,1.0,0,0,0,1,0
314,2,"sympy:Interval.open(2, 4)",1,2,1.0,-0.0,1.0,1,2,0.0,769,0.0,0.0,0.0,0,0,2,2,1.0,0,0,0,1,0
314,3,"sympy:Interval.open(2, 4)",1,3,1.0,-0.0,1.0,1,3,0.0,1116,0.0,0.0,0.0,0,0,3,3,1.0,0,0,0,1,0
314,4,"sympy:Interval.open(2, 4)",1,4,1.0,-0.0,1.0,1,4,0.0,1494,0.0,0.0,0.0,0,0,4,4,1.0,0,0,0,1,0
314,5,"sympy:Interval.open(2, 4)",1,5,1.0,-0.0,1.0,1,5,0.0,1863,0.0,0.0,0.0,0,0,5,5,1.0,0,0,0,1,0
314,6,"sympy:Interval.open(2, 4)",1,6,1.0,-0.0,1.0,1,6,0.0,2213,0.0,0.0,0.0,0,0,6,6,1.0,0,0,0,1,0
314,7,"sympy:Interval.open(2, 4)",1,7,1.0,-0.0,1.0,1,7,0.0,2548,0.0,0.0,0.0,0,0,7,7,1.0,0,0,0,1,0
314,8,"sympy:Interval.open(2, 4)",1,8,1.0,-0.0,1.0,1,8,0.0,2998,0.0,0.0,0.0,0,0,8,8,1.0,0,0,0,1,0
314,9,"sympy:Interval.open(2, 4)",1,9,1.0,-0.0,1.0,1,9,0.0,3336,0.0,0.0,0.0,0,0,9,9,1.0,0,0,0,1,0
314,10,"sympy:Interval.open(2, 4)",1,10,1.0,-0.0,1.0,1,10,0.0,3676,0.0,0.0,0.0,0,0,10,10,1.0,0,0,0,1,0
314,11,"sympy:Interval.open(2, 4)",1,11,1.0,-0.0,1.0,1,11,0.0,4083,0.0,0.0,0.0,0,0,11,11,1.0,0,0,0,1,0
314,12,"sympy:Interval.open(2, 4)",1,12,1.0,-0.0,1.0,1,12,0.0,4447,0.0,0.0,0.0,0,0,12,12,1.0,0,0,0,1,0
314,13,"sympy:Interval.open(2, 4)",1,13,1.0,-0.0,1.0,1,13,0.0,4706,0.0,0.0,0.0,0,0,13,13,1.0,0,0,0,1,0
314,14,"sympy:Interval.open(2, 4)",1,14,1.0,-0.0,1.0,1,14,0.0,5159,0.0,0.0,0.0,0,0,14,14,1.0,0,0,0,1,0
314,15,"sympy:Interval.open(2, 4)",1,15,1.0,-0.0,1.0,1,15,0.0,5595,0.0,0.0,0.0,0,0,15,15,1.0,0,0,0,1,0
314,16,"sympy:Interval.open(2, 4)",1,16,1.0,-0.0,1.0,1,16,0.0,5972,0.0,0.0,0.0,0,0,16,16,1.0,0,0,0,1,0
315,1,sympy:41,1,1,1.0,-0.0,1.0,1,1,0.0,739,0.0,0.0,0.0,0,0,1,1,1.0,0,0,0,1,0
315,2,sympy:41,1,2,1.0,-0.0,1.0,1,2,0.0,1196,0.0,0.0,0.0,0,0,2,2,1.0,0,0,0,1,0
315,3,sympy:41,1,3,1.0,-0.0,1.0,1,3,0.0,1776,0.0,0.0,0.0,0,0,3,3,1.0,0,0,0,1,0
315,4,sympy:41,1,4,1.0,-0.0,1.0,1,4,0.0,2269,0.0,0.0,0.0,0,0,4,4,1.0,0,0,0,1,0
315,5,sympy:41,1,5,1.0,-0.0,1.0,1,5,0.0,2775,0.0,0.0,0.0,0,0,5,5,1.0,0,0,0,1,0
315,6,sympy:41,1,6,1.0,-0.0,1.0,1,6,0.0,3213,0.0,0.0,0.0,0,0,6,6,1.0,0,0,0,1,0
315,7,sympy:41,1,7,1.0,-0.0,1.0,1,7,0.0,3681,0.0,0.0,0.0,0,0,7,7,1.0,0,0,0,1,0
315,8,sympy:41,1,8,1.0,-0.0,1.0,1,8,0.0,4167,0.0,0.0,0.0,0,0,8,8,1.0,0,0,0,1,0
315,9,sympy:41,1,9,1.0,-0.0,1.0,1,9,0.0,4645,0.0,0.0,0.0,0,0,9,9,1.0,0,0,0,1,0
315,10,sympy:41,1,10,1.0,-0.0,1.0,1,10,0.0,5076,0.0,0.0,0.0,0,0,10,10,1.0,0,0,0,1,0
315,11,sympy:41,1,11,1.0,-0.0,1.0,1,11,0.0,5455,0.0,0.0,0.0,0,0,11,11,1.0,0,0,0,1,0
315,12,sympy:41,1,12,1.0,-0.0,1.0,1,12,0.0,6044,0.0,0.0,0.0,0,0,12,12,1.0,0,0,0,1,0
315,13,sympy:41,1,13,1.0,-0.0,1.0,1,13,0.0,6483,0.0,0.0,0.0,0,0,13,13,1.0,0,0,0,1,0
315,14,sympy:41,1,14,1.0,-0.0,1.0,1,14,0.0,6968,0.0,0.0,0.0,0,0,14,14,1.0,0,0,0,1,0
315,15,sympy:41,1,15,1.0,-0.0,1.0,1,15,0.0,7536,0.0,0.0,0.0,0,0,15,15,1.0,0,0,0,1,0
315,16,sympy:41,1,16,1.0,-0.0,1.0,1,16,0.0,8086,0.0,0.0,0.0,0,0,16,16,1.0,0,0,0,1,0
316,1,sympy:12,1,1,1.0,-0.0,1.0,1,1,0.0,850,0.0,0.0,0.0,0,0,1,1,1.0,0,0,0,1,0
316,2,sympy:12,1,2,1.0,-0.0,1.0,1,2,0.0,1277,0.0,0.0,0.0,0,0,2,2,1.0,0,0,0,1,0
316,3,sympy:12,1,3,1.0,-0.0,1.0,1,3,0.0,1711,0.0,0.0,0.0,0,0,3,3,1.0,0,0,0,1,0
316,4,sympy:12,1,4,1.0,-0.0,1.0,1,4,0.0,2137,0.0,0.0,0.0,0,0,4,4,1.0,0,0,0,1,0
316,5,sympy:12,1,5,1.0,-0.0,1.0,1,5,0.0,2762,0.0,0.0,0.0,0,0,5,5,1.0,0,0,0,1,0
316,6,sympy:12,1,6,1.0,-0.0,1.0,1,6,0.0,3193,0.0,0.0,0.0,0,0,6,6,1.0,0,0,0,1,0
316,7,sympy:12,1,7,1.0,-0.0,1.0,1,7,0.0,3598,0.0,0.0,0.0,0,0,7,7,1.0,0,0,0,1,0
316,8,sympy:12,1,8,1.0,-0.0,1.0,1,8,0.0,4320,0.0,0.0,0.0,0,0,8,8,1.0,0,0,0,1,0
316,9,sympy:12,1,9,1.0,-0.0,1.0,1,9,0.0,5118,0.0,0.0,0.0,0,0,9,9,1.0,0,0,0,1,0
316,10,sympy:12,1,10,1.0,-0.0,1.0,1,10,0.0,5781,0.0,0.0,0.0,0,0,10,10,1.0,0,0,0,1,0
316,11,sympy:12,1,11,1.0,-0.0,1.0,1,11,0.0,6186,0.0,0.0,0.0,0,0,11,11,1.0,0,0,0,1,0
316,12,sympy:12,1,12,1.0,-0.0,1.0,1,12,0.0,7065,0.0,0.0,0.0,0,0,12,12,1.0,0,0,0,1,0
316,13,sympy:12,1,13,1.0,-0.0,1.0,1,13,0.0,7724,0.0,0.0,0.0,0,0,13,13,1.0,0,0,0,1,0
316,14,sympy:12,1,14,1.0,-0.0,1.0,1,14,0.0,8355,0.0,0.0,0.0,0,0,14,14,1.0,0,0,0,1,0
316,15,sympy:12,1,15,1.0,-0.0,1.0,1,15,0.0,9379,0.0,0.0,0.0,0,0,15,15,1.0,0,0,0,1,0
316,16,sympy:12,1,16,1.0,-0.0,1.0,1,16,0.0,9825,0.0,0.0,0.0,0,0,16,16,1.0,0,0,0,1,0
317,1,sympy:2,0,1,1.0,-0.0,1.0,1,1,0.0,585,0.0,0.0,0.0,0,0,1,1,1.0,0,0,0,1,0
317,2,sympy:2,0,2,1.0,-0.0,1.0,1,2,0.0,1100,0.0,0.0,0.0,0,0,2,2,1.0,0,0,0,1,0
317,3,sympy:2,0,3,1.0,-0.0,1.0,1,3,0.0,1736,0.0,0.0,0.0,0,0,3,3,1.0,0,0,0,1,0
317,4,sympy:2,0,4,0.75,0.5623351446188083,0.5,2,4,0.0,2302,-0.25,0.5623351446188083,-0.5,0,0,4,2,0.6666666666666666,0,0,0,1,0
317,5,sympy:2,0,5,0.8,0.5004024235381879,0.6,2,5,0.0,2980,0.050000000000000044,-0.06193272108062042,0.09999999999999998,0,0,5,3,0.6666666666666666,0,0,0,1,0
317,6,sympy:2,0,6,0.6666666666666666,0.6365141682948128,0.3333333333333333,2,6,0.0,3660,-0.13333333333333341,0.1361117447566249,-0.26666666666666666,0,0,6,2,0.3333333333333333,0,0,0,1,0
317,7,sympy:2,0,7,0.7142857142857143,0.5982695885852573,0.42857142857142855,2,7,0.0,4347,0.04761904761904767,-0.038244579709555526,0.09523809523809523,0,0,7,3,0.6666666666666666,0,0,0,1,0
317,8,sympy:2,0,8,0.75,0.5623351446188083,0.5,2,8,0.0,4904,0.0357142857142857,-0.03593444396644896,0.07142857142857145,0,0,8,4,0.6666666666666666,0,0,0,1,0
317,9,sympy:2,0,9,0.7777777777777778,0.5297061990576545,0.5555555555555556,2,9,0.0,5928,0.02777777777777779,-0.03262894556115381,0.05555555555555558,0,0,9,5,1.0,0,0,0,1,0
317,10,sympy:2,0,9,0.7777777777777778,0.5297061990576545,0.5555555555555556,2,10,0.1,6952,0.0,0.0,0.0,0,0,10,5,1.0,0,0,0,1,0
317,11,sympy:2,0,10,0.8,0.5004024235381879,0.6,2,11,0.09090909090909091,7419,0.022222222222222254,-0.029303775519466613,0.0444444444444444,0,0,11,6,1.0,0,0,0,1,0
317,12,sympy:2,0,11,0.8181818181818182,0.47413931305783735,0.6363636363636364,2,12,0.08333333333333333,7961,0.018181818181818188,-0.026263110480350516,0.036363636363636376,0,0,12,7,1.0,0,0,0,1,0
317,13,sympy:2,0,12,0.75,0.7214636866925115,0.5833333333333334,3,13,0.07692307692307693,8567,-0.06818181818181823,0.24732437363467413,-0.05303030303030298,0,0,13,7,0.6666666666666666,0,0,0,1,0
317,14,sympy:2,0,13,0.6923076923076923,0.937155853065701,0.5384615384615384,4,14,0.07142857142857142,9045,-0.05769230769230771,0.21569216637318955,-0.044871794871794934,0,0,14,7,0.3333333333333333,0,0,0,1,0
317,15,sympy:2,0,14,0.6428571428571429,0.9911388966130941,0.42857142857142855,4,15,0.06666666666666667,9611,-0.049450549450549386,0.05398304354739303,-0.10989010989010989,0,0,15,6,0.0,0,0,0,1,0
317,16,sympy:2,0,15,0.6,1.020036958401841,0.3333333333333333,4,16,0.0625,10137,-0.04285714285714293,0.028898061788746876,-0.09523809523809523,0,0,16,5,0.0,0,0,0,1,0
318,1,sympy:(9*a + 11)/20,1,1,1.0,-0.0,1.0,1,1,0.0,560,0.0,0.0,0.0,0,0,1,1,1.0,0,0,0,1,0
318,2,sympy:(9*a + 11)/20,1,2,1.0,-0.0,1.0,1,2,0.0,957,0.0,0.0,0.0,0,0,2,2,1.0,0,0,0,1,0
318,3,sympy:(9*a + 11)/20,1,3,1.0,-0.0,1.0,1,3,0.0,1464,0.0,0.0,0.0,0,0,3,3,1.0,0,0,0,1,0
318,4,sympy:(9*a + 11)/20,1,4,1.0,-0.0,1.0,1,4,0.0,1854,0.0,0.0,0.0,0,0,4,4,1.0,0,0,0,1,0
318,5,sympy:(9*a + 11)/20,1,5,1.0,-0.0,1.0,1,5,0.0,2878,0.0,0.0,0.0,0,0,5,5,1.0,0,0,0,1,0
318,6,sympy:(9*a + 11)/20,1,6,1.0,-0.0,1.0,1,6,0.0,3902,0.0,0.0,0.0,0,0,6,6,1.0,0,0,0,1,0
318,7,sympy:(9*a + 11)/20,1,7,1.0,-0.0,1.0,1,7,0.0,4473,0.0,0.0,0.0,0,0,7,7,1.0,0,0,0,1,0
318,8,sympy:(9*a + 11)/20,1,8,1.0,-0.0,1.0,1,8,0.0,4968,0.0,0.0,0.0,0,0,8,8,1.0,0,0,0,1,0
318,9,sympy:(9*a + 11)/20,1,9,1.0,-0.0,1.0,1,9,0.0,5396,0.0,0.0,0.0,0,0,9,9,1.0,0,0,0,1,0
318,10,sympy:(9*a + 11)/20,1,10,1.0,-0.0,1.0,1,10,0.0,6420,0.0,0.0,0.0,0,0,10,10,1.0,0,0,0,1,0
318,11,sympy:(9*a + 11)/20,1,11,1.0,-0.0,1.0,1,11,0.0,6938,0.0,0.0,0.0,0,0,11,11,1.0,0,0,0,1,0
318,12,sympy:(9*a + 11)/20,1,12,1.0,-0.0,1.0,1,12,0.0,7567,0.0,0.0,0.0,0,0,12,12,1.0,0,0,0,1,0
318,13,sympy:(9*a + 11)/20,1,13,1.0,-0.0,1.0,1,13,0.0,8591,0.0,0.0,0.0,0,0,13,13,1.0,0,0,0,1,0
318,14,sympy:(9*a + 11)/20,1,14,1.0,-0.0,1.0,1,14,0.0,9020,0.0,0.0,0.0,0,0,14,14,1.0,0,0,0,1,0
318,15,sympy:(9*a + 11)/20,1,15,1.0,-0.0,1.0,1,15,0.0,9599,0.0,0.0,0.0,0,0,15,15,1.0,0,0,0,1,0
318,16,sympy:(9*a + 11)/20,1,16,1.0,-0.0,1.0,1,16,0.0,10623,0.0,0.0,0.0,0,0,16,16,1.0,0,0,0,1,0
319,1,sympy:-128,1,1,1.0,-0.0,1.0,1,1,0.0,352,0.0,0.0,0.0,0,0,1,1,1.0,0,0,0,1,0
319,2,sympy:-128,1,2,1.0,-0.0,1.0,1,2,0.0,661,0.0,0.0,0.0,0,0,2,2,1.0,0,0,0,1,0
319,3,sympy:-128,1,3,1.0,-0.0,1.0,1,3,0.0,961,0.0,0.0,0.0,0,0,3,3,1.0,0,0,0,1,0
319,4,sympy:-128,1,4,1.0,-0.0,1.0,1,4,0.0,1341,0.0,0.0,0.0,0,0,4,4,1.0,0,0,0,1,0
319,5,sympy:-128,1,5,1.0,-0.0,1.0,1,5,0.0,1648,0.0,0.0,0.0,0,0,5,5,1.0,0,0,0,1,0
319,6,sympy:-128,1,6,1.0,-0.0,1.0,1,6,0.0,1917,0.0,0.0,0.0,0,0,6,6,1.0,0,0,0,1,0
319,7,sympy:-128,1,7,1.0,-0.0,1.0,1,7,0.0,2224,0.0,0.0,0.0,0,0,7,7,1.0,0,0,0,1,0
319,8,sympy:-128,1,8,1.0,-0.0,1.0,1,8,0.0,2552,0.0,0.0,0.0,0,0,8,8,1.0,0,0,0,1,0
319,9,sympy:-128,1,9,1.0,-0.0,1.0,1,9,0.0,2895,0.0,0.0,0.0,0,0,9,9,1.0,0,0,0,1,0
319,10,sympy:-128,1,10,1.0,-0.0,1.0,1,10,0.0,3284,0.0,0.0,0.0,0,0,10,10,1.0,0,0,0,1,0
319,11,sympy:-128,1,11,1.0,-0.0,1.0,1,11,0.0,3625,0.0,0.0,0.0,0,0,11,11,1.0,0,0,0,1,0
319,12,sympy:-128,1,12,1.0,-0.0,1.0,1,12,0.0,3971,0.0,0.0,0.0,0,0,12,12,1.0,0,0,0,1,0
319,13,sympy:-128,1,13,1.0,-0.0,1.0,1,13,0.0,4239,0.0,0.0,0.0,0,0,13,13,1.0,0,0,0,1,0
319,14,sympy:-128,1,14,1.0,-0.0,1.0,1,14,0.0,4597,0.0,0.0,0.0,0,0,14,14,1.0,0,0,0,1,0
319,15,sympy:-128,1,15,1.0,-0.0,1.0,1,15,0.0,4925,0.0,0.0,0.0,0,0,15,15,1.0,0,0,0,1,0
319,16,sympy:-128,1,16,1.0,-0.0,1.0,1,16,0.0,5305,0.0,0.0,0.0,0,0,16,16,1.0,0,0,0,1,0
320,1,sympy:-24/25,1,1,1.0,-0.0,1.0,1,1,0.0,574,0.0,0.0,0.0,0,0,1,1,1.0,0,0,0,1,0
320,2,sympy:-24/25,1,2,1.0,-0.0,1.0,1,2,0.0,1141,0.0,0.0,0.0,0,0,2,2,1.0,0,0,0,1,0
320,3,sympy:-24/25,1,3,0.6666666666666666,0.6365141682948128,0.3333333333333333,2,3,0.0,1453,-0.33333333333333337,0.6365141682948128,-0.6666666666666667,0,0,3,1,0.6666666666666666,0,0,0,1,0
320,4,sympy:-24/25,1,4,0.75,0.5623351446188083,0.5,2,4,0.0,1962,0.08333333333333337,-0.07417902367600449,0.16666666666666669,0,0,4,2,0.6666666666666666,0,0,0,1,0
320,5,sympy:-24/25,1,5,0.8,0.5004024235381879,0.6,2,5,0.0,2486,0.050000000000000044,-0.06193272108062042,0.09999999999999998,0,0,5,3,0.6666666666666666,0,0,0,1,0
320,6,sympy:-24/25,1,6,0.8333333333333334,0.45056120886630463,0.6666666666666666,2,6,0.0,2986,0.033333333333333326,-0.04984121467188324,0.06666666666666665,0,0,6,4,1.0,0,0,0,1,0
320,7,sympy:-24/25,1,7,0.8571428571428571,0.410116318288409,0.7142857142857143,2,7,0.0,3542,0.023809523809523725,-0.04044489057789563,0.04761904761904767,0,0,7,5,1.0,0,0,0,1,0
320,8,sympy:-24/25,1,8,0.875,0.37677016125643675,0.75,2,8,0.0,4088,0.017857142857142905,-0.033346157031972246,0.0357142857142857,0,0,8,6,1.0,0,0,0,1,0
320,9,sympy:-24/25,1,9,0.8888888888888888,0.34883209584303193,0.7777777777777778,2,9,0.0,4609,0.01388888888888884,-0.027938065413404822,0.02777777777777779,0,0,9,7,1.0,0,0,0,1,0
320,10,sympy:-24/25,1,10,0.9,0.3250829733914482,0.8,2,10,0.0,5180,0.011111111111111183,-0.023749122451583726,0.022222222222222254,0,0,10,8,1.0,0,0,0,1,0
320,11,sympy:-24/25,1,11,0.9090909090909091,0.30463609734923813,0.8181818181818182,2,11,0.0,5717,0.009090909090909038,-0.02044687604221007,0.018181818181818188,0,0,11,9,1.0,0,0,0,1,0
320,12,sympy:-24/25,1,12,0.9166666666666666,0.2868359830561607,0.8333333333333334,2,12,0.0,6334,0.007575757575757569,-0.01780011429307743,0.015151515151515138,0,0,12,10,1.0,0,0,0,1,0
320,13,sympy:-24/25,1,13,0.9230769230769231,0.2711893730418441,0.8461538461538461,2,13,0.0,6828,0.0064102564102564985,-0.01564661001431661,0.012820512820512775,0,0,13,11,1.0,0,0,0,1,0
320,14,sympy:-24/25,1,14,0.9285714285714286,0.25731864054383163,0.8571428571428571,2,14,0.0,7542,0.005494505494505475,-0.013870732498012461,0.01098901098901095,0,0,14,12,1.0,0,0,0,1,0
320,15,sympy:-24/25,1,15,0.9333333333333333,0.24493002679463532,0.8666666666666667,2,15,0.0,8104,0.004761904761904745,-0.012388613749196309,0.009523809523809601,0,0,15,13,1.0,0,0,0,1,0
320,16,sympy:-24/25,1,16,0.9375,0.2337916587064593,0.875,2,16,0.0,8754,0.004166666666666652,-0.011138368088176032,0.008333333333333304,0,0,16,14,1.0,0,0,0,1,0
321,1,sympy:10,1,1,1.0,-0.0,1.0,1,1,0.0,330,0.0,0.0,0.0,0,0,1,1,1.0,0,0,0,1,0
321,2,sympy:10,1,2,1.0,-0.0,1.0,1,2,0.0,640,0.0,0.0,0.0,0,0,2,2,1.0,0,0,0,1,0
321,3,sympy:10,1,3,1.0,-0.0,1.0,1,3,0.0,964,0.0,0.0,0.0,0,0,3,3,1.0,0,0,0,1,0
321,4,sympy:10,1,4,1.0,-0.0,1.0,1,4,0.0,1389,0.0,0.0,0.0,0,0,4,4,1.0,0,0,0,1,0
321,5,sympy:10,1,5,1.0,-0.0,1.0,1,5,0.0,1706,0.0,0.0,0.0,0,0,5,5,1.0,0,0,0,1,0
321,6,sympy:10,1,6,1.0,-0.0,1.0,1,6,0.0,2000,0.0,0.0,0.0,0,0,6,6,1.0,0,0,0,1,0
321,7,sympy:10,1,7,1.0,-0.0,1.0,1,7,0.0,2298,0.0,0.0,0.0,0,0,7,7,1.0,0,0,0,1,0
321,8,sympy:10,1,8,1.0,-0.0,1.0,1,8,0.0,2573,0.0,0.0,0.0,0,0,8,8,1.0,0,0,0,1,0
321,9,sympy:10,1,9,1.0,-0.0,1.0,1,9,0.0,2948,0.0,0.0,0.0,0,0,9,9,1.0,0,0,0,1,0
321,10,sympy:10,1,10,1.0,-0.0,1.0,1,10,0.0,3285,0.0,0.0,0.0,0,0,10,10,1.0,0,0,0,1,0
321,11,sympy:10,1,11,1.0,-0.0,1.0,1,11,0.0,3534,0.0,0.0,0.0,0,0,11,11,1.0,0,0,0,1,0
321,12,sympy:10,1,12,1.0,-0.0,1.0,1,12,0.0,3816,0.0,0.0,0.0,0,0,12,12,1.0,0,0,0,1,0
321,13,sympy:10,1,13,1.0,-0.0,1.0,1,13,0.0,4066,0.0,0.0,0.0,0,0,13,13,1.0,0,0,0,1,0
321,14,sympy:10,1,14,1.0,-0.0,1.0,1,14,0.0,4423,0.0,0.0,0.0,0,0,14,14,1.0,0,0,0,1,0
321,15,sympy:10,1,15,1.0,-0.0,1.0,1,15,0.0,4742,0.0,0.0,0.0,0,0,15,15,1.0,0,0,0,1,0
321,16,sympy:10,1,16,1.0,-0.0,1.0,1,16,0.0,5171,0.0,0.0,0.0,0,0,16,16,1.0,0,0,0,1,0
322,1,sympy:-1,1,1,1.0,-0.0,1.0,1,1,0.0,404,0.0,0.0,0.0,0,0,1,1,1.0,0,0,0,1,0
322,2,sympy:-1,1,2,1.0,-0.0,1.0,1,2,0.0,719,0.0,0.0,0.0,0,0,2,2,1.0,0,0,0,1,0
322,3,sympy:-1,1,3,1.0,-0.0,1.0,1,3,0.0,1052,0.0,0.0,0.0,0,0,3,3,1.0,0,0,0,1,0
322,4,sympy:-1,1,4,1.0,-0.0,1.0,1,4,0.0,1418,0.0,0.0,0.0,0,0,4,4,1.0,0,0,0,1,0
322,5,sympy:-1,1,5,1.0,-0.0,1.0,1,5,0.0,1759,0.0,0.0,0.0,0,0,5,5,1.0,0,0,0,1,0
322,6,sympy:-1,1,6,1.0,-0.0,1.0,1,6,0.0,2119,0.0,0.0,0.0,0,0,6,6,1.0,0,0,0,1,0
322,7,sympy:-1,1,7,1.0,-0.0,1.0,1,7,0.0,2435,0.0,0.0,0.0,0,0,7,7,1.0,0,0,0,1,0
322,8,sympy:-1,1,8,1.0,-0.0,1.0,1,8,0.0,2740,0.0,0.0,0.0,0,0,8,8,1.0,0,0,0,1,0
322,9,sympy:-1,1,9,1.0,-0.0,1.0,1,9,0.0,3100,0.0,0.0,0.0,0,0,9,9,1.0,0,0,0,1,0
322,10,sympy:-1,1,10,1.0,-0.0,1.0,1,10,0.0,3495,0.0,0.0,0.0,0,0,10,10,1.0,0,0,0,1,0
322,11,sympy:-1,1,11,1.0,-0.0,1.0,1,11,0.0,3831,0.0,0.0,0.0,0,0,11,11,1.0,0,0,0,1,0
322,12,sympy:-1,1,12,1.0,-0.0,1.0,1,12,0.0,4137,0.0,0.0,0.0,0,0,12,12,1.0,0,0,0,1,0
322,13,sympy:-1,1,13,1.0,-0.0,1.0,1,13,0.0,4499,0.0,0.0,0.0,0,0,13,13,1.0,0,0,0,1,0
322,14,sympy:-1,1,14,1.0,-0.0,1.0,1,14,0.0,4854,0.0,0.0,0.0,0,0,14,14,1.0,0,0,0,1,0
322,15,sympy:-1,1,15,1.0,-0.0,1.0,1,15,0.0,5231,0.0,0.0,0.0,0,0,15,15,1.0,0,0,0,1,0
322,16,sympy:-1,1,16,1.0,-0.0,1.0,1,16,0.0,5550,0.0,0.0,0.0,0,0,16,16,1.0,0,0,0,1,0
323,1,sympy:1/3,1,1,1.0,-0.0,1.0,1,1,0.0,1024,0.0,0.0,0.0,0,0,1,1,1.0,0,0,0,1,0
323,2,sympy:1/3,1,2,1.0,-0.0,1.0,1,2,0.0,1399,0.0,0.0,0.0,0,0,2,2,1.0,0,0,0,1,0
323,3,sympy:1/3,1,3,1.0,-0.0,1.0,1,3,0.0,2064,0.0,0.0,0.0,0,0,3,3,1.0,0,0,0,1,0
323,4,sympy:1/3,1,4,1.0,-0.0,1.0,1,4,0.0,2579,0.0,0.0,0.0,0,0,4,4,1.0,0,0,0,1,0
323,5,sympy:1/3,1,5,1.0,-0.0,1.0,1,5,0.0,2999,0.0,0.0,0.0,0,0,5,5,1.0,0,0,0,1,0
323,6,sympy:1/3,1,6,1.0,-0.0,1.0,1,6,0.0,3497,0.0,0.0,0.0,0,0,6,6,1.0,0,0,0,1,0
323,7,sympy:1/3,1,7,1.0,-0.0,1.0,1,7,0.0,4037,0.0,0.0,0.0,0,0,7,7,1.0,0,0,0,1,0
323,8,sympy:1/3,1,8,1.0,-0.0,1.0,1,8,0.0,4698,0.0,0.0,0.0,0,0,8,8,1.0,0,0,0,1,0
323,9,sympy:1/3,1,9,0.8888888888888888,0.34883209584303193,0.7777777777777778,2,9,0.0,5198,-0.11111111111111116,0.34883209584303193,-0.2222222222222222,0,0,9,7,0.6666666666666666,0,0,0,1,0
323,10,sympy:1/3,1,10,0.8,0.5004024235381879,0.6,2,10,0.0,5752,-0.0888888888888888,0.15157032769515594,-0.1777777777777778,0,0,10,6,0.3333333333333333,0,0,0,1,0
323,11,sympy:1/3,1,11,0.8181818181818182,0.47413931305783735,0.6363636363636364,2,11,0.0,6192,0.018181818181818188,-0.026263110480350516,0.036363636363636376,0,0,11,7,0.3333333333333333,0,0,0,1,0
323,12,sympy:1/3,1,12,0.8333333333333334,0.45056120886630463,0.6666666666666666,2,12,0.0,6821,0.015151515151515138,-0.023578104191532723,0.030303030303030276,0,0,12,8,0.6666666666666666,0,0,0,1,0
323,13,sympy:1/3,1,13,0.8461538461538461,0.4293230219306162,0.6923076923076923,2,13,0.0,7845,0.012820512820512775,-0.021238186935688408,0.02564102564102566,0,0,13,9,1.0,0,0,0,1,0
323,14,sympy:1/3,1,14,0.8571428571428571,0.410116318288409,0.7142857142857143,2,14,0.0,8869,0.01098901098901095,-0.019206703642207223,0.02197802197802201,0,0,14,10,1.0,0,0,0,1,0
323,15,sympy:1/3,1,15,0.8666666666666667,0.39267446722755217,0.7333333333333333,2,15,0.0,9305,0.009523809523809601,-0.017441851060856828,0.01904761904761898,0,0,15,11,1.0,0,0,0,1,0
323,16,sympy:1/3,1,16,0.875,0.37677016125643675,0.75,2,16,0.0,10329,0.008333333333333304,-0.015904305971115418,0.01666666666666672,0,0,16,12,1.0,0,0,0,1,0
324,1,sympy:60,0,1,1.0,-0.0,1.0,1,1,0.0,823,0.0,0.0,0.0,0,0,1,1,1.0,1,1,0,0,1
324,2,sympy:60,0,2,0.5,0.6931471805599453,0.0,2,2,0.0,1847,-0.5,0.6931471805599453,-1.0,0,0,2,0,0.5,1,1,0,0,1
324,3,sympy:60,0,3,0.3333333333333333,1.0986122886681096,0.0,3,3,0.0,2466,-0.16666666666666669,0.4054651081081643,0.0,0,0,3,0,0.3333333333333333,1,1,0,0,1
324,4,sympy:60,0,4,0.25,1.3862943611198906,0.0,4,4,0.0,3490,-0.08333333333333331,0.287682072451781,0.0,0,0,4,0,0.0,1,1,0,0,1
324,5,sympy:120,1,5,0.4,1.3321790402101223,0.2,4,1,0.0,4383,0.15000000000000002,-0.05411532090976823,0.2,1,1,4,1,0.3333333333333333,0,0,0,1,0
324,6,sympy:120,1,6,0.5,1.242453324894,0.3333333333333333,4,2,0.0,5214,0.09999999999999998,-0.08972571531612239,0.1333333333333333,0,1,4,2,0.6666666666666666,0,0,0,1,0
324,7,sympy:120,1,7,0.5714285714285714,1.1537419427010902,0.42857142857142855,4,3,0.0,6034,0.0714285714285714,-0.08871138219290975,0.09523809523809523,0,1,4,3,1.0,0,0,0,1,0
324,8,sympy:120,1,8,0.5,1.3862943611198906,0.375,5,4,0.0,6760,-0.0714285714285714,0.23255241841880037,-0.05357142857142855,0,1,4,3,0.6666666666666666,0,0,0,1,0
324,9,sympy:120,1,9,0.5555555555555556,1.303092403761719,0.4444444444444444,5,5,0.0,7558,0.05555555555555558,-0.08320195735817149,0.06944444444444442,0,1,5,4,0.6666666666666666,0,0,0,1,0
324,10,sympy:120,1,10,0.5,1.3592367006650063,0.3,5,6,0.0,8210,-0.05555555555555558,0.05614429690328726,-0.14444444444444443,0,1,6,3,0.3333333333333333,0,0,0,1,0
324,11,sympy:120,1,10,0.5,1.3592367006650063,0.3,5,7,0.09090909090909091,9234,0.0,0.0,0.0,0,1,7,3,0.5,0,0,0,1,0
324,12,sympy:120,1,11,0.45454545454545453,1.4142790651247086,0.2727272727272727,5,8,0.08333333333333333,9956,-0.04545454545454547,0.05504236445970223,-0.027272727272727282,0,1,8,3,0.0,0,0,0,1,0
324,13,sympy:120,1,12,0.5,1.3579778549873243,0.3333333333333333,5,9,0.07692307692307693,10734,0.04545454545454547,-0.05630121013738432,0.06060606060606061,0,1,9,4,0.5,0,0,0,1,0
324,14,sympy:120,1,13,0.5384615384615384,1.303875529336385,0.38461538461538464,5,10,0.07142857142857142,11501,0.038461538461538436,-0.0541023256509392,0.05128205128205132,0,1,10,5,0.6666666666666666,0,0,0,1,0
324,15,sympy:120,1,13,0.5384615384615384,1.303875529336385,0.38461538461538464,5,11,0.13333333333333333,12525,0.0,0.0,0.0,0,1,11,5,1.0,0,0,0,1,0
324,16,sympy:120,1,14,0.5714285714285714,1.252762968495368,0.42857142857142855,5,12,0.125,13528,0.03296703296703296,-0.05111256084101701,0.04395604395604391,0,1,12,6,1.0,0,0,0,1,0
325,1,sympy:4,1,1,1.0,-0.0,1.0,1,1,0.0,461,0.0,0.0,0.0,0,0,1,1,1.0,0,0,0,1,0
325,2,sympy:4,1,2,1.0,-0.0,1.0,1,2,0.0,919,0.0,0.0,0.0,0,0,2,2,1.0,0,0,0,1,0
325,3,sympy:4,1,3,1.0,-0.0,1.0,1,3,0.0,1392,0.0,0.0,0.0,0,0,3,3,1.0,0,0,0,1,0
325,4,sympy:4,1,4,1.0,-0.0,1.0,1,4,0.0,1852,0.0,0.0,0.0,0,0,4,4,1.0,0,0,0,1,0
325,5,sympy:4,1,5,1.0,-0.0,1.0,1,5,0.0,2313,0.0,0.0,0.0,0,0,5,5,1.0,0,0,0,1,0
325,6,sympy:4,1,6,1.0,-0.0,1.0,1,6,0.0,2731,0.0,0.0,0.0,0,0,6,6,1.0,0,0,0,1,0
325,7,sympy:4,1,7,1.0,-0.0,1.0,1,7,0.0,3182,0.0,0.0,0.0,0,0,7,7,1.0,0,0,0,1,0
325,8,sympy:4,1,8,1.0,-0.0,1.0,1,8,0.0,3663,0.0,0.0,0.0,0,0,8,8,1.0,0,0,0,1,0
325,9,sympy:4,1,9,1.0,-0.0,1.0,1,9,0.0,4126,0.0,0.0,0.0,0,0,9,9,1.0,0,0,0,1,0
325,10,sympy:4,1,10,1.0,-0.0,1.0,1,10,0.0,4575,0.0,0.0,0.0,0,0,10,10,1.0,0,0,0,1,0
325,11,sympy:4,1,11,1.0,-0.0,1.0,1,11,0.0,5040,0.0,0.0,0.0,0,0,11,11,1.0,0,0,0,1,0
325,12,sympy:4,1,12,1.0,-0.0,1.0,1,12,0.0,5484,0.0,0.0,0.0,0,0,12,12,1.0,0,0,0,1,0
325,13,sympy:4,1,13,1.0,-0.0,1.0,1,13,0.0,5925,0.0,0.0,0.0,0,0,13,13,1.0,0,0,0,1,0
325,14,sympy:4,1,14,1.0,-0.0,1.0,1,14,0.0,6346,0.0,0.0,0.0,0,0,14,14,1.0,0,0,0,1,0
325,15,sympy:4,1,15,1.0,-0.0,1.0,1,15,0.0,6805,0.0,0.0,0.0,0,0,15,15,1.0,0,0,0,1,0
325,16,sympy:4,1,16,1.0,-0.0,1.0,1,16,0.0,7255,0.0,0.0,0.0,0,0,16,16,1.0,0,0,0,1,0
326,1,,0,0,,,,0,0,1.0,1024,0.0,0.0,0.0,0,0,0,0,0.0,1,1,0,0,1
326,2,,0,0,,,,0,0,1.0,2048,0.0,0.0,0.0,0,0,0,0,0.0,1,1,0,0,1
326,3,sympy:0.0900000000000000,1,1,1.0,-0.0,1.0,1,1,0.6666666666666666,2611,1.0,-0.0,1.0,0,0,1,1,1.0,0,0,0,1,0
326,4,sympy:0.0900000000000000,1,1,1.0,-0.0,1.0,1,2,0.75,3635,0.0,0.0,0.0,0,0,2,1,1.0,0,0,0,1,0
326,5,sympy:0.0900000000000000,1,1,1.0,-0.0,1.0,1,3,0.8,4659,0.0,0.0,0.0,0,0,3,1,1.0,0,0,0,1,0
326,6,sympy:0.0900000000000000,1,1,1.0,-0.0,1.0,1,4,0.8333333333333334,5683,0.0,0.0,0.0,0,0,4,1,0.0,0,0,0,1,0
326,7,sympy:0.0900000000000000,1,2,1.0,-0.0,1.0,1,5,0.7142857142857143,6693,0.0,0.0,0.0,0,0,5,2,1.0,0,0,0,1,0
326,8,sympy:0.0900000000000000,1,3,1.0,-0.0,1.0,1,6,0.625,7717,0.0,0.0,0.0,0,0,6,3,1.0,0,0,0,1,0
326,9,sympy:0.0900000000000000,1,4,0.75,0.5623351446188083,0.5,2,7,0.5555555555555556,8732,-0.25,0.5623351446188083,-0.5,0,0,7,2,0.6666666666666666,0,0,0,1,0
326,10,sympy:0.0900000000000000,1,4,0.75,0.5623351446188083,0.5,2,8,0.6,9756,0.0,0.0,0.0,0,0,8,2,0.5,0,0,0,1,0
326,11,sympy:0.0900000000000000,1,5,0.6,0.6730116670092565,0.2,2,9,0.5454545454545454,10746,-0.15000000000000002,0.11067652239044823,-0.3,0,0,9,1,0.0,0,0,0,1,0
326,12,sympy:0.0900000000000000,1,5,0.6,0.6730116670092565,0.2,2,10,0.5833333333333334,11770,0.0,0.0,0.0,0,0,10,1,0.0,0,0,0,1,0
326,13,sympy:0.0900000000000000,1,5,0.6,0.6730116670092565,0.2,2,11,0.6153846153846154,12794,0.0,0.0,0.0,0,0,11,1,0.0,0,0,0,1,0
326,14,sympy:0.0900000000000000,1,5,0.6,0.6730116670092565,0.2,2,12,0.6428571428571429,13818,0.0,0.0,0.0,0,0,12,1,0.0,0,0,0,1,0
326,15,sympy:0.0900000000000000,1,5,0.6,0.6730116670092565,0.2,2,13,0.6666666666666666,14842,0.0,0.0,0.0,0,0,13,1,0.0,0,0,0,1,0
326,16,sympy:0.0900000000000000,1,5,0.6,0.6730116670092565,0.2,2,14,0.6875,15866,0.0,0.0,0.0,0,0,14,1,0.0,0,0,0,1,0
327,1,sympy:10,0,1,1.0,-0.0,1.0,1,1,0.0,957,0.0,0.0,0.0,0,0,1,1,1.0,0,0,0,1,0
327,2,sympy:10,0,1,1.0,-0.0,1.0,1,2,0.5,1981,0.0,0.0,0.0,0,0,2,1,1.0,0,0,0,1,0
327,3,sympy:10,0,2,0.5,0.6931471805599453,0.0,2,3,0.3333333333333333,3005,-0.5,0.6931471805599453,-1.0,0,0,3,0,0.5,0,0,0,1,0
327,4,sympy:10,0,3,0.3333333333333333,1.0986122886681096,0.0,3,4,0.25,4029,-0.16666666666666669,0.4054651081081643,0.0,0,0,4,0,0.0,0,0,0,1,0
327,5,sympy:10,0,3,0.3333333333333333,1.0986122886681096,0.0,3,5,0.4,5053,0.0,0.0,0.0,0,0,5,0,0.0,0,0,0,1,0
327,6,sympy:10,0,3,0.3333333333333333,1.0986122886681096,0.0,3,6,0.5,6077,0.0,0.0,0.0,0,0,6,0,0.0,0,0,0,1,0
327,7,sympy:10,0,3,0.3333333333333333,1.0986122886681096,0.0,3,7,0.5714285714285714,7101,0.0,0.0,0.0,0,0,7,0,0.0,0,0,0,1,0
327,8,sympy:10,0,3,0.3333333333333333,1.0986122886681096,0.0,3,8,0.625,8125,0.0,0.0,0.0,0,0,8,0,0.0,0,0,0,1,0
327,9,sympy:10,0,3,0.3333333333333333,1.0986122886681096,0.0,3,9,0.6666666666666666,9149,0.0,0.0,0.0,0,0,9,0,0.0,0,0,0,1,0
327,10,sympy:10,0,3,0.3333333333333333,1.0986122886681096,0.0,3,10,0.7,10173,0.0,0.0,0.0,0,0,10,0,0.0,0,0,0,1,0
327,11,sympy:10,0,4,0.25,1.3862943611198906,0.0,4,11,0.6363636363636364,10929,-0.08333333333333331,0.287682072451781,0.0,0,0,11,0,0.0,0,0,0,1,0
327,12,sympy:10,0,4,0.25,1.3862943611198906,0.0,4,12,0.6666666666666666,11953,0.0,0.0,0.0,0,0,12,0,0.0,0,0,0,1,0
327,13,sympy:10,0,4,0.25,1.3862943611198906,0.0,4,13,0.6923076923076923,12977,0.0,0.0,0.0,0,0,13,0,0.0,0,0,0,1,0
327,14,sympy:10,0,4,0.25,1.3862943611198906,0.0,4,14,0.7142857142857143,14001,0.0,0.0,0.0,0,0,14,0,0.0,0,0,0,1,0
327,15,sympy:10,0,4,0.25,1.3862943611198906,0.0,4,15,0.7333333333333333,15025,0.0,0.0,0.0,0,0,15,0,0.0,0,0,0,1,0
327,16,sympy:10,0,4,0.25,1.3862943611198906,0.0,4,16,0.75,16049,0.0,0.0,0.0,0,0,16,0,0.0,0,0,0,1,0
328,1,sympy:3,1,1,1.0,-0.0,1.0,1,1,0.0,809,0.0,0.0,0.0,0,0,1,1,1.0,0,0,0,1,0
328,2,sympy:3,1,2,0.5,0.6931471805599453,0.0,2,2,0.0,1561,-0.5,0.6931471805599453,-1.0,0,0,2,0,0.5,0,0,0,1,0
328,3,sympy:3,1,3,0.6666666666666666,0.6365141682948128,0.3333333333333333,2,3,0.0,2382,0.16666666666666663,-0.05663301226513251,0.3333333333333333,0,0,3,1,0.6666666666666666,0,0,0,1,0
328,4,sympy:3,1,4,0.75,0.5623351446188083,0.5,2,4,0.0,3099,0.08333333333333337,-0.07417902367600449,0.16666666666666669,0,0,4,2,0.6666666666666666,0,0,0,1,0
328,5,sympy:3,1,5,0.6,0.6730116670092565,0.2,2,5,0.0,3640,-0.15000000000000002,0.11067652239044823,-0.3,0,0,5,1,0.6666666666666666,0,0,0,1,0
328,6,sympy:3,1,6,0.5,0.6931471805599453,0.0,2,6,0.0,4135,-0.09999999999999998,0.020135513550688766,-0.2,0,0,6,0,0.3333333333333333,0,0,0,1,0
328,7,sympy:3,1,7,0.5714285714285714,0.6829081047004717,0.14285714285714285,2,7,0.0,4904,0.0714285714285714,-0.01023907585947359,0.14285714285714285,0,0,7,1,0.3333333333333333,0,0,0,1,0
328,8,sympy:3,1,8,0.625,0.6615632381579821,0.25,2,8,0.0,5774,0.0535714285714286,-0.02134486654248957,0.10714285714285715,0,0,8,2,0.6666666666666666,0,0,0,1,0
328,9,sympy:3,1,9,0.6666666666666666,0.6365141682948128,0.3333333333333333,2,9,0.0,6576,0.04166666666666663,-0.02504906986316935,0.08333333333333331,0,0,9,3,1.0,0,0,0,1,0
328,10,sympy:3,1,10,0.7,0.6108643020548935,0.4,2,10,0.0,7318,0.033333333333333326,-0.025649866239919272,0.06666666666666671,0,0,10,4,1.0,0,0,0,1,0
328,11,sympy:3,1,11,0.7272727272727273,0.5859526183035508,0.45454545454545453,2,11,0.0,7989,0.027272727272727337,-0.024911683751342673,0.05454545454545451,0,0,11,5,1.0,0,0,0,1,0
328,12,sympy:3,1,11,0.7272727272727273,0.5859526183035508,0.45454545454545453,2,12,0.08333333333333333,9013,0.0,0.0,0.0,0,0,12,5,1.0,0,0,0,1,0
328,13,sympy:3,1,12,0.75,0.5623351446188083,0.5,2,13,0.07692307692307693,9644,0.022727272727272707,-0.02361747368474254,0.04545454545454547,0,0,13,6,1.0,0,0,0,1,0
328,14,sympy:3,1,13,0.6923076923076923,0.6172417697303416,0.38461538461538464,2,14,0.07142857142857142,10090,-0.05769230769230771,0.054906625111533325,-0.11538461538461536,0,0,14,5,0.5,0,0,0,1,0
328,15,sympy:3,1,14,0.7142857142857143,0.5982695885852573,0.42857142857142855,2,15,0.06666666666666667,10943,0.02197802197802201,-0.018972181145084366,0.04395604395604391,0,0,15,6,0.6666666666666666,0,0,0,1,0
328,16,sympy:3,1,15,0.7333333333333333,0.5799151714181009,0.4666666666666667,2,16,0.0625,11699,0.01904761904761898,-0.018354417167156356,0.038095238095238126,0,0,16,7,0.6666666666666666,0,0,0,1,0
329,1,sympy:4,1,1,1.0,-0.0,1.0,1,1,0.0,211,0.0,0.0,0.0,0,0,1,1,1.0,0,0,0,1,0
329,2,sympy:4,1,2,1.0,-0.0,1.0,1,2,0.0,417,0.0,0.0,0.0,0,0,2,2,1.0,0,0,0,1,0
329,3,sympy:4,1,3,1.0,-0.0,1.0,1,3,0.0,630,0.0,0.0,0.0,0,0,3,3,1.0,0,0,0,1,0
329,4,sympy:4,1,4,1.0,-0.0,1.0,1,4,0.0,849,0.0,0.0,0.0,0,0,4,4,1.0,0,0,0,1,0
329,5,sympy:4,1,5,1.0,-0.0,1.0,1,5,0.0,1120,0.0,0.0,0.0,0,0,5,5,1.0,0,0,0,1,0
329,6,sympy:4,1,6,1.0,-0.0,1.0,1,6,0.0,1329,0.0,0.0,0.0,0,0,6,6,1.0,0,0,0,1,0
329,7,sympy:4,1,7,1.0,-0.0,1.0,1,7,0.0,1542,0.0,0.0,0.0,0,0,7,7,1.0,0,0,0,1,0
329,8,sympy:4,1,8,1.0,-0.0,1.0,1,8,0.0,1790,0.0,0.0,0.0,0,0,8,8,1.0,0,0,0,1,0
329,9,sympy:4,1,9,1.0,-0.0,1.0,1,9,0.0,1998,0.0,0.0,0.0,0,0,9,9,1.0,0,0,0,1,0
329,10,sympy:4,1,10,1.0,-0.0,1.0,1,10,0.0,2211,0.0,0.0,0.0,0,0,10,10,1.0,0,0,0,1,0
329,11,sympy:4,1,11,1.0,-0.0,1.0,1,11,0.0,2481,0.0,0.0,0.0,0,0,11,11,1.0,0,0,0,1,0
329,12,sympy:4,1,12,1.0,-0.0,1.0,1,12,0.0,2711,0.0,0.0,0.0,0,0,12,12,1.0,0,0,0,1,0
329,13,sympy:4,1,13,1.0,-0.0,1.0,1,13,0.0,2921,0.0,0.0,0.0,0,0,13,13,1.0,0,0,0,1,0
329,14,sympy:4,1,14,1.0,-0.0,1.0,1,14,0.0,3151,0.0,0.0,0.0,0,0,14,14,1.0,0,0,0,1,0
329,15,sympy:4,1,15,1.0,-0.0,1.0,1,15,0.0,3382,0.0,0.0,0.0,0,0,15,15,1.0,0,0,0,1,0
329,16,sympy:4,1,16,1.0,-0.0,1.0,1,16,0.0,3596,0.0,0.0,0.0,0,0,16,16,1.0,0,0,0,1,0
330,1,sympy:1940,1,1,1.0,-0.0,1.0,1,1,0.0,861,0.0,0.0,0.0,0,0,1,1,1.0,0,0,0,1,0
330,2,sympy:1940,1,2,1.0,-0.0,1.0,1,2,0.0,1246,0.0,0.0,0.0,0,0,2,2,1.0,0,0,0,1,0
330,3,sympy:1940,1,3,1.0,-0.0,1.0,1,3,0.0,1732,0.0,0.0,0.0,0,0,3,3,1.0,0,0,0,1,0
330,4,sympy:1940,1,4,1.0,-0.0,1.0,1,4,0.0,2226,0.0,0.0,0.0,0,0,4,4,1.0,0,0,0,1,0
330,5,sympy:1940,1,5,1.0,-0.0,1.0,1,5,0.0,2840,0.0,0.0,0.0,0,0,5,5,1.0,0,0,0,1,0
330,6,sympy:1940,1,6,1.0,-0.0,1.0,1,6,0.0,3171,0.0,0.0,0.0,0,0,6,6,1.0,0,0,0,1,0
330,7,sympy:1940,1,7,1.0,-0.0,1.0,1,7,0.0,3588,0.0,0.0,0.0,0,0,7,7,1.0,0,0,0,1,0
330,8,sympy:1940,1,8,1.0,-0.0,1.0,1,8,0.0,3968,0.0,0.0,0.0,0,0,8,8,1.0,0,0,0,1,0
330,9,sympy:1940,1,9,1.0,-0.0,1.0,1,9,0.0,4614,0.0,0.0,0.0,0,0,9,9,1.0,0,0,0,1,0
330,10,sympy:1940,1,10,1.0,-0.0,1.0,1,10,0.0,5018,0.0,0.0,0.0,0,0,10,10,1.0,0,0,0,1,0
330,11,sympy:1940,1,11,1.0,-0.0,1.0,1,11,0.0,5595,0.0,0.0,0.0,0,0,11,11,1.0,0,0,0,1,0
330,12,sympy:1940,1,12,1.0,-0.0,1.0,1,12,0.0,6093,0.0,0.0,0.0,0,0,12,12,1.0,0,0,0,1,0
330,13,sympy:1940,1,13,1.0,-0.0,1.0,1,13,0.0,6525,0.0,0.0,0.0,0,0,13,13,1.0,0,0,0,1,0
330,14,sympy:1940,1,14,1.0,-0.0,1.0,1,14,0.0,7110,0.0,0.0,0.0,0,0,14,14,1.0,0,0,0,1,0
330,15,sympy:1940,1,15,1.0,-0.0,1.0,1,15,0.0,7536,0.0,0.0,0.0,0,0,15,15,1.0,0,0,0,1,0
330,16,sympy:1940,1,16,1.0,-0.0,1.0,1,16,0.0,7948,0.0,0.0,0.0,0,0,16,16,1.0,0,0,0,1,0
331,1,sympy:13/6,1,1,1.0,-0.0,1.0,1,1,0.0,784,0.0,0.0,0.0,0,0,1,1,1.0,0,0,0,1,0
331,2,sympy:13/6,1,2,1.0,-0.0,1.0,1,2,0.0,1483,0.0,0.0,0.0,0,0,2,2,1.0,0,0,0,1,0
331,3,sympy:13/6,1,3,0.6666666666666666,0.6365141682948128,0.3333333333333333,2,3,0.0,2216,-0.33333333333333337,0.6365141682948128,-0.6666666666666667,0,0,3,1,0.6666666666666666,0,0,0,1,0
331,4,sympy:13/6,1,4,0.75,0.5623351446188083,0.5,2,4,0.0,2915,0.08333333333333337,-0.07417902367600449,0.16666666666666669,0,0,4,2,0.6666666666666666,0,0,0,1,0
331,5,sympy:13/6,1,5,0.8,0.5004024235381879,0.6,2,5,0.0,3598,0.050000000000000044,-0.06193272108062042,0.09999999999999998,0,0,5,3,0.6666666666666666,0,0,0,1,0
331,6,sympy:13/6,1,6,0.8333333333333334,0.45056120886630463,0.6666666666666666,2,6,0.0,4302,0.033333333333333326,-0.04984121467188324,0.06666666666666665,0,0,6,4,1.0,0,0,0,1,0
331,7,sympy:13/6,1,7,0.7142857142857143,0.5982695885852573,0.42857142857142855,2,7,0.0,4994,-0.11904761904761907,0.14770837971895262,-0.23809523809523808,0,0,7,3,0.6666666666666666,0,0,0,1,0
331,8,sympy:13/6,1,8,0.75,0.5623351446188083,0.5,2,8,0.0,5699,0.0357142857142857,-0.03593444396644896,0.07142857142857145,0,0,8,4,0.6666666666666666,0,0,0,1,0
331,9,sympy:13/6,1,9,0.7777777777777778,0.5297061990576545,0.5555555555555556,2,9,0.0,6298,0.02777777777777779,-0.03262894556115381,0.05555555555555558,0,0,9,5,0.6666666666666666,0,0,0,1,0
331,10,sympy:13/6,1,10,0.8,0.5004024235381879,0.6,2,10,0.0,6983,0.022222222222222254,-0.029303775519466613,0.0444444444444444,0,0,10,6,1.0,0,0,0,1,0
331,11,sympy:13/6,1,11,0.8181818181818182,0.47413931305783735,0.6363636363636364,2,11,0.0,7710,0.018181818181818188,-0.026263110480350516,0.036363636363636376,0,0,11,7,1.0,0,0,0,1,0
331,12,sympy:13/6,1,12,0.8333333333333334,0.45056120886630463,0.6666666666666666,2,12,0.0,8458,0.015151515151515138,-0.023578104191532723,0.030303030303030276,0,0,12,8,1.0,0,0,0,1,0
331,13,sympy:13/6,1,13,0.8461538461538461,0.4293230219306162,0.6923076923076923,2,13,0.0,9195,0.012820512820512775,-0.021238186935688408,0.02564102564102566,0,0,13,9,1.0,0,0,0,1,0
331,14,sympy:13/6,1,14,0.8571428571428571,0.410116318288409,0.7142857142857143,2,14,0.0,9842,0.01098901098901095,-0.019206703642207223,0.02197802197802201,0,0,14,10,1.0,0,0,0,1,0
331,15,sympy:13/6,1,15,0.8,0.5004024235381879,0.6,2,15,0.0,10547,-0.05714285714285705,0.09028610524977887,-0.11428571428571432,0,0,15,9,0.6666666666666666,0,0,0,1,0
331,16,sympy:13/6,1,16,0.8125,0.48257756517701206,0.625,2,16,0.0,11221,0.012499999999999956,-0.01782485836117581,0.025000000000000022,0,0,16,10,0.6666666666666666,0,0,0,1,0
332,1,sympy:2,1,1,1.0,-0.0,1.0,1,1,0.0,699,0.0,0.0,0.0,0,0,1,1,1.0,0,0,0,1,0
332,2,sympy:2,1,2,0.5,0.6931471805599453,0.0,2,2,0.0,1250,-0.5,0.6931471805599453,-1.0,0,0,2,0,0.5,0,0,0,1,0
332,3,sympy:2,1,3,0.3333333333333333,1.0986122886681096,0.0,3,3,0.0,1861,-0.16666666666666669,0.4054651081081643,0.0,0,0,3,0,0.3333333333333333,0,0,0,1,0
332,4,sympy:(4*sqrt(3))/3,0,4,0.5,1.0397207708399179,0.25,3,1,0.0,2508,0.16666666666666669,-0.058891517828191686,0.25,1,1,3,1,0.6666666666666666,1,1,0,0,1
332,5,sympy:(4*sqrt(3))/3,0,5,0.6,0.9502705392332347,0.4,3,2,0.0,3178,0.09999999999999998,-0.0894502316066832,0.15000000000000002,0,1,3,2,0.6666666666666666,1,1,0,0,1
332,6,sympy:(4*sqrt(3))/3,0,6,0.5,1.0114042647073518,0.16666666666666666,3,3,0.0,3721,-0.09999999999999998,0.06113372547411711,-0.23333333333333336,0,1,3,1,0.6666666666666666,1,1,0,0,1
332,7,sympy:2,1,7,0.42857142857142855,1.0042424730540764,0.0,3,1,0.0,4592,-0.07142857142857145,-0.007161791653275351,-0.16666666666666666,1,2,3,0,0.6666666666666666,0,0,0,1,0
332,8,sympy:(4*sqrt(3))/3,0,8,0.5,0.9743147528693494,0.125,3,1,0.0,5060,0.07142857142857145,-0.029927720184727002,0.125,1,3,3,1,0.3333333333333333,1,1,0,0,1
332,9,sympy:(4*sqrt(3))/3,0,8,0.5,0.9743147528693494,0.125,3,2,0.1111111111111111,6084,0.0,0.0,0.0,0,3,3,1,0.5,1,1,0,0,1
332,10,sympy:2,1,9,0.4444444444444444,0.9649629230074277,0.0,3,1,0.1,6596,-0.05555555555555558,-0.009351829861921734,-0.125,1,4,3,0,0.5,0,0,0,1,0
332,11,sympy:(4*sqrt(3))/3,0,10,0.5,0.9433483923290392,0.1,3,1,0.09090909090909091,7095,0.05555555555555558,-0.021614530678388477,0.1,1,5,3,1,0.5,1,1,0,0,1
332,12,sympy:2,1,11,0.45454545454545453,0.9347698978582794,0.0,3,1,0.08333333333333333,7840,-0.04545454545454547,-0.008578494470759868,-0.1,1,6,3,0,0.6666666666666666,0,0,0,1,0
332,13,sympy:2,1,12,0.4166666666666667,1.14370838942625,0.0,4,2,0.07692307692307693,8772,-0.037878787878787845,0.20893849156797073,0.0,0,6,3,0,0.3333333333333333,0,0,0,1,0
332,14,sympy:2,1,13,0.46153846153846156,1.1189688668816267,0.07692307692307693,4,3,0.07142857142857142,9294,0.04487179487179488,-0.024739522544623416,0.07692307692307693,0,6,3,1,0.6666666666666666,0,0,0,1,0
332,15,sympy:2,1,14,0.5,1.0913030006468518,0.14285714285714285,4,4,0.06666666666666667,9980,0.038461538461538436,-0.02766586623477485,0.06593406593406592,0,6,4,2,0.6666666666666666,0,0,0,1,0
332,16,sympy:2,1,15,0.4666666666666667,1.0832550105185086,0.06666666666666667,4,5,0.0625,10724,-0.033333333333333326,-0.00804799012834323,-0.07619047619047618,0,6,5,1,0.6666666666666666,0,0,0,1,0
333,1,,0,0,,,,0,0,1.0,1024,0.0,0.0,0.0,0,0,0,0,0.0,1,1,0,0,1
333,2,sympy:3,1,1,1.0,-0.0,1.0,1,1,0.5,1609,1.0,-0.0,1.0,0,0,1,1,1.0,0,0,0,1,0
333,3,sympy:3,1,1,1.0,-0.0,1.0,1,2,0.6666666666666666,2633,0.0,0.0,0.0,0,0,2,1,1.0,0,0,0,1,0
333,4,sympy:3,1,2,1.0,-0.0,1.0,1,3,0.5,3570,0.0,0.0,0.0,0,0,3,2,1.0,0,0,0,1,0
333,5,sympy:3,1,3,1.0,-0.0,1.0,1,4,0.4,4404,0.0,0.0,0.0,0,0,4,3,1.0,0,0,0,1,0
333,6,sympy:3,1,4,1.0,-0.0,1.0,1,5,0.3333333333333333,5303,0.0,0.0,0.0,0,0,5,4,1.0,0,0,0,1,0
333,7,sympy:3,1,4,1.0,-0.0,1.0,1,6,0.42857142857142855,6327,0.0,0.0,0.0,0,0,6,4,1.0,0,0,0,1,0
333,8,sympy:3,1,5,1.0,-0.0,1.0,1,7,0.375,7068,0.0,0.0,0.0,0,0,7,5,1.0,0,0,0,1,0
333,9,sympy:3,1,6,1.0,-0.0,1.0,1,8,0.3333333333333333,7753,0.0,0.0,0.0,0,0,8,6,1.0,0,0,0,1,0
333,10,sympy:3,1,7,1.0,-0.0,1.0,1,9,0.3,8533,0.0,0.0,0.0,0,0,9,7,1.0,0,0,0,1,0
333,11,sympy:3,1,7,1.0,-0.0,1.0,1,10,0.36363636363636365,9557,0.0,0.0,0.0,0,0,10,7,1.0,0,0,0,1,0
333,12,sympy:3,1,8,1.0,-0.0,1.0,1,11,0.3333333333333333,10292,0.0,0.0,0.0,0,0,11,8,1.0,0,0,0,1,0
333,13,sympy:3,1,8,1.0,-0.0,1.0,1,12,0.38461538461538464,11316,0.0,0.0,0.0,0,0,12,8,1.0,0,0,0,1,0
333,14,sympy:3,1,9,1.0,-0.0,1.0,1,13,0.35714285714285715,11792,0.0,0.0,0.0,0,0,13,9,1.0,0,0,0,1,0
333,15,sympy:3,1,10,1.0,-0.0,1.0,1,14,0.3333333333333333,12537,0.0,0.0,0.0,0,0,14,10,1.0,0,0,0,1,0
333,16,sympy:3,1,11,1.0,-0.0,1.0,1,15,0.3125,12764,0.0,0.0,0.0,0,0,15,11,1.0,0,0,0,1,0
334,1,sympy:-120,1,1,1.0,-0.0,1.0,1,1,0.0,548,0.0,0.0,0.0,0,0,1,1,1.0,0,0,0,1,0
334,2,sympy:-120,1,2,1.0,-0.0,1.0,1,2,0.0,1013,0.0,0.0,0.0,0,0,2,2,1.0,0,0,0,1,0
334,3,sympy:-120,1,3,1.0,-0.0,1.0,1,3,0.0,1407,0.0,0.0,0.0,0,0,3,3,1.0,0,0,0,1,0
334,4,sympy:-120,1,4,1.0,-0.0,1.0,1,4,0.0,1929,0.0,0.0,0.0,0,0,4,4,1.0,0,0,0,1,0
334,5,sympy:-120,1,5,1.0,-0.0,1.0,1,5,0.0,2452,0.0,0.0,0.0,0,0,5,5,1.0,0,0,0,1,0
334,6,sympy:-120,1,6,1.0,-0.0,1.0,1,6,0.0,2971,0.0,0.0,0.0,0,0,6,6,1.0,0,0,0,1,0
334,7,sympy:-120,1,7,1.0,-0.0,1.0,1,7,0.0,3419,0.0,0.0,0.0,0,0,7,7,1.0,0,0,0,1,0
334,8,sympy:-120,1,8,1.0,-0.0,1.0,1,8,0.0,4030,0.0,0.0,0.0,0,0,8,8,1.0,0,0,0,1,0
334,9,sympy:-120,1,9,1.0,-0.0,1.0,1,9,0.0,4542,0.0,0.0,0.0,0,0,9,9,1.0,0,0,0,1,0
334,10,sympy:-120,1,10,1.0,-0.0,1.0,1,10,0.0,5079,0.0,0.0,0.0,0,0,10,10,1.0,0,0,0,1,0
334,11,sympy:-120,1,11,1.0,-0.0,1.0,1,11,0.0,5552,0.0,0.0,0.0,0,0,11,11,1.0,0,0,0,1,0
334,12,sympy:-120,1,12,1.0,-0.0,1.0,1,12,0.0,6028,0.0,0.0,0.0,0,0,12,12,1.0,0,0,0,1,0
334,13,sympy:-120,1,13,1.0,-0.0,1.0,1,13,0.0,6544,0.0,0.0,0.0,0,0,13,13,1.0,0,0,0,1,0
334,14,sympy:-120,1,14,1.0,-0.0,1.0,1,14,0.0,7066,0.0,0.0,0.0,0,0,14,14,1.0,0,0,0,1,0
334,15,sympy:-120,1,15,1.0,-0.0,1.0,1,15,0.0,7524,0.0,0.0,0.0,0,0,15,15,1.0,0,0,0,1,0
334,16,sympy:-120,1,16,1.0,-0.0,1.0,1,16,0.0,8013,0.0,0.0,0.0,0,0,16,16,1.0,0,0,0,1,0
335,1,sympy:3,1,1,1.0,-0.0,1.0,1,1,0.0,849,0.0,0.0,0.0,0,0,1,1,1.0,0,0,0,1,0
335,2,sympy:3,1,2,1.0,-0.0,1.0,1,2,0.0,1564,0.0,0.0,0.0,0,0,2,2,1.0,0,0,0,1,0
335,3,sympy:3,1,3,1.0,-0.0,1.0,1,3,0.0,2276,0.0,0.0,0.0,0,0,3,3,1.0,0,0,0,1,0
335,4,sympy:3,1,4,1.0,-0.0,1.0,1,4,0.0,3012,0.0,0.0,0.0,0,0,4,4,1.0,0,0,0,1,0
335,5,sympy:3,1,5,1.0,-0.0,1.0,1,5,0.0,3734,0.0,0.0,0.0,0,0,5,5,1.0,0,0,0,1,0
335,6,sympy:3,1,6,1.0,-0.0,1.0,1,6,0.0,4469,0.0,0.0,0.0,0,0,6,6,1.0,0,0,0,1,0
335,7,sympy:3,1,7,1.0,-0.0,1.0,1,7,0.0,5217,0.0,0.0,0.0,0,0,7,7,1.0,0,0,0,1,0
335,8,sympy:3,1,8,1.0,-0.0,1.0,1,8,0.0,5935,0.0,0.0,0.0,0,0,8,8,1.0,0,0,0,1,0
335,9,sympy:3,1,9,1.0,-0.0,1.0,1,9,0.0,6669,0.0,0.0,0.0,0,0,9,9,1.0,0,0,0,1,0
335,10,sympy:3,1,10,1.0,-0.0,1.0,1,10,0.0,7372,0.0,0.0,0.0,0,0,10,10,1.0,0,0,0,1,0
335,11,sympy:3,1,11,1.0,-0.0,1.0,1,11,0.0,8075,0.0,0.0,0.0,0,0,11,11,1.0,0,0,0,1,0
335,12,sympy:3,1,12,1.0,-0.0,1.0,1,12,0.0,8793,0.0,0.0,0.0,0,0,12,12,1.0,0,0,0,1,0
335,13,sympy:3,1,13,1.0,-0.0,1.0,1,13,0.0,9514,0.0,0.0,0.0,0,0,13,13,1.0,0,0,0,1,0
335,14,sympy:3,1,14,1.0,-0.0,1.0,1,14,0.0,10207,0.0,0.0,0.0,0,0,14,14,1.0,0,0,0,1,0
335,15,sympy:3,1,15,1.0,-0.0,1.0,1,15,0.0,10930,0.0,0.0,0.0,0,0,15,15,1.0,0,0,0,1,0
335,16,sympy:3,1,16,1.0,-0.0,1.0,1,16,0.0,11641,0.0,0.0,0.0,0,0,16,16,1.0,0,0,0,1,0
336,1,sympy:26000,1,1,1.0,-0.0,1.0,1,1,0.0,290,0.0,0.0,0.0,0,0,1,1,1.0,0,0,0,1,0
336,2,sympy:26000,1,2,1.0,-0.0,1.0,1,2,0.0,523,0.0,0.0,0.0,0,0,2,2,1.0,0,0,0,1,0
336,3,sympy:26000,1,3,1.0,-0.0,1.0,1,3,0.0,790,0.0,0.0,0.0,0,0,3,3,1.0,0,0,0,1,0
336,4,sympy:26000,1,4,1.0,-0.0,1.0,1,4,0.0,1066,0.0,0.0,0.0,0,0,4,4,1.0,0,0,0,1,0
336,5,sympy:26000,1,5,1.0,-0.0,1.0,1,5,0.0,1337,0.0,0.0,0.0,0,0,5,5,1.0,0,0,0,1,0
336,6,sympy:26000,1,6,1.0,-0.0,1.0,1,6,0.0,1609,0.0,0.0,0.0,0,0,6,6,1.0,0,0,0,1,0
336,7,sympy:26000,1,7,1.0,-0.0,1.0,1,7,0.0,1844,0.0,0.0,0.0,0,0,7,7,1.0,0,0,0,1,0
336,8,sympy:26000,1,8,1.0,-0.0,1.0,1,8,0.0,2105,0.0,0.0,0.0,0,0,8,8,1.0,0,0,0,1,0
336,9,sympy:26000,1,9,1.0,-0.0,1.0,1,9,0.0,2420,0.0,0.0,0.0,0,0,9,9,1.0,0,0,0,1,0
336,10,sympy:26000,1,10,1.0,-0.0,1.0,1,10,0.0,2701,0.0,0.0,0.0,0,0,10,10,1.0,0,0,0,1,0
336,11,sympy:26000,1,11,1.0,-0.0,1.0,1,11,0.0,2950,0.0,0.0,0.0,0,0,11,11,1.0,0,0,0,1,0
336,12,sympy:26000,1,12,1.0,-0.0,1.0,1,12,0.0,3216,0.0,0.0,0.0,0,0,12,12,1.0,0,0,0,1,0
336,13,sympy:26000,1,13,1.0,-0.0,1.0,1,13,0.0,3475,0.0,0.0,0.0,0,0,13,13,1.0,0,0,0,1,0
336,14,sympy:26000,1,14,1.0,-0.0,1.0,1,14,0.0,3737,0.0,0.0,0.0,0,0,14,14,1.0,0,0,0,1,0
336,15,sympy:26000,1,15,1.0,-0.0,1.0,1,15,0.0,3985,0.0,0.0,0.0,0,0,15,15,1.0,0,0,0,1,0
336,16,sympy:26000,1,16,1.0,-0.0,1.0,1,16,0.0,4253,0.0,0.0,0.0,0,0,16,16,1.0,0,0,0,1,0
337,1,sympy:6,1,1,1.0,-0.0,1.0,1,1,0.0,298,0.0,0.0,0.0,0,0,1,1,1.0,0,0,0,1,0
337,2,sympy:6,1,2,1.0,-0.0,1.0,1,2,0.0,637,0.0,0.0,0.0,0,0,2,2,1.0,0,0,0,1,0
337,3,sympy:6,1,3,1.0,-0.0,1.0,1,3,0.0,1192,0.0,0.0,0.0,0,0,3,3,1.0,0,0,0,1,0
337,4,sympy:6,1,4,1.0,-0.0,1.0,1,4,0.0,1514,0.0,0.0,0.0,0,0,4,4,1.0,0,0,0,1,0
337,5,sympy:6,1,5,1.0,-0.0,1.0,1,5,0.0,1962,0.0,0.0,0.0,0,0,5,5,1.0,0,0,0,1,0
337,6,sympy:6,1,6,1.0,-0.0,1.0,1,6,0.0,2282,0.0,0.0,0.0,0,0,6,6,1.0,0,0,0,1,0
337,7,sympy:6,1,7,0.8571428571428571,0.410116318288409,0.7142857142857143,2,7,0.0,3061,-0.1428571428571429,0.410116318288409,-0.2857142857142857,0,0,7,5,0.6666666666666666,0,0,0,1,0
337,8,sympy:6,1,8,0.875,0.37677016125643675,0.75,2,8,0.0,3464,0.017857142857142905,-0.033346157031972246,0.0357142857142857,0,0,8,6,0.6666666666666666,0,0,0,1,0
337,9,sympy:6,1,9,0.8888888888888888,0.34883209584303193,0.7777777777777778,2,9,0.0,3791,0.01388888888888884,-0.027938065413404822,0.02777777777777779,0,0,9,7,0.6666666666666666,0,0,0,1,0
337,10,sympy:6,1,10,0.9,0.3250829733914482,0.8,2,10,0.0,4132,0.011111111111111183,-0.023749122451583726,0.022222222222222254,0,0,10,8,1.0,0,0,0,1,0
337,11,sympy:6,1,11,0.9090909090909091,0.30463609734923813,0.8181818181818182,2,11,0.0,4463,0.009090909090909038,-0.02044687604221007,0.018181818181818188,0,0,11,9,1.0,0,0,0,1,0
337,12,sympy:6,1,12,0.9166666666666666,0.2868359830561607,0.8333333333333334,2,12,0.0,4969,0.007575757575757569,-0.01780011429307743,0.015151515151515138,0,0,12,10,1.0,0,0,0,1,0
337,13,sympy:6,1,13,0.9230769230769231,0.2711893730418441,0.8461538461538461,2,13,0.0,5993,0.0064102564102564985,-0.01564661001431661,0.012820512820512775,0,0,13,11,1.0,0,0,0,1,0
337,14,sympy:6,1,14,0.9285714285714286,0.25731864054383163,0.8571428571428571,2,14,0.0,6408,0.005494505494505475,-0.013870732498012461,0.01098901098901095,0,0,14,12,1.0,0,0,0,1,0
337,15,sympy:6,1,15,0.9333333333333333,0.24493002679463532,0.8666666666666667,2,15,0.0,6719,0.004761904761904745,-0.012388613749196309,0.009523809523809601,0,0,15,13,1.0,0,0,0,1,0
337,16,sympy:6,1,16,0.9375,0.2337916587064593,0.875,2,16,0.0,7220,0.004166666666666652,-0.011138368088176032,0.008333333333333304,0,0,16,14,1.0,0,0,0,1,0
338,1,sympy:4343,1,1,1.0,-0.0,1.0,1,1,0.0,330,0.0,0.0,0.0,0,0,1,1,1.0,0,0,0,1,0
338,2,sympy:4343,1,2,1.0,-0.0,1.0,1,2,0.0,690,0.0,0.0,0.0,0,0,2,2,1.0,0,0,0,1,0
338,3,sympy:4343,1,3,1.0,-0.0,1.0,1,3,0.0,1042,0.0,0.0,0.0,0,0,3,3,1.0,0,0,0,1,0
338,4,sympy:4343,1,4,1.0,-0.0,1.0,1,4,0.0,1394,0.0,0.0,0.0,0,0,4,4,1.0,0,0,0,1,0
338,5,sympy:4343,1,5,1.0,-0.0,1.0,1,5,0.0,1712,0.0,0.0,0.0,0,0,5,5,1.0,0,0,0,1,0
338,6,sympy:4343,1,6,1.0,-0.0,1.0,1,6,0.0,2059,0.0,0.0,0.0,0,0,6,6,1.0,0,0,0,1,0
338,7,sympy:4343,1,7,1.0,-0.0,1.0,1,7,0.0,2406,0.0,0.0,0.0,0,0,7,7,1.0,0,0,0,1,0
338,8,sympy:4343,1,8,1.0,-0.0,1.0,1,8,0.0,2741,0.0,0.0,0.0,0,0,8,8,1.0,0,0,0,1,0
338,9,sympy:4343,1,9,1.0,-0.0,1.0,1,9,0.0,3075,0.0,0.0,0.0,0,0,9,9,1.0,0,0,0,1,0
338,10,sympy:4343,1,10,1.0,-0.0,1.0,1,10,0.0,3393,0.0,0.0,0.0,0,0,10,10,1.0,0,0,0,1,0
338,11,sympy:4343,1,11,1.0,-0.0,1.0,1,11,0.0,3768,0.0,0.0,0.0,0,0,11,11,1.0,0,0,0,1,0
338,12,sympy:4343,1,12,1.0,-0.0,1.0,1,12,0.0,4022,0.0,0.0,0.0,0,0,12,12,1.0,0,0,0,1,0
338,13,sympy:4343,1,13,1.0,-0.0,1.0,1,13,0.0,5046,0.0,0.0,0.0,0,0,13,13,1.0,0,0,0,1,0
338,14,sympy:4343,1,14,1.0,-0.0,1.0,1,14,0.0,5357,0.0,0.0,0.0,0,0,14,14,1.0,0,0,0,1,0
338,15,sympy:4343,1,15,1.0,-0.0,1.0,1,15,0.0,5664,0.0,0.0,0.0,0,0,15,15,1.0,0,0,0,1,0
338,16,sympy:4343,1,16,1.0,-0.0,1.0,1,16,0.0,5980,0.0,0.0,0.0,0,0,16,16,1.0,0,0,0,1,0
339,1,sympy:2*k,1,1,1.0,-0.0,1.0,1,1,0.0,586,0.0,0.0,0.0,0,0,1,1,1.0,0,0,0,1,0
339,2,sympy:2*k,1,2,0.5,0.6931471805599453,0.0,2,2,0.0,1119,-0.5,0.6931471805599453,-1.0,0,0,2,0,0.5,0,0,0,1,0
339,3,sympy:2*k,1,3,0.6666666666666666,0.6365141682948128,0.3333333333333333,2,3,0.0,1592,0.16666666666666663,-0.05663301226513251,0.3333333333333333,0,0,3,1,0.6666666666666666,0,0,0,1,0
339,4,sympy:2*k,1,4,0.75,0.5623351446188083,0.5,2,4,0.0,2218,0.08333333333333337,-0.07417902367600449,0.16666666666666669,0,0,4,2,0.6666666666666666,0,0,0,1,0
339,5,sympy:2*k,1,5,0.8,0.5004024235381879,0.6,2,5,0.0,2867,0.050000000000000044,-0.06193272108062042,0.09999999999999998,0,0,5,3,1.0,0,0,0,1,0
339,6,sympy:2*k,1,6,0.8333333333333334,0.45056120886630463,0.6666666666666666,2,6,0.0,3444,0.033333333333333326,-0.04984121467188324,0.06666666666666665,0,0,6,4,1.0,0,0,0,1,0
339,7,sympy:2*k,1,7,0.8571428571428571,0.410116318288409,0.7142857142857143,2,7,0.0,4231,0.023809523809523725,-0.04044489057789563,0.04761904761904767,0,0,7,5,1.0,0,0,0,1,0
339,8,sympy:2*k,1,8,0.875,0.37677016125643675,0.75,2,8,0.0,4778,0.017857142857142905,-0.033346157031972246,0.0357142857142857,0,0,8,6,1.0,0,0,0,1,0
339,9,sympy:2*k,1,9,0.8888888888888888,0.34883209584303193,0.7777777777777778,2,9,0.0,5283,0.01388888888888884,-0.027938065413404822,0.02777777777777779,0,0,9,7,1.0,0,0,0,1,0
339,10,sympy:2*k,1,10,0.9,0.3250829733914482,0.8,2,10,0.0,5886,0.011111111111111183,-0.023749122451583726,0.022222222222222254,0,0,10,8,1.0,0,0,0,1,0
339,11,sympy:2*k,1,11,0.9090909090909091,0.30463609734923813,0.8181818181818182,2,11,0.0,6497,0.009090909090909038,-0.02044687604221007,0.018181818181818188,0,0,11,9,1.0,0,0,0,1,0
339,12,sympy:2*k,1,12,0.9166666666666666,0.2868359830561607,0.8333333333333334,2,12,0.0,7165,0.007575757575757569,-0.01780011429307743,0.015151515151515138,0,0,12,10,1.0,0,0,0,1,0
339,13,sympy:2*k,1,13,0.8461538461538461,0.5359610497090694,0.7692307692307693,3,13,0.0,7678,-0.07051282051282048,0.24912506665290873,-0.0641025641025641,0,0,13,10,0.6666666666666666,0,0,0,1,0
339,14,sympy:2*k,1,14,0.8571428571428571,0.509137344082687,0.7857142857142857,3,14,0.0,8386,0.01098901098901095,-0.026823705626382477,0.016483516483516425,0,0,14,11,0.6666666666666666,0,0,0,1,0
339,15,sympy:2*k,1,15,0.8,0.6277052571971504,0.6666666666666666,3,15,0.0,8933,-0.05714285714285705,0.11856791311446346,-0.11904761904761907,0,0,15,10,0.3333333333333333,0,0,0,1,0
339,16,sympy:2*k,1,16,0.8125,0.6019239717322894,0.6875,3,16,0.0,9571,0.012499999999999956,-0.025781285464861026,0.02083333333333337,0,0,16,11,0.6666666666666666,0,0,0,1,0
340,1,,0,0,,,,0,0,1.0,1024,0.0,0.0,0.0,0,0,0,0,0.0,0,0,0,1,0
340,2,,0,0,,,,0,0,1.0,2048,0.0,0.0,0.0,0,0,0,0,0.0,0,0,0,1,0
340,3,,0,0,,,,0,0,1.0,3072,0.0,0.0,0.0,0,0,0,0,0.0,0,0,0,1,0
340,4,,0,0,,,,0,0,1.0,4096,0.0,0.0,0.0,0,0,0,0,0.0,0,0,0,1,0
340,5,,0,0,,,,0,0,1.0,5120,0.0,0.0,0.0,0,0,0,0,0.0,0,0,0,1,0
340,6,,0,0,,,,0,0,1.0,6144,0.0,0.0,0.0,0,0,0,0,0.0,0,0,0,1,0
340,7,,0,0,,,,0,0,1.0,7168,0.0,0.0,0.0,0,0,0,0,0.0,0,0,0,1,0
340,8,,0,0,,,,0,0,1.0,8192,0.0,0.0,0.0,0,0,0,0,0.0,0,0,0,1,0
340,9,,0,0,,,,0,0,1.0,9216,0.0,0.0,0.0,0,0,0,0,0.0,0,0,0,1,0
340,10,,0,0,,,,0,0,1.0,10240,0.0,0.0,0.0,0,0,0,0,0.0,0,0,0,1,0
340,11,,0,0,,,,0,0,1.0,11264,0.0,0.0,0.0,0,0,0,0,0.0,0,0,0,1,0
340,12,,0,0,,,,0,0,1.0,12288,0.0,0.0,0.0,0,0,0,0,0.0,0,0,0,1,0
340,13,,0,0,,,,0,0,1.0,13312,0.0,0.0,0.0,0,0,0,0,0.0,0,0,0,1,0
340,14,,0,0,,,,0,0,1.0,14336,0.0,0.0,0.0,0,0,0,0,0.0,0,0,0,1,0
340,15,,0,0,,,,0,0,1.0,15360,0.0,0.0,0.0,0,0,0,0,0.0,0,0,0,1,0
340,16,,0,0,,,,0,0,1.0,16384,0.0,0.0,0.0,0,0,0,0,0.0,0,0,0,1,0
341,1,sympy:-2,1,1,1.0,-0.0,1.0,1,1,0.0,357,0.0,0.0,0.0,0,0,1,1,1.0,0,0,0,1,0
341,2,sympy:-2,1,2,1.0,-0.0,1.0,1,2,0.0,710,0.0,0.0,0.0,0,0,2,2,1.0,0,0,0,1,0
341,3,sympy:-2,1,3,1.0,-0.0,1.0,1,3,0.0,1147,0.0,0.0,0.0,0,0,3,3,1.0,0,0,0,1,0
341,4,sympy:-2,1,4,1.0,-0.0,1.0,1,4,0.0,1505,0.0,0.0,0.0,0,0,4,4,1.0,0,0,0,1,0
341,5,sympy:-2,1,5,1.0,-0.0,1.0,1,5,0.0,1951,0.0,0.0,0.0,0,0,5,5,1.0,0,0,0,1,0
341,6,sympy:-2,1,6,1.0,-0.0,1.0,1,6,0.0,2336,0.0,0.0,0.0,0,0,6,6,1.0,0,0,0,1,0
341,7,sympy:-2,1,7,1.0,-0.0,1.0,1,7,0.0,2793,0.0,0.0,0.0,0,0,7,7,1.0,0,0,0,1,0
341,8,sympy:-2,1,8,1.0,-0.0,1.0,1,8,0.0,3152,0.0,0.0,0.0,0,0,8,8,1.0,0,0,0,1,0
341,9,sympy:-2,1,9,1.0,-0.0,1.0,1,9,0.0,3461,0.0,0.0,0.0,0,0,9,9,1.0,0,0,0,1,0
341,10,sympy:-2,1,10,1.0,-0.0,1.0,1,10,0.0,3854,0.0,0.0,0.0,0,0,10,10,1.0,0,0,0,1,0
341,11,sympy:-2,1,11,1.0,-0.0,1.0,1,11,0.0,4382,0.0,0.0,0.0,0,0,11,11,1.0,0,0,0,1,0
341,12,sympy:-2,1,12,0.9166666666666666,0.2868359830561607,0.8333333333333334,2,12,0.0,5406,-0.08333333333333337,0.2868359830561607,-0.16666666666666663,0,0,12,10,0.6666666666666666,0,0,0,1,0
341,13,sympy:-2,1,13,0.9230769230769231,0.2711893730418441,0.8461538461538461,2,13,0.0,5768,0.0064102564102564985,-0.01564661001431661,0.012820512820512775,0,0,13,11,0.6666666666666666,0,0,0,1,0
341,14,sympy:-2,1,14,0.9285714285714286,0.25731864054383163,0.8571428571428571,2,14,0.0,6068,0.005494505494505475,-0.013870732498012461,0.01098901098901095,0,0,14,12,0.6666666666666666,0,0,0,1,0
341,15,sympy:-2,1,15,0.9333333333333333,0.24493002679463532,0.8666666666666667,2,15,0.0,6534,0.004761904761904745,-0.012388613749196309,0.009523809523809601,0,0,15,13,1.0,0,0,0,1,0
341,16,sympy:-2,1,16,0.9375,0.2337916587064593,0.875,2,16,0.0,6903,0.004166666666666652,-0.011138368088176032,0.008333333333333304,0,0,16,14,1.0,0,0,0,1,0
342,1,sympy:2,1,1,1.0,-0.0,1.0,1,1,0.0,300,0.0,0.0,0.0,0,0,1,1,1.0,0,0,0,1,0
342,2,sympy:2,1,2,1.0,-0.0,1.0,1,2,0.0,651,0.0,0.0,0.0,0,0,2,2,1.0,0,0,0,1,0
342,3,sympy:2,1,3,1.0,-0.0,1.0,1,3,0.0,1091,0.0,0.0,0.0,0,0,3,3,1.0,0,0,0,1,0
342,4,sympy:2,1,4,1.0,-0.0,1.0,1,4,0.0,1389,0.0,0.0,0.0,0,0,4,4,1.0,0,0,0,1,0
342,5,sympy:2,1,5,1.0,-0.0,1.0,1,5,0.0,1721,0.0,0.0,0.0,0,0,5,5,1.0,0,0,0,1,0
342,6,sympy:2,1,6,1.0,-0.0,1.0,1,6,0.0,2367,0.0,0.0,0.0,0,0,6,6,1.0,0,0,0,1,0
342,7,sympy:2,1,7,1.0,-0.0,1.0,1,7,0.0,2672,0.0,0.0,0.0,0,0,7,7,1.0,0,0,0,1,0
342,8,sympy:2,1,8,1.0,-0.0,1.0,1,8,0.0,2987,0.0,0.0,0.0,0,0,8,8,1.0,0,0,0,1,0
342,9,sympy:2,1,9,1.0,-0.0,1.0,1,9,0.0,3393,0.0,0.0,0.0,0,0,9,9,1.0,0,0,0,1,0
342,10,sympy:2,1,10,1.0,-0.0,1.0,1,10,0.0,3720,0.0,0.0,0.0,0,0,10,10,1.0,0,0,0,1,0
342,11,sympy:2,1,11,1.0,-0.0,1.0,1,11,0.0,4196,0.0,0.0,0.0,0,0,11,11,1.0,0,0,0,1,0
342,12,sympy:2,1,12,1.0,-0.0,1.0,1,12,0.0,4469,0.0,0.0,0.0,0,0,12,12,1.0,0,0,0,1,0
342,13,sympy:2,1,13,1.0,-0.0,1.0,1,13,0.0,4795,0.0,0.0,0.0,0,0,13,13,1.0,0,0,0,1,0
342,14,sympy:2,1,14,1.0,-0.0,1.0,1,14,0.0,5100,0.0,0.0,0.0,0,0,14,14,1.0,0,0,0,1,0
342,15,sympy:2,1,15,1.0,-0.0,1.0,1,15,0.0,5382,0.0,0.0,0.0,0,0,15,15,1.0,0,0,0,1,0
342,16,sympy:2,1,16,1.0,-0.0,1.0,1,16,0.0,5717,0.0,0.0,0.0,0,0,16,16,1.0,0,0,0,1,0
343,1,sympy:58500,1,1,1.0,-0.0,1.0,1,1,0.0,419,0.0,0.0,0.0,0,0,1,1,1.0,0,0,0,1,0
343,2,sympy:58500,1,2,1.0,-0.0,1.0,1,2,0.0,775,0.0,0.0,0.0,0,0,2,2,1.0,0,0,0,1,0
343,3,sympy:58500,1,3,1.0,-0.0,1.0,1,3,0.0,1128,0.0,0.0,0.0,0,0,3,3,1.0,0,0,0,1,0
343,4,sympy:58500,1,4,1.0,-0.0,1.0,1,4,0.0,1506,0.0,0.0,0.0,0,0,4,4,1.0,0,0,0,1,0
343,5,sympy:58500,1,5,1.0,-0.0,1.0,1,5,0.0,1880,0.0,0.0,0.0,0,0,5,5,1.0,0,0,0,1,0
343,6,sympy:58500,1,6,1.0,-0.0,1.0,1,6,0.0,2301,0.0,0.0,0.0,0,0,6,6,1.0,0,0,0,1,0
343,7,sympy:58500,1,7,1.0,-0.0,1.0,1,7,0.0,2648,0.0,0.0,0.0,0,0,7,7,1.0,0,0,0,1,0
343,8,sympy:58500,1,8,1.0,-0.0,1.0,1,8,0.0,2980,0.0,0.0,0.0,0,0,8,8,1.0,0,0,0,1,0
343,9,sympy:58500,1,9,1.0,-0.0,1.0,1,9,0.0,3394,0.0,0.0,0.0,0,0,9,9,1.0,0,0,0,1,0
343,10,sympy:58500,1,10,1.0,-0.0,1.0,1,10,0.0,3743,0.0,0.0,0.0,0,0,10,10,1.0,0,0,0,1,0
343,11,sympy:58500,1,11,1.0,-0.0,1.0,1,11,0.0,4102,0.0,0.0,0.0,0,0,11,11,1.0,0,0,0,1,0
343,12,sympy:58500,1,12,1.0,-0.0,1.0,1,12,0.0,4469,0.0,0.0,0.0,0,0,12,12,1.0,0,0,0,1,0
343,13,sympy:58500,1,13,1.0,-0.0,1.0,1,13,0.0,4835,0.0,0.0,0.0,0,0,13,13,1.0,0,0,0,1,0
343,14,sympy:58500,1,14,1.0,-0.0,1.0,1,14,0.0,5192,0.0,0.0,0.0,0,0,14,14,1.0,0,0,0,1,0
343,15,sympy:58500,1,15,1.0,-0.0,1.0,1,15,0.0,5547,0.0,0.0,0.0,0,0,15,15,1.0,0,0,0,1,0
343,16,sympy:58500,1,16,1.0,-0.0,1.0,1,16,0.0,5929,0.0,0.0,0.0,0,0,16,16,1.0,0,0,0,1,0
344,1,sympy:5,1,1,1.0,-0.0,1.0,1,1,0.0,394,0.0,0.0,0.0,0,0,1,1,1.0,0,0,0,1,0
344,2,sympy:5,1,2,1.0,-0.0,1.0,1,2,0.0,818,0.0,0.0,0.0,0,0,2,2,1.0,0,0,0,1,0
344,3,sympy:5,1,3,1.0,-0.0,1.0,1,3,0.0,1217,0.0,0.0,0.0,0,0,3,3,1.0,0,0,0,1,0
344,4,sympy:5,1,4,1.0,-0.0,1.0,1,4,0.0,1641,0.0,0.0,0.0,0,0,4,4,1.0,0,0,0,1,0
344,5,sympy:5,1,5,1.0,-0.0,1.0,1,5,0.0,2098,0.0,0.0,0.0,0,0,5,5,1.0,0,0,0,1,0
344,6,sympy:5,1,6,1.0,-0.0,1.0,1,6,0.0,2503,0.0,0.0,0.0,0,0,6,6,1.0,0,0,0,1,0
344,7,sympy:5,1,7,1.0,-0.0,1.0,1,7,0.0,2916,0.0,0.0,0.0,0,0,7,7,1.0,0,0,0,1,0
344,8,sympy:5,1,8,1.0,-0.0,1.0,1,8,0.0,3338,0.0,0.0,0.0,0,0,8,8,1.0,0,0,0,1,0
344,9,sympy:5,1,9,1.0,-0.0,1.0,1,9,0.0,3580,0.0,0.0,0.0,0,0,9,9,1.0,0,0,0,1,0
344,10,sympy:5,1,10,1.0,-0.0,1.0,1,10,0.0,4014,0.0,0.0,0.0,0,0,10,10,1.0,0,0,0,1,0
344,11,sympy:5,1,11,1.0,-0.0,1.0,1,11,0.0,4426,0.0,0.0,0.0,0,0,11,11,1.0,0,0,0,1,0
344,12,sympy:5,1,12,1.0,-0.0,1.0,1,12,0.0,4837,0.0,0.0,0.0,0,0,12,12,1.0,0,0,0,1,0
344,13,sympy:5,1,13,1.0,-0.0,1.0,1,13,0.0,5290,0.0,0.0,0.0,0,0,13,13,1.0,0,0,0,1,0
344,14,sympy:5,1,14,1.0,-0.0,1.0,1,14,0.0,5729,0.0,0.0,0.0,0,0,14,14,1.0,0,0,0,1,0
344,15,sympy:5,1,15,1.0,-0.0,1.0,1,15,0.0,6120,0.0,0.0,0.0,0,0,15,15,1.0,0,0,0,1,0
344,16,sympy:5,1,16,1.0,-0.0,1.0,1,16,0.0,6571,0.0,0.0,0.0,0,0,16,16,1.0,0,0,0,1,0
345,1,sympy:1,1,1,1.0,-0.0,1.0,1,1,0.0,222,0.0,0.0,0.0,0,0,1,1,1.0,0,0,0,1,0
345,2,sympy:1,1,2,1.0,-0.0,1.0,1,2,0.0,543,0.0,0.0,0.0,0,0,2,2,1.0,0,0,0,1,0
345,3,sympy:1,1,3,1.0,-0.0,1.0,1,3,0.0,859,0.0,0.0,0.0,0,0,3,3,1.0,0,0,0,1,0
345,4,sympy:1,1,4,1.0,-0.0,1.0,1,4,0.0,1883,0.0,0.0,0.0,0,0,4,4,1.0,0,0,0,1,0
345,5,sympy:1,1,5,1.0,-0.0,1.0,1,5,0.0,2184,0.0,0.0,0.0,0,0,5,5,1.0,0,0,0,1,0
345,6,sympy:1,1,6,1.0,-0.0,1.0,1,6,0.0,2479,0.0,0.0,0.0,0,0,6,6,1.0,0,0,0,1,0
345,7,sympy:1,1,7,1.0,-0.0,1.0,1,7,0.0,2778,0.0,0.0,0.0,0,0,7,7,1.0,0,0,0,1,0
345,8,sympy:1,1,8,1.0,-0.0,1.0,1,8,0.0,3029,0.0,0.0,0.0,0,0,8,8,1.0,0,0,0,1,0
345,9,sympy:1,1,9,0.8888888888888888,0.34883209584303193,0.7777777777777778,2,9,0.0,3367,-0.11111111111111116,0.34883209584303193,-0.2222222222222222,0,0,9,7,0.6666666666666666,0,0,0,1,0
345,10,sympy:1,1,10,0.9,0.3250829733914482,0.8,2,10,0.0,3653,0.011111111111111183,-0.023749122451583726,0.022222222222222254,0,0,10,8,0.6666666666666666,0,0,0,1,0
345,11,sympy:1,1,11,0.9090909090909091,0.30463609734923813,0.8181818181818182,2,11,0.0,3985,0.009090909090909038,-0.02044687604221007,0.018181818181818188,0,0,11,9,0.6666666666666666,0,0,0,1,0
345,12,sympy:1,1,12,0.9166666666666666,0.2868359830561607,0.8333333333333334,2,12,0.0,4384,0.007575757575757569,-0.01780011429307743,0.015151515151515138,0,0,12,10,1.0,0,0,0,1,0
345,13,sympy:1,1,13,0.9230769230769231,0.2711893730418441,0.8461538461538461,2,13,0.0,4608,0.0064102564102564985,-0.01564661001431661,0.012820512820512775,0,0,13,11,1.0,0,0,0,1,0
345,14,sympy:1,1,14,0.9285714285714286,0.25731864054383163,0.8571428571428571,2,14,0.0,4831,0.005494505494505475,-0.013870732498012461,0.01098901098901095,0,0,14,12,1.0,0,0,0,1,0
345,15,sympy:1,1,15,0.9333333333333333,0.24493002679463532,0.8666666666666667,2,15,0.0,5855,0.004761904761904745,-0.012388613749196309,0.009523809523809601,0,0,15,13,1.0,0,0,0,1,0
345,16,sympy:1,1,16,0.9375,0.2337916587064593,0.875,2,16,0.0,6168,0.004166666666666652,-0.011138368088176032,0.008333333333333304,0,0,16,14,1.0,0,0,0,1,0
346,1,sympy:66,1,1,1.0,-0.0,1.0,1,1,0.0,445,0.0,0.0,0.0,0,0,1,1,1.0,0,0,0,1,0
346,2,sympy:66,1,2,1.0,-0.0,1.0,1,2,0.0,859,0.0,0.0,0.0,0,0,2,2,1.0,0,0,0,1,0
346,3,sympy:66,1,3,1.0,-0.0,1.0,1,3,0.0,1560,0.0,0.0,0.0,0,0,3,3,1.0,0,0,0,1,0
346,4,sympy:66,1,4,1.0,-0.0,1.0,1,4,0.0,2007,0.0,0.0,0.0,0,0,4,4,1.0,0,0,0,1,0
346,5,sympy:66,1,5,1.0,-0.0,1.0,1,5,0.0,2450,0.0,0.0,0.0,0,0,5,5,1.0,0,0,0,1,0
346,6,sympy:66,1,6,1.0,-0.0,1.0,1,6,0.0,2899,0.0,0.0,0.0,0,0,6,6,1.0,0,0,0,1,0
346,7,sympy:66,1,7,1.0,-0.0,1.0,1,7,0.0,3409,0.0,0.0,0.0,0,0,7,7,1.0,0,0,0,1,0
346,8,sympy:66,1,8,1.0,-0.0,1.0,1,8,0.0,3925,0.0,0.0,0.0,0,0,8,8,1.0,0,0,0,1,0
346,9,sympy:66,1,9,1.0,-0.0,1.0,1,9,0.0,4363,0.0,0.0,0.0,0,0,9,9,1.0,0,0,0,1,0
346,10,sympy:66,1,10,1.0,-0.0,1.0,1,10,0.0,4800,0.0,0.0,0.0,0,0,10,10,1.0,0,0,0,1,0
346,11,sympy:66,1,11,1.0,-0.0,1.0,1,11,0.0,5145,0.0,0.0,0.0,0,0,11,11,1.0,0,0,0,1,0
346,12,sympy:66,1,12,1.0,-0.0,1.0,1,12,0.0,5478,0.0,0.0,0.0,0,0,12,12,1.0,0,0,0,1,0
346,13,sympy:66,1,13,1.0,-0.0,1.0,1,13,0.0,5890,0.0,0.0,0.0,0,0,13,13,1.0,0,0,0,1,0
346,14,sympy:66,1,14,1.0,-0.0,1.0,1,14,0.0,6270,0.0,0.0,0.0,0,0,14,14,1.0,0,0,0,1,0
346,15,sympy:66,1,15,1.0,-0.0,1.0,1,15,0.0,6760,0.0,0.0,0.0,0,0,15,15,1.0,0,0,0,1,0
346,16,sympy:66,1,16,1.0,-0.0,1.0,1,16,0.0,7229,0.0,0.0,0.0,0,0,16,16,1.0,0,0,0,1,0
347,1,sympy:6*r**2 - 1*4*r - 24,1,1,1.0,-0.0,1.0,1,1,0.0,371,0.0,0.0,0.0,0,0,1,1,1.0,0,0,0,1,0
347,2,sympy:6*r**2 - 1*4*r - 24,1,2,1.0,-0.0,1.0,1,2,0.0,733,0.0,0.0,0.0,0,0,2,2,1.0,0,0,0,1,0
347,3,sympy:6*r**2 - 1*4*r - 24,1,3,1.0,-0.0,1.0,1,3,0.0,1185,0.0,0.0,0.0,0,0,3,3,1.0,0,0,0,1,0
347,4,sympy:6*r**2 - 1*4*r - 24,1,4,1.0,-0.0,1.0,1,4,0.0,1600,0.0,0.0,0.0,0,0,4,4,1.0,0,0,0,1,0
347,5,sympy:6*r**2 - 1*4*r - 24,1,5,1.0,-0.0,1.0,1,5,0.0,1962,0.0,0.0,0.0,0,0,5,5,1.0,0,0,0,1,0
347,6,sympy:6*r**2 - 1*4*r - 24,1,6,1.0,-0.0,1.0,1,6,0.0,2388,0.0,0.0,0.0,0,0,6,6,1.0,0,0,0,1,0
347,7,sympy:6*r**2 - 1*4*r - 24,1,7,1.0,-0.0,1.0,1,7,0.0,2785,0.0,0.0,0.0,0,0,7,7,1.0,0,0,0,1,0
347,8,sympy:6*r**2 - 1*4*r - 24,1,8,1.0,-0.0,1.0,1,8,0.0,3182,0.0,0.0,0.0,0,0,8,8,1.0,0,0,0,1,0
347,9,sympy:6*r**2 - 1*4*r - 24,1,9,0.8888888888888888,0.34883209584303193,0.7777777777777778,2,9,0.0,3577,-0.11111111111111116,0.34883209584303193,-0.2222222222222222,0,0,9,7,0.6666666666666666,0,0,0,1,0
347,10,sympy:6*r**2 - 1*4*r - 24,1,10,0.9,0.3250829733914482,0.8,2,10,0.0,3999,0.011111111111111183,-0.023749122451583726,0.022222222222222254,0,0,10,8,0.6666666666666666,0,0,0,1,0
347,11,sympy:6*r**2 - 1*4*r - 24,1,11,0.9090909090909091,0.30463609734923813,0.8181818181818182,2,11,0.0,4446,0.009090909090909038,-0.02044687604221007,0.018181818181818188,0,0,11,9,0.6666666666666666,0,0,0,1,0
347,12,sympy:6*r**2 - 1*4*r - 24,1,12,0.9166666666666666,0.2868359830561607,0.8333333333333334,2,12,0.0,4865,0.007575757575757569,-0.01780011429307743,0.015151515151515138,0,0,12,10,1.0,0,0,0,1,0
347,13,sympy:6*r**2 - 1*4*r - 24,1,13,0.9230769230769231,0.2711893730418441,0.8461538461538461,2,13,0.0,5503,0.0064102564102564985,-0.01564661001431661,0.012820512820512775,0,0,13,11,1.0,0,0,0,1,0
347,14,sympy:6*r**2 - 1*4*r - 24,1,14,0.9285714285714286,0.25731864054383163,0.8571428571428571,2,14,0.0,5891,0.005494505494505475,-0.013870732498012461,0.01098901098901095,0,0,14,12,1.0,0,0,0,1,0
347,15,sympy:6*r**2 - 1*4*r - 24,1,15,0.9333333333333333,0.24493002679463532,0.8666666666666667,2,15,0.0,6349,0.004761904761904745,-0.012388613749196309,0.009523809523809601,0,0,15,13,1.0,0,0,0,1,0
347,16,sympy:6*r**2 - 1*4*r - 24,1,16,0.9375,0.2337916587064593,0.875,2,16,0.0,6751,0.004166666666666652,-0.011138368088176032,0.008333333333333304,0,0,16,14,1.0,0,0,0,1,0
348,1,sympy:4495,1,1,1.0,-0.0,1.0,1,1,0.0,480,0.0,0.0,0.0,0,0,1,1,1.0,0,0,0,1,0
348,2,sympy:4495,1,2,1.0,-0.0,1.0,1,2,0.0,947,0.0,0.0,0.0,0,0,2,2,1.0,0,0,0,1,0
348,3,sympy:4495,1,3,1.0,-0.0,1.0,1,3,0.0,1341,0.0,0.0,0.0,0,0,3,3,1.0,0,0,0,1,0
348,4,sympy:4495,1,4,1.0,-0.0,1.0,1,4,0.0,1779,0.0,0.0,0.0,0,0,4,4,1.0,0,0,0,1,0
348,5,sympy:4495,1,5,1.0,-0.0,1.0,1,5,0.0,2225,0.0,0.0,0.0,0,0,5,5,1.0,0,0,0,1,0
348,6,sympy:4495,1,6,1.0,-0.0,1.0,1,6,0.0,2701,0.0,0.0,0.0,0,0,6,6,1.0,0,0,0,1,0
348,7,sympy:4495,1,7,1.0,-0.0,1.0,1,7,0.0,3147,0.0,0.0,0.0,0,0,7,7,1.0,0,0,0,1,0
348,8,sympy:4495,1,8,1.0,-0.0,1.0,1,8,0.0,3591,0.0,0.0,0.0,0,0,8,8,1.0,0,0,0,1,0
348,9,sympy:4495,1,9,0.8888888888888888,0.34883209584303193,0.7777777777777778,2,9,0.0,4049,-0.11111111111111116,0.34883209584303193,-0.2222222222222222,0,0,9,7,0.6666666666666666,0,0,0,1,0
348,10,sympy:4495,1,10,0.8,0.5004024235381879,0.6,2,10,0.0,4499,-0.0888888888888888,0.15157032769515594,-0.1777777777777778,0,0,10,6,0.3333333333333333,0,0,0,1,0
348,11,sympy:4495,1,11,0.7272727272727273,0.5859526183035508,0.45454545454545453,2,11,0.0,5002,-0.07272727272727275,0.08555019476536296,-0.14545454545454545,0,0,11,5,0.0,0,0,0,1,0
348,12,sympy:4495,1,12,0.75,0.5623351446188083,0.5,2,12,0.0,5411,0.022727272727272707,-0.02361747368474254,0.04545454545454547,0,0,12,6,0.3333333333333333,0,0,0,1,0
348,13,sympy:4495,1,13,0.7692307692307693,0.5402041423888608,0.5384615384615384,2,13,0.0,5924,0.019230769230769273,-0.02213100222994746,0.038461538461538436,0,0,13,7,0.6666666666666666,0,0,0,1,0
348,14,sympy:4495,1,14,0.7142857142857143,0.5982695885852573,0.42857142857142855,2,14,0.0,6430,-0.05494505494505497,0.05806544619639642,-0.10989010989010989,0,0,14,6,0.6666666666666666,0,0,0,1,0
348,15,sympy:4495,1,15,0.7333333333333333,0.5799151714181009,0.4666666666666667,2,15,0.0,6842,0.01904761904761898,-0.018354417167156356,0.038095238095238126,0,0,15,7,0.6666666666666666,0,0,0,1,0
348,16,sympy:4495,1,16,0.75,0.5623351446188083,0.5,2,16,0.0,7321,0.01666666666666672,-0.017580026799292603,0.033333333333333326,0,0,16,8,0.6666666666666666,0,0,0,1,0
349,1,sympy:5040,0,1,1.0,-0.0,1.0,1,1,0.0,242,0.0,0.0,0.0,0,0,1,1,1.0,0,0,0,1,0
349,2,sympy:5040,0,2,1.0,-0.0,1.0,1,2,0.0,466,0.0,0.0,0.0,0,0,2,2,1.0,0,0,0,1,0
349,3,sympy:5040,0,3,0.6666666666666666,0.6365141682948128,0.3333333333333333,2,3,0.0,805,-0.33333333333333337,0.6365141682948128,-0.6666666666666667,0,0,3,1,0.6666666666666666,0,0,0,1,0
349,4,sympy:5040,0,4,0.5,1.0397207708399179,0.25,3,4,0.0,1143,-0.16666666666666663,0.4032066025451051,-0.08333333333333331,0,0,4,1,0.3333333333333333,0,0,0,1,0
349,5,sympy:5040,0,5,0.6,0.9502705392332347,0.4,3,5,0.0,1503,0.09999999999999998,-0.0894502316066832,0.15000000000000002,0,0,5,2,0.3333333333333333,0,0,0,1,0
349,6,sympy:5040,0,6,0.6666666666666666,0.8675632284814612,0.5,3,6,0.0,1745,0.06666666666666665,-0.08270731075177351,0.09999999999999998,0,0,6,3,0.6666666666666666,0,0,0,1,0
349,7,sympy:5040,0,7,0.5714285714285714,0.9556998911125343,0.2857142857142857,3,7,0.0,2096,-0.09523809523809523,0.08813666263107311,-0.2142857142857143,0,0,7,2,0.6666666666666666,0,0,0,1,0
349,8,sympy:5040,0,8,0.5,1.2130075659799042,0.25,4,8,0.0,2405,-0.0714285714285714,0.25730767486736994,-0.0357142857142857,0,0,8,2,0.3333333333333333,0,0,0,1,0
349,9,sympy:5040,0,9,0.5555555555555556,1.1490596969706202,0.3333333333333333,4,9,0.0,2635,0.05555555555555558,-0.06394786900928406,0.08333333333333331,0,0,9,3,0.3333333333333333,0,0,0,1,0
349,10,sympy:5040,0,10,0.6,1.0888999753452238,0.4,4,10,0.0,2879,0.0444444444444444,-0.0601597216253964,0.06666666666666671,0,0,10,4,0.6666666666666666,0,0,0,1,0
349,11,sympy:5040,0,11,0.6363636363636364,1.0335620542068176,0.45454545454545453,4,11,0.0,3224,0.036363636363636376,-0.05533792113840619,0.05454545454545451,0,0,11,5,1.0,0,0,0,1,0
349,12,sympy:5040,0,12,0.6666666666666666,0.9830877585747855,0.5,4,12,0.0,3603,0.030303030303030276,-0.050474295632032096,0.04545454545454547,0,0,12,6,1.0,0,0,0,1,0
349,13,sympy:5040,0,13,0.6153846153846154,1.0317671113505356,0.38461538461538464,4,13,0.0,3902,-0.05128205128205121,0.048679352775750084,-0.11538461538461536,0,0,13,5,0.6666666666666666,0,0,0,1,0
349,14,sympy:5040,0,14,0.6428571428571429,0.9911388966130941,0.42857142857142855,4,14,0.0,4123,0.027472527472527486,-0.04062821473744149,0.04395604395604391,0,0,14,6,0.6666666666666666,0,0,0,1,0
349,15,sympy:5040,0,15,0.6,1.1699929969668565,0.4,5,15,0.0,4441,-0.04285714285714293,0.17885410035376248,-0.028571428571428525,0,0,15,6,0.3333333333333333,0,0,0,1,0
349,16,sympy:5040,0,16,0.625,1.1274832349932322,0.4375,5,16,0.0,4706,0.025000000000000022,-0.04250976197362433,0.03749999999999998,0,0,16,7,0.6666666666666666,0,0,0,1,0
350,1,sympy:4,1,1,1.0,-0.0,1.0,1,1,0.0,349,0.0,0.0,0.0,0,0,1,1,1.0,0,0,0,1,0
350,2,sympy:4,1,2,1.0,-0.0,1.0,1,2,0.0,632,0.0,0.0,0.0,0,0,2,2,1.0,0,0,0,1,0
350,3,sympy:4,1,3,1.0,-0.0,1.0,1,3,0.0,918,0.0,0.0,0.0,0,0,3,3,1.0,0,0,0,1,0
350,4,sympy:4,1,4,1.0,-0.0,1.0,1,4,0.0,1266,0.0,0.0,0.0,0,0,4,4,1.0,0,0,0,1,0
350,5,sympy:4,1,5,1.0,-0.0,1.0,1,5,0.0,1613,0.0,0.0,0.0,0,0,5,5,1.0,0,0,0,1,0
350,6,sympy:4,1,6,1.0,-0.0,1.0,1,6,0.0,2027,0.0,0.0,0.0,0,0,6,6,1.0,0,0,0,1,0
350,7,sympy:4,1,7,1.0,-0.0,1.0,1,7,0.0,2310,0.0,0.0,0.0,0,0,7,7,1.0,0,0,0,1,0
350,8,sympy:4,1,8,1.0,-0.0,1.0,1,8,0.0,2594,0.0,0.0,0.0,0,0,8,8,1.0,0,0,0,1,0
350,9,sympy:4,1,9,1.0,-0.0,1.0,1,9,0.0,2956,0.0,0.0,0.0,0,0,9,9,1.0,0,0,0,1,0
350,10,sympy:4,1,10,1.0,-0.0,1.0,1,10,0.0,3240,0.0,0.0,0.0,0,0,10,10,1.0,0,0,0,1,0
350,11,sympy:4,1,11,1.0,-0.0,1.0,1,11,0.0,3672,0.0,0.0,0.0,0,0,11,11,1.0,0,0,0,1,0
350,12,sympy:4,1,12,1.0,-0.0,1.0,1,12,0.0,3955,0.0,0.0,0.0,0,0,12,12,1.0,0,0,0,1,0
350,13,sympy:4,1,13,1.0,-0.0,1.0,1,13,0.0,4315,0.0,0.0,0.0,0,0,13,13,1.0,0,0,0,1,0
350,14,sympy:4,1,14,1.0,-0.0,1.0,1,14,0.0,4599,0.0,0.0,0.0,0,0,14,14,1.0,0,0,0,1,0
350,15,sympy:4,1,15,1.0,-0.0,1.0,1,15,0.0,5030,0.0,0.0,0.0,0,0,15,15,1.0,0,0,0,1,0
350,16,sympy:4,1,16,1.0,-0.0,1.0,1,16,0.0,5313,0.0,0.0,0.0,0,0,16,16,1.0,0,0,0,1,0
351,1,sympy:-1/16,0,1,1.0,-0.0,1.0,1,1,0.0,562,0.0,0.0,0.0,0,0,1,1,1.0,0,0,0,1,0
351,2,sympy:-1/16,0,2,1.0,-0.0,1.0,1,2,0.0,1257,0.0,0.0,0.0,0,0,2,2,1.0,0,0,0,1,0
351,3,sympy:-1/16,0,3,1.0,-0.0,1.0,1,3,0.0,1941,0.0,0.0,0.0,0,0,3,3,1.0,0,0,0,1,0
351,4,sympy:-1/16,0,4,1.0,-0.0,1.0,1,4,0.0,2602,0.0,0.0,0.0,0,0,4,4,1.0,0,0,0,1,0
351,5,sympy:-1/16,0,5,1.0,-0.0,1.0,1,5,0.0,3365,0.0,0.0,0.0,0,0,5,5,1.0,0,0,0,1,0
351,6,sympy:-1/16,0,6,1.0,-0.0,1.0,1,6,0.0,3926,0.0,0.0,0.0,0,0,6,6,1.0,0,0,0,1,0
351,7,sympy:-1/16,0,7,1.0,-0.0,1.0,1,7,0.0,4675,0.0,0.0,0.0,0,0,7,7,1.0,0,0,0,1,0
351,8,sympy:-1/16,0,8,1.0,-0.0,1.0,1,8,0.0,5144,0.0,0.0,0.0,0,0,8,8,1.0,0,0,0,1,0
351,9,sympy:-1/16,0,9,1.0,-0.0,1.0,1,9,0.0,5618,0.0,0.0,0.0,0,0,9,9,1.0,0,0,0,1,0
351,10,sympy:-1/16,0,10,1.0,-0.0,1.0,1,10,0.0,6128,0.0,0.0,0.0,0,0,10,10,1.0,0,0,0,1,0
351,11,sympy:-1/16,0,11,1.0,-0.0,1.0,1,11,0.0,6690,0.0,0.0,0.0,0,0,11,11,1.0,0,0,0,1,0
351,12,sympy:-1/16,0,12,0.9166666666666666,0.2868359830561607,0.8333333333333334,2,12,0.0,7331,-0.08333333333333337,0.2868359830561607,-0.16666666666666663,0,0,12,10,0.6666666666666666,0,0,0,1,0
351,13,sympy:-1/16,0,13,0.9230769230769231,0.2711893730418441,0.8461538461538461,2,13,0.0,7807,0.0064102564102564985,-0.01564661001431661,0.012820512820512775,0,0,13,11,0.6666666666666666,0,0,0,1,0
351,14,sympy:-1/16,0,14,0.8571428571428571,0.410116318288409,0.7142857142857143,2,14,0.0,8385,-0.06593406593406603,0.1389269452465649,-0.13186813186813184,0,0,14,10,0.3333333333333333,0,0,0,1,0
351,15,sympy:-1/16,0,15,0.8,0.5004024235381879,0.6,2,15,0.0,9005,-0.05714285714285705,0.09028610524977887,-0.11428571428571432,0,0,15,9,0.3333333333333333,0,0,0,1,0
351,16,sympy:-1/16,0,16,0.8125,0.48257756517701206,0.625,2,16,0.0,9558,0.012499999999999956,-0.01782485836117581,0.025000000000000022,0,0,16,10,0.3333333333333333,0,0,0,1,0
352,1,sympy:42,0,1,1.0,-0.0,1.0,1,1,0.0,975,0.0,0.0,0.0,0,0,1,1,1.0,1,0,0,1,1
352,2,sympy:42,0,1,1.0,-0.0,1.0,1,2,0.5,1999,0.0,0.0,0.0,0,0,2,1,1.0,1,0,0,1,1
352,3,sympy:42,0,1,1.0,-0.0,1.0,1,3,0.6666666666666666,3023,0.0,0.0,0.0,0,0,3,1,1.0,1,0,0,1,1
352,4,sympy:42,0,1,1.0,-0.0,1.0,1,4,0.75,4047,0.0,0.0,0.0,0,0,4,1,0.0,1,0,0,1,1
352,5,sympy:42,0,1,1.0,-0.0,1.0,1,5,0.8,5071,0.0,0.0,0.0,0,0,5,1,0.0,1,0,0,1,1
352,6,sympy:42,0,2,0.5,0.6931471805599453,0.0,2,6,0.6666666666666666,6095,-0.5,0.6931471805599453,-1.0,0,0,6,0,0.0,1,0,0,1,1
352,7,sympy:42,0,3,0.3333333333333333,1.0986122886681096,0.0,3,7,0.5714285714285714,7119,-0.16666666666666669,0.4054651081081643,0.0,0,0,7,0,0.0,1,0,0,1,1
352,8,sympy:44,0,4,0.5,1.0397207708399179,0.25,3,1,0.5,8143,0.16666666666666669,-0.058891517828191686,0.25,1,1,7,1,0.6666666666666666,0,0,0,1,0
352,9,sympy:44,0,4,0.5,1.0397207708399179,0.25,3,2,0.5555555555555556,9167,0.0,0.0,0.0,0,1,7,1,0.5,0,0,0,1,0
352,10,sympy:44,0,4,0.5,1.0397207708399179,0.25,3,3,0.6,10191,0.0,0.0,0.0,0,1,7,1,1.0,0,0,0,1,0
352,11,sympy:44,0,5,0.6,0.9502705392332347,0.4,3,4,0.5454545454545454,11215,0.09999999999999998,-0.0894502316066832,0.15000000000000002,0,1,7,2,1.0,0,0,0,1,0
352,12,sympy:44,0,5,0.6,0.9502705392332347,0.4,3,5,0.5833333333333334,12239,0.0,0.0,0.0,0,1,7,2,1.0,0,0,0,1,0
352,13,sympy:44,0,5,0.6,0.9502705392332347,0.4,3,6,0.6153846153846154,13263,0.0,0.0,0.0,0,1,7,2,1.0,0,0,0,1,0
352,14,sympy:44,0,6,0.6666666666666666,0.8675632284814612,0.5,3,7,0.5714285714285714,14237,0.06666666666666665,-0.08270731075177351,0.09999999999999998,0,1,7,3,1.0,0,0,0,1,0
352,15,sympy:44,0,7,0.5714285714285714,1.1537419427010902,0.42857142857142855,4,8,0.5333333333333333,15246,-0.09523809523809523,0.28617871421962904,-0.07142857142857145,0,1,8,3,0.5,0,0,0,1,0
352,16,sympy:44,0,8,0.5,1.3862943611198906,0.375,5,9,0.5,16270,-0.0714285714285714,0.23255241841880037,-0.05357142857142855,0,1,9,3,0.3333333333333333,0,0,0,1,0
353,1,sympy:480,1,1,1.0,-0.0,1.0,1,1,0.0,376,0.0,0.0,0.0,0,0,1,1,1.0,0,0,0,1,0
353,2,sympy:480,1,2,1.0,-0.0,1.0,1,2,0.0,739,0.0,0.0,0.0,0,0,2,2,1.0,0,0,0,1,0
353,3,sympy:480,1,3,1.0,-0.0,1.0,1,3,0.0,1171,0.0,0.0,0.0,0,0,3,3,1.0,0,0,0,1,0
353,4,sympy:480,1,4,1.0,-0.0,1.0,1,4,0.0,2195,0.0,0.0,0.0,0,0,4,4,1.0,0,0,0,1,0
353,5,sympy:480,1,5,1.0,-0.0,1.0,1,5,0.0,2584,0.0,0.0,0.0,0,0,5,5,1.0,0,0,0,1,0
353,6,sympy:480,1,6,1.0,-0.0,1.0,1,6,0.0,2897,0.0,0.0,0.0,0,0,6,6,1.0,0,0,0,1,0
353,7,sympy:480,1,7,1.0,-0.0,1.0,1,7,0.0,3280,0.0,0.0,0.0,0,0,7,7,1.0,0,0,0,1,0
353,8,sympy:480,1,8,1.0,-0.0,1.0,1,8,0.0,3725,0.0,0.0,0.0,0,0,8,8,1.0,0,0,0,1,0
353,9,sympy:480,1,9,1.0,-0.0,1.0,1,9,0.0,4147,0.0,0.0,0.0,0,0,9,9,1.0,0,0,0,1,0
353,10,sympy:480,1,10,1.0,-0.0,1.0,1,10,0.0,4528,0.0,0.0,0.0,0,0,10,10,1.0,0,0,0,1,0
353,11,sympy:480,1,11,1.0,-0.0,1.0,1,11,0.0,4895,0.0,0.0,0.0,0,0,11,11,1.0,0,0,0,1,0
353,12,sympy:480,1,12,1.0,-0.0,1.0,1,12,0.0,5282,0.0,0.0,0.0,0,0,12,12,1.0,0,0,0,1,0
353,13,sympy:480,1,13,1.0,-0.0,1.0,1,13,0.0,5706,0.0,0.0,0.0,0,0,13,13,1.0,0,0,0,1,0
353,14,sympy:480,1,14,1.0,-0.0,1.0,1,14,0.0,6089,0.0,0.0,0.0,0,0,14,14,1.0,0,0,0,1,0
353,15,sympy:480,1,15,1.0,-0.0,1.0,1,15,0.0,6504,0.0,0.0,0.0,0,0,15,15,1.0,0,0,0,1,0
353,16,sympy:480,1,16,1.0,-0.0,1.0,1,16,0.0,6869,0.0,0.0,0.0,0,0,16,16,1.0,0,0,0,1,0
354,1,sympy:81,1,1,1.0,-0.0,1.0,1,1,0.0,414,0.0,0.0,0.0,0,0,1,1,1.0,0,0,0,1,0
354,2,sympy:81,1,2,1.0,-0.0,1.0,1,2,0.0,754,0.0,0.0,0.0,0,0,2,2,1.0,0,0,0,1,0
354,3,sympy:81,1,3,1.0,-0.0,1.0,1,3,0.0,1120,0.0,0.0,0.0,0,0,3,3,1.0,0,0,0,1,0
354,4,sympy:81,1,4,0.75,0.5623351446188083,0.5,2,4,0.0,2144,-0.25,0.5623351446188083,-0.5,0,0,4,2,0.6666666666666666,0,0,0,1,0
354,5,sympy:81,1,5,0.8,0.5004024235381879,0.6,2,5,0.0,2406,0.050000000000000044,-0.06193272108062042,0.09999999999999998,0,0,5,3,0.6666666666666666,0,0,0,1,0
354,6,sympy:81,1,6,0.8333333333333334,0.45056120886630463,0.6666666666666666,2,6,0.0,2823,0.033333333333333326,-0.04984121467188324,0.06666666666666665,0,0,6,4,0.6666666666666666,0,0,0,1,0
354,7,sympy:81,1,7,0.8571428571428571,0.410116318288409,0.7142857142857143,2,7,0.0,3174,0.023809523809523725,-0.04044489057789563,0.04761904761904767,0,0,7,5,1.0,0,0,0,1,0
354,8,sympy:81,1,8,0.875,0.37677016125643675,0.75,2,8,0.0,3667,0.017857142857142905,-0.033346157031972246,0.0357142857142857,0,0,8,6,1.0,0,0,0,1,0
354,9,sympy:81,1,9,0.8888888888888888,0.34883209584303193,0.7777777777777778,2,9,0.0,4103,0.01388888888888884,-0.027938065413404822,0.02777777777777779,0,0,9,7,1.0,0,0,0,1,0
354,10,sympy:81,1,10,0.9,0.3250829733914482,0.8,2,10,0.0,4445,0.011111111111111183,-0.023749122451583726,0.022222222222222254,0,0,10,8,1.0,0,0,0,1,0
354,11,sympy:81,1,11,0.9090909090909091,0.30463609734923813,0.8181818181818182,2,11,0.0,4857,0.009090909090909038,-0.02044687604221007,0.018181818181818188,0,0,11,9,1.0,0,0,0,1,0
354,12,sympy:81,1,12,0.9166666666666666,0.2868359830561607,0.8333333333333334,2,12,0.0,5225,0.007575757575757569,-0.01780011429307743,0.015151515151515138,0,0,12,10,1.0,0,0,0,1,0
354,13,sympy:81,1,13,0.9230769230769231,0.2711893730418441,0.8461538461538461,2,13,0.0,5719,0.0064102564102564985,-0.01564661001431661,0.012820512820512775,0,0,13,11,1.0,0,0,0,1,0
354,14,sympy:81,1,14,0.9285714285714286,0.25731864054383163,0.8571428571428571,2,14,0.0,6063,0.005494505494505475,-0.013870732498012461,0.01098901098901095,0,0,14,12,1.0,0,0,0,1,0
354,15,sympy:81,1,15,0.9333333333333333,0.24493002679463532,0.8666666666666667,2,15,0.0,6616,0.004761904761904745,-0.012388613749196309,0.009523809523809601,0,0,15,13,1.0,0,0,0,1,0
354,16,sympy:81,1,16,0.9375,0.2337916587064593,0.875,2,16,0.0,6924,0.004166666666666652,-0.011138368088176032,0.008333333333333304,0,0,16,14,1.0,0,0,0,1,0
355,1,sympy:48,0,1,1.0,-0.0,1.0,1,1,0.0,593,0.0,0.0,0.0,0,0,1,1,1.0,1,0,0,1,1
355,2,sympy:48,0,2,0.5,0.6931471805599453,0.0,2,2,0.0,1203,-0.5,0.6931471805599453,-1.0,0,0,2,0,0.5,1,0,0,1,1
355,3,sympy:48,0,3,0.6666666666666666,0.6365141682948128,0.3333333333333333,2,3,0.0,1666,0.16666666666666663,-0.05663301226513251,0.3333333333333333,0,0,3,1,0.6666666666666666,1,0,0,1,1
355,4,sympy:48,0,4,0.5,0.6931471805599453,0.0,2,4,0.0,2486,-0.16666666666666663,0.05663301226513251,-0.3333333333333333,0,0,4,0,0.3333333333333333,1,0,0,1,1
355,5,sympy:48,0,5,0.4,1.0549201679861442,0.0,3,5,0.0,3363,-0.09999999999999998,0.3617729874261989,0.0,0,0,5,0,0.3333333333333333,1,0,0,1,1
355,6,sympy:48,0,5,0.4,1.0549201679861442,0.0,3,6,0.16666666666666666,4387,0.0,0.0,0.0,0,0,6,0,0.0,1,0,0,1,1
355,7,sympy:48,0,6,0.3333333333333333,1.3296613488547582,0.0,4,7,0.14285714285714285,5294,-0.06666666666666671,0.274741180868614,0.0,0,0,7,0,0.0,1,0,0,1,1
355,8,sympy:48,0,7,0.2857142857142857,1.5498260458782016,0.0,5,8,0.125,5927,-0.047619047619047616,0.22016469702344343,0.0,0,0,8,0,0.0,1,0,0,1,1
355,9,sympy:120,0,8,0.375,1.4941751382893083,0.125,5,1,0.1111111111111111,6659,0.0892857142857143,-0.05565090758889335,0.125,1,1,8,1,0.3333333333333333,0,0,0,1,0
355,10,sympy:120,0,9,0.4444444444444444,1.4270610433807247,0.2222222222222222,5,2,0.1,7032,0.06944444444444442,-0.06711409490858355,0.09722222222222221,0,1,8,2,0.6666666666666666,0,0,0,1,0
355,11,sympy:120,0,10,0.4,1.4708084763221114,0.2,5,3,0.09090909090909091,7574,-0.0444444444444444,0.04374743294138672,-0.0222222222222222,0,1,8,2,0.6666666666666666,0,0,0,1,0
355,12,sympy:120,0,11,0.45454545454545453,1.4142790651247086,0.2727272727272727,5,4,0.08333333333333333,8227,0.05454545454545451,-0.056529411197402846,0.0727272727272727,0,1,8,3,0.6666666666666666,0,0,0,1,0
355,13,sympy:120,0,11,0.45454545454545453,1.4142790651247086,0.2727272727272727,5,5,0.15384615384615385,9251,0.0,0.0,0.0,0,1,8,3,0.5,0,0,0,1,0
355,14,sympy:120,0,12,0.5,1.3579778549873243,0.3333333333333333,5,6,0.14285714285714285,9768,0.04545454545454547,-0.05630121013738432,0.06060606060606061,0,1,8,4,1.0,0,0,0,1,0
355,15,sympy:120,0,13,0.46153846153846156,1.5247073930301436,0.3076923076923077,6,7,0.13333333333333333,10563,-0.038461538461538436,0.16672953804281931,-0.025641025641025605,0,1,8,4,0.5,0,0,0,1,0
355,16,sympy:120,0,14,0.5,1.468060203499046,0.35714285714285715,6,8,0.125,11587,0.038461538461538436,-0.0566471895310976,0.04945054945054944,0,1,8,5,0.6666666666666666,0,0,0,1,0
356,1,"sympy:Interval.open(-sqrt(3), sqrt(3))",1,1,1.0,-0.0,1.0,1,1,0.0,472,0.0,0.0,0.0,0,0,1,1,1.0,0,0,0,1,0
356,2,"sympy:Interval.open(-sqrt(3), sqrt(3))",1,2,1.0,-0.0,1.0,1,2,0.0,1482,0.0,0.0,0.0,0,0,2,2,1.0,0,0,0,1,0
356,3,"sympy:Interval.open(-sqrt(3), sqrt(3))",1,3,1.0,-0.0,1.0,1,3,0.0,2063,0.0,0.0,0.0,0,0,3,3,1.0,0,0,0,1,0
356,4,"sympy:Interval.open(-sqrt(3), sqrt(3))",1,4,1.0,-0.0,1.0,1,4,0.0,2738,0.0,0.0,0.0,0,0,4,4,1.0,0,0,0,1,0
356,5,"sympy:Interval.open(-sqrt(3), sqrt(3))",1,5,1.0,-0.0,1.0,1,5,0.0,3214,0.0,0.0,0.0,0,0,5,5,1.0,0,0,0,1,0
356,6,"sympy:Interval.open(-sqrt(3), sqrt(3))",1,6,1.0,-0.0,1.0,1,6,0.0,3817,0.0,0.0,0.0,0,0,6,6,1.0,0,0,0,1,0
356,7,"sympy:Interval.open(-sqrt(3), sqrt(3))",1,7,1.0,-0.0,1.0,1,7,0.0,4514,0.0,0.0,0.0,0,0,7,7,1.0,0,0,0,1,0
356,8,"sympy:Interval.open(-sqrt(3), sqrt(3))",1,8,1.0,-0.0,1.0,1,8,0.0,4969,0.0,0.0,0.0,0,0,8,8,1.0,0,0,0,1,0
356,9,"sympy:Interval.open(-sqrt(3), sqrt(3))",1,9,1.0,-0.0,1.0,1,9,0.0,5902,0.0,0.0,0.0,0,0,9,9,1.0,0,0,0,1,0
356,10,"sympy:Interval.open(-sqrt(3), sqrt(3))",1,10,1.0,-0.0,1.0,1,10,0.0,6530,0.0,0.0,0.0,0,0,10,10,1.0,0,0,0,1,0
356,11,"sympy:Interval.open(-sqrt(3), sqrt(3))",1,10,1.0,-0.0,1.0,1,11,0.09090909090909091,7554,0.0,0.0,0.0,0,0,11,10,1.0,0,0,0,1,0
356,12,"sympy:Interval.open(-sqrt(3), sqrt(3))",1,11,1.0,-0.0,1.0,1,12,0.08333333333333333,8105,0.0,0.0,0.0,0,0,12,11,1.0,0,0,0,1,0
356,13,"sympy:Interval.open(-sqrt(3), sqrt(3))",1,12,1.0,-0.0,1.0,1,13,0.07692307692307693,8540,0.0,0.0,0.0,0,0,13,12,1.0,0,0,0,1,0
356,14,"sympy:Interval.open(-sqrt(3), sqrt(3))",1,13,1.0,-0.0,1.0,1,14,0.07142857142857142,9041,0.0,0.0,0.0,0,0,14,13,1.0,0,0,0,1,0
356,15,"sympy:Interval.open(-sqrt(3), sqrt(3))",1,14,1.0,-0.0,1.0,1,15,0.06666666666666667,9694,0.0,0.0,0.0,0,0,15,14,1.0,0,0,0,1,0
356,16,"sympy:Interval.open(-sqrt(3), sqrt(3))",1,15,1.0,-0.0,1.0,1,16,0.0625,10263,0.0,0.0,0.0,0,0,16,15,1.0,0,0,0,1,0
357,1,sympy:2,0,1,1.0,-0.0,1.0,1,1,0.0,477,0.0,0.0,0.0,0,0,1,1,1.0,1,1,0,0,1
357,2,sympy:2,0,2,0.5,0.6931471805599453,0.0,2,2,0.0,1005,-0.5,0.6931471805599453,-1.0,0,0,2,0,0.5,1,1,0,0,1
357,3,sympy:2,0,3,0.3333333333333333,1.0986122886681096,0.0,3,3,0.0,1537,-0.16666666666666669,0.4054651081081643,0.0,0,0,3,0,0.3333333333333333,1,1,0,0,1
357,4,sympy:2,0,4,0.5,1.0397207708399179,0.25,3,4,0.0,2075,0.16666666666666669,-0.058891517828191686,0.25,0,0,4,1,0.3333333333333333,1,1,0,0,1
357,5,sympy:2,0,5,0.4,1.3321790402101223,0.2,4,5,0.0,2275,-0.09999999999999998,0.29245826937020447,-0.04999999999999999,0,0,5,1,0.3333333333333333,1,1,0,0,1
357,6,sympy:2,0,6,0.3333333333333333,1.5607104090414063,0.16666666666666666,5,6,0.0,2814,-0.06666666666666671,0.228531368831284,-0.033333333333333354,0,0,6,1,0.3333333333333333,1,1,0,0,1
357,7,sympy:2,0,7,0.2857142857142857,1.5498260458782016,0.0,5,7,0.0,3216,-0.047619047619047616,-0.010884363163204736,-0.16666666666666666,0,0,7,0,0.0,1,1,0,0,1
357,8,sympy:2,0,8,0.25,1.559581156259877,0.0,5,8,0.0,3762,-0.0357142857142857,0.009755110381675314,0.0,0,0,8,0,0.0,1,1,0,0,1
357,9,sympy:2,0,9,0.2222222222222222,1.5810937501718236,0.0,5,9,0.0,4208,-0.02777777777777779,0.02151259391194671,0.0,0,0,9,0,0.0,1,1,0,0,1
357,10,sympy:2,0,10,0.3,1.5571130980576458,0.1,5,10,0.0,4562,0.07777777777777778,-0.02398065211417788,0.1,0,0,10,1,0.3333333333333333,1,1,0,0,1
357,11,sympy:2,0,11,0.2727272727272727,1.5465986860485124,0.0,5,11,0.0,5097,-0.027272727272727282,-0.01051441200913339,-0.1,0,0,11,0,0.3333333333333333,1,1,0,0,1
357,12,sympy:2,0,12,0.25,1.704551445267297,0.0,6,12,0.0,5422,-0.022727272727272707,0.1579527592187846,0.0,0,0,12,0,0.3333333333333333,1,1,0,0,1
357,13,sympy:4,1,13,0.3076923076923077,1.6715952780212544,0.07692307692307693,6,1,0.0,5934,0.05769230769230771,-0.032956167246042556,0.07692307692307693,1,1,12,1,0.6666666666666666,0,0,0,1,0
357,14,sympy:4,1,14,0.35714285714285715,1.6307991045856434,0.14285714285714285,6,2,0.0,6354,0.04945054945054944,-0.04079617343561104,0.06593406593406592,0,1,12,2,0.6666666666666666,0,0,0,1,0
357,15,sympy:4,1,15,0.4,1.5867847075280475,0.2,6,3,0.0,6704,0.04285714285714287,-0.04401439705759591,0.05714285714285716,0,1,12,3,1.0,0,0,0,1,0
357,16,sympy:4,1,16,0.4375,1.5419764327628247,0.25,6,4,0.0,7239,0.03749999999999998,-0.044808274765222755,0.04999999999999999,0,1,12,4,1.0,0,0,0,1,0
358,1,sympy:E*c*c*i*l*r,0,1,1.0,-0.0,1.0,1,1,0.0,337,0.0,0.0,0.0,0,0,1,1,1.0,0,0,0,1,0
358,2,sympy:E*c*c*i*l*r,0,2,0.5,0.6931471805599453,0.0,2,2,0.0,853,-0.5,0.6931471805599453,-1.0,0,0,2,0,0.5,0,0,0,1,0
358,3,sympy:E*c*c*i*l*r,0,3,0.6666666666666666,0.6365141682948128,0.3333333333333333,2,3,0.0,1213,0.16666666666666663,-0.05663301226513251,0.3333333333333333,0,0,3,1,0.6666666666666666,0,0,0,1,0
358,4,sympy:E*c*c*i*l*r,0,4,0.5,0.6931471805599453,0.0,2,4,0.0,1791,-0.16666666666666663,0.05663301226513251,-0.3333333333333333,0,0,4,0,0.3333333333333333,0,0,0,1,0
358,5,sympy:E*E*i*l*l*p*s,1,5,0.6,0.6730116670092565,0.2,2,1,0.0,2309,0.09999999999999998,-0.020135513550688766,0.2,1,1,4,1,0.6666666666666666,1,0,1,1,0
358,6,sympy:E*c*c*i*l*r,0,6,0.5,0.6931471805599453,0.0,2,1,0.0,2707,-0.09999999999999998,0.020135513550688766,-0.2,1,2,4,0,0.3333333333333333,0,0,0,1,0
358,7,sympy:E*c*c*i*l*r,0,7,0.5714285714285714,0.6829081047004717,0.14285714285714285,2,2,0.0,3318,0.0714285714285714,-0.01023907585947359,0.14285714285714285,0,2,4,1,0.6666666666666666,0,0,0,1,0
358,8,sympy:E*c*c*i*l*r,0,8,0.625,0.6615632381579821,0.25,2,3,0.0,3730,0.0535714285714286,-0.02134486654248957,0.10714285714285715,0,2,4,2,1.0,0,0,0,1,0
358,9,sympy:E*c*c*i*l*r,0,9,0.6666666666666666,0.6365141682948128,0.3333333333333333,2,4,0.0,4118,0.04166666666666663,-0.02504906986316935,0.08333333333333331,0,2,4,3,1.0,0,0,0,1,0
358,10,sympy:E*c*c*i*l*r,0,10,0.6,0.6730116670092565,0.2,2,5,0.0,4643,-0.06666666666666665,0.036497498714443743,-0.1333333333333333,0,2,5,2,0.6666666666666666,0,0,0,1,0
358,11,sympy:E*c*c*i*l*r,0,11,0.6363636363636364,0.6554817739013927,0.2727272727272727,2,6,0.0,5004,0.036363636363636376,-0.017529893107863792,0.0727272727272727,0,2,6,3,0.6666666666666666,0,0,0,1,0
358,12,sympy:E*c*c*i*l*r,0,12,0.5833333333333334,0.6791932659915256,0.16666666666666666,2,7,0.0,5511,-0.05303030303030298,0.023711492090132902,-0.10606060606060605,0,2,7,2,0.3333333333333333,0,0,0,1,0
358,13,sympy:E*c*c*i*l*r,0,13,0.6153846153846154,0.666278442414676,0.23076923076923078,2,8,0.0,5926,0.03205128205128205,-0.012914823576849588,0.06410256410256412,0,2,8,3,0.6666666666666666,0,0,0,1,0
358,14,sympy:E*c*c*i*l*r,0,14,0.6428571428571429,0.6517565611726531,0.2857142857142857,2,9,0.0,6950,0.027472527472527486,-0.014521881242022916,0.054945054945054916,0,2,9,4,0.6666666666666666,0,0,0,1,0
358,15,sympy:E*c*c*i*l*r,0,15,0.6666666666666666,0.6365141682948128,0.3333333333333333,2,10,0.0,7376,0.023809523809523725,-0.01524239287784035,0.047619047619047616,0,2,10,5,1.0,0,0,0,1,0
358,16,sympy:E*c*c*i*l*r,0,16,0.625,0.6615632381579821,0.25,2,11,0.0,7922,-0.04166666666666663,0.02504906986316935,-0.08333333333333331,0,2,11,4,0.6666666666666666,0,0,0,1,0
359,1,sympy:6,1,1,1.0,-0.0,1.0,1,1,0.0,770,0.0,0.0,0.0,0,0,1,1,1.0,0,0,0,1,0
359,2,sympy:6,1,2,1.0,-0.0,1.0,1,2,0.0,1698,0.0,0.0,0.0,0,0,2,2,1.0,0,0,0,1,0
359,3,sympy:6,1,2,1.0,-0.0,1.0,1,3,0.3333333333333333,2722,0.0,0.0,0.0,0,0,3,2,1.0,0,0,0,1,0
359,4,sympy:6,1,3,0.6666666666666666,0.6365141682948128,0.3333333333333333,2,4,0.25,3549,-0.33333333333333337,0.6365141682948128,-0.6666666666666667,0,0,4,1,0.5,0,0,0,1,0
359,5,sympy:6,1,4,0.75,0.5623351446188083,0.5,2,5,0.2,4284,0.08333333333333337,-0.07417902367600449,0.16666666666666669,0,0,5,2,0.5,0,0,0,1,0
359,6,sympy:6,1,5,0.8,0.5004024235381879,0.6,2,6,0.16666666666666666,5151,0.050000000000000044,-0.06193272108062042,0.09999999999999998,0,0,6,3,0.6666666666666666,0,0,0,1,0
359,7,sympy:6,1,6,0.6666666666666666,0.8675632284814612,0.5,3,7,0.14285714285714285,6175,-0.13333333333333341,0.3671608049432733,-0.09999999999999998,0,0,7,3,0.6666666666666666,0,0,0,1,0
359,8,sympy:6,1,6,0.6666666666666666,0.8675632284814612,0.5,3,8,0.25,7199,0.0,0.0,0.0,0,0,8,3,0.5,0,0,0,1,0
359,9,sympy:6,1,6,0.6666666666666666,0.8675632284814612,0.5,3,9,0.3333333333333333,8223,0.0,0.0,0.0,0,0,9,3,0.0,0,0,0,1,0
359,10,sympy:6,1,7,0.7142857142857143,0.796311640173813,0.5714285714285714,3,10,0.3,8978,0.04761904761904767,-0.07125158830764822,0.0714285714285714,0,0,10,4,1.0,0,0,0,1,0
359,11,sympy:6,1,8,0.75,0.7356219397587946,0.625,3,11,0.2727272727272727,9656,0.0357142857142857,-0.06068970041501831,0.0535714285714286,0,0,11,5,1.0,0,0,0,1,0
359,12,sympy:6,1,9,0.6666666666666666,1.0027182645175161,0.5555555555555556,4,12,0.25,10569,-0.08333333333333337,0.26709632475872147,-0.06944444444444442,0,0,12,5,0.6666666666666666,0,0,0,1,0
359,13,sympy:6,1,10,0.7,0.9404479886553263,0.6,4,13,0.23076923076923078,11455,0.033333333333333326,-0.062270275862189806,0.0444444444444444,0,0,13,6,0.6666666666666666,0,0,0,1,0
359,14,sympy:6,1,11,0.7272727272727273,0.8855741515766717,0.6363636363636364,4,14,0.21428571428571427,12269,0.027272727272727337,-0.054873837078654564,0.036363636363636376,0,0,14,7,0.6666666666666666,0,0,0,1,0
359,15,sympy:6,1,12,0.75,0.8369882167858358,0.6666666666666666,4,15,0.2,13014,0.022727272727272707,-0.04858593479083595,0.030303030303030276,0,0,15,8,1.0,0,0,0,1,0
359,16,sympy:6,1,13,0.6923076923076923,0.937155853065701,0.5384615384615384,4,16,0.1875,14038,-0.05769230769230771,0.10016763627986525,-0.1282051282051282,0,0,16,7,0.6666666666666666,0,0,0,1,0
360,1,sympy:7/4,1,1,1.0,-0.0,1.0,1,1,0.0,502,0.0,0.0,0.0,0,0,1,1,1.0,0,0,0,1,0
360,2,sympy:7/4,1,2,1.0,-0.0,1.0,1,2,0.0,911,0.0,0.0,0.0,0,0,2,2,1.0,0,0,0,1,0
360,3,sympy:7/4,1,3,1.0,-0.0,1.0,1,3,0.0,1345,0.0,0.0,0.0,0,0,3,3,1.0,0,0,0,1,0
360,4,sympy:7/4,1,4,1.0,-0.0,1.0,1,4,0.0,1719,0.0,0.0,0.0,0,0,4,4,1.0,0,0,0,1,0
360,5,sympy:7/4,1,5,1.0,-0.0,1.0,1,5,0.0,2130,0.0,0.0,0.0,0,0,5,5,1.0,0,0,0,1,0
360,6,sympy:7/4,1,6,1.0,-0.0,1.0,1,6,0.0,2594,0.0,0.0,0.0,0,0,6,6,1.0,0,0,0,1,0
360,7,sympy:7/4,1,7,1.0,-0.0,1.0,1,7,0.0,3115,0.0,0.0,0.0,0,0,7,7,1.0,0,0,0,1,0
360,8,sympy:7/4,1,8,0.875,0.37677016125643675,0.75,2,8,0.0,3481,-0.125,0.37677016125643675,-0.25,0,0,8,6,0.6666666666666666,0,0,0,1,0
360,9,sympy:7/4,1,9,0.8888888888888888,0.34883209584303193,0.7777777777777778,2,9,0.0,3924,0.01388888888888884,-0.027938065413404822,0.02777777777777779,0,0,9,7,0.6666666666666666,0,0,0,1,0
360,10,sympy:7/4,1,10,0.9,0.3250829733914482,0.8,2,10,0.0,4296,0.011111111111111183,-0.023749122451583726,0.022222222222222254,0,0,10,8,0.6666666666666666,0,0,0,1,0
360,11,sympy:7/4,1,11,0.9090909090909091,0.30463609734923813,0.8181818181818182,2,11,0.0,4728,0.009090909090909038,-0.02044687604221007,0.018181818181818188,0,0,11,9,1.0,0,0,0,1,0
360,12,sympy:7/4,1,12,0.9166666666666666,0.2868359830561607,0.8333333333333334,2,12,0.0,5146,0.007575757575757569,-0.01780011429307743,0.015151515151515138,0,0,12,10,1.0,0,0,0,1,0
360,13,sympy:7/4,1,13,0.9230769230769231,0.2711893730418441,0.8461538461538461,2,13,0.0,5509,0.0064102564102564985,-0.01564661001431661,0.012820512820512775,0,0,13,11,1.0,0,0,0,1,0
360,14,sympy:7/4,1,14,0.9285714285714286,0.25731864054383163,0.8571428571428571,2,14,0.0,5929,0.005494505494505475,-0.013870732498012461,0.01098901098901095,0,0,14,12,1.0,0,0,0,1,0
360,15,sympy:7/4,1,15,0.9333333333333333,0.24493002679463532,0.8666666666666667,2,15,0.0,6348,0.004761904761904745,-0.012388613749196309,0.009523809523809601,0,0,15,13,1.0,0,0,0,1,0
360,16,sympy:7/4,1,16,0.875,0.37677016125643675,0.75,2,16,0.0,6758,-0.05833333333333335,0.13184013446180143,-0.1166666666666667,0,0,16,12,0.6666666666666666,0,0,0,1,0
361,1,sympy:16*sqrt(3),1,1,1.0,-0.0,1.0,1,1,0.0,685,0.0,0.0,0.0,0,0,1,1,1.0,0,0,0,1,0
361,2,sympy:16*sqrt(3),1,2,1.0,-0.0,1.0,1,2,0.0,1352,0.0,0.0,0.0,0,0,2,2,1.0,0,0,0,1,0
361,3,sympy:16*sqrt(3),1,3,1.0,-0.0,1.0,1,3,0.0,2059,0.0,0.0,0.0,0,0,3,3,1.0,0,0,0,1,0
361,4,sympy:16*sqrt(3),1,4,1.0,-0.0,1.0,1,4,0.0,2841,0.0,0.0,0.0,0,0,4,4,1.0,0,0,0,1,0
361,5,sympy:16*sqrt(3),1,5,1.0,-0.0,1.0,1,5,0.0,3440,0.0,0.0,0.0,0,0,5,5,1.0,0,0,0,1,0
361,6,sympy:16*sqrt(3),1,6,1.0,-0.0,1.0,1,6,0.0,4074,0.0,0.0,0.0,0,0,6,6,1.0,0,0,0,1,0
361,7,sympy:16*sqrt(3),1,7,1.0,-0.0,1.0,1,7,0.0,4771,0.0,0.0,0.0,0,0,7,7,1.0,0,0,0,1,0
361,8,sympy:16*sqrt(3),1,8,1.0,-0.0,1.0,1,8,0.0,5418,0.0,0.0,0.0,0,0,8,8,1.0,0,0,0,1,0
361,9,sympy:16*sqrt(3),1,9,0.8888888888888888,0.34883209584303193,0.7777777777777778,2,9,0.0,5977,-0.11111111111111116,0.34883209584303193,-0.2222222222222222,0,0,9,7,0.6666666666666666,0,0,0,1,0
361,10,sympy:16*sqrt(3),1,9,0.8888888888888888,0.34883209584303193,0.7777777777777778,2,10,0.1,7001,0.0,0.0,0.0,0,0,10,7,0.5,0,0,0,1,0
361,11,sympy:16*sqrt(3),1,10,0.9,0.3250829733914482,0.8,2,11,0.09090909090909091,7659,0.011111111111111183,-0.023749122451583726,0.022222222222222254,0,0,11,8,0.5,0,0,0,1,0
361,12,sympy:16*sqrt(3),1,11,0.9090909090909091,0.30463609734923813,0.8181818181818182,2,12,0.08333333333333333,8337,0.009090909090909038,-0.02044687604221007,0.018181818181818188,0,0,12,9,1.0,0,0,0,1,0
361,13,sympy:16*sqrt(3),1,12,0.9166666666666666,0.2868359830561607,0.8333333333333334,2,13,0.07692307692307693,8881,0.007575757575757569,-0.01780011429307743,0.015151515151515138,0,0,13,10,1.0,0,0,0,1,0
361,14,sympy:16*sqrt(3),1,12,0.9166666666666666,0.2868359830561607,0.8333333333333334,2,14,0.14285714285714285,9905,0.0,0.0,0.0,0,0,14,10,1.0,0,0,0,1,0
361,15,sympy:16*sqrt(3),1,13,0.9230769230769231,0.2711893730418441,0.8461538461538461,2,15,0.13333333333333333,10486,0.0064102564102564985,-0.01564661001431661,0.012820512820512775,0,0,15,11,1.0,0,0,0,1,0
361,16,sympy:16*sqrt(3),1,13,0.9230769230769231,0.2711893730418441,0.8461538461538461,2,16,0.1875,11510,0.0,0.0,0.0,0,0,16,11,1.0,0,0,0,1,0
362,1,sympy:1/4,1,1,1.0,-0.0,1.0,1,1,0.0,185,0.0,0.0,0.0,0,0,1,1,1.0,0,0,0,1,0
362,2,sympy:1/4,1,2,1.0,-0.0,1.0,1,2,0.0,362,0.0,0.0,0.0,0,0,2,2,1.0,0,0,0,1,0
362,3,sympy:1/4,1,3,1.0,-0.0,1.0,1,3,0.0,540,0.0,0.0,0.0,0,0,3,3,1.0,0,0,0,1,0
362,4,sympy:1/4,1,4,1.0,-0.0,1.0,1,4,0.0,731,0.0,0.0,0.0,0,0,4,4,1.0,0,0,0,1,0
362,5,sympy:1/4,1,5,1.0,-0.0,1.0,1,5,0.0,934,0.0,0.0,0.0,0,0,5,5,1.0,0,0,0,1,0
362,6,sympy:1/4,1,6,1.0,-0.0,1.0,1,6,0.0,1107,0.0,0.0,0.0,0,0,6,6,1.0,0,0,0,1,0
362,7,sympy:1/4,1,7,1.0,-0.0,1.0,1,7,0.0,1351,0.0,0.0,0.0,0,0,7,7,1.0,0,0,0,1,0
362,8,sympy:1/4,1,8,1.0,-0.0,1.0,1,8,0.0,1533,0.0,0.0,0.0,0,0,8,8,1.0,0,0,0,1,0
362,9,sympy:1/4,1,9,1.0,-0.0,1.0,1,9,0.0,1723,0.0,0.0,0.0,0,0,9,9,1.0,0,0,0,1,0
362,10,sympy:1/4,1,10,1.0,-0.0,1.0,1,10,0.0,1912,0.0,0.0,0.0,0,0,10,10,1.0,0,0,0,1,0
362,11,sympy:1/4,1,11,1.0,-0.0,1.0,1,11,0.0,2154,0.0,0.0,0.0,0,0,11,11,1.0,0,0,0,1,0
362,12,sympy:1/4,1,12,1.0,-0.0,1.0,1,12,0.0,2337,0.0,0.0,0.0,0,0,12,12,1.0,0,0,0,1,0
362,13,sympy:1/4,1,13,1.0,-0.0,1.0,1,13,0.0,2524,0.0,0.0,0.0,0,0,13,13,1.0,0,0,0,1,0
362,14,sympy:1/4,1,14,1.0,-0.0,1.0,1,14,0.0,2699,0.0,0.0,0.0,0,0,14,14,1.0,0,0,0,1,0
362,15,sympy:1/4,1,15,1.0,-0.0,1.0,1,15,0.0,2903,0.0,0.0,0.0,0,0,15,15,1.0,0,0,0,1,0
362,16,sympy:1/4,1,16,1.0,-0.0,1.0,1,16,0.0,3091,0.0,0.0,0.0,0,0,16,16,1.0,0,0,0,1,0
363,1,sympy:2,1,1,1.0,-0.0,1.0,1,1,0.0,321,0.0,0.0,0.0,0,0,1,1,1.0,0,0,0,1,0
363,2,sympy:2,1,2,1.0,-0.0,1.0,1,2,0.0,616,0.0,0.0,0.0,0,0,2,2,1.0,0,0,0,1,0
363,3,sympy:2,1,3,1.0,-0.0,1.0,1,3,0.0,1097,0.0,0.0,0.0,0,0,3,3,1.0,0,0,0,1,0
363,4,sympy:2,1,4,1.0,-0.0,1.0,1,4,0.0,1382,0.0,0.0,0.0,0,0,4,4,1.0,0,0,0,1,0
363,5,sympy:2,1,5,1.0,-0.0,1.0,1,5,0.0,1684,0.0,0.0,0.0,0,0,5,5,1.0,0,0,0,1,0
363,6,sympy:2,1,6,1.0,-0.0,1.0,1,6,0.0,1885,0.0,0.0,0.0,0,0,6,6,1.0,0,0,0,1,0
363,7,sympy:2,1,7,1.0,-0.0,1.0,1,7,0.0,2128,0.0,0.0,0.0,0,0,7,7,1.0,0,0,0,1,0
363,8,sympy:2,1,8,1.0,-0.0,1.0,1,8,0.0,2371,0.0,0.0,0.0,0,0,8,8,1.0,0,0,0,1,0
363,9,sympy:2,1,9,1.0,-0.0,1.0,1,9,0.0,2825,0.0,0.0,0.0,0,0,9,9,1.0,0,0,0,1,0
363,10,sympy:2,1,10,1.0,-0.0,1.0,1,10,0.0,3016,0.0,0.0,0.0,0,0,10,10,1.0,0,0,0,1,0
363,11,sympy:2,1,11,1.0,-0.0,1.0,1,11,0.0,3273,0.0,0.0,0.0,0,0,11,11,1.0,0,0,0,1,0
363,12,sympy:2,1,12,1.0,-0.0,1.0,1,12,0.0,3483,0.0,0.0,0.0,0,0,12,12,1.0,0,0,0,1,0
363,13,sympy:2,1,13,1.0,-0.0,1.0,1,13,0.0,3746,0.0,0.0,0.0,0,0,13,13,1.0,0,0,0,1,0
363,14,sympy:2,1,14,1.0,-0.0,1.0,1,14,0.0,3942,0.0,0.0,0.0,0,0,14,14,1.0,0,0,0,1,0
363,15,sympy:2,1,15,0.9333333333333333,0.24493002679463532,0.8666666666666667,2,15,0.0,4370,-0.06666666666666665,0.24493002679463532,-0.1333333333333333,0,0,15,13,0.6666666666666666,0,0,0,1,0
363,16,sympy:2,1,16,0.9375,0.2337916587064593,0.875,2,16,0.0,4641,0.004166666666666652,-0.011138368088176032,0.008333333333333304,0,0,16,14,0.6666666666666666,0,0,0,1,0
364,1,"sympy:(1, -16, -4, 43)",1,1,1.0,-0.0,1.0,1,1,0.0,527,0.0,0.0,0.0,0,0,1,1,1.0,0,0,0,1,0
364,2,"sympy:(1, -16, -4, 43)",1,2,1.0,-0.0,1.0,1,2,0.0,1201,0.0,0.0,0.0,0,0,2,2,1.0,0,0,0,1,0
364,3,"sympy:(1, -16, -4, 43)",1,3,1.0,-0.0,1.0,1,3,0.0,1791,0.0,0.0,0.0,0,0,3,3,1.0,0,0,0,1,0
364,4,"sympy:(1, -16, -4, 43)",1,4,1.0,-0.0,1.0,1,4,0.0,2275,0.0,0.0,0.0,0,0,4,4,1.0,0,0,0,1,0
364,5,"sympy:(1, -16, -4, 43)",1,5,1.0,-0.0,1.0,1,5,0.0,2844,0.0,0.0,0.0,0,0,5,5,1.0,0,0,0,1,0
364,6,"sympy:(1, -16, -4, 43)",1,6,1.0,-0.0,1.0,1,6,0.0,3602,0.0,0.0,0.0,0,0,6,6,1.0,0,0,0,1,0
364,7,"sympy:(1, -16, -4, 43)",1,7,1.0,-0.0,1.0,1,7,0.0,4123,0.0,0.0,0.0,0,0,7,7,1.0,0,0,0,1,0
364,8,"sympy:(1, -16, -4, 43)",1,8,1.0,-0.0,1.0,1,8,0.0,4615,0.0,0.0,0.0,0,0,8,8,1.0,0,0,0,1,0
364,9,"sympy:(1, -16, -4, 43)",1,9,1.0,-0.0,1.0,1,9,0.0,5424,0.0,0.0,0.0,0,0,9,9,1.0,0,0,0,1,0
364,10,"sympy:(1, -16, -4, 43)",1,10,1.0,-0.0,1.0,1,10,0.0,5976,0.0,0.0,0.0,0,0,10,10,1.0,0,0,0,1,0
364,11,"sympy:(1, -16, -4, 43)",1,11,1.0,-0.0,1.0,1,11,0.0,6573,0.0,0.0,0.0,0,0,11,11,1.0,0,0,0,1,0
364,12,"sympy:(1, -16, -4, 43)",1,12,1.0,-0.0,1.0,1,12,0.0,7597,0.0,0.0,0.0,0,0,12,12,1.0,0,0,0,1,0
364,13,"sympy:(1, -16, -4, 43)",1,13,1.0,-0.0,1.0,1,13,0.0,8090,0.0,0.0,0.0,0,0,13,13,1.0,0,0,0,1,0
364,14,"sympy:(1, -16, -4, 43)",1,14,1.0,-0.0,1.0,1,14,0.0,8693,0.0,0.0,0.0,0,0,14,14,1.0,0,0,0,1,0
364,15,"sympy:(1, -16, -4, 43)",1,15,1.0,-0.0,1.0,1,15,0.0,9277,0.0,0.0,0.0,0,0,15,15,1.0,0,0,0,1,0
364,16,"sympy:(1, -16, -4, 43)",1,16,1.0,-0.0,1.0,1,16,0.0,9904,0.0,0.0,0.0,0,0,16,16,1.0,0,0,0,1,0
365,1,sympy:40,0,1,1.0,-0.0,1.0,1,1,0.0,623,0.0,0.0,0.0,0,0,1,1,1.0,0,0,0,1,0
365,2,sympy:40,0,2,1.0,-0.0,1.0,1,2,0.0,1289,0.0,0.0,0.0,0,0,2,2,1.0,0,0,0,1,0
365,3,sympy:40,0,3,1.0,-0.0,1.0,1,3,0.0,1854,0.0,0.0,0.0,0,0,3,3,1.0,0,0,0,1,0
365,4,sympy:40,0,4,0.75,0.5623351446188083,0.5,2,4,0.0,2638,-0.25,0.5623351446188083,-0.5,0,0,4,2,0.6666666666666666,0,0,0,1,0
365,5,sympy:40,0,5,0.6,0.6730116670092565,0.2,2,5,0.0,3582,-0.15000000000000002,0.11067652239044823,-0.3,0,0,5,1,0.3333333333333333,0,0,0,1,0
365,6,sympy:40,0,6,0.6666666666666666,0.6365141682948128,0.3333333333333333,2,6,0.0,4606,0.06666666666666665,-0.036497498714443743,0.1333333333333333,0,0,6,2,0.3333333333333333,0,0,0,1,0
365,7,sympy:40,0,7,0.7142857142857143,0.5982695885852573,0.42857142857142855,2,7,0.0,5327,0.04761904761904767,-0.038244579709555526,0.09523809523809523,0,0,7,3,0.6666666666666666,0,0,0,1,0
365,8,sympy:40,0,8,0.75,0.5623351446188083,0.5,2,8,0.0,5996,0.0357142857142857,-0.03593444396644896,0.07142857142857145,0,0,8,4,1.0,0,0,0,1,0
365,9,sympy:40,0,9,0.7777777777777778,0.5297061990576545,0.5555555555555556,2,9,0.0,6583,0.02777777777777779,-0.03262894556115381,0.05555555555555558,0,0,9,5,1.0,0,0,0,1,0
365,10,sympy:40,0,10,0.7,0.8018185525433373,0.5,3,10,0.0,7438,-0.07777777777777783,0.27211235348568286,-0.05555555555555558,0,0,10,5,0.6666666666666666,0,0,0,1,0
365,11,sympy:40,0,11,0.6363636363636364,1.0335620542068176,0.45454545454545453,4,11,0.0,8177,-0.0636363636363636,0.23174350166348023,-0.04545454545454547,0,0,11,5,0.3333333333333333,0,0,0,1,0
365,12,sympy:40,0,12,0.6666666666666666,0.9830877585747855,0.5,4,12,0.0,9039,0.030303030303030276,-0.050474295632032096,0.04545454545454547,0,0,12,6,0.3333333333333333,0,0,0,1,0
365,13,sympy:40,0,13,0.6923076923076923,0.937155853065701,0.5384615384615384,4,13,0.0,10063,0.02564102564102566,-0.045931905509084436,0.038461538461538436,0,0,13,7,0.6666666666666666,0,0,0,1,0
365,14,sympy:40,0,14,0.7142857142857143,0.8953326659680909,0.5714285714285714,4,14,0.0,10725,0.02197802197802201,-0.041823187097610126,0.03296703296703296,0,0,14,8,1.0,0,0,0,1,0
365,15,sympy:40,0,15,0.7333333333333333,0.857174043642079,0.6,4,15,0.0,11393,0.01904761904761898,-0.03815862232601186,0.02857142857142858,0,0,15,9,1.0,0,0,0,1,0
365,16,sympy:40,0,16,0.6875,0.9180459180656309,0.5,4,16,0.0,12156,-0.04583333333333328,0.0608718744235518,-0.09999999999999998,0,0,16,8,0.6666666666666666,0,0,0,1,0
366,1,sympy:4,1,1,1.0,-0.0,1.0,1,1,0.0,497,0.0,0.0,0.0,0,0,1,1,1.0,0,0,0,1,0
366,2,sympy:4,1,2,1.0,-0.0,1.0,1,2,0.0,1091,0.0,0.0,0.0,0,0,2,2,1.0,0,0,0,1,0
366,3,sympy:4,1,3,1.0,-0.0,1.0,1,3,0.0,1594,0.0,0.0,0.0,0,0,3,3,1.0,0,0,0,1,0
366,4,sympy:4,1,4,1.0,-0.0,1.0,1,4,0.0,2100,0.0,0.0,0.0,0,0,4,4,1.0,0,0,0,1,0
366,5,sympy:4,1,5,1.0,-0.0,1.0,1,5,0.0,2470,0.0,0.0,0.0,0,0,5,5,1.0,0,0,0,1,0
366,6,sympy:4,1,6,1.0,-0.0,1.0,1,6,0.0,2792,0.0,0.0,0.0,0,0,6,6,1.0,0,0,0,1,0
366,7,sympy:4,1,7,1.0,-0.0,1.0,1,7,0.0,3263,0.0,0.0,0.0,0,0,7,7,1.0,0,0,0,1,0
366,8,sympy:4,1,8,1.0,-0.0,1.0,1,8,0.0,3590,0.0,0.0,0.0,0,0,8,8,1.0,0,0,0,1,0
366,9,sympy:4,1,9,1.0,-0.0,1.0,1,9,0.0,3940,0.0,0.0,0.0,0,0,9,9,1.0,0,0,0,1,0
366,10,sympy:4,1,10,1.0,-0.0,1.0,1,10,0.0,4426,0.0,0.0,0.0,0,0,10,10,1.0,0,0,0,1,0
366,11,sympy:4,1,11,1.0,-0.0,1.0,1,11,0.0,4933,0.0,0.0,0.0,0,0,11,11,1.0,0,0,0,1,0
366,12,sympy:4,1,12,1.0,-0.0,1.0,1,12,0.0,5457,0.0,0.0,0.0,0,0,12,12,1.0,0,0,0,1,0
366,13,sympy:4,1,13,1.0,-0.0,1.0,1,13,0.0,5828,0.0,0.0,0.0,0,0,13,13,1.0,0,0,0,1,0
366,14,sympy:4,1,14,1.0,-0.0,1.0,1,14,0.0,6143,0.0,0.0,0.0,0,0,14,14,1.0,0,0,0,1,0
366,15,sympy:4,1,15,1.0,-0.0,1.0,1,15,0.0,6501,0.0,0.0,0.0,0,0,15,15,1.0,0,0,0,1,0
366,16,sympy:4,1,16,1.0,-0.0,1.0,1,16,0.0,7133,0.0,0.0,0.0,0,0,16,16,1.0,0,0,0,1,0
367,1,sympy:1,1,1,1.0,-0.0,1.0,1,1,0.0,291,0.0,0.0,0.0,0,0,1,1,1.0,0,0,0,1,0
367,2,sympy:1,1,2,1.0,-0.0,1.0,1,2,0.0,536,0.0,0.0,0.0,0,0,2,2,1.0,0,0,0,1,0
367,3,sympy:1,1,3,1.0,-0.0,1.0,1,3,0.0,779,0.0,0.0,0.0,0,0,3,3,1.0,0,0,0,1,0
367,4,sympy:1,1,4,1.0,-0.0,1.0,1,4,0.0,997,0.0,0.0,0.0,0,0,4,4,1.0,0,0,0,1,0
367,5,sympy:1,1,5,1.0,-0.0,1.0,1,5,0.0,1221,0.0,0.0,0.0,0,0,5,5,1.0,0,0,0,1,0
367,6,sympy:1,1,6,1.0,-0.0,1.0,1,6,0.0,1464,0.0,0.0,0.0,0,0,6,6,1.0,0,0,0,1,0
367,7,sympy:1,1,7,1.0,-0.0,1.0,1,7,0.0,1689,0.0,0.0,0.0,0,0,7,7,1.0,0,0,0,1,0
367,8,sympy:1,1,8,1.0,-0.0,1.0,1,8,0.0,1928,0.0,0.0,0.0,0,0,8,8,1.0,0,0,0,1,0
367,9,sympy:1,1,9,1.0,-0.0,1.0,1,9,0.0,2177,0.0,0.0,0.0,0,0,9,9,1.0,0,0,0,1,0
367,10,sympy:1,1,10,1.0,-0.0,1.0,1,10,0.0,2420,0.0,0.0,0.0,0,0,10,10,1.0,0,0,0,1,0
367,11,sympy:1,1,11,1.0,-0.0,1.0,1,11,0.0,2661,0.0,0.0,0.0,0,0,11,11,1.0,0,0,0,1,0
367,12,sympy:1,1,12,1.0,-0.0,1.0,1,12,0.0,2889,0.0,0.0,0.0,0,0,12,12,1.0,0,0,0,1,0
367,13,sympy:1,1,13,1.0,-0.0,1.0,1,13,0.0,3180,0.0,0.0,0.0,0,0,13,13,1.0,0,0,0,1,0
367,14,sympy:1,1,14,1.0,-0.0,1.0,1,14,0.0,3397,0.0,0.0,0.0,0,0,14,14,1.0,0,0,0,1,0
367,15,sympy:1,1,15,1.0,-0.0,1.0,1,15,0.0,3667,0.0,0.0,0.0,0,0,15,15,1.0,0,0,0,1,0
367,16,sympy:1,1,16,1.0,-0.0,1.0,1,16,0.0,3902,0.0,0.0,0.0,0,0,16,16,1.0,0,0,0,1,0
368,1,sympy:31,1,1,1.0,-0.0,1.0,1,1,0.0,251,0.0,0.0,0.0,0,0,1,1,1.0,0,0,0,1,0
368,2,sympy:31,1,2,1.0,-0.0,1.0,1,2,0.0,503,0.0,0.0,0.0,0,0,2,2,1.0,0,0,0,1,0
368,3,sympy:31,1,3,1.0,-0.0,1.0,1,3,0.0,817,0.0,0.0,0.0,0,0,3,3,1.0,0,0,0,1,0
368,4,sympy:31,1,4,1.0,-0.0,1.0,1,4,0.0,1078,0.0,0.0,0.0,0,0,4,4,1.0,0,0,0,1,0
368,5,sympy:31,1,5,1.0,-0.0,1.0,1,5,0.0,1372,0.0,0.0,0.0,0,0,5,5,1.0,0,0,0,1,0
368,6,sympy:31,1,6,1.0,-0.0,1.0,1,6,0.0,1610,0.0,0.0,0.0,0,0,6,6,1.0,0,0,0,1,0
368,7,sympy:31,1,7,1.0,-0.0,1.0,1,7,0.0,1848,0.0,0.0,0.0,0,0,7,7,1.0,0,0,0,1,0
368,8,sympy:31,1,8,1.0,-0.0,1.0,1,8,0.0,2120,0.0,0.0,0.0,0,0,8,8,1.0,0,0,0,1,0
368,9,sympy:31,1,9,1.0,-0.0,1.0,1,9,0.0,2381,0.0,0.0,0.0,0,0,9,9,1.0,0,0,0,1,0
368,10,sympy:31,1,10,1.0,-0.0,1.0,1,10,0.0,2657,0.0,0.0,0.0,0,0,10,10,1.0,0,0,0,1,0
368,11,sympy:31,1,11,1.0,-0.0,1.0,1,11,0.0,2993,0.0,0.0,0.0,0,0,11,11,1.0,0,0,0,1,0
368,12,sympy:31,1,12,1.0,-0.0,1.0,1,12,0.0,3250,0.0,0.0,0.0,0,0,12,12,1.0,0,0,0,1,0
368,13,sympy:31,1,13,1.0,-0.0,1.0,1,13,0.0,3523,0.0,0.0,0.0,0,0,13,13,1.0,0,0,0,1,0
368,14,sympy:31,1,14,1.0,-0.0,1.0,1,14,0.0,3783,0.0,0.0,0.0,0,0,14,14,1.0,0,0,0,1,0
368,15,sympy:31,1,15,1.0,-0.0,1.0,1,15,0.0,4032,0.0,0.0,0.0,0,0,15,15,1.0,0,0,0,1,0
368,16,sympy:31,1,16,1.0,-0.0,1.0,1,16,0.0,4305,0.0,0.0,0.0,0,0,16,16,1.0,0,0,0,1,0
369,1,sympy:36,0,1,1.0,-0.0,1.0,1,1,0.0,306,0.0,0.0,0.0,0,0,1,1,1.0,1,0,0,1,1
369,2,sympy:36,0,2,1.0,-0.0,1.0,1,2,0.0,620,0.0,0.0,0.0,0,0,2,2,1.0,1,0,0,1,1
369,3,sympy:36,0,3,0.6666666666666666,0.6365141682948128,0.3333333333333333,2,3,0.0,939,-0.33333333333333337,0.6365141682948128,-0.6666666666666667,0,0,3,1,0.6666666666666666,1,0,0,1,1
369,4,sympy:36,0,4,0.5,0.6931471805599453,0.0,2,4,0.0,1241,-0.16666666666666663,0.05663301226513251,-0.3333333333333333,0,0,4,0,0.3333333333333333,1,0,0,1,1
369,5,sympy:144,0,5,0.6,0.6730116670092565,0.2,2,1,0.0,1548,0.09999999999999998,-0.020135513550688766,0.2,1,1,4,1,1.0,0,0,0,1,0
369,6,sympy:144,0,6,0.6666666666666666,0.6365141682948128,0.3333333333333333,2,2,0.0,1833,0.06666666666666665,-0.036497498714443743,0.1333333333333333,0,1,4,2,1.0,0,0,0,1,0
369,7,sympy:144,0,7,0.7142857142857143,0.5982695885852573,0.42857142857142855,2,3,0.0,2177,0.04761904761904767,-0.038244579709555526,0.09523809523809523,0,1,4,3,1.0,0,0,0,1,0
369,8,sympy:144,0,8,0.75,0.5623351446188083,0.5,2,4,0.0,2494,0.0357142857142857,-0.03593444396644896,0.07142857142857145,0,1,4,4,1.0,0,0,0,1,0
369,9,sympy:144,0,9,0.6666666666666666,0.8486855577264172,0.4444444444444444,3,5,0.0,2796,-0.08333333333333337,0.2863504131076089,-0.05555555555555558,0,1,5,4,0.6666666666666666,0,0,0,1,0
369,10,sympy:144,0,10,0.6,1.0888999753452238,0.4,4,6,0.0,3091,-0.06666666666666665,0.24021441761880657,-0.0444444444444444,0,1,6,4,0.3333333333333333,0,0,0,1,0
369,11,sympy:144,0,11,0.6363636363636364,1.0335620542068176,0.45454545454545453,4,7,0.0,3413,0.036363636363636376,-0.05533792113840619,0.05454545454545451,0,1,7,5,0.3333333333333333,0,0,0,1,0
369,12,sympy:144,0,12,0.5833333333333334,1.2342678660790767,0.4166666666666667,5,8,0.0,3761,-0.05303030303030298,0.2007058118722591,-0.037878787878787845,0,1,8,5,0.3333333333333333,0,0,0,1,0
369,13,sympy:144,0,13,0.6153846153846154,1.1786549963416462,0.46153846153846156,5,9,0.0,4079,0.03205128205128205,-0.055612869737430515,0.04487179487179488,0,1,9,6,0.6666666666666666,0,0,0,1,0
369,14,sympy:144,0,14,0.5714285714285714,1.2153881010836147,0.35714285714285715,5,10,0.0,4388,-0.04395604395604402,0.03673310474196856,-0.10439560439560441,0,1,10,5,0.3333333333333333,0,0,0,1,0
369,15,sympy:144,0,15,0.6,1.1699929969668565,0.4,5,11,0.0,4688,0.02857142857142858,-0.04539510411675818,0.04285714285714287,0,1,11,6,0.6666666666666666,0,0,0,1,0
369,16,sympy:144,0,16,0.5625,1.190076307208185,0.3125,5,12,0.0,5002,-0.03749999999999998,0.020083310241328478,-0.08750000000000002,0,1,12,5,0.3333333333333333,0,0,0,1,0
370,1,sympy:-41,1,1,1.0,-0.0,1.0,1,1,0.0,432,0.0,0.0,0.0,0,0,1,1,1.0,0,0,0,1,0
370,2,sympy:-41,1,2,1.0,-0.0,1.0,1,2,0.0,808,0.0,0.0,0.0,0,0,2,2,1.0,0,0,0,1,0
370,3,sympy:-41,1,3,1.0,-0.0,1.0,1,3,0.0,1302,0.0,0.0,0.0,0,0,3,3,1.0,0,0,0,1,0
370,4,sympy:-41,1,4,1.0,-0.0,1.0,1,4,0.0,1659,0.0,0.0,0.0,0,0,4,4,1.0,0,0,0,1,0
370,5,sympy:-41,1,5,1.0,-0.0,1.0,1,5,0.0,2014,0.0,0.0,0.0,0,0,5,5,1.0,0,0,0,1,0
370,6,sympy:-41,1,6,1.0,-0.0,1.0,1,6,0.0,2253,0.0,0.0,0.0,0,0,6,6,1.0,0,0,0,1,0
370,7,sympy:-41,1,7,1.0,-0.0,1.0,1,7,0.0,2564,0.0,0.0,0.0,0,0,7,7,1.0,0,0,0,1,0
370,8,sympy:-41,1,8,1.0,-0.0,1.0,1,8,0.0,2921,0.0,0.0,0.0,0,0,8,8,1.0,0,0,0,1,0
370,9,sympy:-41,1,9,1.0,-0.0,1.0,1,9,0.0,3277,0.0,0.0,0.0,0,0,9,9,1.0,0,0,0,1,0
370,10,sympy:-41,1,10,1.0,-0.0,1.0,1,10,0.0,3530,0.0,0.0,0.0,0,0,10,10,1.0,0,0,0,1,0
370,11,sympy:-41,1,11,1.0,-0.0,1.0,1,11,0.0,3715,0.0,0.0,0.0,0,0,11,11,1.0,0,0,0,1,0
370,12,sympy:-41,1,12,1.0,-0.0,1.0,1,12,0.0,4106,0.0,0.0,0.0,0,0,12,12,1.0,0,0,0,1,0
370,13,sympy:-41,1,13,1.0,-0.0,1.0,1,13,0.0,4538,0.0,0.0,0.0,0,0,13,13,1.0,0,0,0,1,0
370,14,sympy:-41,1,14,1.0,-0.0,1.0,1,14,0.0,4902,0.0,0.0,0.0,0,0,14,14,1.0,0,0,0,1,0
370,15,sympy:-41,1,15,1.0,-0.0,1.0,1,15,0.0,5359,0.0,0.0,0.0,0,0,15,15,1.0,0,0,0,1,0
370,16,sympy:-41,1,16,1.0,-0.0,1.0,1,16,0.0,5644,0.0,0.0,0.0,0,0,16,16,1.0,0,0,0,1,0
371,1,sympy:9,0,1,1.0,-0.0,1.0,1,1,0.0,911,0.0,0.0,0.0,0,0,1,1,1.0,1,1,0,0,1
371,2,sympy:9,0,2,0.5,0.6931471805599453,0.0,2,2,0.0,1746,-0.5,0.6931471805599453,-1.0,0,0,2,0,0.5,1,1,0,0,1
371,3,sympy:9,0,2,0.5,0.6931471805599453,0.0,2,3,0.3333333333333333,2770,0.0,0.0,0.0,0,0,3,0,0.5,1,1,0,0,1
371,4,sympy:9,0,3,0.3333333333333333,1.0986122886681096,0.0,3,4,0.25,3368,-0.16666666666666669,0.4054651081081643,0.0,0,0,4,0,0.0,1,1,0,0,1
371,5,sympy:17,1,4,0.5,1.0397207708399179,0.25,3,1,0.2,4170,0.16666666666666669,-0.058891517828191686,0.25,1,1,4,1,1.0,0,0,0,1,0
371,6,sympy:17,1,5,0.4,1.3321790402101223,0.2,4,2,0.16666666666666666,5060,-0.09999999999999998,0.29245826937020447,-0.04999999999999999,0,1,4,1,0.6666666666666666,0,0,0,1,0
371,7,sympy:17,1,6,0.5,1.242453324894,0.3333333333333333,4,3,0.14285714285714285,5840,0.09999999999999998,-0.08972571531612239,0.1333333333333333,0,1,4,2,0.6666666666666666,0,0,0,1,0
371,8,sympy:17,1,6,0.5,1.242453324894,0.3333333333333333,4,4,0.25,6864,0.0,0.0,0.0,0,1,4,2,0.5,0,0,0,1,0
371,9,sympy:17,1,7,0.42857142857142855,1.277034259466139,0.14285714285714285,4,5,0.2222222222222222,7735,-0.07142857142857145,0.034580934572139066,-0.19047619047619047,0,1,5,1,0.5,0,0,0,1,0
371,10,sympy:9,0,8,0.375,1.2554823251787535,0.0,4,1,0.2,8493,-0.05357142857142855,-0.021551934287385555,-0.14285714285714285,1,2,5,0,1.0,1,1,0,0,1
371,11,sympy:9,0,9,0.3333333333333333,1.464816384890813,0.0,5,2,0.18181818181818182,9495,-0.041666666666666685,0.20933405971205943,0.0,0,2,5,0,0.6666666666666666,1,1,0,0,1
371,12,sympy:17,1,10,0.4,1.4184836619456564,0.1,5,1,0.16666666666666666,10200,0.06666666666666671,-0.046332722945156446,0.1,1,3,5,1,0.3333333333333333,0,0,0,1,0
371,13,sympy:9,0,11,0.36363636363636365,1.3896811919839047,0.0,5,1,0.15384615384615385,10972,-0.036363636363636376,-0.02880246996175173,-0.1,1,4,5,0,0.3333333333333333,1,1,0,0,1
371,14,sympy:17,1,12,0.4166666666666667,1.3522093992338282,0.08333333333333333,5,1,0.14285714285714285,11756,0.05303030303030304,-0.037471792750076505,0.08333333333333333,1,5,5,1,0.6666666666666666,0,0,0,1,0
371,15,sympy:17,1,13,0.38461538461538464,1.4127446368638479,0.07692307692307693,5,2,0.13333333333333333,12780,-0.03205128205128205,0.06053523763001967,-0.006410256410256401,0,5,5,1,0.3333333333333333,0,0,0,1,0
371,16,sympy:17,1,13,0.38461538461538464,1.4127446368638479,0.07692307692307693,5,3,0.1875,13804,0.0,0.0,0.0,0,5,5,1,0.5,0,0,0,1,0
372,1,sympy:50,0,1,1.0,-0.0,1.0,1,1,0.0,711,0.0,0.0,0.0,0,0,1,1,1.0,1,0,0,1,1
372,2,sympy:50,0,2,0.5,0.6931471805599453,0.0,2,2,0.0,1480,-0.5,0.6931471805599453,-1.0,0,0,2,0,0.5,1,0,0,1,1
372,3,sympy:50,0,3,0.3333333333333333,1.0986122886681096,0.0,3,3,0.0,2471,-0.16666666666666669,0.4054651081081643,0.0,0,0,3,0,0.3333333333333333,1,0,0,1,1
372,4,sympy:50,0,4,0.25,1.3862943611198906,0.0,4,4,0.0,3384,-0.08333333333333331,0.287682072451781,0.0,0,0,4,0,0.0,1,0,0,1,1
372,5,sympy:70,0,5,0.4,1.3321790402101223,0.2,4,1,0.0,3939,0.15000000000000002,-0.05411532090976823,0.2,1,1,4,1,0.6666666666666666,0,0,0,1,0
372,6,sympy:70,0,6,0.3333333333333333,1.5607104090414063,0.16666666666666666,5,2,0.0,4545,-0.06666666666666671,0.228531368831284,-0.033333333333333354,0,1,4,1,0.3333333333333333,0,0,0,1,0
372,7,sympy:70,0,7,0.2857142857142857,1.7478680974667573,0.14285714285714285,6,3,0.0,5156,-0.047619047619047616,0.18715768842535097,-0.023809523809523808,0,1,4,1,0.3333333333333333,0,0,0,1,0
372,8,sympy:70,0,8,0.25,1.732867951399863,0.0,6,4,0.0,5621,-0.0357142857142857,-0.01500014606689426,-0.14285714285714285,0,1,4,0,0.0,0,0,0,1,0
372,9,sympy:50,0,9,0.2222222222222222,1.7351264569629226,0.0,6,1,0.0,6202,-0.02777777777777779,0.0022585055630595097,0.0,1,2,4,0,0.3333333333333333,1,0,0,1,1
372,10,sympy:40,0,10,0.3,1.6957425341696346,0.1,6,1,0.0,6630,0.07777777777777778,-0.03938392279328795,0.1,1,3,4,1,0.6666666666666666,1,0,0,1,1
372,11,sympy:40,0,11,0.2727272727272727,1.7201934592198251,0.09090909090909091,6,2,0.0,7185,-0.027272727272727282,0.02445092505019053,-0.009090909090909094,0,3,4,1,0.3333333333333333,1,0,0,1,1
372,12,sympy:70,0,12,0.25,1.704551445267297,0.0,6,1,0.0,7827,-0.022727272727272707,-0.015642013952528178,-0.09090909090909091,1,4,4,0,0.3333333333333333,0,0,0,1,0
372,13,sympy:70,0,13,0.3076923076923077,1.6715952780212544,0.07692307692307693,6,2,0.0,8349,0.05769230769230771,-0.032956167246042556,0.07692307692307693,0,4,4,1,0.6666666666666666,0,0,0,1,0
372,14,sympy:70,0,14,0.2857142857142857,1.6731183626432506,0.07142857142857142,6,3,0.0,8801,-0.02197802197802201,0.0015230846219962402,-0.005494505494505503,0,4,4,1,0.6666666666666666,0,0,0,1,0
372,15,sympy:70,0,15,0.26666666666666666,1.8065071652616693,0.06666666666666667,7,4,0.0,9096,-0.019047619047619035,0.13338880261841868,-0.004761904761904759,0,4,4,1,0.3333333333333333,0,0,0,1,0
372,16,sympy:70,0,16,0.25,1.7868083399845722,0.0,7,5,0.0,9493,-0.016666666666666663,-0.0196988252770971,-0.06666666666666667,0,4,5,0,0.0,0,0,0,1,0
373,1,sympy:2*i + 1,1,1,1.0,-0.0,1.0,1,1,0.0,359,0.0,0.0,0.0,0,0,1,1,1.0,0,0,0,1,0
373,2,sympy:2*i + 1,1,2,1.0,-0.0,1.0,1,2,0.0,779,0.0,0.0,0.0,0,0,2,2,1.0,0,0,0,1,0
373,3,sympy:2*i + 1,1,3,1.0,-0.0,1.0,1,3,0.0,1241,0.0,0.0,0.0,0,0,3,3,1.0,0,0,0,1,0
373,4,sympy:2*i + 1,1,4,1.0,-0.0,1.0,1,4,0.0,1709,0.0,0.0,0.0,0,0,4,4,1.0,0,0,0,1,0
373,5,sympy:2*i + 1,1,5,1.0,-0.0,1.0,1,5,0.0,2126,0.0,0.0,0.0,0,0,5,5,1.0,0,0,0,1,0
373,6,sympy:2*i + 1,1,6,1.0,-0.0,1.0,1,6,0.0,2538,0.0,0.0,0.0,0,0,6,6,1.0,0,0,0,1,0
373,7,sympy:2*i + 1,1,7,1.0,-0.0,1.0,1,7,0.0,3017,0.0,0.0,0.0,0,0,7,7,1.0,0,0,0,1,0
373,8,sympy:2*i + 1,1,8,1.0,-0.0,1.0,1,8,0.0,3535,0.0,0.0,0.0,0,0,8,8,1.0,0,0,0,1,0
373,9,sympy:2*i + 1,1,9,1.0,-0.0,1.0,1,9,0.0,3951,0.0,0.0,0.0,0,0,9,9,1.0,0,0,0,1,0
373,10,sympy:2*i + 1,1,10,1.0,-0.0,1.0,1,10,0.0,4357,0.0,0.0,0.0,0,0,10,10,1.0,0,0,0,1,0
373,11,sympy:2*i + 1,1,11,1.0,-0.0,1.0,1,11,0.0,4784,0.0,0.0,0.0,0,0,11,11,1.0,0,0,0,1,0
373,12,sympy:2*i + 1,1,12,1.0,-0.0,1.0,1,12,0.0,5208,0.0,0.0,0.0,0,0,12,12,1.0,0,0,0,1,0
373,13,sympy:2*i + 1,1,13,1.0,-0.0,1.0,1,13,0.0,5645,0.0,0.0,0.0,0,0,13,13,1.0,0,0,0,1,0
373,14,sympy:2*i + 1,1,14,1.0,-0.0,1.0,1,14,0.0,6059,0.0,0.0,0.0,0,0,14,14,1.0,0,0,0,1,0
373,15,sympy:2*i + 1,1,15,1.0,-0.0,1.0,1,15,0.0,6491,0.0,0.0,0.0,0,0,15,15,1.0,0,0,0,1,0
373,16,sympy:2*i + 1,1,16,1.0,-0.0,1.0,1,16,0.0,6947,0.0,0.0,0.0,0,0,16,16,1.0,0,0,0,1,0
374,1,sympy:4,1,1,1.0,-0.0,1.0,1,1,0.0,280,0.0,0.0,0.0,0,0,1,1,1.0,0,0,0,1,0
374,2,sympy:4,1,2,1.0,-0.0,1.0,1,2,0.0,559,0.0,0.0,0.0,0,0,2,2,1.0,0,0,0,1,0
374,3,sympy:4,1,3,1.0,-0.0,1.0,1,3,0.0,810,0.0,0.0,0.0,0,0,3,3,1.0,0,0,0,1,0
374,4,sympy:4,1,4,1.0,-0.0,1.0,1,4,0.0,1063,0.0,0.0,0.0,0,0,4,4,1.0,0,0,0,1,0
374,5,sympy:4,1,5,1.0,-0.0,1.0,1,5,0.0,1319,0.0,0.0,0.0,0,0,5,5,1.0,0,0,0,1,0
374,6,sympy:4,1,6,1.0,-0.0,1.0,1,6,0.0,1608,0.0,0.0,0.0,0,0,6,6,1.0,0,0,0,1,0
374,7,sympy:4,1,7,1.0,-0.0,1.0,1,7,0.0,1889,0.0,0.0,0.0,0,0,7,7,1.0,0,0,0,1,0
374,8,sympy:4,1,8,1.0,-0.0,1.0,1,8,0.0,2142,0.0,0.0,0.0,0,0,8,8,1.0,0,0,0,1,0
374,9,sympy:4,1,9,1.0,-0.0,1.0,1,9,0.0,2412,0.0,0.0,0.0,0,0,9,9,1.0,0,0,0,1,0
374,10,sympy:4,1,10,1.0,-0.0,1.0,1,10,0.0,2702,0.0,0.0,0.0,0,0,10,10,1.0,0,0,0,1,0
374,11,sympy:4,1,11,1.0,-0.0,1.0,1,11,0.0,2951,0.0,0.0,0.0,0,0,11,11,1.0,0,0,0,1,0
374,12,sympy:4,1,12,1.0,-0.0,1.0,1,12,0.0,3213,0.0,0.0,0.0,0,0,12,12,1.0,0,0,0,1,0
374,13,sympy:4,1,13,1.0,-0.0,1.0,1,13,0.0,3499,0.0,0.0,0.0,0,0,13,13,1.0,0,0,0,1,0
374,14,sympy:4,1,14,1.0,-0.0,1.0,1,14,0.0,3839,0.0,0.0,0.0,0,0,14,14,1.0,0,0,0,1,0
374,15,sympy:4,1,15,1.0,-0.0,1.0,1,15,0.0,4113,0.0,0.0,0.0,0,0,15,15,1.0,0,0,0,1,0
374,16,sympy:4,1,16,1.0,-0.0,1.0,1,16,0.0,4382,0.0,0.0,0.0,0,0,16,16,1.0,0,0,0,1,0
375,1,sympy:25,1,1,1.0,-0.0,1.0,1,1,0.0,472,0.0,0.0,0.0,0,0,1,1,1.0,0,0,0,1,0
375,2,sympy:25,1,2,1.0,-0.0,1.0,1,2,0.0,970,0.0,0.0,0.0,0,0,2,2,1.0,0,0,0,1,0
375,3,sympy:25,1,3,1.0,-0.0,1.0,1,3,0.0,1518,0.0,0.0,0.0,0,0,3,3,1.0,0,0,0,1,0
375,4,sympy:25,1,4,1.0,-0.0,1.0,1,4,0.0,1952,0.0,0.0,0.0,0,0,4,4,1.0,0,0,0,1,0
375,5,sympy:25,1,5,1.0,-0.0,1.0,1,5,0.0,2397,0.0,0.0,0.0,0,0,5,5,1.0,0,0,0,1,0
375,6,sympy:25,1,6,1.0,-0.0,1.0,1,6,0.0,3102,0.0,0.0,0.0,0,0,6,6,1.0,0,0,0,1,0
375,7,sympy:25,1,7,1.0,-0.0,1.0,1,7,0.0,3714,0.0,0.0,0.0,0,0,7,7,1.0,0,0,0,1,0
375,8,sympy:25,1,8,1.0,-0.0,1.0,1,8,0.0,4164,0.0,0.0,0.0,0,0,8,8,1.0,0,0,0,1,0
375,9,sympy:25,1,9,0.8888888888888888,0.34883209584303193,0.7777777777777778,2,9,0.0,4710,-0.11111111111111116,0.34883209584303193,-0.2222222222222222,0,0,9,7,0.6666666666666666,0,0,0,1,0
375,10,sympy:25,1,10,0.9,0.3250829733914482,0.8,2,10,0.0,5183,0.011111111111111183,-0.023749122451583726,0.022222222222222254,0,0,10,8,0.6666666666666666,0,0,0,1,0
375,11,sympy:25,1,11,0.9090909090909091,0.30463609734923813,0.8181818181818182,2,11,0.0,5810,0.009090909090909038,-0.02044687604221007,0.018181818181818188,0,0,11,9,0.6666666666666666,0,0,0,1,0
375,12,sympy:25,1,12,0.9166666666666666,0.2868359830561607,0.8333333333333334,2,12,0.0,6260,0.007575757575757569,-0.01780011429307743,0.015151515151515138,0,0,12,10,1.0,0,0,0,1,0
375,13,sympy:25,1,13,0.9230769230769231,0.2711893730418441,0.8461538461538461,2,13,0.0,6858,0.0064102564102564985,-0.01564661001431661,0.012820512820512775,0,0,13,11,1.0,0,0,0,1,0
375,14,sympy:25,1,14,0.9285714285714286,0.25731864054383163,0.8571428571428571,2,14,0.0,7440,0.005494505494505475,-0.013870732498012461,0.01098901098901095,0,0,14,12,1.0,0,0,0,1,0
375,15,sympy:25,1,15,0.9333333333333333,0.24493002679463532,0.8666666666666667,2,15,0.0,8012,0.004761904761904745,-0.012388613749196309,0.009523809523809601,0,0,15,13,1.0,0,0,0,1,0
375,16,sympy:25,1,16,0.9375,0.2337916587064593,0.875,2,16,0.0,8445,0.004166666666666652,-0.011138368088176032,0.008333333333333304,0,0,16,14,1.0,0,0,0,1,0
376,1,,0,0,,,,0,0,1.0,1024,0.0,0.0,0.0,0,0,0,0,0.0,1,1,0,0,1
376,2,"sympy:(8, -2)",1,1,1.0,-0.0,1.0,1,1,0.5,2008,1.0,-0.0,1.0,0,0,1,1,1.0,0,0,0,1,0
376,3,"sympy:(8, -2)",1,2,1.0,-0.0,1.0,1,2,0.3333333333333333,2645,0.0,0.0,0.0,0,0,2,2,1.0,0,0,0,1,0
376,4,"sympy:(8, -2)",1,2,1.0,-0.0,1.0,1,3,0.5,3669,0.0,0.0,0.0,0,0,3,2,1.0,0,0,0,1,0
376,5,"sympy:(8, -2)",1,3,1.0,-0.0,1.0,1,4,0.4,4245,0.0,0.0,0.0,0,0,4,3,1.0,0,0,0,1,0
376,6,"sympy:(8, -2)",1,4,1.0,-0.0,1.0,1,5,0.3333333333333333,5110,0.0,0.0,0.0,0,0,5,4,1.0,0,0,0,1,0
376,7,"sympy:(8, -2)",1,5,1.0,-0.0,1.0,1,6,0.2857142857142857,6126,0.0,0.0,0.0,0,0,6,5,1.0,0,0,0,1,0
376,8,"sympy:(8, -2)",1,6,1.0,-0.0,1.0,1,7,0.25,6837,0.0,0.0,0.0,0,0,7,6,1.0,0,0,0,1,0
376,9,"sympy:(8, -2)",1,7,0.8571428571428571,0.410116318288409,0.7142857142857143,2,8,0.2222222222222222,7852,-0.1428571428571429,0.410116318288409,-0.2857142857142857,0,0,8,5,0.6666666666666666,0,0,0,1,0
376,10,"sympy:(8, -2)",1,8,0.875,0.37677016125643675,0.75,2,9,0.2,8657,0.017857142857142905,-0.033346157031972246,0.0357142857142857,0,0,9,6,0.6666666666666666,0,0,0,1,0
376,11,"sympy:(8, -2)",1,9,0.8888888888888888,0.34883209584303193,0.7777777777777778,2,10,0.18181818181818182,9583,0.01388888888888884,-0.027938065413404822,0.02777777777777779,0,0,10,7,0.6666666666666666,0,0,0,1,0
376,12,"sympy:(8, -2)",1,10,0.9,0.3250829733914482,0.8,2,11,0.16666666666666666,10373,0.011111111111111183,-0.023749122451583726,0.022222222222222254,0,0,11,8,1.0,0,0,0,1,0
376,13,"sympy:(8, -2)",1,11,0.9090909090909091,0.30463609734923813,0.8181818181818182,2,12,0.15384615384615385,11376,0.009090909090909038,-0.02044687604221007,0.018181818181818188,0,0,12,9,1.0,0,0,0,1,0
376,14,"sympy:(8, -2)",1,12,0.9166666666666666,0.2868359830561607,0.8333333333333334,2,13,0.14285714285714285,12367,0.007575757575757569,-0.01780011429307743,0.015151515151515138,0,0,13,10,1.0,0,0,0,1,0
376,15,"sympy:(8, -2)",1,13,0.9230769230769231,0.2711893730418441,0.8461538461538461,2,14,0.13333333333333333,13073,0.0064102564102564985,-0.01564661001431661,0.012820512820512775,0,0,14,11,1.0,0,0,0,1,0
376,16,"sympy:(8, -2)",1,14,0.9285714285714286,0.25731864054383163,0.8571428571428571,2,15,0.125,13663,0.005494505494505475,-0.013870732498012461,0.01098901098901095,0,0,15,12,1.0,0,0,0,1,0
377,1,sympy:6,1,1,1.0,-0.0,1.0,1,1,0.0,384,0.0,0.0,0.0,0,0,1,1,1.0,0,0,0,1,0
377,2,sympy:6,1,2,1.0,-0.0,1.0,1,2,0.0,905,0.0,0.0,0.0,0,0,2,2,1.0,0,0,0,1,0
377,3,sympy:6,1,3,1.0,-0.0,1.0,1,3,0.0,1258,0.0,0.0,0.0,0,0,3,3,1.0,0,0,0,1,0
377,4,sympy:6,1,4,1.0,-0.0,1.0,1,4,0.0,1859,0.0,0.0,0.0,0,0,4,4,1.0,0,0,0,1,0
377,5,sympy:6,1,5,1.0,-0.0,1.0,1,5,0.0,2260,0.0,0.0,0.0,0,0,5,5,1.0,0,0,0,1,0
377,6,sympy:6,1,6,1.0,-0.0,1.0,1,6,0.0,2819,0.0,0.0,0.0,0,0,6,6,1.0,0,0,0,1,0
377,7,sympy:6,1,7,1.0,-0.0,1.0,1,7,0.0,3230,0.0,0.0,0.0,0,0,7,7,1.0,0,0,0,1,0
377,8,sympy:6,1,8,1.0,-0.0,1.0,1,8,0.0,3664,0.0,0.0,0.0,0,0,8,8,1.0,0,0,0,1,0
377,9,sympy:6,1,9,1.0,-0.0,1.0,1,9,0.0,4112,0.0,0.0,0.0,0,0,9,9,1.0,0,0,0,1,0
377,10,sympy:6,1,10,0.9,0.3250829733914482,0.8,2,10,0.0,4406,-0.09999999999999998,0.3250829733914482,-0.19999999999999996,0,0,10,8,0.6666666666666666,0,0,0,1,0
377,11,sympy:6,1,11,0.9090909090909091,0.30463609734923813,0.8181818181818182,2,11,0.0,4857,0.009090909090909038,-0.02044687604221007,0.018181818181818188,0,0,11,9,0.6666666666666666,0,0,0,1,0
377,12,sympy:6,1,12,0.8333333333333334,0.45056120886630463,0.6666666666666666,2,12,0.0,5139,-0.07575757575757569,0.1459251115170665,-0.1515151515151516,0,0,12,8,0.3333333333333333,0,0,0,1,0
377,13,sympy:6,1,13,0.8461538461538461,0.4293230219306162,0.6923076923076923,2,13,0.0,5582,0.012820512820512775,-0.021238186935688408,0.02564102564102566,0,0,13,9,0.6666666666666666,0,0,0,1,0
377,14,sympy:6,1,14,0.8571428571428571,0.410116318288409,0.7142857142857143,2,14,0.0,6157,0.01098901098901095,-0.019206703642207223,0.02197802197802201,0,0,14,10,0.6666666666666666,0,0,0,1,0
377,15,sympy:6,1,15,0.8666666666666667,0.39267446722755217,0.7333333333333333,2,15,0.0,6679,0.009523809523809601,-0.017441851060856828,0.01904761904761898,0,0,15,11,1.0,0,0,0,1,0
377,16,sympy:6,1,16,0.875,0.37677016125643675,0.75,2,16,0.0,7211,0.008333333333333304,-0.015904305971115418,0.01666666666666672,0,0,16,12,1.0,0,0,0,1,0
378,1,sympy:3,1,1,1.0,-0.0,1.0,1,1,0.0,606,0.0,0.0,0.0,0,0,1,1,1.0,0,0,0,1,0
378,2,sympy:3,1,2,0.5,0.6931471805599453,0.0,2,2,0.0,1186,-0.5,0.6931471805599453,-1.0,0,0,2,0,0.5,0,0,0,1,0
378,3,sympy:3,1,3,0.6666666666666666,0.6365141682948128,0.3333333333333333,2,3,0.0,1818,0.16666666666666663,-0.05663301226513251,0.3333333333333333,0,0,3,1,0.6666666666666666,0,0,0,1,0
378,4,sympy:3,1,4,0.75,0.5623351446188083,0.5,2,4,0.0,2424,0.08333333333333337,-0.07417902367600449,0.16666666666666669,0,0,4,2,0.6666666666666666,0,0,0,1,0
378,5,sympy:3,1,5,0.8,0.5004024235381879,0.6,2,5,0.0,3096,0.050000000000000044,-0.06193272108062042,0.09999999999999998,0,0,5,3,1.0,0,0,0,1,0
378,6,sympy:3,1,5,0.8,0.5004024235381879,0.6,2,6,0.16666666666666666,3573,0.0,0.0,0.0,0,0,6,3,1.0,0,0,0,1,0
378,7,sympy:3,1,6,0.8333333333333334,0.45056120886630463,0.6666666666666666,2,7,0.14285714285714285,4193,0.033333333333333326,-0.04984121467188324,0.06666666666666665,0,0,7,4,1.0,0,0,0,1,0
378,8,sympy:3,1,7,0.8571428571428571,0.410116318288409,0.7142857142857143,2,8,0.125,4791,0.023809523809523725,-0.04044489057789563,0.04761904761904767,0,0,8,5,1.0,0,0,0,1,0
378,9,sympy:3,1,8,0.875,0.37677016125643675,0.75,2,9,0.1111111111111111,5269,0.017857142857142905,-0.033346157031972246,0.0357142857142857,0,0,9,6,1.0,0,0,0,1,0
378,10,sympy:3,1,9,0.8888888888888888,0.34883209584303193,0.7777777777777778,2,10,0.1,5688,0.01388888888888884,-0.027938065413404822,0.02777777777777779,0,0,10,7,1.0,0,0,0,1,0
378,11,sympy:3,1,10,0.8,0.5004024235381879,0.6,2,11,0.09090909090909091,6712,-0.0888888888888888,0.15157032769515594,-0.1777777777777778,0,0,11,6,0.6666666666666666,0,0,0,1,0
378,12,sympy:3,1,11,0.8181818181818182,0.47413931305783735,0.6363636363636364,2,12,0.08333333333333333,7351,0.018181818181818188,-0.026263110480350516,0.036363636363636376,0,0,12,7,0.6666666666666666,0,0,0,1,0
378,13,sympy:3,1,12,0.8333333333333334,0.45056120886630463,0.6666666666666666,2,13,0.07692307692307693,7830,0.015151515151515138,-0.023578104191532723,0.030303030303030276,0,0,13,8,0.6666666666666666,0,0,0,1,0
378,14,sympy:3,1,13,0.7692307692307693,0.5402041423888608,0.5384615384615384,2,14,0.07142857142857142,8379,-0.0641025641025641,0.0896429335225562,-0.1282051282051282,0,0,14,7,0.6666666666666666,0,0,0,1,0
378,15,sympy:3,1,14,0.7857142857142857,0.5195798391305154,0.5714285714285714,2,15,0.06666666666666667,8869,0.016483516483516425,-0.02062430325834541,0.03296703296703296,0,0,15,8,0.6666666666666666,0,0,0,1,0
378,16,sympy:3,1,15,0.7333333333333333,0.5799151714181009,0.4666666666666667,2,16,0.0625,9604,-0.05238095238095242,0.060335332287585475,-0.10476190476190472,0,0,16,7,0.3333333333333333,0,0,0,1,0
379,1,sympy:12,1,1,1.0,-0.0,1.0,1,1,0.0,699,0.0,0.0,0.0,0,0,1,1,1.0,0,0,0,1,0
379,2,sympy:12,1,2,1.0,-0.0,1.0,1,2,0.0,1443,0.0,0.0,0.0,0,0,2,2,1.0,0,0,0,1,0
379,3,sympy:12,1,3,1.0,-0.0,1.0,1,3,0.0,2292,0.0,0.0,0.0,0,0,3,3,1.0,0,0,0,1,0
379,4,sympy:12,1,4,1.0,-0.0,1.0,1,4,0.0,3094,0.0,0.0,0.0,0,0,4,4,1.0,0,0,0,1,0
379,5,sympy:12,1,5,1.0,-0.0,1.0,1,5,0.0,3779,0.0,0.0,0.0,0,0,5,5,1.0,0,0,0,1,0
379,6,sympy:12,1,6,0.8333333333333334,0.45056120886630463,0.6666666666666666,2,6,0.0,4639,-0.16666666666666663,0.45056120886630463,-0.33333333333333337,0,0,6,4,0.6666666666666666,0,0,0,1,0
379,7,sympy:12,1,6,0.8333333333333334,0.45056120886630463,0.6666666666666666,2,7,0.14285714285714285,5663,0.0,0.0,0.0,0,0,7,4,0.5,0,0,0,1,0
379,8,sympy:12,1,7,0.7142857142857143,0.796311640173813,0.5714285714285714,3,8,0.125,6329,-0.11904761904761907,0.3457504313075083,-0.09523809523809523,0,0,8,4,0.0,0,0,0,1,0
379,9,sympy:12,1,8,0.75,0.7356219397587946,0.625,3,9,0.1111111111111111,7000,0.0357142857142857,-0.06068970041501831,0.0535714285714286,0,0,9,5,0.5,0,0,0,1,0
379,10,sympy:12,1,9,0.6666666666666666,1.0027182645175161,0.5555555555555556,4,10,0.1,7741,-0.08333333333333337,0.26709632475872147,-0.06944444444444442,0,0,10,5,0.3333333333333333,0,0,0,1,0
379,11,sympy:12,1,10,0.6,1.0888999753452238,0.4,4,11,0.09090909090909091,8397,-0.06666666666666665,0.08618171082770765,-0.15555555555555556,0,0,11,4,0.3333333333333333,0,0,0,1,0
379,12,sympy:12,1,11,0.5454545454545454,1.1209503926735833,0.2727272727272727,4,12,0.08333333333333333,9141,-0.054545454545454564,0.03205041732835956,-0.12727272727272732,0,0,12,3,0.0,0,0,0,1,0
379,13,sympy:12,1,12,0.5,1.1269287948006759,0.16666666666666666,4,13,0.07692307692307693,9929,-0.045454545454545414,0.0059784021270925525,-0.10606060606060605,0,0,13,2,0.0,0,0,0,1,0
379,14,sympy:12,1,13,0.5384615384615384,1.0905994737794789,0.23076923076923078,4,14,0.07142857142857142,10953,0.038461538461538436,-0.036329321021197014,0.06410256410256412,0,0,14,3,0.3333333333333333,0,0,0,1,0
379,15,sympy:12,1,14,0.5714285714285714,1.0547209169068124,0.2857142857142857,4,15,0.06666666666666667,11612,0.03296703296703296,-0.0358785568726665,0.054945054945054916,0,0,15,4,0.6666666666666666,0,0,0,1,0
379,16,sympy:12,1,15,0.6,1.020036958401841,0.3333333333333333,4,16,0.0625,12449,0.02857142857142858,-0.03468395850497141,0.047619047619047616,0,0,16,5,1.0,0,0,0,1,0
380,1,"sympy:Interval.open(0, 36)",0,1,1.0,-0.0,1.0,1,1,0.0,692,0.0,0.0,0.0,0,0,1,1,1.0,1,1,0,0,1
380,2,"sympy:Interval.open(0, 36)",0,2,1.0,-0.0,1.0,1,2,0.0,1277,0.0,0.0,0.0,0,0,2,2,1.0,1,1,0,0,1
380,3,"sympy:Interval.open(0, 36)",0,3,0.6666666666666666,0.6365141682948128,0.3333333333333333,2,3,0.0,2227,-0.33333333333333337,0.6365141682948128,-0.6666666666666667,0,0,3,1,0.6666666666666666,1,1,0,0,1
380,4,"sympy:Interval.open(0, 36)",0,4,0.5,0.6931471805599453,0.0,2,4,0.0,3201,-0.16666666666666663,0.05663301226513251,-0.3333333333333333,0,0,4,0,0.3333333333333333,1,1,0,0,1
380,5,"sympy:Interval.open(0, 36)",0,5,0.4,1.0549201679861442,0.0,3,5,0.0,4011,-0.09999999999999998,0.3617729874261989,0.0,0,0,5,0,0.0,1,1,0,0,1
380,6,"sympy:Interval.open(0, 36)",0,6,0.3333333333333333,1.3296613488547582,0.0,4,6,0.0,4920,-0.06666666666666671,0.274741180868614,0.0,0,0,6,0,0.0,1,1,0,0,1
380,7,"sympy:Union(Interval.open(0, 9), Interval.open(9, 36))",1,7,0.42857142857142855,1.277034259466139,0.14285714285714285,4,1,0.0,5851,0.09523809523809523,-0.05262708938861915,0.14285714285714285,1,1,6,1,0.3333333333333333,0,0,0,1,0
380,8,"sympy:Union(Interval.open(0, 9), Interval.open(9, 36))",1,8,0.5,1.2130075659799042,0.25,4,2,0.0,6321,0.07142857142857145,-0.0640266934862348,0.10714285714285715,0,1,6,2,0.6666666666666666,0,0,0,1,0
380,9,"sympy:Union(Interval.open(0, 9), Interval.open(9, 36))",1,9,0.4444444444444444,1.2148896539491203,0.1111111111111111,4,3,0.0,7014,-0.05555555555555558,0.001882087969216073,-0.1388888888888889,0,1,6,1,0.6666666666666666,0,0,0,1,0
380,10,"sympy:Union(Interval.open(0, 9), Interval.open(9, 36))",1,10,0.5,1.1682824501765625,0.2,4,4,0.0,7432,0.05555555555555558,-0.04660720377255778,0.0888888888888889,0,1,6,2,0.6666666666666666,0,0,0,1,0
380,11,"sympy:Union(Interval.open(0, 9), Interval.open(9, 36))",1,10,0.5,1.1682824501765625,0.2,4,5,0.09090909090909091,8456,0.0,0.0,0.0,0,1,6,2,0.5,0,0,0,1,0
380,12,"sympy:Union(Interval.open(0, 9), Interval.open(9, 36))",1,11,0.45454545454545453,1.3667110520552042,0.18181818181818182,5,6,0.08333333333333333,9467,-0.04545454545454547,0.19842860187864164,-0.018181818181818188,0,1,6,2,0.5,0,0,0,1,0
380,13,"sympy:Union(Interval.open(0, 9), Interval.open(9, 36))",1,11,0.45454545454545453,1.3667110520552042,0.18181818181818182,5,7,0.15384615384615385,10491,0.0,0.0,0.0,0,1,7,2,0.0,0,0,0,1,0
380,14,"sympy:Union(Interval.open(0, 9), Interval.open(9, 36))",1,12,0.5,1.3143738430069454,0.25,5,8,0.14285714285714285,10926,0.04545454545454547,-0.05233720904825878,0.06818181818181818,0,1,8,3,0.5,0,0,0,1,0
380,15,"sympy:Union(Interval.open(0, 9), Interval.open(9, 36))",1,13,0.46153846153846156,1.484457535817486,0.23076923076923078,6,9,0.13333333333333333,11599,-0.038461538461538436,0.1700836928105407,-0.019230769230769218,0,1,9,3,0.5,0,0,0,1,0
380,16,"sympy:Union(Interval.open(0, 9), Interval.open(9, 36))",1,13,0.46153846153846156,1.484457535817486,0.23076923076923078,6,10,0.1875,12623,0.0,0.0,0.0,0,1,10,3,0.5,0,0,0,1,0
381,1,sympy:1/18,0,1,1.0,-0.0,1.0,1,1,0.0,1024,0.0,0.0,0.0,0,0,1,1,1.0,0,0,0,1,0
381,2,sympy:1/18,0,2,0.5,0.6931471805599453,0.0,2,2,0.0,2048,-0.5,0.6931471805599453,-1.0,0,0,2,0,0.5,0,0,0,1,0
381,3,sympy:1/18,0,3,0.6666666666666666,0.6365141682948128,0.3333333333333333,2,3,0.0,2950,0.16666666666666663,-0.05663301226513251,0.3333333333333333,0,0,3,1,0.6666666666666666,0,0,0,1,0
381,4,sympy:1/18,0,4,0.5,1.0397207708399179,0.25,3,4,0.0,3974,-0.16666666666666663,0.4032066025451051,-0.08333333333333331,0,0,4,1,0.3333333333333333,0,0,0,1,0
381,5,sympy:1/18,0,4,0.5,1.0397207708399179,0.25,3,5,0.2,4998,0.0,0.0,0.0,0,0,5,1,0.5,0,0,0,1,0
381,6,sympy:1/18,0,5,0.6,0.9502705392332347,0.4,3,6,0.16666666666666666,5699,0.09999999999999998,-0.0894502316066832,0.15000000000000002,0,0,6,2,0.5,0,0,0,1,0
381,7,sympy:1/18,0,6,0.5,1.242453324894,0.3333333333333333,4,7,0.14285714285714285,6555,-0.09999999999999998,0.2921827856607653,-0.06666666666666671,0,0,7,2,0.5,0,0,0,1,0
381,8,sympy:1/18,0,7,0.42857142857142855,1.4750763110546947,0.2857142857142857,5,8,0.125,7408,-0.07142857142857145,0.23262298616069477,-0.047619047619047616,0,0,8,2,0.3333333333333333,0,0,0,1,0
381,9,sympy:1/18,0,8,0.375,1.4941751382893083,0.125,5,9,0.1111111111111111,8197,-0.05357142857142855,0.019098827234613536,-0.1607142857142857,0,0,9,1,0.0,0,0,0,1,0
381,10,sympy:1/18,0,9,0.3333333333333333,1.6769877743224173,0.1111111111111111,6,10,0.1,9173,-0.041666666666666685,0.18281263603310904,-0.013888888888888895,0,0,10,1,0.0,0,0,0,1,0
381,11,sympy:1/18,0,10,0.3,1.6957425341696346,0.1,6,11,0.09090909090909091,10113,-0.033333333333333326,0.018754759847217306,-0.0111111111111111,0,0,11,1,0.0,0,0,0,1,0
381,12,sympy:1/18,0,11,0.36363636363636365,1.6417347121875212,0.18181818181818182,6,12,0.08333333333333333,10917,0.06363636363636366,-0.0540078219821134,0.08181818181818182,0,0,12,2,0.3333333333333333,0,0,0,1,0
381,13,sympy:1/18,0,12,0.3333333333333333,1.791759469228055,0.16666666666666666,7,13,0.07692307692307693,11803,-0.03030303030303033,0.15002475704053375,-0.015151515151515166,0,0,13,2,0.3333333333333333,0,0,0,1,0
381,14,sympy:1/18,0,13,0.3076923076923077,1.818483163012365,0.15384615384615385,7,14,0.07142857142857142,12827,-0.025641025641025605,0.026723693784310054,-0.012820512820512803,0,0,14,2,0.3333333333333333,0,0,0,1,0
381,15,sympy:1/18,0,13,0.3076923076923077,1.818483163012365,0.15384615384615385,7,15,0.13333333333333333,13851,0.0,0.0,0.0,0,0,15,2,0.0,0,0,0,1,0
381,16,sympy:1/18,0,14,0.2857142857142857,1.8468891232610354,0.14285714285714285,7,16,0.125,14815,-0.02197802197802201,0.02840596024867037,-0.010989010989011005,0,0,16,2,0.0,0,0,0,1,0
382,1,sympy:20000/pi,1,1,1.0,-0.0,1.0,1,1,0.0,776,0.0,0.0,0.0,0,0,1,1,1.0,0,0,0,1,0
382,2,sympy:20000/pi,1,2,0.5,0.6931471805599453,0.0,2,2,0.0,1289,-0.5,0.6931471805599453,-1.0,0,0,2,0,0.5,0,0,0,1,0
382,3,sympy:20000/pi,1,3,0.6666666666666666,0.6365141682948128,0.3333333333333333,2,3,0.0,1823,0.16666666666666663,-0.05663301226513251,0.3333333333333333,0,0,3,1,0.6666666666666666,0,0,0,1,0
382,4,sympy:20000/pi,1,4,0.75,0.5623351446188083,0.5,2,4,0.0,2294,0.08333333333333337,-0.07417902367600449,0.16666666666666669,0,0,4,2,0.6666666666666666,0,0,0,1,0
382,5,sympy:20000/pi,1,5,0.8,0.5004024235381879,0.6,2,5,0.0,2818,0.050000000000000044,-0.06193272108062042,0.09999999999999998,0,0,5,3,1.0,0,0,0,1,0
382,6,sympy:20000/pi,1,6,0.8333333333333334,0.45056120886630463,0.6666666666666666,2,6,0.0,3364,0.033333333333333326,-0.04984121467188324,0.06666666666666665,0,0,6,4,1.0,0,0,0,1,0
382,7,sympy:20000/pi,1,7,0.8571428571428571,0.410116318288409,0.7142857142857143,2,7,0.0,4054,0.023809523809523725,-0.04044489057789563,0.04761904761904767,0,0,7,5,1.0,0,0,0,1,0
382,8,sympy:20000/pi,1,8,0.875,0.37677016125643675,0.75,2,8,0.0,4602,0.017857142857142905,-0.033346157031972246,0.0357142857142857,0,0,8,6,1.0,0,0,0,1,0
382,9,sympy:20000/pi,1,9,0.8888888888888888,0.34883209584303193,0.7777777777777778,2,9,0.0,5315,0.01388888888888884,-0.027938065413404822,0.02777777777777779,0,0,9,7,1.0,0,0,0,1,0
382,10,sympy:20000/pi,1,10,0.9,0.3250829733914482,0.8,2,10,0.0,5953,0.011111111111111183,-0.023749122451583726,0.022222222222222254,0,0,10,8,1.0,0,0,0,1,0
382,11,sympy:20000/pi,1,11,0.9090909090909091,0.30463609734923813,0.8181818181818182,2,11,0.0,6420,0.009090909090909038,-0.02044687604221007,0.018181818181818188,0,0,11,9,1.0,0,0,0,1,0
382,12,sympy:20000/pi,1,12,0.9166666666666666,0.2868359830561607,0.8333333333333334,2,12,0.0,7001,0.007575757575757569,-0.01780011429307743,0.015151515151515138,0,0,12,10,1.0,0,0,0,1,0
382,13,sympy:20000/pi,1,13,0.9230769230769231,0.2711893730418441,0.8461538461538461,2,13,0.0,7566,0.0064102564102564985,-0.01564661001431661,0.012820512820512775,0,0,13,11,1.0,0,0,0,1,0
382,14,sympy:20000/pi,1,14,0.9285714285714286,0.25731864054383163,0.8571428571428571,2,14,0.0,8092,0.005494505494505475,-0.013870732498012461,0.01098901098901095,0,0,14,12,1.0,0,0,0,1,0
382,15,sympy:20000/pi,1,15,0.9333333333333333,0.24493002679463532,0.8666666666666667,2,15,0.0,8780,0.004761904761904745,-0.012388613749196309,0.009523809523809601,0,0,15,13,1.0,0,0,0,1,0
382,16,sympy:20000/pi,1,16,0.9375,0.2337916587064593,0.875,2,16,0.0,9357,0.004166666666666652,-0.011138368088176032,0.008333333333333304,0,0,16,14,1.0,0,0,0,1,0
383,1,"sympy:Interval(-2, 7)",1,1,1.0,-0.0,1.0,1,1,0.0,651,0.0,0.0,0.0,0,0,1,1,1.0,0,0,0,1,0
383,2,"sympy:Interval(-2, 7)",1,2,1.0,-0.0,1.0,1,2,0.0,1454,0.0,0.0,0.0,0,0,2,2,1.0,0,0,0,1,0
383,3,"sympy:Interval(-2, 7)",1,3,1.0,-0.0,1.0,1,3,0.0,2114,0.0,0.0,0.0,0,0,3,3,1.0,0,0,0,1,0
383,4,"sympy:Interval(-2, 7)",1,4,1.0,-0.0,1.0,1,4,0.0,2959,0.0,0.0,0.0,0,0,4,4,1.0,0,0,0,1,0
383,5,"sympy:Interval(-2, 7)",1,5,1.0,-0.0,1.0,1,5,0.0,3680,0.0,0.0,0.0,0,0,5,5,1.0,0,0,0,1,0
383,6,"sympy:Interval(-2, 7)",1,6,1.0,-0.0,1.0,1,6,0.0,4341,0.0,0.0,0.0,0,0,6,6,1.0,0,0,0,1,0
383,7,"sympy:Interval(-2, 7)",1,7,1.0,-0.0,1.0,1,7,0.0,5058,0.0,0.0,0.0,0,0,7,7,1.0,0,0,0,1,0
383,8,"sympy:Interval(-2, 7)",1,8,1.0,-0.0,1.0,1,8,0.0,5791,0.0,0.0,0.0,0,0,8,8,1.0,0,0,0,1,0
383,9,"sympy:Interval(-2, 7)",1,9,1.0,-0.0,1.0,1,9,0.0,6480,0.0,0.0,0.0,0,0,9,9,1.0,0,0,0,1,0
383,10,"sympy:Interval(-2, 7)",1,10,1.0,-0.0,1.0,1,10,0.0,7176,0.0,0.0,0.0,0,0,10,10,1.0,0,0,0,1,0
383,11,"sympy:Interval(-2, 7)",1,11,1.0,-0.0,1.0,1,11,0.0,7826,0.0,0.0,0.0,0,0,11,11,1.0,0,0,0,1,0
383,12,"sympy:Interval(-2, 7)",1,12,1.0,-0.0,1.0,1,12,0.0,8361,0.0,0.0,0.0,0,0,12,12,1.0,0,0,0,1,0
383,13,"sympy:Interval(-2, 7)",1,13,1.0,-0.0,1.0,1,13,0.0,9104,0.0,0.0,0.0,0,0,13,13,1.0,0,0,0,1,0
383,14,"sympy:Interval(-2, 7)",1,14,1.0,-0.0,1.0,1,14,0.0,9767,0.0,0.0,0.0,0,0,14,14,1.0,0,0,0,1,0
383,15,"sympy:Interval(-2, 7)",1,15,1.0,-0.0,1.0,1,15,0.0,10602,0.0,0.0,0.0,0,0,15,15,1.0,0,0,0,1,0
383,16,"sympy:Interval(-2, 7)",1,16,1.0,-0.0,1.0,1,16,0.0,11266,0.0,0.0,0.0,0,0,16,16,1.0,0,0,0,1,0
384,1,sympy:15*x - 80,1,1,1.0,-0.0,1.0,1,1,0.0,176,0.0,0.0,0.0,0,0,1,1,1.0,0,0,0,1,0
384,2,sympy:15*x - 80,1,2,1.0,-0.0,1.0,1,2,0.0,370,0.0,0.0,0.0,0,0,2,2,1.0,0,0,0,1,0
384,3,sympy:15*x - 80,1,3,1.0,-0.0,1.0,1,3,0.0,543,0.0,0.0,0.0,0,0,3,3,1.0,0,0,0,1,0
384,4,sympy:15*x - 80,1,4,1.0,-0.0,1.0,1,4,0.0,742,0.0,0.0,0.0,0,0,4,4,1.0,0,0,0,1,0
384,5,sympy:15*x - 80,1,5,1.0,-0.0,1.0,1,5,0.0,924,0.0,0.0,0.0,0,0,5,5,1.0,0,0,0,1,0
384,6,sympy:15*x - 80,1,6,1.0,-0.0,1.0,1,6,0.0,1105,0.0,0.0,0.0,0,0,6,6,1.0,0,0,0,1,0
384,7,sympy:15*x - 80,1,7,1.0,-0.0,1.0,1,7,0.0,1279,0.0,0.0,0.0,0,0,7,7,1.0,0,0,0,1,0
384,8,sympy:15*x - 80,1,8,1.0,-0.0,1.0,1,8,0.0,1496,0.0,0.0,0.0,0,0,8,8,1.0,0,0,0,1,0
384,9,sympy:15*x - 80,1,9,1.0,-0.0,1.0,1,9,0.0,1654,0.0,0.0,0.0,0,0,9,9,1.0,0,0,0,1,0
384,10,sympy:15*x - 80,1,10,1.0,-0.0,1.0,1,10,0.0,1809,0.0,0.0,0.0,0,0,10,10,1.0,0,0,0,1,0
384,11,sympy:15*x - 80,1,11,1.0,-0.0,1.0,1,11,0.0,1972,0.0,0.0,0.0,0,0,11,11,1.0,0,0,0,1,0
384,12,sympy:15*x - 80,1,12,1.0,-0.0,1.0,1,12,0.0,2141,0.0,0.0,0.0,0,0,12,12,1.0,0,0,0,1,0
384,13,sympy:15*x - 80,1,13,1.0,-0.0,1.0,1,13,0.0,2301,0.0,0.0,0.0,0,0,13,13,1.0,0,0,0,1,0
384,14,sympy:15*x - 80,1,14,1.0,-0.0,1.0,1,14,0.0,2477,0.0,0.0,0.0,0,0,14,14,1.0,0,0,0,1,0
384,15,sympy:15*x - 80,1,15,1.0,-0.0,1.0,1,15,0.0,2639,0.0,0.0,0.0,0,0,15,15,1.0,0,0,0,1,0
384,16,sympy:15*x - 80,1,16,1.0,-0.0,1.0,1,16,0.0,2804,0.0,0.0,0.0,0,0,16,16,1.0,0,0,0,1,0
385,1,sympy:48,0,1,1.0,-0.0,1.0,1,1,0.0,1024,0.0,0.0,0.0,0,0,1,1,1.0,1,1,0,0,1
385,2,sympy:48,0,2,1.0,-0.0,1.0,1,2,0.0,1559,0.0,0.0,0.0,0,0,2,2,1.0,1,1,0,0,1
385,3,sympy:48,0,3,0.6666666666666666,0.6365141682948128,0.3333333333333333,2,3,0.0,1987,-0.33333333333333337,0.6365141682948128,-0.6666666666666667,0,0,3,1,0.6666666666666666,1,1,0,0,1
385,4,sympy:48,0,4,0.5,1.0397207708399179,0.25,3,4,0.0,3011,-0.16666666666666663,0.4032066025451051,-0.08333333333333331,0,0,4,1,0.3333333333333333,1,1,0,0,1
385,5,sympy:48,0,5,0.6,0.9502705392332347,0.4,3,5,0.0,3352,0.09999999999999998,-0.0894502316066832,0.15000000000000002,0,0,5,2,0.3333333333333333,1,1,0,0,1
385,6,sympy:48,0,6,0.5,1.0114042647073518,0.16666666666666666,3,6,0.0,3732,-0.09999999999999998,0.06113372547411711,-0.23333333333333336,0,0,6,1,0.3333333333333333,1,1,0,0,1
385,7,sympy:48,0,7,0.42857142857142855,1.0042424730540764,0.0,3,7,0.0,4150,-0.07142857142857145,-0.007161791653275351,-0.16666666666666666,0,0,7,0,0.3333333333333333,1,1,0,0,1
385,8,sympy:22,1,8,0.5,0.9743147528693494,0.125,3,1,0.0,4607,0.07142857142857145,-0.029927720184727002,0.125,1,1,7,1,1.0,0,0,0,1,0
385,9,sympy:22,1,9,0.5555555555555556,0.936888307539016,0.2222222222222222,3,2,0.0,4992,0.05555555555555558,-0.03742644533033346,0.09722222222222221,0,1,7,2,1.0,0,0,0,1,0
385,10,sympy:22,1,10,0.6,0.8979457248567798,0.3,3,3,0.0,5451,0.0444444444444444,-0.03894258268223616,0.07777777777777778,0,1,7,3,1.0,0,0,0,1,0
385,11,sympy:22,1,11,0.5454545454545454,0.9164648855394713,0.18181818181818182,3,4,0.0,6475,-0.054545454545454564,0.018519160682691438,-0.11818181818181817,0,1,7,2,0.6666666666666666,0,0,0,1,0
385,12,sympy:22,1,12,0.5,1.1269287948006759,0.16666666666666666,4,5,0.0,6833,-0.045454545454545414,0.21046390926120462,-0.015151515151515166,0,1,7,2,0.3333333333333333,0,0,0,1,0
385,13,sympy:22,1,13,0.5384615384615384,1.0905994737794789,0.23076923076923078,4,6,0.0,7252,0.038461538461538436,-0.036329321021197014,0.06410256410256412,0,1,7,3,0.3333333333333333,0,0,0,1,0
385,14,sympy:22,1,14,0.5714285714285714,1.0547209169068124,0.2857142857142857,4,7,0.0,8276,0.03296703296703296,-0.0358785568726665,0.054945054945054916,0,1,7,4,0.6666666666666666,0,0,0,1,0
385,15,sympy:22,1,15,0.6,1.020036958401841,0.3333333333333333,4,8,0.0,8724,0.02857142857142858,-0.03468395850497141,0.047619047619047616,0,1,8,5,1.0,0,0,0,1,0
385,16,sympy:22,1,16,0.625,0.9868994488385301,0.375,4,9,0.0,9059,0.025000000000000022,-0.03313750956331085,0.041666666666666685,0,1,9,6,1.0,0,0,0,1,0
386,1,sympy:11,1,1,1.0,-0.0,1.0,1,1,0.0,389,0.0,0.0,0.0,0,0,1,1,1.0,0,0,0,1,0
386,2,sympy:11,1,2,1.0,-0.0,1.0,1,2,0.0,734,0.0,0.0,0.0,0,0,2,2,1.0,0,0,0,1,0
386,3,sympy:11,1,3,1.0,-0.0,1.0,1,3,0.0,1026,0.0,0.0,0.0,0,0,3,3,1.0,0,0,0,1,0
386,4,sympy:11,1,4,1.0,-0.0,1.0,1,4,0.0,1442,0.0,0.0,0.0,0,0,4,4,1.0,0,0,0,1,0
386,5,sympy:11,1,5,1.0,-0.0,1.0,1,5,0.0,1817,0.0,0.0,0.0,0,0,5,5,1.0,0,0,0,1,0
386,6,sympy:11,1,6,1.0,-0.0,1.0,1,6,0.0,2150,0.0,0.0,0.0,0,0,6,6,1.0,0,0,0,1,0
386,7,sympy:11,1,7,1.0,-0.0,1.0,1,7,0.0,2422,0.0,0.0,0.0,0,0,7,7,1.0,0,0,0,1,0
386,8,sympy:11,1,8,1.0,-0.0,1.0,1,8,0.0,2802,0.0,0.0,0.0,0,0,8,8,1.0,0,0,0,1,0
386,9,sympy:11,1,9,1.0,-0.0,1.0,1,9,0.0,3091,0.0,0.0,0.0,0,0,9,9,1.0,0,0,0,1,0
386,10,sympy:11,1,10,1.0,-0.0,1.0,1,10,0.0,3413,0.0,0.0,0.0,0,0,10,10,1.0,0,0,0,1,0
386,11,sympy:11,1,11,1.0,-0.0,1.0,1,11,0.0,3727,0.0,0.0,0.0,0,0,11,11,1.0,0,0,0,1,0
386,12,sympy:11,1,12,1.0,-0.0,1.0,1,12,0.0,4110,0.0,0.0,0.0,0,0,12,12,1.0,0,0,0,1,0
386,13,sympy:11,1,13,1.0,-0.0,1.0,1,13,0.0,4457,0.0,0.0,0.0,0,0,13,13,1.0,0,0,0,1,0
386,14,sympy:11,1,14,1.0,-0.0,1.0,1,14,0.0,4827,0.0,0.0,0.0,0,0,14,14,1.0,0,0,0,1,0
386,15,sympy:11,1,15,1.0,-0.0,1.0,1,15,0.0,5304,0.0,0.0,0.0,0,0,15,15,1.0,0,0,0,1,0
386,16,sympy:11,1,16,1.0,-0.0,1.0,1,16,0.0,5750,0.0,0.0,0.0,0,0,16,16,1.0,0,0,0,1,0
387,1,sympy:18,1,1,1.0,-0.0,1.0,1,1,0.0,275,0.0,0.0,0.0,0,0,1,1,1.0,0,0,0,1,0
387,2,sympy:18,1,2,1.0,-0.0,1.0,1,2,0.0,672,0.0,0.0,0.0,0,0,2,2,1.0,0,0,0,1,0
387,3,sympy:18,1,3,1.0,-0.0,1.0,1,3,0.0,1045,0.0,0.0,0.0,0,0,3,3,1.0,0,0,0,1,0
387,4,sympy:18,1,4,1.0,-0.0,1.0,1,4,0.0,1321,0.0,0.0,0.0,0,0,4,4,1.0,0,0,0,1,0
387,5,sympy:18,1,5,1.0,-0.0,1.0,1,5,0.0,1605,0.0,0.0,0.0,0,0,5,5,1.0,0,0,0,1,0
387,6,sympy:18,1,6,1.0,-0.0,1.0,1,6,0.0,1957,0.0,0.0,0.0,0,0,6,6,1.0,0,0,0,1,0
387,7,sympy:18,1,7,1.0,-0.0,1.0,1,7,0.0,2363,0.0,0.0,0.0,0,0,7,7,1.0,0,0,0,1,0
387,8,sympy:18,1,8,1.0,-0.0,1.0,1,8,0.0,2608,0.0,0.0,0.0,0,0,8,8,1.0,0,0,0,1,0
387,9,sympy:18,1,9,1.0,-0.0,1.0,1,9,0.0,2878,0.0,0.0,0.0,0,0,9,9,1.0,0,0,0,1,0
387,10,sympy:18,1,10,1.0,-0.0,1.0,1,10,0.0,3127,0.0,0.0,0.0,0,0,10,10,1.0,0,0,0,1,0
387,11,sympy:18,1,11,1.0,-0.0,1.0,1,11,0.0,3451,0.0,0.0,0.0,0,0,11,11,1.0,0,0,0,1,0
387,12,sympy:18,1,12,1.0,-0.0,1.0,1,12,0.0,3853,0.0,0.0,0.0,0,0,12,12,1.0,0,0,0,1,0
387,13,sympy:18,1,13,1.0,-0.0,1.0,1,13,0.0,4100,0.0,0.0,0.0,0,0,13,13,1.0,0,0,0,1,0
387,14,sympy:18,1,14,1.0,-0.0,1.0,1,14,0.0,4506,0.0,0.0,0.0,0,0,14,14,1.0,0,0,0,1,0
387,15,sympy:18,1,15,1.0,-0.0,1.0,1,15,0.0,4783,0.0,0.0,0.0,0,0,15,15,1.0,0,0,0,1,0
387,16,sympy:18,1,16,1.0,-0.0,1.0,1,16,0.0,5055,0.0,0.0,0.0,0,0,16,16,1.0,0,0,0,1,0
388,1,sympy:5.50000000000000,1,1,1.0,-0.0,1.0,1,1,0.0,394,0.0,0.0,0.0,0,0,1,1,1.0,1,0,0,1,1
388,2,sympy:5.50000000000000,1,2,0.5,0.6931471805599453,0.0,2,2,0.0,857,-0.5,0.6931471805599453,-1.0,0,0,2,0,0.5,1,0,0,1,1
388,3,sympy:5.50000000000000,1,3,0.6666666666666666,0.6365141682948128,0.3333333333333333,2,3,0.0,1881,0.16666666666666663,-0.05663301226513251,0.3333333333333333,0,0,3,1,0.6666666666666666,1,0,0,1,1
388,4,sympy:5.50000000000000,1,4,0.5,0.6931471805599453,0.0,2,4,0.0,2905,-0.16666666666666663,0.05663301226513251,-0.3333333333333333,0,0,4,0,0.3333333333333333,1,0,0,1,1
388,5,sympy:5.50000000000000,1,5,0.6,0.6730116670092565,0.2,2,5,0.0,3298,0.09999999999999998,-0.020135513550688766,0.2,0,0,5,1,0.6666666666666666,1,0,0,1,1
388,6,sympy:5.50000000000000,1,6,0.5,0.6931471805599453,0.0,2,6,0.0,3723,-0.09999999999999998,0.020135513550688766,-0.2,0,0,6,0,0.3333333333333333,1,0,0,1,1
388,7,sympy:5.50000000000000,1,7,0.5714285714285714,0.6829081047004717,0.14285714285714285,2,7,0.0,4152,0.0714285714285714,-0.01023907585947359,0.14285714285714285,0,0,7,1,0.6666666666666666,1,0,0,1,1
388,8,sympy:5.50000000000000,1,8,0.5,0.6931471805599453,0.0,2,8,0.0,4623,-0.0714285714285714,0.01023907585947359,-0.14285714285714285,0,0,8,0,0.3333333333333333,1,0,0,1,1
388,9,sympy:11/2,1,9,0.5555555555555556,0.6869615765973234,0.1111111111111111,2,1,0.0,5076,0.05555555555555558,-0.006185603962621911,0.1111111111111111,1,1,8,1,0.6666666666666666,0,0,0,1,0
388,10,sympy:5.50000000000000,1,10,0.5,0.6931471805599453,0.0,2,1,0.0,6100,-0.05555555555555558,0.006185603962621911,-0.1111111111111111,1,2,8,0,0.3333333333333333,1,0,0,1,1
388,11,sympy:11/2,1,11,0.5454545454545454,0.6890092384766586,0.09090909090909091,2,1,0.0,6533,0.045454545454545414,-0.004137942083286661,0.09090909090909091,1,3,8,1,0.6666666666666666,0,0,0,1,0
388,12,sympy:11/2,1,12,0.5833333333333334,0.6791932659915256,0.16666666666666666,2,2,0.0,6934,0.037878787878787956,-0.009815972485132995,0.07575757575757575,0,3,8,2,0.6666666666666666,0,0,0,1,0
388,13,sympy:11/2,1,13,0.6153846153846154,0.666278442414676,0.23076923076923078,2,3,0.0,7376,0.03205128205128205,-0.012914823576849588,0.06410256410256412,0,3,8,3,1.0,0,0,0,1,0
388,14,sympy:11/2,1,14,0.6428571428571429,0.6517565611726531,0.2857142857142857,2,4,0.0,7724,0.027472527472527486,-0.014521881242022916,0.054945054945054916,0,3,8,4,1.0,0,0,0,1,0
388,15,sympy:11/2,1,15,0.6666666666666666,0.6365141682948128,0.3333333333333333,2,5,0.0,8136,0.023809523809523725,-0.01524239287784035,0.047619047619047616,0,3,8,5,1.0,0,0,0,1,0
388,16,sympy:11/2,1,16,0.625,0.6615632381579821,0.25,2,6,0.0,8565,-0.04166666666666663,0.02504906986316935,-0.08333333333333331,0,3,8,4,0.6666666666666666,0,0,0,1,0
389,1,parsed:**,0,1,1.0,-0.0,1.0,1,1,0.0,555,0.0,0.0,0.0,0,0,1,1,1.0,1,1,0,0,1
389,2,parsed:**,0,2,0.5,0.6931471805599453,0.0,2,2,0.0,1017,-0.5,0.6931471805599453,-1.0,0,0,2,0,0.5,1,1,0,0,1
389,3,parsed:**,0,3,0.6666666666666666,0.6365141682948128,0.3333333333333333,2,3,0.0,1494,0.16666666666666663,-0.05663301226513251,0.3333333333333333,0,0,3,1,0.6666666666666666,1,1,0,0,1
389,4,parsed:**,0,4,0.5,1.0397207708399179,0.25,3,4,0.0,1809,-0.16666666666666663,0.4032066025451051,-0.08333333333333331,0,0,4,1,0.3333333333333333,1,1,0,0,1
389,5,parsed:**,0,5,0.4,1.0549201679861442,0.0,3,5,0.0,2207,-0.09999999999999998,0.015199397146226312,-0.25,0,0,5,0,0.3333333333333333,1,1,0,0,1
389,6,sympy:sqrt(21)/5,1,6,0.5,1.0114042647073518,0.16666666666666666,3,1,0.0,2767,0.09999999999999998,-0.0435159032787924,0.16666666666666666,1,1,5,1,0.6666666666666666,0,0,0,1,0
389,7,sympy:sqrt(21)/5,1,7,0.5714285714285714,0.9556998911125343,0.2857142857142857,3,2,0.0,3301,0.0714285714285714,-0.0557043735948175,0.11904761904761904,0,1,5,2,1.0,0,0,0,1,0
389,8,sympy:sqrt(21)/5,1,8,0.5,1.2130075659799042,0.25,4,3,0.0,3803,-0.0714285714285714,0.25730767486736994,-0.0357142857142857,0,1,5,2,0.6666666666666666,0,0,0,1,0
389,9,sympy:sqrt(21)/5,1,9,0.4444444444444444,1.2730283365896256,0.2222222222222222,4,4,0.0,4233,-0.05555555555555558,0.06002077060972133,-0.02777777777777779,0,1,5,2,0.3333333333333333,0,0,0,1,0
389,10,sympy:sqrt(21)/5,1,10,0.4,1.4708084763221114,0.2,5,5,0.0,4717,-0.0444444444444444,0.19778013973248587,-0.0222222222222222,0,1,5,2,0.0,0,0,0,1,0
389,11,sympy:sqrt(21)/5,1,11,0.45454545454545453,1.4142790651247086,0.2727272727272727,5,6,0.0,5367,0.05454545454545451,-0.056529411197402846,0.0727272727272727,0,1,6,3,0.3333333333333333,0,0,0,1,0
389,12,sympy:sqrt(21)/5,1,12,0.4166666666666667,1.4241299173467734,0.16666666666666666,5,7,0.0,5859,-0.037878787878787845,0.009850852222064832,-0.10606060606060605,0,1,7,2,0.3333333333333333,0,0,0,1,0
389,13,sympy:sqrt(21)/5,1,13,0.38461538461538464,1.4127446368638479,0.07692307692307693,5,8,0.0,6371,-0.03205128205128205,-0.01138528048292553,-0.08974358974358973,0,1,8,1,0.3333333333333333,0,0,0,1,0
389,14,sympy:sqrt(21)/5,1,14,0.42857142857142855,1.3760552852604169,0.14285714285714285,5,9,0.0,6919,0.04395604395604391,-0.03668935160343101,0.06593406593406592,0,1,9,2,0.3333333333333333,0,0,0,1,0
389,15,sympy:sqrt(21)/5,1,15,0.4,1.5292482930376912,0.13333333333333333,6,10,0.0,7657,-0.028571428571428525,0.1531930077772743,-0.009523809523809518,0,1,10,2,0.3333333333333333,0,0,0,1,0
389,16,sympy:sqrt(21)/5,1,16,0.4375,1.4880360441781157,0.1875,6,11,0.0,8441,0.03749999999999998,-0.04121224885957542,0.05416666666666667,0,1,11,3,0.6666666666666666,0,0,0,1,0
390,1,sympy:4,0,1,1.0,-0.0,1.0,1,1,0.0,966,0.0,0.0,0.0,0,0,1,1,1.0,1,1,0,0,1
390,2,sympy:4,0,2,0.5,0.6931471805599453,0.0,2,2,0.0,1820,-0.5,0.6931471805599453,-1.0,0,0,2,0,0.5,1,1,0,0,1
390,3,sympy:12,1,3,0.6666666666666666,0.6365141682948128,0.3333333333333333,2,1,0.0,2507,0.16666666666666663,-0.05663301226513251,0.3333333333333333,1,1,2,1,0.6666666666666666,0,0,0,1,0
390,4,sympy:12,1,4,0.75,0.5623351446188083,0.5,2,2,0.0,3263,0.08333333333333337,-0.07417902367600449,0.16666666666666669,0,1,2,2,1.0,0,0,0,1,0
390,5,sympy:12,1,5,0.6,0.9502705392332347,0.4,3,3,0.0,4231,-0.15000000000000002,0.3879353946144264,-0.09999999999999998,0,1,3,2,0.6666666666666666,0,0,0,1,0
390,6,sympy:12,1,6,0.6666666666666666,0.8675632284814612,0.5,3,4,0.0,5194,0.06666666666666665,-0.08270731075177351,0.09999999999999998,0,1,4,3,0.6666666666666666,0,0,0,1,0
390,7,sympy:12,1,7,0.7142857142857143,0.796311640173813,0.5714285714285714,3,5,0.0,6088,0.04761904761904767,-0.07125158830764822,0.0714285714285714,0,1,5,4,0.6666666666666666,0,0,0,1,0
390,8,sympy:12,1,8,0.625,0.9002560512685369,0.375,3,6,0.0,7112,-0.0892857142857143,0.10394441109472397,-0.1964285714285714,0,1,6,3,0.6666666666666666,0,0,0,1,0
390,9,sympy:12,1,9,0.6666666666666666,0.8486855577264172,0.4444444444444444,3,7,0.0,7970,0.04166666666666663,-0.05157049354211973,0.06944444444444442,0,1,7,4,0.6666666666666666,0,0,0,1,0
390,10,sympy:12,1,10,0.7,0.8018185525433373,0.5,3,8,0.0,8724,0.033333333333333326,-0.046867005183079846,0.05555555555555558,0,1,8,5,0.6666666666666666,0,0,0,1,0
390,11,sympy:12,1,11,0.6363636363636364,0.8599672810355049,0.36363636363636365,3,9,0.0,9642,-0.0636363636363636,0.05814872849216757,-0.13636363636363635,0,1,9,4,0.6666666666666666,0,0,0,1,0
390,12,sympy:12,1,12,0.6666666666666666,0.8239592165010823,0.4166666666666667,3,10,0.0,10292,0.030303030303030276,-0.036008064534422624,0.05303030303030304,0,1,10,5,0.6666666666666666,0,0,0,1,0
390,13,sympy:12,1,13,0.6923076923076923,0.7902679680745903,0.46153846153846156,3,11,0.0,11127,0.02564102564102566,-0.03369124842649196,0.04487179487179488,0,1,11,6,0.6666666666666666,0,0,0,1,0
390,14,sympy:12,1,14,0.6428571428571429,0.8304717124362917,0.35714285714285715,3,12,0.0,12081,-0.049450549450549386,0.04020374436170138,-0.10439560439560441,0,1,12,5,0.6666666666666666,0,0,0,1,0
390,15,sympy:12,1,15,0.6,0.9276173343271816,0.3333333333333333,3,13,0.0,13065,-0.04285714285714293,0.09714562189088993,-0.023809523809523836,0,1,13,5,0.3333333333333333,0,0,0,1,0
390,16,sympy:12,1,16,0.625,0.9002560512685369,0.375,3,14,0.0,13855,0.025000000000000022,-0.027361283058644714,0.041666666666666685,0,1,14,6,0.3333333333333333,0,0,0,1,0
391,1,sympy:0,1,1,1.0,-0.0,1.0,1,1,0.0,930,0.0,0.0,0.0,0,0,1,1,1.0,0,0,0,1,0
391,2,sympy:0,1,1,1.0,-0.0,1.0,1,2,0.5,1954,0.0,0.0,0.0,0,0,2,1,1.0,0,0,0,1,0
391,3,sympy:0,1,2,1.0,-0.0,1.0,1,3,0.3333333333333333,2654,0.0,0.0,0.0,0,0,3,2,1.0,0,0,0,1,0
391,4,sympy:0,1,3,1.0,-0.0,1.0,1,4,0.25,3536,0.0,0.0,0.0,0,0,4,3,1.0,0,0,0,1,0
391,5,sympy:0,1,4,1.0,-0.0,1.0,1,5,0.2,4496,0.0,0.0,0.0,0,0,5,4,1.0,0,0,0,1,0
391,6,sympy:0,1,4,1.0,-0.0,1.0,1,6,0.3333333333333333,5520,0.0,0.0,0.0,0,0,6,4,1.0,0,0,0,1,0
391,7,sympy:0,1,5,0.8,0.5004024235381879,0.6,2,7,0.2857142857142857,6483,-0.19999999999999996,0.5004024235381879,-0.4,0,0,7,3,0.5,0,0,0,1,0
391,8,sympy:0,1,6,0.8333333333333334,0.45056120886630463,0.6666666666666666,2,8,0.25,7426,0.033333333333333326,-0.04984121467188324,0.06666666666666665,0,0,8,4,0.5,0,0,0,1,0
391,9,sympy:0,1,7,0.8571428571428571,0.410116318288409,0.7142857142857143,2,9,0.2222222222222222,8271,0.023809523809523725,-0.04044489057789563,0.04761904761904767,0,0,9,5,0.6666666666666666,0,0,0,1,0
391,10,sympy:0,1,8,0.875,0.37677016125643675,0.75,2,10,0.2,9271,0.017857142857142905,-0.033346157031972246,0.0357142857142857,0,0,10,6,1.0,0,0,0,1,0
391,11,sympy:0,1,9,0.8888888888888888,0.34883209584303193,0.7777777777777778,2,11,0.18181818181818182,10123,0.01388888888888884,-0.027938065413404822,0.02777777777777779,0,0,11,7,1.0,0,0,0,1,0
391,12,sympy:0,1,10,0.9,0.3250829733914482,0.8,2,12,0.16666666666666666,10773,0.011111111111111183,-0.023749122451583726,0.022222222222222254,0,0,12,8,1.0,0,0,0,1,0
391,13,sympy:0,1,10,0.9,0.3250829733914482,0.8,2,13,0.23076923076923078,11797,0.0,0.0,0.0,0,0,13,8,1.0,0,0,0,1,0
391,14,sympy:0,1,11,0.9090909090909091,0.30463609734923813,0.8181818181818182,2,14,0.21428571428571427,12756,0.009090909090909038,-0.02044687604221007,0.018181818181818188,0,0,14,9,1.0,0,0,0,1,0
391,15,sympy:0,1,12,0.9166666666666666,0.2868359830561607,0.8333333333333334,2,15,0.2,13780,0.007575757575757569,-0.01780011429307743,0.015151515151515138,0,0,15,10,1.0,0,0,0,1,0
391,16,sympy:0,1,13,0.9230769230769231,0.2711893730418441,0.8461538461538461,2,16,0.1875,14545,0.0064102564102564985,-0.01564661001431661,0.012820512820512775,0,0,16,11,1.0,0,0,0,1,0
392,1,sympy:sqrt(82),0,1,1.0,-0.0,1.0,1,1,0.0,513,0.0,0.0,0.0,0,0,1,1,1.0,0,0,0,1,0
392,2,sympy:sqrt(82),0,2,1.0,-0.0,1.0,1,2,0.0,1537,0.0,0.0,0.0,0,0,2,2,1.0,0,0,0,1,0
392,3,sympy:sqrt(82),0,3,0.6666666666666666,0.6365141682948128,0.3333333333333333,2,3,0.0,2295,-0.33333333333333337,0.6365141682948128,-0.6666666666666667,0,0,3,1,0.6666666666666666,0,0,0,1,0
392,4,sympy:sqrt(82),0,4,0.75,0.5623351446188083,0.5,2,4,0.0,2851,0.08333333333333337,-0.07417902367600449,0.16666666666666669,0,0,4,2,0.6666666666666666,0,0,0,1,0
392,5,sympy:sqrt(82),0,5,0.8,0.5004024235381879,0.6,2,5,0.0,3475,0.050000000000000044,-0.06193272108062042,0.09999999999999998,0,0,5,3,0.6666666666666666,0,0,0,1,0
392,6,sympy:sqrt(82),0,5,0.8,0.5004024235381879,0.6,2,6,0.16666666666666666,4499,0.0,0.0,0.0,0,0,6,3,1.0,0,0,0,1,0
392,7,sympy:sqrt(82),0,6,0.6666666666666666,0.8675632284814612,0.5,3,7,0.14285714285714285,5523,-0.13333333333333341,0.3671608049432733,-0.09999999999999998,0,0,7,3,0.5,0,0,0,1,0
392,8,sympy:sqrt(82),0,6,0.6666666666666666,0.8675632284814612,0.5,3,8,0.25,6547,0.0,0.0,0.0,0,0,8,3,0.0,0,0,0,1,0
392,9,sympy:sqrt(82),0,7,0.5714285714285714,1.1537419427010902,0.42857142857142855,4,9,0.2222222222222222,7352,-0.09523809523809523,0.28617871421962904,-0.07142857142857145,0,0,9,3,0.0,0,0,0,1,0
392,10,sympy:sqrt(82),0,8,0.5,1.2130075659799042,0.25,4,10,0.2,8376,-0.0714285714285714,0.05926562327881402,-0.17857142857142855,0,0,10,2,0.0,0,0,0,1,0
392,11,sympy:sqrt(82),0,8,0.5,1.2130075659799042,0.25,4,11,0.2727272727272727,9400,0.0,0.0,0.0,0,0,11,2,0.0,0,0,0,1,0
392,12,sympy:sqrt(82),0,9,0.4444444444444444,1.2730283365896256,0.2222222222222222,4,12,0.25,10261,-0.05555555555555558,0.06002077060972133,-0.02777777777777779,0,0,12,2,0.0,0,0,0,1,0
392,13,sympy:sqrt(82),0,9,0.4444444444444444,1.2730283365896256,0.2222222222222222,4,13,0.3076923076923077,11285,0.0,0.0,0.0,0,0,13,2,0.0,0,0,0,1,0
392,14,sympy:sqrt(82),0,10,0.4,1.3321790402101223,0.2,4,14,0.2857142857142857,12305,-0.0444444444444444,0.05915070362049679,-0.0222222222222222,0,0,14,2,0.0,0,0,0,1,0
392,15,sympy:sqrt(82),0,10,0.4,1.3321790402101223,0.2,4,15,0.3333333333333333,13329,0.0,0.0,0.0,0,0,15,2,0.0,0,0,0,1,0
392,16,sympy:sqrt(82),0,10,0.4,1.3321790402101223,0.2,4,16,0.375,14353,0.0,0.0,0.0,0,0,16,2,0.0,0,0,0,1,0
393,1,sympy:3/4,1,1,1.0,-0.0,1.0,1,1,0.0,559,0.0,0.0,0.0,0,0,1,1,1.0,0,0,0,1,0
393,2,sympy:3/4,1,2,1.0,-0.0,1.0,1,2,0.0,961,0.0,0.0,0.0,0,0,2,2,1.0,0,0,0,1,0
393,3,sympy:3/4,1,3,1.0,-0.0,1.0,1,3,0.0,1409,0.0,0.0,0.0,0,0,3,3,1.0,0,0,0,1,0
393,4,sympy:3/4,1,4,1.0,-0.0,1.0,1,4,0.0,1912,0.0,0.0,0.0,0,0,4,4,1.0,0,0,0,1,0
393,5,sympy:3/4,1,5,1.0,-0.0,1.0,1,5,0.0,2399,0.0,0.0,0.0,0,0,5,5,1.0,0,0,0,1,0
393,6,sympy:3/4,1,6,1.0,-0.0,1.0,1,6,0.0,2785,0.0,0.0,0.0,0,0,6,6,1.0,0,0,0,1,0
393,7,sympy:3/4,1,7,1.0,-0.0,1.0,1,7,0.0,3093,0.0,0.0,0.0,0,0,7,7,1.0,0,0,0,1,0
393,8,sympy:3/4,1,8,1.0,-0.0,1.0,1,8,0.0,3559,0.0,0.0,0.0,0,0,8,8,1.0,0,0,0,1,0
393,9,sympy:3/4,1,9,1.0,-0.0,1.0,1,9,0.0,3991,0.0,0.0,0.0,0,0,9,9,1.0,0,0,0,1,0
393,10,sympy:3/4,1,10,1.0,-0.0,1.0,1,10,0.0,4524,0.0,0.0,0.0,0,0,10,10,1.0,0,0,0,1,0
393,11,sympy:3/4,1,11,1.0,-0.0,1.0,1,11,0.0,4944,0.0,0.0,0.0,0,0,11,11,1.0,0,0,0,1,0
393,12,sympy:3/4,1,12,1.0,-0.0,1.0,1,12,0.0,5417,0.0,0.0,0.0,0,0,12,12,1.0,0,0,0,1,0
393,13,sympy:3/4,1,13,1.0,-0.0,1.0,1,13,0.0,5842,0.0,0.0,0.0,0,0,13,13,1.0,0,0,0,1,0
393,14,sympy:3/4,1,14,1.0,-0.0,1.0,1,14,0.0,6359,0.0,0.0,0.0,0,0,14,14,1.0,0,0,0,1,0
393,15,sympy:3/4,1,15,1.0,-0.0,1.0,1,15,0.0,6929,0.0,0.0,0.0,0,0,15,15,1.0,0,0,0,1,0
393,16,sympy:3/4,1,16,1.0,-0.0,1.0,1,16,0.0,7340,0.0,0.0,0.0,0,0,16,16,1.0,0,0,0,1,0
394,1,sympy:0,0,1,1.0,-0.0,1.0,1,1,0.0,812,0.0,0.0,0.0,0,0,1,1,1.0,1,1,0,0,1
394,2,sympy:0,0,2,0.5,0.6931471805599453,0.0,2,2,0.0,1809,-0.5,0.6931471805599453,-1.0,0,0,2,0,0.5,1,1,0,0,1
394,3,sympy:0,0,3,0.3333333333333333,1.0986122886681096,0.0,3,3,0.0,2504,-0.16666666666666669,0.4054651081081643,0.0,0,0,3,0,0.3333333333333333,1,1,0,0,1
394,4,sympy:0,0,3,0.3333333333333333,1.0986122886681096,0.0,3,4,0.25,3528,0.0,0.0,0.0,0,0,4,0,0.0,1,1,0,0,1
394,5,sympy:0,0,3,0.3333333333333333,1.0986122886681096,0.0,3,5,0.4,4552,0.0,0.0,0.0,0,0,5,0,0.0,1,1,0,0,1
394,6,sympy:-3/8,1,4,0.5,1.0397207708399179,0.25,3,1,0.3333333333333333,5318,0.16666666666666669,-0.058891517828191686,0.25,1,1,5,1,1.0,0,0,0,1,0
394,7,sympy:-3/8,1,5,0.6,0.9502705392332347,0.4,3,2,0.2857142857142857,6066,0.09999999999999998,-0.0894502316066832,0.15000000000000002,0,1,5,2,1.0,0,0,0,1,0
394,8,sympy:-3/8,1,5,0.6,0.9502705392332347,0.4,3,3,0.375,7090,0.0,0.0,0.0,0,1,5,2,1.0,0,0,0,1,0
394,9,sympy:-3/8,1,5,0.6,0.9502705392332347,0.4,3,4,0.4444444444444444,8114,0.0,0.0,0.0,0,1,5,2,1.0,0,0,0,1,0
394,10,sympy:-3/8,1,6,0.5,1.242453324894,0.3333333333333333,4,5,0.4,9081,-0.09999999999999998,0.2921827856607653,-0.06666666666666671,0,1,5,2,0.0,0,0,0,1,0
394,11,sympy:-3/8,1,7,0.5714285714285714,1.1537419427010902,0.42857142857142855,4,6,0.36363636363636365,9943,0.0714285714285714,-0.08871138219290975,0.09523809523809523,0,1,6,3,0.5,0,0,0,1,0
394,12,sympy:-3/8,1,7,0.5714285714285714,1.1537419427010902,0.42857142857142855,4,7,0.4166666666666667,10967,0.0,0.0,0.0,0,1,7,3,0.5,0,0,0,1,0
394,13,sympy:-3/8,1,7,0.5714285714285714,1.1537419427010902,0.42857142857142855,4,8,0.46153846153846156,11991,0.0,0.0,0.0,0,1,8,3,1.0,0,0,0,1,0
394,14,sympy:-3/8,1,8,0.625,1.073542846408523,0.5,4,9,0.42857142857142855,12735,0.0535714285714286,-0.08019909629256716,0.07142857142857145,0,1,9,4,1.0,0,0,0,1,0
394,15,sympy:-3/8,1,9,0.6666666666666666,1.0027182645175161,0.5555555555555556,4,10,0.4,13520,0.04166666666666663,-0.07082458189100693,0.05555555555555558,0,1,10,5,1.0,0,0,0,1,0
394,16,sympy:-3/8,1,9,0.6666666666666666,1.0027182645175161,0.5555555555555556,4,11,0.4375,14544,0.0,0.0,0.0,0,1,11,5,1.0,0,0,0,1,0
395,1,sympy:4,1,1,1.0,-0.0,1.0,1,1,0.0,306,0.0,0.0,0.0,0,0,1,1,1.0,0,0,0,1,0
395,2,sympy:4,1,2,1.0,-0.0,1.0,1,2,0.0,643,0.0,0.0,0.0,0,0,2,2,1.0,0,0,0,1,0
395,3,sympy:4,1,3,1.0,-0.0,1.0,1,3,0.0,893,0.0,0.0,0.0,0,0,3,3,1.0,0,0,0,1,0
395,4,sympy:4,1,4,1.0,-0.0,1.0,1,4,0.0,1201,0.0,0.0,0.0,0,0,4,4,1.0,0,0,0,1,0
395,5,sympy:4,1,5,1.0,-0.0,1.0,1,5,0.0,1521,0.0,0.0,0.0,0,0,5,5,1.0,0,0,0,1,0
395,6,sympy:4,1,6,1.0,-0.0,1.0,1,6,0.0,1870,0.0,0.0,0.0,0,0,6,6,1.0,0,0,0,1,0
395,7,sympy:4,1,7,1.0,-0.0,1.0,1,7,0.0,2175,0.0,0.0,0.0,0,0,7,7,1.0,0,0,0,1,0
395,8,sympy:4,1,8,1.0,-0.0,1.0,1,8,0.0,2506,0.0,0.0,0.0,0,0,8,8,1.0,0,0,0,1,0
395,9,sympy:4,1,9,1.0,-0.0,1.0,1,9,0.0,2897,0.0,0.0,0.0,0,0,9,9,1.0,0,0,0,1,0
395,10,sympy:4,1,10,1.0,-0.0,1.0,1,10,0.0,3234,0.0,0.0,0.0,0,0,10,10,1.0,0,0,0,1,0
395,11,sympy:4,1,11,1.0,-0.0,1.0,1,11,0.0,3603,0.0,0.0,0.0,0,0,11,11,1.0,0,0,0,1,0
395,12,sympy:4,1,12,1.0,-0.0,1.0,1,12,0.0,3952,0.0,0.0,0.0,0,0,12,12,1.0,0,0,0,1,0
395,13,sympy:4,1,13,1.0,-0.0,1.0,1,13,0.0,4331,0.0,0.0,0.0,0,0,13,13,1.0,0,0,0,1,0
395,14,sympy:4,1,14,1.0,-0.0,1.0,1,14,0.0,4735,0.0,0.0,0.0,0,0,14,14,1.0,0,0,0,1,0
395,15,sympy:4,1,15,1.0,-0.0,1.0,1,15,0.0,5120,0.0,0.0,0.0,0,0,15,15,1.0,0,0,0,1,0
395,16,sympy:4,1,16,1.0,-0.0,1.0,1,16,0.0,5436,0.0,0.0,0.0,0,0,16,16,1.0,0,0,0,1,0
396,1,sympy:2,1,1,1.0,-0.0,1.0,1,1,0.0,489,0.0,0.0,0.0,0,0,1,1,1.0,0,0,0,1,0
396,2,sympy:2,1,2,1.0,-0.0,1.0,1,2,0.0,1513,0.0,0.0,0.0,0,0,2,2,1.0,0,0,0,1,0
396,3,sympy:2,1,3,1.0,-0.0,1.0,1,3,0.0,2046,0.0,0.0,0.0,0,0,3,3,1.0,0,0,0,1,0
396,4,sympy:2,1,4,1.0,-0.0,1.0,1,4,0.0,3002,0.0,0.0,0.0,0,0,4,4,1.0,0,0,0,1,0
396,5,sympy:2,1,5,1.0,-0.0,1.0,1,5,0.0,3318,0.0,0.0,0.0,0,0,5,5,1.0,0,0,0,1,0
396,6,sympy:2,1,6,0.8333333333333334,0.45056120886630463,0.6666666666666666,2,6,0.0,3722,-0.16666666666666663,0.45056120886630463,-0.33333333333333337,0,0,6,4,0.6666666666666666,0,0,0,1,0
396,7,sympy:2,1,7,0.7142857142857143,0.796311640173813,0.5714285714285714,3,7,0.0,4272,-0.11904761904761907,0.3457504313075083,-0.09523809523809523,0,0,7,4,0.3333333333333333,0,0,0,1,0
396,8,sympy:2,1,8,0.75,0.7356219397587946,0.625,3,8,0.0,5296,0.0357142857142857,-0.06068970041501831,0.0535714285714286,0,0,8,5,0.3333333333333333,0,0,0,1,0
396,9,sympy:2,1,9,0.7777777777777778,0.6837389058487535,0.6666666666666666,3,9,0.0,5733,0.02777777777777779,-0.05188303391004112,0.04166666666666663,0,0,9,6,0.6666666666666666,0,0,0,1,0
396,10,sympy:2,1,10,0.8,0.639031859650177,0.7,3,10,0.0,6367,0.022222222222222254,-0.04470704619857657,0.033333333333333326,0,0,10,7,1.0,0,0,0,1,0
396,11,sympy:2,1,11,0.8181818181818182,0.6001660731596457,0.7272727272727273,3,11,0.0,6941,0.018181818181818188,-0.038865786490531296,0.027272727272727337,0,0,11,8,1.0,0,0,0,1,0
396,12,sympy:2,1,12,0.75,0.8369882167858358,0.6666666666666666,4,12,0.0,7296,-0.06818181818181823,0.23682214362619014,-0.06060606060606066,0,0,12,8,0.6666666666666666,0,0,0,1,0
396,13,sympy:2,1,13,0.7692307692307693,0.7937300551584248,0.6923076923076923,4,13,0.0,7749,0.019230769230769273,-0.04325816162741103,0.02564102564102566,0,0,13,9,0.6666666666666666,0,0,0,1,0
396,14,sympy:2,1,14,0.7857142857142857,0.7549967581308246,0.7142857142857143,4,14,0.0,8214,0.016483516483516425,-0.0387332970276002,0.02197802197802201,0,0,14,10,0.6666666666666666,0,0,0,1,0
396,15,sympy:2,1,15,0.7333333333333333,0.9495936677167384,0.6666666666666666,5,15,0.0,8577,-0.05238095238095242,0.1945969095859138,-0.04761904761904767,0,0,15,10,0.6666666666666666,0,0,0,1,0
396,16,sympy:2,1,16,0.6875,1.1240357221909014,0.625,6,16,0.0,9038,-0.04583333333333328,0.17444205447416306,-0.04166666666666663,0,0,16,10,0.3333333333333333,0,0,0,1,0
397,1,sympy:23,1,1,1.0,-0.0,1.0,1,1,0.0,425,0.0,0.0,0.0,0,0,1,1,1.0,0,0,0,1,0
397,2,sympy:23,1,2,1.0,-0.0,1.0,1,2,0.0,878,0.0,0.0,0.0,0,0,2,2,1.0,0,0,0,1,0
397,3,sympy:23,1,3,1.0,-0.0,1.0,1,3,0.0,1293,0.0,0.0,0.0,0,0,3,3,1.0,0,0,0,1,0
397,4,sympy:23,1,4,1.0,-0.0,1.0,1,4,0.0,1582,0.0,0.0,0.0,0,0,4,4,1.0,0,0,0,1,0
397,5,sympy:23,1,5,1.0,-0.0,1.0,1,5,0.0,2023,0.0,0.0,0.0,0,0,5,5,1.0,0,0,0,1,0
397,6,sympy:23,1,6,1.0,-0.0,1.0,1,6,0.0,2412,0.0,0.0,0.0,0,0,6,6,1.0,0,0,0,1,0
397,7,sympy:23,1,7,1.0,-0.0,1.0,1,7,0.0,2659,0.0,0.0,0.0,0,0,7,7,1.0,0,0,0,1,0
397,8,sympy:23,1,8,1.0,-0.0,1.0,1,8,0.0,3027,0.0,0.0,0.0,0,0,8,8,1.0,0,0,0,1,0
397,9,sympy:23,1,9,1.0,-0.0,1.0,1,9,0.0,3459,0.0,0.0,0.0,0,0,9,9,1.0,0,0,0,1,0
397,10,sympy:23,1,10,1.0,-0.0,1.0,1,10,0.0,3859,0.0,0.0,0.0,0,0,10,10,1.0,0,0,0,1,0
397,11,sympy:23,1,11,1.0,-0.0,1.0,1,11,0.0,4215,0.0,0.0,0.0,0,0,11,11,1.0,0,0,0,1,0
397,12,sympy:23,1,12,1.0,-0.0,1.0,1,12,0.0,4540,0.0,0.0,0.0,0,0,12,12,1.0,0,0,0,1,0
397,13,sympy:23,1,13,1.0,-0.0,1.0,1,13,0.0,4902,0.0,0.0,0.0,0,0,13,13,1.0,0,0,0,1,0
397,14,sympy:23,1,14,1.0,-0.0,1.0,1,14,0.0,5294,0.0,0.0,0.0,0,0,14,14,1.0,0,0,0,1,0
397,15,sympy:23,1,15,1.0,-0.0,1.0,1,15,0.0,5733,0.0,0.0,0.0,0,0,15,15,1.0,0,0,0,1,0
397,16,sympy:23,1,16,1.0,-0.0,1.0,1,16,0.0,6101,0.0,0.0,0.0,0,0,16,16,1.0,0,0,0,1,0
398,1,sympy:a*h*i*m*n*t,0,1,1.0,-0.0,1.0,1,1,0.0,438,0.0,0.0,0.0,0,0,1,1,1.0,1,0,0,1,1
398,2,sympy:a*h*i*m*n*t,0,2,0.5,0.6931471805599453,0.0,2,2,0.0,1462,-0.5,0.6931471805599453,-1.0,0,0,2,0,0.5,1,0,0,1,1
398,3,sympy:a*h*i*m*n*t,0,3,0.3333333333333333,1.0986122886681096,0.0,3,3,0.0,2106,-0.16666666666666669,0.4054651081081643,0.0,0,0,3,0,0.3333333333333333,1,0,0,1,1
398,4,sympy:a*h*i*m*n*t,0,4,0.25,1.3862943611198906,0.0,4,4,0.0,2718,-0.08333333333333331,0.287682072451781,0.0,0,0,4,0,0.0,1,0,0,1,1
398,5,sympy:39.6800000000000,0,5,0.4,1.3321790402101223,0.2,4,1,0.0,3742,0.15000000000000002,-0.05411532090976823,0.2,1,1,4,1,0.6666666666666666,0,0,0,1,0
398,6,sympy:39.6800000000000,0,6,0.3333333333333333,1.5607104090414063,0.16666666666666666,5,2,0.0,4766,-0.06666666666666671,0.228531368831284,-0.033333333333333354,0,1,4,1,0.3333333333333333,0,0,0,1,0
398,7,sympy:39.6800000000000,0,7,0.2857142857142857,1.7478680974667573,0.14285714285714285,6,3,0.0,5369,-0.047619047619047616,0.18715768842535097,-0.023809523809523808,0,1,4,1,0.3333333333333333,0,0,0,1,0
398,8,sympy:39.6800000000000,0,8,0.375,1.6674619334292946,0.25,6,4,0.0,6393,0.0892857142857143,-0.0804061640374627,0.10714285714285715,0,1,4,2,0.3333333333333333,0,0,0,1,0
398,9,sympy:39.6800000000000,0,9,0.4444444444444444,1.5810937501718236,0.3333333333333333,6,5,0.0,7417,0.06944444444444442,-0.08636818325747098,0.08333333333333331,0,1,5,3,0.6666666666666666,0,0,0,1,0
398,10,sympy:39.6800000000000,0,10,0.4,1.7480673485460894,0.3,7,6,0.0,8441,-0.0444444444444444,0.16697359837426573,-0.033333333333333326,0,1,6,3,0.6666666666666666,0,0,0,1,0
398,11,sympy:39.6800000000000,0,11,0.36363636363636365,1.8937882323911377,0.2727272727272727,8,7,0.0,9465,-0.036363636363636376,0.14572088384504833,-0.027272727272727282,0,1,7,3,0.3333333333333333,0,0,0,1,0
398,12,sympy:39.6800000000000,0,12,0.3333333333333333,1.9072839993213793,0.16666666666666666,8,8,0.0,10489,-0.03030303030303033,0.01349576693024157,-0.10606060606060605,0,1,8,2,0.0,0,0,0,1,0
398,13,sympy:39.6800000000000,0,13,0.3076923076923077,2.031759218569271,0.15384615384615385,9,9,0.0,11513,-0.025641025641025605,0.12447521924789196,-0.012820512820512803,0,1,9,2,0.0,0,0,0,1,0
398,14,sympy:39.6800000000000,0,14,0.2857142857142857,2.0449311748495913,0.14285714285714285,9,10,0.0,12206,-0.02197802197802201,0.013171956280320085,-0.010989010989011005,0,1,10,2,0.0,0,0,0,1,0
398,15,sympy:39.6800000000000,0,15,0.26666666666666666,2.1535324566542537,0.13333333333333333,10,11,0.0,13230,-0.019047619047619035,0.10860128180466244,-0.009523809523809518,0,1,11,2,0.0,0,0,0,1,0
398,16,sympy:39.6800000000000,0,16,0.25,2.252728336819822,0.125,11,12,0.0,13788,-0.016666666666666663,0.09919588016556835,-0.008333333333333331,0,1,12,2,0.0,0,0,0,1,0
399,1,sympy:326.500000000000,1,1,1.0,-0.0,1.0,1,1,0.0,321,0.0,0.0,0.0,0,0,1,1,1.0,0,0,0,1,0
399,2,sympy:326.500000000000,1,2,1.0,-0.0,1.0,1,2,0.0,608,0.0,0.0,0.0,0,0,2,2,1.0,0,0,0,1,0
399,3,sympy:326.500000000000,1,3,1.0,-0.0,1.0,1,3,0.0,836,0.0,0.0,0.0,0,0,3,3,1.0,0,0,0,1,0
399,4,sympy:326.500000000000,1,4,1.0,-0.0,1.0,1,4,0.0,1168,0.0,0.0,0.0,0,0,4,4,1.0,0,0,0,1,0
399,5,sympy:326.500000000000,1,5,1.0,-0.0,1.0,1,5,0.0,1505,0.0,0.0,0.0,0,0,5,5,1.0,0,0,0,1,0
399,6,sympy:326.500000000000,1,6,1.0,-0.0,1.0,1,6,0.0,1790,0.0,0.0,0.0,0,0,6,6,1.0,0,0,0,1,0
399,7,sympy:326.500000000000,1,7,1.0,-0.0,1.0,1,7,0.0,2084,0.0,0.0,0.0,0,0,7,7,1.0,0,0,0,1,0
399,8,sympy:326.500000000000,1,8,1.0,-0.0,1.0,1,8,0.0,2422,0.0,0.0,0.0,0,0,8,8,1.0,0,0,0,1,0
399,9,sympy:326.500000000000,1,9,1.0,-0.0,1.0,1,9,0.0,2680,0.0,0.0,0.0,0,0,9,9,1.0,0,0,0,1,0
399,10,sympy:326.500000000000,1,10,1.0,-0.0,1.0,1,10,0.0,2940,0.0,0.0,0.0,0,0,10,10,1.0,0,0,0,1,0
399,11,sympy:326.500000000000,1,11,1.0,-0.0,1.0,1,11,0.0,3203,0.0,0.0,0.0,0,0,11,11,1.0,0,0,0,1,0
399,12,sympy:326.500000000000,1,12,1.0,-0.0,1.0,1,12,0.0,3528,0.0,0.0,0.0,0,0,12,12,1.0,0,0,0,1,0
399,13,sympy:326.500000000000,1,13,1.0,-0.0,1.0,1,13,0.0,3787,0.0,0.0,0.0,0,0,13,13,1.0,0,0,0,1,0
399,14,sympy:326.500000000000,1,14,1.0,-0.0,1.0,1,14,0.0,4094,0.0,0.0,0.0,0,0,14,14,1.0,0,0,0,1,0
399,15,sympy:326.500000000000,1,15,1.0,-0.0,1.0,1,15,0.0,4326,0.0,0.0,0.0,0,0,15,15,1.0,0,0,0,1,0
399,16,sympy:326.500000000000,1,16,1.0,-0.0,1.0,1,16,0.0,4587,0.0,0.0,0.0,0,0,16,16,1.0,0,0,0,1,0
400,1,sympy:14/3,1,1,1.0,-0.0,1.0,1,1,0.0,1024,0.0,0.0,0.0,0,0,1,1,1.0,0,0,0,1,0
400,2,sympy:14/3,1,2,0.5,0.6931471805599453,0.0,2,2,0.0,1916,-0.5,0.6931471805599453,-1.0,0,0,2,0,0.5,0,0,0,1,0
400,3,sympy:7,0,3,0.6666666666666666,0.6365141682948128,0.3333333333333333,2,1,0.0,2762,0.16666666666666663,-0.05663301226513251,0.3333333333333333,1,1,2,1,0.6666666666666666,1,1,0,0,1
400,4,sympy:7,0,4,0.5,1.0397207708399179,0.25,3,2,0.0,3244,-0.16666666666666663,0.4032066025451051,-0.08333333333333331,0,1,2,1,0.6666666666666666,1,1,0,0,1
400,5,sympy:14/3,1,5,0.4,1.0549201679861442,0.0,3,1,0.0,3626,-0.09999999999999998,0.015199397146226312,-0.25,1,2,2,0,0.3333333333333333,0,0,0,1,0
400,6,sympy:7,0,6,0.5,1.0114042647073518,0.16666666666666666,3,1,0.0,4650,0.09999999999999998,-0.0435159032787924,0.16666666666666666,1,3,2,1,0.3333333333333333,1,1,0,0,1
400,7,sympy:14/3,1,7,0.42857142857142855,1.0042424730540764,0.0,3,1,0.0,5151,-0.07142857142857145,-0.007161791653275351,-0.16666666666666666,1,4,2,0,0.6666666666666666,0,0,0,1,0
400,8,sympy:7,0,8,0.5,0.9743147528693494,0.125,3,1,0.0,5534,0.07142857142857145,-0.029927720184727002,0.125,1,5,2,1,0.6666666666666666,1,1,0,0,1
400,9,sympy:14/3,1,9,0.4444444444444444,0.9649629230074277,0.0,3,1,0.0,6167,-0.05555555555555558,-0.009351829861921734,-0.125,1,6,2,0,0.6666666666666666,0,0,0,1,0
400,10,sympy:14/3,1,10,0.4,1.0549201679861442,0.0,3,2,0.0,6884,-0.0444444444444444,0.08995724497871649,0.0,0,6,2,0,0.3333333333333333,0,0,0,1,0
400,11,sympy:14/3,1,11,0.45454545454545453,1.0361987848192837,0.09090909090909091,3,3,0.0,7480,0.05454545454545451,-0.01872138316686045,0.09090909090909091,0,6,3,1,0.6666666666666666,0,0,0,1,0
400,12,sympy:14/3,1,12,0.5,1.0114042647073518,0.16666666666666666,3,4,0.0,7861,0.04545454545454547,-0.02479452011193195,0.07575757575757575,0,6,4,2,0.6666666666666666,0,0,0,1,0
400,13,sympy:14/3,1,13,0.5384615384615384,0.9839614460010255,0.23076923076923078,3,5,0.0,8532,0.038461538461538436,-0.027442818706326255,0.06410256410256412,0,6,5,3,1.0,0,0,0,1,0
400,14,sympy:14/3,1,14,0.5714285714285714,0.9556998911125343,0.2857142857142857,3,6,0.0,8869,0.03296703296703296,-0.028261554888491247,0.054945054945054916,0,6,6,4,1.0,0,0,0,1,0
400,15,sympy:14/3,1,15,0.5333333333333333,1.1369165918330006,0.26666666666666666,4,7,0.0,9382,-0.03809523809523807,0.18121670072046636,-0.019047619047619035,0,6,7,4,0.6666666666666666,0,0,0,1,0
400,16,sympy:14/3,1,16,0.5,1.1432752061942137,0.1875,4,8,0.0,10193,-0.033333333333333326,0.0063586143612131,-0.07916666666666666,0,6,8,3,0.3333333333333333,0,0,0,1,0
401,1,,0,0,,,,0,0,1.0,1024,0.0,0.0,0.0,0,0,0,0,0.0,1,0,0,1,1
401,2,,0,0,,,,0,0,1.0,2048,0.0,0.0,0.0,0,0,0,0,0.0,1,0,0,1,1
401,3,,0,0,,,,0,0,1.0,3072,0.0,0.0,0.0,0,0,0,0,0.0,1,0,0,1,1
401,4,,0,0,,,,0,0,1.0,4096,0.0,0.0,0.0,0,0,0,0,0.0,1,0,0,1,1
401,5,,0,0,,,,0,0,1.0,5120,0.0,0.0,0.0,0,0,0,0,0.0,1,0,0,1,1
401,6,sympy:3,0,1,1.0,-0.0,1.0,1,1,0.8333333333333334,5713,1.0,-0.0,1.0,0,0,1,1,1.0,0,0,0,1,0
401,7,sympy:3,0,2,0.5,0.6931471805599453,0.0,2,2,0.7142857142857143,6378,-0.5,0.6931471805599453,-1.0,0,0,2,0,0.5,0,0,0,1,0
401,8,sympy:3,0,2,0.5,0.6931471805599453,0.0,2,3,0.75,7402,0.0,0.0,0.0,0,0,3,0,0.5,0,0,0,1,0
401,9,sympy:3,0,3,0.6666666666666666,0.6365141682948128,0.3333333333333333,2,4,0.6666666666666666,8328,0.16666666666666663,-0.05663301226513251,0.3333333333333333,0,0,4,1,0.5,0,0,0,1,0
401,10,sympy:3,0,3,0.6666666666666666,0.6365141682948128,0.3333333333333333,2,5,0.7,9352,0.0,0.0,0.0,0,0,5,1,1.0,0,0,0,1,0
401,11,sympy:3,0,3,0.6666666666666666,0.6365141682948128,0.3333333333333333,2,6,0.7272727272727273,10376,0.0,0.0,0.0,0,0,6,1,1.0,0,0,0,1,0
401,12,sympy:3,0,3,0.6666666666666666,0.6365141682948128,0.3333333333333333,2,7,0.75,11400,0.0,0.0,0.0,0,0,7,1,0.0,0,0,0,1,0
401,13,sympy:3,0,4,0.75,0.5623351446188083,0.5,2,8,0.6923076923076923,12376,0.08333333333333337,-0.07417902367600449,0.16666666666666669,0,0,8,2,1.0,0,0,0,1,0
401,14,sympy:3,0,5,0.6,0.9502705392332347,0.4,3,9,0.6428571428571429,13287,-0.15000000000000002,0.3879353946144264,-0.09999999999999998,0,0,9,2,0.5,0,0,0,1,0
401,15,sympy:3,0,5,0.6,0.9502705392332347,0.4,3,10,0.6666666666666666,14311,0.0,0.0,0.0,0,0,10,2,0.5,0,0,0,1,0
401,16,sympy:3,0,5,0.6,0.9502705392332347,0.4,3,11,0.6875,15335,0.0,0.0,0.0,0,0,11,2,0.0,0,0,0,1,0
402,1,sympy:-1*12*i + 1,1,1,1.0,-0.0,1.0,1,1,0.0,448,0.0,0.0,0.0,0,0,1,1,1.0,0,0,0,1,0
402,2,sympy:-1*12*i + 1,1,2,1.0,-0.0,1.0,1,2,0.0,860,0.0,0.0,0.0,0,0,2,2,1.0,0,0,0,1,0
402,3,sympy:-1*12*i + 1,1,3,1.0,-0.0,1.0,1,3,0.0,1256,0.0,0.0,0.0,0,0,3,3,1.0,0,0,0,1,0
402,4,sympy:-1*12*i + 1,1,4,0.75,0.5623351446188083,0.5,2,4,0.0,1658,-0.25,0.5623351446188083,-0.5,0,0,4,2,0.6666666666666666,0,0,0,1,0
402,5,sympy:-1*12*i + 1,1,5,0.8,0.5004024235381879,0.6,2,5,0.0,2057,0.050000000000000044,-0.06193272108062042,0.09999999999999998,0,0,5,3,0.6666666666666666,0,0,0,1,0
402,6,sympy:-1*12*i + 1,1,6,0.8333333333333334,0.45056120886630463,0.6666666666666666,2,6,0.0,2453,0.033333333333333326,-0.04984121467188324,0.06666666666666665,0,0,6,4,0.6666666666666666,0,0,0,1,0
402,7,sympy:-1*12*i + 1,1,7,0.8571428571428571,0.410116318288409,0.7142857142857143,2,7,0.0,2875,0.023809523809523725,-0.04044489057789563,0.04761904761904767,0,0,7,5,1.0,0,0,0,1,0
402,8,sympy:-1*12*i + 1,1,8,0.875,0.37677016125643675,0.75,2,8,0.0,3216,0.017857142857142905,-0.033346157031972246,0.0357142857142857,0,0,8,6,1.0,0,0,0,1,0
402,9,sympy:-1*12*i + 1,1,9,0.8888888888888888,0.34883209584303193,0.7777777777777778,2,9,0.0,3672,0.01388888888888884,-0.027938065413404822,0.02777777777777779,0,0,9,7,1.0,0,0,0,1,0
402,10,sympy:-1*12*i + 1,1,10,0.9,0.3250829733914482,0.8,2,10,0.0,4351,0.011111111111111183,-0.023749122451583726,0.022222222222222254,0,0,10,8,1.0,0,0,0,1,0
402,11,sympy:-1*12*i + 1,1,11,0.9090909090909091,0.30463609734923813,0.8181818181818182,2,11,0.0,5375,0.009090909090909038,-0.02044687604221007,0.018181818181818188,0,0,11,9,1.0,0,0,0,1,0
402,12,sympy:-1*12*i + 1,1,12,0.9166666666666666,0.2868359830561607,0.8333333333333334,2,12,0.0,5806,0.007575757575757569,-0.01780011429307743,0.015151515151515138,0,0,12,10,1.0,0,0,0,1,0
402,13,sympy:-1*12*i + 1,1,13,0.9230769230769231,0.2711893730418441,0.8461538461538461,2,13,0.0,6223,0.0064102564102564985,-0.01564661001431661,0.012820512820512775,0,0,13,11,1.0,0,0,0,1,0
402,14,sympy:-1*12*i + 1,1,14,0.9285714285714286,0.25731864054383163,0.8571428571428571,2,14,0.0,6651,0.005494505494505475,-0.013870732498012461,0.01098901098901095,0,0,14,12,1.0,0,0,0,1,0
402,15,sympy:-1*12*i + 1,1,15,0.9333333333333333,0.24493002679463532,0.8666666666666667,2,15,0.0,7027,0.004761904761904745,-0.012388613749196309,0.009523809523809601,0,0,15,13,1.0,0,0,0,1,0
402,16,sympy:-1*12*i + 1,1,16,0.9375,0.2337916587064593,0.875,2,16,0.0,7436,0.004166666666666652,-0.011138368088176032,0.008333333333333304,0,0,16,14,1.0,0,0,0,1,0
403,1,sympy:1,0,1,1.0,-0.0,1.0,1,1,0.0,1024,0.0,0.0,0.0,0,0,1,1,1.0,0,0,0,1,0
403,2,sympy:1,0,2,1.0,-0.0,1.0,1,2,0.0,1638,0.0,0.0,0.0,0,0,2,2,1.0,0,0,0,1,0
403,3,sympy:1,0,3,1.0,-0.0,1.0,1,3,0.0,2211,0.0,0.0,0.0,0,0,3,3,1.0,0,0,0,1,0
403,4,sympy:1,0,4,0.75,0.5623351446188083,0.5,2,4,0.0,2731,-0.25,0.5623351446188083,-0.5,0,0,4,2,0.6666666666666666,0,0,0,1,0
403,5,sympy:1,0,5,0.6,0.6730116670092565,0.2,2,5,0.0,3235,-0.15000000000000002,0.11067652239044823,-0.3,0,0,5,1,0.3333333333333333,0,0,0,1,0
403,6,sympy:1,0,6,0.6666666666666666,0.6365141682948128,0.3333333333333333,2,6,0.0,3789,0.06666666666666665,-0.036497498714443743,0.1333333333333333,0,0,6,2,0.3333333333333333,0,0,0,1,0
403,7,sympy:1,0,7,0.7142857142857143,0.5982695885852573,0.42857142857142855,2,7,0.0,4446,0.04761904761904767,-0.038244579709555526,0.09523809523809523,0,0,7,3,0.6666666666666666,0,0,0,1,0
403,8,sympy:1,0,8,0.75,0.5623351446188083,0.5,2,8,0.0,5133,0.0357142857142857,-0.03593444396644896,0.07142857142857145,0,0,8,4,1.0,0,0,0,1,0
403,9,sympy:1,0,9,0.7777777777777778,0.5297061990576545,0.5555555555555556,2,9,0.0,5735,0.02777777777777779,-0.03262894556115381,0.05555555555555558,0,0,9,5,1.0,0,0,0,1,0
403,10,sympy:1,0,10,0.8,0.5004024235381879,0.6,2,10,0.0,6317,0.022222222222222254,-0.029303775519466613,0.0444444444444444,0,0,10,6,1.0,0,0,0,1,0
403,11,sympy:1,0,11,0.8181818181818182,0.47413931305783735,0.6363636363636364,2,11,0.0,6903,0.018181818181818188,-0.026263110480350516,0.036363636363636376,0,0,11,7,1.0,0,0,0,1,0
403,12,sympy:1,0,12,0.8333333333333334,0.45056120886630463,0.6666666666666666,2,12,0.0,7489,0.015151515151515138,-0.023578104191532723,0.030303030303030276,0,0,12,8,1.0,0,0,0,1,0
403,13,sympy:1,0,13,0.8461538461538461,0.4293230219306162,0.6923076923076923,2,13,0.0,8084,0.012820512820512775,-0.021238186935688408,0.02564102564102566,0,0,13,9,1.0,0,0,0,1,0
403,14,sympy:1,0,14,0.7857142857142857,0.5195798391305154,0.5714285714285714,2,14,0.0,8711,-0.06043956043956045,0.0902568171998992,-0.1208791208791209,0,0,14,8,0.6666666666666666,0,0,0,1,0
403,15,sympy:1,0,15,0.8,0.5004024235381879,0.6,2,15,0.0,9250,0.014285714285714346,-0.01917741559232755,0.02857142857142858,0,0,15,9,0.6666666666666666,0,0,0,1,0
403,16,sympy:1,0,16,0.75,0.7029189307735104,0.5625,3,16,0.0,9786,-0.050000000000000044,0.20251650723532255,-0.03749999999999998,0,0,16,9,0.3333333333333333,0,0,0,1,0
404,1,sympy:3,1,1,1.0,-0.0,1.0,1,1,0.0,364,0.0,0.0,0.0,0,0,1,1,1.0,0,0,0,1,0
404,2,sympy:3,1,2,1.0,-0.0,1.0,1,2,0.0,651,0.0,0.0,0.0,0,0,2,2,1.0,0,0,0,1,0
404,3,sympy:3,1,3,1.0,-0.0,1.0,1,3,0.0,941,0.0,0.0,0.0,0,0,3,3,1.0,0,0,0,1,0
404,4,sympy:3,1,4,1.0,-0.0,1.0,1,4,0.0,1287,0.0,0.0,0.0,0,0,4,4,1.0,0,0,0,1,0
404,5,sympy:3,1,5,1.0,-0.0,1.0,1,5,0.0,1583,0.0,0.0,0.0,0,0,5,5,1.0,0,0,0,1,0
404,6,sympy:3,1,6,1.0,-0.0,1.0,1,6,0.0,1879,0.0,0.0,0.0,0,0,6,6,1.0,0,0,0,1,0
404,7,sympy:3,1,7,1.0,-0.0,1.0,1,7,0.0,2314,0.0,0.0,0.0,0,0,7,7,1.0,0,0,0,1,0
404,8,sympy:3,1,8,1.0,-0.0,1.0,1,8,0.0,2612,0.0,0.0,0.0,0,0,8,8,1.0,0,0,0,1,0
404,9,sympy:3,1,9,1.0,-0.0,1.0,1,9,0.0,2939,0.0,0.0,0.0,0,0,9,9,1.0,0,0,0,1,0
404,10,sympy:3,1,10,1.0,-0.0,1.0,1,10,0.0,3292,0.0,0.0,0.0,0,0,10,10,1.0,0,0,0,1,0
404,11,sympy:3,1,11,1.0,-0.0,1.0,1,11,0.0,3605,0.0,0.0,0.0,0,0,11,11,1.0,0,0,0,1,0
404,12,sympy:3,1,12,1.0,-0.0,1.0,1,12,0.0,3923,0.0,0.0,0.0,0,0,12,12,1.0,0,0,0,1,0
404,13,sympy:3,1,13,1.0,-0.0,1.0,1,13,0.0,4231,0.0,0.0,0.0,0,0,13,13,1.0,0,0,0,1,0
404,14,sympy:3,1,14,1.0,-0.0,1.0,1,14,0.0,4579,0.0,0.0,0.0,0,0,14,14,1.0,0,0,0,1,0
404,15,sympy:3,1,15,1.0,-0.0,1.0,1,15,0.0,4894,0.0,0.0,0.0,0,0,15,15,1.0,0,0,0,1,0
404,16,sympy:3,1,16,1.0,-0.0,1.0,1,16,0.0,5207,0.0,0.0,0.0,0,0,16,16,1.0,0,0,0,1,0
405,1,sympy:60,1,1,1.0,-0.0,1.0,1,1,0.0,372,0.0,0.0,0.0,0,0,1,1,1.0,0,0,0,1,0
405,2,sympy:60,1,2,1.0,-0.0,1.0,1,2,0.0,630,0.0,0.0,0.0,0,0,2,2,1.0,0,0,0,1,0
405,3,sympy:60,1,3,1.0,-0.0,1.0,1,3,0.0,826,0.0,0.0,0.0,0,0,3,3,1.0,0,0,0,1,0
405,4,sympy:60,1,4,1.0,-0.0,1.0,1,4,0.0,1257,0.0,0.0,0.0,0,0,4,4,1.0,0,0,0,1,0
405,5,sympy:60,1,5,1.0,-0.0,1.0,1,5,0.0,1753,0.0,0.0,0.0,0,0,5,5,1.0,0,0,0,1,0
405,6,sympy:60,1,6,1.0,-0.0,1.0,1,6,0.0,2138,0.0,0.0,0.0,0,0,6,6,1.0,0,0,0,1,0
405,7,sympy:60,1,7,1.0,-0.0,1.0,1,7,0.0,2331,0.0,0.0,0.0,0,0,7,7,1.0,0,0,0,1,0
405,8,sympy:60,1,8,1.0,-0.0,1.0,1,8,0.0,2761,0.0,0.0,0.0,0,0,8,8,1.0,0,0,0,1,0
405,9,sympy:60,1,9,1.0,-0.0,1.0,1,9,0.0,3187,0.0,0.0,0.0,0,0,9,9,1.0,0,0,0,1,0
405,10,sympy:60,1,10,1.0,-0.0,1.0,1,10,0.0,3456,0.0,0.0,0.0,0,0,10,10,1.0,0,0,0,1,0
405,11,sympy:60,1,11,1.0,-0.0,1.0,1,11,0.0,3832,0.0,0.0,0.0,0,0,11,11,1.0,0,0,0,1,0
405,12,sympy:60,1,12,1.0,-0.0,1.0,1,12,0.0,4025,0.0,0.0,0.0,0,0,12,12,1.0,0,0,0,1,0
405,13,sympy:60,1,13,1.0,-0.0,1.0,1,13,0.0,4445,0.0,0.0,0.0,0,0,13,13,1.0,0,0,0,1,0
405,14,sympy:60,1,14,1.0,-0.0,1.0,1,14,0.0,4924,0.0,0.0,0.0,0,0,14,14,1.0,0,0,0,1,0
405,15,sympy:60,1,15,1.0,-0.0,1.0,1,15,0.0,5334,0.0,0.0,0.0,0,0,15,15,1.0,0,0,0,1,0
405,16,sympy:60,1,16,1.0,-0.0,1.0,1,16,0.0,5715,0.0,0.0,0.0,0,0,16,16,1.0,0,0,0,1,0
406,1,sympy:0,1,1,1.0,-0.0,1.0,1,1,0.0,322,0.0,0.0,0.0,0,0,1,1,1.0,0,0,0,1,0
406,2,sympy:0,1,2,1.0,-0.0,1.0,1,2,0.0,473,0.0,0.0,0.0,0,0,2,2,1.0,0,0,0,1,0
406,3,sympy:0,1,3,1.0,-0.0,1.0,1,3,0.0,777,0.0,0.0,0.0,0,0,3,3,1.0,0,0,0,1,0
406,4,sympy:0,1,4,1.0,-0.0,1.0,1,4,0.0,1073,0.0,0.0,0.0,0,0,4,4,1.0,0,0,0,1,0
406,5,sympy:0,1,5,1.0,-0.0,1.0,1,5,0.0,1409,0.0,0.0,0.0,0,0,5,5,1.0,0,0,0,1,0
406,6,sympy:0,1,6,1.0,-0.0,1.0,1,6,0.0,1685,0.0,0.0,0.0,0,0,6,6,1.0,0,0,0,1,0
406,7,sympy:0,1,7,1.0,-0.0,1.0,1,7,0.0,1885,0.0,0.0,0.0,0,0,7,7,1.0,0,0,0,1,0
406,8,sympy:0,1,8,1.0,-0.0,1.0,1,8,0.0,2160,0.0,0.0,0.0,0,0,8,8,1.0,0,0,0,1,0
406,9,sympy:0,1,9,1.0,-0.0,1.0,1,9,0.0,2400,0.0,0.0,0.0,0,0,9,9,1.0,0,0,0,1,0
406,10,sympy:0,1,10,1.0,-0.0,1.0,1,10,0.0,2595,0.0,0.0,0.0,0,0,10,10,1.0,0,0,0,1,0
406,11,sympy:0,1,11,1.0,-0.0,1.0,1,11,0.0,2966,0.0,0.0,0.0,0,0,11,11,1.0,0,0,0,1,0
406,12,sympy:0,1,12,1.0,-0.0,1.0,1,12,0.0,3254,0.0,0.0,0.0,0,0,12,12,1.0,0,0,0,1,0
406,13,sympy:0,1,13,1.0,-0.0,1.0,1,13,0.0,3529,0.0,0.0,0.0,0,0,13,13,1.0,0,0,0,1,0
406,14,sympy:0,1,14,1.0,-0.0,1.0,1,14,0.0,3818,0.0,0.0,0.0,0,0,14,14,1.0,0,0,0,1,0
406,15,sympy:0,1,15,1.0,-0.0,1.0,1,15,0.0,4154,0.0,0.0,0.0,0,0,15,15,1.0,0,0,0,1,0
406,16,sympy:0,1,16,1.0,-0.0,1.0,1,16,0.0,4479,0.0,0.0,0.0,0,0,16,16,1.0,0,0,0,1,0
407,1,sympy:9,1,1,1.0,-0.0,1.0,1,1,0.0,304,0.0,0.0,0.0,0,0,1,1,1.0,0,0,0,1,0
407,2,sympy:9,1,2,1.0,-0.0,1.0,1,2,0.0,571,0.0,0.0,0.0,0,0,2,2,1.0,0,0,0,1,0
407,3,sympy:9,1,3,1.0,-0.0,1.0,1,3,0.0,886,0.0,0.0,0.0,0,0,3,3,1.0,0,0,0,1,0
407,4,sympy:9,1,4,1.0,-0.0,1.0,1,4,0.0,1171,0.0,0.0,0.0,0,0,4,4,1.0,0,0,0,1,0
407,5,sympy:9,1,5,1.0,-0.0,1.0,1,5,0.0,1424,0.0,0.0,0.0,0,0,5,5,1.0,0,0,0,1,0
407,6,sympy:9,1,6,1.0,-0.0,1.0,1,6,0.0,1698,0.0,0.0,0.0,0,0,6,6,1.0,0,0,0,1,0
407,7,sympy:9,1,7,1.0,-0.0,1.0,1,7,0.0,1947,0.0,0.0,0.0,0,0,7,7,1.0,0,0,0,1,0
407,8,sympy:9,1,8,1.0,-0.0,1.0,1,8,0.0,2195,0.0,0.0,0.0,0,0,8,8,1.0,0,0,0,1,0
407,9,sympy:9,1,9,1.0,-0.0,1.0,1,9,0.0,2429,0.0,0.0,0.0,0,0,9,9,1.0,0,0,0,1,0
407,10,sympy:9,1,10,1.0,-0.0,1.0,1,10,0.0,2739,0.0,0.0,0.0,0,0,10,10,1.0,0,0,0,1,0
407,11,sympy:9,1,11,1.0,-0.0,1.0,1,11,0.0,2980,0.0,0.0,0.0,0,0,11,11,1.0,0,0,0,1,0
407,12,sympy:9,1,12,1.0,-0.0,1.0,1,12,0.0,3266,0.0,0.0,0.0,0,0,12,12,1.0,0,0,0,1,0
407,13,sympy:9,1,13,1.0,-0.0,1.0,1,13,0.0,3556,0.0,0.0,0.0,0,0,13,13,1.0,0,0,0,1,0
407,14,sympy:9,1,14,1.0,-0.0,1.0,1,14,0.0,3807,0.0,0.0,0.0,0,0,14,14,1.0,0,0,0,1,0
407,15,sympy:9,1,15,1.0,-0.0,1.0,1,15,0.0,4084,0.0,0.0,0.0,0,0,15,15,1.0,0,0,0,1,0
407,16,sympy:9,1,16,1.0,-0.0,1.0,1,16,0.0,4366,0.0,0.0,0.0,0,0,16,16,1.0,0,0,0,1,0
408,1,,0,0,,,,0,0,1.0,1024,0.0,0.0,0.0,0,0,0,0,0.0,1,1,0,0,1
408,2,,0,0,,,,0,0,1.0,2048,0.0,0.0,0.0,0,0,0,0,0.0,1,1,0,0,1
408,3,,0,0,,,,0,0,1.0,3072,0.0,0.0,0.0,0,0,0,0,0.0,1,1,0,0,1
408,4,,0,0,,,,0,0,1.0,4096,0.0,0.0,0.0,0,0,0,0,0.0,1,1,0,0,1
408,5,,0,0,,,,0,0,1.0,5120,0.0,0.0,0.0,0,0,0,0,0.0,1,1,0,0,1
408,6,,0,0,,,,0,0,1.0,6144,0.0,0.0,0.0,0,0,0,0,0.0,1,1,0,0,1
408,7,,0,0,,,,0,0,1.0,7168,0.0,0.0,0.0,0,0,0,0,0.0,1,1,0,0,1
408,8,,0,0,,,,0,0,1.0,8192,0.0,0.0,0.0,0,0,0,0,0.0,1,1,0,0,1
408,9,,0,0,,,,0,0,1.0,9216,0.0,0.0,0.0,0,0,0,0,0.0,1,1,0,0,1
408,10,sympy:0.200000000000000,1,1,1.0,-0.0,1.0,1,1,0.9,10155,1.0,-0.0,1.0,0,0,1,1,1.0,0,0,0,1,0
408,11,sympy:0.200000000000000,1,2,0.5,0.6931471805599453,0.0,2,2,0.8181818181818182,10876,-0.5,0.6931471805599453,-1.0,0,0,2,0,0.5,0,0,0,1,0
408,12,sympy:0.200000000000000,1,2,0.5,0.6931471805599453,0.0,2,3,0.8333333333333334,11900,0.0,0.0,0.0,0,0,3,0,0.5,0,0,0,1,0
408,13,sympy:0.200000000000000,1,2,0.5,0.6931471805599453,0.0,2,4,0.8461538461538461,12924,0.0,0.0,0.0,0,0,4,0,0.0,0,0,0,1,0
408,14,sympy:0.200000000000000,1,2,0.5,0.6931471805599453,0.0,2,5,0.8571428571428571,13948,0.0,0.0,0.0,0,0,5,0,0.0,0,0,0,1,0
408,15,sympy:0.200000000000000,1,2,0.5,0.6931471805599453,0.0,2,6,0.8666666666666667,14972,0.0,0.0,0.0,0,0,6,0,0.0,0,0,0,1,0
408,16,sympy:0.200000000000000,1,2,0.5,0.6931471805599453,0.0,2,7,0.875,15996,0.0,0.0,0.0,0,0,7,0,0.0,0,0,0,1,0
409,1,sympy:2*sqrt(5),1,1,1.0,-0.0,1.0,1,1,0.0,693,0.0,0.0,0.0,0,0,1,1,1.0,0,0,0,1,0
409,2,sympy:2*sqrt(5),1,2,1.0,-0.0,1.0,1,2,0.0,1384,0.0,0.0,0.0,0,0,2,2,1.0,0,0,0,1,0
409,3,sympy:2*sqrt(5),1,3,1.0,-0.0,1.0,1,3,0.0,2024,0.0,0.0,0.0,0,0,3,3,1.0,0,0,0,1,0
409,4,sympy:2*sqrt(5),1,4,1.0,-0.0,1.0,1,4,0.0,2990,0.0,0.0,0.0,0,0,4,4,1.0,0,0,0,1,0
409,5,sympy:2*sqrt(5),1,5,1.0,-0.0,1.0,1,5,0.0,3717,0.0,0.0,0.0,0,0,5,5,1.0,0,0,0,1,0
409,6,sympy:2*sqrt(5),1,6,1.0,-0.0,1.0,1,6,0.0,4713,0.0,0.0,0.0,0,0,6,6,1.0,0,0,0,1,0
409,7,sympy:2*sqrt(5),1,7,1.0,-0.0,1.0,1,7,0.0,5283,0.0,0.0,0.0,0,0,7,7,1.0,0,0,0,1,0
409,8,sympy:2*sqrt(5),1,8,1.0,-0.0,1.0,1,8,0.0,5858,0.0,0.0,0.0,0,0,8,8,1.0,0,0,0,1,0
409,9,sympy:2*sqrt(5),1,9,1.0,-0.0,1.0,1,9,0.0,6587,0.0,0.0,0.0,0,0,9,9,1.0,0,0,0,1,0
409,10,sympy:2*sqrt(5),1,10,1.0,-0.0,1.0,1,10,0.0,7426,0.0,0.0,0.0,0,0,10,10,1.0,0,0,0,1,0
409,11,sympy:2*sqrt(5),1,11,1.0,-0.0,1.0,1,11,0.0,8156,0.0,0.0,0.0,0,0,11,11,1.0,0,0,0,1,0
409,12,sympy:2*sqrt(5),1,12,1.0,-0.0,1.0,1,12,0.0,8730,0.0,0.0,0.0,0,0,12,12,1.0,0,0,0,1,0
409,13,sympy:2*sqrt(5),1,13,1.0,-0.0,1.0,1,13,0.0,9623,0.0,0.0,0.0,0,0,13,13,1.0,0,0,0,1,0
409,14,sympy:2*sqrt(5),1,14,1.0,-0.0,1.0,1,14,0.0,10328,0.0,0.0,0.0,0,0,14,14,1.0,0,0,0,1,0
409,15,sympy:2*sqrt(5),1,15,1.0,-0.0,1.0,1,15,0.0,11240,0.0,0.0,0.0,0,0,15,15,1.0,0,0,0,1,0
409,16,sympy:2*sqrt(5),1,16,1.0,-0.0,1.0,1,16,0.0,11856,0.0,0.0,0.0,0,0,16,16,1.0,0,0,0,1,0
410,1,sympy:6,1,1,1.0,-0.0,1.0,1,1,0.0,470,0.0,0.0,0.0,0,0,1,1,1.0,0,0,0,1,0
410,2,sympy:6,1,2,1.0,-0.0,1.0,1,2,0.0,849,0.0,0.0,0.0,0,0,2,2,1.0,0,0,0,1,0
410,3,sympy:6,1,3,1.0,-0.0,1.0,1,3,0.0,1251,0.0,0.0,0.0,0,0,3,3,1.0,0,0,0,1,0
410,4,sympy:6,1,4,1.0,-0.0,1.0,1,4,0.0,1710,0.0,0.0,0.0,0,0,4,4,1.0,0,0,0,1,0
410,5,sympy:6,1,5,1.0,-0.0,1.0,1,5,0.0,2136,0.0,0.0,0.0,0,0,5,5,1.0,0,0,0,1,0
410,6,sympy:6,1,6,1.0,-0.0,1.0,1,6,0.0,2477,0.0,0.0,0.0,0,0,6,6,1.0,0,0,0,1,0
410,7,sympy:6,1,7,1.0,-0.0,1.0,1,7,0.0,2805,0.0,0.0,0.0,0,0,7,7,1.0,0,0,0,1,0
410,8,sympy:6,1,8,1.0,-0.0,1.0,1,8,0.0,3135,0.0,0.0,0.0,0,0,8,8,1.0,0,0,0,1,0
410,9,sympy:6,1,9,1.0,-0.0,1.0,1,9,0.0,3566,0.0,0.0,0.0,0,0,9,9,1.0,0,0,0,1,0
410,10,sympy:6,1,10,1.0,-0.0,1.0,1,10,0.0,3855,0.0,0.0,0.0,0,0,10,10,1.0,0,0,0,1,0
410,11,sympy:6,1,11,1.0,-0.0,1.0,1,11,0.0,4302,0.0,0.0,0.0,0,0,11,11,1.0,0,0,0,1,0
410,12,sympy:6,1,12,1.0,-0.0,1.0,1,12,0.0,4770,0.0,0.0,0.0,0,0,12,12,1.0,0,0,0,1,0
410,13,sympy:6,1,13,1.0,-0.0,1.0,1,13,0.0,5163,0.0,0.0,0.0,0,0,13,13,1.0,0,0,0,1,0
410,14,sympy:6,1,14,1.0,-0.0,1.0,1,14,0.0,5494,0.0,0.0,0.0,0,0,14,14,1.0,0,0,0,1,0
410,15,sympy:6,1,15,1.0,-0.0,1.0,1,15,0.0,5930,0.0,0.0,0.0,0,0,15,15,1.0,0,0,0,1,0
410,16,sympy:6,1,16,1.0,-0.0,1.0,1,16,0.0,6351,0.0,0.0,0.0,0,0,16,16,1.0,0,0,0,1,0
411,1,sympy:60,1,1,1.0,-0.0,1.0,1,1,0.0,149,0.0,0.0,0.0,0,0,1,1,1.0,0,0,0,1,0
411,2,sympy:60,1,2,1.0,-0.0,1.0,1,2,0.0,285,0.0,0.0,0.0,0,0,2,2,1.0,0,0,0,1,0
411,3,sympy:60,1,3,1.0,-0.0,1.0,1,3,0.0,480,0.0,0.0,0.0,0,0,3,3,1.0,0,0,0,1,0
411,4,sympy:60,1,4,1.0,-0.0,1.0,1,4,0.0,651,0.0,0.0,0.0,0,0,4,4,1.0,0,0,0,1,0
411,5,sympy:60,1,5,1.0,-0.0,1.0,1,5,0.0,784,0.0,0.0,0.0,0,0,5,5,1.0,0,0,0,1,0
411,6,sympy:60,1,6,1.0,-0.0,1.0,1,6,0.0,931,0.0,0.0,0.0,0,0,6,6,1.0,0,0,0,1,0
411,7,sympy:60,1,7,1.0,-0.0,1.0,1,7,0.0,1141,0.0,0.0,0.0,0,0,7,7,1.0,0,0,0,1,0
411,8,sympy:60,1,8,1.0,-0.0,1.0,1,8,0.0,1349,0.0,0.0,0.0,0,0,8,8,1.0,0,0,0,1,0
411,9,sympy:60,1,9,1.0,-0.0,1.0,1,9,0.0,1568,0.0,0.0,0.0,0,0,9,9,1.0,0,0,0,1,0
411,10,sympy:60,1,10,1.0,-0.0,1.0,1,10,0.0,1711,0.0,0.0,0.0,0,0,10,10,1.0,0,0,0,1,0
411,11,sympy:60,1,11,1.0,-0.0,1.0,1,11,0.0,1858,0.0,0.0,0.0,0,0,11,11,1.0,0,0,0,1,0
411,12,sympy:60,1,12,1.0,-0.0,1.0,1,12,0.0,2055,0.0,0.0,0.0,0,0,12,12,1.0,0,0,0,1,0
411,13,sympy:60,1,13,1.0,-0.0,1.0,1,13,0.0,2200,0.0,0.0,0.0,0,0,13,13,1.0,0,0,0,1,0
411,14,sympy:60,1,14,1.0,-0.0,1.0,1,14,0.0,2385,0.0,0.0,0.0,0,0,14,14,1.0,0,0,0,1,0
411,15,sympy:60,1,15,1.0,-0.0,1.0,1,15,0.0,2605,0.0,0.0,0.0,0,0,15,15,1.0,0,0,0,1,0
411,16,sympy:60,1,16,1.0,-0.0,1.0,1,16,0.0,2762,0.0,0.0,0.0,0,0,16,16,1.0,0,0,0,1,0
412,1,,0,0,,,,0,0,1.0,1024,0.0,0.0,0.0,0,0,0,0,0.0,1,0,0,1,1
412,2,,0,0,,,,0,0,1.0,2048,0.0,0.0,0.0,0,0,0,0,0.0,1,0,0,1,1
412,3,,0,0,,,,0,0,1.0,3072,0.0,0.0,0.0,0,0,0,0,0.0,1,0,0,1,1
412,4,sympy:406,1,1,1.0,-0.0,1.0,1,1,0.75,3923,1.0,-0.0,1.0,0,0,1,1,1.0,1,0,1,1,0
412,5,sympy:406,1,2,0.5,0.6931471805599453,0.0,2,2,0.6,4944,-0.5,0.6931471805599453,-1.0,0,0,2,0,0.5,1,0,1,1,0
412,6,sympy:406,1,2,0.5,0.6931471805599453,0.0,2,3,0.6666666666666666,5968,0.0,0.0,0.0,0,0,3,0,0.5,1,0,1,1,0
412,7,sympy:406,1,2,0.5,0.6931471805599453,0.0,2,4,0.7142857142857143,6992,0.0,0.0,0.0,0,0,4,0,0.0,1,0,1,1,0
412,8,sympy:406,1,2,0.5,0.6931471805599453,0.0,2,5,0.75,8016,0.0,0.0,0.0,0,0,5,0,0.0,1,0,1,1,0
412,9,sympy:406,1,2,0.5,0.6931471805599453,0.0,2,6,0.7777777777777778,9040,0.0,0.0,0.0,0,0,6,0,0.0,1,0,1,1,0
412,10,sympy:406,1,3,0.3333333333333333,1.0986122886681096,0.0,3,7,0.7,9792,-0.16666666666666669,0.4054651081081643,0.0,0,0,7,0,0.0,1,0,1,1,0
412,11,sympy:306,0,4,0.5,1.0397207708399179,0.25,3,1,0.6363636363636364,10473,0.16666666666666669,-0.058891517828191686,0.25,1,1,7,1,1.0,1,0,0,1,1
412,12,sympy:306,0,4,0.5,1.0397207708399179,0.25,3,2,0.6666666666666666,11497,0.0,0.0,0.0,0,1,7,1,1.0,1,0,0,1,1
412,13,sympy:306,0,4,0.5,1.0397207708399179,0.25,3,3,0.6923076923076923,12521,0.0,0.0,0.0,0,1,7,1,1.0,1,0,0,1,1
412,14,sympy:306,0,4,0.5,1.0397207708399179,0.25,3,4,0.7142857142857143,13545,0.0,0.0,0.0,0,1,7,1,0.0,1,0,0,1,1
412,15,sympy:306,0,5,0.4,1.3321790402101223,0.2,4,5,0.6666666666666666,14397,-0.09999999999999998,0.29245826937020447,-0.04999999999999999,0,1,7,1,0.0,1,0,0,1,1
412,16,sympy:451,0,6,0.3333333333333333,1.3296613488547582,0.0,4,1,0.625,15101,-0.06666666666666671,-0.002517691355364171,-0.2,1,2,7,0,0.5,0,0,0,1,0
413,1,sympy:5*r**5,1,1,1.0,-0.0,1.0,1,1,0.0,310,0.0,0.0,0.0,0,0,1,1,1.0,0,0,0,1,0
413,2,sympy:5*r**5,1,2,1.0,-0.0,1.0,1,2,0.0,670,0.0,0.0,0.0,0,0,2,2,1.0,0,0,0,1,0
413,3,sympy:5*r**5,1,3,1.0,-0.0,1.0,1,3,0.0,1694,0.0,0.0,0.0,0,0,3,3,1.0,0,0,0,1,0
413,4,sympy:5*r**5,1,4,1.0,-0.0,1.0,1,4,0.0,2039,0.0,0.0,0.0,0,0,4,4,1.0,0,0,0,1,0
413,5,sympy:5*r**5,1,5,1.0,-0.0,1.0,1,5,0.0,2456,0.0,0.0,0.0,0,0,5,5,1.0,0,0,0,1,0
413,6,sympy:5*r**5,1,6,1.0,-0.0,1.0,1,6,0.0,2808,0.0,0.0,0.0,0,0,6,6,1.0,0,0,0,1,0
413,7,sympy:5*r**5,1,7,1.0,-0.0,1.0,1,7,0.0,3063,0.0,0.0,0.0,0,0,7,7,1.0,0,0,0,1,0
413,8,sympy:5*r**5,1,8,1.0,-0.0,1.0,1,8,0.0,3349,0.0,0.0,0.0,0,0,8,8,1.0,0,0,0,1,0
413,9,sympy:5*r**5,1,9,1.0,-0.0,1.0,1,9,0.0,3575,0.0,0.0,0.0,0,0,9,9,1.0,0,0,0,1,0
413,10,sympy:5*r**5,1,10,1.0,-0.0,1.0,1,10,0.0,3821,0.0,0.0,0.0,0,0,10,10,1.0,0,0,0,1,0
413,11,sympy:5*r**5,1,11,1.0,-0.0,1.0,1,11,0.0,4051,0.0,0.0,0.0,0,0,11,11,1.0,0,0,0,1,0
413,12,sympy:5*r**5,1,12,1.0,-0.0,1.0,1,12,0.0,4316,0.0,0.0,0.0,0,0,12,12,1.0,0,0,0,1,0
413,13,sympy:5*r**5,1,13,1.0,-0.0,1.0,1,13,0.0,4573,0.0,0.0,0.0,0,0,13,13,1.0,0,0,0,1,0
413,14,sympy:5*r**5,1,14,1.0,-0.0,1.0,1,14,0.0,4845,0.0,0.0,0.0,0,0,14,14,1.0,0,0,0,1,0
413,15,sympy:5*r**5,1,15,1.0,-0.0,1.0,1,15,0.0,5094,0.0,0.0,0.0,0,0,15,15,1.0,0,0,0,1,0
413,16,sympy:5*r**5,1,16,1.0,-0.0,1.0,1,16,0.0,5320,0.0,0.0,0.0,0,0,16,16,1.0,0,0,0,1,0
414,1,sympy:10,1,1,1.0,-0.0,1.0,1,1,0.0,449,0.0,0.0,0.0,0,0,1,1,1.0,0,0,0,1,0
414,2,sympy:10,1,2,1.0,-0.0,1.0,1,2,0.0,850,0.0,0.0,0.0,0,0,2,2,1.0,0,0,0,1,0
414,3,sympy:10,1,3,1.0,-0.0,1.0,1,3,0.0,1337,0.0,0.0,0.0,0,0,3,3,1.0,0,0,0,1,0
414,4,sympy:10,1,4,1.0,-0.0,1.0,1,4,0.0,1765,0.0,0.0,0.0,0,0,4,4,1.0,0,0,0,1,0
414,5,sympy:10,1,5,1.0,-0.0,1.0,1,5,0.0,2192,0.0,0.0,0.0,0,0,5,5,1.0,0,0,0,1,0
414,6,sympy:10,1,6,1.0,-0.0,1.0,1,6,0.0,2773,0.0,0.0,0.0,0,0,6,6,1.0,0,0,0,1,0
414,7,sympy:10,1,7,1.0,-0.0,1.0,1,7,0.0,3323,0.0,0.0,0.0,0,0,7,7,1.0,0,0,0,1,0
414,8,sympy:10,1,8,1.0,-0.0,1.0,1,8,0.0,3750,0.0,0.0,0.0,0,0,8,8,1.0,0,0,0,1,0
414,9,sympy:10,1,9,1.0,-0.0,1.0,1,9,0.0,4187,0.0,0.0,0.0,0,0,9,9,1.0,0,0,0,1,0
414,10,sympy:10,1,10,1.0,-0.0,1.0,1,10,0.0,4679,0.0,0.0,0.0,0,0,10,10,1.0,0,0,0,1,0
414,11,sympy:10,1,11,1.0,-0.0,1.0,1,11,0.0,5146,0.0,0.0,0.0,0,0,11,11,1.0,0,0,0,1,0
414,12,sympy:10,1,12,1.0,-0.0,1.0,1,12,0.0,5670,0.0,0.0,0.0,0,0,12,12,1.0,0,0,0,1,0
414,13,sympy:10,1,13,1.0,-0.0,1.0,1,13,0.0,6064,0.0,0.0,0.0,0,0,13,13,1.0,0,0,0,1,0
414,14,sympy:10,1,14,1.0,-0.0,1.0,1,14,0.0,6582,0.0,0.0,0.0,0,0,14,14,1.0,0,0,0,1,0
414,15,sympy:10,1,15,1.0,-0.0,1.0,1,15,0.0,7151,0.0,0.0,0.0,0,0,15,15,1.0,0,0,0,1,0
414,16,sympy:10,1,16,1.0,-0.0,1.0,1,16,0.0,7766,0.0,0.0,0.0,0,0,16,16,1.0,0,0,0,1,0
415,1,sympy:9,1,1,1.0,-0.0,1.0,1,1,0.0,753,0.0,0.0,0.0,0,0,1,1,1.0,0,0,0,1,0
415,2,sympy:9,1,2,1.0,-0.0,1.0,1,2,0.0,1402,0.0,0.0,0.0,0,0,2,2,1.0,0,0,0,1,0
415,3,sympy:9,1,3,1.0,-0.0,1.0,1,3,0.0,2134,0.0,0.0,0.0,0,0,3,3,1.0,0,0,0,1,0
415,4,sympy:9,1,4,1.0,-0.0,1.0,1,4,0.0,3103,0.0,0.0,0.0,0,0,4,4,1.0,0,0,0,1,0
415,5,sympy:9,1,5,1.0,-0.0,1.0,1,5,0.0,3780,0.0,0.0,0.0,0,0,5,5,1.0,0,0,0,1,0
415,6,sympy:9,1,6,1.0,-0.0,1.0,1,6,0.0,4756,0.0,0.0,0.0,0,0,6,6,1.0,0,0,0,1,0
415,7,sympy:9,1,7,0.8571428571428571,0.410116318288409,0.7142857142857143,2,7,0.0,5630,-0.1428571428571429,0.410116318288409,-0.2857142857142857,0,0,7,5,0.6666666666666666,0,0,0,1,0
415,8,sympy:9,1,8,0.875,0.37677016125643675,0.75,2,8,0.0,6305,0.017857142857142905,-0.033346157031972246,0.0357142857142857,0,0,8,6,0.6666666666666666,0,0,0,1,0
415,9,sympy:9,1,9,0.8888888888888888,0.34883209584303193,0.7777777777777778,2,9,0.0,7180,0.01388888888888884,-0.027938065413404822,0.02777777777777779,0,0,9,7,0.6666666666666666,0,0,0,1,0
415,10,sympy:9,1,10,0.9,0.3250829733914482,0.8,2,10,0.0,7840,0.011111111111111183,-0.023749122451583726,0.022222222222222254,0,0,10,8,1.0,0,0,0,1,0
415,11,sympy:9,1,11,0.9090909090909091,0.30463609734923813,0.8181818181818182,2,11,0.0,8580,0.009090909090909038,-0.02044687604221007,0.018181818181818188,0,0,11,9,1.0,0,0,0,1,0
415,12,sympy:9,1,12,0.9166666666666666,0.2868359830561607,0.8333333333333334,2,12,0.0,9296,0.007575757575757569,-0.01780011429307743,0.015151515151515138,0,0,12,10,1.0,0,0,0,1,0
415,13,sympy:9,1,13,0.9230769230769231,0.2711893730418441,0.8461538461538461,2,13,0.0,9983,0.0064102564102564985,-0.01564661001431661,0.012820512820512775,0,0,13,11,1.0,0,0,0,1,0
415,14,sympy:9,1,14,0.9285714285714286,0.25731864054383163,0.8571428571428571,2,14,0.0,10938,0.005494505494505475,-0.013870732498012461,0.01098901098901095,0,0,14,12,1.0,0,0,0,1,0
415,15,sympy:9,1,15,0.9333333333333333,0.24493002679463532,0.8666666666666667,2,15,0.0,11656,0.004761904761904745,-0.012388613749196309,0.009523809523809601,0,0,15,13,1.0,0,0,0,1,0
415,16,sympy:9,1,16,0.9375,0.2337916587064593,0.875,2,16,0.0,12375,0.004166666666666652,-0.011138368088176032,0.008333333333333304,0,0,16,14,1.0,0,0,0,1,0
416,1,sympy:1/8,1,1,1.0,-0.0,1.0,1,1,0.0,494,0.0,0.0,0.0,0,0,1,1,1.0,0,0,0,1,0
416,2,sympy:1/8,1,2,1.0,-0.0,1.0,1,2,0.0,1075,0.0,0.0,0.0,0,0,2,2,1.0,0,0,0,1,0
416,3,sympy:1/8,1,3,1.0,-0.0,1.0,1,3,0.0,1772,0.0,0.0,0.0,0,0,3,3,1.0,0,0,0,1,0
416,4,sympy:1/8,1,4,1.0,-0.0,1.0,1,4,0.0,2550,0.0,0.0,0.0,0,0,4,4,1.0,0,0,0,1,0
416,5,sympy:1/8,1,5,1.0,-0.0,1.0,1,5,0.0,3054,0.0,0.0,0.0,0,0,5,5,1.0,0,0,0,1,0
416,6,sympy:1/8,1,6,0.8333333333333334,0.45056120886630463,0.6666666666666666,2,6,0.0,3926,-0.16666666666666663,0.45056120886630463,-0.33333333333333337,0,0,6,4,0.6666666666666666,0,0,0,1,0
416,7,sympy:1/8,1,6,0.8333333333333334,0.45056120886630463,0.6666666666666666,2,7,0.14285714285714285,4950,0.0,0.0,0.0,0,0,7,4,0.5,0,0,0,1,0
416,8,sympy:1/8,1,7,0.8571428571428571,0.410116318288409,0.7142857142857143,2,8,0.125,5723,0.023809523809523725,-0.04044489057789563,0.04761904761904767,0,0,8,5,0.5,0,0,0,1,0
416,9,sympy:1/8,1,8,0.75,0.7356219397587946,0.625,3,9,0.1111111111111111,6448,-0.1071428571428571,0.32550562147038564,-0.0892857142857143,0,0,9,5,0.5,0,0,0,1,0
416,10,sympy:1/8,1,9,0.7777777777777778,0.6837389058487535,0.6666666666666666,3,10,0.1,6965,0.02777777777777779,-0.05188303391004112,0.04166666666666663,0,0,10,6,0.6666666666666666,0,0,0,1,0
416,11,sympy:1/8,1,10,0.8,0.639031859650177,0.7,3,11,0.09090909090909091,7439,0.022222222222222254,-0.04470704619857657,0.033333333333333326,0,0,11,7,0.6666666666666666,0,0,0,1,0
416,12,sympy:1/8,1,11,0.8181818181818182,0.6001660731596457,0.7272727272727273,3,12,0.08333333333333333,7970,0.018181818181818188,-0.038865786490531296,0.027272727272727337,0,0,12,8,1.0,0,0,0,1,0
416,13,sympy:1/8,1,12,0.8333333333333334,0.5660857389596289,0.75,3,13,0.07692307692307693,8531,0.015151515151515138,-0.03408033420001677,0.022727272727272707,0,0,13,9,1.0,0,0,0,1,0
416,14,sympy:1/8,1,13,0.8461538461538461,0.5359610497090694,0.7692307692307693,3,14,0.07142857142857142,9448,0.012820512820512775,-0.030124689250559444,0.019230769230769273,0,0,14,10,1.0,0,0,0,1,0
416,15,sympy:1/8,1,14,0.8571428571428571,0.509137344082687,0.7857142857142857,3,15,0.06666666666666667,9933,0.01098901098901095,-0.026823705626382477,0.016483516483516425,0,0,15,11,1.0,0,0,0,1,0
416,16,sympy:1/8,1,15,0.8666666666666667,0.48509409130221154,0.8,3,16,0.0625,10426,0.009523809523809601,-0.02404325278047542,0.014285714285714346,0,0,16,12,1.0,0,0,0,1,0
417,1,sympy:-2,1,1,1.0,-0.0,1.0,1,1,0.0,217,0.0,0.0,0.0,0,0,1,1,1.0,0,0,0,1,0
417,2,sympy:-2,1,2,1.0,-0.0,1.0,1,2,0.0,538,0.0,0.0,0.0,0,0,2,2,1.0,0,0,0,1,0
417,3,sympy:-2,1,3,1.0,-0.0,1.0,1,3,0.0,731,0.0,0.0,0.0,0,0,3,3,1.0,0,0,0,1,0
417,4,sympy:-2,1,4,1.0,-0.0,1.0,1,4,0.0,1057,0.0,0.0,0.0,0,0,4,4,1.0,0,0,0,1,0
417,5,sympy:-2,1,5,1.0,-0.0,1.0,1,5,0.0,1265,0.0,0.0,0.0,0,0,5,5,1.0,0,0,0,1,0
417,6,sympy:-2,1,6,1.0,-0.0,1.0,1,6,0.0,1525,0.0,0.0,0.0,0,0,6,6,1.0,0,0,0,1,0
417,7,sympy:-2,1,7,1.0,-0.0,1.0,1,7,0.0,1844,0.0,0.0,0.0,0,0,7,7,1.0,0,0,0,1,0
417,8,sympy:-2,1,8,1.0,-0.0,1.0,1,8,0.0,2053,0.0,0.0,0.0,0,0,8,8,1.0,0,0,0,1,0
417,9,sympy:-2,1,9,1.0,-0.0,1.0,1,9,0.0,2407,0.0,0.0,0.0,0,0,9,9,1.0,0,0,0,1,0
417,10,sympy:-2,1,10,1.0,-0.0,1.0,1,10,0.0,2731,0.0,0.0,0.0,0,0,10,10,1.0,0,0,0,1,0
417,11,sympy:-2,1,11,1.0,-0.0,1.0,1,11,0.0,2931,0.0,0.0,0.0,0,0,11,11,1.0,0,0,0,1,0
417,12,sympy:-2,1,12,1.0,-0.0,1.0,1,12,0.0,3172,0.0,0.0,0.0,0,0,12,12,1.0,0,0,0,1,0
417,13,sympy:-2,1,13,1.0,-0.0,1.0,1,13,0.0,3499,0.0,0.0,0.0,0,0,13,13,1.0,0,0,0,1,0
417,14,sympy:-2,1,14,1.0,-0.0,1.0,1,14,0.0,4204,0.0,0.0,0.0,0,0,14,14,1.0,0,0,0,1,0
417,15,sympy:-2,1,15,1.0,-0.0,1.0,1,15,0.0,4530,0.0,0.0,0.0,0,0,15,15,1.0,0,0,0,1,0
417,16,sympy:-2,1,16,1.0,-0.0,1.0,1,16,0.0,4793,0.0,0.0,0.0,0,0,16,16,1.0,0,0,0,1,0
418,1,sympy:2*sqrt(5),1,1,1.0,-0.0,1.0,1,1,0.0,504,0.0,0.0,0.0,0,0,1,1,1.0,0,0,0,1,0
418,2,sympy:2*sqrt(5),1,2,1.0,-0.0,1.0,1,2,0.0,1528,0.0,0.0,0.0,0,0,2,2,1.0,0,0,0,1,0
418,3,sympy:2*sqrt(5),1,3,1.0,-0.0,1.0,1,3,0.0,1970,0.0,0.0,0.0,0,0,3,3,1.0,0,0,0,1,0
418,4,sympy:2*sqrt(5),1,4,1.0,-0.0,1.0,1,4,0.0,2635,0.0,0.0,0.0,0,0,4,4,1.0,0,0,0,1,0
418,5,sympy:2*sqrt(5),1,5,1.0,-0.0,1.0,1,5,0.0,3057,0.0,0.0,0.0,0,0,5,5,1.0,0,0,0,1,0
418,6,sympy:2*sqrt(5),1,6,1.0,-0.0,1.0,1,6,0.0,3719,0.0,0.0,0.0,0,0,6,6,1.0,0,0,0,1,0
418,7,sympy:2*sqrt(5),1,7,1.0,-0.0,1.0,1,7,0.0,4123,0.0,0.0,0.0,0,0,7,7,1.0,0,0,0,1,0
418,8,sympy:2*sqrt(5),1,8,1.0,-0.0,1.0,1,8,0.0,5147,0.0,0.0,0.0,0,0,8,8,1.0,0,0,0,1,0
418,9,sympy:2*sqrt(5),1,9,1.0,-0.0,1.0,1,9,0.0,5579,0.0,0.0,0.0,0,0,9,9,1.0,0,0,0,1,0
418,10,sympy:2*sqrt(5),1,10,1.0,-0.0,1.0,1,10,0.0,6062,0.0,0.0,0.0,0,0,10,10,1.0,0,0,0,1,0
418,11,sympy:2*sqrt(5),1,11,1.0,-0.0,1.0,1,11,0.0,6538,0.0,0.0,0.0,0,0,11,11,1.0,0,0,0,1,0
418,12,sympy:2*sqrt(5),1,12,1.0,-0.0,1.0,1,12,0.0,7034,0.0,0.0,0.0,0,0,12,12,1.0,0,0,0,1,0
418,13,sympy:2*sqrt(5),1,13,1.0,-0.0,1.0,1,13,0.0,7517,0.0,0.0,0.0,0,0,13,13,1.0,0,0,0,1,0
418,14,sympy:2*sqrt(5),1,14,1.0,-0.0,1.0,1,14,0.0,7898,0.0,0.0,0.0,0,0,14,14,1.0,0,0,0,1,0
418,15,sympy:2*sqrt(5),1,15,1.0,-0.0,1.0,1,15,0.0,8386,0.0,0.0,0.0,0,0,15,15,1.0,0,0,0,1,0
418,16,sympy:2*sqrt(5),1,16,1.0,-0.0,1.0,1,16,0.0,8868,0.0,0.0,0.0,0,0,16,16,1.0,0,0,0,1,0
419,1,,0,0,,,,0,0,1.0,1024,0.0,0.0,0.0,0,0,0,0,0.0,1,0,0,1,1
419,2,,0,0,,,,0,0,1.0,2048,0.0,0.0,0.0,0,0,0,0,0.0,1,0,0,1,1
419,3,,0,0,,,,0,0,1.0,3072,0.0,0.0,0.0,0,0,0,0,0.0,1,0,0,1,1
419,4,sympy:-30,0,1,1.0,-0.0,1.0,1,1,0.75,3834,1.0,-0.0,1.0,0,0,1,1,1.0,0,0,0,1,0
419,5,sympy:-30,0,1,1.0,-0.0,1.0,1,2,0.8,4858,0.0,0.0,0.0,0,0,2,1,1.0,0,0,0,1,0
419,6,sympy:-30,0,1,1.0,-0.0,1.0,1,3,0.8333333333333334,5882,0.0,0.0,0.0,0,0,3,1,1.0,0,0,0,1,0
419,7,sympy:-30,0,1,1.0,-0.0,1.0,1,4,0.8571428571428571,6906,0.0,0.0,0.0,0,0,4,1,0.0,0,0,0,1,0
419,8,sympy:-30,0,2,0.5,0.6931471805599453,0.0,2,5,0.75,7655,-0.5,0.6931471805599453,-1.0,0,0,5,0,0.0,0,0,0,1,0
419,9,sympy:-30,0,2,0.5,0.6931471805599453,0.0,2,6,0.7777777777777778,8679,0.0,0.0,0.0,0,0,6,0,0.0,0,0,0,1,0
419,10,sympy:-30,0,3,0.3333333333333333,1.0986122886681096,0.0,3,7,0.7,9644,-0.16666666666666669,0.4054651081081643,0.0,0,0,7,0,0.0,0,0,0,1,0
419,11,sympy:-30,0,3,0.3333333333333333,1.0986122886681096,0.0,3,8,0.7272727272727273,10668,0.0,0.0,0.0,0,0,8,0,0.0,0,0,0,1,0
419,12,sympy:-30,0,3,0.3333333333333333,1.0986122886681096,0.0,3,9,0.75,11692,0.0,0.0,0.0,0,0,9,0,0.0,0,0,0,1,0
419,13,sympy:-30,0,3,0.3333333333333333,1.0986122886681096,0.0,3,10,0.7692307692307693,12716,0.0,0.0,0.0,0,0,10,0,0.0,0,0,0,1,0
419,14,sympy:-30,0,3,0.3333333333333333,1.0986122886681096,0.0,3,11,0.7857142857142857,13740,0.0,0.0,0.0,0,0,11,0,0.0,0,0,0,1,0
419,15,sympy:-30,0,4,0.5,1.0397207708399179,0.25,3,12,0.7333333333333333,14593,0.16666666666666669,-0.058891517828191686,0.25,0,0,12,1,1.0,0,0,0,1,0
419,16,sympy:-30,0,4,0.5,1.0397207708399179,0.25,3,13,0.75,15617,0.0,0.0,0.0,0,0,13,1,1.0,0,0,0,1,0
420,1,"parsed:Matrix([[16/49], [f*r*a*c*97], [f*r*a*c*73]])",0,1,1.0,-0.0,1.0,1,1,0.0,547,0.0,0.0,0.0,0,0,1,1,1.0,0,0,0,1,0
420,2,"parsed:Matrix([[16/49], [f*r*a*c*97], [f*r*a*c*73]])",0,2,1.0,-0.0,1.0,1,2,0.0,999,0.0,0.0,0.0,0,0,2,2,1.0,0,0,0,1,0
420,3,"parsed:Matrix([[16/49], [f*r*a*c*97], [f*r*a*c*73]])",0,3,1.0,-0.0,1.0,1,3,0.0,1544,0.0,0.0,0.0,0,0,3,3,1.0,0,0,0,1,0
420,4,"parsed:Matrix([[16/49], [f*r*a*c*97], [f*r*a*c*73]])",0,4,1.0,-0.0,1.0,1,4,0.0,2089,0.0,0.0,0.0,0,0,4,4,1.0,0,0,0,1,0
420,5,"parsed:Matrix([[16/49], [f*r*a*c*97], [f*r*a*c*73]])",0,5,1.0,-0.0,1.0,1,5,0.0,2652,0.0,0.0,0.0,0,0,5,5,1.0,0,0,0,1,0
420,6,"parsed:Matrix([[16/49], [f*r*a*c*97], [f*r*a*c*73]])",0,6,1.0,-0.0,1.0,1,6,0.0,3155,0.0,0.0,0.0,0,0,6,6,1.0,0,0,0,1,0
420,7,"parsed:Matrix([[16/49], [f*r*a*c*97], [f*r*a*c*73]])",0,7,1.0,-0.0,1.0,1,7,0.0,3658,0.0,0.0,0.0,0,0,7,7,1.0,0,0,0,1,0
420,8,"parsed:Matrix([[16/49], [f*r*a*c*97], [f*r*a*c*73]])",0,8,1.0,-0.0,1.0,1,8,0.0,4160,0.0,0.0,0.0,0,0,8,8,1.0,0,0,0,1,0
420,9,"parsed:Matrix([[16/49], [f*r*a*c*97], [f*r*a*c*73]])",0,9,1.0,-0.0,1.0,1,9,0.0,4727,0.0,0.0,0.0,0,0,9,9,1.0,0,0,0,1,0
420,10,"parsed:Matrix([[16/49], [f*r*a*c*97], [f*r*a*c*73]])",0,10,1.0,-0.0,1.0,1,10,0.0,5260,0.0,0.0,0.0,0,0,10,10,1.0,0,0,0,1,0
420,11,"parsed:Matrix([[16/49], [f*r*a*c*97], [f*r*a*c*73]])",0,11,1.0,-0.0,1.0,1,11,0.0,5782,0.0,0.0,0.0,0,0,11,11,1.0,0,0,0,1,0
420,12,"parsed:Matrix([[16/49], [f*r*a*c*97], [f*r*a*c*73]])",0,12,1.0,-0.0,1.0,1,12,0.0,6346,0.0,0.0,0.0,0,0,12,12,1.0,0,0,0,1,0
420,13,"parsed:Matrix([[16/49], [f*r*a*c*97], [f*r*a*c*73]])",0,13,1.0,-0.0,1.0,1,13,0.0,6891,0.0,0.0,0.0,0,0,13,13,1.0,0,0,0,1,0
420,14,"parsed:Matrix([[16/49], [f*r*a*c*97], [f*r*a*c*73]])",0,14,1.0,-0.0,1.0,1,14,0.0,7437,0.0,0.0,0.0,0,0,14,14,1.0,0,0,0,1,0
420,15,"parsed:Matrix([[16/49], [f*r*a*c*97], [f*r*a*c*73]])",0,15,1.0,-0.0,1.0,1,15,0.0,7939,0.0,0.0,0.0,0,0,15,15,1.0,0,0,0,1,0
420,16,"parsed:Matrix([[16/49], [f*r*a*c*97], [f*r*a*c*73]])",0,16,1.0,-0.0,1.0,1,16,0.0,8441,0.0,0.0,0.0,0,0,16,16,1.0,0,0,0,1,0
421,1,sympy:27,1,1,1.0,-0.0,1.0,1,1,0.0,790,0.0,0.0,0.0,0,0,1,1,1.0,0,0,0,1,0
421,2,sympy:27,1,1,1.0,-0.0,1.0,1,2,0.5,1814,0.0,0.0,0.0,0,0,2,1,1.0,0,0,0,1,0
421,3,sympy:27,1,2,1.0,-0.0,1.0,1,3,0.3333333333333333,2741,0.0,0.0,0.0,0,0,3,2,1.0,0,0,0,1,0
421,4,sympy:27,1,3,0.6666666666666666,0.6365141682948128,0.3333333333333333,2,4,0.25,3687,-0.33333333333333337,0.6365141682948128,-0.6666666666666667,0,0,4,1,0.5,0,0,0,1,0
421,5,sympy:27,1,3,0.6666666666666666,0.6365141682948128,0.3333333333333333,2,5,0.4,4711,0.0,0.0,0.0,0,0,5,1,0.5,0,0,0,1,0
421,6,sympy:27,1,3,0.6666666666666666,0.6365141682948128,0.3333333333333333,2,6,0.5,5735,0.0,0.0,0.0,0,0,6,1,0.0,0,0,0,1,0
421,7,sympy:27,1,4,0.75,0.5623351446188083,0.5,2,7,0.42857142857142855,6501,0.08333333333333337,-0.07417902367600449,0.16666666666666669,0,0,7,2,1.0,0,0,0,1,0
421,8,sympy:27,1,5,0.6,0.9502705392332347,0.4,3,8,0.375,7525,-0.15000000000000002,0.3879353946144264,-0.09999999999999998,0,0,8,2,0.5,0,0,0,1,0
421,9,sympy:27,1,6,0.6666666666666666,0.8675632284814612,0.5,3,9,0.3333333333333333,8326,0.06666666666666665,-0.08270731075177351,0.09999999999999998,0,0,9,3,0.6666666666666666,0,0,0,1,0
421,10,sympy:27,1,7,0.5714285714285714,1.1537419427010902,0.42857142857142855,4,10,0.3,9142,-0.09523809523809523,0.28617871421962904,-0.07142857142857145,0,0,10,3,0.3333333333333333,0,0,0,1,0
421,11,sympy:27,1,8,0.625,1.073542846408523,0.5,4,11,0.2727272727272727,9941,0.0535714285714286,-0.08019909629256716,0.07142857142857145,0,0,11,4,0.6666666666666666,0,0,0,1,0
421,12,sympy:27,1,8,0.625,1.073542846408523,0.5,4,12,0.3333333333333333,10965,0.0,0.0,0.0,0,0,12,4,0.5,0,0,0,1,0
421,13,sympy:27,1,9,0.5555555555555556,1.1490596969706202,0.3333333333333333,4,13,0.3076923076923077,11856,-0.06944444444444442,0.07551685056209712,-0.16666666666666669,0,0,13,3,0.5,0,0,0,1,0
421,14,sympy:27,1,9,0.5555555555555556,1.1490596969706202,0.3333333333333333,4,14,0.35714285714285715,12880,0.0,0.0,0.0,0,0,14,3,0.0,0,0,0,1,0
421,15,sympy:27,1,10,0.6,1.0888999753452238,0.4,4,15,0.3333333333333333,13623,0.0444444444444444,-0.0601597216253964,0.06666666666666671,0,0,15,4,0.5,0,0,0,1,0
421,16,sympy:27,1,11,0.5454545454545454,1.294545165844896,0.36363636363636365,5,16,0.3125,14487,-0.054545454545454564,0.20564519049967234,-0.036363636363636376,0,0,16,4,0.5,0,0,0,1,0
422,1,,0,0,,,,0,0,1.0,1024,0.0,0.0,0.0,0,0,0,0,0.0,1,0,0,1,1
422,2,,0,0,,,,0,0,1.0,2048,0.0,0.0,0.0,0,0,0,0,0.0,1,0,0,1,1
422,3,,0,0,,,,0,0,1.0,3072,0.0,0.0,0.0,0,0,0,0,0.0,1,0,0,1,1
422,4,,0,0,,,,0,0,1.0,4096,0.0,0.0,0.0,0,0,0,0,0.0,1,0,0,1,1
422,5,,0,0,,,,0,0,1.0,5120,0.0,0.0,0.0,0,0,0,0,0.0,1,0,0,1,1
422,6,,0,0,,,,0,0,1.0,6144,0.0,0.0,0.0,0,0,0,0,0.0,1,0,0,1,1
422,7,"sympy:{-2, 1}",0,1,1.0,-0.0,1.0,1,1,0.8571428571428571,7116,1.0,-0.0,1.0,0,0,1,1,1.0,0,0,0,1,0
422,8,"sympy:{-2, 1}",0,1,1.0,-0.0,1.0,1,2,0.875,8140,0.0,0.0,0.0,0,0,2,1,1.0,0,0,0,1,0
422,9,"sympy:{-2, 1}",0,1,1.0,-0.0,1.0,1,3,0.8888888888888888,9164,0.0,0.0,0.0,0,0,3,1,1.0,0,0,0,1,0
422,10,"sympy:{-2, 1}",0,1,1.0,-0.0,1.0,1,4,0.9,10188,0.0,0.0,0.0,0,0,4,1,0.0,0,0,0,1,0
422,11,"sympy:{-2, 1}",0,1,1.0,-0.0,1.0,1,5,0.9090909090909091,11212,0.0,0.0,0.0,0,0,5,1,0.0,0,0,0,1,0
422,12,"sympy:{-2, 1}",0,1,1.0,-0.0,1.0,1,6,0.9166666666666666,12236,0.0,0.0,0.0,0,0,6,1,0.0,0,0,0,1,0
422,13,"sympy:{-2, 1}",0,1,1.0,-0.0,1.0,1,7,0.9230769230769231,13260,0.0,0.0,0.0,0,0,7,1,0.0,0,0,0,1,0
422,14,"sympy:{-2, 1}",0,1,1.0,-0.0,1.0,1,8,0.9285714285714286,14284,0.0,0.0,0.0,0,0,8,1,0.0,0,0,0,1,0
422,15,"sympy:{-2, 1}",0,1,1.0,-0.0,1.0,1,9,0.9333333333333333,15308,0.0,0.0,0.0,0,0,9,1,0.0,0,0,0,1,0
422,16,"sympy:{-2, 1}",0,1,1.0,-0.0,1.0,1,10,0.9375,16332,0.0,0.0,0.0,0,0,10,1,0.0,0,0,0,1,0
423,1,sympy:1440,1,1,1.0,-0.0,1.0,1,1,0.0,823,0.0,0.0,0.0,0,0,1,1,1.0,1,0,1,1,0
423,2,sympy:1440,1,2,1.0,-0.0,1.0,1,2,0.0,1766,0.0,0.0,0.0,0,0,2,2,1.0,1,0,1,1,0
423,3,sympy:1440,1,3,0.6666666666666666,0.6365141682948128,0.3333333333333333,2,3,0.0,2559,-0.33333333333333337,0.6365141682948128,-0.6666666666666667,0,0,3,1,0.6666666666666666,1,0,1,1,0
423,4,sympy:1440,1,4,0.5,1.0397207708399179,0.25,3,4,0.0,3564,-0.16666666666666663,0.4032066025451051,-0.08333333333333331,0,0,4,1,0.3333333333333333,1,0,1,1,0
423,5,sympy:1440,1,5,0.4,1.0549201679861442,0.0,3,5,0.0,4400,-0.09999999999999998,0.015199397146226312,-0.25,0,0,5,0,0.0,1,0,1,1,0
423,6,sympy:1439,0,6,0.5,1.0114042647073518,0.16666666666666666,3,1,0.0,5264,0.09999999999999998,-0.0435159032787924,0.16666666666666666,1,1,5,1,0.6666666666666666,0,0,0,1,0
423,7,sympy:1439,0,7,0.5714285714285714,0.9556998911125343,0.2857142857142857,3,2,0.0,6121,0.0714285714285714,-0.0557043735948175,0.11904761904761904,0,1,5,2,1.0,0,0,0,1,0
423,8,sympy:1439,0,8,0.5,0.9743147528693494,0.125,3,3,0.0,7017,-0.0714285714285714,0.01861486175681515,-0.1607142857142857,0,1,5,1,0.6666666666666666,0,0,0,1,0
423,9,sympy:1440,1,9,0.4444444444444444,0.9649629230074277,0.0,3,1,0.0,7870,-0.05555555555555558,-0.009351829861921734,-0.125,1,2,5,0,0.6666666666666666,1,0,1,1,0
423,10,sympy:1439,0,10,0.5,0.9433483923290392,0.1,3,1,0.0,8779,0.05555555555555558,-0.021614530678388477,0.1,1,3,5,1,0.3333333333333333,0,0,0,1,0
423,11,sympy:1439,0,11,0.5454545454545454,0.9164648855394713,0.18181818181818182,3,2,0.0,9590,0.045454545454545414,-0.026883506789567968,0.08181818181818182,0,3,5,2,0.6666666666666666,0,0,0,1,0
423,12,sympy:1439,0,12,0.5,0.9184277849930976,0.08333333333333333,3,3,0.0,10529,-0.045454545454545414,0.0019628994536263766,-0.0984848484848485,0,3,5,1,0.6666666666666666,0,0,0,1,0
423,13,sympy:1439,0,13,0.5384615384615384,0.8981370031878679,0.15384615384615385,3,4,0.0,11311,0.038461538461538436,-0.020290781805229696,0.07051282051282053,0,3,5,2,0.6666666666666666,0,0,0,1,0
423,14,sympy:1439,0,14,0.5,0.8982053397041498,0.07142857142857142,3,5,0.0,12166,-0.038461538461538436,6.833651628190829e-05,-0.08241758241758243,0,3,5,1,0.3333333333333333,0,0,0,1,0
423,15,sympy:1440,1,15,0.4666666666666667,0.891867395317251,0.0,3,1,0.0,12945,-0.033333333333333326,-0.0063379443868988306,-0.07142857142857142,1,4,5,0,0.6666666666666666,1,0,1,1,0
423,16,sympy:1439,0,16,0.5,0.8815322611881636,0.0625,3,1,0.0,13836,0.033333333333333326,-0.010335134129087375,0.0625,1,5,5,1,0.3333333333333333,0,0,0,1,0
424,1,sympy:600,1,1,1.0,-0.0,1.0,1,1,0.0,412,0.0,0.0,0.0,0,0,1,1,1.0,0,0,0,1,0
424,2,sympy:600,1,2,1.0,-0.0,1.0,1,2,0.0,873,0.0,0.0,0.0,0,0,2,2,1.0,0,0,0,1,0
424,3,sympy:600,1,3,1.0,-0.0,1.0,1,3,0.0,1358,0.0,0.0,0.0,0,0,3,3,1.0,0,0,0,1,0
424,4,sympy:600,1,4,1.0,-0.0,1.0,1,4,0.0,1873,0.0,0.0,0.0,0,0,4,4,1.0,0,0,0,1,0
424,5,sympy:600,1,5,1.0,-0.0,1.0,1,5,0.0,2312,0.0,0.0,0.0,0,0,5,5,1.0,0,0,0,1,0
424,6,sympy:600,1,6,1.0,-0.0,1.0,1,6,0.0,2771,0.0,0.0,0.0,0,0,6,6,1.0,0,0,0,1,0
424,7,sympy:600,1,7,1.0,-0.0,1.0,1,7,0.0,3262,0.0,0.0,0.0,0,0,7,7,1.0,0,0,0,1,0
424,8,sympy:600,1,8,1.0,-0.0,1.0,1,8,0.0,3794,0.0,0.0,0.0,0,0,8,8,1.0,0,0,0,1,0
424,9,sympy:600,1,9,1.0,-0.0,1.0,1,9,0.0,4192,0.0,0.0,0.0,0,0,9,9,1.0,0,0,0,1,0
424,10,sympy:600,1,10,1.0,-0.0,1.0,1,10,0.0,4613,0.0,0.0,0.0,0,0,10,10,1.0,0,0,0,1,0
424,11,sympy:600,1,11,1.0,-0.0,1.0,1,11,0.0,5049,0.0,0.0,0.0,0,0,11,11,1.0,0,0,0,1,0
424,12,sympy:600,1,12,1.0,-0.0,1.0,1,12,0.0,5560,0.0,0.0,0.0,0,0,12,12,1.0,0,0,0,1,0
424,13,sympy:600,1,13,1.0,-0.0,1.0,1,13,0.0,6073,0.0,0.0,0.0,0,0,13,13,1.0,0,0,0,1,0
424,14,sympy:600,1,14,1.0,-0.0,1.0,1,14,0.0,6471,0.0,0.0,0.0,0,0,14,14,1.0,0,0,0,1,0
424,15,sympy:600,1,15,1.0,-0.0,1.0,1,15,0.0,6961,0.0,0.0,0.0,0,0,15,15,1.0,0,0,0,1,0
424,16,sympy:600,1,16,1.0,-0.0,1.0,1,16,0.0,7380,0.0,0.0,0.0,0,0,16,16,1.0,0,0,0,1,0
425,1,sympy:3*r**2 + (a**2 + b**2 + c**2)/4,0,1,1.0,-0.0,1.0,1,1,0.0,411,0.0,0.0,0.0,0,0,1,1,1.0,1,1,0,0,1
425,2,sympy:3*r**2 + (a**2 + b**2 + c**2)/4,0,2,0.5,0.6931471805599453,0.0,2,2,0.0,747,-0.5,0.6931471805599453,-1.0,0,0,2,0,0.5,1,1,0,0,1
425,3,sympy:3*r**2 + (a**2 + b**2 + c**2)/4,0,2,0.5,0.6931471805599453,0.0,2,3,0.3333333333333333,1771,0.0,0.0,0.0,0,0,3,0,0.5,1,1,0,0,1
425,4,sympy:3*r**2 + (a**2 + b**2 + c**2)/4,0,3,0.3333333333333333,1.0986122886681096,0.0,3,4,0.25,2246,-0.16666666666666669,0.4054651081081643,0.0,0,0,4,0,0.0,1,1,0,0,1
425,5,sympy:3*r**2 + (a**2 + b**2 + c**2)/4,0,4,0.25,1.3862943611198906,0.0,4,5,0.2,3117,-0.08333333333333331,0.287682072451781,0.0,0,0,5,0,0.0,1,1,0,0,1
425,6,sympy:3*r**2 + (a**2 + b**2 + c**2)/4,0,5,0.2,1.6094379124341005,0.0,5,6,0.16666666666666666,3711,-0.04999999999999999,0.22314355131420993,0.0,0,0,6,0,0.0,1,1,0,0,1
425,7,sympy:3*r**2 + (a**2 + b**2 + c**2)/4,0,6,0.16666666666666666,1.791759469228055,0.0,6,7,0.14285714285714285,4172,-0.033333333333333354,0.18232155679395445,0.0,0,0,7,0,0.0,1,1,0,0,1
425,8,sympy:3*r**2 + (a**2 + b**2 + c**2)/4,0,7,0.14285714285714285,1.9459101490553132,0.0,7,8,0.125,4870,-0.023809523809523808,0.15415067982725827,0.0,0,0,8,0,0.0,1,1,0,0,1
425,9,sympy:3*r**2 + (a**2 + b**2 + c**2)/4,0,8,0.125,2.0794415416798357,0.0,8,9,0.1111111111111111,5334,-0.01785714285714285,0.13353139262452252,0.0,0,0,9,0,0.0,1,1,0,0,1
425,10,sympy:3*r**2 + (a**2 + b**2 + c**2)/4,0,9,0.1111111111111111,2.1972245773362196,0.0,9,10,0.1,6038,-0.013888888888888895,0.11778303565638382,0.0,0,0,10,0,0.0,1,1,0,0,1
425,11,sympy:3*r**2,1,10,0.2,2.1639556568820564,0.1,9,1,0.09090909090909091,6517,0.0888888888888889,-0.03326892045416319,0.1,1,1,10,1,0.6666666666666666,0,0,0,1,0
425,12,sympy:3*r**2,1,11,0.2727272727272727,2.0982737395252498,0.18181818181818182,9,2,0.08333333333333333,6952,0.0727272727272727,-0.06568191735680662,0.08181818181818182,0,1,10,2,1.0,0,0,0,1,0
425,13,sympy:3*r**2,1,12,0.25,2.210253577620973,0.16666666666666666,10,3,0.07692307692307693,7315,-0.022727272727272707,0.11197983809572332,-0.015151515151515166,0,1,10,2,0.6666666666666666,0,0,0,1,0
425,14,sympy:3*r**2,1,13,0.23076923076923078,2.311423444691973,0.15384615384615385,11,4,0.07142857142857142,8046,-0.019230769230769218,0.10116986707099995,-0.012820512820512803,0,1,10,2,0.3333333333333333,0,0,0,1,0
425,15,sympy:3*r**2,1,14,0.21428571428571427,2.3046193848206715,0.07142857142857142,11,5,0.06666666666666667,8433,-0.016483516483516508,-0.006804059871301504,-0.08241758241758243,0,1,10,1,0.0,0,0,0,1,0
425,16,sympy:3*r**2,1,15,0.26666666666666666,2.2459520807289133,0.13333333333333333,11,6,0.0625,9017,0.05238095238095239,-0.05866730409175824,0.06190476190476191,0,1,10,2,0.3333333333333333,0,0,0,1,0
426,1,sympy:6*sqrt(2),1,1,1.0,-0.0,1.0,1,1,0.0,556,0.0,0.0,0.0,0,0,1,1,1.0,0,0,0,1,0
426,2,sympy:6*sqrt(2),1,2,1.0,-0.0,1.0,1,2,0.0,1038,0.0,0.0,0.0,0,0,2,2,1.0,0,0,0,1,0
426,3,sympy:6*sqrt(2),1,3,1.0,-0.0,1.0,1,3,0.0,1514,0.0,0.0,0.0,0,0,3,3,1.0,0,0,0,1,0
426,4,sympy:6*sqrt(2),1,4,1.0,-0.0,1.0,1,4,0.0,2013,0.0,0.0,0.0,0,0,4,4,1.0,0,0,0,1,0
426,5,sympy:6*sqrt(2),1,5,0.8,0.5004024235381879,0.6,2,5,0.0,2470,-0.19999999999999996,0.5004024235381879,-0.4,0,0,5,3,0.6666666666666666,0,0,0,1,0
426,6,sympy:6*sqrt(2),1,6,0.8333333333333334,0.45056120886630463,0.6666666666666666,2,6,0.0,3047,0.033333333333333326,-0.04984121467188324,0.06666666666666665,0,0,6,4,0.6666666666666666,0,0,0,1,0
426,7,sympy:6*sqrt(2),1,7,0.7142857142857143,0.5982695885852573,0.42857142857142855,2,7,0.0,3471,-0.11904761904761907,0.14770837971895262,-0.23809523809523808,0,0,7,3,0.3333333333333333,0,0,0,1,0
426,8,sympy:6*sqrt(2),1,8,0.75,0.5623351446188083,0.5,2,8,0.0,3956,0.0357142857142857,-0.03593444396644896,0.07142857142857145,0,0,8,4,0.6666666666666666,0,0,0,1,0
426,9,sympy:6*sqrt(2),1,9,0.7777777777777778,0.5297061990576545,0.5555555555555556,2,9,0.0,4505,0.02777777777777779,-0.03262894556115381,0.05555555555555558,0,0,9,5,0.6666666666666666,0,0,0,1,0
426,10,sympy:6*sqrt(2),1,10,0.8,0.5004024235381879,0.6,2,10,0.0,4995,0.022222222222222254,-0.029303775519466613,0.0444444444444444,0,0,10,6,1.0,0,0,0,1,0
426,11,sympy:6*sqrt(2),1,11,0.8181818181818182,0.47413931305783735,0.6363636363636364,2,11,0.0,5509,0.018181818181818188,-0.026263110480350516,0.036363636363636376,0,0,11,7,1.0,0,0,0,1,0
426,12,sympy:6*sqrt(2),1,12,0.8333333333333334,0.45056120886630463,0.6666666666666666,2,12,0.0,6088,0.015151515151515138,-0.023578104191532723,0.030303030303030276,0,0,12,8,1.0,0,0,0,1,0
426,13,sympy:6*sqrt(2),1,13,0.8461538461538461,0.4293230219306162,0.6923076923076923,2,13,0.0,6556,0.012820512820512775,-0.021238186935688408,0.02564102564102566,0,0,13,9,1.0,0,0,0,1,0
426,14,sympy:6*sqrt(2),1,14,0.8571428571428571,0.410116318288409,0.7142857142857143,2,14,0.0,7040,0.01098901098901095,-0.019206703642207223,0.02197802197802201,0,0,14,10,1.0,0,0,0,1,0
426,15,sympy:6*sqrt(2),1,15,0.8666666666666667,0.39267446722755217,0.7333333333333333,2,15,0.0,7493,0.009523809523809601,-0.017441851060856828,0.01904761904761898,0,0,15,11,1.0,0,0,0,1,0
426,16,sympy:6*sqrt(2),1,16,0.875,0.37677016125643675,0.75,2,16,0.0,8077,0.008333333333333304,-0.015904305971115418,0.01666666666666672,0,0,16,12,1.0,0,0,0,1,0
427,1,sympy:29,1,1,1.0,-0.0,1.0,1,1,0.0,397,0.0,0.0,0.0,0,0,1,1,1.0,0,0,0,1,0
427,2,sympy:29,1,2,1.0,-0.0,1.0,1,2,0.0,814,0.0,0.0,0.0,0,0,2,2,1.0,0,0,0,1,0
427,3,sympy:29,1,3,1.0,-0.0,1.0,1,3,0.0,1160,0.0,0.0,0.0,0,0,3,3,1.0,0,0,0,1,0
427,4,sympy:29,1,4,1.0,-0.0,1.0,1,4,0.0,1490,0.0,0.0,0.0,0,0,4,4,1.0,0,0,0,1,0
427,5,sympy:29,1,5,1.0,-0.0,1.0,1,5,0.0,1836,0.0,0.0,0.0,0,0,5,5,1.0,0,0,0,1,0
427,6,sympy:29,1,6,1.0,-0.0,1.0,1,6,0.0,2261,0.0,0.0,0.0,0,0,6,6,1.0,0,0,0,1,0
427,7,sympy:29,1,7,1.0,-0.0,1.0,1,7,0.0,2588,0.0,0.0,0.0,0,0,7,7,1.0,0,0,0,1,0
427,8,sympy:29,1,8,1.0,-0.0,1.0,1,8,0.0,2970,0.0,0.0,0.0,0,0,8,8,1.0,0,0,0,1,0
427,9,sympy:29,1,9,1.0,-0.0,1.0,1,9,0.0,3236,0.0,0.0,0.0,0,0,9,9,1.0,0,0,0,1,0
427,10,sympy:29,1,10,1.0,-0.0,1.0,1,10,0.0,3512,0.0,0.0,0.0,0,0,10,10,1.0,0,0,0,1,0
427,11,sympy:29,1,11,1.0,-0.0,1.0,1,11,0.0,3896,0.0,0.0,0.0,0,0,11,11,1.0,0,0,0,1,0
427,12,sympy:29,1,12,1.0,-0.0,1.0,1,12,0.0,4285,0.0,0.0,0.0,0,0,12,12,1.0,0,0,0,1,0
427,13,sympy:29,1,13,1.0,-0.0,1.0,1,13,0.0,4735,0.0,0.0,0.0,0,0,13,13,1.0,0,0,0,1,0
427,14,sympy:29,1,14,1.0,-0.0,1.0,1,14,0.0,5200,0.0,0.0,0.0,0,0,14,14,1.0,0,0,0,1,0
427,15,sympy:29,1,15,1.0,-0.0,1.0,1,15,0.0,5618,0.0,0.0,0.0,0,0,15,15,1.0,0,0,0,1,0
427,16,sympy:29,1,16,1.0,-0.0,1.0,1,16,0.0,6020,0.0,0.0,0.0,0,0,16,16,1.0,0,0,0,1,0
428,1,sympy:64,1,1,1.0,-0.0,1.0,1,1,0.0,840,0.0,0.0,0.0,0,0,1,1,1.0,0,0,0,1,0
428,2,sympy:64,1,2,0.5,0.6931471805599453,0.0,2,2,0.0,1626,-0.5,0.6931471805599453,-1.0,0,0,2,0,0.5,0,0,0,1,0
428,3,sympy:64,1,3,0.6666666666666666,0.6365141682948128,0.3333333333333333,2,3,0.0,2439,0.16666666666666663,-0.05663301226513251,0.3333333333333333,0,0,3,1,0.6666666666666666,0,0,0,1,0
428,4,sympy:64,1,4,0.75,0.5623351446188083,0.5,2,4,0.0,3278,0.08333333333333337,-0.07417902367600449,0.16666666666666669,0,0,4,2,0.6666666666666666,0,0,0,1,0
428,5,sympy:64,1,5,0.8,0.5004024235381879,0.6,2,5,0.0,4223,0.050000000000000044,-0.06193272108062042,0.09999999999999998,0,0,5,3,1.0,0,0,0,1,0
428,6,sympy:64,1,6,0.6666666666666666,0.8675632284814612,0.5,3,6,0.0,5202,-0.13333333333333341,0.3671608049432733,-0.09999999999999998,0,0,6,3,0.6666666666666666,0,0,0,1,0
428,7,sympy:64,1,7,0.7142857142857143,0.796311640173813,0.5714285714285714,3,7,0.0,5967,0.04761904761904767,-0.07125158830764822,0.0714285714285714,0,0,7,4,0.6666666666666666,0,0,0,1,0
428,8,sympy:64,1,8,0.75,0.7356219397587946,0.625,3,8,0.0,6782,0.0357142857142857,-0.06068970041501831,0.0535714285714286,0,0,8,5,0.6666666666666666,0,0,0,1,0
428,9,sympy:64,1,9,0.7777777777777778,0.6837389058487535,0.6666666666666666,3,9,0.0,7539,0.02777777777777779,-0.05188303391004112,0.04166666666666663,0,0,9,6,1.0,0,0,0,1,0
428,10,sympy:64,1,10,0.8,0.639031859650177,0.7,3,10,0.0,8421,0.022222222222222254,-0.04470704619857657,0.033333333333333326,0,0,10,7,1.0,0,0,0,1,0
428,11,sympy:64,1,11,0.8181818181818182,0.6001660731596457,0.7272727272727273,3,11,0.0,9390,0.018181818181818188,-0.038865786490531296,0.027272727272727337,0,0,11,8,1.0,0,0,0,1,0
428,12,sympy:64,1,12,0.8333333333333334,0.5660857389596289,0.75,3,12,0.0,10204,0.015151515151515138,-0.03408033420001677,0.022727272727272707,0,0,12,9,1.0,0,0,0,1,0
428,13,sympy:64,1,13,0.8461538461538461,0.5359610497090694,0.7692307692307693,3,13,0.0,11139,0.012820512820512775,-0.030124689250559444,0.019230769230769273,0,0,13,10,1.0,0,0,0,1,0
428,14,sympy:64,1,14,0.8571428571428571,0.509137344082687,0.7857142857142857,3,14,0.0,11872,0.01098901098901095,-0.026823705626382477,0.016483516483516425,0,0,14,11,1.0,0,0,0,1,0
428,15,sympy:64,1,15,0.8666666666666667,0.48509409130221154,0.8,3,15,0.0,12616,0.009523809523809601,-0.02404325278047542,0.014285714285714346,0,0,15,12,1.0,0,0,0,1,0
428,16,sympy:64,1,16,0.875,0.4634135588264299,0.8125,3,16,0.0,13390,0.008333333333333304,-0.02168053247578161,0.012499999999999956,0,0,16,13,1.0,0,0,0,1,0
429,1,sympy:50,1,1,1.0,-0.0,1.0,1,1,0.0,609,0.0,0.0,0.0,0,0,1,1,1.0,0,0,0,1,0
429,2,sympy:50,1,2,1.0,-0.0,1.0,1,2,0.0,1144,0.0,0.0,0.0,0,0,2,2,1.0,0,0,0,1,0
429,3,sympy:50,1,3,0.6666666666666666,0.6365141682948128,0.3333333333333333,2,3,0.0,1813,-0.33333333333333337,0.6365141682948128,-0.6666666666666667,0,0,3,1,0.6666666666666666,0,0,0,1,0
429,4,sympy:50,1,4,0.75,0.5623351446188083,0.5,2,4,0.0,2405,0.08333333333333337,-0.07417902367600449,0.16666666666666669,0,0,4,2,0.6666666666666666,0,0,0,1,0
429,5,sympy:50,1,5,0.8,0.5004024235381879,0.6,2,5,0.0,3035,0.050000000000000044,-0.06193272108062042,0.09999999999999998,0,0,5,3,0.6666666666666666,0,0,0,1,0
429,6,sympy:50,1,6,0.8333333333333334,0.45056120886630463,0.6666666666666666,2,6,0.0,3567,0.033333333333333326,-0.04984121467188324,0.06666666666666665,0,0,6,4,1.0,0,0,0,1,0
429,7,sympy:50,1,7,0.8571428571428571,0.410116318288409,0.7142857142857143,2,7,0.0,4135,0.023809523809523725,-0.04044489057789563,0.04761904761904767,0,0,7,5,1.0,0,0,0,1,0
429,8,sympy:50,1,8,0.75,0.7356219397587946,0.625,3,8,0.0,4737,-0.1071428571428571,0.32550562147038564,-0.0892857142857143,0,0,8,5,0.6666666666666666,0,0,0,1,0
429,9,sympy:50,1,9,0.7777777777777778,0.6837389058487535,0.6666666666666666,3,9,0.0,5235,0.02777777777777779,-0.05188303391004112,0.04166666666666663,0,0,9,6,0.6666666666666666,0,0,0,1,0
429,10,sympy:50,1,10,0.7,0.8018185525433373,0.5,3,10,0.0,5829,-0.07777777777777783,0.11807964669458382,-0.16666666666666663,0,0,10,5,0.3333333333333333,0,0,0,1,0
429,11,sympy:50,1,11,0.6363636363636364,0.8599672810355049,0.36363636363636365,3,11,0.0,6547,-0.0636363636363636,0.05814872849216757,-0.13636363636363635,0,0,11,4,0.3333333333333333,0,0,0,1,0
429,12,sympy:50,1,12,0.6666666666666666,0.8239592165010823,0.4166666666666667,3,12,0.0,7086,0.030303030303030276,-0.036008064534422624,0.05303030303030304,0,0,12,5,0.3333333333333333,0,0,0,1,0
429,13,sympy:50,1,13,0.6923076923076923,0.7902679680745903,0.46153846153846156,3,13,0.0,7620,0.02564102564102566,-0.03369124842649196,0.04487179487179488,0,0,13,6,0.6666666666666666,0,0,0,1,0
429,14,sympy:50,1,14,0.7142857142857143,0.7589367727620596,0.5,3,14,0.0,8148,0.02197802197802201,-0.0313311953125307,0.038461538461538436,0,0,14,7,1.0,0,0,0,1,0
429,15,sympy:50,1,15,0.7333333333333333,0.7298712099831165,0.5333333333333333,3,15,0.0,8823,0.01904761904761898,-0.02906556277894312,0.033333333333333326,0,0,15,8,1.0,0,0,0,1,0
429,16,sympy:50,1,16,0.75,0.7029189307735104,0.5625,3,16,0.0,9469,0.01666666666666672,-0.026952279209606078,0.029166666666666674,0,0,16,9,1.0,0,0,0,1,0
430,1,sympy:4.50000000000000,1,1,1.0,-0.0,1.0,1,1,0.0,241,0.0,0.0,0.0,0,0,1,1,1.0,0,0,0,1,0
430,2,sympy:4.50000000000000,1,2,1.0,-0.0,1.0,1,2,0.0,482,0.0,0.0,0.0,0,0,2,2,1.0,0,0,0,1,0
430,3,sympy:4.50000000000000,1,3,1.0,-0.0,1.0,1,3,0.0,697,0.0,0.0,0.0,0,0,3,3,1.0,0,0,0,1,0
430,4,sympy:4.50000000000000,1,4,1.0,-0.0,1.0,1,4,0.0,925,0.0,0.0,0.0,0,0,4,4,1.0,0,0,0,1,0
430,5,sympy:4.50000000000000,1,5,1.0,-0.0,1.0,1,5,0.0,1158,0.0,0.0,0.0,0,0,5,5,1.0,0,0,0,1,0
430,6,sympy:4.50000000000000,1,6,1.0,-0.0,1.0,1,6,0.0,1380,0.0,0.0,0.0,0,0,6,6,1.0,0,0,0,1,0
430,7,sympy:4.50000000000000,1,7,1.0,-0.0,1.0,1,7,0.0,1665,0.0,0.0,0.0,0,0,7,7,1.0,0,0,0,1,0
430,8,sympy:4.50000000000000,1,8,1.0,-0.0,1.0,1,8,0.0,1883,0.0,0.0,0.0,0,0,8,8,1.0,0,0,0,1,0
430,9,sympy:4.50000000000000,1,9,1.0,-0.0,1.0,1,9,0.0,2061,0.0,0.0,0.0,0,0,9,9,1.0,0,0,0,1,0
430,10,sympy:4.50000000000000,1,10,1.0,-0.0,1.0,1,10,0.0,2289,0.0,0.0,0.0,0,0,10,10,1.0,0,0,0,1,0
430,11,sympy:4.50000000000000,1,11,1.0,-0.0,1.0,1,11,0.0,2497,0.0,0.0,0.0,0,0,11,11,1.0,0,0,0,1,0
430,12,sympy:4.50000000000000,1,12,1.0,-0.0,1.0,1,12,0.0,2707,0.0,0.0,0.0,0,0,12,12,1.0,0,0,0,1,0
430,13,sympy:4.50000000000000,1,13,1.0,-0.0,1.0,1,13,0.0,3025,0.0,0.0,0.0,0,0,13,13,1.0,0,0,0,1,0
430,14,sympy:4.50000000000000,1,14,1.0,-0.0,1.0,1,14,0.0,3251,0.0,0.0,0.0,0,0,14,14,1.0,0,0,0,1,0
430,15,sympy:4.50000000000000,1,15,1.0,-0.0,1.0,1,15,0.0,3608,0.0,0.0,0.0,0,0,15,15,1.0,0,0,0,1,0
430,16,sympy:4.50000000000000,1,16,1.0,-0.0,1.0,1,16,0.0,3825,0.0,0.0,0.0,0,0,16,16,1.0,0,0,0,1,0
431,1,"sympy:Interval(pi**2/8, pi**2/4)",0,1,1.0,-0.0,1.0,1,1,0.0,777,0.0,0.0,0.0,0,0,1,1,1.0,0,0,0,1,0
431,2,"sympy:Interval(pi**2/8, pi**2/4)",0,2,0.5,0.6931471805599453,0.0,2,2,0.0,1486,-0.5,0.6931471805599453,-1.0,0,0,2,0,0.5,0,0,0,1,0
431,3,"sympy:Interval(pi**2/8, pi**2/4)",0,3,0.6666666666666666,0.6365141682948128,0.3333333333333333,2,3,0.0,2250,0.16666666666666663,-0.05663301226513251,0.3333333333333333,0,0,3,1,0.6666666666666666,0,0,0,1,0
431,4,"sympy:Interval(pi**2/8, pi**2/4)",0,4,0.5,1.0397207708399179,0.25,3,4,0.0,2992,-0.16666666666666663,0.4032066025451051,-0.08333333333333331,0,0,4,1,0.3333333333333333,0,0,0,1,0
431,5,"sympy:Interval(pi**2/8, pi**2/4)",0,5,0.4,1.0549201679861442,0.0,3,5,0.0,3812,-0.09999999999999998,0.015199397146226312,-0.25,0,0,5,0,0.3333333333333333,0,0,0,1,0
431,6,"sympy:Interval(pi**2/8, pi**2/4)",0,6,0.5,1.0114042647073518,0.16666666666666666,3,6,0.0,4621,0.09999999999999998,-0.0435159032787924,0.16666666666666666,0,0,6,1,0.3333333333333333,0,0,0,1,0
431,7,"sympy:Interval(pi**2/8, pi**2/4)",0,7,0.5714285714285714,0.9556998911125343,0.2857142857142857,3,7,0.0,5484,0.0714285714285714,-0.0557043735948175,0.11904761904761904,0,0,7,2,0.6666666666666666,0,0,0,1,0
431,8,"sympy:Interval(pi**2/8, pi**2/4)",0,8,0.5,0.9743147528693494,0.125,3,8,0.0,6353,-0.0714285714285714,0.01861486175681515,-0.1607142857142857,0,0,8,1,0.6666666666666666,0,0,0,1,0
431,9,"sympy:Interval(pi**2/8, pi**2/4)",0,9,0.4444444444444444,0.9649629230074277,0.0,3,9,0.0,7182,-0.05555555555555558,-0.009351829861921734,-0.125,0,0,9,0,0.3333333333333333,0,0,0,1,0
431,10,"sympy:Interval(pi**2/8, (5*pi**2)/4)",1,10,0.5,0.9433483923290392,0.1,3,1,0.0,7949,0.05555555555555558,-0.021614530678388477,0.1,1,1,9,1,1.0,1,0,1,1,0
431,11,"sympy:Interval(pi**2/8, pi**2/4)",0,11,0.45454545454545453,0.9347698978582794,0.0,3,1,0.0,8856,-0.04545454545454547,-0.008578494470759868,-0.1,1,2,9,0,0.3333333333333333,0,0,0,1,0
431,12,"sympy:Interval(pi**2/8, (5*pi**2)/4)",1,12,0.5,0.9184277849930976,0.08333333333333333,3,1,0.0,9695,0.04545454545454547,-0.016342112865181724,0.08333333333333333,1,3,9,1,0.6666666666666666,1,0,1,1,0
431,13,"sympy:Interval(pi**2/8, pi**2/4)",0,13,0.46153846153846156,0.9110175397125628,0.0,3,1,0.0,10394,-0.038461538461538436,-0.0074102452805348,-0.08333333333333333,1,4,9,0,0.6666666666666666,0,0,0,1,0
431,14,"sympy:Interval(pi**2/8, pi**2/4)",0,14,0.5,0.8982053397041498,0.07142857142857142,3,2,0.0,11221,0.038461538461538436,-0.012812200008412988,0.07142857142857142,0,4,9,1,0.6666666666666666,0,0,0,1,0
431,15,"sympy:Interval(pi**2/8, pi**2/4)",0,15,0.4666666666666667,0.9908353864438492,0.06666666666666667,3,3,0.0,12027,-0.033333333333333326,0.09263004673969932,-0.004761904761904759,0,4,9,1,0.6666666666666666,0,0,0,1,0
431,16,"sympy:Interval(pi**2/8, pi**2/4)",0,16,0.5,0.9743147528693494,0.125,3,4,0.0,12782,0.033333333333333326,-0.016520633574499732,0.058333333333333334,0,4,9,2,0.6666666666666666,0,0,0,1,0
432,1,sympy:0,0,1,1.0,-0.0,1.0,1,1,0.0,1024,0.0,0.0,0.0,0,0,1,1,1.0,0,0,0,1,0
432,2,sympy:0,0,1,1.0,-0.0,1.0,1,2,0.5,2048,0.0,0.0,0.0,0,0,2,1,1.0,0,0,0,1,0
432,3,sympy:0,0,2,0.5,0.6931471805599453,0.0,2,3,0.3333333333333333,3061,-0.5,0.6931471805599453,-1.0,0,0,3,0,0.5,0,0,0,1,0
432,4,sympy:0,0,2,0.5,0.6931471805599453,0.0,2,4,0.5,4085,0.0,0.0,0.0,0,0,4,0,0.0,0,0,0,1,0
432,5,sympy:0,0,2,0.5,0.6931471805599453,0.0,2,5,0.6,5109,0.0,0.0,0.0,0,0,5,0,0.0,0,0,0,1,0
432,6,sympy:0,0,2,0.5,0.6931471805599453,0.0,2,6,0.6666666666666666,6133,0.0,0.0,0.0,0,0,6,0,0.0,0,0,0,1,0
432,7,sympy:0,0,2,0.5,0.6931471805599453,0.0,2,7,0.7142857142857143,7157,0.0,0.0,0.0,0,0,7,0,0.0,0,0,0,1,0
432,8,sympy:0,0,2,0.5,0.6931471805599453,0.0,2,8,0.75,8181,0.0,0.0,0.0,0,0,8,0,0.0,0,0,0,1,0
432,9,sympy:0,0,2,0.5,0.6931471805599453,0.0,2,9,0.7777777777777778,9205,0.0,0.0,0.0,0,0,9,0,0.0,0,0,0,1,0
432,10,sympy:0,0,2,0.5,0.6931471805599453,0.0,2,10,0.8,10229,0.0,0.0,0.0,0,0,10,0,0.0,0,0,0,1,0
432,11,sympy:0,0,2,0.5,0.6931471805599453,0.0,2,11,0.8181818181818182,11253,0.0,0.0,0.0,0,0,11,0,0.0,0,0,0,1,0
432,12,sympy:0,0,3,0.6666666666666666,0.6365141682948128,0.3333333333333333,2,12,0.75,12164,0.16666666666666663,-0.05663301226513251,0.3333333333333333,0,0,12,1,1.0,0,0,0,1,0
432,13,sympy:0,0,3,0.6666666666666666,0.6365141682948128,0.3333333333333333,2,13,0.7692307692307693,13188,0.0,0.0,0.0,0,0,13,1,1.0,0,0,0,1,0
432,14,sympy:0,0,3,0.6666666666666666,0.6365141682948128,0.3333333333333333,2,14,0.7857142857142857,14212,0.0,0.0,0.0,0,0,14,1,1.0,0,0,0,1,0
432,15,sympy:0,0,3,0.6666666666666666,0.6365141682948128,0.3333333333333333,2,15,0.8,15236,0.0,0.0,0.0,0,0,15,1,0.0,0,0,0,1,0
432,16,sympy:0,0,3,0.6666666666666666,0.6365141682948128,0.3333333333333333,2,16,0.8125,16260,0.0,0.0,0.0,0,0,16,1,0.0,0,0,0,1,0
433,1,sympy:0.356250000000000,1,1,1.0,-0.0,1.0,1,1,0.0,591,0.0,0.0,0.0,0,0,1,1,1.0,0,0,0,1,0
433,2,sympy:0.356250000000000,1,2,1.0,-0.0,1.0,1,2,0.0,1164,0.0,0.0,0.0,0,0,2,2,1.0,0,0,0,1,0
433,3,sympy:0.356250000000000,1,3,1.0,-0.0,1.0,1,3,0.0,1725,0.0,0.0,0.0,0,0,3,3,1.0,0,0,0,1,0
433,4,sympy:0.356250000000000,1,4,1.0,-0.0,1.0,1,4,0.0,2330,0.0,0.0,0.0,0,0,4,4,1.0,0,0,0,1,0
433,5,sympy:0.356250000000000,1,5,1.0,-0.0,1.0,1,5,0.0,2846,0.0,0.0,0.0,0,0,5,5,1.0,0,0,0,1,0
433,6,sympy:0.356250000000000,1,6,1.0,-0.0,1.0,1,6,0.0,3421,0.0,0.0,0.0,0,0,6,6,1.0,0,0,0,1,0
433,7,sympy:0.356250000000000,1,7,1.0,-0.0,1.0,1,7,0.0,3972,0.0,0.0,0.0,0,0,7,7,1.0,0,0,0,1,0
433,8,sympy:0.356250000000000,1,8,1.0,-0.0,1.0,1,8,0.0,4531,0.0,0.0,0.0,0,0,8,8,1.0,0,0,0,1,0
433,9,sympy:0.356250000000000,1,9,1.0,-0.0,1.0,1,9,0.0,5097,0.0,0.0,0.0,0,0,9,9,1.0,0,0,0,1,0
433,10,sympy:0.356250000000000,1,10,1.0,-0.0,1.0,1,10,0.0,5658,0.0,0.0,0.0,0,0,10,10,1.0,0,0,0,1,0
433,11,sympy:0.356250000000000,1,11,1.0,-0.0,1.0,1,11,0.0,6278,0.0,0.0,0.0,0,0,11,11,1.0,0,0,0,1,0
433,12,sympy:0.356250000000000,1,12,1.0,-0.0,1.0,1,12,0.0,6859,0.0,0.0,0.0,0,0,12,12,1.0,0,0,0,1,0
433,13,sympy:0.356250000000000,1,13,1.0,-0.0,1.0,1,13,0.0,7420,0.0,0.0,0.0,0,0,13,13,1.0,0,0,0,1,0
433,14,sympy:0.356250000000000,1,14,1.0,-0.0,1.0,1,14,0.0,8038,0.0,0.0,0.0,0,0,14,14,1.0,0,0,0,1,0
433,15,sympy:0.356250000000000,1,15,1.0,-0.0,1.0,1,15,0.0,8513,0.0,0.0,0.0,0,0,15,15,1.0,0,0,0,1,0
433,16,sympy:0.356250000000000,1,16,1.0,-0.0,1.0,1,16,0.0,8746,0.0,0.0,0.0,0,0,16,16,1.0,0,0,0,1,0
434,1,sympy:32,1,1,1.0,-0.0,1.0,1,1,0.0,573,0.0,0.0,0.0,0,0,1,1,1.0,0,0,0,1,0
434,2,sympy:32,1,2,1.0,-0.0,1.0,1,2,0.0,1168,0.0,0.0,0.0,0,0,2,2,1.0,0,0,0,1,0
434,3,sympy:32,1,3,1.0,-0.0,1.0,1,3,0.0,1730,0.0,0.0,0.0,0,0,3,3,1.0,0,0,0,1,0
434,4,sympy:32,1,4,1.0,-0.0,1.0,1,4,0.0,2233,0.0,0.0,0.0,0,0,4,4,1.0,0,0,0,1,0
434,5,sympy:32,1,5,1.0,-0.0,1.0,1,5,0.0,2841,0.0,0.0,0.0,0,0,5,5,1.0,0,0,0,1,0
434,6,sympy:32,1,6,1.0,-0.0,1.0,1,6,0.0,3428,0.0,0.0,0.0,0,0,6,6,1.0,0,0,0,1,0
434,7,sympy:32,1,7,1.0,-0.0,1.0,1,7,0.0,4033,0.0,0.0,0.0,0,0,7,7,1.0,0,0,0,1,0
434,8,sympy:32,1,8,1.0,-0.0,1.0,1,8,0.0,4454,0.0,0.0,0.0,0,0,8,8,1.0,0,0,0,1,0
434,9,sympy:32,1,9,0.8888888888888888,0.34883209584303193,0.7777777777777778,2,9,0.0,5156,-0.11111111111111116,0.34883209584303193,-0.2222222222222222,0,0,9,7,0.6666666666666666,0,0,0,1,0
434,10,sympy:32,1,10,0.9,0.3250829733914482,0.8,2,10,0.0,5662,0.011111111111111183,-0.023749122451583726,0.022222222222222254,0,0,10,8,0.6666666666666666,0,0,0,1,0
434,11,sympy:32,1,11,0.9090909090909091,0.30463609734923813,0.8181818181818182,2,11,0.0,6240,0.009090909090909038,-0.02044687604221007,0.018181818181818188,0,0,11,9,0.6666666666666666,0,0,0,1,0
434,12,sympy:32,1,12,0.8333333333333334,0.45056120886630463,0.6666666666666666,2,12,0.0,6893,-0.07575757575757569,0.1459251115170665,-0.1515151515151516,0,0,12,8,0.6666666666666666,0,0,0,1,0
434,13,sympy:32,1,13,0.8461538461538461,0.4293230219306162,0.6923076923076923,2,13,0.0,7326,0.012820512820512775,-0.021238186935688408,0.02564102564102566,0,0,13,9,0.6666666666666666,0,0,0,1,0
434,14,sympy:32,1,14,0.7857142857142857,0.6559757323365467,0.6428571428571429,3,14,0.0,8052,-0.06043956043956045,0.2266527104059305,-0.049450549450549386,0,0,14,9,0.3333333333333333,0,0,0,1,0
434,15,sympy:32,1,15,0.8,0.6277052571971504,0.6666666666666666,3,15,0.0,8474,0.014285714285714346,-0.02827047513939629,0.023809523809523725,0,0,15,10,0.6666666666666666,0,0,0,1,0
434,16,sympy:32,1,16,0.75,0.7356219397587946,0.625,3,16,0.0,9106,-0.050000000000000044,0.10791668256164422,-0.04166666666666663,0,0,16,10,0.3333333333333333,0,0,0,1,0
435,1,"sympy:Union(Interval.open(-oo, 2), Interval.open(3, oo))",1,1,1.0,-0.0,1.0,1,1,0.0,462,0.0,0.0,0.0,0,0,1,1,1.0,0,0,0,1,0
435,2,"sympy:Union(Interval.open(-oo, 2), Interval.open(3, oo))",1,2,1.0,-0.0,1.0,1,2,0.0,1116,0.0,0.0,0.0,0,0,2,2,1.0,0,0,0,1,0
435,3,"sympy:Union(Interval.open(-oo, 2), Interval.open(3, oo))",1,3,1.0,-0.0,1.0,1,3,0.0,1794,0.0,0.0,0.0,0,0,3,3,1.0,0,0,0,1,0
435,4,"sympy:Union(Interval.open(-oo, 2), Interval.open(3, oo))",1,4,1.0,-0.0,1.0,1,4,0.0,2442,0.0,0.0,0.0,0,0,4,4,1.0,0,0,0,1,0
435,5,"sympy:Union(Interval.open(-oo, 2), Interval.open(3, oo))",1,5,1.0,-0.0,1.0,1,5,0.0,2940,0.0,0.0,0.0,0,0,5,5,1.0,0,0,0,1,0
435,6,"sympy:Union(Interval.open(-oo, 2), Interval.open(3, oo))",1,6,1.0,-0.0,1.0,1,6,0.0,3607,0.0,0.0,0.0,0,0,6,6,1.0,0,0,0,1,0
435,7,"sympy:Union(Interval.open(-oo, 2), Interval.open(3, oo))",1,7,1.0,-0.0,1.0,1,7,0.0,3956,0.0,0.0,0.0,0,0,7,7,1.0,0,0,0,1,0
435,8,"sympy:Union(Interval.open(-oo, 2), Interval.open(3, oo))",1,8,1.0,-0.0,1.0,1,8,0.0,4510,0.0,0.0,0.0,0,0,8,8,1.0,0,0,0,1,0
435,9,"sympy:Union(Interval.open(-oo, 2), Interval.open(3, oo))",1,9,1.0,-0.0,1.0,1,9,0.0,5005,0.0,0.0,0.0,0,0,9,9,1.0,0,0,0,1,0
435,10,"sympy:Union(Interval.open(-oo, 2), Interval.open(3, oo))",1,10,0.9,0.3250829733914482,0.8,2,10,0.0,5438,-0.09999999999999998,0.3250829733914482,-0.19999999999999996,0,0,10,8,0.6666666666666666,0,0,0,1,0
435,11,"sympy:Union(Interval.open(-oo, 2), Interval.open(3, oo))",1,11,0.9090909090909091,0.30463609734923813,0.8181818181818182,2,11,0.0,6136,0.009090909090909038,-0.02044687604221007,0.018181818181818188,0,0,11,9,0.6666666666666666,0,0,0,1,0
435,12,"sympy:Union(Interval.open(-oo, 2), Interval.open(3, oo))",1,12,0.9166666666666666,0.2868359830561607,0.8333333333333334,2,12,0.0,6852,0.007575757575757569,-0.01780011429307743,0.015151515151515138,0,0,12,10,0.6666666666666666,0,0,0,1,0
435,13,"sympy:Union(Interval.open(-oo, 2), Interval.open(3, oo))",1,13,0.9230769230769231,0.2711893730418441,0.8461538461538461,2,13,0.0,7419,0.0064102564102564985,-0.01564661001431661,0.012820512820512775,0,0,13,11,1.0,0,0,0,1,0
435,14,"sympy:Union(Interval.open(-oo, 2), Interval.open(3, oo))",1,14,0.8571428571428571,0.410116318288409,0.7142857142857143,2,14,0.0,7834,-0.06593406593406603,0.1389269452465649,-0.13186813186813184,0,0,14,10,0.6666666666666666,0,0,0,1,0
435,15,"sympy:Union(Interval.open(-oo, 2), Interval.open(3, oo))",1,15,0.8666666666666667,0.39267446722755217,0.7333333333333333,2,15,0.0,8422,0.009523809523809601,-0.017441851060856828,0.01904761904761898,0,0,15,11,0.6666666666666666,0,0,0,1,0
435,16,"sympy:Union(Interval.open(-oo, 2), Interval.open(3, oo))",1,16,0.875,0.37677016125643675,0.75,2,16,0.0,8914,0.008333333333333304,-0.015904305971115418,0.01666666666666672,0,0,16,12,0.6666666666666666,0,0,0,1,0
436,1,sympy:4,1,1,1.0,-0.0,1.0,1,1,0.0,998,0.0,0.0,0.0,0,0,1,1,1.0,0,0,0,1,0
436,2,sympy:4,1,1,1.0,-0.0,1.0,1,2,0.5,2022,0.0,0.0,0.0,0,0,2,1,1.0,0,0,0,1,0
436,3,sympy:4,1,1,1.0,-0.0,1.0,1,3,0.6666666666666666,3046,0.0,0.0,0.0,0,0,3,1,1.0,0,0,0,1,0
436,4,sympy:4,1,2,1.0,-0.0,1.0,1,4,0.5,3875,0.0,0.0,0.0,0,0,4,2,1.0,0,0,0,1,0
436,5,sympy:4,1,2,1.0,-0.0,1.0,1,5,0.6,4899,0.0,0.0,0.0,0,0,5,2,1.0,0,0,0,1,0
436,6,sympy:4,1,3,0.6666666666666666,0.6365141682948128,0.3333333333333333,2,6,0.5,5854,-0.33333333333333337,0.6365141682948128,-0.6666666666666667,0,0,6,1,0.5,0,0,0,1,0
436,7,sympy:4,1,3,0.6666666666666666,0.6365141682948128,0.3333333333333333,2,7,0.5714285714285714,6878,0.0,0.0,0.0,0,0,7,1,0.0,0,0,0,1,0
436,8,sympy:4,1,3,0.6666666666666666,0.6365141682948128,0.3333333333333333,2,8,0.625,7902,0.0,0.0,0.0,0,0,8,1,0.0,0,0,0,1,0
436,9,sympy:4,1,3,0.6666666666666666,0.6365141682948128,0.3333333333333333,2,9,0.6666666666666666,8926,0.0,0.0,0.0,0,0,9,1,0.0,0,0,0,1,0
436,10,sympy:4,1,3,0.6666666666666666,0.6365141682948128,0.3333333333333333,2,10,0.7,9950,0.0,0.0,0.0,0,0,10,1,0.0,0,0,0,1,0
436,11,sympy:4,1,4,0.5,1.0397207708399179,0.25,3,11,0.6363636363636364,10880,-0.16666666666666663,0.4032066025451051,-0.08333333333333331,0,0,11,1,0.0,0,0,0,1,0
436,12,sympy:4,1,4,0.5,1.0397207708399179,0.25,3,12,0.6666666666666666,11904,0.0,0.0,0.0,0,0,12,1,0.0,0,0,0,1,0
436,13,sympy:4,1,4,0.5,1.0397207708399179,0.25,3,13,0.6923076923076923,12928,0.0,0.0,0.0,0,0,13,1,0.0,0,0,0,1,0
436,14,sympy:4,1,5,0.6,0.9502705392332347,0.4,3,14,0.6428571428571429,13848,0.09999999999999998,-0.0894502316066832,0.15000000000000002,0,0,14,2,1.0,0,0,0,1,0
436,15,sympy:4,1,6,0.6666666666666666,0.8675632284814612,0.5,3,15,0.6,14796,0.06666666666666665,-0.08270731075177351,0.09999999999999998,0,0,15,3,1.0,0,0,0,1,0
436,16,sympy:4,1,6,0.6666666666666666,0.8675632284814612,0.5,3,16,0.625,15820,0.0,0.0,0.0,0,0,16,3,1.0,0,0,0,1,0
437,1,sympy:3,1,1,1.0,-0.0,1.0,1,1,0.0,546,0.0,0.0,0.0,0,0,1,1,1.0,0,0,0,1,0
437,2,sympy:3,1,2,1.0,-0.0,1.0,1,2,0.0,842,0.0,0.0,0.0,0,0,2,2,1.0,0,0,0,1,0
437,3,sympy:3,1,3,1.0,-0.0,1.0,1,3,0.0,1242,0.0,0.0,0.0,0,0,3,3,1.0,0,0,0,1,0
437,4,sympy:3,1,4,1.0,-0.0,1.0,1,4,0.0,1727,0.0,0.0,0.0,0,0,4,4,1.0,0,0,0,1,0
437,5,sympy:3,1,5,1.0,-0.0,1.0,1,5,0.0,2096,0.0,0.0,0.0,0,0,5,5,1.0,0,0,0,1,0
437,6,sympy:3,1,6,1.0,-0.0,1.0,1,6,0.0,2495,0.0,0.0,0.0,0,0,6,6,1.0,0,0,0,1,0
437,7,sympy:3,1,7,1.0,-0.0,1.0,1,7,0.0,3121,0.0,0.0,0.0,0,0,7,7,1.0,0,0,0,1,0
437,8,sympy:3,1,8,1.0,-0.0,1.0,1,8,0.0,3565,0.0,0.0,0.0,0,0,8,8,1.0,0,0,0,1,0
437,9,sympy:3,1,9,1.0,-0.0,1.0,1,9,0.0,3942,0.0,0.0,0.0,0,0,9,9,1.0,0,0,0,1,0
437,10,sympy:3,1,10,1.0,-0.0,1.0,1,10,0.0,4345,0.0,0.0,0.0,0,0,10,10,1.0,0,0,0,1,0
437,11,sympy:3,1,11,1.0,-0.0,1.0,1,11,0.0,4852,0.0,0.0,0.0,0,0,11,11,1.0,0,0,0,1,0
437,12,sympy:3,1,11,1.0,-0.0,1.0,1,12,0.08333333333333333,5876,0.0,0.0,0.0,0,0,12,11,1.0,0,0,0,1,0
437,13,sympy:3,1,12,1.0,-0.0,1.0,1,13,0.07692307692307693,6202,0.0,0.0,0.0,0,0,13,12,1.0,0,0,0,1,0
437,14,sympy:3,1,13,0.9230769230769231,0.2711893730418441,0.8461538461538461,2,14,0.07142857142857142,6820,-0.07692307692307687,0.2711893730418441,-0.15384615384615385,0,0,14,11,0.5,0,0,0,1,0
437,15,sympy:3,1,14,0.9285714285714286,0.25731864054383163,0.8571428571428571,2,15,0.06666666666666667,7291,0.005494505494505475,-0.013870732498012461,0.01098901098901095,0,0,15,12,0.6666666666666666,0,0,0,1,0
437,16,sympy:3,1,15,0.9333333333333333,0.24493002679463532,0.8666666666666667,2,16,0.0625,7728,0.004761904761904745,-0.012388613749196309,0.009523809523809601,0,0,16,13,0.6666666666666666,0,0,0,1,0
438,1,sympy:4,1,1,1.0,-0.0,1.0,1,1,0.0,297,0.0,0.0,0.0,0,0,1,1,1.0,0,0,0,1,0
438,2,sympy:4,1,2,1.0,-0.0,1.0,1,2,0.0,555,0.0,0.0,0.0,0,0,2,2,1.0,0,0,0,1,0
438,3,sympy:4,1,3,1.0,-0.0,1.0,1,3,0.0,800,0.0,0.0,0.0,0,0,3,3,1.0,0,0,0,1,0
438,4,sympy:4,1,4,1.0,-0.0,1.0,1,4,0.0,1172,0.0,0.0,0.0,0,0,4,4,1.0,0,0,0,1,0
438,5,sympy:4,1,5,1.0,-0.0,1.0,1,5,0.0,1460,0.0,0.0,0.0,0,0,5,5,1.0,0,0,0,1,0
438,6,sympy:4,1,6,1.0,-0.0,1.0,1,6,0.0,1767,0.0,0.0,0.0,0,0,6,6,1.0,0,0,0,1,0
438,7,sympy:4,1,7,1.0,-0.0,1.0,1,7,0.0,2021,0.0,0.0,0.0,0,0,7,7,1.0,0,0,0,1,0
438,8,sympy:4,1,8,1.0,-0.0,1.0,1,8,0.0,2506,0.0,0.0,0.0,0,0,8,8,1.0,0,0,0,1,0
438,9,sympy:4,1,9,1.0,-0.0,1.0,1,9,0.0,2889,0.0,0.0,0.0,0,0,9,9,1.0,0,0,0,1,0
438,10,sympy:4,1,10,1.0,-0.0,1.0,1,10,0.0,3204,0.0,0.0,0.0,0,0,10,10,1.0,0,0,0,1,0
438,11,sympy:4,1,11,1.0,-0.0,1.0,1,11,0.0,3444,0.0,0.0,0.0,0,0,11,11,1.0,0,0,0,1,0
438,12,sympy:4,1,12,1.0,-0.0,1.0,1,12,0.0,3716,0.0,0.0,0.0,0,0,12,12,1.0,0,0,0,1,0
438,13,sympy:4,1,13,1.0,-0.0,1.0,1,13,0.0,3907,0.0,0.0,0.0,0,0,13,13,1.0,0,0,0,1,0
438,14,sympy:4,1,14,1.0,-0.0,1.0,1,14,0.0,4160,0.0,0.0,0.0,0,0,14,14,1.0,0,0,0,1,0
438,15,sympy:4,1,15,1.0,-0.0,1.0,1,15,0.0,4400,0.0,0.0,0.0,0,0,15,15,1.0,0,0,0,1,0
438,16,sympy:4,1,16,1.0,-0.0,1.0,1,16,0.0,4651,0.0,0.0,0.0,0,0,16,16,1.0,0,0,0,1,0
439,1,sympy:x**8 + x**7 + x**6 + x**5 + x**4 + x**3 + x**2 + x + 1,1,1,1.0,-0.0,1.0,1,1,0.0,685,0.0,0.0,0.0,0,0,1,1,1.0,0,0,0,1,0
439,2,sympy:x**8 + x**7 + x**6 + x**5 + x**4 + x**3 + x**2 + x + 1,1,2,1.0,-0.0,1.0,1,2,0.0,1553,0.0,0.0,0.0,0,0,2,2,1.0,0,0,0,1,0
439,3,sympy:x**8 + x**7 + x**6 + x**5 + x**4 + x**3 + x**2 + x + 1,1,3,1.0,-0.0,1.0,1,3,0.0,2055,0.0,0.0,0.0,0,0,3,3,1.0,0,0,0,1,0
439,4,sympy:x**8 + x**7 + x**6 + x**5 + x**4 + x**3 + x**2 + x + 1,1,4,1.0,-0.0,1.0,1,4,0.0,2726,0.0,0.0,0.0,0,0,4,4,1.0,0,0,0,1,0
439,5,sympy:x**8 + x**7 + x**6 + x**5 + x**4 + x**3 + x**2 + x + 1,1,4,1.0,-0.0,1.0,1,5,0.2,3750,0.0,0.0,0.0,0,0,5,4,1.0,0,0,0,1,0
439,6,sympy:x**8 + x**7 + x**6 + x**5 + x**4 + x**3 + x**2 + x + 1,1,5,1.0,-0.0,1.0,1,6,0.16666666666666666,4556,0.0,0.0,0.0,0,0,6,5,1.0,0,0,0,1,0
439,7,sympy:x**8 + x**7 + x**6 + x**5 + x**4 + x**3 + x**2 + x + 1,1,6,1.0,-0.0,1.0,1,7,0.14285714285714285,5187,0.0,0.0,0.0,0,0,7,6,1.0,0,0,0,1,0
439,8,sympy:x**8 + x**7 + x**6 + x**5 + x**4 + x**3 + x**2 + x + 1,1,7,1.0,-0.0,1.0,1,8,0.125,6211,0.0,0.0,0.0,0,0,8,7,1.0,0,0,0,1,0
439,9,sympy:x**8 + x**7 + x**6 + x**5 + x**4 + x**3 + x**2 + x + 1,1,8,1.0,-0.0,1.0,1,9,0.1111111111111111,6848,0.0,0.0,0.0,0,0,9,8,1.0,0,0,0,1,0
439,10,sympy:x**8 + x**7 + x**6 + x**5 + x**4 + x**3 + x**2 + x + 1,1,9,1.0,-0.0,1.0,1,10,0.1,7372,0.0,0.0,0.0,0,0,10,9,1.0,0,0,0,1,0
439,11,sympy:x**8 + x**7 + x**6 + x**5 + x**4 + x**3 + x**2 + x + 1,1,10,1.0,-0.0,1.0,1,11,0.09090909090909091,7824,0.0,0.0,0.0,0,0,11,10,1.0,0,0,0,1,0
439,12,sympy:x**8 + x**7 + x**6 + x**5 + x**4 + x**3 + x**2 + x + 1,1,11,1.0,-0.0,1.0,1,12,0.08333333333333333,8441,0.0,0.0,0.0,0,0,12,11,1.0,0,0,0,1,0
439,13,sympy:x**8 + x**7 + x**6 + x**5 + x**4 + x**3 + x**2 + x + 1,1,12,1.0,-0.0,1.0,1,13,0.07692307692307693,8972,0.0,0.0,0.0,0,0,13,12,1.0,0,0,0,1,0
439,14,sympy:x**8 + x**7 + x**6 + x**5 + x**4 + x**3 + x**2 + x + 1,1,13,1.0,-0.0,1.0,1,14,0.07142857142857142,9996,0.0,0.0,0.0,0,0,14,13,1.0,0,0,0,1,0
439,15,sympy:x**8 + x**7 + x**6 + x**5 + x**4 + x**3 + x**2 + x + 1,1,14,1.0,-0.0,1.0,1,15,0.06666666666666667,10966,0.0,0.0,0.0,0,0,15,14,1.0,0,0,0,1,0
439,16,sympy:x**8 + x**7 + x**6 + x**5 + x**4 + x**3 + x**2 + x + 1,1,15,1.0,-0.0,1.0,1,16,0.0625,11822,0.0,0.0,0.0,0,0,16,15,1.0,0,0,0,1,0
440,1,sympy:14,1,1,1.0,-0.0,1.0,1,1,0.0,504,0.0,0.0,0.0,0,0,1,1,1.0,0,0,0,1,0
440,2,sympy:14,1,2,1.0,-0.0,1.0,1,2,0.0,873,0.0,0.0,0.0,0,0,2,2,1.0,0,0,0,1,0
440,3,sympy:14,1,3,1.0,-0.0,1.0,1,3,0.0,1358,0.0,0.0,0.0,0,0,3,3,1.0,0,0,0,1,0
440,4,sympy:14,1,4,1.0,-0.0,1.0,1,4,0.0,1746,0.0,0.0,0.0,0,0,4,4,1.0,0,0,0,1,0
440,5,sympy:14,1,5,1.0,-0.0,1.0,1,5,0.0,2122,0.0,0.0,0.0,0,0,5,5,1.0,0,0,0,1,0
440,6,sympy:14,1,6,1.0,-0.0,1.0,1,6,0.0,2508,0.0,0.0,0.0,0,0,6,6,1.0,0,0,0,1,0
440,7,sympy:14,1,7,1.0,-0.0,1.0,1,7,0.0,3532,0.0,0.0,0.0,0,0,7,7,1.0,0,0,0,1,0
440,8,sympy:14,1,8,1.0,-0.0,1.0,1,8,0.0,3915,0.0,0.0,0.0,0,0,8,8,1.0,0,0,0,1,0
440,9,sympy:14,1,9,1.0,-0.0,1.0,1,9,0.0,4402,0.0,0.0,0.0,0,0,9,9,1.0,0,0,0,1,0
440,10,sympy:14,1,10,1.0,-0.0,1.0,1,10,0.0,4767,0.0,0.0,0.0,0,0,10,10,1.0,0,0,0,1,0
440,11,sympy:14,1,11,1.0,-0.0,1.0,1,11,0.0,5189,0.0,0.0,0.0,0,0,11,11,1.0,0,0,0,1,0
440,12,sympy:14,1,12,1.0,-0.0,1.0,1,12,0.0,5551,0.0,0.0,0.0,0,0,12,12,1.0,0,0,0,1,0
440,13,sympy:14,1,13,1.0,-0.0,1.0,1,13,0.0,5937,0.0,0.0,0.0,0,0,13,13,1.0,0,0,0,1,0
440,14,sympy:14,1,14,1.0,-0.0,1.0,1,14,0.0,6325,0.0,0.0,0.0,0,0,14,14,1.0,0,0,0,1,0
440,15,sympy:14,1,15,1.0,-0.0,1.0,1,15,0.0,6714,0.0,0.0,0.0,0,0,15,15,1.0,0,0,0,1,0
440,16,sympy:14,1,16,1.0,-0.0,1.0,1,16,0.0,7099,0.0,0.0,0.0,0,0,16,16,1.0,0,0,0,1,0
441,1,sympy:550,1,1,1.0,-0.0,1.0,1,1,0.0,351,0.0,0.0,0.0,0,0,1,1,1.0,0,0,0,1,0
441,2,sympy:550,1,2,1.0,-0.0,1.0,1,2,0.0,713,0.0,0.0,0.0,0,0,2,2,1.0,0,0,0,1,0
441,3,sympy:550,1,3,1.0,-0.0,1.0,1,3,0.0,1048,0.0,0.0,0.0,0,0,3,3,1.0,0,0,0,1,0
441,4,sympy:550,1,4,1.0,-0.0,1.0,1,4,0.0,1416,0.0,0.0,0.0,0,0,4,4,1.0,0,0,0,1,0
441,5,sympy:550,1,5,1.0,-0.0,1.0,1,5,0.0,1729,0.0,0.0,0.0,0,0,5,5,1.0,0,0,0,1,0
441,6,sympy:550,1,6,1.0,-0.0,1.0,1,6,0.0,2121,0.0,0.0,0.0,0,0,6,6,1.0,0,0,0,1,0
441,7,sympy:550,1,7,1.0,-0.0,1.0,1,7,0.0,2478,0.0,0.0,0.0,0,0,7,7,1.0,0,0,0,1,0
441,8,sympy:550,1,8,1.0,-0.0,1.0,1,8,0.0,2903,0.0,0.0,0.0,0,0,8,8,1.0,0,0,0,1,0
441,9,sympy:550,1,9,1.0,-0.0,1.0,1,9,0.0,3286,0.0,0.0,0.0,0,0,9,9,1.0,0,0,0,1,0
441,10,sympy:550,1,10,1.0,-0.0,1.0,1,10,0.0,3642,0.0,0.0,0.0,0,0,10,10,1.0,0,0,0,1,0
441,11,sympy:550,1,11,1.0,-0.0,1.0,1,11,0.0,3948,0.0,0.0,0.0,0,0,11,11,1.0,0,0,0,1,0
441,12,sympy:550,1,12,1.0,-0.0,1.0,1,12,0.0,4269,0.0,0.0,0.0,0,0,12,12,1.0,0,0,0,1,0
441,13,sympy:550,1,13,1.0,-0.0,1.0,1,13,0.0,4738,0.0,0.0,0.0,0,0,13,13,1.0,0,0,0,1,0
441,14,sympy:550,1,14,1.0,-0.0,1.0,1,14,0.0,5095,0.0,0.0,0.0,0,0,14,14,1.0,0,0,0,1,0
441,15,sympy:550,1,15,1.0,-0.0,1.0,1,15,0.0,5485,0.0,0.0,0.0,0,0,15,15,1.0,0,0,0,1,0
441,16,sympy:550,1,16,1.0,-0.0,1.0,1,16,0.0,5827,0.0,0.0,0.0,0,0,16,16,1.0,0,0,0,1,0
442,1,sympy:256,1,1,1.0,-0.0,1.0,1,1,0.0,258,0.0,0.0,0.0,0,0,1,1,1.0,0,0,0,1,0
442,2,sympy:256,1,2,1.0,-0.0,1.0,1,2,0.0,527,0.0,0.0,0.0,0,0,2,2,1.0,0,0,0,1,0
442,3,sympy:256,1,3,1.0,-0.0,1.0,1,3,0.0,827,0.0,0.0,0.0,0,0,3,3,1.0,0,0,0,1,0
442,4,sympy:256,1,4,1.0,-0.0,1.0,1,4,0.0,1077,0.0,0.0,0.0,0,0,4,4,1.0,0,0,0,1,0
442,5,sympy:256,1,5,1.0,-0.0,1.0,1,5,0.0,1306,0.0,0.0,0.0,0,0,5,5,1.0,0,0,0,1,0
442,6,sympy:256,1,6,1.0,-0.0,1.0,1,6,0.0,1557,0.0,0.0,0.0,0,0,6,6,1.0,0,0,0,1,0
442,7,sympy:256,1,7,1.0,-0.0,1.0,1,7,0.0,1821,0.0,0.0,0.0,0,0,7,7,1.0,0,0,0,1,0
442,8,sympy:256,1,8,1.0,-0.0,1.0,1,8,0.0,2085,0.0,0.0,0.0,0,0,8,8,1.0,0,0,0,1,0
442,9,sympy:256,1,9,1.0,-0.0,1.0,1,9,0.0,2322,0.0,0.0,0.0,0,0,9,9,1.0,0,0,0,1,0
442,10,sympy:256,1,10,1.0,-0.0,1.0,1,10,0.0,2583,0.0,0.0,0.0,0,0,10,10,1.0,0,0,0,1,0
442,11,sympy:256,1,11,1.0,-0.0,1.0,1,11,0.0,2911,0.0,0.0,0.0,0,0,11,11,1.0,0,0,0,1,0
442,12,sympy:256,1,12,1.0,-0.0,1.0,1,12,0.0,3177,0.0,0.0,0.0,0,0,12,12,1.0,0,0,0,1,0
442,13,sympy:256,1,13,1.0,-0.0,1.0,1,13,0.0,3428,0.0,0.0,0.0,0,0,13,13,1.0,0,0,0,1,0
442,14,sympy:256,1,14,1.0,-0.0,1.0,1,14,0.0,3689,0.0,0.0,0.0,0,0,14,14,1.0,0,0,0,1,0
442,15,sympy:256,1,15,1.0,-0.0,1.0,1,15,0.0,3932,0.0,0.0,0.0,0,0,15,15,1.0,0,0,0,1,0
442,16,sympy:256,1,16,1.0,-0.0,1.0,1,16,0.0,4187,0.0,0.0,0.0,0,0,16,16,1.0,0,0,0,1,0
443,1,sympy:45,1,1,1.0,-0.0,1.0,1,1,0.0,324,0.0,0.0,0.0,0,0,1,1,1.0,0,0,0,1,0
443,2,sympy:45,1,2,1.0,-0.0,1.0,1,2,0.0,735,0.0,0.0,0.0,0,0,2,2,1.0,0,0,0,1,0
443,3,sympy:45,1,3,1.0,-0.0,1.0,1,3,0.0,1022,0.0,0.0,0.0,0,0,3,3,1.0,0,0,0,1,0
443,4,sympy:45,1,4,1.0,-0.0,1.0,1,4,0.0,1290,0.0,0.0,0.0,0,0,4,4,1.0,0,0,0,1,0
443,5,sympy:45,1,5,1.0,-0.0,1.0,1,5,0.0,1539,0.0,0.0,0.0,0,0,5,5,1.0,0,0,0,1,0
443,6,sympy:45,1,6,1.0,-0.0,1.0,1,6,0.0,1963,0.0,0.0,0.0,0,0,6,6,1.0,0,0,0,1,0
443,7,sympy:45,1,7,1.0,-0.0,1.0,1,7,0.0,2410,0.0,0.0,0.0,0,0,7,7,1.0,0,0,0,1,0
443,8,sympy:45,1,8,1.0,-0.0,1.0,1,8,0.0,2750,0.0,0.0,0.0,0,0,8,8,1.0,0,0,0,1,0
443,9,sympy:45,1,9,1.0,-0.0,1.0,1,9,0.0,3011,0.0,0.0,0.0,0,0,9,9,1.0,0,0,0,1,0
443,10,sympy:45,1,10,1.0,-0.0,1.0,1,10,0.0,3433,0.0,0.0,0.0,0,0,10,10,1.0,0,0,0,1,0
443,11,sympy:45,1,11,1.0,-0.0,1.0,1,11,0.0,3759,0.0,0.0,0.0,0,0,11,11,1.0,0,0,0,1,0
443,12,sympy:45,1,12,1.0,-0.0,1.0,1,12,0.0,4085,0.0,0.0,0.0,0,0,12,12,1.0,0,0,0,1,0
443,13,sympy:45,1,13,1.0,-0.0,1.0,1,13,0.0,4398,0.0,0.0,0.0,0,0,13,13,1.0,0,0,0,1,0
443,14,sympy:45,1,14,1.0,-0.0,1.0,1,14,0.0,4679,0.0,0.0,0.0,0,0,14,14,1.0,0,0,0,1,0
443,15,sympy:45,1,15,1.0,-0.0,1.0,1,15,0.0,5052,0.0,0.0,0.0,0,0,15,15,1.0,0,0,0,1,0
443,16,sympy:45,1,16,1.0,-0.0,1.0,1,16,0.0,5477,0.0,0.0,0.0,0,0,16,16,1.0,0,0,0,1,0
444,1,,0,0,,,,0,0,1.0,1024,0.0,0.0,0.0,0,0,0,0,0.0,1,0,0,1,1
444,2,sympy:1/4,0,1,1.0,-0.0,1.0,1,1,0.5,2048,1.0,-0.0,1.0,0,0,1,1,1.0,0,0,0,1,0
444,3,sympy:1/4,0,1,1.0,-0.0,1.0,1,2,0.6666666666666666,3072,0.0,0.0,0.0,0,0,2,1,1.0,0,0,0,1,0
444,4,sympy:1/4,0,2,1.0,-0.0,1.0,1,3,0.5,3615,0.0,0.0,0.0,0,0,3,2,1.0,0,0,0,1,0
444,5,sympy:1/4,0,3,0.6666666666666666,0.6365141682948128,0.3333333333333333,2,4,0.4,4418,-0.33333333333333337,0.6365141682948128,-0.6666666666666667,0,0,4,1,0.5,0,0,0,1,0
444,6,sympy:1/4,0,3,0.6666666666666666,0.6365141682948128,0.3333333333333333,2,5,0.5,5442,0.0,0.0,0.0,0,0,5,1,0.5,0,0,0,1,0
444,7,sympy:1/4,0,4,0.75,0.5623351446188083,0.5,2,6,0.42857142857142855,5865,0.08333333333333337,-0.07417902367600449,0.16666666666666669,0,0,6,2,0.5,0,0,0,1,0
444,8,sympy:1/4,0,5,0.6,0.9502705392332347,0.4,3,7,0.375,6549,-0.15000000000000002,0.3879353946144264,-0.09999999999999998,0,0,7,2,0.5,0,0,0,1,0
444,9,sympy:1/4,0,6,0.6666666666666666,0.8675632284814612,0.5,3,8,0.3333333333333333,7080,0.06666666666666665,-0.08270731075177351,0.09999999999999998,0,0,8,3,0.6666666666666666,0,0,0,1,0
444,10,sympy:1/4,0,6,0.6666666666666666,0.8675632284814612,0.5,3,9,0.4,8104,0.0,0.0,0.0,0,0,9,3,0.5,0,0,0,1,0
444,11,sympy:1/4,0,7,0.5714285714285714,1.1537419427010902,0.42857142857142855,4,10,0.36363636363636365,8586,-0.09523809523809523,0.28617871421962904,-0.07142857142857145,0,0,10,3,0.5,0,0,0,1,0
444,12,sympy:1/4,0,8,0.625,1.073542846408523,0.5,4,11,0.3333333333333333,9336,0.0535714285714286,-0.08019909629256716,0.07142857142857145,0,0,11,4,0.5,0,0,0,1,0
444,13,sympy:1/4,0,8,0.625,1.073542846408523,0.5,4,12,0.38461538461538464,10360,0.0,0.0,0.0,0,0,12,4,0.5,0,0,0,1,0
444,14,sympy:1/4,0,9,0.6666666666666666,1.0027182645175161,0.5555555555555556,4,13,0.35714285714285715,10832,0.04166666666666663,-0.07082458189100693,0.05555555555555558,0,0,13,5,1.0,0,0,0,1,0
444,15,sympy:1/4,0,10,0.7,0.9404479886553263,0.6,4,14,0.3333333333333333,11273,0.033333333333333326,-0.062270275862189806,0.0444444444444444,0,0,14,6,1.0,0,0,0,1,0
444,16,sympy:1/4,0,11,0.6363636363636364,1.0335620542068176,0.45454545454545453,4,15,0.3125,12048,-0.0636363636363636,0.09311406555149127,-0.14545454545454545,0,0,15,5,0.6666666666666666,0,0,0,1,0
445,1,sympy:8,0,1,1.0,-0.0,1.0,1,1,0.0,911,0.0,0.0,0.0,0,0,1,1,1.0,0,0,0,1,0
445,2,sympy:8,0,2,0.5,0.6931471805599453,0.0,2,2,0.0,1575,-0.5,0.6931471805599453,-1.0,0,0,2,0,0.5,0,0,0,1,0
445,3,sympy:8,0,3,0.3333333333333333,1.0986122886681096,0.0,3,3,0.0,2252,-0.16666666666666669,0.4054651081081643,0.0,0,0,3,0,0.3333333333333333,0,0,0,1,0
445,4,sympy:16,0,4,0.5,1.0397207708399179,0.25,3,1,0.0,3042,0.16666666666666669,-0.058891517828191686,0.25,1,1,3,1,0.6666666666666666,1,0,0,1,1
445,5,sympy:16,0,4,0.5,1.0397207708399179,0.25,3,2,0.2,4066,0.0,0.0,0.0,0,1,3,1,0.5,1,0,0,1,1
445,6,sympy:16,0,4,0.5,1.0397207708399179,0.25,3,3,0.3333333333333333,5090,0.0,0.0,0.0,0,1,3,1,1.0,1,0,0,1,1
445,7,sympy:16,0,4,0.5,1.0397207708399179,0.25,3,4,0.42857142857142855,6114,0.0,0.0,0.0,0,1,4,1,0.0,1,0,0,1,1
445,8,sympy:16,0,4,0.5,1.0397207708399179,0.25,3,5,0.5,7138,0.0,0.0,0.0,0,1,5,1,0.0,1,0,0,1,1
445,9,sympy:16,0,4,0.5,1.0397207708399179,0.25,3,6,0.5555555555555556,8162,0.0,0.0,0.0,0,1,6,1,0.0,1,0,0,1,1
445,10,sympy:8,0,5,0.4,1.0549201679861442,0.0,3,1,0.5,8899,-0.09999999999999998,0.015199397146226312,-0.25,1,2,6,0,1.0,0,0,0,1,0
445,11,sympy:8,0,5,0.4,1.0549201679861442,0.0,3,2,0.5454545454545454,9923,0.0,0.0,0.0,0,2,6,0,1.0,0,0,0,1,0
445,12,sympy:16,0,6,0.5,1.0114042647073518,0.16666666666666666,3,1,0.5,10652,0.09999999999999998,-0.0435159032787924,0.16666666666666666,1,3,6,1,0.5,1,0,0,1,1
445,13,sympy:16,0,6,0.5,1.0114042647073518,0.16666666666666666,3,2,0.5384615384615384,11676,0.0,0.0,0.0,0,3,6,1,1.0,1,0,0,1,1
445,14,sympy:16,0,6,0.5,1.0114042647073518,0.16666666666666666,3,3,0.5714285714285714,12700,0.0,0.0,0.0,0,3,6,1,1.0,1,0,0,1,1
445,15,sympy:8,0,7,0.42857142857142855,1.0042424730540764,0.0,3,1,0.5333333333333333,13463,-0.07142857142857145,-0.007161791653275351,-0.16666666666666666,1,4,6,0,1.0,0,0,0,1,0
445,16,sympy:8,0,8,0.375,1.2554823251787535,0.0,4,2,0.5,14317,-0.05357142857142855,0.25123985212467703,0.0,0,4,6,0,0.5,0,0,0,1,0
446,1,sympy:8,1,1,1.0,-0.0,1.0,1,1,0.0,646,0.0,0.0,0.0,0,0,1,1,1.0,0,0,0,1,0
446,2,sympy:8,1,2,1.0,-0.0,1.0,1,2,0.0,1558,0.0,0.0,0.0,0,0,2,2,1.0,0,0,0,1,0
446,3,sympy:8,1,3,1.0,-0.0,1.0,1,3,0.0,2246,0.0,0.0,0.0,0,0,3,3,1.0,0,0,0,1,0
446,4,sympy:8,1,4,1.0,-0.0,1.0,1,4,0.0,2890,0.0,0.0,0.0,0,0,4,4,1.0,0,0,0,1,0
446,5,sympy:8,1,5,1.0,-0.0,1.0,1,5,0.0,3534,0.0,0.0,0.0,0,0,5,5,1.0,0,0,0,1,0
446,6,sympy:8,1,6,1.0,-0.0,1.0,1,6,0.0,4175,0.0,0.0,0.0,0,0,6,6,1.0,0,0,0,1,0
446,7,sympy:8,1,7,1.0,-0.0,1.0,1,7,0.0,4824,0.0,0.0,0.0,0,0,7,7,1.0,0,0,0,1,0
446,8,sympy:8,1,8,1.0,-0.0,1.0,1,8,0.0,5445,0.0,0.0,0.0,0,0,8,8,1.0,0,0,0,1,0
446,9,sympy:8,1,9,1.0,-0.0,1.0,1,9,0.0,6194,0.0,0.0,0.0,0,0,9,9,1.0,0,0,0,1,0
446,10,sympy:8,1,10,1.0,-0.0,1.0,1,10,0.0,6786,0.0,0.0,0.0,0,0,10,10,1.0,0,0,0,1,0
446,11,sympy:8,1,11,1.0,-0.0,1.0,1,11,0.0,7429,0.0,0.0,0.0,0,0,11,11,1.0,0,0,0,1,0
446,12,sympy:8,1,12,1.0,-0.0,1.0,1,12,0.0,8058,0.0,0.0,0.0,0,0,12,12,1.0,0,0,0,1,0
446,13,sympy:8,1,13,1.0,-0.0,1.0,1,13,0.0,8675,0.0,0.0,0.0,0,0,13,13,1.0,0,0,0,1,0
446,14,sympy:8,1,14,1.0,-0.0,1.0,1,14,0.0,9315,0.0,0.0,0.0,0,0,14,14,1.0,0,0,0,1,0
446,15,sympy:8,1,15,1.0,-0.0,1.0,1,15,0.0,9863,0.0,0.0,0.0,0,0,15,15,1.0,0,0,0,1,0
446,16,sympy:8,1,16,1.0,-0.0,1.0,1,16,0.0,10475,0.0,0.0,0.0,0,0,16,16,1.0,0,0,0,1,0
447,1,sympy:9,1,1,1.0,-0.0,1.0,1,1,0.0,356,0.0,0.0,0.0,0,0,1,1,1.0,0,0,0,1,0
447,2,sympy:9,1,2,0.5,0.6931471805599453,0.0,2,2,0.0,774,-0.5,0.6931471805599453,-1.0,0,0,2,0,0.5,0,0,0,1,0
447,3,sympy:9,1,3,0.6666666666666666,0.6365141682948128,0.3333333333333333,2,3,0.0,1049,0.16666666666666663,-0.05663301226513251,0.3333333333333333,0,0,3,1,0.6666666666666666,0,0,0,1,0
447,4,sympy:9,1,4,0.75,0.5623351446188083,0.5,2,4,0.0,1373,0.08333333333333337,-0.07417902367600449,0.16666666666666669,0,0,4,2,0.6666666666666666,0,0,0,1,0
447,5,sympy:9,1,5,0.8,0.5004024235381879,0.6,2,5,0.0,1799,0.050000000000000044,-0.06193272108062042,0.09999999999999998,0,0,5,3,1.0,0,0,0,1,0
447,6,sympy:9,1,6,0.8333333333333334,0.45056120886630463,0.6666666666666666,2,6,0.0,2115,0.033333333333333326,-0.04984121467188324,0.06666666666666665,0,0,6,4,1.0,0,0,0,1,0
447,7,sympy:9,1,7,0.7142857142857143,0.5982695885852573,0.42857142857142855,2,7,0.0,3139,-0.11904761904761907,0.14770837971895262,-0.23809523809523808,0,0,7,3,0.6666666666666666,0,0,0,1,0
447,8,sympy:9,1,8,0.75,0.5623351446188083,0.5,2,8,0.0,3674,0.0357142857142857,-0.03593444396644896,0.07142857142857145,0,0,8,4,0.6666666666666666,0,0,0,1,0
447,9,sympy:9,1,9,0.7777777777777778,0.5297061990576545,0.5555555555555556,2,9,0.0,4006,0.02777777777777779,-0.03262894556115381,0.05555555555555558,0,0,9,5,0.6666666666666666,0,0,0,1,0
447,10,sympy:9,1,10,0.8,0.5004024235381879,0.6,2,10,0.0,4423,0.022222222222222254,-0.029303775519466613,0.0444444444444444,0,0,10,6,1.0,0,0,0,1,0
447,11,sympy:9,1,11,0.8181818181818182,0.47413931305783735,0.6363636363636364,2,11,0.0,4805,0.018181818181818188,-0.026263110480350516,0.036363636363636376,0,0,11,7,1.0,0,0,0,1,0
447,12,sympy:9,1,12,0.8333333333333334,0.45056120886630463,0.6666666666666666,2,12,0.0,5126,0.015151515151515138,-0.023578104191532723,0.030303030303030276,0,0,12,8,1.0,0,0,0,1,0
447,13,sympy:9,1,13,0.8461538461538461,0.4293230219306162,0.6923076923076923,2,13,0.0,5518,0.012820512820512775,-0.021238186935688408,0.02564102564102566,0,0,13,9,1.0,0,0,0,1,0
447,14,sympy:9,1,14,0.7857142857142857,0.5195798391305154,0.5714285714285714,2,14,0.0,5975,-0.06043956043956045,0.0902568171998992,-0.1208791208791209,0,0,14,8,0.6666666666666666,0,0,0,1,0
447,15,sympy:9,1,15,0.8,0.5004024235381879,0.6,2,15,0.0,6313,0.014285714285714346,-0.01917741559232755,0.02857142857142858,0,0,15,9,0.6666666666666666,0,0,0,1,0
447,16,sympy:9,1,16,0.8125,0.48257756517701206,0.625,2,16,0.0,6606,0.012499999999999956,-0.01782485836117581,0.025000000000000022,0,0,16,10,0.6666666666666666,0,0,0,1,0
448,1,sympy:44,1,1,1.0,-0.0,1.0,1,1,0.0,596,0.0,0.0,0.0,0,0,1,1,1.0,0,0,0,1,0
448,2,sympy:44,1,2,1.0,-0.0,1.0,1,2,0.0,1221,0.0,0.0,0.0,0,0,2,2,1.0,0,0,0,1,0
448,3,sympy:44,1,3,1.0,-0.0,1.0,1,3,0.0,1837,0.0,0.0,0.0,0,0,3,3,1.0,0,0,0,1,0
448,4,sympy:44,1,4,1.0,-0.0,1.0,1,4,0.0,2408,0.0,0.0,0.0,0,0,4,4,1.0,0,0,0,1,0
448,5,sympy:44,1,5,1.0,-0.0,1.0,1,5,0.0,2966,0.0,0.0,0.0,0,0,5,5,1.0,0,0,0,1,0
448,6,sympy:44,1,6,1.0,-0.0,1.0,1,6,0.0,3649,0.0,0.0,0.0,0,0,6,6,1.0,0,0,0,1,0
448,7,sympy:44,1,7,1.0,-0.0,1.0,1,7,0.0,4257,0.0,0.0,0.0,0,0,7,7,1.0,0,0,0,1,0
448,8,sympy:44,1,8,1.0,-0.0,1.0,1,8,0.0,4844,0.0,0.0,0.0,0,0,8,8,1.0,0,0,0,1,0
448,9,sympy:44,1,9,0.8888888888888888,0.34883209584303193,0.7777777777777778,2,9,0.0,5420,-0.11111111111111116,0.34883209584303193,-0.2222222222222222,0,0,9,7,0.6666666666666666,0,0,0,1,0
448,10,sympy:44,1,10,0.9,0.3250829733914482,0.8,2,10,0.0,5952,0.011111111111111183,-0.023749122451583726,0.022222222222222254,0,0,10,8,0.6666666666666666,0,0,0,1,0
448,11,sympy:44,1,11,0.9090909090909091,0.30463609734923813,0.8181818181818182,2,11,0.0,6593,0.009090909090909038,-0.02044687604221007,0.018181818181818188,0,0,11,9,0.6666666666666666,0,0,0,1,0
448,12,sympy:44,1,12,0.9166666666666666,0.2868359830561607,0.8333333333333334,2,12,0.0,7331,0.007575757575757569,-0.01780011429307743,0.015151515151515138,0,0,12,10,1.0,0,0,0,1,0
448,13,sympy:44,1,13,0.9230769230769231,0.2711893730418441,0.8461538461538461,2,13,0.0,7940,0.0064102564102564985,-0.01564661001431661,0.012820512820512775,0,0,13,11,1.0,0,0,0,1,0
448,14,sympy:44,1,14,0.8571428571428571,0.509137344082687,0.7857142857142857,3,14,0.0,8678,-0.06593406593406603,0.23794797104084286,-0.06043956043956045,0,0,14,11,0.6666666666666666,0,0,0,1,0
448,15,sympy:44,1,15,0.8666666666666667,0.48509409130221154,0.8,3,15,0.0,9215,0.009523809523809601,-0.02404325278047542,0.014285714285714346,0,0,15,12,0.6666666666666666,0,0,0,1,0
448,16,sympy:44,1,16,0.875,0.4634135588264299,0.8125,3,16,0.0,10239,0.008333333333333304,-0.02168053247578161,0.012499999999999956,0,0,16,13,0.6666666666666666,0,0,0,1,0
449,1,sympy:47,1,1,1.0,-0.0,1.0,1,1,0.0,241,0.0,0.0,0.0,0,0,1,1,1.0,0,0,0,1,0
449,2,sympy:47,1,2,1.0,-0.0,1.0,1,2,0.0,1265,0.0,0.0,0.0,0,0,2,2,1.0,0,0,0,1,0
449,3,sympy:47,1,3,1.0,-0.0,1.0,1,3,0.0,1546,0.0,0.0,0.0,0,0,3,3,1.0,0,0,0,1,0
449,4,sympy:47,1,4,1.0,-0.0,1.0,1,4,0.0,1836,0.0,0.0,0.0,0,0,4,4,1.0,0,0,0,1,0
449,5,sympy:47,1,5,1.0,-0.0,1.0,1,5,0.0,2102,0.0,0.0,0.0,0,0,5,5,1.0,0,0,0,1,0
449,6,sympy:47,1,6,1.0,-0.0,1.0,1,6,0.0,2383,0.0,0.0,0.0,0,0,6,6,1.0,0,0,0,1,0
449,7,sympy:47,1,7,1.0,-0.0,1.0,1,7,0.0,2631,0.0,0.0,0.0,0,0,7,7,1.0,0,0,0,1,0
449,8,sympy:47,1,8,1.0,-0.0,1.0,1,8,0.0,2889,0.0,0.0,0.0,0,0,8,8,1.0,0,0,0,1,0
449,9,sympy:47,1,9,1.0,-0.0,1.0,1,9,0.0,3170,0.0,0.0,0.0,0,0,9,9,1.0,0,0,0,1,0
449,10,sympy:47,1,10,1.0,-0.0,1.0,1,10,0.0,3509,0.0,0.0,0.0,0,0,10,10,1.0,0,0,0,1,0
449,11,sympy:47,1,11,1.0,-0.0,1.0,1,11,0.0,3765,0.0,0.0,0.0,0,0,11,11,1.0,0,0,0,1,0
449,12,sympy:47,1,12,1.0,-0.0,1.0,1,12,0.0,4071,0.0,0.0,0.0,0,0,12,12,1.0,0,0,0,1,0
449,13,sympy:47,1,13,1.0,-0.0,1.0,1,13,0.0,4394,0.0,0.0,0.0,0,0,13,13,1.0,0,0,0,1,0
449,14,sympy:47,1,14,1.0,-0.0,1.0,1,14,0.0,4662,0.0,0.0,0.0,0,0,14,14,1.0,0,0,0,1,0
449,15,sympy:47,1,15,1.0,-0.0,1.0,1,15,0.0,4910,0.0,0.0,0.0,0,0,15,15,1.0,0,0,0,1,0
449,16,sympy:47,1,16,1.0,-0.0,1.0,1,16,0.0,5194,0.0,0.0,0.0,0,0,16,16,1.0,0,0,0,1,0
450,1,sympy:64,1,1,1.0,-0.0,1.0,1,1,0.0,523,0.0,0.0,0.0,0,0,1,1,1.0,0,0,0,1,0
450,2,sympy:64,1,2,1.0,-0.0,1.0,1,2,0.0,1120,0.0,0.0,0.0,0,0,2,2,1.0,0,0,0,1,0
450,3,sympy:64,1,3,1.0,-0.0,1.0,1,3,0.0,1743,0.0,0.0,0.0,0,0,3,3,1.0,0,0,0,1,0
450,4,sympy:64,1,4,1.0,-0.0,1.0,1,4,0.0,2354,0.0,0.0,0.0,0,0,4,4,1.0,0,0,0,1,0
450,5,sympy:64,1,5,0.8,0.5004024235381879,0.6,2,5,0.0,2987,-0.19999999999999996,0.5004024235381879,-0.4,0,0,5,3,0.6666666666666666,0,0,0,1,0
450,6,sympy:64,1,6,0.8333333333333334,0.45056120886630463,0.6666666666666666,2,6,0.0,3830,0.033333333333333326,-0.04984121467188324,0.06666666666666665,0,0,6,4,0.6666666666666666,0,0,0,1,0
450,7,sympy:64,1,7,0.8571428571428571,0.410116318288409,0.7142857142857143,2,7,0.0,4504,0.023809523809523725,-0.04044489057789563,0.04761904761904767,0,0,7,5,0.6666666666666666,0,0,0,1,0
450,8,sympy:64,1,8,0.875,0.37677016125643675,0.75,2,8,0.0,5166,0.017857142857142905,-0.033346157031972246,0.0357142857142857,0,0,8,6,1.0,0,0,0,1,0
450,9,sympy:64,1,9,0.8888888888888888,0.34883209584303193,0.7777777777777778,2,9,0.0,5803,0.01388888888888884,-0.027938065413404822,0.02777777777777779,0,0,9,7,1.0,0,0,0,1,0
450,10,sympy:64,1,10,0.9,0.3250829733914482,0.8,2,10,0.0,6476,0.011111111111111183,-0.023749122451583726,0.022222222222222254,0,0,10,8,1.0,0,0,0,1,0
450,11,sympy:64,1,11,0.9090909090909091,0.30463609734923813,0.8181818181818182,2,11,0.0,7083,0.009090909090909038,-0.02044687604221007,0.018181818181818188,0,0,11,9,1.0,0,0,0,1,0
450,12,sympy:64,1,12,0.9166666666666666,0.2868359830561607,0.8333333333333334,2,12,0.0,7643,0.007575757575757569,-0.01780011429307743,0.015151515151515138,0,0,12,10,1.0,0,0,0,1,0
450,13,sympy:64,1,13,0.9230769230769231,0.2711893730418441,0.8461538461538461,2,13,0.0,8667,0.0064102564102564985,-0.01564661001431661,0.012820512820512775,0,0,13,11,1.0,0,0,0,1,0
450,14,sympy:64,1,14,0.8571428571428571,0.509137344082687,0.7857142857142857,3,14,0.0,9484,-0.06593406593406603,0.23794797104084286,-0.06043956043956045,0,0,14,11,0.6666666666666666,0,0,0,1,0
450,15,sympy:64,1,15,0.8666666666666667,0.48509409130221154,0.8,3,15,0.0,10037,0.009523809523809601,-0.02404325278047542,0.014285714285714346,0,0,15,12,0.6666666666666666,0,0,0,1,0
450,16,sympy:64,1,16,0.875,0.4634135588264299,0.8125,3,16,0.0,10567,0.008333333333333304,-0.02168053247578161,0.012499999999999956,0,0,16,13,0.6666666666666666,0,0,0,1,0
451,1,sympy:639/40,1,1,1.0,-0.0,1.0,1,1,0.0,454,0.0,0.0,0.0,0,0,1,1,1.0,0,0,0,1,0
451,2,sympy:639/40,1,2,1.0,-0.0,1.0,1,2,0.0,934,0.0,0.0,0.0,0,0,2,2,1.0,0,0,0,1,0
451,3,sympy:639/40,1,3,1.0,-0.0,1.0,1,3,0.0,1405,0.0,0.0,0.0,0,0,3,3,1.0,0,0,0,1,0
451,4,sympy:639/40,1,4,1.0,-0.0,1.0,1,4,0.0,1916,0.0,0.0,0.0,0,0,4,4,1.0,0,0,0,1,0
451,5,sympy:639/40,1,5,1.0,-0.0,1.0,1,5,0.0,2419,0.0,0.0,0.0,0,0,5,5,1.0,0,0,0,1,0
451,6,sympy:639/40,1,6,1.0,-0.0,1.0,1,6,0.0,2922,0.0,0.0,0.0,0,0,6,6,1.0,0,0,0,1,0
451,7,sympy:639/40,1,7,1.0,-0.0,1.0,1,7,0.0,3353,0.0,0.0,0.0,0,0,7,7,1.0,0,0,0,1,0
451,8,sympy:639/40,1,8,1.0,-0.0,1.0,1,8,0.0,3838,0.0,0.0,0.0,0,0,8,8,1.0,0,0,0,1,0
451,9,sympy:639/40,1,9,1.0,-0.0,1.0,1,9,0.0,4410,0.0,0.0,0.0,0,0,9,9,1.0,0,0,0,1,0
451,10,sympy:639/40,1,10,1.0,-0.0,1.0,1,10,0.0,4893,0.0,0.0,0.0,0,0,10,10,1.0,0,0,0,1,0
451,11,sympy:639/40,1,11,1.0,-0.0,1.0,1,11,0.0,5369,0.0,0.0,0.0,0,0,11,11,1.0,0,0,0,1,0
451,12,sympy:639/40,1,12,1.0,-0.0,1.0,1,12,0.0,5889,0.0,0.0,0.0,0,0,12,12,1.0,0,0,0,1,0
451,13,sympy:639/40,1,13,1.0,-0.0,1.0,1,13,0.0,6311,0.0,0.0,0.0,0,0,13,13,1.0,0,0,0,1,0
451,14,sympy:639/40,1,14,1.0,-0.0,1.0,1,14,0.0,6820,0.0,0.0,0.0,0,0,14,14,1.0,0,0,0,1,0
451,15,sympy:639/40,1,15,1.0,-0.0,1.0,1,15,0.0,7287,0.0,0.0,0.0,0,0,15,15,1.0,0,0,0,1,0
451,16,sympy:639/40,1,16,1.0,-0.0,1.0,1,16,0.0,7788,0.0,0.0,0.0,0,0,16,16,1.0,0,0,0,1,0
452,1,sympy:143,1,1,1.0,-0.0,1.0,1,1,0.0,434,0.0,0.0,0.0,0,0,1,1,1.0,0,0,0,1,0
452,2,sympy:143,1,2,1.0,-0.0,1.0,1,2,0.0,867,0.0,0.0,0.0,0,0,2,2,1.0,0,0,0,1,0
452,3,sympy:143,1,3,1.0,-0.0,1.0,1,3,0.0,1302,0.0,0.0,0.0,0,0,3,3,1.0,0,0,0,1,0
452,4,sympy:143,1,4,1.0,-0.0,1.0,1,4,0.0,1700,0.0,0.0,0.0,0,0,4,4,1.0,0,0,0,1,0
452,5,sympy:143,1,5,1.0,-0.0,1.0,1,5,0.0,2125,0.0,0.0,0.0,0,0,5,5,1.0,0,0,0,1,0
452,6,sympy:143,1,6,1.0,-0.0,1.0,1,6,0.0,2525,0.0,0.0,0.0,0,0,6,6,1.0,0,0,0,1,0
452,7,sympy:143,1,7,1.0,-0.0,1.0,1,7,0.0,3012,0.0,0.0,0.0,0,0,7,7,1.0,0,0,0,1,0
452,8,sympy:143,1,8,1.0,-0.0,1.0,1,8,0.0,3431,0.0,0.0,0.0,0,0,8,8,1.0,0,0,0,1,0
452,9,sympy:143,1,9,1.0,-0.0,1.0,1,9,0.0,3892,0.0,0.0,0.0,0,0,9,9,1.0,0,0,0,1,0
452,10,sympy:143,1,10,1.0,-0.0,1.0,1,10,0.0,4296,0.0,0.0,0.0,0,0,10,10,1.0,0,0,0,1,0
452,11,sympy:143,1,11,1.0,-0.0,1.0,1,11,0.0,4714,0.0,0.0,0.0,0,0,11,11,1.0,0,0,0,1,0
452,12,sympy:143,1,12,1.0,-0.0,1.0,1,12,0.0,5135,0.0,0.0,0.0,0,0,12,12,1.0,0,0,0,1,0
452,13,sympy:143,1,13,1.0,-0.0,1.0,1,13,0.0,5553,0.0,0.0,0.0,0,0,13,13,1.0,0,0,0,1,0
452,14,sympy:143,1,14,1.0,-0.0,1.0,1,14,0.0,5975,0.0,0.0,0.0,0,0,14,14,1.0,0,0,0,1,0
452,15,sympy:143,1,15,1.0,-0.0,1.0,1,15,0.0,6395,0.0,0.0,0.0,0,0,15,15,1.0,0,0,0,1,0
452,16,sympy:143,1,16,1.0,-0.0,1.0,1,16,0.0,6812,0.0,0.0,0.0,0,0,16,16,1.0,0,0,0,1,0
453,1,sympy:10,1,1,1.0,-0.0,1.0,1,1,0.0,472,0.0,0.0,0.0,0,0,1,1,1.0,0,0,0,1,0
453,2,sympy:10,1,2,1.0,-0.0,1.0,1,2,0.0,963,0.0,0.0,0.0,0,0,2,2,1.0,0,0,0,1,0
453,3,sympy:10,1,3,1.0,-0.0,1.0,1,3,0.0,1457,0.0,0.0,0.0,0,0,3,3,1.0,0,0,0,1,0
453,4,sympy:10,1,4,1.0,-0.0,1.0,1,4,0.0,1909,0.0,0.0,0.0,0,0,4,4,1.0,0,0,0,1,0
453,5,sympy:10,1,5,1.0,-0.0,1.0,1,5,0.0,2222,0.0,0.0,0.0,0,0,5,5,1.0,0,0,0,1,0
453,6,sympy:10,1,6,1.0,-0.0,1.0,1,6,0.0,2632,0.0,0.0,0.0,0,0,6,6,1.0,0,0,0,1,0
453,7,sympy:10,1,7,1.0,-0.0,1.0,1,7,0.0,3135,0.0,0.0,0.0,0,0,7,7,1.0,0,0,0,1,0
453,8,sympy:10,1,8,1.0,-0.0,1.0,1,8,0.0,3615,0.0,0.0,0.0,0,0,8,8,1.0,0,0,0,1,0
453,9,sympy:10,1,9,1.0,-0.0,1.0,1,9,0.0,4138,0.0,0.0,0.0,0,0,9,9,1.0,0,0,0,1,0
453,10,sympy:10,1,10,1.0,-0.0,1.0,1,10,0.0,4465,0.0,0.0,0.0,0,0,10,10,1.0,0,0,0,1,0
453,11,sympy:10,1,11,1.0,-0.0,1.0,1,11,0.0,4875,0.0,0.0,0.0,0,0,11,11,1.0,0,0,0,1,0
453,12,sympy:10,1,12,1.0,-0.0,1.0,1,12,0.0,5278,0.0,0.0,0.0,0,0,12,12,1.0,0,0,0,1,0
453,13,sympy:10,1,13,1.0,-0.0,1.0,1,13,0.0,5592,0.0,0.0,0.0,0,0,13,13,1.0,0,0,0,1,0
453,14,sympy:10,1,14,1.0,-0.0,1.0,1,14,0.0,5999,0.0,0.0,0.0,0,0,14,14,1.0,0,0,0,1,0
453,15,sympy:10,1,15,1.0,-0.0,1.0,1,15,0.0,6315,0.0,0.0,0.0,0,0,15,15,1.0,0,0,0,1,0
453,16,sympy:10,1,16,1.0,-0.0,1.0,1,16,0.0,6699,0.0,0.0,0.0,0,0,16,16,1.0,0,0,0,1,0
454,1,,0,0,,,,0,0,1.0,1024,0.0,0.0,0.0,0,0,0,0,0.0,0,0,0,1,0
454,2,,0,0,,,,0,0,1.0,2048,0.0,0.0,0.0,0,0,0,0,0.0,0,0,0,1,0
454,3,,0,0,,,,0,0,1.0,3072,0.0,0.0,0.0,0,0,0,0,0.0,0,0,0,1,0
454,4,,0,0,,,,0,0,1.0,4096,0.0,0.0,0.0,0,0,0,0,0.0,0,0,0,1,0
454,5,,0,0,,,,0,0,1.0,5120,0.0,0.0,0.0,0,0,0,0,0.0,0,0,0,1,0
454,6,,0,0,,,,0,0,1.0,6144,0.0,0.0,0.0,0,0,0,0,0.0,0,0,0,1,0
454,7,,0,0,,,,0,0,1.0,7168,0.0,0.0,0.0,0,0,0,0,0.0,0,0,0,1,0
454,8,,0,0,,,,0,0,1.0,8192,0.0,0.0,0.0,0,0,0,0,0.0,0,0,0,1,0
454,9,,0,0,,,,0,0,1.0,9216,0.0,0.0,0.0,0,0,0,0,0.0,0,0,0,1,0
454,10,,0,0,,,,0,0,1.0,10240,0.0,0.0,0.0,0,0,0,0,0.0,0,0,0,1,0
454,11,,0,0,,,,0,0,1.0,11264,0.0,0.0,0.0,0,0,0,0,0.0,0,0,0,1,0
454,12,,0,0,,,,0,0,1.0,12288,0.0,0.0,0.0,0,0,0,0,0.0,0,0,0,1,0
454,13,,0,0,,,,0,0,1.0,13312,0.0,0.0,0.0,0,0,0,0,0.0,0,0,0,1,0
454,14,,0,0,,,,0,0,1.0,14336,0.0,0.0,0.0,0,0,0,0,0.0,0,0,0,1,0
454,15,,0,0,,,,0,0,1.0,15360,0.0,0.0,0.0,0,0,0,0,0.0,0,0,0,1,0
454,16,,0,0,,,,0,0,1.0,16384,0.0,0.0,0.0,0,0,0,0,0.0,0,0,0,1,0
455,1,sympy:6,1,1,1.0,-0.0,1.0,1,1,0.0,361,0.0,0.0,0.0,0,0,1,1,1.0,0,0,0,1,0
455,2,sympy:6,1,2,1.0,-0.0,1.0,1,2,0.0,680,0.0,0.0,0.0,0,0,2,2,1.0,0,0,0,1,0
455,3,sympy:6,1,3,1.0,-0.0,1.0,1,3,0.0,998,0.0,0.0,0.0,0,0,3,3,1.0,0,0,0,1,0
455,4,sympy:6,1,4,1.0,-0.0,1.0,1,4,0.0,1363,0.0,0.0,0.0,0,0,4,4,1.0,0,0,0,1,0
455,5,sympy:6,1,5,1.0,-0.0,1.0,1,5,0.0,1702,0.0,0.0,0.0,0,0,5,5,1.0,0,0,0,1,0
455,6,sympy:6,1,6,1.0,-0.0,1.0,1,6,0.0,2031,0.0,0.0,0.0,0,0,6,6,1.0,0,0,0,1,0
455,7,sympy:6,1,7,1.0,-0.0,1.0,1,7,0.0,2282,0.0,0.0,0.0,0,0,7,7,1.0,0,0,0,1,0
455,8,sympy:6,1,8,1.0,-0.0,1.0,1,8,0.0,2646,0.0,0.0,0.0,0,0,8,8,1.0,0,0,0,1,0
455,9,sympy:6,1,9,1.0,-0.0,1.0,1,9,0.0,3000,0.0,0.0,0.0,0,0,9,9,1.0,0,0,0,1,0
455,10,sympy:6,1,10,1.0,-0.0,1.0,1,10,0.0,3346,0.0,0.0,0.0,0,0,10,10,1.0,0,0,0,1,0
455,11,sympy:6,1,11,1.0,-0.0,1.0,1,11,0.0,3664,0.0,0.0,0.0,0,0,11,11,1.0,0,0,0,1,0
455,12,sympy:6,1,12,1.0,-0.0,1.0,1,12,0.0,4029,0.0,0.0,0.0,0,0,12,12,1.0,0,0,0,1,0
455,13,sympy:6,1,13,1.0,-0.0,1.0,1,13,0.0,4409,0.0,0.0,0.0,0,0,13,13,1.0,0,0,0,1,0
455,14,sympy:6,1,14,1.0,-0.0,1.0,1,14,0.0,4802,0.0,0.0,0.0,0,0,14,14,1.0,0,0,0,1,0
455,15,sympy:6,1,15,1.0,-0.0,1.0,1,15,0.0,5130,0.0,0.0,0.0,0,0,15,15,1.0,0,0,0,1,0
455,16,sympy:6,1,16,1.0,-0.0,1.0,1,16,0.0,5490,0.0,0.0,0.0,0,0,16,16,1.0,0,0,0,1,0
456,1,"sympy:{-2, 1}",1,1,1.0,-0.0,1.0,1,1,0.0,972,0.0,0.0,0.0,0,0,1,1,1.0,0,0,0,1,0
456,2,"sympy:{-2, 1}",1,2,1.0,-0.0,1.0,1,2,0.0,1996,0.0,0.0,0.0,0,0,2,2,1.0,0,0,0,1,0
456,3,"sympy:{-2, 1}",1,2,1.0,-0.0,1.0,1,3,0.3333333333333333,3020,0.0,0.0,0.0,0,0,3,2,1.0,0,0,0,1,0
456,4,"sympy:{-2, 1}",1,3,1.0,-0.0,1.0,1,4,0.25,4038,0.0,0.0,0.0,0,0,4,3,1.0,0,0,0,1,0
456,5,"sympy:{-2, 1}",1,4,1.0,-0.0,1.0,1,5,0.2,4984,0.0,0.0,0.0,0,0,5,4,1.0,0,0,0,1,0
456,6,"sympy:{-2, 1}",1,5,1.0,-0.0,1.0,1,6,0.16666666666666666,5954,0.0,0.0,0.0,0,0,6,5,1.0,0,0,0,1,0
456,7,"sympy:{-2, 1}",1,6,1.0,-0.0,1.0,1,7,0.14285714285714285,6911,0.0,0.0,0.0,0,0,7,6,1.0,0,0,0,1,0
456,8,"sympy:{-2, 1}",1,6,1.0,-0.0,1.0,1,8,0.25,7935,0.0,0.0,0.0,0,0,8,6,1.0,0,0,0,1,0
456,9,"sympy:{-2, 1}",1,7,1.0,-0.0,1.0,1,9,0.2222222222222222,8845,0.0,0.0,0.0,0,0,9,7,1.0,0,0,0,1,0
456,10,"sympy:{-2, 1}",1,8,1.0,-0.0,1.0,1,10,0.2,9847,0.0,0.0,0.0,0,0,10,8,1.0,0,0,0,1,0
456,11,"sympy:{-2, 1}",1,9,1.0,-0.0,1.0,1,11,0.18181818181818182,10787,0.0,0.0,0.0,0,0,11,9,1.0,0,0,0,1,0
456,12,"sympy:{-2, 1}",1,10,1.0,-0.0,1.0,1,12,0.16666666666666666,11714,0.0,0.0,0.0,0,0,12,10,1.0,0,0,0,1,0
456,13,"sympy:{-2, 1}",1,11,1.0,-0.0,1.0,1,13,0.15384615384615385,12717,0.0,0.0,0.0,0,0,13,11,1.0,0,0,0,1,0
456,14,"sympy:{-2, 1}",1,12,1.0,-0.0,1.0,1,14,0.14285714285714285,13640,0.0,0.0,0.0,0,0,14,12,1.0,0,0,0,1,0
456,15,"sympy:{-2, 1}",1,13,1.0,-0.0,1.0,1,15,0.13333333333333333,14569,0.0,0.0,0.0,0,0,15,13,1.0,0,0,0,1,0
456,16,"sympy:{-2, 1}",1,14,1.0,-0.0,1.0,1,16,0.125,15498,0.0,0.0,0.0,0,0,16,14,1.0,0,0,0,1,0
457,1,sympy:0,1,1,1.0,-0.0,1.0,1,1,0.0,185,0.0,0.0,0.0,0,0,1,1,1.0,0,0,0,1,0
457,2,sympy:0,1,2,1.0,-0.0,1.0,1,2,0.0,352,0.0,0.0,0.0,0,0,2,2,1.0,0,0,0,1,0
457,3,sympy:0,1,3,1.0,-0.0,1.0,1,3,0.0,524,0.0,0.0,0.0,0,0,3,3,1.0,0,0,0,1,0
457,4,sympy:0,1,4,1.0,-0.0,1.0,1,4,0.0,651,0.0,0.0,0.0,0,0,4,4,1.0,0,0,0,1,0
457,5,sympy:0,1,5,1.0,-0.0,1.0,1,5,0.0,784,0.0,0.0,0.0,0,0,5,5,1.0,0,0,0,1,0
457,6,sympy:0,1,6,1.0,-0.0,1.0,1,6,0.0,979,0.0,0.0,0.0,0,0,6,6,1.0,0,0,0,1,0
457,7,sympy:0,1,7,1.0,-0.0,1.0,1,7,0.0,1157,0.0,0.0,0.0,0,0,7,7,1.0,0,0,0,1,0
457,8,sympy:0,1,8,1.0,-0.0,1.0,1,8,0.0,1288,0.0,0.0,0.0,0,0,8,8,1.0,0,0,0,1,0
457,9,sympy:0,1,9,1.0,-0.0,1.0,1,9,0.0,1484,0.0,0.0,0.0,0,0,9,9,1.0,0,0,0,1,0
457,10,sympy:0,1,10,1.0,-0.0,1.0,1,10,0.0,1657,0.0,0.0,0.0,0,0,10,10,1.0,0,0,0,1,0
457,11,sympy:0,1,11,1.0,-0.0,1.0,1,11,0.0,1824,0.0,0.0,0.0,0,0,11,11,1.0,0,0,0,1,0
457,12,sympy:0,1,12,1.0,-0.0,1.0,1,12,0.0,1969,0.0,0.0,0.0,0,0,12,12,1.0,0,0,0,1,0
457,13,sympy:0,1,13,1.0,-0.0,1.0,1,13,0.0,2266,0.0,0.0,0.0,0,0,13,13,1.0,0,0,0,1,0
457,14,sympy:0,1,14,1.0,-0.0,1.0,1,14,0.0,2415,0.0,0.0,0.0,0,0,14,14,1.0,0,0,0,1,0
457,15,sympy:0,1,15,1.0,-0.0,1.0,1,15,0.0,2557,0.0,0.0,0.0,0,0,15,15,1.0,0,0,0,1,0
457,16,sympy:0,1,16,1.0,-0.0,1.0,1,16,0.0,2738,0.0,0.0,0.0,0,0,16,16,1.0,0,0,0,1,0
458,1,sympy:41,1,1,1.0,-0.0,1.0,1,1,0.0,1024,0.0,0.0,0.0,0,0,1,1,1.0,0,0,0,1,0
458,2,sympy:41,1,1,1.0,-0.0,1.0,1,2,0.5,2048,0.0,0.0,0.0,0,0,2,1,1.0,0,0,0,1,0
458,3,sympy:41,1,2,1.0,-0.0,1.0,1,3,0.3333333333333333,2578,0.0,0.0,0.0,0,0,3,2,1.0,0,0,0,1,0
458,4,sympy:41,1,3,1.0,-0.0,1.0,1,4,0.25,3115,0.0,0.0,0.0,0,0,4,3,1.0,0,0,0,1,0
458,5,sympy:41,1,3,1.0,-0.0,1.0,1,5,0.4,4139,0.0,0.0,0.0,0,0,5,3,1.0,0,0,0,1,0
458,6,sympy:41,1,4,1.0,-0.0,1.0,1,6,0.3333333333333333,5072,0.0,0.0,0.0,0,0,6,4,1.0,0,0,0,1,0
458,7,sympy:41,1,5,1.0,-0.0,1.0,1,7,0.2857142857142857,5617,0.0,0.0,0.0,0,0,7,5,1.0,0,0,0,1,0
458,8,sympy:41,1,5,1.0,-0.0,1.0,1,8,0.375,6641,0.0,0.0,0.0,0,0,8,5,1.0,0,0,0,1,0
458,9,sympy:41,1,6,1.0,-0.0,1.0,1,9,0.3333333333333333,7177,0.0,0.0,0.0,0,0,9,6,1.0,0,0,0,1,0
458,10,sympy:41,1,7,1.0,-0.0,1.0,1,10,0.3,8201,0.0,0.0,0.0,0,0,10,7,1.0,0,0,0,1,0
458,11,sympy:41,1,8,1.0,-0.0,1.0,1,11,0.2727272727272727,8686,0.0,0.0,0.0,0,0,11,8,1.0,0,0,0,1,0
458,12,sympy:41,1,9,0.8888888888888888,0.34883209584303193,0.7777777777777778,2,12,0.25,9594,-0.11111111111111116,0.34883209584303193,-0.2222222222222222,0,0,12,7,0.6666666666666666,0,0,0,1,0
458,13,sympy:41,1,10,0.9,0.3250829733914482,0.8,2,13,0.23076923076923078,9994,0.011111111111111183,-0.023749122451583726,0.022222222222222254,0,0,13,8,0.6666666666666666,0,0,0,1,0
458,14,sympy:41,1,11,0.8181818181818182,0.6001660731596457,0.7272727272727273,3,14,0.21428571428571427,10423,-0.08181818181818179,0.27508309976819745,-0.07272727272727275,0,0,14,8,0.3333333333333333,0,0,0,1,0
458,15,sympy:41,1,11,0.8181818181818182,0.6001660731596457,0.7272727272727273,3,15,0.26666666666666666,11447,0.0,0.0,0.0,0,0,15,8,0.5,0,0,0,1,0
458,16,sympy:41,1,12,0.75,0.8369882167858358,0.6666666666666666,4,16,0.25,12471,-0.06818181818181823,0.23682214362619014,-0.06060606060606066,0,0,16,8,0.0,0,0,0,1,0
459,1,sympy:18.9000000000000,1,1,1.0,-0.0,1.0,1,1,0.0,785,0.0,0.0,0.0,0,0,1,1,1.0,0,0,0,1,0
459,2,sympy:18.9000000000000,1,2,1.0,-0.0,1.0,1,2,0.0,1601,0.0,0.0,0.0,0,0,2,2,1.0,0,0,0,1,0
459,3,sympy:18.9000000000000,1,2,1.0,-0.0,1.0,1,3,0.3333333333333333,2625,0.0,0.0,0.0,0,0,3,2,1.0,0,0,0,1,0
459,4,sympy:18.9000000000000,1,3,1.0,-0.0,1.0,1,4,0.25,3344,0.0,0.0,0.0,0,0,4,3,1.0,0,0,0,1,0
459,5,sympy:18.9000000000000,1,4,0.75,0.5623351446188083,0.5,2,5,0.2,4085,-0.25,0.5623351446188083,-0.5,0,0,5,2,0.5,0,0,0,1,0
459,6,sympy:18.9000000000000,1,5,0.8,0.5004024235381879,0.6,2,6,0.16666666666666666,4862,0.050000000000000044,-0.06193272108062042,0.09999999999999998,0,0,6,3,0.6666666666666666,0,0,0,1,0
459,7,sympy:18.9000000000000,1,6,0.8333333333333334,0.45056120886630463,0.6666666666666666,2,7,0.14285714285714285,5543,0.033333333333333326,-0.04984121467188324,0.06666666666666665,0,0,7,4,0.6666666666666666,0,0,0,1,0
459,8,sympy:18.9000000000000,1,7,0.8571428571428571,0.410116318288409,0.7142857142857143,2,8,0.125,6453,0.023809523809523725,-0.04044489057789563,0.04761904761904767,0,0,8,5,1.0,0,0,0,1,0
459,9,sympy:18.9000000000000,1,8,0.875,0.37677016125643675,0.75,2,9,0.1111111111111111,7163,0.017857142857142905,-0.033346157031972246,0.0357142857142857,0,0,9,6,1.0,0,0,0,1,0
459,10,sympy:18.9000000000000,1,9,0.8888888888888888,0.34883209584303193,0.7777777777777778,2,10,0.1,7885,0.01388888888888884,-0.027938065413404822,0.02777777777777779,0,0,10,7,1.0,0,0,0,1,0
459,11,sympy:18.9000000000000,1,10,0.9,0.3250829733914482,0.8,2,11,0.09090909090909091,8590,0.011111111111111183,-0.023749122451583726,0.022222222222222254,0,0,11,8,1.0,0,0,0,1,0
459,12,sympy:18.9000000000000,1,11,0.9090909090909091,0.30463609734923813,0.8181818181818182,2,12,0.08333333333333333,9351,0.009090909090909038,-0.02044687604221007,0.018181818181818188,0,0,12,9,1.0,0,0,0,1,0
459,13,sympy:18.9000000000000,1,12,0.9166666666666666,0.2868359830561607,0.8333333333333334,2,13,0.07692307692307693,10133,0.007575757575757569,-0.01780011429307743,0.015151515151515138,0,0,13,10,1.0,0,0,0,1,0
459,14,sympy:18.9000000000000,1,13,0.9230769230769231,0.2711893730418441,0.8461538461538461,2,14,0.07142857142857142,11009,0.0064102564102564985,-0.01564661001431661,0.012820512820512775,0,0,14,11,1.0,0,0,0,1,0
459,15,sympy:18.9000000000000,1,14,0.9285714285714286,0.25731864054383163,0.8571428571428571,2,15,0.06666666666666667,11876,0.005494505494505475,-0.013870732498012461,0.01098901098901095,0,0,15,12,1.0,0,0,0,1,0
459,16,sympy:18.9000000000000,1,15,0.9333333333333333,0.24493002679463532,0.8666666666666667,2,16,0.0625,12672,0.004761904761904745,-0.012388613749196309,0.009523809523809601,0,0,16,13,1.0,0,0,0,1,0
460,1,sympy:75,1,1,1.0,-0.0,1.0,1,1,0.0,447,0.0,0.0,0.0,0,0,1,1,1.0,1,0,1,1,0
460,2,sympy:75,1,2,0.5,0.6931471805599453,0.0,2,2,0.0,802,-0.5,0.6931471805599453,-1.0,0,0,2,0,0.5,1,0,1,1,0
460,3,sympy:75,1,3,0.6666666666666666,0.6365141682948128,0.3333333333333333,2,3,0.0,1392,0.16666666666666663,-0.05663301226513251,0.3333333333333333,0,0,3,1,0.6666666666666666,1,0,1,1,0
460,4,sympy:75,1,4,0.75,0.5623351446188083,0.5,2,4,0.0,1925,0.08333333333333337,-0.07417902367600449,0.16666666666666669,0,0,4,2,0.6666666666666666,1,0,1,1,0
460,5,sympy:75,1,5,0.6,0.6730116670092565,0.2,2,5,0.0,2386,-0.15000000000000002,0.11067652239044823,-0.3,0,0,5,1,0.6666666666666666,1,0,1,1,0
460,6,sympy:75,1,6,0.6666666666666666,0.6365141682948128,0.3333333333333333,2,6,0.0,2840,0.06666666666666665,-0.036497498714443743,0.1333333333333333,0,0,6,2,0.6666666666666666,1,0,1,1,0
460,7,sympy:75,1,7,0.5714285714285714,0.9556998911125343,0.2857142857142857,3,7,0.0,3307,-0.09523809523809523,0.3191857228177215,-0.047619047619047616,0,0,7,2,0.3333333333333333,1,0,1,1,0
460,8,sympy:75,1,8,0.5,0.9743147528693494,0.125,3,8,0.0,3717,-0.0714285714285714,0.01861486175681515,-0.1607142857142857,0,0,8,1,0.3333333333333333,1,0,1,1,0
460,9,sympy:75,1,9,0.4444444444444444,0.9649629230074277,0.0,3,9,0.0,4219,-0.05555555555555558,-0.009351829861921734,-0.125,0,0,9,0,0.0,1,0,1,1,0
460,10,sympy:105,0,10,0.5,0.9433483923290392,0.1,3,1,0.0,4572,0.05555555555555558,-0.021614530678388477,0.1,1,1,9,1,1.0,0,0,0,1,0
460,11,sympy:75,1,11,0.45454545454545453,0.9347698978582794,0.0,3,1,0.0,4982,-0.04545454545454547,-0.008578494470759868,-0.1,1,2,9,0,0.3333333333333333,1,0,1,1,0
460,12,sympy:105,0,12,0.5,0.9184277849930976,0.08333333333333333,3,1,0.0,5375,0.04545454545454547,-0.016342112865181724,0.08333333333333333,1,3,9,1,0.6666666666666666,0,0,0,1,0
460,13,sympy:105,0,13,0.46153846153846156,1.1189688668816267,0.07692307692307693,4,2,0.0,5987,-0.038461538461538436,0.20054108188852904,-0.006410256410256401,0,3,9,1,0.3333333333333333,0,0,0,1,0
460,14,sympy:105,0,14,0.42857142857142855,1.2963611597910563,0.07142857142857142,5,3,0.0,6456,-0.032967032967033016,0.1773922929094296,-0.005494505494505503,0,3,9,1,0.3333333333333333,0,0,0,1,0
460,15,sympy:105,0,15,0.4,1.3624474851916286,0.06666666666666667,5,4,0.0,6899,-0.028571428571428525,0.06608632540057235,-0.004761904761904759,0,3,9,1,0.0,0,0,0,1,0
460,16,sympy:105,0,16,0.4375,1.331660286822432,0.125,5,5,0.0,7361,0.03749999999999998,-0.030787198369196522,0.058333333333333334,0,3,9,2,0.3333333333333333,0,0,0,1,0
461,1,sympy:12,1,1,1.0,-0.0,1.0,1,1,0.0,649,0.0,0.0,0.0,0,0,1,1,1.0,0,0,0,1,0
461,2,sympy:12,1,2,1.0,-0.0,1.0,1,2,0.0,1137,0.0,0.0,0.0,0,0,2,2,1.0,0,0,0,1,0
461,3,sympy:12,1,3,1.0,-0.0,1.0,1,3,0.0,1694,0.0,0.0,0.0,0,0,3,3,1.0,0,0,0,1,0
461,4,sympy:12,1,4,1.0,-0.0,1.0,1,4,0.0,2255,0.0,0.0,0.0,0,0,4,4,1.0,0,0,0,1,0
461,5,sympy:12,1,5,1.0,-0.0,1.0,1,5,0.0,2760,0.0,0.0,0.0,0,0,5,5,1.0,0,0,0,1,0
461,6,sympy:12,1,6,1.0,-0.0,1.0,1,6,0.0,3328,0.0,0.0,0.0,0,0,6,6,1.0,0,0,0,1,0
461,7,sympy:12,1,7,1.0,-0.0,1.0,1,7,0.0,4029,0.0,0.0,0.0,0,0,7,7,1.0,0,0,0,1,0
461,8,sympy:12,1,8,1.0,-0.0,1.0,1,8,0.0,4558,0.0,0.0,0.0,0,0,8,8,1.0,0,0,0,1,0
461,9,sympy:12,1,9,1.0,-0.0,1.0,1,9,0.0,5110,0.0,0.0,0.0,0,0,9,9,1.0,0,0,0,1,0
461,10,sympy:12,1,10,1.0,-0.0,1.0,1,10,0.0,5622,0.0,0.0,0.0,0,0,10,10,1.0,0,0,0,1,0
461,11,sympy:12,1,11,1.0,-0.0,1.0,1,11,0.0,6181,0.0,0.0,0.0,0,0,11,11,1.0,0,0,0,1,0
461,12,sympy:12,1,12,1.0,-0.0,1.0,1,12,0.0,6695,0.0,0.0,0.0,0,0,12,12,1.0,0,0,0,1,0
461,13,sympy:12,1,13,1.0,-0.0,1.0,1,13,0.0,7223,0.0,0.0,0.0,0,0,13,13,1.0,0,0,0,1,0
461,14,sympy:12,1,14,1.0,-0.0,1.0,1,14,0.0,7755,0.0,0.0,0.0,0,0,14,14,1.0,0,0,0,1,0
461,15,sympy:12,1,15,1.0,-0.0,1.0,1,15,0.0,8363,0.0,0.0,0.0,0,0,15,15,1.0,0,0,0,1,0
461,16,sympy:12,1,16,1.0,-0.0,1.0,1,16,0.0,9020,0.0,0.0,0.0,0,0,16,16,1.0,0,0,0,1,0
462,1,sympy:59,1,1,1.0,-0.0,1.0,1,1,0.0,398,0.0,0.0,0.0,0,0,1,1,1.0,0,0,0,1,0
462,2,sympy:59,1,2,1.0,-0.0,1.0,1,2,0.0,766,0.0,0.0,0.0,0,0,2,2,1.0,0,0,0,1,0
462,3,sympy:59,1,3,1.0,-0.0,1.0,1,3,0.0,1151,0.0,0.0,0.0,0,0,3,3,1.0,0,0,0,1,0
462,4,sympy:59,1,4,1.0,-0.0,1.0,1,4,0.0,1612,0.0,0.0,0.0,0,0,4,4,1.0,0,0,0,1,0
462,5,sympy:59,1,5,1.0,-0.0,1.0,1,5,0.0,2055,0.0,0.0,0.0,0,0,5,5,1.0,0,0,0,1,0
462,6,sympy:59,1,6,0.8333333333333334,0.45056120886630463,0.6666666666666666,2,6,0.0,2418,-0.16666666666666663,0.45056120886630463,-0.33333333333333337,0,0,6,4,0.6666666666666666,0,0,0,1,0
462,7,sympy:59,1,7,0.7142857142857143,0.796311640173813,0.5714285714285714,3,7,0.0,2794,-0.11904761904761907,0.3457504313075083,-0.09523809523809523,0,0,7,4,0.3333333333333333,0,0,0,1,0
462,8,sympy:59,1,8,0.625,1.073542846408523,0.5,4,8,0.0,3190,-0.0892857142857143,0.2772312062347101,-0.0714285714285714,0,0,8,4,0.0,0,0,0,1,0
462,9,sympy:59,1,9,0.6666666666666666,1.0027182645175161,0.5555555555555556,4,9,0.0,3670,0.04166666666666663,-0.07082458189100693,0.05555555555555558,0,0,9,5,0.3333333333333333,0,0,0,1,0
462,10,sympy:59,1,9,0.6666666666666666,1.0027182645175161,0.5555555555555556,4,10,0.1,4694,0.0,0.0,0.0,0,0,10,5,0.5,0,0,0,1,0
462,11,sympy:59,1,10,0.7,0.9404479886553263,0.6,4,11,0.09090909090909091,5142,0.033333333333333326,-0.062270275862189806,0.0444444444444444,0,0,11,6,1.0,0,0,0,1,0
462,12,sympy:59,1,11,0.7272727272727273,0.8855741515766717,0.6363636363636364,4,12,0.08333333333333333,5540,0.027272727272727337,-0.054873837078654564,0.036363636363636376,0,0,12,7,1.0,0,0,0,1,0
462,13,sympy:59,1,12,0.75,0.8369882167858358,0.6666666666666666,4,13,0.07692307692307693,6095,0.022727272727272707,-0.04858593479083595,0.030303030303030276,0,0,13,8,1.0,0,0,0,1,0
462,14,sympy:59,1,12,0.75,0.8369882167858358,0.6666666666666666,4,14,0.14285714285714285,7119,0.0,0.0,0.0,0,0,14,8,1.0,0,0,0,1,0
462,15,sympy:59,1,13,0.6923076923076923,1.0437938808441543,0.6153846153846154,5,15,0.13333333333333333,7742,-0.05769230769230771,0.20680566405831846,-0.05128205128205121,0,0,15,8,0.5,0,0,0,1,0
462,16,sympy:59,1,14,0.7142857142857143,0.9943536917623688,0.6428571428571429,5,16,0.125,8162,0.02197802197802201,-0.04944018908178549,0.027472527472527486,0,0,16,9,0.5,0,0,0,1,0
463,1,sympy:2,1,1,1.0,-0.0,1.0,1,1,0.0,344,0.0,0.0,0.0,0,0,1,1,1.0,0,0,0,1,0
463,2,sympy:2,1,2,1.0,-0.0,1.0,1,2,0.0,637,0.0,0.0,0.0,0,0,2,2,1.0,0,0,0,1,0
463,3,sympy:2,1,3,1.0,-0.0,1.0,1,3,0.0,1000,0.0,0.0,0.0,0,0,3,3,1.0,0,0,0,1,0
463,4,sympy:2,1,4,1.0,-0.0,1.0,1,4,0.0,1286,0.0,0.0,0.0,0,0,4,4,1.0,0,0,0,1,0
463,5,sympy:2,1,5,1.0,-0.0,1.0,1,5,0.0,1585,0.0,0.0,0.0,0,0,5,5,1.0,0,0,0,1,0
463,6,sympy:2,1,6,1.0,-0.0,1.0,1,6,0.0,1887,0.0,0.0,0.0,0,0,6,6,1.0,0,0,0,1,0
463,7,sympy:2,1,7,1.0,-0.0,1.0,1,7,0.0,2216,0.0,0.0,0.0,0,0,7,7,1.0,0,0,0,1,0
463,8,sympy:2,1,8,1.0,-0.0,1.0,1,8,0.0,2510,0.0,0.0,0.0,0,0,8,8,1.0,0,0,0,1,0
463,9,sympy:2,1,9,1.0,-0.0,1.0,1,9,0.0,2787,0.0,0.0,0.0,0,0,9,9,1.0,0,0,0,1,0
463,10,sympy:2,1,10,1.0,-0.0,1.0,1,10,0.0,3138,0.0,0.0,0.0,0,0,10,10,1.0,0,0,0,1,0
463,11,sympy:2,1,11,1.0,-0.0,1.0,1,11,0.0,3470,0.0,0.0,0.0,0,0,11,11,1.0,0,0,0,1,0
463,12,sympy:2,1,12,1.0,-0.0,1.0,1,12,0.0,3814,0.0,0.0,0.0,0,0,12,12,1.0,0,0,0,1,0
463,13,sympy:2,1,13,1.0,-0.0,1.0,1,13,0.0,4150,0.0,0.0,0.0,0,0,13,13,1.0,0,0,0,1,0
463,14,sympy:2,1,14,1.0,-0.0,1.0,1,14,0.0,4395,0.0,0.0,0.0,0,0,14,14,1.0,0,0,0,1,0
463,15,sympy:2,1,15,1.0,-0.0,1.0,1,15,0.0,4728,0.0,0.0,0.0,0,0,15,15,1.0,0,0,0,1,0
463,16,sympy:2,1,16,1.0,-0.0,1.0,1,16,0.0,5063,0.0,0.0,0.0,0,0,16,16,1.0,0,0,0,1,0
464,1,sympy:9,1,1,1.0,-0.0,1.0,1,1,0.0,847,0.0,0.0,0.0,0,0,1,1,1.0,0,0,0,1,0
464,2,sympy:9,1,2,1.0,-0.0,1.0,1,2,0.0,1645,0.0,0.0,0.0,0,0,2,2,1.0,0,0,0,1,0
464,3,sympy:9,1,3,1.0,-0.0,1.0,1,3,0.0,2512,0.0,0.0,0.0,0,0,3,3,1.0,0,0,0,1,0
464,4,sympy:9,1,4,1.0,-0.0,1.0,1,4,0.0,3374,0.0,0.0,0.0,0,0,4,4,1.0,0,0,0,1,0
464,5,sympy:9,1,5,1.0,-0.0,1.0,1,5,0.0,4027,0.0,0.0,0.0,0,0,5,5,1.0,0,0,0,1,0
464,6,sympy:9,1,6,1.0,-0.0,1.0,1,6,0.0,4916,0.0,0.0,0.0,0,0,6,6,1.0,0,0,0,1,0
464,7,sympy:9,1,7,1.0,-0.0,1.0,1,7,0.0,5694,0.0,0.0,0.0,0,0,7,7,1.0,0,0,0,1,0
464,8,sympy:9,1,8,1.0,-0.0,1.0,1,8,0.0,6375,0.0,0.0,0.0,0,0,8,8,1.0,0,0,0,1,0
464,9,sympy:9,1,9,1.0,-0.0,1.0,1,9,0.0,7138,0.0,0.0,0.0,0,0,9,9,1.0,0,0,0,1,0
464,10,sympy:9,1,10,1.0,-0.0,1.0,1,10,0.0,7978,0.0,0.0,0.0,0,0,10,10,1.0,0,0,0,1,0
464,11,sympy:9,1,11,1.0,-0.0,1.0,1,11,0.0,8825,0.0,0.0,0.0,0,0,11,11,1.0,0,0,0,1,0
464,12,sympy:9,1,12,1.0,-0.0,1.0,1,12,0.0,9652,0.0,0.0,0.0,0,0,12,12,1.0,0,0,0,1,0
464,13,sympy:9,1,13,1.0,-0.0,1.0,1,13,0.0,10586,0.0,0.0,0.0,0,0,13,13,1.0,0,0,0,1,0
464,14,sympy:9,1,14,1.0,-0.0,1.0,1,14,0.0,11419,0.0,0.0,0.0,0,0,14,14,1.0,0,0,0,1,0
464,15,sympy:9,1,15,1.0,-0.0,1.0,1,15,0.0,12113,0.0,0.0,0.0,0,0,15,15,1.0,0,0,0,1,0
464,16,sympy:9,1,16,1.0,-0.0,1.0,1,16,0.0,12829,0.0,0.0,0.0,0,0,16,16,1.0,0,0,0,1,0
465,1,sympy:121,1,1,1.0,-0.0,1.0,1,1,0.0,261,0.0,0.0,0.0,0,0,1,1,1.0,0,0,0,1,0
465,2,sympy:121,1,2,1.0,-0.0,1.0,1,2,0.0,529,0.0,0.0,0.0,0,0,2,2,1.0,0,0,0,1,0
465,3,sympy:121,1,3,1.0,-0.0,1.0,1,3,0.0,1553,0.0,0.0,0.0,0,0,3,3,1.0,0,0,0,1,0
465,4,sympy:121,1,4,1.0,-0.0,1.0,1,4,0.0,1838,0.0,0.0,0.0,0,0,4,4,1.0,0,0,0,1,0
465,5,sympy:121,1,5,1.0,-0.0,1.0,1,5,0.0,2862,0.0,0.0,0.0,0,0,5,5,1.0,0,0,0,1,0
465,6,sympy:121,1,6,1.0,-0.0,1.0,1,6,0.0,3131,0.0,0.0,0.0,0,0,6,6,1.0,0,0,0,1,0
465,7,sympy:121,1,7,1.0,-0.0,1.0,1,7,0.0,4155,0.0,0.0,0.0,0,0,7,7,1.0,0,0,0,1,0
465,8,sympy:121,1,8,1.0,-0.0,1.0,1,8,0.0,4430,0.0,0.0,0.0,0,0,8,8,1.0,0,0,0,1,0
465,9,sympy:121,1,9,1.0,-0.0,1.0,1,9,0.0,4700,0.0,0.0,0.0,0,0,9,9,1.0,0,0,0,1,0
465,10,sympy:121,1,10,1.0,-0.0,1.0,1,10,0.0,5041,0.0,0.0,0.0,0,0,10,10,1.0,0,0,0,1,0
465,11,sympy:121,1,11,1.0,-0.0,1.0,1,11,0.0,5434,0.0,0.0,0.0,0,0,11,11,1.0,0,0,0,1,0
465,12,sympy:121,1,12,1.0,-0.0,1.0,1,12,0.0,5695,0.0,0.0,0.0,0,0,12,12,1.0,0,0,0,1,0
465,13,sympy:121,1,13,1.0,-0.0,1.0,1,13,0.0,6095,0.0,0.0,0.0,0,0,13,13,1.0,0,0,0,1,0
465,14,sympy:121,1,14,1.0,-0.0,1.0,1,14,0.0,6351,0.0,0.0,0.0,0,0,14,14,1.0,0,0,0,1,0
465,15,sympy:121,1,15,0.9333333333333333,0.24493002679463532,0.8666666666666667,2,15,0.0,7375,-0.06666666666666665,0.24493002679463532,-0.1333333333333333,0,0,15,13,0.6666666666666666,0,0,0,1,0
465,16,sympy:121,1,16,0.9375,0.2337916587064593,0.875,2,16,0.0,7757,0.004166666666666652,-0.011138368088176032,0.008333333333333304,0,0,16,14,0.6666666666666666,0,0,0,1,0
466,1,sympy:9*pi,0,1,1.0,-0.0,1.0,1,1,0.0,815,0.0,0.0,0.0,0,0,1,1,1.0,1,0,0,1,1
466,2,sympy:9*pi,0,2,0.5,0.6931471805599453,0.0,2,2,0.0,1718,-0.5,0.6931471805599453,-1.0,0,0,2,0,0.5,1,0,0,1,1
466,3,sympy:9*pi,0,3,0.6666666666666666,0.6365141682948128,0.3333333333333333,2,3,0.0,2596,0.16666666666666663,-0.05663301226513251,0.3333333333333333,0,0,3,1,0.6666666666666666,1,0,0,1,1
466,4,sympy:9*pi,0,4,0.5,1.0397207708399179,0.25,3,4,0.0,3392,-0.16666666666666663,0.4032066025451051,-0.08333333333333331,0,0,4,1,0.3333333333333333,1,0,0,1,1
466,5,sympy:9*pi,0,5,0.4,1.3321790402101223,0.2,4,5,0.0,4229,-0.09999999999999998,0.29245826937020447,-0.04999999999999999,0,0,5,1,0.3333333333333333,1,0,0,1,1
466,6,sympy:9*pi,0,6,0.3333333333333333,1.5607104090414063,0.16666666666666666,5,6,0.0,5069,-0.06666666666666671,0.228531368831284,-0.033333333333333354,0,0,6,1,0.0,1,0,0,1,1
466,7,sympy:9*pi,0,7,0.2857142857142857,1.5498260458782016,0.0,5,7,0.0,5853,-0.047619047619047616,-0.010884363163204736,-0.16666666666666666,0,0,7,0,0.0,1,0,0,1,1
466,8,sympy:(64*pi)/9,0,8,0.375,1.4941751382893083,0.125,5,1,0.0,6579,0.0892857142857143,-0.05565090758889335,0.125,1,1,7,1,0.6666666666666666,0,0,0,1,0
466,9,sympy:9*pi,0,9,0.3333333333333333,1.464816384890813,0.0,5,1,0.0,7603,-0.041666666666666685,-0.029358753398495363,-0.125,1,2,7,0,0.3333333333333333,1,0,0,1,1
466,10,sympy:(64*pi)/9,0,10,0.4,1.4184836619456564,0.1,5,1,0.0,8429,0.06666666666666671,-0.046332722945156446,0.1,1,3,7,1,0.6666666666666666,0,0,0,1,0
466,11,sympy:(64*pi)/9,0,11,0.36363636363636365,1.5941666991180168,0.09090909090909091,6,2,0.0,9232,-0.036363636363636376,0.17568303717236033,-0.009090909090909094,0,3,7,1,0.3333333333333333,0,0,0,1,0
466,12,sympy:(64*pi)/9,0,12,0.3333333333333333,1.748155457247676,0.08333333333333333,7,3,0.0,9787,-0.03030303030303033,0.1539887581296593,-0.007575757575757583,0,3,7,1,0.3333333333333333,0,0,0,1,0
466,13,sympy:(64*pi)/9,0,13,0.3076923076923077,1.8848713335781606,0.07692307692307693,8,4,0.0,10537,-0.025641025641025605,0.13671587633048454,-0.006410256410256401,0,3,7,1,0.0,0,0,0,1,0
466,14,sympy:(64*pi)/9,0,14,0.2857142857142857,1.90853528164356,0.07142857142857142,8,5,0.0,11204,-0.02197802197802201,0.023663948065399287,-0.005494505494505503,0,3,7,1,0.0,0,0,0,1,0
466,15,sympy:(64*pi)/9,0,15,0.26666666666666666,2.026229622995291,0.06666666666666667,9,6,0.0,11879,-0.019047619047619035,0.11769434135173129,-0.004761904761904759,0,3,7,1,0.0,0,0,0,1,0
466,16,sympy:(64*pi)/9,0,16,0.25,2.0140355237092673,0.0625,9,7,0.0,12492,-0.016666666666666663,-0.012194099286023885,-0.004166666666666666,0,3,7,1,0.0,0,0,0,1,0
467,1,sympy:15,1,1,1.0,-0.0,1.0,1,1,0.0,268,0.0,0.0,0.0,0,0,1,1,1.0,0,0,0,1,0
467,2,sympy:15,1,2,1.0,-0.0,1.0,1,2,0.0,683,0.0,0.0,0.0,0,0,2,2,1.0,0,0,0,1,0
467,3,sympy:15,1,3,1.0,-0.0,1.0,1,3,0.0,997,0.0,0.0,0.0,0,0,3,3,1.0,0,0,0,1,0
467,4,sympy:15,1,4,1.0,-0.0,1.0,1,4,0.0,1294,0.0,0.0,0.0,0,0,4,4,1.0,0,0,0,1,0
467,5,sympy:15,1,5,1.0,-0.0,1.0,1,5,0.0,1526,0.0,0.0,0.0,0,0,5,5,1.0,0,0,0,1,0
467,6,sympy:15,1,6,1.0,-0.0,1.0,1,6,0.0,1751,0.0,0.0,0.0,0,0,6,6,1.0,0,0,0,1,0
467,7,sympy:15,1,7,1.0,-0.0,1.0,1,7,0.0,1983,0.0,0.0,0.0,0,0,7,7,1.0,0,0,0,1,0
467,8,sympy:15,1,8,1.0,-0.0,1.0,1,8,0.0,2366,0.0,0.0,0.0,0,0,8,8,1.0,0,0,0,1,0
467,9,sympy:15,1,9,1.0,-0.0,1.0,1,9,0.0,2614,0.0,0.0,0.0,0,0,9,9,1.0,0,0,0,1,0
467,10,sympy:15,1,10,1.0,-0.0,1.0,1,10,0.0,2826,0.0,0.0,0.0,0,0,10,10,1.0,0,0,0,1,0
467,11,sympy:15,1,11,1.0,-0.0,1.0,1,11,0.0,3106,0.0,0.0,0.0,0,0,11,11,1.0,0,0,0,1,0
467,12,sympy:15,1,12,1.0,-0.0,1.0,1,12,0.0,3341,0.0,0.0,0.0,0,0,12,12,1.0,0,0,0,1,0
467,13,sympy:15,1,13,1.0,-0.0,1.0,1,13,0.0,3630,0.0,0.0,0.0,0,0,13,13,1.0,0,0,0,1,0
467,14,sympy:15,1,14,1.0,-0.0,1.0,1,14,0.0,3931,0.0,0.0,0.0,0,0,14,14,1.0,0,0,0,1,0
467,15,sympy:15,1,15,0.9333333333333333,0.24493002679463532,0.8666666666666667,2,15,0.0,4291,-0.06666666666666665,0.24493002679463532,-0.1333333333333333,0,0,15,13,0.6666666666666666,0,0,0,1,0
467,16,sympy:15,1,16,0.9375,0.2337916587064593,0.875,2,16,0.0,4579,0.004166666666666652,-0.011138368088176032,0.008333333333333304,0,0,16,14,0.6666666666666666,0,0,0,1,0
468,1,sympy:8,1,1,1.0,-0.0,1.0,1,1,0.0,256,0.0,0.0,0.0,0,0,1,1,1.0,0,0,0,1,0
468,2,sympy:8,1,2,1.0,-0.0,1.0,1,2,0.0,497,0.0,0.0,0.0,0,0,2,2,1.0,0,0,0,1,0
468,3,sympy:8,1,3,1.0,-0.0,1.0,1,3,0.0,751,0.0,0.0,0.0,0,0,3,3,1.0,0,0,0,1,0
468,4,sympy:8,1,4,1.0,-0.0,1.0,1,4,0.0,970,0.0,0.0,0.0,0,0,4,4,1.0,0,0,0,1,0
468,5,sympy:8,1,5,1.0,-0.0,1.0,1,5,0.0,1236,0.0,0.0,0.0,0,0,5,5,1.0,0,0,0,1,0
468,6,sympy:8,1,6,1.0,-0.0,1.0,1,6,0.0,1541,0.0,0.0,0.0,0,0,6,6,1.0,0,0,0,1,0
468,7,sympy:8,1,7,1.0,-0.0,1.0,1,7,0.0,1765,0.0,0.0,0.0,0,0,7,7,1.0,0,0,0,1,0
468,8,sympy:8,1,8,1.0,-0.0,1.0,1,8,0.0,2008,0.0,0.0,0.0,0,0,8,8,1.0,0,0,0,1,0
468,9,sympy:8,1,9,1.0,-0.0,1.0,1,9,0.0,2277,0.0,0.0,0.0,0,0,9,9,1.0,0,0,0,1,0
468,10,sympy:8,1,10,1.0,-0.0,1.0,1,10,0.0,2549,0.0,0.0,0.0,0,0,10,10,1.0,0,0,0,1,0
468,11,sympy:8,1,11,1.0,-0.0,1.0,1,11,0.0,2738,0.0,0.0,0.0,0,0,11,11,1.0,0,0,0,1,0
468,12,sympy:8,1,12,1.0,-0.0,1.0,1,12,0.0,2995,0.0,0.0,0.0,0,0,12,12,1.0,0,0,0,1,0
468,13,sympy:8,1,13,1.0,-0.0,1.0,1,13,0.0,3248,0.0,0.0,0.0,0,0,13,13,1.0,0,0,0,1,0
468,14,sympy:8,1,14,1.0,-0.0,1.0,1,14,0.0,3471,0.0,0.0,0.0,0,0,14,14,1.0,0,0,0,1,0
468,15,sympy:8,1,15,1.0,-0.0,1.0,1,15,0.0,3737,0.0,0.0,0.0,0,0,15,15,1.0,0,0,0,1,0
468,16,sympy:8,1,16,1.0,-0.0,1.0,1,16,0.0,3983,0.0,0.0,0.0,0,0,16,16,1.0,0,0,0,1,0
469,1,sympy:25,1,1,1.0,-0.0,1.0,1,1,0.0,221,0.0,0.0,0.0,0,0,1,1,1.0,0,0,0,1,0
469,2,sympy:25,1,2,1.0,-0.0,1.0,1,2,0.0,470,0.0,0.0,0.0,0,0,2,2,1.0,0,0,0,1,0
469,3,sympy:25,1,3,1.0,-0.0,1.0,1,3,0.0,686,0.0,0.0,0.0,0,0,3,3,1.0,0,0,0,1,0
469,4,sympy:25,1,4,1.0,-0.0,1.0,1,4,0.0,891,0.0,0.0,0.0,0,0,4,4,1.0,0,0,0,1,0
469,5,sympy:25,1,5,1.0,-0.0,1.0,1,5,0.0,1094,0.0,0.0,0.0,0,0,5,5,1.0,0,0,0,1,0
469,6,sympy:25,1,6,1.0,-0.0,1.0,1,6,0.0,1370,0.0,0.0,0.0,0,0,6,6,1.0,0,0,0,1,0
469,7,sympy:25,1,7,1.0,-0.0,1.0,1,7,0.0,1668,0.0,0.0,0.0,0,0,7,7,1.0,0,0,0,1,0
469,8,sympy:25,1,8,1.0,-0.0,1.0,1,8,0.0,1891,0.0,0.0,0.0,0,0,8,8,1.0,0,0,0,1,0
469,9,sympy:25,1,9,1.0,-0.0,1.0,1,9,0.0,2127,0.0,0.0,0.0,0,0,9,9,1.0,0,0,0,1,0
469,10,sympy:25,1,10,1.0,-0.0,1.0,1,10,0.0,2468,0.0,0.0,0.0,0,0,10,10,1.0,0,0,0,1,0
469,11,sympy:25,1,11,1.0,-0.0,1.0,1,11,0.0,2703,0.0,0.0,0.0,0,0,11,11,1.0,0,0,0,1,0
469,12,sympy:25,1,12,1.0,-0.0,1.0,1,12,0.0,2926,0.0,0.0,0.0,0,0,12,12,1.0,0,0,0,1,0
469,13,sympy:25,1,13,1.0,-0.0,1.0,1,13,0.0,3130,0.0,0.0,0.0,0,0,13,13,1.0,0,0,0,1,0
469,14,sympy:25,1,14,1.0,-0.0,1.0,1,14,0.0,3460,0.0,0.0,0.0,0,0,14,14,1.0,0,0,0,1,0
469,15,sympy:25,1,15,1.0,-0.0,1.0,1,15,0.0,3712,0.0,0.0,0.0,0,0,15,15,1.0,0,0,0,1,0
469,16,sympy:25,1,16,1.0,-0.0,1.0,1,16,0.0,3922,0.0,0.0,0.0,0,0,16,16,1.0,0,0,0,1,0
470,1,,0,0,,,,0,0,1.0,1024,0.0,0.0,0.0,0,0,0,0,0.0,1,1,0,0,1
470,2,,0,0,,,,0,0,1.0,2048,0.0,0.0,0.0,0,0,0,0,0.0,1,1,0,0,1
470,3,,0,0,,,,0,0,1.0,3072,0.0,0.0,0.0,0,0,0,0,0.0,1,1,0,0,1
470,4,sympy:5/1536,0,1,1.0,-0.0,1.0,1,1,0.75,3966,1.0,-0.0,1.0,0,0,1,1,1.0,1,1,0,0,1
470,5,sympy:5/1536,0,2,0.5,0.6931471805599453,0.0,2,2,0.6,4956,-0.5,0.6931471805599453,-1.0,0,0,2,0,0.5,1,1,0,0,1
470,6,sympy:5/1536,0,2,0.5,0.6931471805599453,0.0,2,3,0.6666666666666666,5980,0.0,0.0,0.0,0,0,3,0,0.5,1,1,0,0,1
470,7,sympy:5/1536,0,2,0.5,0.6931471805599453,0.0,2,4,0.7142857142857143,7004,0.0,0.0,0.0,0,0,4,0,0.0,1,1,0,0,1
470,8,sympy:5/1536,0,2,0.5,0.6931471805599453,0.0,2,5,0.75,8028,0.0,0.0,0.0,0,0,5,0,0.0,1,1,0,0,1
470,9,sympy:5/1536,0,2,0.5,0.6931471805599453,0.0,2,6,0.7777777777777778,9052,0.0,0.0,0.0,0,0,6,0,0.0,1,1,0,0,1
470,10,sympy:5/1536,0,2,0.5,0.6931471805599453,0.0,2,7,0.8,10076,0.0,0.0,0.0,0,0,7,0,0.0,1,1,0,0,1
470,11,sympy:5/1536,0,3,0.3333333333333333,1.0986122886681096,0.0,3,8,0.7272727272727273,11100,-0.16666666666666669,0.4054651081081643,0.0,0,0,8,0,0.0,1,1,0,0,1
470,12,sympy:5/1536,0,3,0.3333333333333333,1.0986122886681096,0.0,3,9,0.75,12124,0.0,0.0,0.0,0,0,9,0,0.0,1,1,0,0,1
470,13,sympy:27648,1,4,0.5,1.0397207708399179,0.25,3,1,0.6923076923076923,13123,0.16666666666666669,-0.058891517828191686,0.25,1,1,9,1,0.5,0,0,0,1,0
470,14,sympy:27648,1,4,0.5,1.0397207708399179,0.25,3,2,0.7142857142857143,14147,0.0,0.0,0.0,0,1,9,1,1.0,0,0,0,1,0
470,15,sympy:27648,1,4,0.5,1.0397207708399179,0.25,3,3,0.7333333333333333,15171,0.0,0.0,0.0,0,1,9,1,1.0,0,0,0,1,0
470,16,sympy:27648,1,5,0.6,0.9502705392332347,0.4,3,4,0.6875,16195,0.09999999999999998,-0.0894502316066832,0.15000000000000002,0,1,9,2,1.0,0,0,0,1,0
471,1,sympy:84,1,1,1.0,-0.0,1.0,1,1,0.0,327,0.0,0.0,0.0,0,0,1,1,1.0,0,0,0,1,0
471,2,sympy:84,1,2,1.0,-0.0,1.0,1,2,0.0,654,0.0,0.0,0.0,0,0,2,2,1.0,0,0,0,1,0
471,3,sympy:84,1,3,1.0,-0.0,1.0,1,3,0.0,970,0.0,0.0,0.0,0,0,3,3,1.0,0,0,0,1,0
471,4,sympy:84,1,4,1.0,-0.0,1.0,1,4,0.0,1267,0.0,0.0,0.0,0,0,4,4,1.0,0,0,0,1,0
471,5,sympy:84,1,5,1.0,-0.0,1.0,1,5,0.0,1562,0.0,0.0,0.0,0,0,5,5,1.0,0,0,0,1,0
471,6,sympy:84,1,6,1.0,-0.0,1.0,1,6,0.0,1811,0.0,0.0,0.0,0,0,6,6,1.0,0,0,0,1,0
471,7,sympy:84,1,7,1.0,-0.0,1.0,1,7,0.0,2033,0.0,0.0,0.0,0,0,7,7,1.0,0,0,0,1,0
471,8,sympy:84,1,8,1.0,-0.0,1.0,1,8,0.0,2256,0.0,0.0,0.0,0,0,8,8,1.0,0,0,0,1,0
471,9,sympy:84,1,9,1.0,-0.0,1.0,1,9,0.0,2549,0.0,0.0,0.0,0,0,9,9,1.0,0,0,0,1,0
471,10,sympy:84,1,10,1.0,-0.0,1.0,1,10,0.0,2787,0.0,0.0,0.0,0,0,10,10,1.0,0,0,0,1,0
471,11,sympy:84,1,11,1.0,-0.0,1.0,1,11,0.0,3078,0.0,0.0,0.0,0,0,11,11,1.0,0,0,0,1,0
471,12,sympy:84,1,12,1.0,-0.0,1.0,1,12,0.0,3316,0.0,0.0,0.0,0,0,12,12,1.0,0,0,0,1,0
471,13,sympy:84,1,13,1.0,-0.0,1.0,1,13,0.0,3642,0.0,0.0,0.0,0,0,13,13,1.0,0,0,0,1,0
471,14,sympy:84,1,14,1.0,-0.0,1.0,1,14,0.0,3908,0.0,0.0,0.0,0,0,14,14,1.0,0,0,0,1,0
471,15,sympy:84,1,15,1.0,-0.0,1.0,1,15,0.0,4197,0.0,0.0,0.0,0,0,15,15,1.0,0,0,0,1,0
471,16,sympy:84,1,16,1.0,-0.0,1.0,1,16,0.0,4435,0.0,0.0,0.0,0,0,16,16,1.0,0,0,0,1,0
472,1,sympy:275/2,1,1,1.0,-0.0,1.0,1,1,0.0,443,0.0,0.0,0.0,0,0,1,1,1.0,0,0,0,1,0
472,2,sympy:275/2,1,2,1.0,-0.0,1.0,1,2,0.0,878,0.0,0.0,0.0,0,0,2,2,1.0,0,0,0,1,0
472,3,sympy:275/2,1,3,1.0,-0.0,1.0,1,3,0.0,1304,0.0,0.0,0.0,0,0,3,3,1.0,0,0,0,1,0
472,4,sympy:275/2,1,4,1.0,-0.0,1.0,1,4,0.0,1736,0.0,0.0,0.0,0,0,4,4,1.0,0,0,0,1,0
472,5,sympy:275/2,1,5,1.0,-0.0,1.0,1,5,0.0,2108,0.0,0.0,0.0,0,0,5,5,1.0,0,0,0,1,0
472,6,sympy:275/2,1,6,1.0,-0.0,1.0,1,6,0.0,2531,0.0,0.0,0.0,0,0,6,6,1.0,0,0,0,1,0
472,7,sympy:275/2,1,7,1.0,-0.0,1.0,1,7,0.0,2862,0.0,0.0,0.0,0,0,7,7,1.0,0,0,0,1,0
472,8,sympy:275/2,1,8,1.0,-0.0,1.0,1,8,0.0,3294,0.0,0.0,0.0,0,0,8,8,1.0,0,0,0,1,0
472,9,sympy:275/2,1,9,1.0,-0.0,1.0,1,9,0.0,3707,0.0,0.0,0.0,0,0,9,9,1.0,0,0,0,1,0
472,10,sympy:275/2,1,10,1.0,-0.0,1.0,1,10,0.0,4114,0.0,0.0,0.0,0,0,10,10,1.0,0,0,0,1,0
472,11,sympy:275/2,1,11,1.0,-0.0,1.0,1,11,0.0,4555,0.0,0.0,0.0,0,0,11,11,1.0,0,0,0,1,0
472,12,sympy:275/2,1,12,1.0,-0.0,1.0,1,12,0.0,4968,0.0,0.0,0.0,0,0,12,12,1.0,0,0,0,1,0
472,13,sympy:275/2,1,13,1.0,-0.0,1.0,1,13,0.0,5459,0.0,0.0,0.0,0,0,13,13,1.0,0,0,0,1,0
472,14,sympy:275/2,1,14,1.0,-0.0,1.0,1,14,0.0,5825,0.0,0.0,0.0,0,0,14,14,1.0,0,0,0,1,0
472,15,sympy:275/2,1,15,1.0,-0.0,1.0,1,15,0.0,6175,0.0,0.0,0.0,0,0,15,15,1.0,0,0,0,1,0
472,16,sympy:275/2,1,16,1.0,-0.0,1.0,1,16,0.0,6498,0.0,0.0,0.0,0,0,16,16,1.0,0,0,0,1,0
473,1,sympy:4,0,1,1.0,-0.0,1.0,1,1,0.0,1024,0.0,0.0,0.0,0,0,1,1,1.0,1,1,0,0,1
473,2,sympy:4,0,2,0.5,0.6931471805599453,0.0,2,2,0.0,1722,-0.5,0.6931471805599453,-1.0,0,0,2,0,0.5,1,1,0,0,1
473,3,sympy:4,0,3,0.6666666666666666,0.6365141682948128,0.3333333333333333,2,3,0.0,2746,0.16666666666666663,-0.05663301226513251,0.3333333333333333,0,0,3,1,0.6666666666666666,1,1,0,0,1
473,4,sympy:4,0,4,0.75,0.5623351446188083,0.5,2,4,0.0,3545,0.08333333333333337,-0.07417902367600449,0.16666666666666669,0,0,4,2,0.6666666666666666,1,1,0,0,1
473,5,sympy:4,0,5,0.8,0.5004024235381879,0.6,2,5,0.0,4417,0.050000000000000044,-0.06193272108062042,0.09999999999999998,0,0,5,3,1.0,1,1,0,0,1
473,6,sympy:4,0,5,0.8,0.5004024235381879,0.6,2,6,0.16666666666666666,5441,0.0,0.0,0.0,0,0,6,3,1.0,1,1,0,0,1
473,7,sympy:4,0,6,0.6666666666666666,0.6365141682948128,0.3333333333333333,2,7,0.14285714285714285,6415,-0.13333333333333341,0.1361117447566249,-0.26666666666666666,0,0,7,2,0.5,1,1,0,0,1
473,8,sympy:4,0,7,0.5714285714285714,0.6829081047004717,0.14285714285714285,2,8,0.125,7235,-0.09523809523809523,0.04639393640565892,-0.19047619047619047,0,0,8,1,0.0,1,1,0,0,1
473,9,sympy:4,0,8,0.5,0.6931471805599453,0.0,2,9,0.1111111111111111,8167,-0.0714285714285714,0.01023907585947359,-0.14285714285714285,0,0,9,0,0.0,1,1,0,0,1
473,10,sympy:7,1,9,0.5555555555555556,0.6869615765973234,0.1111111111111111,2,1,0.1,8857,0.05555555555555558,-0.006185603962621911,0.1111111111111111,1,1,9,1,1.0,0,0,0,1,0
473,11,sympy:7,1,10,0.5,0.9433483923290392,0.1,3,2,0.09090909090909091,9640,-0.05555555555555558,0.25638681573171584,-0.0111111111111111,0,1,9,1,0.6666666666666666,0,0,0,1,0
473,12,sympy:7,1,10,0.5,0.9433483923290392,0.1,3,3,0.16666666666666666,10664,0.0,0.0,0.0,0,1,9,1,0.5,0,0,0,1,0
473,13,sympy:4,0,11,0.45454545454545453,0.9347698978582794,0.0,3,1,0.15384615384615385,11375,-0.04545454545454547,-0.008578494470759868,-0.1,1,2,9,0,0.5,1,1,0,0,1
473,14,sympy:4,0,12,0.5,0.9184277849930976,0.08333333333333333,3,2,0.14285714285714285,12063,0.04545454545454547,-0.016342112865181724,0.08333333333333333,0,2,9,1,1.0,1,1,0,0,1
473,15,sympy:4,0,13,0.46153846153846156,0.9110175397125628,0.0,3,3,0.13333333333333333,12924,-0.038461538461538436,-0.0074102452805348,-0.08333333333333333,0,2,9,0,0.6666666666666666,1,1,0,0,1
473,16,sympy:7,1,14,0.5,0.8982053397041498,0.07142857142857142,3,1,0.125,13628,0.038461538461538436,-0.012812200008412988,0.07142857142857142,1,3,9,1,0.6666666666666666,0,0,0,1,0
474,1,sympy:3,1,1,1.0,-0.0,1.0,1,1,0.0,774,0.0,0.0,0.0,0,0,1,1,1.0,0,0,0,1,0
474,2,sympy:3,1,2,1.0,-0.0,1.0,1,2,0.0,1268,0.0,0.0,0.0,0,0,2,2,1.0,0,0,0,1,0
474,3,sympy:3,1,3,1.0,-0.0,1.0,1,3,0.0,1608,0.0,0.0,0.0,0,0,3,3,1.0,0,0,0,1,0
474,4,sympy:3,1,4,1.0,-0.0,1.0,1,4,0.0,2147,0.0,0.0,0.0,0,0,4,4,1.0,0,0,0,1,0
474,5,sympy:3,1,5,1.0,-0.0,1.0,1,5,0.0,2817,0.0,0.0,0.0,0,0,5,5,1.0,0,0,0,1,0
474,6,sympy:3,1,6,1.0,-0.0,1.0,1,6,0.0,3556,0.0,0.0,0.0,0,0,6,6,1.0,0,0,0,1,0
474,7,sympy:3,1,7,1.0,-0.0,1.0,1,7,0.0,4212,0.0,0.0,0.0,0,0,7,7,1.0,0,0,0,1,0
474,8,sympy:3,1,8,1.0,-0.0,1.0,1,8,0.0,5055,0.0,0.0,0.0,0,0,8,8,1.0,0,0,0,1,0
474,9,sympy:3,1,9,1.0,-0.0,1.0,1,9,0.0,5682,0.0,0.0,0.0,0,0,9,9,1.0,0,0,0,1,0
474,10,sympy:3,1,10,1.0,-0.0,1.0,1,10,0.0,6241,0.0,0.0,0.0,0,0,10,10,1.0,0,0,0,1,0
474,11,sympy:3,1,11,1.0,-0.0,1.0,1,11,0.0,6725,0.0,0.0,0.0,0,0,11,11,1.0,0,0,0,1,0
474,12,sympy:3,1,12,1.0,-0.0,1.0,1,12,0.0,7522,0.0,0.0,0.0,0,0,12,12,1.0,0,0,0,1,0
474,13,sympy:3,1,13,1.0,-0.0,1.0,1,13,0.0,8271,0.0,0.0,0.0,0,0,13,13,1.0,0,0,0,1,0
474,14,sympy:3,1,14,1.0,-0.0,1.0,1,14,0.0,9108,0.0,0.0,0.0,0,0,14,14,1.0,0,0,0,1,0
474,15,sympy:3,1,15,1.0,-0.0,1.0,1,15,0.0,9743,0.0,0.0,0.0,0,0,15,15,1.0,0,0,0,1,0
474,16,sympy:3,1,16,1.0,-0.0,1.0,1,16,0.0,10374,0.0,0.0,0.0,0,0,16,16,1.0,0,0,0,1,0
475,1,,0,0,,,,0,0,1.0,1024,0.0,0.0,0.0,0,0,0,0,0.0,1,0,0,1,1
475,2,,0,0,,,,0,0,1.0,2048,0.0,0.0,0.0,0,0,0,0,0.0,1,0,0,1,1
475,3,,0,0,,,,0,0,1.0,3072,0.0,0.0,0.0,0,0,0,0,0.0,1,0,0,1,1
475,4,,0,0,,,,0,0,1.0,4096,0.0,0.0,0.0,0,0,0,0,0.0,1,0,0,1,1
475,5,,0,0,,,,0,0,1.0,5120,0.0,0.0,0.0,0,0,0,0,0.0,1,0,0,1,1
475,6,,0,0,,,,0,0,1.0,6144,0.0,0.0,0.0,0,0,0,0,0.0,1,0,0,1,1
475,7,,0,0,,,,0,0,1.0,7168,0.0,0.0,0.0,0,0,0,0,0.0,1,0,0,1,1
475,8,,0,0,,,,0,0,1.0,8192,0.0,0.0,0.0,0,0,0,0,0.0,1,0,0,1,1
475,9,sympy:55,0,1,1.0,-0.0,1.0,1,1,0.8888888888888888,9159,1.0,-0.0,1.0,0,0,1,1,1.0,0,0,0,1,0
475,10,sympy:55,0,1,1.0,-0.0,1.0,1,2,0.9,10183,0.0,0.0,0.0,0,0,2,1,1.0,0,0,0,1,0
475,11,sympy:55,0,1,1.0,-0.0,1.0,1,3,0.9090909090909091,11207,0.0,0.0,0.0,0,0,3,1,1.0,0,0,0,1,0
475,12,sympy:55,0,2,0.5,0.6931471805599453,0.0,2,4,0.8333333333333334,12080,-0.5,0.6931471805599453,-1.0,0,0,4,0,0.0,0,0,0,1,0
475,13,sympy:55,0,2,0.5,0.6931471805599453,0.0,2,5,0.8461538461538461,13104,0.0,0.0,0.0,0,0,5,0,0.0,0,0,0,1,0
475,14,sympy:55,0,2,0.5,0.6931471805599453,0.0,2,6,0.8571428571428571,14128,0.0,0.0,0.0,0,0,6,0,0.0,0,0,0,1,0
475,15,sympy:55,0,2,0.5,0.6931471805599453,0.0,2,7,0.8666666666666667,15152,0.0,0.0,0.0,0,0,7,0,0.0,0,0,0,1,0
475,16,sympy:55,0,2,0.5,0.6931471805599453,0.0,2,8,0.875,16176,0.0,0.0,0.0,0,0,8,0,0.0,0,0,0,1,0
476,1,sympy:200,1,1,1.0,-0.0,1.0,1,1,0.0,335,0.0,0.0,0.0,0,0,1,1,1.0,0,0,0,1,0
476,2,sympy:200,1,2,1.0,-0.0,1.0,1,2,0.0,697,0.0,0.0,0.0,0,0,2,2,1.0,0,0,0,1,0
476,3,sympy:200,1,3,1.0,-0.0,1.0,1,3,0.0,1045,0.0,0.0,0.0,0,0,3,3,1.0,0,0,0,1,0
476,4,sympy:200,1,4,1.0,-0.0,1.0,1,4,0.0,1398,0.0,0.0,0.0,0,0,4,4,1.0,0,0,0,1,0
476,5,sympy:200,1,5,1.0,-0.0,1.0,1,5,0.0,1760,0.0,0.0,0.0,0,0,5,5,1.0,0,0,0,1,0
476,6,sympy:200,1,6,1.0,-0.0,1.0,1,6,0.0,2081,0.0,0.0,0.0,0,0,6,6,1.0,0,0,0,1,0
476,7,sympy:200,1,7,1.0,-0.0,1.0,1,7,0.0,2407,0.0,0.0,0.0,0,0,7,7,1.0,0,0,0,1,0
476,8,sympy:200,1,8,1.0,-0.0,1.0,1,8,0.0,2783,0.0,0.0,0.0,0,0,8,8,1.0,0,0,0,1,0
476,9,sympy:200,1,9,1.0,-0.0,1.0,1,9,0.0,3130,0.0,0.0,0.0,0,0,9,9,1.0,0,0,0,1,0
476,10,sympy:200,1,10,1.0,-0.0,1.0,1,10,0.0,3531,0.0,0.0,0.0,0,0,10,10,1.0,0,0,0,1,0
476,11,sympy:200,1,11,1.0,-0.0,1.0,1,11,0.0,3860,0.0,0.0,0.0,0,0,11,11,1.0,0,0,0,1,0
476,12,sympy:200,1,12,1.0,-0.0,1.0,1,12,0.0,4211,0.0,0.0,0.0,0,0,12,12,1.0,0,0,0,1,0
476,13,sympy:200,1,13,1.0,-0.0,1.0,1,13,0.0,4556,0.0,0.0,0.0,0,0,13,13,1.0,0,0,0,1,0
476,14,sympy:200,1,14,1.0,-0.0,1.0,1,14,0.0,4920,0.0,0.0,0.0,0,0,14,14,1.0,0,0,0,1,0
476,15,sympy:200,1,15,1.0,-0.0,1.0,1,15,0.0,5244,0.0,0.0,0.0,0,0,15,15,1.0,0,0,0,1,0
476,16,sympy:200,1,16,1.0,-0.0,1.0,1,16,0.0,5591,0.0,0.0,0.0,0,0,16,16,1.0,0,0,0,1,0
477,1,sympy:2,1,1,1.0,-0.0,1.0,1,1,0.0,912,0.0,0.0,0.0,0,0,1,1,1.0,0,0,0,1,0
477,2,sympy:2,1,2,0.5,0.6931471805599453,0.0,2,2,0.0,1936,-0.5,0.6931471805599453,-1.0,0,0,2,0,0.5,0,0,0,1,0
477,3,sympy:2,1,3,0.3333333333333333,1.0986122886681096,0.0,3,3,0.0,2461,-0.16666666666666669,0.4054651081081643,0.0,0,0,3,0,0.3333333333333333,0,0,0,1,0
477,4,sympy:2,1,4,0.5,1.0397207708399179,0.25,3,4,0.0,3109,0.16666666666666669,-0.058891517828191686,0.25,0,0,4,1,0.3333333333333333,0,0,0,1,0
477,5,sympy:2,1,5,0.4,1.3321790402101223,0.2,4,5,0.0,3781,-0.09999999999999998,0.29245826937020447,-0.04999999999999999,0,0,5,1,0.3333333333333333,0,0,0,1,0
477,6,sympy:2,1,6,0.5,1.242453324894,0.3333333333333333,4,6,0.0,4668,0.09999999999999998,-0.08972571531612239,0.1333333333333333,0,0,6,2,0.6666666666666666,0,0,0,1,0
477,7,sympy:2,1,7,0.5714285714285714,1.1537419427010902,0.42857142857142855,4,7,0.0,5093,0.0714285714285714,-0.08871138219290975,0.09523809523809523,0,0,7,3,0.6666666666666666,0,0,0,1,0
477,8,sympy:2,1,8,0.5,1.3862943611198906,0.375,5,8,0.0,5679,-0.0714285714285714,0.23255241841880037,-0.05357142857142855,0,0,8,3,0.6666666666666666,0,0,0,1,0
477,9,sympy:2,1,9,0.5555555555555556,1.303092403761719,0.4444444444444444,5,9,0.0,6281,0.05555555555555558,-0.08320195735817149,0.06944444444444442,0,0,9,4,0.6666666666666666,0,0,0,1,0
477,10,sympy:2,1,10,0.6,1.2275294114572126,0.5,5,10,0.0,6700,0.0444444444444444,-0.07556299230450647,0.05555555555555558,0,0,10,5,0.6666666666666666,0,0,0,1,0
477,11,sympy:2,1,11,0.5454545454545454,1.4205719259467042,0.45454545454545453,6,11,0.0,7334,-0.054545454545454564,0.1930425144894916,-0.04545454545454547,0,0,11,5,0.6666666666666666,0,0,0,1,0
477,12,sympy:2,1,12,0.5833333333333334,1.349792396172401,0.5,6,12,0.0,8213,0.037878787878787956,-0.07077952977430324,0.04545454545454547,0,0,12,6,0.6666666666666666,0,0,0,1,0
477,13,sympy:2,1,13,0.5384615384615384,1.4105135571148382,0.38461538461538464,6,13,0.0,9237,-0.044871794871794934,0.06072116094243718,-0.11538461538461536,0,0,13,5,0.3333333333333333,0,0,0,1,0
477,14,sympy:2,1,14,0.5714285714285714,1.351783994289646,0.42857142857142855,6,14,0.0,10239,0.03296703296703296,-0.05872956282519226,0.04395604395604391,0,0,14,6,0.6666666666666666,0,0,0,1,0
477,15,sympy:2,1,15,0.5333333333333333,1.4141754640569788,0.4,6,15,0.0,10818,-0.03809523809523807,0.0623914697673329,-0.028571428571428525,0,0,15,6,0.3333333333333333,0,0,0,1,0
477,16,sympy:2,1,16,0.5,1.4729377586898837,0.375,6,16,0.0,11294,-0.033333333333333326,0.05876229463290494,-0.025000000000000022,0,0,16,6,0.3333333333333333,0,0,0,1,0
478,1,sympy:0,0,1,1.0,-0.0,1.0,1,1,0.0,959,0.0,0.0,0.0,0,0,1,1,1.0,0,0,0,1,0
478,2,sympy:0,0,2,1.0,-0.0,1.0,1,2,0.0,1481,0.0,0.0,0.0,0,0,2,2,1.0,0,0,0,1,0
478,3,sympy:0,0,3,1.0,-0.0,1.0,1,3,0.0,2066,0.0,0.0,0.0,0,0,3,3,1.0,0,0,0,1,0
478,4,sympy:0,0,4,1.0,-0.0,1.0,1,4,0.0,2949,0.0,0.0,0.0,0,0,4,4,1.0,0,0,0,1,0
478,5,sympy:0,0,5,1.0,-0.0,1.0,1,5,0.0,3338,0.0,0.0,0.0,0,0,5,5,1.0,0,0,0,1,0
478,6,sympy:0,0,6,1.0,-0.0,1.0,1,6,0.0,3792,0.0,0.0,0.0,0,0,6,6,1.0,0,0,0,1,0
478,7,sympy:0,0,7,1.0,-0.0,1.0,1,7,0.0,4230,0.0,0.0,0.0,0,0,7,7,1.0,0,0,0,1,0
478,8,sympy:0,0,8,1.0,-0.0,1.0,1,8,0.0,4576,0.0,0.0,0.0,0,0,8,8,1.0,0,0,0,1,0
478,9,sympy:0,0,9,1.0,-0.0,1.0,1,9,0.0,5157,0.0,0.0,0.0,0,0,9,9,1.0,0,0,0,1,0
478,10,sympy:0,0,10,1.0,-0.0,1.0,1,10,0.0,5714,0.0,0.0,0.0,0,0,10,10,1.0,0,0,0,1,0
478,11,sympy:0,0,11,0.9090909090909091,0.30463609734923813,0.8181818181818182,2,11,0.0,6473,-0.09090909090909094,0.30463609734923813,-0.18181818181818177,0,0,11,9,0.6666666666666666,0,0,0,1,0
478,12,sympy:0,0,12,0.9166666666666666,0.2868359830561607,0.8333333333333334,2,12,0.0,7213,0.007575757575757569,-0.01780011429307743,0.015151515151515138,0,0,12,10,0.6666666666666666,0,0,0,1,0
478,13,sympy:0,0,13,0.9230769230769231,0.2711893730418441,0.8461538461538461,2,13,0.0,7928,0.0064102564102564985,-0.01564661001431661,0.012820512820512775,0,0,13,11,0.6666666666666666,0,0,0,1,0
478,14,sympy:0,0,14,0.9285714285714286,0.25731864054383163,0.8571428571428571,2,14,0.0,8583,0.005494505494505475,-0.013870732498012461,0.01098901098901095,0,0,14,12,1.0,0,0,0,1,0
478,15,sympy:0,0,15,0.9333333333333333,0.24493002679463532,0.8666666666666667,2,15,0.0,9228,0.004761904761904745,-0.012388613749196309,0.009523809523809601,0,0,15,13,1.0,0,0,0,1,0
478,16,sympy:0,0,16,0.9375,0.2337916587064593,0.875,2,16,0.0,9964,0.004166666666666652,-0.011138368088176032,0.008333333333333304,0,0,16,14,1.0,0,0,0,1,0
479,1,sympy:2,1,1,1.0,-0.0,1.0,1,1,0.0,329,0.0,0.0,0.0,0,0,1,1,1.0,0,0,0,1,0
479,2,sympy:2,1,2,1.0,-0.0,1.0,1,2,0.0,833,0.0,0.0,0.0,0,0,2,2,1.0,0,0,0,1,0
479,3,sympy:2,1,3,1.0,-0.0,1.0,1,3,0.0,1217,0.0,0.0,0.0,0,0,3,3,1.0,0,0,0,1,0
479,4,sympy:2,1,4,1.0,-0.0,1.0,1,4,0.0,1540,0.0,0.0,0.0,0,0,4,4,1.0,0,0,0,1,0
479,5,sympy:2,1,5,1.0,-0.0,1.0,1,5,0.0,1827,0.0,0.0,0.0,0,0,5,5,1.0,0,0,0,1,0
479,6,sympy:2,1,6,1.0,-0.0,1.0,1,6,0.0,2125,0.0,0.0,0.0,0,0,6,6,1.0,0,0,0,1,0
479,7,sympy:2,1,7,1.0,-0.0,1.0,1,7,0.0,3149,0.0,0.0,0.0,0,0,7,7,1.0,0,0,0,1,0
479,8,sympy:2,1,8,1.0,-0.0,1.0,1,8,0.0,3454,0.0,0.0,0.0,0,0,8,8,1.0,0,0,0,1,0
479,9,sympy:2,1,9,1.0,-0.0,1.0,1,9,0.0,3853,0.0,0.0,0.0,0,0,9,9,1.0,0,0,0,1,0
479,10,sympy:2,1,10,1.0,-0.0,1.0,1,10,0.0,4332,0.0,0.0,0.0,0,0,10,10,1.0,0,0,0,1,0
479,11,sympy:2,1,11,1.0,-0.0,1.0,1,11,0.0,4609,0.0,0.0,0.0,0,0,11,11,1.0,0,0,0,1,0
479,12,sympy:2,1,12,1.0,-0.0,1.0,1,12,0.0,5057,0.0,0.0,0.0,0,0,12,12,1.0,0,0,0,1,0
479,13,sympy:2,1,13,1.0,-0.0,1.0,1,13,0.0,5325,0.0,0.0,0.0,0,0,13,13,1.0,0,0,0,1,0
479,14,sympy:2,1,14,1.0,-0.0,1.0,1,14,0.0,5566,0.0,0.0,0.0,0,0,14,14,1.0,0,0,0,1,0
479,15,sympy:2,1,15,1.0,-0.0,1.0,1,15,0.0,5916,0.0,0.0,0.0,0,0,15,15,1.0,0,0,0,1,0
479,16,sympy:2,1,16,1.0,-0.0,1.0,1,16,0.0,6274,0.0,0.0,0.0,0,0,16,16,1.0,0,0,0,1,0
480,1,sympy:1,1,1,1.0,-0.0,1.0,1,1,0.0,420,0.0,0.0,0.0,0,0,1,1,1.0,0,0,0,1,0
480,2,sympy:1,1,2,1.0,-0.0,1.0,1,2,0.0,1235,0.0,0.0,0.0,0,0,2,2,1.0,0,0,0,1,0
480,3,sympy:1,1,3,1.0,-0.0,1.0,1,3,0.0,1660,0.0,0.0,0.0,0,0,3,3,1.0,0,0,0,1,0
480,4,sympy:1,1,4,1.0,-0.0,1.0,1,4,0.0,2087,0.0,0.0,0.0,0,0,4,4,1.0,0,0,0,1,0
480,5,sympy:1,1,5,1.0,-0.0,1.0,1,5,0.0,2617,0.0,0.0,0.0,0,0,5,5,1.0,0,0,0,1,0
480,6,sympy:1,1,6,1.0,-0.0,1.0,1,6,0.0,3040,0.0,0.0,0.0,0,0,6,6,1.0,0,0,0,1,0
480,7,sympy:1,1,7,1.0,-0.0,1.0,1,7,0.0,3453,0.0,0.0,0.0,0,0,7,7,1.0,0,0,0,1,0
480,8,sympy:1,1,8,1.0,-0.0,1.0,1,8,0.0,4014,0.0,0.0,0.0,0,0,8,8,1.0,0,0,0,1,0
480,9,sympy:1,1,9,1.0,-0.0,1.0,1,9,0.0,4535,0.0,0.0,0.0,0,0,9,9,1.0,0,0,0,1,0
480,10,sympy:1,1,10,1.0,-0.0,1.0,1,10,0.0,5038,0.0,0.0,0.0,0,0,10,10,1.0,0,0,0,1,0
480,11,sympy:1,1,11,1.0,-0.0,1.0,1,11,0.0,5558,0.0,0.0,0.0,0,0,11,11,1.0,0,0,0,1,0
480,12,sympy:1,1,12,1.0,-0.0,1.0,1,12,0.0,6139,0.0,0.0,0.0,0,0,12,12,1.0,0,0,0,1,0
480,13,sympy:1,1,13,1.0,-0.0,1.0,1,13,0.0,6612,0.0,0.0,0.0,0,0,13,13,1.0,0,0,0,1,0
480,14,sympy:1,1,14,1.0,-0.0,1.0,1,14,0.0,7134,0.0,0.0,0.0,0,0,14,14,1.0,0,0,0,1,0
480,15,sympy:1,1,15,1.0,-0.0,1.0,1,15,0.0,7542,0.0,0.0,0.0,0,0,15,15,1.0,0,0,0,1,0
480,16,sympy:1,1,16,1.0,-0.0,1.0,1,16,0.0,8031,0.0,0.0,0.0,0,0,16,16,1.0,0,0,0,1,0
481,1,sympy:(64*n**4 + 1)/65,0,1,1.0,-0.0,1.0,1,1,0.0,816,0.0,0.0,0.0,0,0,1,1,1.0,1,0,0,1,1
481,2,sympy:(64*n**4 + 1)/65,0,2,0.5,0.6931471805599453,0.0,2,2,0.0,1706,-0.5,0.6931471805599453,-1.0,0,0,2,0,0.5,1,0,0,1,1
481,3,sympy:(64*n**4 + 1)/65,0,2,0.5,0.6931471805599453,0.0,2,3,0.3333333333333333,2730,0.0,0.0,0.0,0,0,3,0,0.5,1,0,0,1,1
481,4,sympy:(64*n**4 + 1)/65,0,3,0.3333333333333333,1.0986122886681096,0.0,3,4,0.25,3460,-0.16666666666666669,0.4054651081081643,0.0,0,0,4,0,0.0,1,0,0,1,1
481,5,sympy:1,0,4,0.5,1.0397207708399179,0.25,3,1,0.2,4412,0.16666666666666669,-0.058891517828191686,0.25,1,1,4,1,1.0,0,0,0,1,0
481,6,sympy:1,0,4,0.5,1.0397207708399179,0.25,3,2,0.3333333333333333,5436,0.0,0.0,0.0,0,1,4,1,1.0,0,0,0,1,0
481,7,sympy:1,0,5,0.6,0.9502705392332347,0.4,3,3,0.2857142857142857,6197,0.09999999999999998,-0.0894502316066832,0.15000000000000002,0,1,4,2,1.0,0,0,0,1,0
481,8,sympy:1,0,5,0.6,0.9502705392332347,0.4,3,4,0.375,7221,0.0,0.0,0.0,0,1,4,2,1.0,0,0,0,1,0
481,9,sympy:1,0,5,0.6,0.9502705392332347,0.4,3,5,0.4444444444444444,8245,0.0,0.0,0.0,0,1,5,2,1.0,0,0,0,1,0
481,10,sympy:1,0,6,0.5,1.242453324894,0.3333333333333333,4,6,0.4,8907,-0.09999999999999998,0.2921827856607653,-0.06666666666666671,0,1,6,2,0.0,0,0,0,1,0
481,11,sympy:1,0,6,0.5,1.242453324894,0.3333333333333333,4,7,0.45454545454545453,9931,0.0,0.0,0.0,0,1,7,2,0.0,0,0,0,1,0
481,12,sympy:1,0,7,0.42857142857142855,1.4750763110546947,0.2857142857142857,5,8,0.4166666666666667,10481,-0.07142857142857145,0.23262298616069477,-0.047619047619047616,0,1,8,2,0.0,0,0,0,1,0
481,13,sympy:1,0,8,0.375,1.6674619334292946,0.25,6,9,0.38461538461538464,11293,-0.05357142857142855,0.19238562237459989,-0.0357142857142857,0,1,9,2,0.0,0,0,0,1,0
481,14,sympy:1,0,9,0.4444444444444444,1.5810937501718236,0.3333333333333333,6,10,0.35714285714285715,12128,0.06944444444444442,-0.08636818325747098,0.08333333333333331,0,1,10,3,0.3333333333333333,0,0,0,1,0
481,15,sympy:1,0,10,0.4,1.7480673485460894,0.3,7,11,0.3333333333333333,13002,-0.0444444444444444,0.16697359837426573,-0.033333333333333326,0,1,11,3,0.3333333333333333,0,0,0,1,0
481,16,sympy:1,0,11,0.36363636363636365,1.8937882323911377,0.2727272727272727,8,12,0.3125,13703,-0.036363636363636376,0.14572088384504833,-0.027272727272727282,0,1,12,3,0.3333333333333333,0,0,0,1,0
482,1,sympy:6,0,1,1.0,-0.0,1.0,1,1,0.0,958,0.0,0.0,0.0,0,0,1,1,1.0,1,1,0,0,1
482,2,sympy:6,0,2,0.5,0.6931471805599453,0.0,2,2,0.0,1549,-0.5,0.6931471805599453,-1.0,0,0,2,0,0.5,1,1,0,0,1
482,3,sympy:6,0,3,0.3333333333333333,1.0986122886681096,0.0,3,3,0.0,2084,-0.16666666666666669,0.4054651081081643,0.0,0,0,3,0,0.3333333333333333,1,1,0,0,1
482,4,sympy:337,0,4,0.5,1.0397207708399179,0.25,3,1,0.0,2652,0.16666666666666669,-0.058891517828191686,0.25,1,1,3,1,0.6666666666666666,1,1,0,0,1
482,5,sympy:337,0,5,0.6,0.9502705392332347,0.4,3,2,0.0,3180,0.09999999999999998,-0.0894502316066832,0.15000000000000002,0,1,3,2,1.0,1,1,0,0,1
482,6,sympy:337,0,6,0.5,1.0114042647073518,0.16666666666666666,3,3,0.0,3739,-0.09999999999999998,0.06113372547411711,-0.23333333333333336,0,1,3,1,0.6666666666666666,1,1,0,0,1
482,7,sympy:337,0,7,0.42857142857142855,1.277034259466139,0.14285714285714285,4,4,0.0,4198,-0.07142857142857145,0.26562999475878724,-0.023809523809523808,0,1,4,1,0.3333333333333333,1,1,0,0,1
482,8,sympy:337,0,8,0.5,1.2130075659799042,0.25,4,5,0.0,4720,0.07142857142857145,-0.0640266934862348,0.10714285714285715,0,1,5,2,0.3333333333333333,1,1,0,0,1
482,9,sympy:337,0,9,0.4444444444444444,1.2148896539491203,0.1111111111111111,4,6,0.0,5270,-0.05555555555555558,0.001882087969216073,-0.1388888888888889,0,1,6,1,0.3333333333333333,1,1,0,0,1
482,10,sympy:337,0,9,0.4444444444444444,1.2148896539491203,0.1111111111111111,4,7,0.1,6294,0.0,0.0,0.0,0,1,7,1,0.5,1,1,0,0,1
482,11,sympy:202,1,10,0.4,1.1935496040981333,0.0,4,1,0.09090909090909091,6887,-0.0444444444444444,-0.02134004985098703,-0.1111111111111111,1,2,7,0,1.0,0,0,0,1,0
482,12,sympy:202,1,11,0.45454545454545453,1.162225544921092,0.09090909090909091,4,2,0.08333333333333333,7418,0.05454545454545451,-0.031324059177041175,0.09090909090909091,0,2,7,1,1.0,0,0,0,1,0
482,13,sympy:202,1,12,0.4166666666666667,1.3522093992338282,0.08333333333333333,5,3,0.07692307692307693,7888,-0.037878787878787845,0.18998385431273612,-0.007575757575757583,0,2,7,1,0.6666666666666666,0,0,0,1,0
482,14,sympy:202,1,13,0.46153846153846156,1.3114313374732374,0.15384615384615385,5,4,0.07142857142857142,8648,0.04487179487179488,-0.040778061760590845,0.07051282051282053,0,2,7,2,0.6666666666666666,0,0,0,1,0
482,15,sympy:202,1,14,0.42857142857142855,1.3760552852604169,0.14285714285714285,5,5,0.06666666666666667,9672,-0.032967032967033016,0.0646239477871795,-0.010989010989011005,0,2,7,2,0.3333333333333333,0,0,0,1,0
482,16,sympy:202,1,15,0.4,1.5292482930376912,0.13333333333333333,6,6,0.0625,10375,-0.028571428571428525,0.1531930077772743,-0.009523809523809518,0,2,7,2,0.3333333333333333,0,0,0,1,0
483,1,,0,0,,,,0,0,1.0,1024,0.0,0.0,0.0,0,0,0,0,0.0,1,1,0,0,1
483,2,,0,0,,,,0,0,1.0,2048,0.0,0.0,0.0,0,0,0,0,0.0,1,1,0,0,1
483,3,,0,0,,,,0,0,1.0,3072,0.0,0.0,0.0,0,0,0,0,0.0,1,1,0,0,1
483,4,,0,0,,,,0,0,1.0,4096,0.0,0.0,0.0,0,0,0,0,0.0,1,1,0,0,1
483,5,,0,0,,,,0,0,1.0,5120,0.0,0.0,0.0,0,0,0,0,0.0,1,1,0,0,1
483,6,,0,0,,,,0,0,1.0,6144,0.0,0.0,0.0,0,0,0,0,0.0,1,1,0,0,1
483,7,,0,0,,,,0,0,1.0,7168,0.0,0.0,0.0,0,0,0,0,0.0,1,1,0,0,1
483,8,,0,0,,,,0,0,1.0,8192,0.0,0.0,0.0,0,0,0,0,0.0,1,1,0,0,1
483,9,,0,0,,,,0,0,1.0,9216,0.0,0.0,0.0,0,0,0,0,0.0,1,1,0,0,1
483,10,,0,0,,,,0,0,1.0,10240,0.0,0.0,0.0,0,0,0,0,0.0,1,1,0,0,1
483,11,,0,0,,,,0,0,1.0,11264,0.0,0.0,0.0,0,0,0,0,0.0,1,1,0,0,1
483,12,,0,0,,,,0,0,1.0,12288,0.0,0.0,0.0,0,0,0,0,0.0,1,1,0,0,1
483,13,,0,0,,,,0,0,1.0,13312,0.0,0.0,0.0,0,0,0,0,0.0,1,1,0,0,1
483,14,sympy:8/15,1,1,1.0,-0.0,1.0,1,1,0.9285714285714286,14275,1.0,-0.0,1.0,0,0,1,1,1.0,0,0,0,1,0
483,15,sympy:8/15,1,1,1.0,-0.0,1.0,1,2,0.9333333333333333,15299,0.0,0.0,0.0,0,0,2,1,1.0,0,0,0,1,0
483,16,sympy:8/15,1,1,1.0,-0.0,1.0,1,3,0.9375,16323,0.0,0.0,0.0,0,0,3,1,1.0,0,0,0,1,0
484,1,sympy:10,1,1,1.0,-0.0,1.0,1,1,0.0,839,0.0,0.0,0.0,0,0,1,1,1.0,0,0,0,1,0
484,2,sympy:10,1,2,1.0,-0.0,1.0,1,2,0.0,1762,0.0,0.0,0.0,0,0,2,2,1.0,0,0,0,1,0
484,3,sympy:10,1,3,1.0,-0.0,1.0,1,3,0.0,2616,0.0,0.0,0.0,0,0,3,3,1.0,0,0,0,1,0
484,4,sympy:10,1,4,1.0,-0.0,1.0,1,4,0.0,3640,0.0,0.0,0.0,0,0,4,4,1.0,0,0,0,1,0
484,5,sympy:10,1,4,1.0,-0.0,1.0,1,5,0.2,4664,0.0,0.0,0.0,0,0,5,4,1.0,0,0,0,1,0
484,6,sympy:10,1,5,1.0,-0.0,1.0,1,6,0.16666666666666666,5349,0.0,0.0,0.0,0,0,6,5,1.0,0,0,0,1,0
484,7,sympy:10,1,6,1.0,-0.0,1.0,1,7,0.14285714285714285,6373,0.0,0.0,0.0,0,0,7,6,1.0,0,0,0,1,0
484,8,sympy:10,1,7,1.0,-0.0,1.0,1,8,0.125,7074,0.0,0.0,0.0,0,0,8,7,1.0,0,0,0,1,0
484,9,sympy:10,1,8,1.0,-0.0,1.0,1,9,0.1111111111111111,7983,0.0,0.0,0.0,0,0,9,8,1.0,0,0,0,1,0
484,10,sympy:10,1,9,1.0,-0.0,1.0,1,10,0.1,8853,0.0,0.0,0.0,0,0,10,9,1.0,0,0,0,1,0
484,11,sympy:10,1,10,1.0,-0.0,1.0,1,11,0.09090909090909091,9678,0.0,0.0,0.0,0,0,11,10,1.0,0,0,0,1,0
484,12,sympy:10,1,11,1.0,-0.0,1.0,1,12,0.08333333333333333,10692,0.0,0.0,0.0,0,0,12,11,1.0,0,0,0,1,0
484,13,sympy:10,1,12,1.0,-0.0,1.0,1,13,0.07692307692307693,11687,0.0,0.0,0.0,0,0,13,12,1.0,0,0,0,1,0
484,14,sympy:10,1,12,1.0,-0.0,1.0,1,14,0.14285714285714285,12711,0.0,0.0,0.0,0,0,14,12,1.0,0,0,0,1,0
484,15,sympy:10,1,13,1.0,-0.0,1.0,1,15,0.13333333333333333,13554,0.0,0.0,0.0,0,0,15,13,1.0,0,0,0,1,0
484,16,sympy:10,1,14,1.0,-0.0,1.0,1,16,0.125,14379,0.0,0.0,0.0,0,0,16,14,1.0,0,0,0,1,0
485,1,,0,0,,,,0,0,1.0,1024,0.0,0.0,0.0,0,0,0,0,0.0,1,1,0,0,1
485,2,sympy:12,0,1,1.0,-0.0,1.0,1,1,0.5,1936,1.0,-0.0,1.0,0,0,1,1,1.0,1,1,0,0,1
485,3,sympy:12,0,2,1.0,-0.0,1.0,1,2,0.3333333333333333,2869,0.0,0.0,0.0,0,0,2,2,1.0,1,1,0,0,1
485,4,sympy:12,0,3,0.6666666666666666,0.6365141682948128,0.3333333333333333,2,3,0.25,3826,-0.33333333333333337,0.6365141682948128,-0.6666666666666667,0,0,3,1,0.6666666666666666,1,1,0,0,1
485,5,sympy:12,0,3,0.6666666666666666,0.6365141682948128,0.3333333333333333,2,4,0.4,4850,0.0,0.0,0.0,0,0,4,1,0.5,1,1,0,0,1
485,6,sympy:12,0,3,0.6666666666666666,0.6365141682948128,0.3333333333333333,2,5,0.5,5874,0.0,0.0,0.0,0,0,5,1,0.0,1,1,0,0,1
485,7,sympy:12,0,4,0.5,0.6931471805599453,0.0,2,6,0.42857142857142855,6314,-0.16666666666666663,0.05663301226513251,-0.3333333333333333,0,0,6,0,0.0,1,1,0,0,1
485,8,sympy:13,1,5,0.6,0.6730116670092565,0.2,2,1,0.375,6811,0.09999999999999998,-0.020135513550688766,0.2,1,1,6,1,1.0,0,0,0,1,0
485,9,sympy:13,1,5,0.6,0.6730116670092565,0.2,2,2,0.4444444444444444,7835,0.0,0.0,0.0,0,1,6,1,1.0,0,0,0,1,0
485,10,sympy:13,1,5,0.6,0.6730116670092565,0.2,2,3,0.5,8859,0.0,0.0,0.0,0,1,6,1,1.0,0,0,0,1,0
485,11,sympy:13,1,5,0.6,0.6730116670092565,0.2,2,4,0.5454545454545454,9883,0.0,0.0,0.0,0,1,6,1,0.0,0,0,0,1,0
485,12,sympy:13,1,5,0.6,0.6730116670092565,0.2,2,5,0.5833333333333334,10907,0.0,0.0,0.0,0,1,6,1,0.0,0,0,0,1,0
485,13,sympy:13,1,5,0.6,0.6730116670092565,0.2,2,6,0.6153846153846154,11931,0.0,0.0,0.0,0,1,6,1,0.0,0,0,0,1,0
485,14,sympy:13,1,5,0.6,0.6730116670092565,0.2,2,7,0.6428571428571429,12955,0.0,0.0,0.0,0,1,7,1,0.0,0,0,0,1,0
485,15,sympy:13,1,5,0.6,0.6730116670092565,0.2,2,8,0.6666666666666666,13979,0.0,0.0,0.0,0,1,8,1,0.0,0,0,0,1,0
485,16,sympy:13,1,5,0.6,0.6730116670092565,0.2,2,9,0.6875,15003,0.0,0.0,0.0,0,1,9,1,0.0,0,0,0,1,0
486,1,sympy:216,1,1,1.0,-0.0,1.0,1,1,0.0,221,0.0,0.0,0.0,0,0,1,1,1.0,0,0,0,1,0
486,2,sympy:216,1,2,0.5,0.6931471805599453,0.0,2,2,0.0,559,-0.5,0.6931471805599453,-1.0,0,0,2,0,0.5,0,0,0,1,0
486,3,sympy:216,1,3,0.6666666666666666,0.6365141682948128,0.3333333333333333,2,3,0.0,761,0.16666666666666663,-0.05663301226513251,0.3333333333333333,0,0,3,1,0.6666666666666666,0,0,0,1,0
486,4,sympy:216,1,4,0.75,0.5623351446188083,0.5,2,4,0.0,959,0.08333333333333337,-0.07417902367600449,0.16666666666666669,0,0,4,2,0.6666666666666666,0,0,0,1,0
486,5,sympy:216,1,5,0.8,0.5004024235381879,0.6,2,5,0.0,1141,0.050000000000000044,-0.06193272108062042,0.09999999999999998,0,0,5,3,1.0,0,0,0,1,0
486,6,sympy:216,1,6,0.8333333333333334,0.45056120886630463,0.6666666666666666,2,6,0.0,1411,0.033333333333333326,-0.04984121467188324,0.06666666666666665,0,0,6,4,1.0,0,0,0,1,0
486,7,sympy:216,1,7,0.8571428571428571,0.410116318288409,0.7142857142857143,2,7,0.0,1669,0.023809523809523725,-0.04044489057789563,0.04761904761904767,0,0,7,5,1.0,0,0,0,1,0
486,8,sympy:216,1,8,0.875,0.37677016125643675,0.75,2,8,0.0,1943,0.017857142857142905,-0.033346157031972246,0.0357142857142857,0,0,8,6,1.0,0,0,0,1,0
486,9,sympy:216,1,9,0.8888888888888888,0.34883209584303193,0.7777777777777778,2,9,0.0,2167,0.01388888888888884,-0.027938065413404822,0.02777777777777779,0,0,9,7,1.0,0,0,0,1,0
486,10,sympy:216,1,10,0.9,0.3250829733914482,0.8,2,10,0.0,2415,0.011111111111111183,-0.023749122451583726,0.022222222222222254,0,0,10,8,1.0,0,0,0,1,0
486,11,sympy:216,1,11,0.9090909090909091,0.30463609734923813,0.8181818181818182,2,11,0.0,2644,0.009090909090909038,-0.02044687604221007,0.018181818181818188,0,0,11,9,1.0,0,0,0,1,0
486,12,sympy:216,1,12,0.9166666666666666,0.2868359830561607,0.8333333333333334,2,12,0.0,2818,0.007575757575757569,-0.01780011429307743,0.015151515151515138,0,0,12,10,1.0,0,0,0,1,0
486,13,sympy:216,1,13,0.9230769230769231,0.2711893730418441,0.8461538461538461,2,13,0.0,3027,0.0064102564102564985,-0.01564661001431661,0.012820512820512775,0,0,13,11,1.0,0,0,0,1,0
486,14,sympy:216,1,14,0.9285714285714286,0.25731864054383163,0.8571428571428571,2,14,0.0,3235,0.005494505494505475,-0.013870732498012461,0.01098901098901095,0,0,14,12,1.0,0,0,0,1,0
486,15,sympy:216,1,15,0.9333333333333333,0.24493002679463532,0.8666666666666667,2,15,0.0,3488,0.004761904761904745,-0.012388613749196309,0.009523809523809601,0,0,15,13,1.0,0,0,0,1,0
486,16,sympy:216,1,16,0.9375,0.2337916587064593,0.875,2,16,0.0,3747,0.004166666666666652,-0.011138368088176032,0.008333333333333304,0,0,16,14,1.0,0,0,0,1,0
487,1,sympy:2,1,1,1.0,-0.0,1.0,1,1,0.0,325,0.0,0.0,0.0,0,0,1,1,1.0,0,0,0,1,0
487,2,sympy:2,1,2,1.0,-0.0,1.0,1,2,0.0,646,0.0,0.0,0.0,0,0,2,2,1.0,0,0,0,1,0
487,3,sympy:2,1,3,1.0,-0.0,1.0,1,3,0.0,1025,0.0,0.0,0.0,0,0,3,3,1.0,0,0,0,1,0
487,4,sympy:2,1,4,1.0,-0.0,1.0,1,4,0.0,1343,0.0,0.0,0.0,0,0,4,4,1.0,0,0,0,1,0
487,5,sympy:2,1,5,1.0,-0.0,1.0,1,5,0.0,1757,0.0,0.0,0.0,0,0,5,5,1.0,0,0,0,1,0
487,6,sympy:2,1,6,1.0,-0.0,1.0,1,6,0.0,2082,0.0,0.0,0.0,0,0,6,6,1.0,0,0,0,1,0
487,7,sympy:2,1,7,1.0,-0.0,1.0,1,7,0.0,2412,0.0,0.0,0.0,0,0,7,7,1.0,0,0,0,1,0
487,8,sympy:2,1,8,1.0,-0.0,1.0,1,8,0.0,2843,0.0,0.0,0.0,0,0,8,8,1.0,0,0,0,1,0
487,9,sympy:2,1,9,1.0,-0.0,1.0,1,9,0.0,3177,0.0,0.0,0.0,0,0,9,9,1.0,0,0,0,1,0
487,10,sympy:2,1,10,1.0,-0.0,1.0,1,10,0.0,3503,0.0,0.0,0.0,0,0,10,10,1.0,0,0,0,1,0
487,11,sympy:2,1,11,1.0,-0.0,1.0,1,11,0.0,3811,0.0,0.0,0.0,0,0,11,11,1.0,0,0,0,1,0
487,12,sympy:2,1,12,1.0,-0.0,1.0,1,12,0.0,4151,0.0,0.0,0.0,0,0,12,12,1.0,0,0,0,1,0
487,13,sympy:2,1,13,1.0,-0.0,1.0,1,13,0.0,4546,0.0,0.0,0.0,0,0,13,13,1.0,0,0,0,1,0
487,14,sympy:2,1,14,1.0,-0.0,1.0,1,14,0.0,4879,0.0,0.0,0.0,0,0,14,14,1.0,0,0,0,1,0
487,15,sympy:2,1,15,1.0,-0.0,1.0,1,15,0.0,5167,0.0,0.0,0.0,0,0,15,15,1.0,0,0,0,1,0
487,16,sympy:2,1,16,1.0,-0.0,1.0,1,16,0.0,5532,0.0,0.0,0.0,0,0,16,16,1.0,0,0,0,1,0
488,1,sympy:36,1,1,1.0,-0.0,1.0,1,1,0.0,239,0.0,0.0,0.0,0,0,1,1,1.0,0,0,0,1,0
488,2,sympy:36,1,2,1.0,-0.0,1.0,1,2,0.0,473,0.0,0.0,0.0,0,0,2,2,1.0,0,0,0,1,0
488,3,sympy:36,1,3,1.0,-0.0,1.0,1,3,0.0,720,0.0,0.0,0.0,0,0,3,3,1.0,0,0,0,1,0
488,4,sympy:36,1,4,1.0,-0.0,1.0,1,4,0.0,955,0.0,0.0,0.0,0,0,4,4,1.0,0,0,0,1,0
488,5,sympy:36,1,5,1.0,-0.0,1.0,1,5,0.0,1193,0.0,0.0,0.0,0,0,5,5,1.0,0,0,0,1,0
488,6,sympy:36,1,6,1.0,-0.0,1.0,1,6,0.0,1449,0.0,0.0,0.0,0,0,6,6,1.0,0,0,0,1,0
488,7,sympy:36,1,7,1.0,-0.0,1.0,1,7,0.0,1677,0.0,0.0,0.0,0,0,7,7,1.0,0,0,0,1,0
488,8,sympy:36,1,8,1.0,-0.0,1.0,1,8,0.0,1910,0.0,0.0,0.0,0,0,8,8,1.0,0,0,0,1,0
488,9,sympy:36,1,9,1.0,-0.0,1.0,1,9,0.0,2099,0.0,0.0,0.0,0,0,9,9,1.0,0,0,0,1,0
488,10,sympy:36,1,10,1.0,-0.0,1.0,1,10,0.0,2329,0.0,0.0,0.0,0,0,10,10,1.0,0,0,0,1,0
488,11,sympy:36,1,11,1.0,-0.0,1.0,1,11,0.0,2529,0.0,0.0,0.0,0,0,11,11,1.0,0,0,0,1,0
488,12,sympy:36,1,12,1.0,-0.0,1.0,1,12,0.0,2772,0.0,0.0,0.0,0,0,12,12,1.0,0,0,0,1,0
488,13,sympy:36,1,13,1.0,-0.0,1.0,1,13,0.0,2967,0.0,0.0,0.0,0,0,13,13,1.0,0,0,0,1,0
488,14,sympy:36,1,14,1.0,-0.0,1.0,1,14,0.0,3194,0.0,0.0,0.0,0,0,14,14,1.0,0,0,0,1,0
488,15,sympy:36,1,15,1.0,-0.0,1.0,1,15,0.0,3395,0.0,0.0,0.0,0,0,15,15,1.0,0,0,0,1,0
488,16,sympy:36,1,16,1.0,-0.0,1.0,1,16,0.0,3636,0.0,0.0,0.0,0,0,16,16,1.0,0,0,0,1,0
489,1,sympy:15,1,1,1.0,-0.0,1.0,1,1,0.0,555,0.0,0.0,0.0,0,0,1,1,1.0,0,0,0,1,0
489,2,sympy:15,1,2,1.0,-0.0,1.0,1,2,0.0,972,0.0,0.0,0.0,0,0,2,2,1.0,0,0,0,1,0
489,3,sympy:15,1,3,1.0,-0.0,1.0,1,3,0.0,1471,0.0,0.0,0.0,0,0,3,3,1.0,0,0,0,1,0
489,4,sympy:15,1,4,1.0,-0.0,1.0,1,4,0.0,1918,0.0,0.0,0.0,0,0,4,4,1.0,0,0,0,1,0
489,5,sympy:15,1,5,1.0,-0.0,1.0,1,5,0.0,2493,0.0,0.0,0.0,0,0,5,5,1.0,0,0,0,1,0
489,6,sympy:15,1,6,1.0,-0.0,1.0,1,6,0.0,3027,0.0,0.0,0.0,0,0,6,6,1.0,0,0,0,1,0
489,7,sympy:15,1,7,1.0,-0.0,1.0,1,7,0.0,3804,0.0,0.0,0.0,0,0,7,7,1.0,0,0,0,1,0
489,8,sympy:15,1,8,1.0,-0.0,1.0,1,8,0.0,4278,0.0,0.0,0.0,0,0,8,8,1.0,0,0,0,1,0
489,9,sympy:15,1,9,1.0,-0.0,1.0,1,9,0.0,4762,0.0,0.0,0.0,0,0,9,9,1.0,0,0,0,1,0
489,10,sympy:15,1,10,0.9,0.3250829733914482,0.8,2,10,0.0,5297,-0.09999999999999998,0.3250829733914482,-0.19999999999999996,0,0,10,8,0.6666666666666666,0,0,0,1,0
489,11,sympy:15,1,11,0.9090909090909091,0.30463609734923813,0.8181818181818182,2,11,0.0,5898,0.009090909090909038,-0.02044687604221007,0.018181818181818188,0,0,11,9,0.6666666666666666,0,0,0,1,0
489,12,sympy:15,1,12,0.9166666666666666,0.2868359830561607,0.8333333333333334,2,12,0.0,6418,0.007575757575757569,-0.01780011429307743,0.015151515151515138,0,0,12,10,0.6666666666666666,0,0,0,1,0
489,13,sympy:15,1,13,0.9230769230769231,0.2711893730418441,0.8461538461538461,2,13,0.0,6960,0.0064102564102564985,-0.01564661001431661,0.012820512820512775,0,0,13,11,1.0,0,0,0,1,0
489,14,sympy:15,1,14,0.9285714285714286,0.25731864054383163,0.8571428571428571,2,14,0.0,7352,0.005494505494505475,-0.013870732498012461,0.01098901098901095,0,0,14,12,1.0,0,0,0,1,0
489,15,sympy:15,1,14,0.9285714285714286,0.25731864054383163,0.8571428571428571,2,15,0.06666666666666667,8376,0.0,0.0,0.0,0,0,15,12,1.0,0,0,0,1,0
489,16,sympy:15,1,15,0.9333333333333333,0.24493002679463532,0.8666666666666667,2,16,0.0625,8814,0.004761904761904745,-0.012388613749196309,0.009523809523809601,0,0,16,13,1.0,0,0,0,1,0
490,1,sympy:0,0,1,1.0,-0.0,1.0,1,1,0.0,657,0.0,0.0,0.0,0,0,1,1,1.0,0,0,0,1,0
490,2,sympy:0,0,2,0.5,0.6931471805599453,0.0,2,2,0.0,1365,-0.5,0.6931471805599453,-1.0,0,0,2,0,0.5,0,0,0,1,0
490,3,sympy:0,0,3,0.6666666666666666,0.6365141682948128,0.3333333333333333,2,3,0.0,1938,0.16666666666666663,-0.05663301226513251,0.3333333333333333,0,0,3,1,0.6666666666666666,0,0,0,1,0
490,4,sympy:0,0,4,0.5,1.0397207708399179,0.25,3,4,0.0,2691,-0.16666666666666663,0.4032066025451051,-0.08333333333333331,0,0,4,1,0.3333333333333333,0,0,0,1,0
490,5,sympy:0,0,5,0.4,1.3321790402101223,0.2,4,5,0.0,3355,-0.09999999999999998,0.29245826937020447,-0.04999999999999999,0,0,5,1,0.3333333333333333,0,0,0,1,0
490,6,sympy:0,0,6,0.3333333333333333,1.5607104090414063,0.16666666666666666,5,6,0.0,3977,-0.06666666666666671,0.228531368831284,-0.033333333333333354,0,0,6,1,0.0,0,0,0,1,0
490,7,sympy:0,0,6,0.3333333333333333,1.5607104090414063,0.16666666666666666,5,7,0.14285714285714285,5001,0.0,0.0,0.0,0,0,7,1,0.0,0,0,0,1,0
490,8,sympy:0,0,7,0.42857142857142855,1.4750763110546947,0.2857142857142857,5,8,0.125,5605,0.09523809523809523,-0.08563409798671162,0.11904761904761904,0,0,8,2,0.5,0,0,0,1,0
490,9,sympy:0,0,7,0.42857142857142855,1.4750763110546947,0.2857142857142857,5,9,0.2222222222222222,6629,0.0,0.0,0.0,0,0,9,2,1.0,0,0,0,1,0
490,10,sympy:0,0,8,0.375,1.6674619334292946,0.25,6,10,0.2,7455,-0.05357142857142855,0.19238562237459989,-0.0357142857142857,0,0,10,2,0.5,0,0,0,1,0
490,11,sympy:0,0,9,0.3333333333333333,1.8310204811135162,0.2222222222222222,7,11,0.18181818181818182,8190,-0.041666666666666685,0.16355854768422162,-0.02777777777777779,0,0,11,2,0.0,0,0,0,1,0
490,12,sympy:0,0,10,0.4,1.7480673485460894,0.3,7,12,0.16666666666666666,9070,0.06666666666666671,-0.08295313256742687,0.07777777777777778,0,0,12,3,0.3333333333333333,0,0,0,1,0
490,13,sympy:0,0,11,0.36363636363636365,1.8937882323911377,0.2727272727272727,8,13,0.15384615384615385,9871,-0.036363636363636376,0.14572088384504833,-0.027272727272727282,0,0,13,3,0.3333333333333333,0,0,0,1,0
490,14,sympy:0,0,12,0.3333333333333333,2.0228085294147036,0.25,9,14,0.14285714285714285,10895,-0.03030303030303033,0.12902029702356588,-0.022727272727272707,0,0,14,3,0.3333333333333333,0,0,0,1,0
490,15,sympy:0,0,13,0.3076923076923077,2.1383972463477243,0.23076923076923078,10,15,0.13333333333333333,11653,-0.025641025641025605,0.11558871693302075,-0.019230769230769218,0,0,15,3,0.0,0,0,0,1,0
490,16,sympy:0,0,14,0.2857142857142857,2.143952200643869,0.14285714285714285,10,16,0.125,12659,-0.02197802197802201,0.005554954296144832,-0.08791208791208793,0,0,16,2,0.0,0,0,0,1,0
491,1,sympy:24,0,1,1.0,-0.0,1.0,1,1,0.0,315,0.0,0.0,0.0,0,0,1,1,1.0,0,0,0,1,0
491,2,sympy:24,0,2,0.5,0.6931471805599453,0.0,2,2,0.0,575,-0.5,0.6931471805599453,-1.0,0,0,2,0,0.5,0,0,0,1,0
491,3,sympy:24,0,3,0.6666666666666666,0.6365141682948128,0.3333333333333333,2,3,0.0,852,0.16666666666666663,-0.05663301226513251,0.3333333333333333,0,0,3,1,0.6666666666666666,0,0,0,1,0
491,4,sympy:24,0,4,0.5,1.0397207708399179,0.25,3,4,0.0,1225,-0.16666666666666663,0.4032066025451051,-0.08333333333333331,0,0,4,1,0.3333333333333333,0,0,0,1,0
491,5,sympy:24,0,5,0.4,1.0549201679861442,0.0,3,5,0.0,1508,-0.09999999999999998,0.015199397146226312,-0.25,0,0,5,0,0.3333333333333333,0,0,0,1,0
491,6,sympy:24,0,6,0.3333333333333333,1.3296613488547582,0.0,4,6,0.0,1855,-0.06666666666666671,0.274741180868614,0.0,0,0,6,0,0.0,0,0,0,1,0
491,7,sympy:8,0,7,0.42857142857142855,1.277034259466139,0.14285714285714285,4,1,0.0,2113,0.09523809523809523,-0.05262708938861915,0.14285714285714285,1,1,6,1,0.6666666666666666,1,0,0,1,1
491,8,sympy:8,0,8,0.375,1.4941751382893083,0.125,5,2,0.0,2373,-0.05357142857142855,0.21714087882316924,-0.01785714285714285,0,1,6,1,0.3333333333333333,1,0,0,1,1
491,9,sympy:8,0,9,0.3333333333333333,1.5229550675313184,0.1111111111111111,5,3,0.0,2646,-0.041666666666666685,0.028779929242010116,-0.013888888888888895,0,1,6,1,0.3333333333333333,1,0,0,1,1
491,10,sympy:8,0,10,0.3,1.6957425341696346,0.1,6,4,0.0,3124,-0.033333333333333326,0.17278746663831623,-0.0111111111111111,0,1,6,1,0.0,1,0,0,1,1
491,11,sympy:8,0,11,0.2727272727272727,1.8462202193216335,0.09090909090909091,7,5,0.0,3412,-0.027272727272727282,0.15047768515199889,-0.009090909090909094,0,1,6,1,0.0,1,0,0,1,1
491,12,sympy:24,0,12,0.25,1.8200759753606213,0.0,7,1,0.0,3793,-0.022727272727272707,-0.026144243961012226,-0.09090909090909091,1,2,6,0,0.3333333333333333,0,0,0,1,0
491,13,sympy:24,0,13,0.23076923076923078,1.9512595041439562,0.0,8,2,0.0,4122,-0.019230769230769218,0.13118352878333495,0.0,0,2,6,0,0.3333333333333333,0,0,0,1,0
491,14,sympy:24,0,14,0.21428571428571427,1.9328065726143309,0.0,8,3,0.0,4407,-0.016483516483516508,-0.01845293152962535,0.0,0,2,6,0,0.3333333333333333,0,0,0,1,0
491,15,sympy:24,0,15,0.2,2.0488828279013442,0.0,9,4,0.0,4760,-0.014285714285714263,0.11607625528701337,0.0,0,2,6,0,0.0,0,0,0,1,0
491,16,sympy:24,0,16,0.1875,2.1546193098639694,0.0,10,5,0.0,5092,-0.012500000000000011,0.1057364819626252,0.0,0,2,6,0,0.0,0,0,0,1,0
492,1,"sympy:Eq(y, -1*2*x)",1,1,1.0,-0.0,1.0,1,1,0.0,625,0.0,0.0,0.0,0,0,1,1,1.0,0,0,0,1,0
492,2,"sympy:Eq(y, -1*2*x)",1,2,1.0,-0.0,1.0,1,2,0.0,1085,0.0,0.0,0.0,0,0,2,2,1.0,0,0,0,1,0
492,3,"sympy:Eq(y, -1*2*x)",1,3,1.0,-0.0,1.0,1,3,0.0,1974,0.0,0.0,0.0,0,0,3,3,1.0,0,0,0,1,0
492,4,"sympy:Eq(y, -1*2*x)",1,4,1.0,-0.0,1.0,1,4,0.0,2361,0.0,0.0,0.0,0,0,4,4,1.0,0,0,0,1,0
492,5,"sympy:Eq(y, -1*2*x)",1,5,1.0,-0.0,1.0,1,5,0.0,2810,0.0,0.0,0.0,0,0,5,5,1.0,0,0,0,1,0
492,6,"sympy:Eq(y, -1*2*x)",1,6,1.0,-0.0,1.0,1,6,0.0,3393,0.0,0.0,0.0,0,0,6,6,1.0,0,0,0,1,0
492,7,"sympy:Eq(y, -1*2*x)",1,7,1.0,-0.0,1.0,1,7,0.0,4088,0.0,0.0,0.0,0,0,7,7,1.0,0,0,0,1,0
492,8,"sympy:Eq(y, -1*2*x)",1,8,1.0,-0.0,1.0,1,8,0.0,4560,0.0,0.0,0.0,0,0,8,8,1.0,0,0,0,1,0
492,9,"sympy:Eq(y, -1*2*x)",1,9,1.0,-0.0,1.0,1,9,0.0,4964,0.0,0.0,0.0,0,0,9,9,1.0,0,0,0,1,0
492,10,"sympy:Eq(y, -1*2*x)",1,10,1.0,-0.0,1.0,1,10,0.0,5794,0.0,0.0,0.0,0,0,10,10,1.0,0,0,0,1,0
492,11,"sympy:Eq(y, -1*2*x)",1,11,1.0,-0.0,1.0,1,11,0.0,6417,0.0,0.0,0.0,0,0,11,11,1.0,0,0,0,1,0
492,12,"sympy:Eq(y, -1*2*x)",1,12,1.0,-0.0,1.0,1,12,0.0,7059,0.0,0.0,0.0,0,0,12,12,1.0,0,0,0,1,0
492,13,"sympy:Eq(y, -1*2*x)",1,13,1.0,-0.0,1.0,1,13,0.0,7753,0.0,0.0,0.0,0,0,13,13,1.0,0,0,0,1,0
492,14,"sympy:Eq(y, -1*2*x)",1,14,1.0,-0.0,1.0,1,14,0.0,8425,0.0,0.0,0.0,0,0,14,14,1.0,0,0,0,1,0
492,15,"sympy:Eq(y, -1*2*x)",1,15,1.0,-0.0,1.0,1,15,0.0,8940,0.0,0.0,0.0,0,0,15,15,1.0,0,0,0,1,0
492,16,"sympy:Eq(y, -1*2*x)",1,16,1.0,-0.0,1.0,1,16,0.0,9512,0.0,0.0,0.0,0,0,16,16,1.0,0,0,0,1,0
493,1,sympy:20,1,1,1.0,-0.0,1.0,1,1,0.0,680,0.0,0.0,0.0,0,0,1,1,1.0,0,0,0,1,0
493,2,sympy:20,1,2,1.0,-0.0,1.0,1,2,0.0,1207,0.0,0.0,0.0,0,0,2,2,1.0,0,0,0,1,0
493,3,sympy:20,1,3,0.6666666666666666,0.6365141682948128,0.3333333333333333,2,3,0.0,1945,-0.33333333333333337,0.6365141682948128,-0.6666666666666667,0,0,3,1,0.6666666666666666,0,0,0,1,0
493,4,sympy:20,1,4,0.75,0.5623351446188083,0.5,2,4,0.0,2722,0.08333333333333337,-0.07417902367600449,0.16666666666666669,0,0,4,2,0.6666666666666666,0,0,0,1,0
493,5,sympy:20,1,5,0.8,0.5004024235381879,0.6,2,5,0.0,3378,0.050000000000000044,-0.06193272108062042,0.09999999999999998,0,0,5,3,0.6666666666666666,0,0,0,1,0
493,6,sympy:20,1,6,0.8333333333333334,0.45056120886630463,0.6666666666666666,2,6,0.0,4149,0.033333333333333326,-0.04984121467188324,0.06666666666666665,0,0,6,4,1.0,0,0,0,1,0
493,7,sympy:20,1,7,0.8571428571428571,0.410116318288409,0.7142857142857143,2,7,0.0,4903,0.023809523809523725,-0.04044489057789563,0.04761904761904767,0,0,7,5,1.0,0,0,0,1,0
493,8,sympy:20,1,8,0.875,0.37677016125643675,0.75,2,8,0.0,5468,0.017857142857142905,-0.033346157031972246,0.0357142857142857,0,0,8,6,1.0,0,0,0,1,0
493,9,sympy:20,1,9,0.8888888888888888,0.34883209584303193,0.7777777777777778,2,9,0.0,6092,0.01388888888888884,-0.027938065413404822,0.02777777777777779,0,0,9,7,1.0,0,0,0,1,0
493,10,sympy:20,1,10,0.9,0.3250829733914482,0.8,2,10,0.0,6774,0.011111111111111183,-0.023749122451583726,0.022222222222222254,0,0,10,8,1.0,0,0,0,1,0
493,11,sympy:20,1,11,0.9090909090909091,0.30463609734923813,0.8181818181818182,2,11,0.0,7495,0.009090909090909038,-0.02044687604221007,0.018181818181818188,0,0,11,9,1.0,0,0,0,1,0
493,12,sympy:20,1,12,0.9166666666666666,0.2868359830561607,0.8333333333333334,2,12,0.0,8174,0.007575757575757569,-0.01780011429307743,0.015151515151515138,0,0,12,10,1.0,0,0,0,1,0
493,13,sympy:20,1,13,0.9230769230769231,0.2711893730418441,0.8461538461538461,2,13,0.0,8685,0.0064102564102564985,-0.01564661001431661,0.012820512820512775,0,0,13,11,1.0,0,0,0,1,0
493,14,sympy:20,1,14,0.8571428571428571,0.410116318288409,0.7142857142857143,2,14,0.0,9118,-0.06593406593406603,0.1389269452465649,-0.13186813186813184,0,0,14,10,0.6666666666666666,0,0,0,1,0
493,15,sympy:20,1,15,0.8666666666666667,0.39267446722755217,0.7333333333333333,2,15,0.0,9743,0.009523809523809601,-0.017441851060856828,0.01904761904761898,0,0,15,11,0.6666666666666666,0,0,0,1,0
493,16,sympy:20,1,16,0.875,0.37677016125643675,0.75,2,16,0.0,10384,0.008333333333333304,-0.015904305971115418,0.01666666666666672,0,0,16,12,0.6666666666666666,0,0,0,1,0
494,1,,0,0,,,,0,0,1.0,1024,0.0,0.0,0.0,0,0,0,0,0.0,1,0,0,1,1
494,2,sympy:1/4,1,1,1.0,-0.0,1.0,1,1,0.5,1780,1.0,-0.0,1.0,0,0,1,1,1.0,1,0,1,1,0
494,3,sympy:1/4,1,2,1.0,-0.0,1.0,1,2,0.3333333333333333,2524,0.0,0.0,0.0,0,0,2,2,1.0,1,0,1,1,0
494,4,sympy:1/4,1,3,0.6666666666666666,0.6365141682948128,0.3333333333333333,2,3,0.25,3234,-0.33333333333333337,0.6365141682948128,-0.6666666666666667,0,0,3,1,0.6666666666666666,1,0,1,1,0
494,5,sympy:1/4,1,4,0.5,1.0397207708399179,0.25,3,4,0.2,3977,-0.16666666666666663,0.4032066025451051,-0.08333333333333331,0,0,4,1,0.3333333333333333,1,0,1,1,0
494,6,sympy:1/4,1,5,0.4,1.3321790402101223,0.2,4,5,0.16666666666666666,4527,-0.09999999999999998,0.29245826937020447,-0.04999999999999999,0,0,5,1,0.0,1,0,1,1,0
494,7,sympy:1/4,1,6,0.3333333333333333,1.5607104090414063,0.16666666666666666,5,6,0.14285714285714285,5331,-0.06666666666666671,0.228531368831284,-0.033333333333333354,0,0,6,1,0.0,1,0,1,1,0
494,8,sympy:1/4,1,7,0.2857142857142857,1.5498260458782016,0.0,5,7,0.125,5954,-0.047619047619047616,-0.010884363163204736,-0.16666666666666666,0,0,7,0,0.0,1,0,1,1,0
494,9,sympy:1/4,1,7,0.2857142857142857,1.5498260458782016,0.0,5,8,0.2222222222222222,6978,0.0,0.0,0.0,0,0,8,0,0.0,1,0,1,1,0
494,10,sympy:1/4,1,7,0.2857142857142857,1.5498260458782016,0.0,5,9,0.3,8002,0.0,0.0,0.0,0,0,9,0,0.0,1,0,1,1,0
494,11,sympy:1,0,8,0.375,1.4941751382893083,0.125,5,1,0.2727272727272727,8604,0.0892857142857143,-0.05565090758889335,0.125,1,1,9,1,1.0,0,0,0,1,0
494,12,sympy:1,0,8,0.375,1.4941751382893083,0.125,5,2,0.3333333333333333,9628,0.0,0.0,0.0,0,1,9,1,1.0,0,0,0,1,0
494,13,sympy:1,0,9,0.3333333333333333,1.5229550675313184,0.1111111111111111,5,3,0.3076923076923077,10444,-0.041666666666666685,0.028779929242010116,-0.013888888888888895,0,1,9,1,0.5,0,0,0,1,0
494,14,sympy:1,0,10,0.4,1.4708084763221114,0.2,5,4,0.2857142857142857,10964,0.06666666666666671,-0.05214659120920695,0.0888888888888889,0,1,9,2,0.5,0,0,0,1,0
494,15,sympy:1,0,11,0.45454545454545453,1.4142790651247086,0.2727272727272727,5,5,0.26666666666666666,11643,0.05454545454545451,-0.056529411197402846,0.0727272727272727,0,1,9,3,0.6666666666666666,0,0,0,1,0
494,16,sympy:1,0,12,0.4166666666666667,1.4241299173467734,0.16666666666666666,5,6,0.25,12573,-0.037878787878787845,0.009850852222064832,-0.10606060606060605,0,1,9,2,0.6666666666666666,0,0,0,1,0
495,1,"sympy:Union(Interval.open(2, 12), Interval.open(12, 102))",1,1,1.0,-0.0,1.0,1,1,0.0,586,0.0,0.0,0.0,0,0,1,1,1.0,0,0,0,1,0
495,2,"sympy:Union(Interval.open(2, 12), Interval.open(12, 102))",1,2,1.0,-0.0,1.0,1,2,0.0,1189,0.0,0.0,0.0,0,0,2,2,1.0,0,0,0,1,0
495,3,"sympy:Union(Interval.open(2, 12), Interval.open(12, 102))",1,3,1.0,-0.0,1.0,1,3,0.0,1677,0.0,0.0,0.0,0,0,3,3,1.0,0,0,0,1,0
495,4,"sympy:Union(Interval.open(2, 12), Interval.open(12, 102))",1,4,1.0,-0.0,1.0,1,4,0.0,2145,0.0,0.0,0.0,0,0,4,4,1.0,0,0,0,1,0
495,5,"sympy:Union(Interval.open(2, 12), Interval.open(12, 102))",1,5,1.0,-0.0,1.0,1,5,0.0,2621,0.0,0.0,0.0,0,0,5,5,1.0,0,0,0,1,0
495,6,"sympy:Union(Interval.open(2, 12), Interval.open(12, 102))",1,6,1.0,-0.0,1.0,1,6,0.0,3201,0.0,0.0,0.0,0,0,6,6,1.0,0,0,0,1,0
495,7,"sympy:Union(Interval.open(2, 12), Interval.open(12, 102))",1,7,1.0,-0.0,1.0,1,7,0.0,3668,0.0,0.0,0.0,0,0,7,7,1.0,0,0,0,1,0
495,8,"sympy:Union(Interval.open(2, 12), Interval.open(12, 102))",1,8,1.0,-0.0,1.0,1,8,0.0,4156,0.0,0.0,0.0,0,0,8,8,1.0,0,0,0,1,0
495,9,"sympy:Union(Interval.open(2, 12), Interval.open(12, 102))",1,9,1.0,-0.0,1.0,1,9,0.0,4670,0.0,0.0,0.0,0,0,9,9,1.0,0,0,0,1,0
495,10,"sympy:Union(Interval.open(2, 12), Interval.open(12, 102))",1,10,1.0,-0.0,1.0,1,10,0.0,5259,0.0,0.0,0.0,0,0,10,10,1.0,0,0,0,1,0
495,11,"sympy:Union(Interval.open(2, 12), Interval.open(12, 102))",1,11,1.0,-0.0,1.0,1,11,0.0,5849,0.0,0.0,0.0,0,0,11,11,1.0,0,0,0,1,0
495,12,"sympy:Union(Interval.open(2, 12), Interval.open(12, 102))",1,12,1.0,-0.0,1.0,1,12,0.0,6366,0.0,0.0,0.0,0,0,12,12,1.0,0,0,0,1,0
495,13,"sympy:Union(Interval.open(2, 12), Interval.open(12, 102))",1,13,1.0,-0.0,1.0,1,13,0.0,6976,0.0,0.0,0.0,0,0,13,13,1.0,0,0,0,1,0
495,14,"sympy:Union(Interval.open(2, 12), Interval.open(12, 102))",1,14,1.0,-0.0,1.0,1,14,0.0,7480,0.0,0.0,0.0,0,0,14,14,1.0,0,0,0,1,0
495,15,"sympy:Union(Interval.open(2, 12), Interval.open(12, 102))",1,15,1.0,-0.0,1.0,1,15,0.0,8040,0.0,0.0,0.0,0,0,15,15,1.0,0,0,0,1,0
495,16,"sympy:Union(Interval.open(2, 12), Interval.open(12, 102))",1,16,1.0,-0.0,1.0,1,16,0.0,8618,0.0,0.0,0.0,0,0,16,16,1.0,0,0,0,1,0
496,1,sympy:5/13,1,1,1.0,-0.0,1.0,1,1,0.0,410,0.0,0.0,0.0,0,0,1,1,1.0,0,0,0,1,0
496,2,sympy:5/13,1,2,1.0,-0.0,1.0,1,2,0.0,1079,0.0,0.0,0.0,0,0,2,2,1.0,0,0,0,1,0
496,3,sympy:5/13,1,3,1.0,-0.0,1.0,1,3,0.0,1514,0.0,0.0,0.0,0,0,3,3,1.0,0,0,0,1,0
496,4,sympy:5/13,1,4,1.0,-0.0,1.0,1,4,0.0,1951,0.0,0.0,0.0,0,0,4,4,1.0,0,0,0,1,0
496,5,sympy:5/13,1,5,1.0,-0.0,1.0,1,5,0.0,2629,0.0,0.0,0.0,0,0,5,5,1.0,0,0,0,1,0
496,6,sympy:5/13,1,6,1.0,-0.0,1.0,1,6,0.0,3132,0.0,0.0,0.0,0,0,6,6,1.0,0,0,0,1,0
496,7,sympy:5/13,1,7,1.0,-0.0,1.0,1,7,0.0,3605,0.0,0.0,0.0,0,0,7,7,1.0,0,0,0,1,0
496,8,sympy:5/13,1,8,1.0,-0.0,1.0,1,8,0.0,4098,0.0,0.0,0.0,0,0,8,8,1.0,0,0,0,1,0
496,9,sympy:5/13,1,9,1.0,-0.0,1.0,1,9,0.0,4568,0.0,0.0,0.0,0,0,9,9,1.0,0,0,0,1,0
496,10,sympy:5/13,1,10,1.0,-0.0,1.0,1,10,0.0,5108,0.0,0.0,0.0,0,0,10,10,1.0,0,0,0,1,0
496,11,sympy:5/13,1,11,1.0,-0.0,1.0,1,11,0.0,5742,0.0,0.0,0.0,0,0,11,11,1.0,0,0,0,1,0
496,12,sympy:5/13,1,12,1.0,-0.0,1.0,1,12,0.0,6191,0.0,0.0,0.0,0,0,12,12,1.0,0,0,0,1,0
496,13,sympy:5/13,1,13,1.0,-0.0,1.0,1,13,0.0,6660,0.0,0.0,0.0,0,0,13,13,1.0,0,0,0,1,0
496,14,sympy:5/13,1,14,1.0,-0.0,1.0,1,14,0.0,7115,0.0,0.0,0.0,0,0,14,14,1.0,0,0,0,1,0
496,15,sympy:5/13,1,15,1.0,-0.0,1.0,1,15,0.0,7893,0.0,0.0,0.0,0,0,15,15,1.0,0,0,0,1,0
496,16,sympy:5/13,1,16,1.0,-0.0,1.0,1,16,0.0,8370,0.0,0.0,0.0,0,0,16,16,1.0,0,0,0,1,0
497,1,sympy:(3*sqrt(2))/2 + 3,0,1,1.0,-0.0,1.0,1,1,0.0,489,0.0,0.0,0.0,0,0,1,1,1.0,1,0,0,1,1
497,2,sympy:(3*sqrt(2))/2 + 3,0,2,0.5,0.6931471805599453,0.0,2,2,0.0,914,-0.5,0.6931471805599453,-1.0,0,0,2,0,0.5,1,0,0,1,1
497,3,sympy:(3*sqrt(2))/2 + 3,0,3,0.3333333333333333,1.0986122886681096,0.0,3,3,0.0,1308,-0.16666666666666669,0.4054651081081643,0.0,0,0,3,0,0.3333333333333333,1,0,0,1,1
497,4,sympy:(3*sqrt(2))/2 + 3,0,4,0.25,1.3862943611198906,0.0,4,4,0.0,1729,-0.08333333333333331,0.287682072451781,0.0,0,0,4,0,0.0,1,0,0,1,1
497,5,sympy:(3*sqrt(2))/2 + 3,0,5,0.2,1.6094379124341005,0.0,5,5,0.0,2385,-0.04999999999999999,0.22314355131420993,0.0,0,0,5,0,0.0,1,0,0,1,1
497,6,sympy:(3*sqrt(2))/2 + 3,0,6,0.16666666666666666,1.791759469228055,0.0,6,6,0.0,2846,-0.033333333333333354,0.18232155679395445,0.0,0,0,6,0,0.0,1,0,0,1,1
497,7,sympy:2,0,7,0.2857142857142857,1.7478680974667573,0.14285714285714285,6,1,0.0,3355,0.11904761904761904,-0.04389137176129765,0.14285714285714285,1,1,6,1,0.6666666666666666,0,0,0,1,0
497,8,sympy:2,0,8,0.375,1.6674619334292946,0.25,6,2,0.0,4038,0.0892857142857143,-0.0804061640374627,0.10714285714285715,0,1,6,2,0.6666666666666666,0,0,0,1,0
497,9,sympy:2,0,9,0.3333333333333333,1.8310204811135162,0.2222222222222222,7,3,0.0,4585,-0.041666666666666685,0.16355854768422162,-0.02777777777777779,0,1,6,2,0.6666666666666666,0,0,0,1,0
497,10,sympy:2,0,10,0.3,1.9730014063936128,0.2,8,4,0.0,5558,-0.033333333333333326,0.14198092528009654,-0.0222222222222222,0,1,6,2,0.3333333333333333,0,0,0,1,0
497,11,sympy:2,0,11,0.2727272727272727,2.0982737395252498,0.18181818181818182,9,5,0.0,6165,-0.027272727272727282,0.125272333131637,-0.018181818181818188,0,1,6,2,0.0,0,0,0,1,0
497,12,sympy:2,0,12,0.3333333333333333,2.0228085294147036,0.25,9,6,0.0,6638,0.06060606060606061,-0.07546521011054619,0.06818181818181818,0,1,6,3,0.3333333333333333,0,0,0,1,0
497,13,sympy:2,0,13,0.3076923076923077,2.031759218569271,0.15384615384615385,9,7,0.0,7177,-0.025641025641025605,0.008950689154567648,-0.09615384615384615,0,1,7,2,0.3333333333333333,0,0,0,1,0
497,14,sympy:2,0,14,0.2857142857142857,2.0449311748495913,0.14285714285714285,9,8,0.0,7558,-0.02197802197802201,0.013171956280320085,-0.010989010989011005,0,1,8,2,0.3333333333333333,0,0,0,1,0
497,15,sympy:2,0,15,0.26666666666666666,2.0611128325795947,0.13333333333333333,9,9,0.0,8073,-0.019047619047619035,0.01618165773000335,-0.009523809523809518,0,1,9,2,0.0,0,0,0,1,0
497,16,sympy:2,0,16,0.25,2.166084939249829,0.125,10,10,0.0,9097,-0.016666666666666663,0.10497210667023449,-0.008333333333333331,0,1,10,2,0.0,0,0,0,1,0
498,1,sympy:1,0,1,1.0,-0.0,1.0,1,1,0.0,1024,0.0,0.0,0.0,0,0,1,1,1.0,0,0,0,1,0
498,2,sympy:1,0,1,1.0,-0.0,1.0,1,2,0.5,2048,0.0,0.0,0.0,0,0,2,1,1.0,0,0,0,1,0
498,3,sympy:1,0,2,1.0,-0.0,1.0,1,3,0.3333333333333333,2838,0.0,0.0,0.0,0,0,3,2,1.0,0,0,0,1,0
498,4,sympy:1,0,2,1.0,-0.0,1.0,1,4,0.5,3862,0.0,0.0,0.0,0,0,4,2,1.0,0,0,0,1,0
498,5,sympy:1,0,3,1.0,-0.0,1.0,1,5,0.4,4886,0.0,0.0,0.0,0,0,5,3,1.0,0,0,0,1,0
498,6,sympy:1,0,4,0.75,0.5623351446188083,0.5,2,6,0.3333333333333333,5688,-0.25,0.5623351446188083,-0.5,0,0,6,2,0.5,0,0,0,1,0
498,7,sympy:1,0,5,0.8,0.5004024235381879,0.6,2,7,0.2857142857142857,6468,0.050000000000000044,-0.06193272108062042,0.09999999999999998,0,0,7,3,0.6666666666666666,0,0,0,1,0
498,8,sympy:1,0,6,0.8333333333333334,0.45056120886630463,0.6666666666666666,2,8,0.25,7454,0.033333333333333326,-0.04984121467188324,0.06666666666666665,0,0,8,4,0.6666666666666666,0,0,0,1,0
498,9,sympy:1,0,7,0.8571428571428571,0.410116318288409,0.7142857142857143,2,9,0.2222222222222222,8354,0.023809523809523725,-0.04044489057789563,0.04761904761904767,0,0,9,5,1.0,0,0,0,1,0
498,10,sympy:1,0,8,0.875,0.37677016125643675,0.75,2,10,0.2,9069,0.017857142857142905,-0.033346157031972246,0.0357142857142857,0,0,10,6,1.0,0,0,0,1,0
498,11,sympy:1,0,9,0.7777777777777778,0.5297061990576545,0.5555555555555556,2,11,0.18181818181818182,9902,-0.09722222222222221,0.15293603780121773,-0.19444444444444442,0,0,11,5,0.6666666666666666,0,0,0,1,0
498,12,sympy:1,0,10,0.8,0.5004024235381879,0.6,2,12,0.16666666666666666,10916,0.022222222222222254,-0.029303775519466613,0.0444444444444444,0,0,12,6,0.6666666666666666,0,0,0,1,0
498,13,sympy:1,0,11,0.7272727272727273,0.5859526183035508,0.45454545454545453,2,13,0.15384615384615385,11940,-0.07272727272727275,0.08555019476536296,-0.14545454545454545,0,0,13,5,0.3333333333333333,0,0,0,1,0
498,14,sympy:1,0,12,0.6666666666666666,0.6365141682948128,0.3333333333333333,2,14,0.14285714285714285,12877,-0.06060606060606066,0.050561549991261945,-0.12121212121212122,0,0,14,4,0.3333333333333333,0,0,0,1,0
498,15,sympy:1,0,13,0.6923076923076923,0.6172417697303416,0.38461538461538464,2,15,0.13333333333333333,13773,0.02564102564102566,-0.01927239856447116,0.05128205128205132,0,0,15,5,0.3333333333333333,0,0,0,1,0
498,16,sympy:1,0,14,0.7142857142857143,0.5982695885852573,0.42857142857142855,2,16,0.125,14697,0.02197802197802201,-0.018972181145084366,0.04395604395604391,0,0,16,6,0.6666666666666666,0,0,0,1,0
499,1,sympy:106,1,1,1.0,-0.0,1.0,1,1,0.0,299,0.0,0.0,0.0,0,0,1,1,1.0,0,0,0,1,0
499,2,sympy:106,1,2,1.0,-0.0,1.0,1,2,0.0,549,0.0,0.0,0.0,0,0,2,2,1.0,0,0,0,1,0
499,3,sympy:106,1,3,1.0,-0.0,1.0,1,3,0.0,790,0.0,0.0,0.0,0,0,3,3,1.0,0,0,0,1,0
499,4,sympy:106,1,4,1.0,-0.0,1.0,1,4,0.0,1179,0.0,0.0,0.0,0,0,4,4,1.0,0,0,0,1,0
499,5,sympy:106,1,5,1.0,-0.0,1.0,1,5,0.0,1527,0.0,0.0,0.0,0,0,5,5,1.0,0,0,0,1,0
499,6,sympy:106,1,6,1.0,-0.0,1.0,1,6,0.0,1856,0.0,0.0,0.0,0,0,6,6,1.0,0,0,0,1,0
499,7,sympy:106,1,7,1.0,-0.0,1.0,1,7,0.0,2168,0.0,0.0,0.0,0,0,7,7,1.0,0,0,0,1,0
499,8,sympy:106,1,8,1.0,-0.0,1.0,1,8,0.0,2507,0.0,0.0,0.0,0,0,8,8,1.0,0,0,0,1,0
499,9,sympy:106,1,9,1.0,-0.0,1.0,1,9,0.0,2795,0.0,0.0,0.0,0,0,9,9,1.0,0,0,0,1,0
499,10,sympy:106,1,10,1.0,-0.0,1.0,1,10,0.0,3173,0.0,0.0,0.0,0,0,10,10,1.0,0,0,0,1,0
499,11,sympy:106,1,11,1.0,-0.0,1.0,1,11,0.0,3434,0.0,0.0,0.0,0,0,11,11,1.0,0,0,0,1,0
499,12,sympy:106,1,12,1.0,-0.0,1.0,1,12,0.0,3824,0.0,0.0,0.0,0,0,12,12,1.0,0,0,0,1,0
499,13,sympy:106,1,13,1.0,-0.0,1.0,1,13,0.0,4102,0.0,0.0,0.0,0,0,13,13,1.0,0,0,0,1,0
499,14,sympy:106,1,14,1.0,-0.0,1.0,1,14,0.0,4381,0.0,0.0,0.0,0,0,14,14,1.0,0,0,0,1,0
499,15,sympy:106,1,15,1.0,-0.0,1.0,1,15,0.0,4662,0.0,0.0,0.0,0,0,15,15,1.0,0,0,0,1,0
499,16,sympy:106,1,16,1.0,-0.0,1.0,1,16,0.0,5023,0.0,0.0,0.0,0,0,16,16,1.0,0,0,0,1,0
